================ ENVIRONMENT SNAPSHOT ================
OS              : "Windows 10 Version 22H2"
CPU Arch        : "x86_64" ( 6 logical threads)
Total System RAM: 65466.5 MB
GPU detected    : "NVIDIA GeForce GTX 1050 Ti" ( 4004 MB VRAM)
======================================================
[ "17:24:29.517" ][HWAccel] Requested mode: SettingsHelper::CUDA
[ "17:24:29.517" ][HWAccel] Attempting cuda ...
[ "17:24:29.517" ][HWAccel] SUCCESS: cuda initialized
[Diagnostics] Monitor started - running checks every 1000ms
SystemMonitor: Starting monitoring with interval 1000 ms
[ "17:24:29.629" ][SystemMonitor] Stats Update: CPU App: 0 % | Sys: 0 % | RAM App: 144.676 MB | Sys Avail: 25296.3 MB / 65466.5 MB
[SystemMonitor] Resource Update: RAM: 144.676 MB (Delta: 144.676 ) | VRAM: 46.8047 MB (Delta: 46.8047 )
[Diagnostics] Attached to ScrollBenchImageModel
[Diagnostics] Attached to SettingsHelper
[TaskScheduler] Started 2 CPU threads and 4 IO threads.
FileCacheManager: Initialized with Memory-Mapped Ring Buffer at "C:/Users/curtis/AppData/Local/appScrollBench/cache/thumbnails/FileCache.mmap"
qrc:/ScrollBench/qml/MainScrollBench.qml:22:5: QML Settings: Failed to initialize QSettings instance. Status code is: 1
qrc:/ScrollBench/qml/MainScrollBench.qml:22:5: QML Settings: The following application identifiers have not been set: QList("organizationName", "organizationDomain")
qrc:/ScrollBench/qml/MainScrollBench.qml:22:5: QML Settings: The Settings type from Qt.labs.settings is deprecated and will be removed in a future release. Please use the one from QtCore instead.
[ "17:24:30.628" ][SystemMonitor] Stats Update: CPU App: 10.9375 % | Sys: 91.4063 % | RAM App: 220.711 MB | Sys Avail: 25240.1 MB / 65466.5 MB
[SystemMonitor] Resource Update: RAM: 220.711 MB (Delta: 76.0352 ) | VRAM: 74.7773 MB (Delta: 27.9727 )
[ "17:24:31.624" ][SystemMonitor] Stats Update: CPU App: 1.04167 % | Sys: 81.7708 % | RAM App: 221.559 MB | Sys Avail: 25231.9 MB / 65466.5 MB
[ "17:24:32.623" ][SystemMonitor] Stats Update: CPU App: 1.30208 % | Sys: 84.8958 % | RAM App: 221.688 MB | Sys Avail: 25178.4 MB / 65466.5 MB
[ "17:24:33.626" ][SystemMonitor] Stats Update: CPU App: 0.260417 % | Sys: 100 % | RAM App: 221.762 MB | Sys Avail: 25077.5 MB / 65466.5 MB
[ "17:24:34.615" ][SystemMonitor] Stats Update: CPU App: 0.78125 % | Sys: 73.6979 % | RAM App: 221.785 MB | Sys Avail: 25153.9 MB / 65466.5 MB
[ "17:24:35.616" ][SystemMonitor] Stats Update: CPU App: 0.78125 % | Sys: 91.6667 % | RAM App: 221.227 MB | Sys Avail: 25156.4 MB / 65466.5 MB
[ "17:24:36.617" ][SystemMonitor] Stats Update: CPU App: 0.520833 % | Sys: 80.9896 % | RAM App: 221.23 MB | Sys Avail: 25152.8 MB / 65466.5 MB
[ "17:24:37.622" ][SystemMonitor] Stats Update: CPU App: 1.30208 % | Sys: 77.0833 % | RAM App: 220.742 MB | Sys Avail: 25138.5 MB / 65466.5 MB
[ "17:24:38.624" ][SystemMonitor] Stats Update: CPU App: 1.30208 % | Sys: 83.3333 % | RAM App: 220.734 MB | Sys Avail: 25065.8 MB / 65466.5 MB
[ "17:24:39.623" ][SystemMonitor] Stats Update: CPU App: 1.04167 % | Sys: 78.9063 % | RAM App: 220.754 MB | Sys Avail: 25106.9 MB / 65466.5 MB
TelemetryMonitor: Processed 300 frames. Current FPS: 28
[ "17:24:40.624" ][SystemMonitor] Stats Update: CPU App: 0.520833 % | Sys: 68.2292 % | RAM App: 220.785 MB | Sys Avail: 25098.2 MB / 65466.5 MB
[ "17:24:41.624" ][SystemMonitor] Stats Update: CPU App: 1.04167 % | Sys: 77.6042 % | RAM App: 220.805 MB | Sys Avail: 25101.6 MB / 65466.5 MB
[ "17:24:42.620" ][SystemMonitor] Stats Update: CPU App: 1.82292 % | Sys: 71.6146 % | RAM App: 220.918 MB | Sys Avail: 25074.3 MB / 65466.5 MB
[ "17:24:43.624" ][SystemMonitor] Stats Update: CPU App: 0.520833 % | Sys: 68.2292 % | RAM App: 220.941 MB | Sys Avail: 25071.8 MB / 65466.5 MB
[ "17:24:44.615" ][SystemMonitor] Stats Update: CPU App: 0.78125 % | Sys: 71.6146 % | RAM App: 220.965 MB | Sys Avail: 25037 MB / 65466.5 MB
[ "17:24:45.624" ][SystemMonitor] Stats Update: CPU App: 0.78125 % | Sys: 81.7708 % | RAM App: 221.02 MB | Sys Avail: 25028.2 MB / 65466.5 MB
[ "17:24:46.624" ][SystemMonitor] Stats Update: CPU App: 0.78125 % | Sys: 65.8854 % | RAM App: 221.156 MB | Sys Avail: 24990.7 MB / 65466.5 MB
[ "17:24:47.623" ][SystemMonitor] Stats Update: CPU App: 0.78125 % | Sys: 69.5313 % | RAM App: 221.188 MB | Sys Avail: 24990 MB / 65466.5 MB
[ "17:24:48.622" ][SystemMonitor] Stats Update: CPU App: 0.520833 % | Sys: 72.3958 % | RAM App: 221.363 MB | Sys Avail: 25061.2 MB / 65466.5 MB
[ "17:24:49.624" ][SystemMonitor] Stats Update: CPU App: 1.04167 % | Sys: 79.6875 % | RAM App: 221.406 MB | Sys Avail: 25062.1 MB / 65466.5 MB
[ "17:24:50.624" ][SystemMonitor] Stats Update: CPU App: 0.260417 % | Sys: 71.875 % | RAM App: 219.59 MB | Sys Avail: 25064 MB / 65466.5 MB
TelemetryMonitor: Processed 300 frames. Current FPS: 29
[ "17:24:51.624" ][SystemMonitor] Stats Update: CPU App: 0.520833 % | Sys: 67.9688 % | RAM App: 219.82 MB | Sys Avail: 25068.1 MB / 65466.5 MB
[ "17:24:52.624" ][SystemMonitor] Stats Update: CPU App: 0.520833 % | Sys: 71.875 % | RAM App: 219.844 MB | Sys Avail: 25069.7 MB / 65466.5 MB
[ "17:24:53.623" ][SystemMonitor] Stats Update: CPU App: 1.82292 % | Sys: 80.2083 % | RAM App: 219.863 MB | Sys Avail: 25083.3 MB / 65466.5 MB
[ "17:24:54.615" ][SystemMonitor] Stats Update: CPU App: 0.78125 % | Sys: 68.4896 % | RAM App: 219.887 MB | Sys Avail: 25086 MB / 65466.5 MB
[ "17:24:55.624" ][SystemMonitor] Stats Update: CPU App: 0.260417 % | Sys: 62.5 % | RAM App: 219.906 MB | Sys Avail: 25074.8 MB / 65466.5 MB
[ "17:24:56.626" ][SystemMonitor] Stats Update: CPU App: 1.5625 % | Sys: 79.1667 % | RAM App: 219.93 MB | Sys Avail: 25030.6 MB / 65466.5 MB
[ "17:24:57.624" ][SystemMonitor] Stats Update: CPU App: 0.520833 % | Sys: 61.4583 % | RAM App: 219.949 MB | Sys Avail: 25027.3 MB / 65466.5 MB
[ "17:24:58.624" ][SystemMonitor] Stats Update: CPU App: 0.78125 % | Sys: 61.9792 % | RAM App: 219.969 MB | Sys Avail: 25030.4 MB / 65466.5 MB
[ "17:24:59.623" ][SystemMonitor] Stats Update: CPU App: 1.5625 % | Sys: 82.2917 % | RAM App: 219.984 MB | Sys Avail: 24931.5 MB / 65466.5 MB
[ "17:25:00.624" ][SystemMonitor] Stats Update: CPU App: 1.5625 % | Sys: 85.4167 % | RAM App: 220.082 MB | Sys Avail: 24838.3 MB / 65466.5 MB
TelemetryMonitor: Processed 300 frames. Current FPS: 29
[ "17:25:01.622" ][SystemMonitor] Stats Update: CPU App: 0.78125 % | Sys: 69.0104 % | RAM App: 220.078 MB | Sys Avail: 24717 MB / 65466.5 MB
[ "17:25:02.631" ][SystemMonitor] Stats Update: CPU App: 1.04167 % | Sys: 71.6146 % | RAM App: 220.105 MB | Sys Avail: 24903.2 MB / 65466.5 MB
[ "17:25:03.625" ][SystemMonitor] Stats Update: CPU App: 1.30208 % | Sys: 95.3125 % | RAM App: 220.125 MB | Sys Avail: 24990.7 MB / 65466.5 MB
[ "17:25:04.615" ][SystemMonitor] Stats Update: CPU App: 1.5625 % | Sys: 78.3854 % | RAM App: 220.148 MB | Sys Avail: 24978.2 MB / 65466.5 MB
[ "17:25:05.623" ][SystemMonitor] Stats Update: CPU App: 0.260417 % | Sys: 86.9792 % | RAM App: 220.313 MB | Sys Avail: 24989.9 MB / 65466.5 MB
[ "17:25:06.626" ][SystemMonitor] Stats Update: CPU App: 1.04167 % | Sys: 71.3542 % | RAM App: 220.348 MB | Sys Avail: 24924.7 MB / 65466.5 MB
[ "17:25:07.626" ][SystemMonitor] Stats Update: CPU App: 0.78125 % | Sys: 70.3125 % | RAM App: 220.395 MB | Sys Avail: 24986.8 MB / 65466.5 MB
[ "17:25:08.625" ][SystemMonitor] Stats Update: CPU App: 0.520833 % | Sys: 77.6042 % | RAM App: 220.438 MB | Sys Avail: 24987.3 MB / 65466.5 MB
[ "17:25:09.622" ][SystemMonitor] Stats Update: CPU App: 0.78125 % | Sys: 84.375 % | RAM App: 220.543 MB | Sys Avail: 24972.3 MB / 65466.5 MB
[ "17:25:10.626" ][SystemMonitor] Stats Update: CPU App: 0.78125 % | Sys: 79.4271 % | RAM App: 220.574 MB | Sys Avail: 24913.1 MB / 65466.5 MB
[ "17:25:11.626" ][SystemMonitor] Stats Update: CPU App: 1.82292 % | Sys: 78.125 % | RAM App: 220.633 MB | Sys Avail: 24975.7 MB / 65466.5 MB
TelemetryMonitor: Processed 300 frames. Current FPS: 30
[ "17:25:12.624" ][SystemMonitor] Stats Update: CPU App: 1.30208 % | Sys: 76.8229 % | RAM App: 220.715 MB | Sys Avail: 24973.6 MB / 65466.5 MB
[ "17:25:13.625" ][SystemMonitor] Stats Update: CPU App: 2.08333 % | Sys: 73.1771 % | RAM App: 220.742 MB | Sys Avail: 24902.3 MB / 65466.5 MB
[ "17:25:14.627" ][SystemMonitor] Stats Update: CPU App: 1.04167 % | Sys: 83.5938 % | RAM App: 220.809 MB | Sys Avail: 24962.5 MB / 65466.5 MB
[ "17:25:15.622" ][SystemMonitor] Stats Update: CPU App: 0.78125 % | Sys: 92.7083 % | RAM App: 220.852 MB | Sys Avail: 24952 MB / 65466.5 MB
[ "17:25:16.627" ][SystemMonitor] Stats Update: CPU App: 0 % | Sys: 80.2083 % | RAM App: 220.879 MB | Sys Avail: 24945 MB / 65466.5 MB
[ "17:25:17.627" ][SystemMonitor] Stats Update: CPU App: 1.5625 % | Sys: 82.2917 % | RAM App: 220.961 MB | Sys Avail: 24846.4 MB / 65466.5 MB
[ "17:25:18.615" ][SystemMonitor] Stats Update: CPU App: 1.5625 % | Sys: 78.6458 % | RAM App: 220.988 MB | Sys Avail: 25083.4 MB / 65466.5 MB
[ "17:25:19.618" ][SystemMonitor] Stats Update: CPU App: 0.260417 % | Sys: 67.7083 % | RAM App: 221.008 MB | Sys Avail: 24921.4 MB / 65466.5 MB
[ "17:25:20.615" ][SystemMonitor] Stats Update: CPU App: 0.520833 % | Sys: 68.2292 % | RAM App: 221.055 MB | Sys Avail: 25111.8 MB / 65466.5 MB
[ "17:25:21.626" ][SystemMonitor] Stats Update: CPU App: 0.260417 % | Sys: 66.4063 % | RAM App: 221.105 MB | Sys Avail: 25136.4 MB / 65466.5 MB
TelemetryMonitor: Processed 300 frames. Current FPS: 30
[ "17:25:22.626" ][SystemMonitor] Stats Update: CPU App: 0.520833 % | Sys: 78.125 % | RAM App: 221.195 MB | Sys Avail: 25106.5 MB / 65466.5 MB
[ "17:25:23.616" ][SystemMonitor] Stats Update: CPU App: 0.78125 % | Sys: 70.8333 % | RAM App: 221.215 MB | Sys Avail: 25071.1 MB / 65466.5 MB
[ "17:25:24.615" ][SystemMonitor] Stats Update: CPU App: 1.82292 % | Sys: 71.875 % | RAM App: 221.238 MB | Sys Avail: 25106.2 MB / 65466.5 MB
[ "17:25:25.627" ][SystemMonitor] Stats Update: CPU App: 0.260417 % | Sys: 75.7813 % | RAM App: 221.258 MB | Sys Avail: 25016.8 MB / 65466.5 MB
[ "17:25:26.616" ][SystemMonitor] Stats Update: CPU App: 1.30208 % | Sys: 70.3125 % | RAM App: 221.277 MB | Sys Avail: 25088.1 MB / 65466.5 MB
[ "17:25:27.625" ][SystemMonitor] Stats Update: CPU App: 1.04167 % | Sys: 65.3646 % | RAM App: 220.359 MB | Sys Avail: 25111.5 MB / 65466.5 MB
[ "17:25:28.626" ][SystemMonitor] Stats Update: CPU App: 0.520833 % | Sys: 58.0729 % | RAM App: 220.305 MB | Sys Avail: 25097 MB / 65466.5 MB
[ "17:25:29.627" ][SystemMonitor] Stats Update: CPU App: 1.30208 % | Sys: 74.4792 % | RAM App: 220.324 MB | Sys Avail: 25095.5 MB / 65466.5 MB
[ "17:25:30.615" ][SystemMonitor] Stats Update: CPU App: 0.78125 % | Sys: 81.25 % | RAM App: 220.34 MB | Sys Avail: 25098.3 MB / 65466.5 MB
[ "17:25:31.618" ][SystemMonitor] Stats Update: CPU App: 0.520833 % | Sys: 79.4271 % | RAM App: 220.355 MB | Sys Avail: 25099 MB / 65466.5 MB
TelemetryMonitor: Processed 300 frames. Current FPS: 29
[ "17:25:32.628" ][SystemMonitor] Stats Update: CPU App: 0 % | Sys: 77.8646 % | RAM App: 220.375 MB | Sys Avail: 25076.8 MB / 65466.5 MB
[ "17:25:33.620" ][SystemMonitor] Stats Update: CPU App: 0.260417 % | Sys: 98.4375 % | RAM App: 220.391 MB | Sys Avail: 25081.3 MB / 65466.5 MB
[ "17:25:34.619" ][SystemMonitor] Stats Update: CPU App: 1.30208 % | Sys: 84.375 % | RAM App: 220.391 MB | Sys Avail: 25099.5 MB / 65466.5 MB
[ "17:25:35.626" ][SystemMonitor] Stats Update: CPU App: 1.5625 % | Sys: 89.8438 % | RAM App: 220.391 MB | Sys Avail: 25092.7 MB / 65466.5 MB
[ "17:25:36.626" ][SystemMonitor] Stats Update: CPU App: 1.5625 % | Sys: 80.2083 % | RAM App: 220.391 MB | Sys Avail: 25084.5 MB / 65466.5 MB
[ "17:25:37.620" ][SystemMonitor] Stats Update: CPU App: 1.30208 % | Sys: 82.0313 % | RAM App: 220.395 MB | Sys Avail: 25083.8 MB / 65466.5 MB
[ "17:25:38.628" ][SystemMonitor] Stats Update: CPU App: 0.78125 % | Sys: 88.5417 % | RAM App: 220.395 MB | Sys Avail: 25060.3 MB / 65466.5 MB
[ "17:25:39.623" ][SystemMonitor] Stats Update: CPU App: 0.520833 % | Sys: 82.0313 % | RAM App: 220.395 MB | Sys Avail: 25074.6 MB / 65466.5 MB
[ "17:25:40.626" ][SystemMonitor] Stats Update: CPU App: 1.82292 % | Sys: 79.4271 % | RAM App: 220.395 MB | Sys Avail: 25071.2 MB / 65466.5 MB
[ "17:25:41.647" ][SystemMonitor] Stats Update: CPU App: 0.505051 % | Sys: 88.8889 % | RAM App: 220.395 MB | Sys Avail: 25085.7 MB / 65466.5 MB
[ "17:25:42.626" ][SystemMonitor] Stats Update: CPU App: 1.07527 % | Sys: 84.4086 % | RAM App: 220.395 MB | Sys Avail: 25080.2 MB / 65466.5 MB
TelemetryMonitor: Processed 300 frames. Current FPS: 28
[ "17:25:43.626" ][SystemMonitor] Stats Update: CPU App: 0.260417 % | Sys: 83.8542 % | RAM App: 220.395 MB | Sys Avail: 25284.4 MB / 65466.5 MB
[ "17:25:44.618" ][SystemMonitor] Stats Update: CPU App: 1.5625 % | Sys: 90.1042 % | RAM App: 220.426 MB | Sys Avail: 25285 MB / 65466.5 MB
[ "17:25:45.620" ][SystemMonitor] Stats Update: CPU App: 1.04167 % | Sys: 80.7292 % | RAM App: 220.445 MB | Sys Avail: 25284.4 MB / 65466.5 MB
[ "17:25:46.630" ][SystemMonitor] Stats Update: CPU App: 0.78125 % | Sys: 87.2396 % | RAM App: 220.469 MB | Sys Avail: 25230 MB / 65466.5 MB
[ "17:25:47.622" ][SystemMonitor] Stats Update: CPU App: 2.08333 % | Sys: 80.7292 % | RAM App: 220.488 MB | Sys Avail: 25168.5 MB / 65466.5 MB
[ "17:25:48.626" ][SystemMonitor] Stats Update: CPU App: 0.520833 % | Sys: 79.4271 % | RAM App: 220.535 MB | Sys Avail: 24994.3 MB / 65466.5 MB
[ "17:25:49.623" ][SystemMonitor] Stats Update: CPU App: 1.30208 % | Sys: 79.9479 % | RAM App: 220.566 MB | Sys Avail: 24958.5 MB / 65466.5 MB
[ "17:25:50.626" ][SystemMonitor] Stats Update: CPU App: 0.520833 % | Sys: 81.5104 % | RAM App: 220.586 MB | Sys Avail: 24901.9 MB / 65466.5 MB
[ "17:25:51.622" ][SystemMonitor] Stats Update: CPU App: 1.82292 % | Sys: 76.3021 % | RAM App: 220.605 MB | Sys Avail: 24916.4 MB / 65466.5 MB
[ "17:25:52.626" ][SystemMonitor] Stats Update: CPU App: 0.520833 % | Sys: 83.8542 % | RAM App: 220.629 MB | Sys Avail: 24875.2 MB / 65466.5 MB
TelemetryMonitor: Processed 300 frames. Current FPS: 29
[ "17:25:53.627" ][SystemMonitor] Stats Update: CPU App: 0.520833 % | Sys: 86.9792 % | RAM App: 220.648 MB | Sys Avail: 24880.9 MB / 65466.5 MB
[ "17:25:54.626" ][SystemMonitor] Stats Update: CPU App: 0.520833 % | Sys: 83.3333 % | RAM App: 220.668 MB | Sys Avail: 24868.4 MB / 65466.5 MB
[ "17:25:55.628" ][SystemMonitor] Stats Update: CPU App: 0.78125 % | Sys: 79.4271 % | RAM App: 220.688 MB | Sys Avail: 24663.3 MB / 65466.5 MB
[ "17:25:56.628" ][SystemMonitor] Stats Update: CPU App: 0.78125 % | Sys: 85.4167 % | RAM App: 220.707 MB | Sys Avail: 24694.6 MB / 65466.5 MB
[ "17:25:57.623" ][SystemMonitor] Stats Update: CPU App: 0.78125 % | Sys: 82.0313 % | RAM App: 220.73 MB | Sys Avail: 24817.4 MB / 65466.5 MB
[ "17:25:58.617" ][SystemMonitor] Stats Update: CPU App: 0 % | Sys: 85.6771 % | RAM App: 220.75 MB | Sys Avail: 24787 MB / 65466.5 MB
[ "17:25:59.617" ][SystemMonitor] Stats Update: CPU App: 1.30208 % | Sys: 80.9896 % | RAM App: 220.793 MB | Sys Avail: 24917.9 MB / 65466.5 MB
[ "17:26:00.628" ][SystemMonitor] Stats Update: CPU App: 0.78125 % | Sys: 72.6563 % | RAM App: 220.816 MB | Sys Avail: 24912 MB / 65466.5 MB
[ "17:26:01.626" ][SystemMonitor] Stats Update: CPU App: 1.04167 % | Sys: 75.7813 % | RAM App: 220.836 MB | Sys Avail: 24912.1 MB / 65466.5 MB
[ "17:26:02.622" ][SystemMonitor] Stats Update: CPU App: 1.04167 % | Sys: 73.4375 % | RAM App: 220.891 MB | Sys Avail: 24904.4 MB / 65466.5 MB
TelemetryMonitor: Processed 300 frames. Current FPS: 30
[ "17:26:03.626" ][SystemMonitor] Stats Update: CPU App: 0.520833 % | Sys: 91.9271 % | RAM App: 220.91 MB | Sys Avail: 24927.2 MB / 65466.5 MB
[ "17:26:04.617" ][SystemMonitor] Stats Update: CPU App: 1.30208 % | Sys: 81.7708 % | RAM App: 220.969 MB | Sys Avail: 24917.2 MB / 65466.5 MB
[ "17:26:05.629" ][SystemMonitor] Stats Update: CPU App: 1.5625 % | Sys: 96.875 % | RAM App: 220.996 MB | Sys Avail: 24875.8 MB / 65466.5 MB
[ "17:26:06.627" ][SystemMonitor] Stats Update: CPU App: 1.5625 % | Sys: 84.6354 % | RAM App: 221.055 MB | Sys Avail: 24872.3 MB / 65466.5 MB
[ "17:26:07.621" ][SystemMonitor] Stats Update: CPU App: 1.04167 % | Sys: 71.0938 % | RAM App: 221.078 MB | Sys Avail: 24872.8 MB / 65466.5 MB
[ "17:26:08.628" ][SystemMonitor] Stats Update: CPU App: 0.78125 % | Sys: 74.4792 % | RAM App: 221.137 MB | Sys Avail: 24871.7 MB / 65466.5 MB
[ "17:26:09.618" ][SystemMonitor] Stats Update: CPU App: 1.04167 % | Sys: 77.0833 % | RAM App: 221.199 MB | Sys Avail: 24871.5 MB / 65466.5 MB
[ "17:26:10.615" ][SystemMonitor] Stats Update: CPU App: 1.04167 % | Sys: 66.9271 % | RAM App: 221.246 MB | Sys Avail: 24872.1 MB / 65466.5 MB
[ "17:26:11.661" ][SystemMonitor] Stats Update: CPU App: 0.757576 % | Sys: 76.7677 % | RAM App: 221.266 MB | Sys Avail: 24869.1 MB / 65466.5 MB
[ "17:26:12.619" ][SystemMonitor] Stats Update: CPU App: 1.6129 % | Sys: 70.4301 % | RAM App: 221.367 MB | Sys Avail: 24867.9 MB / 65466.5 MB
TelemetryMonitor: Processed 300 frames. Current FPS: 28
[ "17:26:13.629" ][SystemMonitor] Stats Update: CPU App: 0.520833 % | Sys: 69.2708 % | RAM App: 221.418 MB | Sys Avail: 24892.5 MB / 65466.5 MB
[ "17:26:14.615" ][SystemMonitor] Stats Update: CPU App: 0.78125 % | Sys: 73.6979 % | RAM App: 221.469 MB | Sys Avail: 24894.7 MB / 65466.5 MB
[ "17:26:15.617" ][SystemMonitor] Stats Update: CPU App: 0.78125 % | Sys: 79.9479 % | RAM App: 221.527 MB | Sys Avail: 24904.3 MB / 65466.5 MB
[ "17:26:16.615" ][SystemMonitor] Stats Update: CPU App: 0.520833 % | Sys: 71.0938 % | RAM App: 221.551 MB | Sys Avail: 24881 MB / 65466.5 MB
[ "17:26:17.623" ][SystemMonitor] Stats Update: CPU App: 0.260417 % | Sys: 72.6563 % | RAM App: 221.57 MB | Sys Avail: 24948.9 MB / 65466.5 MB
[ "17:26:18.627" ][SystemMonitor] Stats Update: CPU App: 1.30208 % | Sys: 82.5521 % | RAM App: 221.594 MB | Sys Avail: 24935.1 MB / 65466.5 MB
[ "17:26:19.615" ][SystemMonitor] Stats Update: CPU App: 0.78125 % | Sys: 69.0104 % | RAM App: 221.625 MB | Sys Avail: 24942.2 MB / 65466.5 MB
[ "17:26:20.615" ][SystemMonitor] Stats Update: CPU App: 1.04167 % | Sys: 67.9688 % | RAM App: 221.695 MB | Sys Avail: 24939.6 MB / 65466.5 MB
[ "17:26:21.616" ][SystemMonitor] Stats Update: CPU App: 0.78125 % | Sys: 75.2604 % | RAM App: 221.785 MB | Sys Avail: 24942.2 MB / 65466.5 MB
[ "17:26:22.628" ][SystemMonitor] Stats Update: CPU App: 0.78125 % | Sys: 73.1771 % | RAM App: 221.883 MB | Sys Avail: 24941.3 MB / 65466.5 MB
[ "17:26:23.615" ][SystemMonitor] Stats Update: CPU App: 1.04167 % | Sys: 72.9167 % | RAM App: 221.906 MB | Sys Avail: 24954.3 MB / 65466.5 MB
TelemetryMonitor: Processed 300 frames. Current FPS: 29
[ "17:26:24.623" ][SystemMonitor] Stats Update: CPU App: 1.04167 % | Sys: 67.4479 % | RAM App: 221.957 MB | Sys Avail: 24952.9 MB / 65466.5 MB
[ "17:26:25.622" ][SystemMonitor] Stats Update: CPU App: 0.520833 % | Sys: 65.625 % | RAM App: 222.008 MB | Sys Avail: 24955 MB / 65466.5 MB
[ "17:26:26.616" ][SystemMonitor] Stats Update: CPU App: 1.5625 % | Sys: 76.5625 % | RAM App: 222.063 MB | Sys Avail: 24952.9 MB / 65466.5 MB
[ "17:26:27.628" ][SystemMonitor] Stats Update: CPU App: 1.30208 % | Sys: 75.2604 % | RAM App: 221.176 MB | Sys Avail: 24946.5 MB / 65466.5 MB
[ "17:26:28.628" ][SystemMonitor] Stats Update: CPU App: 2.08333 % | Sys: 70.5729 % | RAM App: 221.207 MB | Sys Avail: 24903.6 MB / 65466.5 MB
[ "17:26:29.621" ][SystemMonitor] Stats Update: CPU App: 1.5625 % | Sys: 65.3646 % | RAM App: 221.207 MB | Sys Avail: 24903 MB / 65466.5 MB
[ "17:26:30.646" ][SystemMonitor] Stats Update: CPU App: 1.02564 % | Sys: 72.0513 % | RAM App: 221.207 MB | Sys Avail: 24890.2 MB / 65466.5 MB
[ "17:26:31.618" ][SystemMonitor] Stats Update: CPU App: 0.793651 % | Sys: 69.5767 % | RAM App: 221.223 MB | Sys Avail: 24850.2 MB / 65466.5 MB
[ "17:26:32.628" ][SystemMonitor] Stats Update: CPU App: 1.82292 % | Sys: 76.5625 % | RAM App: 221.242 MB | Sys Avail: 24771.6 MB / 65466.5 MB
[ "17:26:33.628" ][SystemMonitor] Stats Update: CPU App: 0.78125 % | Sys: 90.3646 % | RAM App: 221.25 MB | Sys Avail: 24795.4 MB / 65466.5 MB
TelemetryMonitor: Processed 300 frames. Current FPS: 29
[ "17:26:34.615" ][SystemMonitor] Stats Update: CPU App: 1.30208 % | Sys: 71.0938 % | RAM App: 221.273 MB | Sys Avail: 24792.5 MB / 65466.5 MB
[ "17:26:35.629" ][SystemMonitor] Stats Update: CPU App: 0.520833 % | Sys: 86.1979 % | RAM App: 221.289 MB | Sys Avail: 24744.4 MB / 65466.5 MB
[ "17:26:36.628" ][SystemMonitor] Stats Update: CPU App: 0.78125 % | Sys: 69.0104 % | RAM App: 221.316 MB | Sys Avail: 24734.3 MB / 65466.5 MB
[ "17:26:37.622" ][SystemMonitor] Stats Update: CPU App: 1.04167 % | Sys: 64.5833 % | RAM App: 221.324 MB | Sys Avail: 24731.9 MB / 65466.5 MB
[ "17:26:38.628" ][SystemMonitor] Stats Update: CPU App: 1.5625 % | Sys: 67.7083 % | RAM App: 221.324 MB | Sys Avail: 24731.2 MB / 65466.5 MB
[ "17:26:39.629" ][SystemMonitor] Stats Update: CPU App: 0.78125 % | Sys: 83.0729 % | RAM App: 221.324 MB | Sys Avail: 24733.4 MB / 65466.5 MB
[ "17:26:40.615" ][SystemMonitor] Stats Update: CPU App: 1.30208 % | Sys: 67.4479 % | RAM App: 221.348 MB | Sys Avail: 24730.8 MB / 65466.5 MB
[ "17:26:41.629" ][SystemMonitor] Stats Update: CPU App: 0.78125 % | Sys: 69.2708 % | RAM App: 221.348 MB | Sys Avail: 24726.5 MB / 65466.5 MB
[ "17:26:42.615" ][SystemMonitor] Stats Update: CPU App: 2.60417 % | Sys: 81.7708 % | RAM App: 221.348 MB | Sys Avail: 24737 MB / 65466.5 MB
[ "17:26:43.620" ][SystemMonitor] Stats Update: CPU App: 0.520833 % | Sys: 83.3333 % | RAM App: 221.375 MB | Sys Avail: 24705.4 MB / 65466.5 MB
TelemetryMonitor: Processed 300 frames. Current FPS: 30
[ "17:26:44.656" ][SystemMonitor] Stats Update: CPU App: 0.505051 % | Sys: 84.8485 % | RAM App: 221.41 MB | Sys Avail: 24745 MB / 65466.5 MB
[ "17:26:45.628" ][SystemMonitor] Stats Update: CPU App: 1.07527 % | Sys: 66.3978 % | RAM App: 221.434 MB | Sys Avail: 24745.8 MB / 65466.5 MB
[ "17:26:46.615" ][SystemMonitor] Stats Update: CPU App: 0.78125 % | Sys: 84.375 % | RAM App: 221.453 MB | Sys Avail: 24713.4 MB / 65466.5 MB
[ "17:26:47.615" ][SystemMonitor] Stats Update: CPU App: 0.78125 % | Sys: 74.7396 % | RAM App: 221.473 MB | Sys Avail: 24719 MB / 65466.5 MB
[ "17:26:48.628" ][SystemMonitor] Stats Update: CPU App: 1.04167 % | Sys: 69.0104 % | RAM App: 221.527 MB | Sys Avail: 24731.1 MB / 65466.5 MB
[ "17:26:49.621" ][SystemMonitor] Stats Update: CPU App: 1.04167 % | Sys: 76.5625 % | RAM App: 221.547 MB | Sys Avail: 24732 MB / 65466.5 MB
[ "17:26:50.617" ][SystemMonitor] Stats Update: CPU App: 0.520833 % | Sys: 65.3646 % | RAM App: 221.566 MB | Sys Avail: 24732.3 MB / 65466.5 MB
[ "17:26:51.623" ][SystemMonitor] Stats Update: CPU App: 0.520833 % | Sys: 65.3646 % | RAM App: 221.621 MB | Sys Avail: 24734.2 MB / 65466.5 MB
[ "17:26:52.630" ][SystemMonitor] Stats Update: CPU App: 1.04167 % | Sys: 66.4063 % | RAM App: 221.637 MB | Sys Avail: 24698.5 MB / 65466.5 MB
[ "17:26:53.621" ][SystemMonitor] Stats Update: CPU App: 0.78125 % | Sys: 83.5938 % | RAM App: 221.66 MB | Sys Avail: 24513.6 MB / 65466.5 MB
[ "17:26:54.629" ][SystemMonitor] Stats Update: CPU App: 0.78125 % | Sys: 78.3854 % | RAM App: 221.813 MB | Sys Avail: 24786.1 MB / 65466.5 MB
TelemetryMonitor: Processed 300 frames. Current FPS: 30
[ "17:26:55.628" ][SystemMonitor] Stats Update: CPU App: 1.04167 % | Sys: 84.8958 % | RAM App: 221.848 MB | Sys Avail: 24901 MB / 65466.5 MB
[ "17:26:56.619" ][SystemMonitor] Stats Update: CPU App: 1.30208 % | Sys: 84.375 % | RAM App: 221.914 MB | Sys Avail: 24839 MB / 65466.5 MB
[ "17:26:57.617" ][SystemMonitor] Stats Update: CPU App: 1.5625 % | Sys: 86.4583 % | RAM App: 221.934 MB | Sys Avail: 24724.6 MB / 65466.5 MB
[ "17:26:58.619" ][SystemMonitor] Stats Update: CPU App: 0.260417 % | Sys: 81.25 % | RAM App: 221.965 MB | Sys Avail: 24633 MB / 65466.5 MB
[ "17:26:59.621" ][SystemMonitor] Stats Update: CPU App: 1.04167 % | Sys: 82.0313 % | RAM App: 221.988 MB | Sys Avail: 24666.3 MB / 65466.5 MB
[ "17:27:00.629" ][SystemMonitor] Stats Update: CPU App: 1.04167 % | Sys: 85.1563 % | RAM App: 222.02 MB | Sys Avail: 24677.5 MB / 65466.5 MB
[ "17:27:01.629" ][SystemMonitor] Stats Update: CPU App: 1.82292 % | Sys: 82.8125 % | RAM App: 222.078 MB | Sys Avail: 24605 MB / 65466.5 MB
[ "17:27:02.616" ][SystemMonitor] Stats Update: CPU App: 1.82292 % | Sys: 88.8021 % | RAM App: 222.141 MB | Sys Avail: 24631.8 MB / 65466.5 MB
[ "17:27:03.621" ][SystemMonitor] Stats Update: CPU App: 0.78125 % | Sys: 97.3958 % | RAM App: 222.164 MB | Sys Avail: 24660.2 MB / 65466.5 MB
[ "17:27:04.620" ][SystemMonitor] Stats Update: CPU App: 0.78125 % | Sys: 86.9792 % | RAM App: 222.195 MB | Sys Avail: 24627 MB / 65466.5 MB
TelemetryMonitor: Processed 300 frames. Current FPS: 30
[ "17:27:05.615" ][SystemMonitor] Stats Update: CPU App: 1.30208 % | Sys: 92.7083 % | RAM App: 222.254 MB | Sys Avail: 24605.2 MB / 65466.5 MB
[ "17:27:06.629" ][SystemMonitor] Stats Update: CPU App: 1.30208 % | Sys: 84.8958 % | RAM App: 222.301 MB | Sys Avail: 24604.6 MB / 65466.5 MB
[ "17:27:07.622" ][SystemMonitor] Stats Update: CPU App: 1.30208 % | Sys: 82.5521 % | RAM App: 222.328 MB | Sys Avail: 24437.4 MB / 65466.5 MB
[ "17:27:08.616" ][SystemMonitor] Stats Update: CPU App: 1.30208 % | Sys: 84.1146 % | RAM App: 222.352 MB | Sys Avail: 24427.4 MB / 65466.5 MB
[ "17:27:09.615" ][SystemMonitor] Stats Update: CPU App: 1.5625 % | Sys: 80.7292 % | RAM App: 222.387 MB | Sys Avail: 24308.4 MB / 65466.5 MB
[ "17:27:10.629" ][SystemMonitor] Stats Update: CPU App: 1.04167 % | Sys: 79.1667 % | RAM App: 222.473 MB | Sys Avail: 24362.7 MB / 65466.5 MB
[ "17:27:11.616" ][SystemMonitor] Stats Update: CPU App: 0.78125 % | Sys: 80.7292 % | RAM App: 222.492 MB | Sys Avail: 24426.2 MB / 65466.5 MB
[ "17:27:12.629" ][SystemMonitor] Stats Update: CPU App: 2.60417 % | Sys: 80.4688 % | RAM App: 222.551 MB | Sys Avail: 24396.4 MB / 65466.5 MB
[ "17:27:13.623" ][SystemMonitor] Stats Update: CPU App: 1.04167 % | Sys: 67.1875 % | RAM App: 222.609 MB | Sys Avail: 24624.6 MB / 65466.5 MB
[ "17:27:14.629" ][SystemMonitor] Stats Update: CPU App: 1.30208 % | Sys: 71.0938 % | RAM App: 222.629 MB | Sys Avail: 24683.5 MB / 65466.5 MB
TelemetryMonitor: Processed 300 frames. Current FPS: 30
[ "17:27:15.629" ][SystemMonitor] Stats Update: CPU App: 1.82292 % | Sys: 77.8646 % | RAM App: 222.777 MB | Sys Avail: 24654.5 MB / 65466.5 MB
[ "17:27:16.630" ][SystemMonitor] Stats Update: CPU App: 0.78125 % | Sys: 90.1042 % | RAM App: 222.848 MB | Sys Avail: 24642.3 MB / 65466.5 MB
[ "17:27:17.621" ][SystemMonitor] Stats Update: CPU App: 1.30208 % | Sys: 72.9167 % | RAM App: 222.879 MB | Sys Avail: 24632.3 MB / 65466.5 MB
[ "17:27:18.629" ][SystemMonitor] Stats Update: CPU App: 1.04167 % | Sys: 53.3854 % | RAM App: 222.906 MB | Sys Avail: 24676.5 MB / 65466.5 MB
[ "17:27:19.629" ][SystemMonitor] Stats Update: CPU App: 1.5625 % | Sys: 61.9792 % | RAM App: 222.934 MB | Sys Avail: 24688 MB / 65466.5 MB
[ "17:27:20.616" ][SystemMonitor] Stats Update: CPU App: 1.82292 % | Sys: 79.1667 % | RAM App: 223.004 MB | Sys Avail: 24692.6 MB / 65466.5 MB
[ "17:27:21.618" ][SystemMonitor] Stats Update: CPU App: 1.04167 % | Sys: 89.3229 % | RAM App: 223.027 MB | Sys Avail: 24899.1 MB / 65466.5 MB
[ "17:27:22.630" ][SystemMonitor] Stats Update: CPU App: 1.82292 % | Sys: 89.3229 % | RAM App: 223.055 MB | Sys Avail: 25084.6 MB / 65466.5 MB
[ "17:27:23.630" ][SystemMonitor] Stats Update: CPU App: 1.04167 % | Sys: 85.4167 % | RAM App: 223.078 MB | Sys Avail: 25077.1 MB / 65466.5 MB
[ "17:27:24.624" ][SystemMonitor] Stats Update: CPU App: 1.5625 % | Sys: 81.25 % | RAM App: 223.102 MB | Sys Avail: 25073.7 MB / 65466.5 MB
TelemetryMonitor: Processed 300 frames. Current FPS: 30
[ "17:27:25.623" ][SystemMonitor] Stats Update: CPU App: 1.30208 % | Sys: 82.5521 % | RAM App: 223.129 MB | Sys Avail: 25116.6 MB / 65466.5 MB
[ "17:27:26.622" ][SystemMonitor] Stats Update: CPU App: 1.5625 % | Sys: 85.6771 % | RAM App: 223.152 MB | Sys Avail: 25161.9 MB / 65466.5 MB
[ "17:27:27.622" ][SystemMonitor] Stats Update: CPU App: 0.520833 % | Sys: 84.1146 % | RAM App: 222.23 MB | Sys Avail: 25161.8 MB / 65466.5 MB
[ "17:27:28.615" ][SystemMonitor] Stats Update: CPU App: 1.04167 % | Sys: 80.7292 % | RAM App: 222.23 MB | Sys Avail: 25163.8 MB / 65466.5 MB
[ "17:27:29.667" ][SystemMonitor] Stats Update: CPU App: 0.498753 % | Sys: 83.0846 % | RAM App: 222.23 MB | Sys Avail: 25164.1 MB / 65466.5 MB
[ "17:27:30.615" ][SystemMonitor] Stats Update: CPU App: 0.27248 % | Sys: 81.4208 % | RAM App: 222.23 MB | Sys Avail: 25173.3 MB / 65466.5 MB
[ "17:27:31.623" ][SystemMonitor] Stats Update: CPU App: 0.260417 % | Sys: 81.7708 % | RAM App: 222.242 MB | Sys Avail: 25173.1 MB / 65466.5 MB
[ "17:27:32.636" ][SystemMonitor] Stats Update: CPU App: 1.28205 % | Sys: 86.1538 % | RAM App: 222.262 MB | Sys Avail: 25158.8 MB / 65466.5 MB
[ "17:27:33.618" ][SystemMonitor] Stats Update: CPU App: 1.0582 % | Sys: 97.8836 % | RAM App: 222.281 MB | Sys Avail: 25139.9 MB / 65466.5 MB
[ "17:27:34.630" ][SystemMonitor] Stats Update: CPU App: 1.04167 % | Sys: 81.25 % | RAM App: 222.285 MB | Sys Avail: 25165.2 MB / 65466.5 MB
[ "17:27:35.630" ][SystemMonitor] Stats Update: CPU App: 1.5625 % | Sys: 88.2813 % | RAM App: 222.285 MB | Sys Avail: 25174.5 MB / 65466.5 MB
TelemetryMonitor: Processed 300 frames. Current FPS: 30
[ "17:27:36.617" ][SystemMonitor] Stats Update: CPU App: 1.04167 % | Sys: 81.25 % | RAM App: 222.32 MB | Sys Avail: 25171.9 MB / 65466.5 MB
[ "17:27:37.630" ][SystemMonitor] Stats Update: CPU App: 0.78125 % | Sys: 79.9479 % | RAM App: 222.383 MB | Sys Avail: 25204.9 MB / 65466.5 MB
[ "17:27:38.619" ][SystemMonitor] Stats Update: CPU App: 1.82292 % | Sys: 71.6146 % | RAM App: 222.387 MB | Sys Avail: 25207.4 MB / 65466.5 MB
[ "17:27:39.615" ][SystemMonitor] Stats Update: CPU App: 1.82292 % | Sys: 68.75 % | RAM App: 222.387 MB | Sys Avail: 25205.5 MB / 65466.5 MB
[ "17:27:40.630" ][SystemMonitor] Stats Update: CPU App: 1.30208 % | Sys: 64.8438 % | RAM App: 222.414 MB | Sys Avail: 25210.6 MB / 65466.5 MB
[ "17:27:41.624" ][SystemMonitor] Stats Update: CPU App: 0.78125 % | Sys: 72.6563 % | RAM App: 222.43 MB | Sys Avail: 25322.3 MB / 65466.5 MB
[ "17:27:42.626" ][SystemMonitor] Stats Update: CPU App: 1.82292 % | Sys: 81.7708 % | RAM App: 222.469 MB | Sys Avail: 25490.8 MB / 65466.5 MB
[ "17:27:43.630" ][SystemMonitor] Stats Update: CPU App: 0.78125 % | Sys: 78.3854 % | RAM App: 222.473 MB | Sys Avail: 25514.5 MB / 65466.5 MB
[ "17:27:44.630" ][SystemMonitor] Stats Update: CPU App: 1.30208 % | Sys: 79.9479 % | RAM App: 222.477 MB | Sys Avail: 25536.7 MB / 65466.5 MB
[ "17:27:45.630" ][SystemMonitor] Stats Update: CPU App: 1.82292 % | Sys: 81.7708 % | RAM App: 222.496 MB | Sys Avail: 25366.4 MB / 65466.5 MB
TelemetryMonitor: Processed 300 frames. Current FPS: 31
[ "17:27:46.647" ][SystemMonitor] Stats Update: CPU App: 1.0101 % | Sys: 82.3232 % | RAM App: 222.52 MB | Sys Avail: 25259.6 MB / 65466.5 MB
[ "17:27:47.632" ][SystemMonitor] Stats Update: CPU App: 0.268817 % | Sys: 80.6452 % | RAM App: 222.539 MB | Sys Avail: 25240.2 MB / 65466.5 MB
[ "17:27:48.630" ][SystemMonitor] Stats Update: CPU App: 0.520833 % | Sys: 88.5417 % | RAM App: 222.563 MB | Sys Avail: 25163.6 MB / 65466.5 MB
[ "17:27:49.631" ][SystemMonitor] Stats Update: CPU App: 1.30208 % | Sys: 85.6771 % | RAM App: 222.582 MB | Sys Avail: 25185.6 MB / 65466.5 MB
[ "17:27:50.617" ][SystemMonitor] Stats Update: CPU App: 1.04167 % | Sys: 80.9896 % | RAM App: 222.602 MB | Sys Avail: 25134.4 MB / 65466.5 MB
[ "17:27:51.625" ][SystemMonitor] Stats Update: CPU App: 1.5625 % | Sys: 79.4271 % | RAM App: 222.625 MB | Sys Avail: 25174.4 MB / 65466.5 MB
[ "17:27:52.631" ][SystemMonitor] Stats Update: CPU App: 1.82292 % | Sys: 82.0313 % | RAM App: 222.645 MB | Sys Avail: 25073.9 MB / 65466.5 MB
[ "17:27:53.623" ][SystemMonitor] Stats Update: CPU App: 1.30208 % | Sys: 82.8125 % | RAM App: 222.664 MB | Sys Avail: 24954.7 MB / 65466.5 MB
[ "17:27:54.632" ][SystemMonitor] Stats Update: CPU App: 1.54639 % | Sys: 95.641 % | RAM App: 222.688 MB | Sys Avail: 24887.7 MB / 65466.5 MB
[ "17:27:55.623" ][SystemMonitor] Stats Update: CPU App: 0.526316 % | Sys: 86.2434 % | RAM App: 222.707 MB | Sys Avail: 25009.9 MB / 65466.5 MB
TelemetryMonitor: Processed 300 frames. Current FPS: 29
[ "17:27:56.624" ][SystemMonitor] Stats Update: CPU App: 1.82292 % | Sys: 78.6458 % | RAM App: 222.727 MB | Sys Avail: 25140.7 MB / 65466.5 MB
[ "17:27:57.631" ][SystemMonitor] Stats Update: CPU App: 1.02564 % | Sys: 72.8205 % | RAM App: 222.75 MB | Sys Avail: 25145.2 MB / 65466.5 MB
[ "17:27:58.615" ][SystemMonitor] Stats Update: CPU App: 1.0582 % | Sys: 72.7513 % | RAM App: 222.77 MB | Sys Avail: 25156.7 MB / 65466.5 MB
[ "17:27:59.623" ][SystemMonitor] Stats Update: CPU App: 0.520833 % | Sys: 70.3125 % | RAM App: 222.789 MB | Sys Avail: 25155 MB / 65466.5 MB
[ "17:28:00.630" ][SystemMonitor] Stats Update: CPU App: 1.30208 % | Sys: 71.875 % | RAM App: 222.813 MB | Sys Avail: 25149.1 MB / 65466.5 MB
[ "17:28:01.623" ][SystemMonitor] Stats Update: CPU App: 1.82292 % | Sys: 71.3542 % | RAM App: 222.832 MB | Sys Avail: 25154.6 MB / 65466.5 MB
[ "17:28:02.622" ][SystemMonitor] Stats Update: CPU App: 0.78125 % | Sys: 70.5729 % | RAM App: 222.852 MB | Sys Avail: 25127.9 MB / 65466.5 MB
[ "17:28:03.631" ][SystemMonitor] Stats Update: CPU App: 0.78125 % | Sys: 96.875 % | RAM App: 222.871 MB | Sys Avail: 25124.4 MB / 65466.5 MB
[ "17:28:04.631" ][SystemMonitor] Stats Update: CPU App: 1.5625 % | Sys: 84.8958 % | RAM App: 222.895 MB | Sys Avail: 25111 MB / 65466.5 MB
[ "17:28:05.631" ][SystemMonitor] Stats Update: CPU App: 2.06718 % | Sys: 90.5128 % | RAM App: 222.914 MB | Sys Avail: 25117.5 MB / 65466.5 MB
[ "17:28:06.621" ][SystemMonitor] Stats Update: CPU App: 0.524934 % | Sys: 78.5714 % | RAM App: 222.938 MB | Sys Avail: 25118 MB / 65466.5 MB
TelemetryMonitor: Processed 300 frames. Current FPS: 29
[ "17:28:07.619" ][SystemMonitor] Stats Update: CPU App: 1.30208 % | Sys: 75.2604 % | RAM App: 222.957 MB | Sys Avail: 25111.1 MB / 65466.5 MB
[ "17:28:08.633" ][SystemMonitor] Stats Update: CPU App: 0.512821 % | Sys: 85.8974 % | RAM App: 222.977 MB | Sys Avail: 25120.9 MB / 65466.5 MB
[ "17:28:09.619" ][SystemMonitor] Stats Update: CPU App: 0.26455 % | Sys: 72.7513 % | RAM App: 223.016 MB | Sys Avail: 25102.5 MB / 65466.5 MB
[ "17:28:10.631" ][SystemMonitor] Stats Update: CPU App: 0.78125 % | Sys: 71.0938 % | RAM App: 223.074 MB | Sys Avail: 25098.7 MB / 65466.5 MB
[ "17:28:11.623" ][SystemMonitor] Stats Update: CPU App: 0.78125 % | Sys: 71.0938 % | RAM App: 223.094 MB | Sys Avail: 25099.8 MB / 65466.5 MB
[ "17:28:12.627" ][SystemMonitor] Stats Update: CPU App: 0.260417 % | Sys: 87.2396 % | RAM App: 223.125 MB | Sys Avail: 25090.1 MB / 65466.5 MB
[ "17:28:13.619" ][SystemMonitor] Stats Update: CPU App: 1.30208 % | Sys: 76.8229 % | RAM App: 223.148 MB | Sys Avail: 25084.9 MB / 65466.5 MB
[ "17:28:14.632" ][SystemMonitor] Stats Update: CPU App: 1.02564 % | Sys: 85.1282 % | RAM App: 223.289 MB | Sys Avail: 25103.8 MB / 65466.5 MB
[ "17:28:15.615" ][SystemMonitor] Stats Update: CPU App: 0.793651 % | Sys: 75.1323 % | RAM App: 223.316 MB | Sys Avail: 25240.5 MB / 65466.5 MB
[ "17:28:16.634" ][SystemMonitor] Stats Update: CPU App: 0.769231 % | Sys: 78.4615 % | RAM App: 223.344 MB | Sys Avail: 25257.5 MB / 65466.5 MB
TelemetryMonitor: Processed 300 frames. Current FPS: 30
[ "17:28:17.615" ][SystemMonitor] Stats Update: CPU App: 0.793651 % | Sys: 81.2169 % | RAM App: 223.379 MB | Sys Avail: 25257.3 MB / 65466.5 MB
[ "17:28:18.616" ][SystemMonitor] Stats Update: CPU App: 1.04167 % | Sys: 77.6042 % | RAM App: 223.457 MB | Sys Avail: 25221.2 MB / 65466.5 MB
[ "17:28:19.640" ][SystemMonitor] Stats Update: CPU App: 2.05128 % | Sys: 90 % | RAM App: 223.484 MB | Sys Avail: 25214.2 MB / 65466.5 MB
[ "17:28:20.631" ][SystemMonitor] Stats Update: CPU App: 0.260417 % | Sys: 88.2813 % | RAM App: 223.531 MB | Sys Avail: 25201.2 MB / 65466.5 MB
[ "17:28:21.622" ][SystemMonitor] Stats Update: CPU App: 0.793651 % | Sys: 78.0423 % | RAM App: 223.559 MB | Sys Avail: 25135 MB / 65466.5 MB
[ "17:28:22.615" ][SystemMonitor] Stats Update: CPU App: 1.82292 % | Sys: 68.75 % | RAM App: 223.605 MB | Sys Avail: 25136.1 MB / 65466.5 MB
[ "17:28:23.632" ][SystemMonitor] Stats Update: CPU App: 0.769231 % | Sys: 70.7692 % | RAM App: 223.688 MB | Sys Avail: 25135.2 MB / 65466.5 MB
[ "17:28:24.618" ][SystemMonitor] Stats Update: CPU App: 0.529101 % | Sys: 80.9524 % | RAM App: 223.711 MB | Sys Avail: 25134.7 MB / 65466.5 MB
[ "17:28:25.633" ][SystemMonitor] Stats Update: CPU App: 1.28205 % | Sys: 74.359 % | RAM App: 223.734 MB | Sys Avail: 25023.7 MB / 65466.5 MB
[ "17:28:26.633" ][SystemMonitor] Stats Update: CPU App: 1.56658 % | Sys: 71.6146 % | RAM App: 223.762 MB | Sys Avail: 25007.1 MB / 65466.5 MB
TelemetryMonitor: Processed 300 frames. Current FPS: 30
[ "17:28:27.621" ][SystemMonitor] Stats Update: CPU App: 1.31926 % | Sys: 70.1058 % | RAM App: 222.844 MB | Sys Avail: 25005.9 MB / 65466.5 MB
[ "17:28:28.631" ][SystemMonitor] Stats Update: CPU App: 0.769231 % | Sys: 88.2051 % | RAM App: 222.844 MB | Sys Avail: 24981.8 MB / 65466.5 MB
[ "17:28:29.648" ][SystemMonitor] Stats Update: CPU App: 0.769231 % | Sys: 84.359 % | RAM App: 222.844 MB | Sys Avail: 24973.2 MB / 65466.5 MB
[ "17:28:30.633" ][SystemMonitor] Stats Update: CPU App: 0.529101 % | Sys: 78.836 % | RAM App: 222.844 MB | Sys Avail: 24889.6 MB / 65466.5 MB
[ "17:28:31.632" ][SystemMonitor] Stats Update: CPU App: 0.78125 % | Sys: 77.0833 % | RAM App: 222.855 MB | Sys Avail: 24872.8 MB / 65466.5 MB
[ "17:28:32.642" ][SystemMonitor] Stats Update: CPU App: 0.520833 % | Sys: 73.6979 % | RAM App: 222.875 MB | Sys Avail: 24873.7 MB / 65466.5 MB
[ "17:28:33.632" ][SystemMonitor] Stats Update: CPU App: 1.5625 % | Sys: 98.6979 % | RAM App: 222.895 MB | Sys Avail: 24867.1 MB / 65466.5 MB
[ "17:28:34.632" ][SystemMonitor] Stats Update: CPU App: 0.520833 % | Sys: 68.75 % | RAM App: 222.895 MB | Sys Avail: 24886 MB / 65466.5 MB
[ "17:28:35.632" ][SystemMonitor] Stats Update: CPU App: 0.78125 % | Sys: 75.7813 % | RAM App: 222.898 MB | Sys Avail: 24895.9 MB / 65466.5 MB
[ "17:28:36.631" ][SystemMonitor] Stats Update: CPU App: 0.260417 % | Sys: 67.4479 % | RAM App: 222.898 MB | Sys Avail: 24887.4 MB / 65466.5 MB
[ "17:28:37.632" ][SystemMonitor] Stats Update: CPU App: 1.82292 % | Sys: 76.8229 % | RAM App: 222.898 MB | Sys Avail: 24878.5 MB / 65466.5 MB
TelemetryMonitor: Processed 300 frames. Current FPS: 30
[ "17:28:38.630" ][SystemMonitor] Stats Update: CPU App: 0.260417 % | Sys: 66.4063 % | RAM App: 222.902 MB | Sys Avail: 24879 MB / 65466.5 MB
[ "17:28:39.633" ][SystemMonitor] Stats Update: CPU App: 0.520833 % | Sys: 68.2292 % | RAM App: 222.902 MB | Sys Avail: 24836.9 MB / 65466.5 MB
[ "17:28:40.631" ][SystemMonitor] Stats Update: CPU App: 1.82292 % | Sys: 83.0729 % | RAM App: 222.902 MB | Sys Avail: 24797.3 MB / 65466.5 MB
[ "17:28:41.648" ][SystemMonitor] Stats Update: CPU App: 0.512821 % | Sys: 66.4103 % | RAM App: 222.902 MB | Sys Avail: 24796.8 MB / 65466.5 MB
[ "17:28:42.633" ][SystemMonitor] Stats Update: CPU App: 0.529101 % | Sys: 71.6931 % | RAM App: 222.902 MB | Sys Avail: 24816.9 MB / 65466.5 MB
[ "17:28:43.632" ][SystemMonitor] Stats Update: CPU App: 1.04167 % | Sys: 81.25 % | RAM App: 222.902 MB | Sys Avail: 24804.9 MB / 65466.5 MB
[ "17:28:44.630" ][SystemMonitor] Stats Update: CPU App: 0.78125 % | Sys: 82.5521 % | RAM App: 222.902 MB | Sys Avail: 24803.2 MB / 65466.5 MB
[ "17:28:45.633" ][SystemMonitor] Stats Update: CPU App: 1.04167 % | Sys: 69.5313 % | RAM App: 222.91 MB | Sys Avail: 24798.7 MB / 65466.5 MB
[ "17:28:46.637" ][SystemMonitor] Stats Update: CPU App: 1.04167 % | Sys: 71.0938 % | RAM App: 222.934 MB | Sys Avail: 24795.1 MB / 65466.5 MB
[ "17:28:47.633" ][SystemMonitor] Stats Update: CPU App: 0.520833 % | Sys: 82.0313 % | RAM App: 222.953 MB | Sys Avail: 24786.3 MB / 65466.5 MB
TelemetryMonitor: Processed 300 frames. Current FPS: 30
[ "17:28:48.630" ][SystemMonitor] Stats Update: CPU App: 1.04167 % | Sys: 73.6979 % | RAM App: 222.965 MB | Sys Avail: 24791.9 MB / 65466.5 MB
[ "17:28:49.632" ][SystemMonitor] Stats Update: CPU App: 0.520833 % | Sys: 72.3958 % | RAM App: 222.988 MB | Sys Avail: 24817.6 MB / 65466.5 MB
[ "17:28:50.632" ][SystemMonitor] Stats Update: CPU App: 1.04167 % | Sys: 73.6979 % | RAM App: 223.008 MB | Sys Avail: 24671.6 MB / 65466.5 MB
[ "17:28:51.649" ][SystemMonitor] Stats Update: CPU App: 0.769231 % | Sys: 74.359 % | RAM App: 223.027 MB | Sys Avail: 24738.7 MB / 65466.5 MB
[ "17:28:52.631" ][SystemMonitor] Stats Update: CPU App: 1.5873 % | Sys: 78.0423 % | RAM App: 223.051 MB | Sys Avail: 24781.9 MB / 65466.5 MB
[ "17:28:53.649" ][SystemMonitor] Stats Update: CPU App: 0.769231 % | Sys: 75.641 % | RAM App: 223.07 MB | Sys Avail: 24804.8 MB / 65466.5 MB
[ "17:28:54.631" ][SystemMonitor] Stats Update: CPU App: 1.0582 % | Sys: 68.7831 % | RAM App: 223.09 MB | Sys Avail: 24809 MB / 65466.5 MB
[ "17:28:55.633" ][SystemMonitor] Stats Update: CPU App: 0.78125 % | Sys: 70.5729 % | RAM App: 223.113 MB | Sys Avail: 24802.2 MB / 65466.5 MB
[ "17:28:56.633" ][SystemMonitor] Stats Update: CPU App: 1.30208 % | Sys: 79.6875 % | RAM App: 223.133 MB | Sys Avail: 24789.4 MB / 65466.5 MB
[ "17:28:57.632" ][SystemMonitor] Stats Update: CPU App: 0.520833 % | Sys: 75.5208 % | RAM App: 223.152 MB | Sys Avail: 24592.4 MB / 65466.5 MB
TelemetryMonitor: Processed 300 frames. Current FPS: 30
[ "17:28:58.631" ][SystemMonitor] Stats Update: CPU App: 0.78125 % | Sys: 77.0833 % | RAM App: 223.176 MB | Sys Avail: 24763 MB / 65466.5 MB
[ "17:28:59.632" ][SystemMonitor] Stats Update: CPU App: 0.78125 % | Sys: 66.6667 % | RAM App: 223.195 MB | Sys Avail: 24801.8 MB / 65466.5 MB
[ "17:29:00.633" ][SystemMonitor] Stats Update: CPU App: 1.04167 % | Sys: 72.3958 % | RAM App: 223.289 MB | Sys Avail: 24783 MB / 65466.5 MB
[ "17:29:01.650" ][SystemMonitor] Stats Update: CPU App: 0.769231 % | Sys: 73.8462 % | RAM App: 223.316 MB | Sys Avail: 24731 MB / 65466.5 MB
[ "17:29:02.634" ][SystemMonitor] Stats Update: CPU App: 1.5873 % | Sys: 70.1058 % | RAM App: 223.352 MB | Sys Avail: 24746.7 MB / 65466.5 MB
[ "17:29:03.633" ][SystemMonitor] Stats Update: CPU App: 0.78125 % | Sys: 100 % | RAM App: 223.371 MB | Sys Avail: 24658.6 MB / 65466.5 MB
[ "17:29:04.633" ][SystemMonitor] Stats Update: CPU App: 0.78125 % | Sys: 80.7292 % | RAM App: 223.406 MB | Sys Avail: 24754.1 MB / 65466.5 MB
[ "17:29:05.650" ][SystemMonitor] Stats Update: CPU App: 0.25641 % | Sys: 90.2564 % | RAM App: 223.43 MB | Sys Avail: 24664.5 MB / 65466.5 MB
[ "17:29:06.634" ][SystemMonitor] Stats Update: CPU App: 0.529101 % | Sys: 70.3704 % | RAM App: 223.461 MB | Sys Avail: 24631.6 MB / 65466.5 MB
[ "17:29:07.649" ][SystemMonitor] Stats Update: CPU App: 0.769231 % | Sys: 72.8205 % | RAM App: 223.484 MB | Sys Avail: 24756.7 MB / 65466.5 MB
TelemetryMonitor: Processed 300 frames. Current FPS: 29
[ "17:29:08.630" ][SystemMonitor] Stats Update: CPU App: 0.793651 % | Sys: 85.1852 % | RAM App: 223.52 MB | Sys Avail: 24745.2 MB / 65466.5 MB
[ "17:29:09.633" ][SystemMonitor] Stats Update: CPU App: 1.04167 % | Sys: 82.2917 % | RAM App: 223.543 MB | Sys Avail: 24773.6 MB / 65466.5 MB
[ "17:29:10.632" ][SystemMonitor] Stats Update: CPU App: 1.04167 % | Sys: 70.3125 % | RAM App: 223.641 MB | Sys Avail: 24742.5 MB / 65466.5 MB
[ "17:29:11.633" ][SystemMonitor] Stats Update: CPU App: 0.78125 % | Sys: 70.0521 % | RAM App: 223.668 MB | Sys Avail: 24741.1 MB / 65466.5 MB
[ "17:29:12.651" ][SystemMonitor] Stats Update: CPU App: 0.512821 % | Sys: 72.3077 % | RAM App: 223.695 MB | Sys Avail: 24729.9 MB / 65466.5 MB
[ "17:29:13.633" ][SystemMonitor] Stats Update: CPU App: 1.0582 % | Sys: 74.0741 % | RAM App: 223.723 MB | Sys Avail: 24704.1 MB / 65466.5 MB
[ "17:29:14.631" ][SystemMonitor] Stats Update: CPU App: 1.04167 % | Sys: 76.0417 % | RAM App: 223.754 MB | Sys Avail: 24745.4 MB / 65466.5 MB
[ "17:29:15.633" ][SystemMonitor] Stats Update: CPU App: 0.260417 % | Sys: 71.875 % | RAM App: 223.777 MB | Sys Avail: 24779 MB / 65466.5 MB
[ "17:29:16.630" ][SystemMonitor] Stats Update: CPU App: 1.5625 % | Sys: 59.375 % | RAM App: 223.813 MB | Sys Avail: 24771.2 MB / 65466.5 MB
[ "17:29:17.633" ][SystemMonitor] Stats Update: CPU App: 1.5625 % | Sys: 85.1563 % | RAM App: 223.836 MB | Sys Avail: 24762.1 MB / 65466.5 MB
[ "17:29:18.631" ][SystemMonitor] Stats Update: CPU App: 0.260417 % | Sys: 95.3125 % | RAM App: 223.867 MB | Sys Avail: 24729 MB / 65466.5 MB
TelemetryMonitor: Processed 300 frames. Current FPS: 27
[ "17:29:19.650" ][SystemMonitor] Stats Update: CPU App: 1.53846 % | Sys: 86.6667 % | RAM App: 223.895 MB | Sys Avail: 24722.4 MB / 65466.5 MB
[ "17:29:20.632" ][SystemMonitor] Stats Update: CPU App: 1.32275 % | Sys: 84.6561 % | RAM App: 223.926 MB | Sys Avail: 24723.6 MB / 65466.5 MB
[ "17:29:21.634" ][SystemMonitor] Stats Update: CPU App: 0.260417 % | Sys: 85.4167 % | RAM App: 224.016 MB | Sys Avail: 24730 MB / 65466.5 MB
[ "17:29:22.631" ][SystemMonitor] Stats Update: CPU App: 0.260417 % | Sys: 90.8854 % | RAM App: 224.051 MB | Sys Avail: 24722.8 MB / 65466.5 MB
[ "17:29:23.634" ][SystemMonitor] Stats Update: CPU App: 1.04167 % | Sys: 83.3333 % | RAM App: 224.078 MB | Sys Avail: 24723.4 MB / 65466.5 MB
[ "17:29:24.634" ][SystemMonitor] Stats Update: CPU App: 0.520833 % | Sys: 85.1563 % | RAM App: 224.105 MB | Sys Avail: 24724.4 MB / 65466.5 MB
[ "17:29:25.633" ][SystemMonitor] Stats Update: CPU App: 2.08333 % | Sys: 84.375 % | RAM App: 224.133 MB | Sys Avail: 24722.2 MB / 65466.5 MB
[ "17:29:26.633" ][SystemMonitor] Stats Update: CPU App: 0 % | Sys: 85.4167 % | RAM App: 224.164 MB | Sys Avail: 24713.1 MB / 65466.5 MB
[ "17:29:27.634" ][SystemMonitor] Stats Update: CPU App: 1.5625 % | Sys: 93.4896 % | RAM App: 221.004 MB | Sys Avail: 24682.2 MB / 65466.5 MB
[ "17:29:28.631" ][SystemMonitor] Stats Update: CPU App: 0.78125 % | Sys: 84.8958 % | RAM App: 221.191 MB | Sys Avail: 24687.2 MB / 65466.5 MB
TelemetryMonitor: Processed 300 frames. Current FPS: 28
[ "17:29:29.634" ][SystemMonitor] Stats Update: CPU App: 1.04167 % | Sys: 91.1458 % | RAM App: 221.305 MB | Sys Avail: 24701.6 MB / 65466.5 MB
[ "17:29:30.634" ][SystemMonitor] Stats Update: CPU App: 0.78125 % | Sys: 89.0625 % | RAM App: 221.34 MB | Sys Avail: 24694.2 MB / 65466.5 MB
[ "17:29:31.633" ][SystemMonitor] Stats Update: CPU App: 1.30208 % | Sys: 81.25 % | RAM App: 221.355 MB | Sys Avail: 24691.4 MB / 65466.5 MB
[ "17:29:32.635" ][SystemMonitor] Stats Update: CPU App: 0.520833 % | Sys: 83.3333 % | RAM App: 221.383 MB | Sys Avail: 24693 MB / 65466.5 MB
[ "17:29:33.635" ][SystemMonitor] Stats Update: CPU App: 0.520833 % | Sys: 98.6979 % | RAM App: 221.402 MB | Sys Avail: 24662.8 MB / 65466.5 MB
[ "17:29:34.630" ][SystemMonitor] Stats Update: CPU App: 1.82292 % | Sys: 79.9479 % | RAM App: 221.414 MB | Sys Avail: 24688 MB / 65466.5 MB
[ "17:29:35.634" ][SystemMonitor] Stats Update: CPU App: 0.78125 % | Sys: 90.8854 % | RAM App: 221.414 MB | Sys Avail: 24972.5 MB / 65466.5 MB
[ "17:29:36.634" ][SystemMonitor] Stats Update: CPU App: 2.08333 % | Sys: 73.1771 % | RAM App: 221.414 MB | Sys Avail: 24970.4 MB / 65466.5 MB
[ "17:29:37.634" ][SystemMonitor] Stats Update: CPU App: 1.30208 % | Sys: 76.0417 % | RAM App: 221.441 MB | Sys Avail: 24935.8 MB / 65466.5 MB
[ "17:29:38.637" ][SystemMonitor] Stats Update: CPU App: 1.5625 % | Sys: 82.0313 % | RAM App: 221.445 MB | Sys Avail: 24892 MB / 65466.5 MB
[ "17:29:39.633" ][SystemMonitor] Stats Update: CPU App: 0.520833 % | Sys: 85.6771 % | RAM App: 221.461 MB | Sys Avail: 24743.4 MB / 65466.5 MB
TelemetryMonitor: Processed 300 frames. Current FPS: 29
[ "17:29:40.631" ][SystemMonitor] Stats Update: CPU App: 0.78125 % | Sys: 83.8542 % | RAM App: 221.477 MB | Sys Avail: 24650.2 MB / 65466.5 MB
[ "17:29:41.650" ][SystemMonitor] Stats Update: CPU App: 1.53846 % | Sys: 83.3333 % | RAM App: 221.488 MB | Sys Avail: 24667.6 MB / 65466.5 MB
[ "17:29:42.635" ][SystemMonitor] Stats Update: CPU App: 1.5873 % | Sys: 86.5079 % | RAM App: 221.516 MB | Sys Avail: 24635.3 MB / 65466.5 MB
[ "17:29:43.650" ][SystemMonitor] Stats Update: CPU App: 1.28205 % | Sys: 80.2564 % | RAM App: 221.516 MB | Sys Avail: 24780.6 MB / 65466.5 MB
[ "17:29:44.650" ][SystemMonitor] Stats Update: CPU App: 0.520833 % | Sys: 82.8125 % | RAM App: 221.531 MB | Sys Avail: 24704.4 MB / 65466.5 MB
[ "17:29:45.632" ][SystemMonitor] Stats Update: CPU App: 1.85185 % | Sys: 83.0688 % | RAM App: 221.559 MB | Sys Avail: 24627.6 MB / 65466.5 MB
[ "17:29:46.631" ][SystemMonitor] Stats Update: CPU App: 1.04167 % | Sys: 81.7708 % | RAM App: 221.652 MB | Sys Avail: 24606.4 MB / 65466.5 MB
[ "17:29:47.634" ][SystemMonitor] Stats Update: CPU App: 1.04167 % | Sys: 80.2083 % | RAM App: 221.691 MB | Sys Avail: 24520.8 MB / 65466.5 MB
[ "17:29:48.638" ][SystemMonitor] Stats Update: CPU App: 1.30208 % | Sys: 84.6354 % | RAM App: 221.723 MB | Sys Avail: 24607.4 MB / 65466.5 MB
[ "17:29:49.651" ][SystemMonitor] Stats Update: CPU App: 1.02564 % | Sys: 80 % | RAM App: 221.754 MB | Sys Avail: 24826.9 MB / 65466.5 MB
TelemetryMonitor: Processed 300 frames. Current FPS: 30
[ "17:29:50.631" ][SystemMonitor] Stats Update: CPU App: 1.32275 % | Sys: 68.254 % | RAM App: 221.793 MB | Sys Avail: 24833.1 MB / 65466.5 MB
[ "17:29:51.634" ][SystemMonitor] Stats Update: CPU App: 1.82292 % | Sys: 78.125 % | RAM App: 221.828 MB | Sys Avail: 24816.8 MB / 65466.5 MB
[ "17:29:52.631" ][SystemMonitor] Stats Update: CPU App: 0.520833 % | Sys: 70.8333 % | RAM App: 221.875 MB | Sys Avail: 24817.2 MB / 65466.5 MB
[ "17:29:53.634" ][SystemMonitor] Stats Update: CPU App: 0.78125 % | Sys: 67.9688 % | RAM App: 221.91 MB | Sys Avail: 24818.4 MB / 65466.5 MB
[ "17:29:54.634" ][SystemMonitor] Stats Update: CPU App: 0.78125 % | Sys: 66.6667 % | RAM App: 221.953 MB | Sys Avail: 24817.3 MB / 65466.5 MB
[ "17:29:55.635" ][SystemMonitor] Stats Update: CPU App: 1.5625 % | Sys: 66.1458 % | RAM App: 221.996 MB | Sys Avail: 24813.9 MB / 65466.5 MB
[ "17:29:56.631" ][SystemMonitor] Stats Update: CPU App: 0.78125 % | Sys: 81.25 % | RAM App: 222.039 MB | Sys Avail: 24794.1 MB / 65466.5 MB
[ "17:29:57.651" ][SystemMonitor] Stats Update: CPU App: 1.53846 % | Sys: 66.6667 % | RAM App: 222.078 MB | Sys Avail: 24782.1 MB / 65466.5 MB
[ "17:29:58.634" ][SystemMonitor] Stats Update: CPU App: 0.793651 % | Sys: 76.7196 % | RAM App: 222.125 MB | Sys Avail: 24711.4 MB / 65466.5 MB
[ "17:29:59.634" ][SystemMonitor] Stats Update: CPU App: 0.78125 % | Sys: 64.0625 % | RAM App: 221.855 MB | Sys Avail: 24713 MB / 65466.5 MB
TelemetryMonitor: Processed 300 frames. Current FPS: 29
[ "17:30:00.631" ][SystemMonitor] Stats Update: CPU App: 0.78125 % | Sys: 66.4063 % | RAM App: 221.227 MB | Sys Avail: 24715 MB / 65466.5 MB
[ "17:30:01.637" ][SystemMonitor] Stats Update: CPU App: 1.5625 % | Sys: 81.5104 % | RAM App: 220.934 MB | Sys Avail: 24716.2 MB / 65466.5 MB
[ "17:30:02.631" ][SystemMonitor] Stats Update: CPU App: 1.04167 % | Sys: 72.1354 % | RAM App: 221.031 MB | Sys Avail: 24697.8 MB / 65466.5 MB
[ "17:30:03.635" ][SystemMonitor] Stats Update: CPU App: 0.520833 % | Sys: 91.1458 % | RAM App: 221.074 MB | Sys Avail: 24700.8 MB / 65466.5 MB
[ "17:30:04.635" ][SystemMonitor] Stats Update: CPU App: 1.30208 % | Sys: 66.1458 % | RAM App: 221.109 MB | Sys Avail: 24669.3 MB / 65466.5 MB
[ "17:30:05.635" ][SystemMonitor] Stats Update: CPU App: 1.04167 % | Sys: 85.9375 % | RAM App: 221.156 MB | Sys Avail: 24658.9 MB / 65466.5 MB
[ "17:30:06.630" ][SystemMonitor] Stats Update: CPU App: 1.04167 % | Sys: 70.3125 % | RAM App: 221.195 MB | Sys Avail: 24604.1 MB / 65466.5 MB
[ "17:30:07.635" ][SystemMonitor] Stats Update: CPU App: 1.30208 % | Sys: 64.0625 % | RAM App: 221.227 MB | Sys Avail: 24599.5 MB / 65466.5 MB
[ "17:30:08.635" ][SystemMonitor] Stats Update: CPU App: 0.78125 % | Sys: 72.1354 % | RAM App: 221.254 MB | Sys Avail: 24654 MB / 65466.5 MB
[ "17:30:09.635" ][SystemMonitor] Stats Update: CPU App: 0.520833 % | Sys: 82.2917 % | RAM App: 221.313 MB | Sys Avail: 24644.1 MB / 65466.5 MB
[ "17:30:10.631" ][SystemMonitor] Stats Update: CPU App: 0.260417 % | Sys: 63.0208 % | RAM App: 221.348 MB | Sys Avail: 24643.6 MB / 65466.5 MB
TelemetryMonitor: Processed 300 frames. Current FPS: 29
[ "17:30:11.652" ][SystemMonitor] Stats Update: CPU App: 1.02564 % | Sys: 71.2821 % | RAM App: 221.379 MB | Sys Avail: 24630.7 MB / 65466.5 MB
[ "17:30:12.630" ][SystemMonitor] Stats Update: CPU App: 0.793651 % | Sys: 82.0106 % | RAM App: 221.41 MB | Sys Avail: 24634.1 MB / 65466.5 MB
[ "17:30:13.632" ][SystemMonitor] Stats Update: CPU App: 1.04167 % | Sys: 75.5208 % | RAM App: 221.543 MB | Sys Avail: 24605 MB / 65466.5 MB
[ "17:30:14.631" ][SystemMonitor] Stats Update: CPU App: 0.520833 % | Sys: 70.3125 % | RAM App: 221.574 MB | Sys Avail: 24603.7 MB / 65466.5 MB
[ "17:30:15.635" ][SystemMonitor] Stats Update: CPU App: 1.04167 % | Sys: 83.8542 % | RAM App: 221.602 MB | Sys Avail: 24603.6 MB / 65466.5 MB
[ "17:30:16.631" ][SystemMonitor] Stats Update: CPU App: 1.30208 % | Sys: 77.8646 % | RAM App: 221.633 MB | Sys Avail: 24570.5 MB / 65466.5 MB
[ "17:30:17.635" ][SystemMonitor] Stats Update: CPU App: 1.82292 % | Sys: 63.8021 % | RAM App: 221.66 MB | Sys Avail: 24565.1 MB / 65466.5 MB
[ "17:30:18.632" ][SystemMonitor] Stats Update: CPU App: 1.04167 % | Sys: 85.6771 % | RAM App: 221.754 MB | Sys Avail: 24511.5 MB / 65466.5 MB
[ "17:30:19.635" ][SystemMonitor] Stats Update: CPU App: 1.30208 % | Sys: 80.2083 % | RAM App: 221.836 MB | Sys Avail: 24729.9 MB / 65466.5 MB
[ "17:30:20.635" ][SystemMonitor] Stats Update: CPU App: 0.78125 % | Sys: 67.1875 % | RAM App: 221.879 MB | Sys Avail: 24713.4 MB / 65466.5 MB
TelemetryMonitor: Processed 300 frames. Current FPS: 30
[ "17:30:21.632" ][SystemMonitor] Stats Update: CPU App: 0.260417 % | Sys: 63.5417 % | RAM App: 221.914 MB | Sys Avail: 24721.3 MB / 65466.5 MB
[ "17:30:22.631" ][SystemMonitor] Stats Update: CPU App: 0 % | Sys: 69.5313 % | RAM App: 221.941 MB | Sys Avail: 24654.1 MB / 65466.5 MB
[ "17:30:23.631" ][SystemMonitor] Stats Update: CPU App: 0.78125 % | Sys: 73.9583 % | RAM App: 221.988 MB | Sys Avail: 24416.5 MB / 65466.5 MB
[ "17:30:24.631" ][SystemMonitor] Stats Update: CPU App: 1.04167 % | Sys: 88.5417 % | RAM App: 221.137 MB | Sys Avail: 24554.8 MB / 65466.5 MB
[ "17:30:25.635" ][SystemMonitor] Stats Update: CPU App: 0.520833 % | Sys: 84.375 % | RAM App: 221.148 MB | Sys Avail: 24720.5 MB / 65466.5 MB
[ "17:30:26.636" ][SystemMonitor] Stats Update: CPU App: 1.04167 % | Sys: 72.3958 % | RAM App: 221.148 MB | Sys Avail: 24516.6 MB / 65466.5 MB
[ "17:30:27.652" ][SystemMonitor] Stats Update: CPU App: 0.25641 % | Sys: 64.6154 % | RAM App: 221.156 MB | Sys Avail: 24644.2 MB / 65466.5 MB
[ "17:30:28.636" ][SystemMonitor] Stats Update: CPU App: 0.793651 % | Sys: 68.5185 % | RAM App: 221.18 MB | Sys Avail: 24845.4 MB / 65466.5 MB
[ "17:30:29.653" ][SystemMonitor] Stats Update: CPU App: 0.512821 % | Sys: 66.1538 % | RAM App: 221.199 MB | Sys Avail: 24834.3 MB / 65466.5 MB
[ "17:30:30.635" ][SystemMonitor] Stats Update: CPU App: 0.529101 % | Sys: 63.4921 % | RAM App: 221.215 MB | Sys Avail: 24746.6 MB / 65466.5 MB
TelemetryMonitor: Processed 300 frames. Current FPS: 30
[ "17:30:31.632" ][SystemMonitor] Stats Update: CPU App: 0.260417 % | Sys: 60.6771 % | RAM App: 221.309 MB | Sys Avail: 24853.1 MB / 65466.5 MB
[ "17:30:32.636" ][SystemMonitor] Stats Update: CPU App: 0.520833 % | Sys: 65.625 % | RAM App: 221.313 MB | Sys Avail: 24907.4 MB / 65466.5 MB
[ "17:30:33.635" ][SystemMonitor] Stats Update: CPU App: 0.520833 % | Sys: 96.3542 % | RAM App: 221.316 MB | Sys Avail: 24890.1 MB / 65466.5 MB
[ "17:30:34.630" ][SystemMonitor] Stats Update: CPU App: 0.78125 % | Sys: 67.1875 % | RAM App: 221.32 MB | Sys Avail: 24890 MB / 65466.5 MB
[ "17:30:35.638" ][SystemMonitor] Stats Update: CPU App: 1.5625 % | Sys: 90.3646 % | RAM App: 221.324 MB | Sys Avail: 24935.1 MB / 65466.5 MB
[ "17:30:36.636" ][SystemMonitor] Stats Update: CPU App: 0.260417 % | Sys: 79.6875 % | RAM App: 221.328 MB | Sys Avail: 24814.2 MB / 65466.5 MB
[ "17:30:37.637" ][SystemMonitor] Stats Update: CPU App: 0.78125 % | Sys: 79.6875 % | RAM App: 221.332 MB | Sys Avail: 24623 MB / 65466.5 MB
[ "17:30:38.635" ][SystemMonitor] Stats Update: CPU App: 0.260417 % | Sys: 76.5625 % | RAM App: 221.336 MB | Sys Avail: 24777.1 MB / 65466.5 MB
[ "17:30:39.636" ][SystemMonitor] Stats Update: CPU App: 0 % | Sys: 73.4375 % | RAM App: 221.34 MB | Sys Avail: 24868.2 MB / 65466.5 MB
[ "17:30:40.637" ][SystemMonitor] Stats Update: CPU App: 0.520833 % | Sys: 73.1771 % | RAM App: 221.34 MB | Sys Avail: 24873.2 MB / 65466.5 MB
TelemetryMonitor: Processed 300 frames. Current FPS: 30
[ "17:30:41.636" ][SystemMonitor] Stats Update: CPU App: 0.520833 % | Sys: 66.9271 % | RAM App: 221.34 MB | Sys Avail: 24895.4 MB / 65466.5 MB
[ "17:30:42.631" ][SystemMonitor] Stats Update: CPU App: 0.260417 % | Sys: 63.8021 % | RAM App: 221.359 MB | Sys Avail: 24828.1 MB / 65466.5 MB
[ "17:30:43.634" ][SystemMonitor] Stats Update: CPU App: 0.78125 % | Sys: 72.3958 % | RAM App: 221.379 MB | Sys Avail: 24907.2 MB / 65466.5 MB
[ "17:30:44.631" ][SystemMonitor] Stats Update: CPU App: 0.520833 % | Sys: 74.7396 % | RAM App: 221.402 MB | Sys Avail: 24915.4 MB / 65466.5 MB
[ "17:30:45.654" ][SystemMonitor] Stats Update: CPU App: 1.02564 % | Sys: 68.9744 % | RAM App: 221.426 MB | Sys Avail: 24881.2 MB / 65466.5 MB
[ "17:30:46.631" ][SystemMonitor] Stats Update: CPU App: 0.793651 % | Sys: 76.1905 % | RAM App: 221.453 MB | Sys Avail: 24712.5 MB / 65466.5 MB
[ "17:30:47.634" ][SystemMonitor] Stats Update: CPU App: 0.520833 % | Sys: 66.9271 % | RAM App: 221.477 MB | Sys Avail: 24720.4 MB / 65466.5 MB
[ "17:30:48.636" ][SystemMonitor] Stats Update: CPU App: 0.520833 % | Sys: 73.4375 % | RAM App: 221.504 MB | Sys Avail: 24815.2 MB / 65466.5 MB
[ "17:30:49.653" ][SystemMonitor] Stats Update: CPU App: 1.79487 % | Sys: 63.0769 % | RAM App: 221.527 MB | Sys Avail: 24687.3 MB / 65466.5 MB
[ "17:30:50.637" ][SystemMonitor] Stats Update: CPU App: 0.529101 % | Sys: 86.7725 % | RAM App: 221.551 MB | Sys Avail: 24553.9 MB / 65466.5 MB
[ "17:30:51.637" ][SystemMonitor] Stats Update: CPU App: 0.78125 % | Sys: 95.8333 % | RAM App: 221.57 MB | Sys Avail: 24563.7 MB / 65466.5 MB
TelemetryMonitor: Processed 300 frames. Current FPS: 29
[ "17:30:52.637" ][SystemMonitor] Stats Update: CPU App: 0.78125 % | Sys: 93.2292 % | RAM App: 221.594 MB | Sys Avail: 24562 MB / 65466.5 MB
[ "17:30:53.638" ][SystemMonitor] Stats Update: CPU App: 1.30208 % | Sys: 89.8438 % | RAM App: 221.613 MB | Sys Avail: 24595.4 MB / 65466.5 MB
[ "17:30:54.637" ][SystemMonitor] Stats Update: CPU App: 2.08333 % | Sys: 91.1458 % | RAM App: 221.633 MB | Sys Avail: 24567 MB / 65466.5 MB
[ "17:30:55.638" ][SystemMonitor] Stats Update: CPU App: 1.5625 % | Sys: 91.4063 % | RAM App: 221.656 MB | Sys Avail: 24519.8 MB / 65466.5 MB
[ "17:30:56.640" ][SystemMonitor] Stats Update: CPU App: 1.30208 % | Sys: 92.1875 % | RAM App: 221.676 MB | Sys Avail: 24522.3 MB / 65466.5 MB
[ "17:30:57.632" ][SystemMonitor] Stats Update: CPU App: 0.78125 % | Sys: 93.75 % | RAM App: 221.699 MB | Sys Avail: 24325 MB / 65466.5 MB
[ "17:30:58.631" ][SystemMonitor] Stats Update: CPU App: 1.5625 % | Sys: 92.9688 % | RAM App: 221.723 MB | Sys Avail: 24313.6 MB / 65466.5 MB
[ "17:30:59.637" ][SystemMonitor] Stats Update: CPU App: 1.04167 % | Sys: 88.2813 % | RAM App: 221.742 MB | Sys Avail: 24399.7 MB / 65466.5 MB
[ "17:31:00.630" ][SystemMonitor] Stats Update: CPU App: 1.82292 % | Sys: 89.5833 % | RAM App: 221.813 MB | Sys Avail: 24424.9 MB / 65466.5 MB
[ "17:31:01.652" ][SystemMonitor] Stats Update: CPU App: 0.520833 % | Sys: 93.2292 % | RAM App: 221.836 MB | Sys Avail: 24590.8 MB / 65466.5 MB
TelemetryMonitor: Processed 300 frames. Current FPS: 30
[ "17:31:02.631" ][SystemMonitor] Stats Update: CPU App: 1.5625 % | Sys: 89.3229 % | RAM App: 221.855 MB | Sys Avail: 24576.4 MB / 65466.5 MB
[ "17:31:03.632" ][SystemMonitor] Stats Update: CPU App: 0 % | Sys: 100 % | RAM App: 221.875 MB | Sys Avail: 24483.8 MB / 65466.5 MB
[ "17:31:04.630" ][SystemMonitor] Stats Update: CPU App: 1.5625 % | Sys: 91.6667 % | RAM App: 221.898 MB | Sys Avail: 24540.4 MB / 65466.5 MB
[ "17:31:05.632" ][SystemMonitor] Stats Update: CPU App: 1.82292 % | Sys: 92.9688 % | RAM App: 221.918 MB | Sys Avail: 24554.6 MB / 65466.5 MB
[ "17:31:06.631" ][SystemMonitor] Stats Update: CPU App: 0.78125 % | Sys: 87.5 % | RAM App: 221.941 MB | Sys Avail: 24520.4 MB / 65466.5 MB
[ "17:31:07.639" ][SystemMonitor] Stats Update: CPU App: 0.78125 % | Sys: 77.0833 % | RAM App: 221.965 MB | Sys Avail: 24510.4 MB / 65466.5 MB
[ "17:31:08.637" ][SystemMonitor] Stats Update: CPU App: 0 % | Sys: 83.0729 % | RAM App: 222 MB | Sys Avail: 24519.9 MB / 65466.5 MB
[ "17:31:09.634" ][SystemMonitor] Stats Update: CPU App: 0.78125 % | Sys: 78.6458 % | RAM App: 222.055 MB | Sys Avail: 24519.5 MB / 65466.5 MB
[ "17:31:10.637" ][SystemMonitor] Stats Update: CPU App: 0.78125 % | Sys: 63.8021 % | RAM App: 222.078 MB | Sys Avail: 24527.3 MB / 65466.5 MB
[ "17:31:11.634" ][SystemMonitor] Stats Update: CPU App: 1.5625 % | Sys: 61.4583 % | RAM App: 222.113 MB | Sys Avail: 24536.7 MB / 65466.5 MB
TelemetryMonitor: Processed 300 frames. Current FPS: 30
[ "17:31:12.637" ][SystemMonitor] Stats Update: CPU App: 0.260417 % | Sys: 60.9375 % | RAM App: 222.176 MB | Sys Avail: 24539.9 MB / 65466.5 MB
[ "17:31:13.636" ][SystemMonitor] Stats Update: CPU App: 2.08333 % | Sys: 69.0104 % | RAM App: 222.215 MB | Sys Avail: 24611.4 MB / 65466.5 MB
[ "17:31:14.631" ][SystemMonitor] Stats Update: CPU App: 1.30208 % | Sys: 66.4063 % | RAM App: 222.238 MB | Sys Avail: 24610.7 MB / 65466.5 MB
[ "17:31:15.636" ][SystemMonitor] Stats Update: CPU App: 0.520833 % | Sys: 66.1458 % | RAM App: 222.273 MB | Sys Avail: 24612.7 MB / 65466.5 MB
[ "17:31:16.637" ][SystemMonitor] Stats Update: CPU App: 0.78125 % | Sys: 70.5729 % | RAM App: 222.313 MB | Sys Avail: 24586.1 MB / 65466.5 MB
[ "17:31:17.637" ][SystemMonitor] Stats Update: CPU App: 1.30208 % | Sys: 70.8333 % | RAM App: 222.379 MB | Sys Avail: 24587 MB / 65466.5 MB
[ "17:31:18.632" ][SystemMonitor] Stats Update: CPU App: 1.04167 % | Sys: 85.6771 % | RAM App: 222.453 MB | Sys Avail: 24582.7 MB / 65466.5 MB
[ "17:31:19.630" ][SystemMonitor] Stats Update: CPU App: 0.520833 % | Sys: 88.2813 % | RAM App: 222.477 MB | Sys Avail: 24657.5 MB / 65466.5 MB
[ "17:31:20.636" ][SystemMonitor] Stats Update: CPU App: 0.78125 % | Sys: 73.1771 % | RAM App: 222.52 MB | Sys Avail: 24653.3 MB / 65466.5 MB
[ "17:31:21.654" ][SystemMonitor] Stats Update: CPU App: 0.25641 % | Sys: 70 % | RAM App: 222.559 MB | Sys Avail: 24655.2 MB / 65466.5 MB
[ "17:31:22.637" ][SystemMonitor] Stats Update: CPU App: 1.0582 % | Sys: 76.455 % | RAM App: 222.602 MB | Sys Avail: 24673.4 MB / 65466.5 MB
TelemetryMonitor: Processed 300 frames. Current FPS: 30
[ "17:31:23.653" ][SystemMonitor] Stats Update: CPU App: 1.28205 % | Sys: 63.0769 % | RAM App: 222.68 MB | Sys Avail: 24669.5 MB / 65466.5 MB
[ "17:31:24.631" ][SystemMonitor] Stats Update: CPU App: 1.0582 % | Sys: 77.2487 % | RAM App: 221.762 MB | Sys Avail: 24670.1 MB / 65466.5 MB
[ "17:31:25.653" ][SystemMonitor] Stats Update: CPU App: 1.02564 % | Sys: 65.1282 % | RAM App: 221.762 MB | Sys Avail: 24668.9 MB / 65466.5 MB
[ "17:31:26.637" ][SystemMonitor] Stats Update: CPU App: 0.529101 % | Sys: 71.4286 % | RAM App: 221.762 MB | Sys Avail: 24675.1 MB / 65466.5 MB
[ "17:31:27.637" ][SystemMonitor] Stats Update: CPU App: 0.520833 % | Sys: 76.0417 % | RAM App: 221.762 MB | Sys Avail: 24678.4 MB / 65466.5 MB
[ "17:31:28.653" ][SystemMonitor] Stats Update: CPU App: 0 % | Sys: 65.3846 % | RAM App: 221.773 MB | Sys Avail: 24676.6 MB / 65466.5 MB
[ "17:31:29.639" ][SystemMonitor] Stats Update: CPU App: 0.529101 % | Sys: 70.8995 % | RAM App: 221.793 MB | Sys Avail: 24676.1 MB / 65466.5 MB
[ "17:31:30.654" ][SystemMonitor] Stats Update: CPU App: 0.25641 % | Sys: 61.2821 % | RAM App: 221.813 MB | Sys Avail: 24674.4 MB / 65466.5 MB
[ "17:31:31.639" ][SystemMonitor] Stats Update: CPU App: 1.32275 % | Sys: 66.6667 % | RAM App: 221.813 MB | Sys Avail: 24678.7 MB / 65466.5 MB
[ "17:31:32.631" ][SystemMonitor] Stats Update: CPU App: 0.260417 % | Sys: 69.7917 % | RAM App: 221.816 MB | Sys Avail: 24668.1 MB / 65466.5 MB
TelemetryMonitor: Processed 300 frames. Current FPS: 29
[ "17:31:33.637" ][SystemMonitor] Stats Update: CPU App: 1.30208 % | Sys: 91.6667 % | RAM App: 221.816 MB | Sys Avail: 24669.7 MB / 65466.5 MB
[ "17:31:34.637" ][SystemMonitor] Stats Update: CPU App: 0.520833 % | Sys: 69.7917 % | RAM App: 221.82 MB | Sys Avail: 24663.2 MB / 65466.5 MB
[ "17:31:35.638" ][SystemMonitor] Stats Update: CPU App: 1.30208 % | Sys: 81.25 % | RAM App: 221.824 MB | Sys Avail: 24670.3 MB / 65466.5 MB
[ "17:31:36.637" ][SystemMonitor] Stats Update: CPU App: 0.78125 % | Sys: 60.9375 % | RAM App: 221.828 MB | Sys Avail: 24663.4 MB / 65466.5 MB
[ "17:31:37.640" ][SystemMonitor] Stats Update: CPU App: 0.78125 % | Sys: 72.1354 % | RAM App: 221.832 MB | Sys Avail: 24669.2 MB / 65466.5 MB
[ "17:31:38.631" ][SystemMonitor] Stats Update: CPU App: 0.78125 % | Sys: 75.7813 % | RAM App: 221.836 MB | Sys Avail: 24671.3 MB / 65466.5 MB
[ "17:31:39.638" ][SystemMonitor] Stats Update: CPU App: 0.78125 % | Sys: 65.625 % | RAM App: 221.836 MB | Sys Avail: 24670.6 MB / 65466.5 MB
[ "17:31:40.631" ][SystemMonitor] Stats Update: CPU App: 0.520833 % | Sys: 61.9792 % | RAM App: 221.836 MB | Sys Avail: 24672 MB / 65466.5 MB
[ "17:31:41.635" ][SystemMonitor] Stats Update: CPU App: 0.78125 % | Sys: 61.1979 % | RAM App: 221.836 MB | Sys Avail: 24672.9 MB / 65466.5 MB
[ "17:31:42.638" ][SystemMonitor] Stats Update: CPU App: 1.30208 % | Sys: 73.1771 % | RAM App: 221.855 MB | Sys Avail: 24674.6 MB / 65466.5 MB
TelemetryMonitor: Processed 300 frames. Current FPS: 29
[ "17:31:43.654" ][SystemMonitor] Stats Update: CPU App: 0.512821 % | Sys: 65.3846 % | RAM App: 221.879 MB | Sys Avail: 24549.2 MB / 65466.5 MB
[ "17:31:44.631" ][SystemMonitor] Stats Update: CPU App: 0.793651 % | Sys: 65.873 % | RAM App: 221.898 MB | Sys Avail: 24510.4 MB / 65466.5 MB
[ "17:31:45.654" ][SystemMonitor] Stats Update: CPU App: 0.769231 % | Sys: 62.0513 % | RAM App: 221.922 MB | Sys Avail: 24511.9 MB / 65466.5 MB
[ "17:31:46.637" ][SystemMonitor] Stats Update: CPU App: 0.26455 % | Sys: 73.8095 % | RAM App: 221.941 MB | Sys Avail: 24532 MB / 65466.5 MB
[ "17:31:47.635" ][SystemMonitor] Stats Update: CPU App: 0 % | Sys: 65.1042 % | RAM App: 221.961 MB | Sys Avail: 24472.3 MB / 65466.5 MB
[ "17:31:48.638" ][SystemMonitor] Stats Update: CPU App: 0.520833 % | Sys: 60.9375 % | RAM App: 221.984 MB | Sys Avail: 24500.4 MB / 65466.5 MB
[ "17:31:49.632" ][SystemMonitor] Stats Update: CPU App: 0.78125 % | Sys: 61.9792 % | RAM App: 222.004 MB | Sys Avail: 24535.8 MB / 65466.5 MB
[ "17:31:50.630" ][SystemMonitor] Stats Update: CPU App: 0.520833 % | Sys: 73.4375 % | RAM App: 222.023 MB | Sys Avail: 24533 MB / 65466.5 MB
[ "17:31:51.638" ][SystemMonitor] Stats Update: CPU App: 0.260417 % | Sys: 64.0625 % | RAM App: 222.047 MB | Sys Avail: 24479.4 MB / 65466.5 MB
[ "17:31:52.638" ][SystemMonitor] Stats Update: CPU App: 1.30208 % | Sys: 61.4583 % | RAM App: 222.066 MB | Sys Avail: 24483.2 MB / 65466.5 MB
[ "17:31:53.644" ][SystemMonitor] Stats Update: CPU App: 0.520833 % | Sys: 71.875 % | RAM App: 222.086 MB | Sys Avail: 24480.2 MB / 65466.5 MB
TelemetryMonitor: Processed 300 frames. Current FPS: 30
[ "17:31:54.631" ][SystemMonitor] Stats Update: CPU App: 0.78125 % | Sys: 74.7396 % | RAM App: 222.109 MB | Sys Avail: 24484.4 MB / 65466.5 MB
[ "17:31:55.638" ][SystemMonitor] Stats Update: CPU App: 1.04167 % | Sys: 75 % | RAM App: 222.129 MB | Sys Avail: 24496.5 MB / 65466.5 MB
[ "17:31:56.631" ][SystemMonitor] Stats Update: CPU App: 0.520833 % | Sys: 58.8542 % | RAM App: 222.148 MB | Sys Avail: 24486.7 MB / 65466.5 MB
[ "17:31:57.638" ][SystemMonitor] Stats Update: CPU App: 0.520833 % | Sys: 78.3854 % | RAM App: 222.168 MB | Sys Avail: 24487.4 MB / 65466.5 MB
[ "17:31:58.655" ][SystemMonitor] Stats Update: CPU App: 0.512821 % | Sys: 64.6154 % | RAM App: 222.191 MB | Sys Avail: 24455.9 MB / 65466.5 MB
[ "17:31:59.638" ][SystemMonitor] Stats Update: CPU App: 0.529101 % | Sys: 61.3757 % | RAM App: 222.211 MB | Sys Avail: 24449.5 MB / 65466.5 MB
[ "17:32:00.630" ][SystemMonitor] Stats Update: CPU App: 1.82292 % | Sys: 74.4792 % | RAM App: 222.23 MB | Sys Avail: 24408.9 MB / 65466.5 MB
[ "17:32:01.655" ][SystemMonitor] Stats Update: CPU App: 0.25641 % | Sys: 62.5641 % | RAM App: 222.254 MB | Sys Avail: 24407.1 MB / 65466.5 MB
[ "17:32:02.639" ][SystemMonitor] Stats Update: CPU App: 1.0582 % | Sys: 64.2857 % | RAM App: 222.273 MB | Sys Avail: 24408.3 MB / 65466.5 MB
[ "17:32:03.639" ][SystemMonitor] Stats Update: CPU App: 1.04167 % | Sys: 90.3646 % | RAM App: 222.297 MB | Sys Avail: 24378.3 MB / 65466.5 MB
TelemetryMonitor: Processed 300 frames. Current FPS: 29
[ "17:32:04.630" ][SystemMonitor] Stats Update: CPU App: 1.30208 % | Sys: 65.3646 % | RAM App: 222.316 MB | Sys Avail: 24369.7 MB / 65466.5 MB
[ "17:32:05.639" ][SystemMonitor] Stats Update: CPU App: 0.260417 % | Sys: 80.2083 % | RAM App: 222.336 MB | Sys Avail: 24403.2 MB / 65466.5 MB
[ "17:32:06.630" ][SystemMonitor] Stats Update: CPU App: 0.78125 % | Sys: 62.2396 % | RAM App: 222.359 MB | Sys Avail: 24389.2 MB / 65466.5 MB
[ "17:32:07.639" ][SystemMonitor] Stats Update: CPU App: 1.5625 % | Sys: 67.1875 % | RAM App: 222.379 MB | Sys Avail: 24370.2 MB / 65466.5 MB
[ "17:32:08.631" ][SystemMonitor] Stats Update: CPU App: 1.04167 % | Sys: 72.9167 % | RAM App: 222.398 MB | Sys Avail: 24369.8 MB / 65466.5 MB
[ "17:32:09.632" ][SystemMonitor] Stats Update: CPU App: 1.30208 % | Sys: 71.0938 % | RAM App: 222.422 MB | Sys Avail: 24394.8 MB / 65466.5 MB
[ "17:32:10.639" ][SystemMonitor] Stats Update: CPU App: 0.520833 % | Sys: 64.5833 % | RAM App: 222.441 MB | Sys Avail: 24391.9 MB / 65466.5 MB
[ "17:32:11.655" ][SystemMonitor] Stats Update: CPU App: 1.02564 % | Sys: 67.4359 % | RAM App: 222.461 MB | Sys Avail: 24340.9 MB / 65466.5 MB
[ "17:32:12.639" ][SystemMonitor] Stats Update: CPU App: 0.793651 % | Sys: 70.8995 % | RAM App: 222.539 MB | Sys Avail: 24332.3 MB / 65466.5 MB
[ "17:32:13.636" ][SystemMonitor] Stats Update: CPU App: 0.78125 % | Sys: 65.8854 % | RAM App: 222.613 MB | Sys Avail: 24348.5 MB / 65466.5 MB
TelemetryMonitor: Processed 300 frames. Current FPS: 30
[ "17:32:14.639" ][SystemMonitor] Stats Update: CPU App: 1.30208 % | Sys: 68.75 % | RAM App: 222.66 MB | Sys Avail: 24324.3 MB / 65466.5 MB
[ "17:32:15.638" ][SystemMonitor] Stats Update: CPU App: 0.260417 % | Sys: 70.3125 % | RAM App: 222.734 MB | Sys Avail: 24307.8 MB / 65466.5 MB
[ "17:32:16.631" ][SystemMonitor] Stats Update: CPU App: 0.78125 % | Sys: 67.7083 % | RAM App: 222.813 MB | Sys Avail: 24361.6 MB / 65466.5 MB
[ "17:32:17.639" ][SystemMonitor] Stats Update: CPU App: 1.30208 % | Sys: 69.0104 % | RAM App: 222.887 MB | Sys Avail: 24354.8 MB / 65466.5 MB
[ "17:32:18.630" ][SystemMonitor] Stats Update: CPU App: 0.78125 % | Sys: 74.4792 % | RAM App: 222.938 MB | Sys Avail: 24343.9 MB / 65466.5 MB
[ "17:32:19.632" ][SystemMonitor] Stats Update: CPU App: 1.5625 % | Sys: 83.5938 % | RAM App: 222.984 MB | Sys Avail: 24294.5 MB / 65466.5 MB
[ "17:32:20.633" ][SystemMonitor] Stats Update: CPU App: 1.04167 % | Sys: 76.0417 % | RAM App: 223.027 MB | Sys Avail: 24342.8 MB / 65466.5 MB
[ "17:32:21.640" ][SystemMonitor] Stats Update: CPU App: 0.520833 % | Sys: 80.7292 % | RAM App: 223.074 MB | Sys Avail: 24340.6 MB / 65466.5 MB
[ "17:32:22.631" ][SystemMonitor] Stats Update: CPU App: 1.30208 % | Sys: 66.6667 % | RAM App: 223.102 MB | Sys Avail: 24254.4 MB / 65466.5 MB
[ "17:32:23.638" ][SystemMonitor] Stats Update: CPU App: 0.260417 % | Sys: 63.8021 % | RAM App: 223.172 MB | Sys Avail: 24276.8 MB / 65466.5 MB
TelemetryMonitor: Processed 300 frames. Current FPS: 30
[ "17:32:24.639" ][SystemMonitor] Stats Update: CPU App: 1.04167 % | Sys: 67.7083 % | RAM App: 220.285 MB | Sys Avail: 24281 MB / 65466.5 MB
[ "17:32:25.639" ][SystemMonitor] Stats Update: CPU App: 1.30208 % | Sys: 65.1042 % | RAM App: 220.418 MB | Sys Avail: 24310.3 MB / 65466.5 MB
[ "17:32:26.639" ][SystemMonitor] Stats Update: CPU App: 0 % | Sys: 62.2396 % | RAM App: 220.504 MB | Sys Avail: 24288 MB / 65466.5 MB
[ "17:32:27.634" ][SystemMonitor] Stats Update: CPU App: 1.30208 % | Sys: 65.3646 % | RAM App: 220.57 MB | Sys Avail: 24335.2 MB / 65466.5 MB
[ "17:32:28.639" ][SystemMonitor] Stats Update: CPU App: 0.520833 % | Sys: 49.7396 % | RAM App: 220.609 MB | Sys Avail: 24345.3 MB / 65466.5 MB
[ "17:32:29.656" ][SystemMonitor] Stats Update: CPU App: 0.512821 % | Sys: 75.1282 % | RAM App: 220.66 MB | Sys Avail: 24344.9 MB / 65466.5 MB
[ "17:32:30.631" ][SystemMonitor] Stats Update: CPU App: 0.793651 % | Sys: 84.3915 % | RAM App: 220.684 MB | Sys Avail: 24341 MB / 65466.5 MB
[ "17:32:31.638" ][SystemMonitor] Stats Update: CPU App: 0.520833 % | Sys: 78.6458 % | RAM App: 220.695 MB | Sys Avail: 24340.3 MB / 65466.5 MB
[ "17:32:32.630" ][SystemMonitor] Stats Update: CPU App: 0.520833 % | Sys: 76.3021 % | RAM App: 220.742 MB | Sys Avail: 24338.6 MB / 65466.5 MB
[ "17:32:33.638" ][SystemMonitor] Stats Update: CPU App: 0.78125 % | Sys: 99.7396 % | RAM App: 220.773 MB | Sys Avail: 24330.3 MB / 65466.5 MB
[ "17:32:34.639" ][SystemMonitor] Stats Update: CPU App: 0.260417 % | Sys: 84.1146 % | RAM App: 220.777 MB | Sys Avail: 24372.9 MB / 65466.5 MB
TelemetryMonitor: Processed 300 frames. Current FPS: 29
[ "17:32:35.640" ][SystemMonitor] Stats Update: CPU App: 1.30208 % | Sys: 91.4063 % | RAM App: 220.844 MB | Sys Avail: 24637.9 MB / 65466.5 MB
[ "17:32:36.640" ][SystemMonitor] Stats Update: CPU App: 0.260417 % | Sys: 77.0833 % | RAM App: 220.844 MB | Sys Avail: 24641.1 MB / 65466.5 MB
[ "17:32:37.633" ][SystemMonitor] Stats Update: CPU App: 0.520833 % | Sys: 73.4375 % | RAM App: 220.898 MB | Sys Avail: 24642.4 MB / 65466.5 MB
[ "17:32:38.631" ][SystemMonitor] Stats Update: CPU App: 0.78125 % | Sys: 79.1667 % | RAM App: 220.906 MB | Sys Avail: 24643 MB / 65466.5 MB
[ "17:32:39.656" ][SystemMonitor] Stats Update: CPU App: 0.512821 % | Sys: 82.0513 % | RAM App: 220.973 MB | Sys Avail: 24655.4 MB / 65466.5 MB
[ "17:32:40.639" ][SystemMonitor] Stats Update: CPU App: 0 % | Sys: 79.8942 % | RAM App: 221.039 MB | Sys Avail: 24655.2 MB / 65466.5 MB
[ "17:32:41.640" ][SystemMonitor] Stats Update: CPU App: 0.78125 % | Sys: 79.6875 % | RAM App: 221.035 MB | Sys Avail: 24656.6 MB / 65466.5 MB
[ "17:32:42.631" ][SystemMonitor] Stats Update: CPU App: 1.30208 % | Sys: 76.8229 % | RAM App: 221.113 MB | Sys Avail: 24659 MB / 65466.5 MB
[ "17:32:43.640" ][SystemMonitor] Stats Update: CPU App: 1.04167 % | Sys: 81.5104 % | RAM App: 221.059 MB | Sys Avail: 24815.7 MB / 65466.5 MB
[ "17:32:44.643" ][SystemMonitor] Stats Update: CPU App: 0.520833 % | Sys: 79.6875 % | RAM App: 221.125 MB | Sys Avail: 24812.3 MB / 65466.5 MB
TelemetryMonitor: Processed 300 frames. Current FPS: 29
[ "17:32:45.639" ][SystemMonitor] Stats Update: CPU App: 0.520833 % | Sys: 80.4688 % | RAM App: 221.203 MB | Sys Avail: 24812.4 MB / 65466.5 MB
[ "17:32:46.640" ][SystemMonitor] Stats Update: CPU App: 0.520833 % | Sys: 80.9896 % | RAM App: 221.277 MB | Sys Avail: 24811.7 MB / 65466.5 MB
[ "17:32:47.635" ][SystemMonitor] Stats Update: CPU App: 0.260417 % | Sys: 68.2292 % | RAM App: 221.348 MB | Sys Avail: 24814.6 MB / 65466.5 MB
[ "17:32:48.631" ][SystemMonitor] Stats Update: CPU App: 1.5625 % | Sys: 72.1354 % | RAM App: 221.375 MB | Sys Avail: 24811.7 MB / 65466.5 MB
[ "17:32:49.639" ][SystemMonitor] Stats Update: CPU App: 1.04167 % | Sys: 65.1042 % | RAM App: 221.449 MB | Sys Avail: 24811.8 MB / 65466.5 MB
[ "17:32:50.640" ][SystemMonitor] Stats Update: CPU App: 0.260417 % | Sys: 67.9688 % | RAM App: 221.523 MB | Sys Avail: 24812.9 MB / 65466.5 MB
[ "17:32:51.639" ][SystemMonitor] Stats Update: CPU App: 1.04167 % | Sys: 68.4896 % | RAM App: 221.602 MB | Sys Avail: 24812.8 MB / 65466.5 MB
[ "17:32:52.631" ][SystemMonitor] Stats Update: CPU App: 0.260417 % | Sys: 67.4479 % | RAM App: 221.676 MB | Sys Avail: 24813.4 MB / 65466.5 MB
[ "17:32:53.632" ][SystemMonitor] Stats Update: CPU App: 0.520833 % | Sys: 69.0104 % | RAM App: 221.707 MB | Sys Avail: 24813.1 MB / 65466.5 MB
[ "17:32:54.640" ][SystemMonitor] Stats Update: CPU App: 0.260417 % | Sys: 66.9271 % | RAM App: 221.73 MB | Sys Avail: 24812.4 MB / 65466.5 MB
TelemetryMonitor: Processed 300 frames. Current FPS: 29
[ "17:32:55.640" ][SystemMonitor] Stats Update: CPU App: 1.30208 % | Sys: 69.2708 % | RAM App: 221.367 MB | Sys Avail: 24826.6 MB / 65466.5 MB
[ "17:32:56.631" ][SystemMonitor] Stats Update: CPU App: 0.520833 % | Sys: 69.0104 % | RAM App: 220.773 MB | Sys Avail: 24848.6 MB / 65466.5 MB
[ "17:32:57.638" ][SystemMonitor] Stats Update: CPU App: 1.5625 % | Sys: 67.4479 % | RAM App: 220.184 MB | Sys Avail: 24842.8 MB / 65466.5 MB
[ "17:32:58.631" ][SystemMonitor] Stats Update: CPU App: 1.82292 % | Sys: 69.2708 % | RAM App: 219.898 MB | Sys Avail: 24840.2 MB / 65466.5 MB
[ "17:32:59.632" ][SystemMonitor] Stats Update: CPU App: 1.04167 % | Sys: 73.1771 % | RAM App: 219.973 MB | Sys Avail: 24833.6 MB / 65466.5 MB
[ "17:33:00.631" ][SystemMonitor] Stats Update: CPU App: 0.78125 % | Sys: 77.3438 % | RAM App: 219.996 MB | Sys Avail: 24687.6 MB / 65466.5 MB
[ "17:33:01.630" ][SystemMonitor] Stats Update: CPU App: 1.04167 % | Sys: 94.0104 % | RAM App: 220.047 MB | Sys Avail: 24508.8 MB / 65466.5 MB
[ "17:33:02.631" ][SystemMonitor] Stats Update: CPU App: 0.78125 % | Sys: 88.5417 % | RAM App: 220.121 MB | Sys Avail: 24515.9 MB / 65466.5 MB
[ "17:33:03.640" ][SystemMonitor] Stats Update: CPU App: 0.520833 % | Sys: 97.6563 % | RAM App: 220.195 MB | Sys Avail: 24514.9 MB / 65466.5 MB
[ "17:33:04.630" ][SystemMonitor] Stats Update: CPU App: 1.04167 % | Sys: 81.25 % | RAM App: 220.234 MB | Sys Avail: 24468.2 MB / 65466.5 MB
[ "17:33:05.640" ][SystemMonitor] Stats Update: CPU App: 1.04167 % | Sys: 90.625 % | RAM App: 220.285 MB | Sys Avail: 24440.2 MB / 65466.5 MB
TelemetryMonitor: Processed 300 frames. Current FPS: 30
[ "17:33:06.631" ][SystemMonitor] Stats Update: CPU App: 0.520833 % | Sys: 82.0313 % | RAM App: 220.375 MB | Sys Avail: 24423.5 MB / 65466.5 MB
[ "17:33:07.640" ][SystemMonitor] Stats Update: CPU App: 1.04167 % | Sys: 78.9063 % | RAM App: 220.449 MB | Sys Avail: 24433.4 MB / 65466.5 MB
[ "17:33:08.630" ][SystemMonitor] Stats Update: CPU App: 0.520833 % | Sys: 82.0313 % | RAM App: 220.52 MB | Sys Avail: 24291.5 MB / 65466.5 MB
[ "17:33:09.640" ][SystemMonitor] Stats Update: CPU App: 1.04167 % | Sys: 81.7708 % | RAM App: 220.598 MB | Sys Avail: 24298.7 MB / 65466.5 MB
[ "17:33:10.640" ][SystemMonitor] Stats Update: CPU App: 0.520833 % | Sys: 76.3021 % | RAM App: 220.672 MB | Sys Avail: 24206.5 MB / 65466.5 MB
[ "17:33:11.638" ][SystemMonitor] Stats Update: CPU App: 1.04167 % | Sys: 88.0208 % | RAM App: 220.75 MB | Sys Avail: 24199.7 MB / 65466.5 MB
[ "17:33:12.641" ][SystemMonitor] Stats Update: CPU App: 1.30208 % | Sys: 77.6042 % | RAM App: 220.828 MB | Sys Avail: 24208 MB / 65466.5 MB
[ "17:33:13.641" ][SystemMonitor] Stats Update: CPU App: 0.260417 % | Sys: 63.0208 % | RAM App: 220.848 MB | Sys Avail: 24212.9 MB / 65466.5 MB
[ "17:33:14.640" ][SystemMonitor] Stats Update: CPU App: 1.04167 % | Sys: 64.8438 % | RAM App: 220.918 MB | Sys Avail: 24213.5 MB / 65466.5 MB
[ "17:33:15.641" ][SystemMonitor] Stats Update: CPU App: 1.30208 % | Sys: 63.8021 % | RAM App: 220.996 MB | Sys Avail: 24212.6 MB / 65466.5 MB
TelemetryMonitor: Processed 300 frames. Current FPS: 30
[ "17:33:16.631" ][SystemMonitor] Stats Update: CPU App: 1.04167 % | Sys: 67.9688 % | RAM App: 221.066 MB | Sys Avail: 24210.5 MB / 65466.5 MB
[ "17:33:17.641" ][SystemMonitor] Stats Update: CPU App: 0.520833 % | Sys: 61.7188 % | RAM App: 221.145 MB | Sys Avail: 24210.2 MB / 65466.5 MB
[ "17:33:18.630" ][SystemMonitor] Stats Update: CPU App: 0.260417 % | Sys: 64.3229 % | RAM App: 221.23 MB | Sys Avail: 24211.5 MB / 65466.5 MB
[ "17:33:19.639" ][SystemMonitor] Stats Update: CPU App: 1.30208 % | Sys: 70.5729 % | RAM App: 221.25 MB | Sys Avail: 24218.2 MB / 65466.5 MB
[ "17:33:20.641" ][SystemMonitor] Stats Update: CPU App: 0.78125 % | Sys: 87.2396 % | RAM App: 221.32 MB | Sys Avail: 24211.9 MB / 65466.5 MB
[ "17:33:21.633" ][SystemMonitor] Stats Update: CPU App: 0.78125 % | Sys: 67.1875 % | RAM App: 221.391 MB | Sys Avail: 24211.5 MB / 65466.5 MB
[ "17:33:22.630" ][SystemMonitor] Stats Update: CPU App: 0.260417 % | Sys: 68.2292 % | RAM App: 221.465 MB | Sys Avail: 24211.3 MB / 65466.5 MB
[ "17:33:23.641" ][SystemMonitor] Stats Update: CPU App: 0.520833 % | Sys: 59.375 % | RAM App: 221.559 MB | Sys Avail: 24209 MB / 65466.5 MB
[ "17:33:24.631" ][SystemMonitor] Stats Update: CPU App: 1.04167 % | Sys: 70.8333 % | RAM App: 219.199 MB | Sys Avail: 24212 MB / 65466.5 MB
[ "17:33:25.641" ][SystemMonitor] Stats Update: CPU App: 1.5625 % | Sys: 67.7083 % | RAM App: 219.355 MB | Sys Avail: 24213.4 MB / 65466.5 MB
TelemetryMonitor: Processed 300 frames. Current FPS: 29
[ "17:33:26.631" ][SystemMonitor] Stats Update: CPU App: 0.520833 % | Sys: 72.9167 % | RAM App: 219.363 MB | Sys Avail: 24158.3 MB / 65466.5 MB
[ "17:33:27.641" ][SystemMonitor] Stats Update: CPU App: 0.78125 % | Sys: 62.7604 % | RAM App: 219.371 MB | Sys Avail: 24159.8 MB / 65466.5 MB
[ "17:33:28.631" ][SystemMonitor] Stats Update: CPU App: 0.520833 % | Sys: 57.2917 % | RAM App: 219.395 MB | Sys Avail: 24158.4 MB / 65466.5 MB
[ "17:33:29.641" ][SystemMonitor] Stats Update: CPU App: 0.520833 % | Sys: 70.5729 % | RAM App: 219.418 MB | Sys Avail: 24142.9 MB / 65466.5 MB
[ "17:33:30.631" ][SystemMonitor] Stats Update: CPU App: 0 % | Sys: 66.9271 % | RAM App: 219.438 MB | Sys Avail: 24330.1 MB / 65466.5 MB
[ "17:33:31.641" ][SystemMonitor] Stats Update: CPU App: 0.78125 % | Sys: 65.8854 % | RAM App: 219.449 MB | Sys Avail: 24335.4 MB / 65466.5 MB
[ "17:33:32.642" ][SystemMonitor] Stats Update: CPU App: 1.04167 % | Sys: 62.5 % | RAM App: 219.453 MB | Sys Avail: 24330.5 MB / 65466.5 MB
[ "17:33:33.641" ][SystemMonitor] Stats Update: CPU App: 0.520833 % | Sys: 98.9583 % | RAM App: 219.457 MB | Sys Avail: 24320.2 MB / 65466.5 MB
[ "17:33:34.631" ][SystemMonitor] Stats Update: CPU App: 1.04167 % | Sys: 65.3646 % | RAM App: 219.465 MB | Sys Avail: 24262.6 MB / 65466.5 MB
[ "17:33:35.641" ][SystemMonitor] Stats Update: CPU App: 0.78125 % | Sys: 74.7396 % | RAM App: 219.473 MB | Sys Avail: 24271.5 MB / 65466.5 MB
TelemetryMonitor: Processed 300 frames. Current FPS: 30
[ "17:33:36.641" ][SystemMonitor] Stats Update: CPU App: 0.520833 % | Sys: 63.5417 % | RAM App: 219.52 MB | Sys Avail: 24272.5 MB / 65466.5 MB
[ "17:33:37.639" ][SystemMonitor] Stats Update: CPU App: 1.04167 % | Sys: 73.6979 % | RAM App: 219.551 MB | Sys Avail: 24253.4 MB / 65466.5 MB
[ "17:33:38.642" ][SystemMonitor] Stats Update: CPU App: 1.04167 % | Sys: 66.4063 % | RAM App: 219.551 MB | Sys Avail: 24219.5 MB / 65466.5 MB
[ "17:33:39.642" ][SystemMonitor] Stats Update: CPU App: 0.78125 % | Sys: 60.4167 % | RAM App: 219.555 MB | Sys Avail: 24221 MB / 65466.5 MB
[ "17:33:40.643" ][SystemMonitor] Stats Update: CPU App: 1.30208 % | Sys: 67.4479 % | RAM App: 219.555 MB | Sys Avail: 24220.9 MB / 65466.5 MB
[ "17:33:41.642" ][SystemMonitor] Stats Update: CPU App: 0.520833 % | Sys: 77.0833 % | RAM App: 219.605 MB | Sys Avail: 24224.3 MB / 65466.5 MB
[ "17:33:42.641" ][SystemMonitor] Stats Update: CPU App: 0.78125 % | Sys: 58.8542 % | RAM App: 219.684 MB | Sys Avail: 24221 MB / 65466.5 MB
[ "17:33:43.642" ][SystemMonitor] Stats Update: CPU App: 0.520833 % | Sys: 64.3229 % | RAM App: 219.707 MB | Sys Avail: 24280 MB / 65466.5 MB
[ "17:33:44.641" ][SystemMonitor] Stats Update: CPU App: 1.04167 % | Sys: 78.6458 % | RAM App: 219.781 MB | Sys Avail: 24270.6 MB / 65466.5 MB
[ "17:33:45.632" ][SystemMonitor] Stats Update: CPU App: 0.260417 % | Sys: 62.5 % | RAM App: 219.809 MB | Sys Avail: 24270.2 MB / 65466.5 MB
[ "17:33:46.642" ][SystemMonitor] Stats Update: CPU App: 0.260417 % | Sys: 58.5938 % | RAM App: 219.828 MB | Sys Avail: 24268 MB / 65466.5 MB
TelemetryMonitor: Processed 300 frames. Current FPS: 30
[ "17:33:47.639" ][SystemMonitor] Stats Update: CPU App: 1.82292 % | Sys: 74.4792 % | RAM App: 219.855 MB | Sys Avail: 24258.6 MB / 65466.5 MB
[ "17:33:48.641" ][SystemMonitor] Stats Update: CPU App: 1.04167 % | Sys: 66.1458 % | RAM App: 219.918 MB | Sys Avail: 24294.9 MB / 65466.5 MB
[ "17:33:49.631" ][SystemMonitor] Stats Update: CPU App: 0.520833 % | Sys: 61.9792 % | RAM App: 219.992 MB | Sys Avail: 24517.6 MB / 65466.5 MB
[ "17:33:50.642" ][SystemMonitor] Stats Update: CPU App: 1.04167 % | Sys: 72.9167 % | RAM App: 220.059 MB | Sys Avail: 24384.9 MB / 65466.5 MB
[ "17:33:51.639" ][SystemMonitor] Stats Update: CPU App: 0.520833 % | Sys: 69.0104 % | RAM App: 220.137 MB | Sys Avail: 24478.4 MB / 65466.5 MB
[ "17:33:52.642" ][SystemMonitor] Stats Update: CPU App: 1.04167 % | Sys: 72.6563 % | RAM App: 220.211 MB | Sys Avail: 24479.7 MB / 65466.5 MB
[ "17:33:53.631" ][SystemMonitor] Stats Update: CPU App: 0.520833 % | Sys: 72.9167 % | RAM App: 220.289 MB | Sys Avail: 24473.1 MB / 65466.5 MB
[ "17:33:54.642" ][SystemMonitor] Stats Update: CPU App: 1.30208 % | Sys: 69.0104 % | RAM App: 220.355 MB | Sys Avail: 24541 MB / 65466.5 MB
[ "17:33:55.642" ][SystemMonitor] Stats Update: CPU App: 0.78125 % | Sys: 71.6146 % | RAM App: 220.41 MB | Sys Avail: 24542.7 MB / 65466.5 MB
[ "17:33:56.631" ][SystemMonitor] Stats Update: CPU App: 1.30208 % | Sys: 66.1458 % | RAM App: 220.441 MB | Sys Avail: 24536.3 MB / 65466.5 MB
TelemetryMonitor: Processed 300 frames. Current FPS: 30
[ "17:33:57.643" ][SystemMonitor] Stats Update: CPU App: 1.30208 % | Sys: 62.5 % | RAM App: 220.461 MB | Sys Avail: 24523.9 MB / 65466.5 MB
[ "17:33:58.631" ][SystemMonitor] Stats Update: CPU App: 0.520833 % | Sys: 64.0625 % | RAM App: 220.48 MB | Sys Avail: 24536.3 MB / 65466.5 MB
[ "17:33:59.639" ][SystemMonitor] Stats Update: CPU App: 0.520833 % | Sys: 71.3542 % | RAM App: 220.508 MB | Sys Avail: 24547.9 MB / 65466.5 MB
[ "17:34:00.642" ][SystemMonitor] Stats Update: CPU App: 0.520833 % | Sys: 65.1042 % | RAM App: 220.527 MB | Sys Avail: 24541.6 MB / 65466.5 MB
[ "17:34:01.632" ][SystemMonitor] Stats Update: CPU App: 1.04167 % | Sys: 66.9271 % | RAM App: 220.551 MB | Sys Avail: 24573.3 MB / 65466.5 MB
[ "17:34:02.642" ][SystemMonitor] Stats Update: CPU App: 1.04167 % | Sys: 65.625 % | RAM App: 220.578 MB | Sys Avail: 24531 MB / 65466.5 MB
[ "17:34:03.639" ][SystemMonitor] Stats Update: CPU App: 0.520833 % | Sys: 92.4479 % | RAM App: 220.652 MB | Sys Avail: 24569.5 MB / 65466.5 MB
[ "17:34:04.642" ][SystemMonitor] Stats Update: CPU App: 1.30208 % | Sys: 72.9167 % | RAM App: 220.727 MB | Sys Avail: 24507.8 MB / 65466.5 MB
[ "17:34:05.643" ][SystemMonitor] Stats Update: CPU App: 0.260417 % | Sys: 90.1042 % | RAM App: 220.805 MB | Sys Avail: 24454 MB / 65466.5 MB
[ "17:34:06.631" ][SystemMonitor] Stats Update: CPU App: 1.04167 % | Sys: 80.9896 % | RAM App: 220.879 MB | Sys Avail: 24337 MB / 65466.5 MB
TelemetryMonitor: Processed 300 frames. Current FPS: 30
[ "17:34:07.642" ][SystemMonitor] Stats Update: CPU App: 0.78125 % | Sys: 78.3854 % | RAM App: 220.922 MB | Sys Avail: 24303 MB / 65466.5 MB
[ "17:34:08.642" ][SystemMonitor] Stats Update: CPU App: 0.78125 % | Sys: 80.2083 % | RAM App: 220.996 MB | Sys Avail: 24174.2 MB / 65466.5 MB
[ "17:34:09.643" ][SystemMonitor] Stats Update: CPU App: 1.04167 % | Sys: 83.0729 % | RAM App: 221.027 MB | Sys Avail: 24115 MB / 65466.5 MB
[ "17:34:10.631" ][SystemMonitor] Stats Update: CPU App: 0.78125 % | Sys: 80.4688 % | RAM App: 221.055 MB | Sys Avail: 24120.5 MB / 65466.5 MB
[ "17:34:11.644" ][SystemMonitor] Stats Update: CPU App: 0.78125 % | Sys: 78.125 % | RAM App: 221.074 MB | Sys Avail: 23902.8 MB / 65466.5 MB
[ "17:34:12.631" ][SystemMonitor] Stats Update: CPU App: 0.520833 % | Sys: 79.1667 % | RAM App: 221.125 MB | Sys Avail: 24067.6 MB / 65466.5 MB
[ "17:34:13.638" ][SystemMonitor] Stats Update: CPU App: 0.520833 % | Sys: 79.1667 % | RAM App: 221.215 MB | Sys Avail: 24077.2 MB / 65466.5 MB
[ "17:34:14.630" ][SystemMonitor] Stats Update: CPU App: 0.78125 % | Sys: 68.2292 % | RAM App: 221.246 MB | Sys Avail: 23948.9 MB / 65466.5 MB
[ "17:34:15.639" ][SystemMonitor] Stats Update: CPU App: 0.520833 % | Sys: 68.2292 % | RAM App: 221.293 MB | Sys Avail: 24015.4 MB / 65466.5 MB
[ "17:34:16.630" ][SystemMonitor] Stats Update: CPU App: 0.78125 % | Sys: 85.9375 % | RAM App: 221.32 MB | Sys Avail: 24021.9 MB / 65466.5 MB
[ "17:34:17.643" ][SystemMonitor] Stats Update: CPU App: 0.520833 % | Sys: 96.0938 % | RAM App: 221.34 MB | Sys Avail: 24127.5 MB / 65466.5 MB
TelemetryMonitor: Processed 300 frames. Current FPS: 30
[ "17:34:18.644" ][SystemMonitor] Stats Update: CPU App: 0.78125 % | Sys: 93.2292 % | RAM App: 221.359 MB | Sys Avail: 24476.5 MB / 65466.5 MB
[ "17:34:19.639" ][SystemMonitor] Stats Update: CPU App: 0 % | Sys: 80.4688 % | RAM App: 221.383 MB | Sys Avail: 24474.1 MB / 65466.5 MB
[ "17:34:20.635" ][SystemMonitor] Stats Update: CPU App: 0.78125 % | Sys: 82.2917 % | RAM App: 221.402 MB | Sys Avail: 24480 MB / 65466.5 MB
[ "17:34:21.635" ][SystemMonitor] Stats Update: CPU App: 0.260417 % | Sys: 88.5417 % | RAM App: 221.461 MB | Sys Avail: 24477.6 MB / 65466.5 MB
[ "17:34:22.644" ][SystemMonitor] Stats Update: CPU App: 0.260417 % | Sys: 78.3854 % | RAM App: 221.539 MB | Sys Avail: 24476.5 MB / 65466.5 MB
[ "17:34:23.644" ][SystemMonitor] Stats Update: CPU App: 0 % | Sys: 77.8646 % | RAM App: 221.633 MB | Sys Avail: 24474.9 MB / 65466.5 MB
[ "17:34:24.631" ][SystemMonitor] Stats Update: CPU App: 0.78125 % | Sys: 79.4271 % | RAM App: 221.719 MB | Sys Avail: 24473.6 MB / 65466.5 MB
[ "17:34:25.645" ][SystemMonitor] Stats Update: CPU App: 0.520833 % | Sys: 80.7292 % | RAM App: 217.434 MB | Sys Avail: 24479.6 MB / 65466.5 MB
[ "17:34:26.642" ][SystemMonitor] Stats Update: CPU App: 1.04167 % | Sys: 79.4271 % | RAM App: 217.801 MB | Sys Avail: 24478.7 MB / 65466.5 MB
[ "17:34:27.644" ][SystemMonitor] Stats Update: CPU App: 0.260417 % | Sys: 80.4688 % | RAM App: 217.883 MB | Sys Avail: 24481.8 MB / 65466.5 MB
TelemetryMonitor: Processed 300 frames. Current FPS: 30
[ "17:34:28.632" ][SystemMonitor] Stats Update: CPU App: 0.78125 % | Sys: 81.25 % | RAM App: 217.902 MB | Sys Avail: 24484.5 MB / 65466.5 MB
[ "17:34:29.638" ][SystemMonitor] Stats Update: CPU App: 0.78125 % | Sys: 82.5521 % | RAM App: 217.938 MB | Sys Avail: 24487.8 MB / 65466.5 MB
[ "17:34:30.643" ][SystemMonitor] Stats Update: CPU App: 0.78125 % | Sys: 76.3021 % | RAM App: 218.004 MB | Sys Avail: 24487.4 MB / 65466.5 MB
[ "17:34:31.633" ][SystemMonitor] Stats Update: CPU App: 0.78125 % | Sys: 79.4271 % | RAM App: 218.035 MB | Sys Avail: 24489.3 MB / 65466.5 MB
[ "17:34:32.643" ][SystemMonitor] Stats Update: CPU App: 0.78125 % | Sys: 74.2188 % | RAM App: 217.914 MB | Sys Avail: 24489.3 MB / 65466.5 MB
[ "17:34:33.637" ][SystemMonitor] Stats Update: CPU App: 1.82292 % | Sys: 95.5729 % | RAM App: 217.805 MB | Sys Avail: 24442.7 MB / 65466.5 MB
[ "17:34:34.642" ][SystemMonitor] Stats Update: CPU App: 1.04167 % | Sys: 63.5417 % | RAM App: 217.82 MB | Sys Avail: 24487.2 MB / 65466.5 MB
[ "17:34:35.643" ][SystemMonitor] Stats Update: CPU App: 1.5625 % | Sys: 91.6667 % | RAM App: 217.832 MB | Sys Avail: 24525.7 MB / 65466.5 MB
[ "17:34:36.631" ][SystemMonitor] Stats Update: CPU App: 0.78125 % | Sys: 73.1771 % | RAM App: 217.844 MB | Sys Avail: 24584.9 MB / 65466.5 MB
[ "17:34:37.643" ][SystemMonitor] Stats Update: CPU App: 0.78125 % | Sys: 73.1771 % | RAM App: 217.852 MB | Sys Avail: 24609 MB / 65466.5 MB
TelemetryMonitor: Processed 300 frames. Current FPS: 29
[ "17:34:38.645" ][SystemMonitor] Stats Update: CPU App: 1.04167 % | Sys: 69.2708 % | RAM App: 217.898 MB | Sys Avail: 24577.6 MB / 65466.5 MB
[ "17:34:39.643" ][SystemMonitor] Stats Update: CPU App: 0.78125 % | Sys: 67.7083 % | RAM App: 217.906 MB | Sys Avail: 24578.6 MB / 65466.5 MB
[ "17:34:40.643" ][SystemMonitor] Stats Update: CPU App: 1.04167 % | Sys: 72.6563 % | RAM App: 217.918 MB | Sys Avail: 24579.4 MB / 65466.5 MB
[ "17:34:41.632" ][SystemMonitor] Stats Update: CPU App: 1.04167 % | Sys: 63.0208 % | RAM App: 217.973 MB | Sys Avail: 24601.1 MB / 65466.5 MB
[ "17:34:42.643" ][SystemMonitor] Stats Update: CPU App: 0.78125 % | Sys: 60.6771 % | RAM App: 218.027 MB | Sys Avail: 24595.8 MB / 65466.5 MB
[ "17:34:43.643" ][SystemMonitor] Stats Update: CPU App: 1.82292 % | Sys: 77.8646 % | RAM App: 218.105 MB | Sys Avail: 24767.1 MB / 65466.5 MB
[ "17:34:44.643" ][SystemMonitor] Stats Update: CPU App: 1.30208 % | Sys: 73.1771 % | RAM App: 218.176 MB | Sys Avail: 24717.8 MB / 65466.5 MB
[ "17:34:45.644" ][SystemMonitor] Stats Update: CPU App: 0.260417 % | Sys: 71.6146 % | RAM App: 218.258 MB | Sys Avail: 24718.6 MB / 65466.5 MB
[ "17:34:46.644" ][SystemMonitor] Stats Update: CPU App: 1.30208 % | Sys: 77.6042 % | RAM App: 218.336 MB | Sys Avail: 24728 MB / 65466.5 MB
[ "17:34:47.643" ][SystemMonitor] Stats Update: CPU App: 0.78125 % | Sys: 75.2604 % | RAM App: 218.402 MB | Sys Avail: 24713.2 MB / 65466.5 MB
[ "17:34:48.632" ][SystemMonitor] Stats Update: CPU App: 1.04167 % | Sys: 66.9271 % | RAM App: 218.422 MB | Sys Avail: 24715 MB / 65466.5 MB
TelemetryMonitor: Processed 300 frames. Current FPS: 30
[ "17:34:49.635" ][SystemMonitor] Stats Update: CPU App: 0.78125 % | Sys: 75 % | RAM App: 218.5 MB | Sys Avail: 24718.3 MB / 65466.5 MB
[ "17:34:50.645" ][SystemMonitor] Stats Update: CPU App: 0 % | Sys: 65.625 % | RAM App: 218.578 MB | Sys Avail: 24710.9 MB / 65466.5 MB
[ "17:34:51.637" ][SystemMonitor] Stats Update: CPU App: 0.520833 % | Sys: 69.2708 % | RAM App: 218.652 MB | Sys Avail: 24710.7 MB / 65466.5 MB
[ "17:34:52.643" ][SystemMonitor] Stats Update: CPU App: 1.04167 % | Sys: 63.5417 % | RAM App: 218.719 MB | Sys Avail: 24710.7 MB / 65466.5 MB
[ "17:34:53.643" ][SystemMonitor] Stats Update: CPU App: 0.260417 % | Sys: 64.0625 % | RAM App: 218.793 MB | Sys Avail: 24717.7 MB / 65466.5 MB
[ "17:34:54.645" ][SystemMonitor] Stats Update: CPU App: 0.78125 % | Sys: 77.6042 % | RAM App: 218.867 MB | Sys Avail: 24728.7 MB / 65466.5 MB
[ "17:34:55.639" ][SystemMonitor] Stats Update: CPU App: 0.520833 % | Sys: 67.7083 % | RAM App: 218.945 MB | Sys Avail: 24726.3 MB / 65466.5 MB
[ "17:34:56.644" ][SystemMonitor] Stats Update: CPU App: 1.82292 % | Sys: 68.2292 % | RAM App: 219.02 MB | Sys Avail: 24725.4 MB / 65466.5 MB
[ "17:34:57.638" ][SystemMonitor] Stats Update: CPU App: 0.520833 % | Sys: 60.1563 % | RAM App: 219.102 MB | Sys Avail: 24726.3 MB / 65466.5 MB
[ "17:34:58.644" ][SystemMonitor] Stats Update: CPU App: 0.78125 % | Sys: 69.7917 % | RAM App: 219.172 MB | Sys Avail: 24719.2 MB / 65466.5 MB
TelemetryMonitor: Processed 300 frames. Current FPS: 30
[ "17:34:59.634" ][SystemMonitor] Stats Update: CPU App: 2.34375 % | Sys: 65.625 % | RAM App: 219.25 MB | Sys Avail: 24660.4 MB / 65466.5 MB
[ "17:35:00.631" ][SystemMonitor] Stats Update: CPU App: 0.78125 % | Sys: 64.5833 % | RAM App: 219.336 MB | Sys Avail: 24608.6 MB / 65466.5 MB
[ "17:35:01.644" ][SystemMonitor] Stats Update: CPU App: 0.520833 % | Sys: 61.7188 % | RAM App: 219.41 MB | Sys Avail: 24610.3 MB / 65466.5 MB
[ "17:35:02.631" ][SystemMonitor] Stats Update: CPU App: 0.520833 % | Sys: 70.0521 % | RAM App: 219.445 MB | Sys Avail: 24603.5 MB / 65466.5 MB
[ "17:35:03.632" ][SystemMonitor] Stats Update: CPU App: 1.30208 % | Sys: 90.8854 % | RAM App: 219.504 MB | Sys Avail: 24600.8 MB / 65466.5 MB
[ "17:35:04.644" ][SystemMonitor] Stats Update: CPU App: 0.260417 % | Sys: 67.9688 % | RAM App: 219.574 MB | Sys Avail: 24538.7 MB / 65466.5 MB
[ "17:35:05.661" ][SystemMonitor] Stats Update: CPU App: 1.53846 % | Sys: 73.8462 % | RAM App: 219.66 MB | Sys Avail: 24543 MB / 65466.5 MB
[ "17:35:06.631" ][SystemMonitor] Stats Update: CPU App: 1.32275 % | Sys: 72.2222 % | RAM App: 219.734 MB | Sys Avail: 24536.7 MB / 65466.5 MB
[ "17:35:07.644" ][SystemMonitor] Stats Update: CPU App: 1.5625 % | Sys: 72.3958 % | RAM App: 219.816 MB | Sys Avail: 24536.3 MB / 65466.5 MB
[ "17:35:08.631" ][SystemMonitor] Stats Update: CPU App: 1.5625 % | Sys: 66.9271 % | RAM App: 219.891 MB | Sys Avail: 24503.2 MB / 65466.5 MB
TelemetryMonitor: Processed 300 frames. Current FPS: 30
[ "17:35:09.639" ][SystemMonitor] Stats Update: CPU App: 0.78125 % | Sys: 64.0625 % | RAM App: 219.977 MB | Sys Avail: 24506.1 MB / 65466.5 MB
[ "17:35:10.645" ][SystemMonitor] Stats Update: CPU App: 0.78125 % | Sys: 79.6875 % | RAM App: 220.051 MB | Sys Avail: 24504.9 MB / 65466.5 MB
[ "17:35:11.645" ][SystemMonitor] Stats Update: CPU App: 0.78125 % | Sys: 60.1563 % | RAM App: 220.133 MB | Sys Avail: 24509.9 MB / 65466.5 MB
[ "17:35:12.637" ][SystemMonitor] Stats Update: CPU App: 1.5625 % | Sys: 61.7188 % | RAM App: 220.211 MB | Sys Avail: 24507.4 MB / 65466.5 MB
[ "17:35:13.645" ][SystemMonitor] Stats Update: CPU App: 0.78125 % | Sys: 80.2083 % | RAM App: 220.262 MB | Sys Avail: 24475.4 MB / 65466.5 MB
[ "17:35:14.631" ][SystemMonitor] Stats Update: CPU App: 0.520833 % | Sys: 60.9375 % | RAM App: 220.301 MB | Sys Avail: 24476.2 MB / 65466.5 MB
[ "17:35:15.634" ][SystemMonitor] Stats Update: CPU App: 1.04167 % | Sys: 59.6354 % | RAM App: 220.375 MB | Sys Avail: 24475.5 MB / 65466.5 MB
[ "17:35:16.644" ][SystemMonitor] Stats Update: CPU App: 0.520833 % | Sys: 74.7396 % | RAM App: 220.453 MB | Sys Avail: 24476.1 MB / 65466.5 MB
[ "17:35:17.631" ][SystemMonitor] Stats Update: CPU App: 1.5625 % | Sys: 64.8438 % | RAM App: 220.531 MB | Sys Avail: 24697.8 MB / 65466.5 MB
[ "17:35:18.644" ][SystemMonitor] Stats Update: CPU App: 1.04167 % | Sys: 59.1146 % | RAM App: 220.605 MB | Sys Avail: 24698.6 MB / 65466.5 MB
TelemetryMonitor: Processed 300 frames. Current FPS: 30
[ "17:35:19.638" ][SystemMonitor] Stats Update: CPU App: 1.5625 % | Sys: 58.8542 % | RAM App: 220.676 MB | Sys Avail: 24627.2 MB / 65466.5 MB
[ "17:35:20.631" ][SystemMonitor] Stats Update: CPU App: 1.04167 % | Sys: 70.0521 % | RAM App: 220.75 MB | Sys Avail: 24690.2 MB / 65466.5 MB
[ "17:35:21.638" ][SystemMonitor] Stats Update: CPU App: 1.82292 % | Sys: 78.3854 % | RAM App: 220.828 MB | Sys Avail: 24681.6 MB / 65466.5 MB
[ "17:35:22.645" ][SystemMonitor] Stats Update: CPU App: 0.78125 % | Sys: 84.375 % | RAM App: 220.902 MB | Sys Avail: 24560.1 MB / 65466.5 MB
[ "17:35:23.637" ][SystemMonitor] Stats Update: CPU App: 1.04167 % | Sys: 73.4375 % | RAM App: 220.98 MB | Sys Avail: 24548.9 MB / 65466.5 MB
[ "17:35:24.644" ][SystemMonitor] Stats Update: CPU App: 0.520833 % | Sys: 68.4896 % | RAM App: 221.07 MB | Sys Avail: 24607.9 MB / 65466.5 MB
[ "17:35:25.639" ][SystemMonitor] Stats Update: CPU App: 1.30208 % | Sys: 78.6458 % | RAM App: 218.988 MB | Sys Avail: 24627.3 MB / 65466.5 MB
[ "17:35:26.645" ][SystemMonitor] Stats Update: CPU App: 0.260417 % | Sys: 71.6146 % | RAM App: 219.137 MB | Sys Avail: 24579.5 MB / 65466.5 MB
[ "17:35:27.645" ][SystemMonitor] Stats Update: CPU App: 1.04167 % | Sys: 69.5313 % | RAM App: 219.25 MB | Sys Avail: 24573.7 MB / 65466.5 MB
[ "17:35:28.644" ][SystemMonitor] Stats Update: CPU App: 0.78125 % | Sys: 65.8854 % | RAM App: 219.305 MB | Sys Avail: 24566.2 MB / 65466.5 MB
[ "17:35:29.645" ][SystemMonitor] Stats Update: CPU App: 1.5625 % | Sys: 68.75 % | RAM App: 219.383 MB | Sys Avail: 24595.2 MB / 65466.5 MB
TelemetryMonitor: Processed 300 frames. Current FPS: 29
[ "17:35:30.644" ][SystemMonitor] Stats Update: CPU App: 1.5625 % | Sys: 66.6667 % | RAM App: 219.414 MB | Sys Avail: 24503 MB / 65466.5 MB
[ "17:35:31.645" ][SystemMonitor] Stats Update: CPU App: 1.04167 % | Sys: 66.9271 % | RAM App: 219.434 MB | Sys Avail: 24586.7 MB / 65466.5 MB
[ "17:35:32.645" ][SystemMonitor] Stats Update: CPU App: 1.30208 % | Sys: 66.6667 % | RAM App: 219.445 MB | Sys Avail: 24623.8 MB / 65466.5 MB
[ "17:35:33.639" ][SystemMonitor] Stats Update: CPU App: 1.5625 % | Sys: 94.2708 % | RAM App: 219.461 MB | Sys Avail: 24611.2 MB / 65466.5 MB
[ "17:35:34.631" ][SystemMonitor] Stats Update: CPU App: 1.04167 % | Sys: 71.875 % | RAM App: 219.473 MB | Sys Avail: 24543.4 MB / 65466.5 MB
[ "17:35:35.645" ][SystemMonitor] Stats Update: CPU App: 1.04167 % | Sys: 81.25 % | RAM App: 219.527 MB | Sys Avail: 24637.2 MB / 65466.5 MB
[ "17:35:36.645" ][SystemMonitor] Stats Update: CPU App: 1.5625 % | Sys: 65.625 % | RAM App: 219.574 MB | Sys Avail: 24653.2 MB / 65466.5 MB
[ "17:35:37.639" ][SystemMonitor] Stats Update: CPU App: 0.520833 % | Sys: 65.1042 % | RAM App: 219.574 MB | Sys Avail: 24606 MB / 65466.5 MB
[ "17:35:38.645" ][SystemMonitor] Stats Update: CPU App: 1.30208 % | Sys: 73.9583 % | RAM App: 219.574 MB | Sys Avail: 24570.1 MB / 65466.5 MB
[ "17:35:39.645" ][SystemMonitor] Stats Update: CPU App: 1.82292 % | Sys: 69.7917 % | RAM App: 219.621 MB | Sys Avail: 24676.2 MB / 65466.5 MB
TelemetryMonitor: Processed 300 frames. Current FPS: 30
[ "17:35:40.645" ][SystemMonitor] Stats Update: CPU App: 1.30208 % | Sys: 65.3646 % | RAM App: 219.625 MB | Sys Avail: 24654.9 MB / 65466.5 MB
[ "17:35:41.633" ][SystemMonitor] Stats Update: CPU App: 1.82292 % | Sys: 64.5833 % | RAM App: 219.625 MB | Sys Avail: 24634 MB / 65466.5 MB
[ "17:35:42.646" ][SystemMonitor] Stats Update: CPU App: 0.520833 % | Sys: 65.3646 % | RAM App: 219.625 MB | Sys Avail: 24605.6 MB / 65466.5 MB
[ "17:35:43.632" ][SystemMonitor] Stats Update: CPU App: 1.04167 % | Sys: 65.1042 % | RAM App: 219.672 MB | Sys Avail: 24649.1 MB / 65466.5 MB
[ "17:35:44.630" ][SystemMonitor] Stats Update: CPU App: 0.78125 % | Sys: 62.2396 % | RAM App: 219.707 MB | Sys Avail: 24654.3 MB / 65466.5 MB
[ "17:35:45.639" ][SystemMonitor] Stats Update: CPU App: 0.78125 % | Sys: 52.8646 % | RAM App: 219.73 MB | Sys Avail: 24670.3 MB / 65466.5 MB
[ "17:35:46.630" ][SystemMonitor] Stats Update: CPU App: 1.5625 % | Sys: 84.1146 % | RAM App: 219.754 MB | Sys Avail: 24654.7 MB / 65466.5 MB
[ "17:35:47.646" ][SystemMonitor] Stats Update: CPU App: 0.260417 % | Sys: 80.7292 % | RAM App: 219.777 MB | Sys Avail: 24619.7 MB / 65466.5 MB
[ "17:35:48.646" ][SystemMonitor] Stats Update: CPU App: 0.520833 % | Sys: 85.6771 % | RAM App: 219.797 MB | Sys Avail: 24531.6 MB / 65466.5 MB
[ "17:35:49.645" ][SystemMonitor] Stats Update: CPU App: 0.78125 % | Sys: 88.0208 % | RAM App: 219.82 MB | Sys Avail: 24384.7 MB / 65466.5 MB
TelemetryMonitor: Processed 300 frames. Current FPS: 30
[ "17:35:50.645" ][SystemMonitor] Stats Update: CPU App: 1.82292 % | Sys: 91.4063 % | RAM App: 219.844 MB | Sys Avail: 24264.9 MB / 65466.5 MB
[ "17:35:51.645" ][SystemMonitor] Stats Update: CPU App: 2.08333 % | Sys: 89.8438 % | RAM App: 219.863 MB | Sys Avail: 24235.7 MB / 65466.5 MB
[ "17:35:52.632" ][SystemMonitor] Stats Update: CPU App: 0.78125 % | Sys: 89.8438 % | RAM App: 219.883 MB | Sys Avail: 24208.1 MB / 65466.5 MB
[ "17:35:53.633" ][SystemMonitor] Stats Update: CPU App: 0.520833 % | Sys: 93.75 % | RAM App: 219.953 MB | Sys Avail: 24226 MB / 65466.5 MB
[ "17:35:54.645" ][SystemMonitor] Stats Update: CPU App: 1.5625 % | Sys: 88.8021 % | RAM App: 220.027 MB | Sys Avail: 24187.9 MB / 65466.5 MB
[ "17:35:55.645" ][SystemMonitor] Stats Update: CPU App: 1.5625 % | Sys: 89.0625 % | RAM App: 220.102 MB | Sys Avail: 24230.9 MB / 65466.5 MB
[ "17:35:56.647" ][SystemMonitor] Stats Update: CPU App: 0.518135 % | Sys: 91.7949 % | RAM App: 220.176 MB | Sys Avail: 24081.7 MB / 65466.5 MB
[ "17:35:57.646" ][SystemMonitor] Stats Update: CPU App: 1.3089 % | Sys: 91.5344 % | RAM App: 220.246 MB | Sys Avail: 24099.3 MB / 65466.5 MB
[ "17:35:58.646" ][SystemMonitor] Stats Update: CPU App: 1.04167 % | Sys: 91.4063 % | RAM App: 220.273 MB | Sys Avail: 24082.1 MB / 65466.5 MB
[ "17:35:59.647" ][SystemMonitor] Stats Update: CPU App: 1.5625 % | Sys: 89.0625 % | RAM App: 220.297 MB | Sys Avail: 24186.4 MB / 65466.5 MB
[ "17:36:00.646" ][SystemMonitor] Stats Update: CPU App: 0.260417 % | Sys: 91.9271 % | RAM App: 220.316 MB | Sys Avail: 24276.4 MB / 65466.5 MB
TelemetryMonitor: Processed 300 frames. Current FPS: 30
[ "17:36:01.645" ][SystemMonitor] Stats Update: CPU App: 1.04167 % | Sys: 77.8646 % | RAM App: 220.391 MB | Sys Avail: 24273 MB / 65466.5 MB
[ "17:36:02.632" ][SystemMonitor] Stats Update: CPU App: 0.520833 % | Sys: 79.6875 % | RAM App: 220.469 MB | Sys Avail: 24282.2 MB / 65466.5 MB
[ "17:36:03.639" ][SystemMonitor] Stats Update: CPU App: 2.08333 % | Sys: 99.2188 % | RAM App: 220.492 MB | Sys Avail: 24282.4 MB / 65466.5 MB
[ "17:36:04.646" ][SystemMonitor] Stats Update: CPU App: 1.5625 % | Sys: 78.9063 % | RAM App: 220.52 MB | Sys Avail: 24270.7 MB / 65466.5 MB
[ "17:36:05.639" ][SystemMonitor] Stats Update: CPU App: 1.04167 % | Sys: 91.1458 % | RAM App: 220.539 MB | Sys Avail: 24247.3 MB / 65466.5 MB
[ "17:36:06.631" ][SystemMonitor] Stats Update: CPU App: 0.78125 % | Sys: 77.8646 % | RAM App: 220.563 MB | Sys Avail: 24285.6 MB / 65466.5 MB
[ "17:36:07.635" ][SystemMonitor] Stats Update: CPU App: 0.520833 % | Sys: 65.625 % | RAM App: 220.668 MB | Sys Avail: 24288.2 MB / 65466.5 MB
[ "17:36:08.646" ][SystemMonitor] Stats Update: CPU App: 0 % | Sys: 77.892 % | RAM App: 220.688 MB | Sys Avail: 24293.7 MB / 65466.5 MB
[ "17:36:09.646" ][SystemMonitor] Stats Update: CPU App: 1.29199 % | Sys: 67.5325 % | RAM App: 220.793 MB | Sys Avail: 24292 MB / 65466.5 MB
[ "17:36:10.631" ][SystemMonitor] Stats Update: CPU App: 0.787402 % | Sys: 69.3122 % | RAM App: 220.867 MB | Sys Avail: 24275.7 MB / 65466.5 MB
TelemetryMonitor: Processed 300 frames. Current FPS: 30
[ "17:36:11.646" ][SystemMonitor] Stats Update: CPU App: 0.520833 % | Sys: 85.6771 % | RAM App: 220.941 MB | Sys Avail: 24314.8 MB / 65466.5 MB
[ "17:36:12.646" ][SystemMonitor] Stats Update: CPU App: 1.79487 % | Sys: 65.3846 % | RAM App: 220.996 MB | Sys Avail: 24305.6 MB / 65466.5 MB
[ "17:36:13.649" ][SystemMonitor] Stats Update: CPU App: 0.78125 % | Sys: 67.9688 % | RAM App: 221.02 MB | Sys Avail: 24420.2 MB / 65466.5 MB
[ "17:36:14.646" ][SystemMonitor] Stats Update: CPU App: 1.04167 % | Sys: 67.7083 % | RAM App: 221.055 MB | Sys Avail: 24415.1 MB / 65466.5 MB
[ "17:36:15.638" ][SystemMonitor] Stats Update: CPU App: 0.793651 % | Sys: 78.3069 % | RAM App: 221.074 MB | Sys Avail: 24415.8 MB / 65466.5 MB
[ "17:36:16.631" ][SystemMonitor] Stats Update: CPU App: 1.04167 % | Sys: 77.3438 % | RAM App: 221.102 MB | Sys Avail: 24372 MB / 65466.5 MB
[ "17:36:17.646" ][SystemMonitor] Stats Update: CPU App: 0.78125 % | Sys: 78.7013 % | RAM App: 221.125 MB | Sys Avail: 24365.2 MB / 65466.5 MB
[ "17:36:18.631" ][SystemMonitor] Stats Update: CPU App: 0.78125 % | Sys: 89.0339 % | RAM App: 221.191 MB | Sys Avail: 24397.7 MB / 65466.5 MB
[ "17:36:19.632" ][SystemMonitor] Stats Update: CPU App: 0 % | Sys: 90.1042 % | RAM App: 221.227 MB | Sys Avail: 24394.2 MB / 65466.5 MB
[ "17:36:20.647" ][SystemMonitor] Stats Update: CPU App: 0.769231 % | Sys: 67.1795 % | RAM App: 221.25 MB | Sys Avail: 24399.1 MB / 65466.5 MB
TelemetryMonitor: Processed 300 frames. Current FPS: 30
[ "17:36:21.647" ][SystemMonitor] Stats Update: CPU App: 0.78125 % | Sys: 68.2292 % | RAM App: 221.27 MB | Sys Avail: 24396.4 MB / 65466.5 MB
[ "17:36:22.644" ][SystemMonitor] Stats Update: CPU App: 0.26455 % | Sys: 82.5397 % | RAM App: 221.289 MB | Sys Avail: 24387.6 MB / 65466.5 MB
[ "17:36:23.647" ][SystemMonitor] Stats Update: CPU App: 0 % | Sys: 70.5128 % | RAM App: 221.316 MB | Sys Avail: 24402.1 MB / 65466.5 MB
[ "17:36:24.631" ][SystemMonitor] Stats Update: CPU App: 0.793651 % | Sys: 73.0159 % | RAM App: 221.367 MB | Sys Avail: 24415.4 MB / 65466.5 MB
[ "17:36:25.647" ][SystemMonitor] Stats Update: CPU App: 0.769231 % | Sys: 69.7436 % | RAM App: 218.973 MB | Sys Avail: 24417.7 MB / 65466.5 MB
[ "17:36:26.647" ][SystemMonitor] Stats Update: CPU App: 0.793651 % | Sys: 59.5238 % | RAM App: 219.141 MB | Sys Avail: 24419.6 MB / 65466.5 MB
[ "17:36:27.640" ][SystemMonitor] Stats Update: CPU App: 1.04167 % | Sys: 72.6563 % | RAM App: 219.141 MB | Sys Avail: 24421.2 MB / 65466.5 MB
[ "17:36:28.647" ][SystemMonitor] Stats Update: CPU App: 0.25641 % | Sys: 61.0256 % | RAM App: 219.145 MB | Sys Avail: 24424.9 MB / 65466.5 MB
[ "17:36:29.647" ][SystemMonitor] Stats Update: CPU App: 0.520833 % | Sys: 63.0208 % | RAM App: 219.18 MB | Sys Avail: 24425.6 MB / 65466.5 MB
[ "17:36:30.648" ][SystemMonitor] Stats Update: CPU App: 0.520833 % | Sys: 66.9271 % | RAM App: 219.211 MB | Sys Avail: 24425.1 MB / 65466.5 MB
[ "17:36:31.633" ][SystemMonitor] Stats Update: CPU App: 0 % | Sys: 63.2275 % | RAM App: 219.23 MB | Sys Avail: 24426.4 MB / 65466.5 MB
TelemetryMonitor: Processed 300 frames. Current FPS: 30
[ "17:36:32.647" ][SystemMonitor] Stats Update: CPU App: 0.516796 % | Sys: 60.7692 % | RAM App: 219.246 MB | Sys Avail: 24426.8 MB / 65466.5 MB
[ "17:36:33.647" ][SystemMonitor] Stats Update: CPU App: 0.258398 % | Sys: 96.3542 % | RAM App: 219.254 MB | Sys Avail: 24425.5 MB / 65466.5 MB
[ "17:36:34.631" ][SystemMonitor] Stats Update: CPU App: 1.0582 % | Sys: 67.1958 % | RAM App: 219.313 MB | Sys Avail: 24418.7 MB / 65466.5 MB
[ "17:36:35.639" ][SystemMonitor] Stats Update: CPU App: 0.520833 % | Sys: 81.7708 % | RAM App: 219.313 MB | Sys Avail: 24379.5 MB / 65466.5 MB
[ "17:36:36.647" ][SystemMonitor] Stats Update: CPU App: 1.02564 % | Sys: 68.7179 % | RAM App: 219.379 MB | Sys Avail: 24408.6 MB / 65466.5 MB
[ "17:36:37.631" ][SystemMonitor] Stats Update: CPU App: 0.26455 % | Sys: 60.3175 % | RAM App: 219.379 MB | Sys Avail: 24409.4 MB / 65466.5 MB
[ "17:36:38.632" ][SystemMonitor] Stats Update: CPU App: 1.30208 % | Sys: 78.3854 % | RAM App: 219.41 MB | Sys Avail: 24413.1 MB / 65466.5 MB
[ "17:36:39.648" ][SystemMonitor] Stats Update: CPU App: 1.28205 % | Sys: 62.3077 % | RAM App: 219.426 MB | Sys Avail: 24356.5 MB / 65466.5 MB
[ "17:36:40.648" ][SystemMonitor] Stats Update: CPU App: 1.30208 % | Sys: 64.8438 % | RAM App: 219.426 MB | Sys Avail: 24283.8 MB / 65466.5 MB
[ "17:36:41.647" ][SystemMonitor] Stats Update: CPU App: 0.520833 % | Sys: 60.9375 % | RAM App: 219.457 MB | Sys Avail: 24281.6 MB / 65466.5 MB
TelemetryMonitor: Processed 300 frames. Current FPS: 29
[ "17:36:42.631" ][SystemMonitor] Stats Update: CPU App: 1.0582 % | Sys: 64.5503 % | RAM App: 219.457 MB | Sys Avail: 24280.9 MB / 65466.5 MB
[ "17:36:43.647" ][SystemMonitor] Stats Update: CPU App: 0.769231 % | Sys: 74.6154 % | RAM App: 219.477 MB | Sys Avail: 24241.3 MB / 65466.5 MB
[ "17:36:44.647" ][SystemMonitor] Stats Update: CPU App: 1.04167 % | Sys: 78.9063 % | RAM App: 219.512 MB | Sys Avail: 24355 MB / 65466.5 MB
[ "17:36:45.635" ][SystemMonitor] Stats Update: CPU App: 0.793651 % | Sys: 74.8677 % | RAM App: 219.531 MB | Sys Avail: 24212.2 MB / 65466.5 MB
[ "17:36:46.648" ][SystemMonitor] Stats Update: CPU App: 1.28205 % | Sys: 77.1795 % | RAM App: 219.602 MB | Sys Avail: 24094.5 MB / 65466.5 MB
[ "17:36:47.636" ][SystemMonitor] Stats Update: CPU App: 0.529101 % | Sys: 82.0106 % | RAM App: 219.648 MB | Sys Avail: 24045.8 MB / 65466.5 MB
[ "17:36:48.647" ][SystemMonitor] Stats Update: CPU App: 1.53846 % | Sys: 78.4615 % | RAM App: 219.773 MB | Sys Avail: 23989.8 MB / 65466.5 MB
[ "17:36:49.648" ][SystemMonitor] Stats Update: CPU App: 0.260417 % | Sys: 75 % | RAM App: 219.84 MB | Sys Avail: 23944.9 MB / 65466.5 MB
[ "17:36:50.631" ][SystemMonitor] Stats Update: CPU App: 0.529101 % | Sys: 82.8042 % | RAM App: 219.859 MB | Sys Avail: 23892.2 MB / 65466.5 MB
[ "17:36:51.647" ][SystemMonitor] Stats Update: CPU App: 0.769231 % | Sys: 82.5641 % | RAM App: 219.883 MB | Sys Avail: 23923.8 MB / 65466.5 MB
TelemetryMonitor: Processed 300 frames. Current FPS: 30
[ "17:36:52.631" ][SystemMonitor] Stats Update: CPU App: 1.0582 % | Sys: 80.1587 % | RAM App: 219.902 MB | Sys Avail: 23866.2 MB / 65466.5 MB
[ "17:36:53.648" ][SystemMonitor] Stats Update: CPU App: 0.769231 % | Sys: 80.2564 % | RAM App: 219.926 MB | Sys Avail: 23889 MB / 65466.5 MB
[ "17:36:54.631" ][SystemMonitor] Stats Update: CPU App: 1.0582 % | Sys: 82.0106 % | RAM App: 219.945 MB | Sys Avail: 24141.3 MB / 65466.5 MB
[ "17:36:55.631" ][SystemMonitor] Stats Update: CPU App: 0.520833 % | Sys: 58.5938 % | RAM App: 219.969 MB | Sys Avail: 24149.8 MB / 65466.5 MB
[ "17:36:56.632" ][SystemMonitor] Stats Update: CPU App: 0.78125 % | Sys: 73.6979 % | RAM App: 220.094 MB | Sys Avail: 24160.3 MB / 65466.5 MB
[ "17:36:57.639" ][SystemMonitor] Stats Update: CPU App: 0.78125 % | Sys: 79.4271 % | RAM App: 220.168 MB | Sys Avail: 24153.7 MB / 65466.5 MB
[ "17:36:58.631" ][SystemMonitor] Stats Update: CPU App: 0.520833 % | Sys: 66.1458 % | RAM App: 220.242 MB | Sys Avail: 24139.4 MB / 65466.5 MB
[ "17:36:59.648" ][SystemMonitor] Stats Update: CPU App: 1.02564 % | Sys: 60 % | RAM App: 220.316 MB | Sys Avail: 24141.6 MB / 65466.5 MB
[ "17:37:00.632" ][SystemMonitor] Stats Update: CPU App: 0.529101 % | Sys: 64.5503 % | RAM App: 220.391 MB | Sys Avail: 24071.9 MB / 65466.5 MB
[ "17:37:01.648" ][SystemMonitor] Stats Update: CPU App: 0.25641 % | Sys: 62.3077 % | RAM App: 220.469 MB | Sys Avail: 24076.9 MB / 65466.5 MB
TelemetryMonitor: Processed 300 frames. Current FPS: 30
[ "17:37:02.648" ][SystemMonitor] Stats Update: CPU App: 0.78125 % | Sys: 63.5417 % | RAM App: 220.543 MB | Sys Avail: 24036 MB / 65466.5 MB
[ "17:37:03.648" ][SystemMonitor] Stats Update: CPU App: 1.04167 % | Sys: 95.0521 % | RAM App: 220.563 MB | Sys Avail: 24080.2 MB / 65466.5 MB
[ "17:37:04.632" ][SystemMonitor] Stats Update: CPU App: 1.0582 % | Sys: 71.6931 % | RAM App: 220.586 MB | Sys Avail: 24069.8 MB / 65466.5 MB
[ "17:37:05.648" ][SystemMonitor] Stats Update: CPU App: 0.512821 % | Sys: 83.8462 % | RAM App: 220.605 MB | Sys Avail: 24111.1 MB / 65466.5 MB
[ "17:37:06.632" ][SystemMonitor] Stats Update: CPU App: 0.793651 % | Sys: 66.4021 % | RAM App: 220.625 MB | Sys Avail: 24101.3 MB / 65466.5 MB
[ "17:37:07.632" ][SystemMonitor] Stats Update: CPU App: 0.260417 % | Sys: 66.6667 % | RAM App: 220.648 MB | Sys Avail: 24033.2 MB / 65466.5 MB
[ "17:37:08.649" ][SystemMonitor] Stats Update: CPU App: 1.02564 % | Sys: 75.8974 % | RAM App: 220.691 MB | Sys Avail: 24036.4 MB / 65466.5 MB
[ "17:37:09.633" ][SystemMonitor] Stats Update: CPU App: 0 % | Sys: 67.4603 % | RAM App: 220.738 MB | Sys Avail: 24097 MB / 65466.5 MB
[ "17:37:10.632" ][SystemMonitor] Stats Update: CPU App: 0 % | Sys: 68.4896 % | RAM App: 220.777 MB | Sys Avail: 24102.4 MB / 65466.5 MB
[ "17:37:11.632" ][SystemMonitor] Stats Update: CPU App: 0.260417 % | Sys: 63.0208 % | RAM App: 220.832 MB | Sys Avail: 24018.3 MB / 65466.5 MB
[ "17:37:12.630" ][SystemMonitor] Stats Update: CPU App: 0.520833 % | Sys: 67.1875 % | RAM App: 220.871 MB | Sys Avail: 24065.4 MB / 65466.5 MB
TelemetryMonitor: Processed 300 frames. Current FPS: 30
[ "17:37:13.632" ][SystemMonitor] Stats Update: CPU App: 0.520833 % | Sys: 71.875 % | RAM App: 220.906 MB | Sys Avail: 24083.2 MB / 65466.5 MB
[ "17:37:14.648" ][SystemMonitor] Stats Update: CPU App: 1.02564 % | Sys: 67.9487 % | RAM App: 220.98 MB | Sys Avail: 24044.5 MB / 65466.5 MB
[ "17:37:15.649" ][SystemMonitor] Stats Update: CPU App: 1.04167 % | Sys: 72.1354 % | RAM App: 221.031 MB | Sys Avail: 24069.5 MB / 65466.5 MB
[ "17:37:16.632" ][SystemMonitor] Stats Update: CPU App: 0.793651 % | Sys: 64.8148 % | RAM App: 221.133 MB | Sys Avail: 24147.8 MB / 65466.5 MB
[ "17:37:17.649" ][SystemMonitor] Stats Update: CPU App: 0.769231 % | Sys: 64.8718 % | RAM App: 221.207 MB | Sys Avail: 24148 MB / 65466.5 MB
[ "17:37:18.630" ][SystemMonitor] Stats Update: CPU App: 0.793651 % | Sys: 63.2275 % | RAM App: 221.281 MB | Sys Avail: 24127.4 MB / 65466.5 MB
[ "17:37:19.649" ][SystemMonitor] Stats Update: CPU App: 0.512821 % | Sys: 67.4359 % | RAM App: 221.359 MB | Sys Avail: 24063.1 MB / 65466.5 MB
[ "17:37:20.632" ][SystemMonitor] Stats Update: CPU App: 1.0582 % | Sys: 68.5185 % | RAM App: 221.434 MB | Sys Avail: 23870.5 MB / 65466.5 MB
[ "17:37:21.648" ][SystemMonitor] Stats Update: CPU App: 0.769231 % | Sys: 60.7692 % | RAM App: 221.512 MB | Sys Avail: 24098.4 MB / 65466.5 MB
[ "17:37:22.631" ][SystemMonitor] Stats Update: CPU App: 0.793651 % | Sys: 70.8995 % | RAM App: 221.594 MB | Sys Avail: 24102.8 MB / 65466.5 MB
TelemetryMonitor: Processed 300 frames. Current FPS: 29
[ "17:37:23.648" ][SystemMonitor] Stats Update: CPU App: 1.53846 % | Sys: 81.0256 % | RAM App: 221.672 MB | Sys Avail: 24033.3 MB / 65466.5 MB
[ "17:37:24.632" ][SystemMonitor] Stats Update: CPU App: 1.32275 % | Sys: 66.9312 % | RAM App: 221.746 MB | Sys Avail: 24102.5 MB / 65466.5 MB
[ "17:37:25.648" ][SystemMonitor] Stats Update: CPU App: 1.79487 % | Sys: 56.1538 % | RAM App: 218.543 MB | Sys Avail: 24149.4 MB / 65466.5 MB
[ "17:37:26.632" ][SystemMonitor] Stats Update: CPU App: 0.529101 % | Sys: 49.7354 % | RAM App: 218.711 MB | Sys Avail: 24148.3 MB / 65466.5 MB
[ "17:37:27.634" ][SystemMonitor] Stats Update: CPU App: 0.520833 % | Sys: 78.125 % | RAM App: 218.801 MB | Sys Avail: 24147.3 MB / 65466.5 MB
[ "17:37:28.633" ][SystemMonitor] Stats Update: CPU App: 0.78125 % | Sys: 83.8542 % | RAM App: 218.809 MB | Sys Avail: 24147.1 MB / 65466.5 MB
[ "17:37:29.635" ][SystemMonitor] Stats Update: CPU App: 0.520833 % | Sys: 77.8646 % | RAM App: 218.832 MB | Sys Avail: 24145.8 MB / 65466.5 MB
[ "17:37:30.631" ][SystemMonitor] Stats Update: CPU App: 1.5625 % | Sys: 79.9479 % | RAM App: 218.863 MB | Sys Avail: 24133 MB / 65466.5 MB
[ "17:37:31.633" ][SystemMonitor] Stats Update: CPU App: 0.78125 % | Sys: 85.9375 % | RAM App: 218.879 MB | Sys Avail: 24132.8 MB / 65466.5 MB
[ "17:37:32.633" ][SystemMonitor] Stats Update: CPU App: 1.30208 % | Sys: 83.0729 % | RAM App: 218.887 MB | Sys Avail: 24133.8 MB / 65466.5 MB
TelemetryMonitor: Processed 300 frames. Current FPS: 30
[ "17:37:33.633" ][SystemMonitor] Stats Update: CPU App: 1.04167 % | Sys: 98.6979 % | RAM App: 218.898 MB | Sys Avail: 24029.7 MB / 65466.5 MB
[ "17:37:34.633" ][SystemMonitor] Stats Update: CPU App: 1.04167 % | Sys: 82.5521 % | RAM App: 218.898 MB | Sys Avail: 24118.6 MB / 65466.5 MB
[ "17:37:35.633" ][SystemMonitor] Stats Update: CPU App: 1.5625 % | Sys: 90.3646 % | RAM App: 218.902 MB | Sys Avail: 24346.9 MB / 65466.5 MB
[ "17:37:36.631" ][SystemMonitor] Stats Update: CPU App: 0.520833 % | Sys: 79.1667 % | RAM App: 219.004 MB | Sys Avail: 24381.4 MB / 65466.5 MB
[ "17:37:37.633" ][SystemMonitor] Stats Update: CPU App: 1.04167 % | Sys: 74.7396 % | RAM App: 219.059 MB | Sys Avail: 24382.4 MB / 65466.5 MB
[ "17:37:38.633" ][SystemMonitor] Stats Update: CPU App: 0.520833 % | Sys: 81.7708 % | RAM App: 219.164 MB | Sys Avail: 24388.7 MB / 65466.5 MB
[ "17:37:39.650" ][SystemMonitor] Stats Update: CPU App: 0.25641 % | Sys: 81.2821 % | RAM App: 219.207 MB | Sys Avail: 24406.4 MB / 65466.5 MB
[ "17:37:40.631" ][SystemMonitor] Stats Update: CPU App: 0.793651 % | Sys: 79.8942 % | RAM App: 219.254 MB | Sys Avail: 24405.2 MB / 65466.5 MB
[ "17:37:41.634" ][SystemMonitor] Stats Update: CPU App: 1.04167 % | Sys: 82.0313 % | RAM App: 219.258 MB | Sys Avail: 24417.3 MB / 65466.5 MB
[ "17:37:42.631" ][SystemMonitor] Stats Update: CPU App: 0.520833 % | Sys: 77.3438 % | RAM App: 219.258 MB | Sys Avail: 24419.4 MB / 65466.5 MB
[ "17:37:43.633" ][SystemMonitor] Stats Update: CPU App: 0.78125 % | Sys: 79.4271 % | RAM App: 219.281 MB | Sys Avail: 24608.6 MB / 65466.5 MB
TelemetryMonitor: Processed 300 frames. Current FPS: 30
[ "17:37:44.633" ][SystemMonitor] Stats Update: CPU App: 0.520833 % | Sys: 95.8333 % | RAM App: 219.316 MB | Sys Avail: 24611.5 MB / 65466.5 MB
[ "17:37:45.649" ][SystemMonitor] Stats Update: CPU App: 0.25641 % | Sys: 86.1538 % | RAM App: 219.336 MB | Sys Avail: 24603.7 MB / 65466.5 MB
[ "17:37:46.633" ][SystemMonitor] Stats Update: CPU App: 0.26455 % | Sys: 75.3968 % | RAM App: 219.359 MB | Sys Avail: 24610.1 MB / 65466.5 MB
[ "17:37:47.633" ][SystemMonitor] Stats Update: CPU App: 1.30208 % | Sys: 62.5 % | RAM App: 219.402 MB | Sys Avail: 24609.8 MB / 65466.5 MB
[ "17:37:48.633" ][SystemMonitor] Stats Update: CPU App: 1.82292 % | Sys: 69.2708 % | RAM App: 219.422 MB | Sys Avail: 24610.8 MB / 65466.5 MB
[ "17:37:49.630" ][SystemMonitor] Stats Update: CPU App: 1.5625 % | Sys: 69.5313 % | RAM App: 219.516 MB | Sys Avail: 24612.9 MB / 65466.5 MB
[ "17:37:50.631" ][SystemMonitor] Stats Update: CPU App: 1.04167 % | Sys: 66.1458 % | RAM App: 219.539 MB | Sys Avail: 24610.8 MB / 65466.5 MB
[ "17:37:51.635" ][SystemMonitor] Stats Update: CPU App: 1.04167 % | Sys: 76.3021 % | RAM App: 219.59 MB | Sys Avail: 24610.8 MB / 65466.5 MB
[ "17:37:52.631" ][SystemMonitor] Stats Update: CPU App: 1.04167 % | Sys: 65.625 % | RAM App: 219.723 MB | Sys Avail: 24611.4 MB / 65466.5 MB
[ "17:37:53.633" ][SystemMonitor] Stats Update: CPU App: 1.04167 % | Sys: 64.3229 % | RAM App: 219.754 MB | Sys Avail: 24612.6 MB / 65466.5 MB
TelemetryMonitor: Processed 300 frames. Current FPS: 29
[ "17:37:54.631" ][SystemMonitor] Stats Update: CPU App: 0.520833 % | Sys: 71.0938 % | RAM App: 219.777 MB | Sys Avail: 24564.9 MB / 65466.5 MB
[ "17:37:55.633" ][SystemMonitor] Stats Update: CPU App: 1.04167 % | Sys: 78.9063 % | RAM App: 219.801 MB | Sys Avail: 24495.3 MB / 65466.5 MB
[ "17:37:56.633" ][SystemMonitor] Stats Update: CPU App: 0.78125 % | Sys: 83.8542 % | RAM App: 219.828 MB | Sys Avail: 24314.9 MB / 65466.5 MB
[ "17:37:57.650" ][SystemMonitor] Stats Update: CPU App: 0.512821 % | Sys: 81.0256 % | RAM App: 219.852 MB | Sys Avail: 24280.8 MB / 65466.5 MB
[ "17:37:58.631" ][SystemMonitor] Stats Update: CPU App: 0.793651 % | Sys: 77.5132 % | RAM App: 219.883 MB | Sys Avail: 24230.6 MB / 65466.5 MB
[ "17:37:59.633" ][SystemMonitor] Stats Update: CPU App: 1.04167 % | Sys: 83.0729 % | RAM App: 219.957 MB | Sys Avail: 24234.6 MB / 65466.5 MB
[ "17:38:00.633" ][SystemMonitor] Stats Update: CPU App: 0.520833 % | Sys: 84.6354 % | RAM App: 220.012 MB | Sys Avail: 24162.9 MB / 65466.5 MB
[ "17:38:01.650" ][SystemMonitor] Stats Update: CPU App: 0.512821 % | Sys: 77.4359 % | RAM App: 220.031 MB | Sys Avail: 24139.6 MB / 65466.5 MB
[ "17:38:02.631" ][SystemMonitor] Stats Update: CPU App: 0.26455 % | Sys: 80.4233 % | RAM App: 220.07 MB | Sys Avail: 24055.5 MB / 65466.5 MB
[ "17:38:03.633" ][SystemMonitor] Stats Update: CPU App: 1.04167 % | Sys: 96.0938 % | RAM App: 220.215 MB | Sys Avail: 24046.4 MB / 65466.5 MB
TelemetryMonitor: Processed 300 frames. Current FPS: 29
[ "17:38:04.631" ][SystemMonitor] Stats Update: CPU App: 1.04167 % | Sys: 78.6458 % | RAM App: 220.297 MB | Sys Avail: 24151.2 MB / 65466.5 MB
[ "17:38:05.633" ][SystemMonitor] Stats Update: CPU App: 1.30208 % | Sys: 87.5 % | RAM App: 220.371 MB | Sys Avail: 24047.8 MB / 65466.5 MB
[ "17:38:06.631" ][SystemMonitor] Stats Update: CPU App: 0.520833 % | Sys: 77.0833 % | RAM App: 220.453 MB | Sys Avail: 24271.5 MB / 65466.5 MB
[ "17:38:07.651" ][SystemMonitor] Stats Update: CPU App: 0.25641 % | Sys: 65.3846 % | RAM App: 220.531 MB | Sys Avail: 24254.2 MB / 65466.5 MB
[ "17:38:08.633" ][SystemMonitor] Stats Update: CPU App: 0.26455 % | Sys: 60.3175 % | RAM App: 220.613 MB | Sys Avail: 24253.9 MB / 65466.5 MB
[ "17:38:09.634" ][SystemMonitor] Stats Update: CPU App: 1.5625 % | Sys: 77.6042 % | RAM App: 220.688 MB | Sys Avail: 24264.9 MB / 65466.5 MB
[ "17:38:10.630" ][SystemMonitor] Stats Update: CPU App: 0.78125 % | Sys: 62.5 % | RAM App: 220.824 MB | Sys Avail: 24262.8 MB / 65466.5 MB
[ "17:38:11.634" ][SystemMonitor] Stats Update: CPU App: 0.78125 % | Sys: 62.7604 % | RAM App: 220.902 MB | Sys Avail: 24265 MB / 65466.5 MB
[ "17:38:12.650" ][SystemMonitor] Stats Update: CPU App: 0.25641 % | Sys: 70.5128 % | RAM App: 221.039 MB | Sys Avail: 24268.5 MB / 65466.5 MB
[ "17:38:13.634" ][SystemMonitor] Stats Update: CPU App: 1.32275 % | Sys: 68.7831 % | RAM App: 221.113 MB | Sys Avail: 24268.9 MB / 65466.5 MB
TelemetryMonitor: Processed 300 frames. Current FPS: 30
[ "17:38:14.631" ][SystemMonitor] Stats Update: CPU App: 1.5625 % | Sys: 67.4479 % | RAM App: 221.188 MB | Sys Avail: 24267.3 MB / 65466.5 MB
[ "17:38:15.633" ][SystemMonitor] Stats Update: CPU App: 1.5625 % | Sys: 59.6354 % | RAM App: 221.266 MB | Sys Avail: 24268.1 MB / 65466.5 MB
[ "17:38:16.631" ][SystemMonitor] Stats Update: CPU App: 0.520833 % | Sys: 66.6667 % | RAM App: 221.348 MB | Sys Avail: 24270.3 MB / 65466.5 MB
[ "17:38:17.651" ][SystemMonitor] Stats Update: CPU App: 1.02564 % | Sys: 64.6154 % | RAM App: 221.422 MB | Sys Avail: 24250.9 MB / 65466.5 MB
[ "17:38:18.631" ][SystemMonitor] Stats Update: CPU App: 1.32275 % | Sys: 67.1958 % | RAM App: 221.574 MB | Sys Avail: 24246.7 MB / 65466.5 MB
[ "17:38:19.634" ][SystemMonitor] Stats Update: CPU App: 1.04167 % | Sys: 68.75 % | RAM App: 221.652 MB | Sys Avail: 24248.2 MB / 65466.5 MB
[ "17:38:20.631" ][SystemMonitor] Stats Update: CPU App: 1.30208 % | Sys: 74.7396 % | RAM App: 221.73 MB | Sys Avail: 24242.7 MB / 65466.5 MB
[ "17:38:21.634" ][SystemMonitor] Stats Update: CPU App: 1.04167 % | Sys: 66.6667 % | RAM App: 221.859 MB | Sys Avail: 24240.7 MB / 65466.5 MB
[ "17:38:22.631" ][SystemMonitor] Stats Update: CPU App: 0.260417 % | Sys: 72.1354 % | RAM App: 221.938 MB | Sys Avail: 24244.1 MB / 65466.5 MB
[ "17:38:23.634" ][SystemMonitor] Stats Update: CPU App: 0.520833 % | Sys: 75.5208 % | RAM App: 222.012 MB | Sys Avail: 24247.6 MB / 65466.5 MB
[ "17:38:24.631" ][SystemMonitor] Stats Update: CPU App: 0.520833 % | Sys: 67.1875 % | RAM App: 222.094 MB | Sys Avail: 24225.2 MB / 65466.5 MB
TelemetryMonitor: Processed 300 frames. Current FPS: 29
[ "17:38:25.651" ][SystemMonitor] Stats Update: CPU App: 0.25641 % | Sys: 73.5897 % | RAM App: 217.457 MB | Sys Avail: 24221.7 MB / 65466.5 MB
[ "17:38:26.631" ][SystemMonitor] Stats Update: CPU App: 1.0582 % | Sys: 68.254 % | RAM App: 217.672 MB | Sys Avail: 24214.5 MB / 65466.5 MB
[ "17:38:27.634" ][SystemMonitor] Stats Update: CPU App: 0.520833 % | Sys: 74.2188 % | RAM App: 217.809 MB | Sys Avail: 24215.4 MB / 65466.5 MB
[ "17:38:28.630" ][SystemMonitor] Stats Update: CPU App: 1.04167 % | Sys: 64.8438 % | RAM App: 217.871 MB | Sys Avail: 24185.2 MB / 65466.5 MB
[ "17:38:29.634" ][SystemMonitor] Stats Update: CPU App: 0.520833 % | Sys: 64.3229 % | RAM App: 217.898 MB | Sys Avail: 24096.1 MB / 65466.5 MB
[ "17:38:30.631" ][SystemMonitor] Stats Update: CPU App: 1.04167 % | Sys: 60.9375 % | RAM App: 217.926 MB | Sys Avail: 24095.8 MB / 65466.5 MB
[ "17:38:31.634" ][SystemMonitor] Stats Update: CPU App: 1.30208 % | Sys: 64.0625 % | RAM App: 217.961 MB | Sys Avail: 24095.3 MB / 65466.5 MB
[ "17:38:32.636" ][SystemMonitor] Stats Update: CPU App: 0.260417 % | Sys: 66.9271 % | RAM App: 217.973 MB | Sys Avail: 24056.6 MB / 65466.5 MB
[ "17:38:33.632" ][SystemMonitor] Stats Update: CPU App: 1.04167 % | Sys: 92.7083 % | RAM App: 217.984 MB | Sys Avail: 24020.7 MB / 65466.5 MB
[ "17:38:34.634" ][SystemMonitor] Stats Update: CPU App: 0.520833 % | Sys: 64.0625 % | RAM App: 218.086 MB | Sys Avail: 24007.1 MB / 65466.5 MB
TelemetryMonitor: Processed 300 frames. Current FPS: 30
[ "17:38:35.635" ][SystemMonitor] Stats Update: CPU App: 0.520833 % | Sys: 74.4792 % | RAM App: 218.191 MB | Sys Avail: 24015.1 MB / 65466.5 MB
[ "17:38:36.651" ][SystemMonitor] Stats Update: CPU App: 0.512821 % | Sys: 78.2051 % | RAM App: 218.297 MB | Sys Avail: 23968.2 MB / 65466.5 MB
[ "17:38:37.634" ][SystemMonitor] Stats Update: CPU App: 0.529101 % | Sys: 67.1958 % | RAM App: 218.324 MB | Sys Avail: 23942.9 MB / 65466.5 MB
[ "17:38:38.631" ][SystemMonitor] Stats Update: CPU App: 0.260417 % | Sys: 63.8021 % | RAM App: 218.359 MB | Sys Avail: 23929.7 MB / 65466.5 MB
[ "17:38:39.652" ][SystemMonitor] Stats Update: CPU App: 0.25641 % | Sys: 73.0769 % | RAM App: 218.367 MB | Sys Avail: 23922.5 MB / 65466.5 MB
[ "17:38:40.631" ][SystemMonitor] Stats Update: CPU App: 0.529101 % | Sys: 64.2857 % | RAM App: 218.422 MB | Sys Avail: 23922.8 MB / 65466.5 MB
[ "17:38:41.635" ][SystemMonitor] Stats Update: CPU App: 0.260417 % | Sys: 57.5521 % | RAM App: 218.535 MB | Sys Avail: 23929.9 MB / 65466.5 MB
[ "17:38:42.635" ][SystemMonitor] Stats Update: CPU App: 0.260417 % | Sys: 70.0521 % | RAM App: 218.57 MB | Sys Avail: 23926.2 MB / 65466.5 MB
[ "17:38:43.635" ][SystemMonitor] Stats Update: CPU App: 0.520833 % | Sys: 68.4896 % | RAM App: 218.645 MB | Sys Avail: 23928.4 MB / 65466.5 MB
[ "17:38:44.632" ][SystemMonitor] Stats Update: CPU App: 0.520833 % | Sys: 62.2396 % | RAM App: 218.766 MB | Sys Avail: 23933.9 MB / 65466.5 MB
TelemetryMonitor: Processed 300 frames. Current FPS: 30
[ "17:38:45.635" ][SystemMonitor] Stats Update: CPU App: 0.520833 % | Sys: 63.2813 % | RAM App: 218.832 MB | Sys Avail: 23925.4 MB / 65466.5 MB
[ "17:38:46.631" ][SystemMonitor] Stats Update: CPU App: 1.04167 % | Sys: 69.2708 % | RAM App: 218.875 MB | Sys Avail: 23902.6 MB / 65466.5 MB
[ "17:38:47.635" ][SystemMonitor] Stats Update: CPU App: 0.78125 % | Sys: 60.6771 % | RAM App: 219.004 MB | Sys Avail: 23895.6 MB / 65466.5 MB
[ "17:38:48.634" ][SystemMonitor] Stats Update: CPU App: 1.04167 % | Sys: 63.5417 % | RAM App: 219.074 MB | Sys Avail: 23896 MB / 65466.5 MB
[ "17:38:49.651" ][SystemMonitor] Stats Update: CPU App: 0.769231 % | Sys: 63.8462 % | RAM App: 219.156 MB | Sys Avail: 23841.4 MB / 65466.5 MB
[ "17:38:50.635" ][SystemMonitor] Stats Update: CPU App: 0.26455 % | Sys: 63.7566 % | RAM App: 219.285 MB | Sys Avail: 23854 MB / 65466.5 MB
[ "17:38:51.651" ][SystemMonitor] Stats Update: CPU App: 0.769231 % | Sys: 64.359 % | RAM App: 219.418 MB | Sys Avail: 23847.7 MB / 65466.5 MB
[ "17:38:52.635" ][SystemMonitor] Stats Update: CPU App: 0.793651 % | Sys: 65.6085 % | RAM App: 219.438 MB | Sys Avail: 23737.2 MB / 65466.5 MB
[ "17:38:53.652" ][SystemMonitor] Stats Update: CPU App: 0.769231 % | Sys: 63.0769 % | RAM App: 219.52 MB | Sys Avail: 23772.7 MB / 65466.5 MB
[ "17:38:54.635" ][SystemMonitor] Stats Update: CPU App: 0.529101 % | Sys: 65.6085 % | RAM App: 219.594 MB | Sys Avail: 23893.1 MB / 65466.5 MB
TelemetryMonitor: Processed 300 frames. Current FPS: 30
[ "17:38:55.636" ][SystemMonitor] Stats Update: CPU App: 0.520833 % | Sys: 65.625 % | RAM App: 219.73 MB | Sys Avail: 23876.8 MB / 65466.5 MB
[ "17:38:56.631" ][SystemMonitor] Stats Update: CPU App: 1.04167 % | Sys: 67.1875 % | RAM App: 219.801 MB | Sys Avail: 23845.2 MB / 65466.5 MB
[ "17:38:57.635" ][SystemMonitor] Stats Update: CPU App: 0.78125 % | Sys: 63.5417 % | RAM App: 219.895 MB | Sys Avail: 23858.9 MB / 65466.5 MB
[ "17:38:58.631" ][SystemMonitor] Stats Update: CPU App: 1.04167 % | Sys: 76.3021 % | RAM App: 219.969 MB | Sys Avail: 23914.1 MB / 65466.5 MB
[ "17:38:59.636" ][SystemMonitor] Stats Update: CPU App: 0.78125 % | Sys: 65.1042 % | RAM App: 220.047 MB | Sys Avail: 23896 MB / 65466.5 MB
[ "17:39:00.631" ][SystemMonitor] Stats Update: CPU App: 1.30208 % | Sys: 65.3646 % | RAM App: 220.125 MB | Sys Avail: 23837.6 MB / 65466.5 MB
[ "17:39:01.635" ][SystemMonitor] Stats Update: CPU App: 1.04167 % | Sys: 66.9271 % | RAM App: 220.199 MB | Sys Avail: 23917.3 MB / 65466.5 MB
[ "17:39:02.631" ][SystemMonitor] Stats Update: CPU App: 1.04167 % | Sys: 64.5833 % | RAM App: 220.289 MB | Sys Avail: 23897.1 MB / 65466.5 MB
[ "17:39:03.636" ][SystemMonitor] Stats Update: CPU App: 0.520833 % | Sys: 94.7917 % | RAM App: 220.359 MB | Sys Avail: 23899 MB / 65466.5 MB
[ "17:39:04.636" ][SystemMonitor] Stats Update: CPU App: 1.04167 % | Sys: 71.0938 % | RAM App: 220.43 MB | Sys Avail: 23823.2 MB / 65466.5 MB
[ "17:39:05.634" ][SystemMonitor] Stats Update: CPU App: 1.04167 % | Sys: 85.1563 % | RAM App: 220.555 MB | Sys Avail: 23800.7 MB / 65466.5 MB
TelemetryMonitor: Processed 300 frames. Current FPS: 29
[ "17:39:06.631" ][SystemMonitor] Stats Update: CPU App: 0.260417 % | Sys: 61.1979 % | RAM App: 220.625 MB | Sys Avail: 23843.4 MB / 65466.5 MB
[ "17:39:07.636" ][SystemMonitor] Stats Update: CPU App: 0.520833 % | Sys: 62.2396 % | RAM App: 220.711 MB | Sys Avail: 23781.4 MB / 65466.5 MB
[ "17:39:08.631" ][SystemMonitor] Stats Update: CPU App: 0.520833 % | Sys: 67.7083 % | RAM App: 220.789 MB | Sys Avail: 23779.8 MB / 65466.5 MB
[ "17:39:09.652" ][SystemMonitor] Stats Update: CPU App: 1.28205 % | Sys: 69.2308 % | RAM App: 220.867 MB | Sys Avail: 23823.8 MB / 65466.5 MB
[ "17:39:10.635" ][SystemMonitor] Stats Update: CPU App: 0.529101 % | Sys: 67.9894 % | RAM App: 220.996 MB | Sys Avail: 23820.5 MB / 65466.5 MB
[ "17:39:11.652" ][SystemMonitor] Stats Update: CPU App: 0.769231 % | Sys: 64.8718 % | RAM App: 221.07 MB | Sys Avail: 23793.2 MB / 65466.5 MB
[ "17:39:12.635" ][SystemMonitor] Stats Update: CPU App: 0.529101 % | Sys: 70.8995 % | RAM App: 221.145 MB | Sys Avail: 23785.3 MB / 65466.5 MB
[ "17:39:13.636" ][SystemMonitor] Stats Update: CPU App: 0.78125 % | Sys: 69.7917 % | RAM App: 221.227 MB | Sys Avail: 23861.4 MB / 65466.5 MB
[ "17:39:14.631" ][SystemMonitor] Stats Update: CPU App: 0.520833 % | Sys: 64.8438 % | RAM App: 221.301 MB | Sys Avail: 23851.6 MB / 65466.5 MB
[ "17:39:15.652" ][SystemMonitor] Stats Update: CPU App: 1.02564 % | Sys: 50.7692 % | RAM App: 221.383 MB | Sys Avail: 23858.7 MB / 65466.5 MB
TelemetryMonitor: Processed 300 frames. Current FPS: 29
[ "17:39:16.652" ][SystemMonitor] Stats Update: CPU App: 1.30208 % | Sys: 70.3125 % | RAM App: 221.457 MB | Sys Avail: 23855 MB / 65466.5 MB
[ "17:39:17.633" ][SystemMonitor] Stats Update: CPU App: 0.529101 % | Sys: 78.3069 % | RAM App: 221.59 MB | Sys Avail: 23854.5 MB / 65466.5 MB
[ "17:39:18.631" ][SystemMonitor] Stats Update: CPU App: 1.04167 % | Sys: 77.6042 % | RAM App: 221.664 MB | Sys Avail: 23854.6 MB / 65466.5 MB
[ "17:39:19.634" ][SystemMonitor] Stats Update: CPU App: 0.520833 % | Sys: 71.3542 % | RAM App: 221.734 MB | Sys Avail: 23854.6 MB / 65466.5 MB
[ "17:39:20.636" ][SystemMonitor] Stats Update: CPU App: 0.78125 % | Sys: 81.25 % | RAM App: 221.813 MB | Sys Avail: 23852.5 MB / 65466.5 MB
[ "17:39:21.653" ][SystemMonitor] Stats Update: CPU App: 0.512821 % | Sys: 95.8974 % | RAM App: 221.887 MB | Sys Avail: 23882.6 MB / 65466.5 MB
[ "17:39:22.636" ][SystemMonitor] Stats Update: CPU App: 1.32275 % | Sys: 80.4233 % | RAM App: 221.977 MB | Sys Avail: 23867.9 MB / 65466.5 MB
[ "17:39:23.653" ][SystemMonitor] Stats Update: CPU App: 1.02564 % | Sys: 78.4615 % | RAM App: 222.09 MB | Sys Avail: 23871.4 MB / 65466.5 MB
[ "17:39:24.636" ][SystemMonitor] Stats Update: CPU App: 0.529101 % | Sys: 91.2698 % | RAM App: 222.133 MB | Sys Avail: 23888.8 MB / 65466.5 MB
[ "17:39:25.631" ][SystemMonitor] Stats Update: CPU App: 0.78125 % | Sys: 78.6458 % | RAM App: 217.723 MB | Sys Avail: 23882.5 MB / 65466.5 MB
TelemetryMonitor: Processed 300 frames. Current FPS: 29
[ "17:39:26.637" ][SystemMonitor] Stats Update: CPU App: 0.260417 % | Sys: 76.8229 % | RAM App: 217.945 MB | Sys Avail: 23884.5 MB / 65466.5 MB
[ "17:39:27.653" ][SystemMonitor] Stats Update: CPU App: 1.28205 % | Sys: 80.7692 % | RAM App: 217.945 MB | Sys Avail: 23885.7 MB / 65466.5 MB
[ "17:39:28.636" ][SystemMonitor] Stats Update: CPU App: 1.32275 % | Sys: 80.4233 % | RAM App: 217.953 MB | Sys Avail: 23896.2 MB / 65466.5 MB
[ "17:39:29.636" ][SystemMonitor] Stats Update: CPU App: 1.30208 % | Sys: 78.6458 % | RAM App: 217.973 MB | Sys Avail: 23903.3 MB / 65466.5 MB
[ "17:39:30.636" ][SystemMonitor] Stats Update: CPU App: 1.04167 % | Sys: 77.3438 % | RAM App: 218.004 MB | Sys Avail: 23904.7 MB / 65466.5 MB
[ "17:39:31.637" ][SystemMonitor] Stats Update: CPU App: 1.30208 % | Sys: 84.375 % | RAM App: 218.027 MB | Sys Avail: 23908.9 MB / 65466.5 MB
[ "17:39:32.630" ][SystemMonitor] Stats Update: CPU App: 1.04167 % | Sys: 79.1667 % | RAM App: 218.031 MB | Sys Avail: 23915.7 MB / 65466.5 MB
[ "17:39:33.636" ][SystemMonitor] Stats Update: CPU App: 0.78125 % | Sys: 97.3958 % | RAM App: 218.105 MB | Sys Avail: 23898 MB / 65466.5 MB
[ "17:39:34.631" ][SystemMonitor] Stats Update: CPU App: 0.78125 % | Sys: 74.2188 % | RAM App: 218.215 MB | Sys Avail: 23916 MB / 65466.5 MB
[ "17:39:35.631" ][SystemMonitor] Stats Update: CPU App: 1.30208 % | Sys: 84.1146 % | RAM App: 218.266 MB | Sys Avail: 23885.4 MB / 65466.5 MB
TelemetryMonitor: Processed 300 frames. Current FPS: 30
[ "17:39:36.637" ][SystemMonitor] Stats Update: CPU App: 0.520833 % | Sys: 79.6875 % | RAM App: 218.328 MB | Sys Avail: 23912 MB / 65466.5 MB
[ "17:39:37.653" ][SystemMonitor] Stats Update: CPU App: 1.28205 % | Sys: 65.1282 % | RAM App: 218.387 MB | Sys Avail: 23899 MB / 65466.5 MB
[ "17:39:38.631" ][SystemMonitor] Stats Update: CPU App: 0 % | Sys: 69.5767 % | RAM App: 218.391 MB | Sys Avail: 23902.4 MB / 65466.5 MB
[ "17:39:39.653" ][SystemMonitor] Stats Update: CPU App: 0.25641 % | Sys: 68.4615 % | RAM App: 218.496 MB | Sys Avail: 23900 MB / 65466.5 MB
[ "17:39:40.631" ][SystemMonitor] Stats Update: CPU App: 0.793651 % | Sys: 71.9577 % | RAM App: 218.551 MB | Sys Avail: 23902.8 MB / 65466.5 MB
[ "17:39:41.637" ][SystemMonitor] Stats Update: CPU App: 1.30208 % | Sys: 70.5729 % | RAM App: 218.605 MB | Sys Avail: 23901.5 MB / 65466.5 MB
[ "17:39:42.637" ][SystemMonitor] Stats Update: CPU App: 0.260417 % | Sys: 58.8542 % | RAM App: 218.641 MB | Sys Avail: 23905.9 MB / 65466.5 MB
[ "17:39:43.633" ][SystemMonitor] Stats Update: CPU App: 0.260417 % | Sys: 69.2708 % | RAM App: 218.711 MB | Sys Avail: 24112 MB / 65466.5 MB
[ "17:39:44.637" ][SystemMonitor] Stats Update: CPU App: 0.78125 % | Sys: 67.9688 % | RAM App: 218.773 MB | Sys Avail: 24116.8 MB / 65466.5 MB
[ "17:39:45.636" ][SystemMonitor] Stats Update: CPU App: 0.78125 % | Sys: 72.9167 % | RAM App: 218.844 MB | Sys Avail: 24123.6 MB / 65466.5 MB
[ "17:39:46.631" ][SystemMonitor] Stats Update: CPU App: 0.520833 % | Sys: 69.7917 % | RAM App: 218.926 MB | Sys Avail: 24123.3 MB / 65466.5 MB
TelemetryMonitor: Processed 300 frames. Current FPS: 30
[ "17:39:47.653" ][SystemMonitor] Stats Update: CPU App: 0.25641 % | Sys: 68.4615 % | RAM App: 219.012 MB | Sys Avail: 24123 MB / 65466.5 MB
[ "17:39:48.637" ][SystemMonitor] Stats Update: CPU App: 0.529101 % | Sys: 66.4021 % | RAM App: 219.086 MB | Sys Avail: 24126.2 MB / 65466.5 MB
[ "17:39:49.642" ][SystemMonitor] Stats Update: CPU App: 0.260417 % | Sys: 67.9688 % | RAM App: 219.172 MB | Sys Avail: 24125.6 MB / 65466.5 MB
[ "17:39:50.631" ][SystemMonitor] Stats Update: CPU App: 0 % | Sys: 65.8854 % | RAM App: 219.25 MB | Sys Avail: 24127 MB / 65466.5 MB
[ "17:39:51.636" ][SystemMonitor] Stats Update: CPU App: 1.30208 % | Sys: 63.8021 % | RAM App: 219.293 MB | Sys Avail: 24125.4 MB / 65466.5 MB
[ "17:39:52.632" ][SystemMonitor] Stats Update: CPU App: 1.30208 % | Sys: 66.9271 % | RAM App: 219.375 MB | Sys Avail: 24126.5 MB / 65466.5 MB
[ "17:39:53.632" ][SystemMonitor] Stats Update: CPU App: 1.30208 % | Sys: 60.1563 % | RAM App: 219.5 MB | Sys Avail: 24125.7 MB / 65466.5 MB
[ "17:39:54.639" ][SystemMonitor] Stats Update: CPU App: 1.30208 % | Sys: 70.3125 % | RAM App: 219.547 MB | Sys Avail: 24126.8 MB / 65466.5 MB
[ "17:39:55.632" ][SystemMonitor] Stats Update: CPU App: 0.520833 % | Sys: 68.2292 % | RAM App: 219.625 MB | Sys Avail: 24125.9 MB / 65466.5 MB
[ "17:39:56.637" ][SystemMonitor] Stats Update: CPU App: 0.520833 % | Sys: 69.5313 % | RAM App: 219.734 MB | Sys Avail: 24105.3 MB / 65466.5 MB
TelemetryMonitor: Processed 300 frames. Current FPS: 29
[ "17:39:57.630" ][SystemMonitor] Stats Update: CPU App: 0.78125 % | Sys: 65.625 % | RAM App: 219.777 MB | Sys Avail: 24102 MB / 65466.5 MB
[ "17:39:58.637" ][SystemMonitor] Stats Update: CPU App: 0.78125 % | Sys: 65.1042 % | RAM App: 219.801 MB | Sys Avail: 24103.5 MB / 65466.5 MB
[ "17:39:59.632" ][SystemMonitor] Stats Update: CPU App: 0.78125 % | Sys: 76.8229 % | RAM App: 219.883 MB | Sys Avail: 24101.8 MB / 65466.5 MB
[ "17:40:00.637" ][SystemMonitor] Stats Update: CPU App: 1.5625 % | Sys: 68.75 % | RAM App: 219.953 MB | Sys Avail: 24032.6 MB / 65466.5 MB
[ "17:40:01.635" ][SystemMonitor] Stats Update: CPU App: 1.04167 % | Sys: 61.7188 % | RAM App: 220.09 MB | Sys Avail: 24027.9 MB / 65466.5 MB
[ "17:40:02.637" ][SystemMonitor] Stats Update: CPU App: 1.04167 % | Sys: 59.8958 % | RAM App: 220.168 MB | Sys Avail: 24023.9 MB / 65466.5 MB
[ "17:40:03.638" ][SystemMonitor] Stats Update: CPU App: 0.260417 % | Sys: 96.6146 % | RAM App: 220.254 MB | Sys Avail: 23896.9 MB / 65466.5 MB
[ "17:40:04.637" ][SystemMonitor] Stats Update: CPU App: 0.78125 % | Sys: 72.1354 % | RAM App: 220.328 MB | Sys Avail: 23895.2 MB / 65466.5 MB
[ "17:40:05.637" ][SystemMonitor] Stats Update: CPU App: 0.78125 % | Sys: 75.7813 % | RAM App: 220.406 MB | Sys Avail: 23889.4 MB / 65466.5 MB
[ "17:40:06.637" ][SystemMonitor] Stats Update: CPU App: 0.78125 % | Sys: 61.7188 % | RAM App: 220.477 MB | Sys Avail: 23885 MB / 65466.5 MB
TelemetryMonitor: Processed 300 frames. Current FPS: 29
[ "17:40:07.654" ][SystemMonitor] Stats Update: CPU App: 0.512821 % | Sys: 74.359 % | RAM App: 220.559 MB | Sys Avail: 23883.1 MB / 65466.5 MB
[ "17:40:08.637" ][SystemMonitor] Stats Update: CPU App: 0.26455 % | Sys: 60.0529 % | RAM App: 220.629 MB | Sys Avail: 23884.2 MB / 65466.5 MB
[ "17:40:09.633" ][SystemMonitor] Stats Update: CPU App: 1.30208 % | Sys: 60.9375 % | RAM App: 220.711 MB | Sys Avail: 23884.4 MB / 65466.5 MB
[ "17:40:10.637" ][SystemMonitor] Stats Update: CPU App: 0.260417 % | Sys: 76.8229 % | RAM App: 220.793 MB | Sys Avail: 23880.3 MB / 65466.5 MB
[ "17:40:11.631" ][SystemMonitor] Stats Update: CPU App: 0.520833 % | Sys: 59.1146 % | RAM App: 220.867 MB | Sys Avail: 23877.5 MB / 65466.5 MB
[ "17:40:12.637" ][SystemMonitor] Stats Update: CPU App: 0.260417 % | Sys: 58.0729 % | RAM App: 220.938 MB | Sys Avail: 23875.1 MB / 65466.5 MB
[ "17:40:13.655" ][SystemMonitor] Stats Update: CPU App: 1.28205 % | Sys: 72.3077 % | RAM App: 221.023 MB | Sys Avail: 23850.2 MB / 65466.5 MB
[ "17:40:14.632" ][SystemMonitor] Stats Update: CPU App: 0.26455 % | Sys: 64.2857 % | RAM App: 221.117 MB | Sys Avail: 23850.6 MB / 65466.5 MB
[ "17:40:15.638" ][SystemMonitor] Stats Update: CPU App: 0.520833 % | Sys: 59.375 % | RAM App: 221.195 MB | Sys Avail: 23848.8 MB / 65466.5 MB
[ "17:40:16.630" ][SystemMonitor] Stats Update: CPU App: 0.520833 % | Sys: 75 % | RAM App: 221.324 MB | Sys Avail: 23849.1 MB / 65466.5 MB
[ "17:40:17.638" ][SystemMonitor] Stats Update: CPU App: 0.520833 % | Sys: 68.4896 % | RAM App: 221.418 MB | Sys Avail: 23842.2 MB / 65466.5 MB
TelemetryMonitor: Processed 300 frames. Current FPS: 29
[ "17:40:18.631" ][SystemMonitor] Stats Update: CPU App: 0.78125 % | Sys: 62.5 % | RAM App: 221.484 MB | Sys Avail: 23845.5 MB / 65466.5 MB
[ "17:40:19.654" ][SystemMonitor] Stats Update: CPU App: 1.02564 % | Sys: 63.5897 % | RAM App: 221.504 MB | Sys Avail: 23784.4 MB / 65466.5 MB
[ "17:40:20.638" ][SystemMonitor] Stats Update: CPU App: 0.529101 % | Sys: 73.8095 % | RAM App: 221.633 MB | Sys Avail: 23813.8 MB / 65466.5 MB
[ "17:40:21.634" ][SystemMonitor] Stats Update: CPU App: 1.04167 % | Sys: 69.0104 % | RAM App: 221.707 MB | Sys Avail: 23774.6 MB / 65466.5 MB
[ "17:40:22.631" ][SystemMonitor] Stats Update: CPU App: 1.04167 % | Sys: 74.2188 % | RAM App: 221.781 MB | Sys Avail: 23687.2 MB / 65466.5 MB
[ "17:40:23.655" ][SystemMonitor] Stats Update: CPU App: 1.02564 % | Sys: 67.4359 % | RAM App: 221.859 MB | Sys Avail: 23709.9 MB / 65466.5 MB
[ "17:40:24.638" ][SystemMonitor] Stats Update: CPU App: 0.793651 % | Sys: 74.8677 % | RAM App: 221.934 MB | Sys Avail: 23762.1 MB / 65466.5 MB
[ "17:40:25.631" ][SystemMonitor] Stats Update: CPU App: 0.78125 % | Sys: 89.8438 % | RAM App: 217.684 MB | Sys Avail: 23724.3 MB / 65466.5 MB
[ "17:40:26.638" ][SystemMonitor] Stats Update: CPU App: 0.260417 % | Sys: 64.3229 % | RAM App: 217.859 MB | Sys Avail: 23682.7 MB / 65466.5 MB
[ "17:40:27.655" ][SystemMonitor] Stats Update: CPU App: 1.28205 % | Sys: 66.1538 % | RAM App: 217.91 MB | Sys Avail: 23659.6 MB / 65466.5 MB
TelemetryMonitor: Processed 300 frames. Current FPS: 30
[ "17:40:28.638" ][SystemMonitor] Stats Update: CPU App: 0.529101 % | Sys: 64.5503 % | RAM App: 217.965 MB | Sys Avail: 23717.7 MB / 65466.5 MB
[ "17:40:29.634" ][SystemMonitor] Stats Update: CPU App: 1.04167 % | Sys: 63.8021 % | RAM App: 217.984 MB | Sys Avail: 23715.9 MB / 65466.5 MB
[ "17:40:30.631" ][SystemMonitor] Stats Update: CPU App: 1.5625 % | Sys: 66.9271 % | RAM App: 218.016 MB | Sys Avail: 23676 MB / 65466.5 MB
[ "17:40:31.655" ][SystemMonitor] Stats Update: CPU App: 1.28205 % | Sys: 70.5128 % | RAM App: 218.043 MB | Sys Avail: 23669.6 MB / 65466.5 MB
[ "17:40:32.638" ][SystemMonitor] Stats Update: CPU App: 0.793651 % | Sys: 69.0476 % | RAM App: 218.055 MB | Sys Avail: 23732 MB / 65466.5 MB
[ "17:40:33.638" ][SystemMonitor] Stats Update: CPU App: 1.5625 % | Sys: 97.3958 % | RAM App: 218.059 MB | Sys Avail: 23702.3 MB / 65466.5 MB
[ "17:40:34.631" ][SystemMonitor] Stats Update: CPU App: 0.520833 % | Sys: 64.0625 % | RAM App: 218.156 MB | Sys Avail: 23601.2 MB / 65466.5 MB
[ "17:40:35.637" ][SystemMonitor] Stats Update: CPU App: 0.520833 % | Sys: 83.0729 % | RAM App: 218.215 MB | Sys Avail: 23967.2 MB / 65466.5 MB
[ "17:40:36.630" ][SystemMonitor] Stats Update: CPU App: 1.30208 % | Sys: 66.4063 % | RAM App: 218.277 MB | Sys Avail: 23997.9 MB / 65466.5 MB
[ "17:40:37.638" ][SystemMonitor] Stats Update: CPU App: 1.04167 % | Sys: 66.1458 % | RAM App: 218.383 MB | Sys Avail: 23937.6 MB / 65466.5 MB
TelemetryMonitor: Processed 300 frames. Current FPS: 30
[ "17:40:38.631" ][SystemMonitor] Stats Update: CPU App: 0.78125 % | Sys: 64.3229 % | RAM App: 218.441 MB | Sys Avail: 23954.1 MB / 65466.5 MB
[ "17:40:39.639" ][SystemMonitor] Stats Update: CPU App: 0.78125 % | Sys: 60.9375 % | RAM App: 218.551 MB | Sys Avail: 23993.4 MB / 65466.5 MB
[ "17:40:40.655" ][SystemMonitor] Stats Update: CPU App: 0.769231 % | Sys: 68.7179 % | RAM App: 218.602 MB | Sys Avail: 24005.2 MB / 65466.5 MB
[ "17:40:41.639" ][SystemMonitor] Stats Update: CPU App: 1.5873 % | Sys: 65.6085 % | RAM App: 218.66 MB | Sys Avail: 23938.5 MB / 65466.5 MB
[ "17:40:42.639" ][SystemMonitor] Stats Update: CPU App: 2.08333 % | Sys: 63.5417 % | RAM App: 218.781 MB | Sys Avail: 23965.8 MB / 65466.5 MB
[ "17:40:43.655" ][SystemMonitor] Stats Update: CPU App: 1.02564 % | Sys: 67.6923 % | RAM App: 218.863 MB | Sys Avail: 24023.9 MB / 65466.5 MB
[ "17:40:44.639" ][SystemMonitor] Stats Update: CPU App: 0.793651 % | Sys: 71.6931 % | RAM App: 218.965 MB | Sys Avail: 24045.4 MB / 65466.5 MB
[ "17:40:45.637" ][SystemMonitor] Stats Update: CPU App: 0 % | Sys: 58.0729 % | RAM App: 219.039 MB | Sys Avail: 24051.2 MB / 65466.5 MB
[ "17:40:46.640" ][SystemMonitor] Stats Update: CPU App: 0.260417 % | Sys: 58.5938 % | RAM App: 219.176 MB | Sys Avail: 24028.5 MB / 65466.5 MB
[ "17:40:47.639" ][SystemMonitor] Stats Update: CPU App: 0 % | Sys: 75.5208 % | RAM App: 219.254 MB | Sys Avail: 24025.9 MB / 65466.5 MB
TelemetryMonitor: Processed 300 frames. Current FPS: 29
[ "17:40:48.639" ][SystemMonitor] Stats Update: CPU App: 0.520833 % | Sys: 85.9375 % | RAM App: 219.383 MB | Sys Avail: 23928.9 MB / 65466.5 MB
[ "17:40:49.638" ][SystemMonitor] Stats Update: CPU App: 0.260417 % | Sys: 90.8854 % | RAM App: 219.52 MB | Sys Avail: 23793.3 MB / 65466.5 MB
[ "17:40:50.630" ][SystemMonitor] Stats Update: CPU App: 1.04167 % | Sys: 85.6771 % | RAM App: 219.645 MB | Sys Avail: 23672.6 MB / 65466.5 MB
[ "17:40:51.656" ][SystemMonitor] Stats Update: CPU App: 1.02564 % | Sys: 91.2821 % | RAM App: 219.773 MB | Sys Avail: 23675.2 MB / 65466.5 MB
[ "17:40:52.631" ][SystemMonitor] Stats Update: CPU App: 0.793651 % | Sys: 86.7725 % | RAM App: 219.855 MB | Sys Avail: 23648 MB / 65466.5 MB
[ "17:40:53.640" ][SystemMonitor] Stats Update: CPU App: 1.04167 % | Sys: 92.7083 % | RAM App: 220.043 MB | Sys Avail: 23638.4 MB / 65466.5 MB
[ "17:40:54.631" ][SystemMonitor] Stats Update: CPU App: 1.30208 % | Sys: 90.625 % | RAM App: 220.074 MB | Sys Avail: 23614.7 MB / 65466.5 MB
[ "17:40:55.639" ][SystemMonitor] Stats Update: CPU App: 1.04167 % | Sys: 91.6667 % | RAM App: 220.105 MB | Sys Avail: 23643.8 MB / 65466.5 MB
[ "17:40:56.631" ][SystemMonitor] Stats Update: CPU App: 0 % | Sys: 90.625 % | RAM App: 220.238 MB | Sys Avail: 23526.4 MB / 65466.5 MB
[ "17:40:57.639" ][SystemMonitor] Stats Update: CPU App: 0.78125 % | Sys: 92.4479 % | RAM App: 220.422 MB | Sys Avail: 23443.7 MB / 65466.5 MB
[ "17:40:58.631" ][SystemMonitor] Stats Update: CPU App: 0 % | Sys: 91.4063 % | RAM App: 220.5 MB | Sys Avail: 23520.6 MB / 65466.5 MB
TelemetryMonitor: Processed 300 frames. Current FPS: 30
[ "17:40:59.635" ][SystemMonitor] Stats Update: CPU App: 0.78125 % | Sys: 89.3229 % | RAM App: 220.633 MB | Sys Avail: 23319.6 MB / 65466.5 MB
[ "17:41:00.631" ][SystemMonitor] Stats Update: CPU App: 0.520833 % | Sys: 88.5417 % | RAM App: 220.715 MB | Sys Avail: 23538.2 MB / 65466.5 MB
[ "17:41:01.639" ][SystemMonitor] Stats Update: CPU App: 0.78125 % | Sys: 89.5833 % | RAM App: 220.797 MB | Sys Avail: 23556.7 MB / 65466.5 MB
[ "17:41:02.639" ][SystemMonitor] Stats Update: CPU App: 0.78125 % | Sys: 78.3854 % | RAM App: 220.879 MB | Sys Avail: 23554 MB / 65466.5 MB
[ "17:41:03.640" ][SystemMonitor] Stats Update: CPU App: 1.30208 % | Sys: 98.1771 % | RAM App: 221.055 MB | Sys Avail: 23495.2 MB / 65466.5 MB
[ "17:41:04.632" ][SystemMonitor] Stats Update: CPU App: 1.5625 % | Sys: 80.9896 % | RAM App: 221.133 MB | Sys Avail: 23576.1 MB / 65466.5 MB
[ "17:41:05.639" ][SystemMonitor] Stats Update: CPU App: 0.78125 % | Sys: 89.3229 % | RAM App: 221.262 MB | Sys Avail: 23570.1 MB / 65466.5 MB
[ "17:41:06.639" ][SystemMonitor] Stats Update: CPU App: 1.30208 % | Sys: 63.8021 % | RAM App: 221.352 MB | Sys Avail: 23613.9 MB / 65466.5 MB
[ "17:41:07.633" ][SystemMonitor] Stats Update: CPU App: 1.30208 % | Sys: 69.5313 % | RAM App: 221.375 MB | Sys Avail: 23615.1 MB / 65466.5 MB
[ "17:41:08.631" ][SystemMonitor] Stats Update: CPU App: 1.04167 % | Sys: 67.7083 % | RAM App: 221.43 MB | Sys Avail: 23628.4 MB / 65466.5 MB
TelemetryMonitor: Processed 300 frames. Current FPS: 29
[ "17:41:09.640" ][SystemMonitor] Stats Update: CPU App: 0.260417 % | Sys: 69.0104 % | RAM App: 221.613 MB | Sys Avail: 23631.8 MB / 65466.5 MB
[ "17:41:10.631" ][SystemMonitor] Stats Update: CPU App: 0.520833 % | Sys: 61.4583 % | RAM App: 221.742 MB | Sys Avail: 23632.5 MB / 65466.5 MB
[ "17:41:11.632" ][SystemMonitor] Stats Update: CPU App: 1.04167 % | Sys: 65.1042 % | RAM App: 221.871 MB | Sys Avail: 23635.9 MB / 65466.5 MB
[ "17:41:12.631" ][SystemMonitor] Stats Update: CPU App: 0.520833 % | Sys: 68.75 % | RAM App: 221.996 MB | Sys Avail: 23641 MB / 65466.5 MB
[ "17:41:13.639" ][SystemMonitor] Stats Update: CPU App: 0.78125 % | Sys: 68.2292 % | RAM App: 222.074 MB | Sys Avail: 23758.1 MB / 65466.5 MB
[ "17:41:14.639" ][SystemMonitor] Stats Update: CPU App: 1.04167 % | Sys: 65.625 % | RAM App: 222.203 MB | Sys Avail: 23753.5 MB / 65466.5 MB
[ "17:41:15.631" ][SystemMonitor] Stats Update: CPU App: 1.30208 % | Sys: 64.0625 % | RAM App: 222.285 MB | Sys Avail: 23752.2 MB / 65466.5 MB
[ "17:41:16.631" ][SystemMonitor] Stats Update: CPU App: 0.78125 % | Sys: 70.8333 % | RAM App: 222.418 MB | Sys Avail: 23733.3 MB / 65466.5 MB
[ "17:41:17.639" ][SystemMonitor] Stats Update: CPU App: 0.260417 % | Sys: 66.4063 % | RAM App: 222.508 MB | Sys Avail: 23742.9 MB / 65466.5 MB
[ "17:41:18.630" ][SystemMonitor] Stats Update: CPU App: 0.78125 % | Sys: 73.4375 % | RAM App: 222.637 MB | Sys Avail: 23741.2 MB / 65466.5 MB
TelemetryMonitor: Processed 300 frames. Current FPS: 29
[ "17:41:19.639" ][SystemMonitor] Stats Update: CPU App: 1.04167 % | Sys: 73.1771 % | RAM App: 222.723 MB | Sys Avail: 23750.9 MB / 65466.5 MB
[ "17:41:20.640" ][SystemMonitor] Stats Update: CPU App: 0.520833 % | Sys: 70.0521 % | RAM App: 222.852 MB | Sys Avail: 23806.6 MB / 65466.5 MB
[ "17:41:21.636" ][SystemMonitor] Stats Update: CPU App: 0.520833 % | Sys: 63.5417 % | RAM App: 222.938 MB | Sys Avail: 23812.6 MB / 65466.5 MB
[ "17:41:22.640" ][SystemMonitor] Stats Update: CPU App: 0.520833 % | Sys: 64.8438 % | RAM App: 223.063 MB | Sys Avail: 23819.3 MB / 65466.5 MB
[ "17:41:23.639" ][SystemMonitor] Stats Update: CPU App: 0.520833 % | Sys: 70.8333 % | RAM App: 223.156 MB | Sys Avail: 23842.7 MB / 65466.5 MB
[ "17:41:24.640" ][SystemMonitor] Stats Update: CPU App: 0.260417 % | Sys: 67.7083 % | RAM App: 223.305 MB | Sys Avail: 23847.6 MB / 65466.5 MB
[ "17:41:25.637" ][SystemMonitor] Stats Update: CPU App: 0.520833 % | Sys: 73.1771 % | RAM App: 218.863 MB | Sys Avail: 23856.2 MB / 65466.5 MB
[ "17:41:26.632" ][SystemMonitor] Stats Update: CPU App: 0.520833 % | Sys: 70.5729 % | RAM App: 219.078 MB | Sys Avail: 23856.2 MB / 65466.5 MB
[ "17:41:27.635" ][SystemMonitor] Stats Update: CPU App: 0.260417 % | Sys: 58.8542 % | RAM App: 219.137 MB | Sys Avail: 23852.7 MB / 65466.5 MB
[ "17:41:28.632" ][SystemMonitor] Stats Update: CPU App: 0.260417 % | Sys: 74.4792 % | RAM App: 219.137 MB | Sys Avail: 23851.8 MB / 65466.5 MB
TelemetryMonitor: Processed 300 frames. Current FPS: 30
[ "17:41:29.640" ][SystemMonitor] Stats Update: CPU App: 0.520833 % | Sys: 73.6979 % | RAM App: 219.211 MB | Sys Avail: 23855.2 MB / 65466.5 MB
[ "17:41:30.631" ][SystemMonitor] Stats Update: CPU App: 0.260417 % | Sys: 77.0833 % | RAM App: 219.23 MB | Sys Avail: 23835.8 MB / 65466.5 MB
[ "17:41:31.632" ][SystemMonitor] Stats Update: CPU App: 1.04167 % | Sys: 65.1042 % | RAM App: 219.25 MB | Sys Avail: 23828.4 MB / 65466.5 MB
[ "17:41:32.640" ][SystemMonitor] Stats Update: CPU App: 0.78125 % | Sys: 69.5313 % | RAM App: 219.313 MB | Sys Avail: 23834.4 MB / 65466.5 MB
[ "17:41:33.639" ][SystemMonitor] Stats Update: CPU App: 0.520833 % | Sys: 90.625 % | RAM App: 219.332 MB | Sys Avail: 23827.7 MB / 65466.5 MB
[ "17:41:34.640" ][SystemMonitor] Stats Update: CPU App: 0.78125 % | Sys: 69.7917 % | RAM App: 219.383 MB | Sys Avail: 23827.1 MB / 65466.5 MB
[ "17:41:35.640" ][SystemMonitor] Stats Update: CPU App: 1.04167 % | Sys: 82.2917 % | RAM App: 219.387 MB | Sys Avail: 23803.4 MB / 65466.5 MB
[ "17:41:36.631" ][SystemMonitor] Stats Update: CPU App: 0.260417 % | Sys: 63.0208 % | RAM App: 219.438 MB | Sys Avail: 23834.2 MB / 65466.5 MB
[ "17:41:37.635" ][SystemMonitor] Stats Update: CPU App: 1.30208 % | Sys: 67.4479 % | RAM App: 219.5 MB | Sys Avail: 23836.2 MB / 65466.5 MB
[ "17:41:38.640" ][SystemMonitor] Stats Update: CPU App: 0.260417 % | Sys: 63.5417 % | RAM App: 219.559 MB | Sys Avail: 23839 MB / 65466.5 MB
[ "17:41:39.641" ][SystemMonitor] Stats Update: CPU App: 0.260417 % | Sys: 73.1771 % | RAM App: 219.625 MB | Sys Avail: 23851.6 MB / 65466.5 MB
TelemetryMonitor: Processed 300 frames. Current FPS: 30
[ "17:41:40.641" ][SystemMonitor] Stats Update: CPU App: 0.520833 % | Sys: 63.0208 % | RAM App: 219.637 MB | Sys Avail: 23851.2 MB / 65466.5 MB
[ "17:41:41.639" ][SystemMonitor] Stats Update: CPU App: 0.520833 % | Sys: 66.9271 % | RAM App: 219.707 MB | Sys Avail: 23752.5 MB / 65466.5 MB
[ "17:41:42.631" ][SystemMonitor] Stats Update: CPU App: 1.04167 % | Sys: 61.1979 % | RAM App: 219.73 MB | Sys Avail: 23754.9 MB / 65466.5 MB
[ "17:41:43.640" ][SystemMonitor] Stats Update: CPU App: 0.78125 % | Sys: 63.5417 % | RAM App: 219.766 MB | Sys Avail: 23757.8 MB / 65466.5 MB
[ "17:41:44.640" ][SystemMonitor] Stats Update: CPU App: 0.520833 % | Sys: 72.3958 % | RAM App: 219.805 MB | Sys Avail: 23739.5 MB / 65466.5 MB
[ "17:41:45.640" ][SystemMonitor] Stats Update: CPU App: 1.5625 % | Sys: 72.3958 % | RAM App: 219.852 MB | Sys Avail: 23634.3 MB / 65466.5 MB
[ "17:41:46.631" ][SystemMonitor] Stats Update: CPU App: 1.5625 % | Sys: 75.5208 % | RAM App: 219.867 MB | Sys Avail: 23640.1 MB / 65466.5 MB
[ "17:41:47.641" ][SystemMonitor] Stats Update: CPU App: 0.520833 % | Sys: 64.5833 % | RAM App: 219.938 MB | Sys Avail: 23643.1 MB / 65466.5 MB
[ "17:41:48.640" ][SystemMonitor] Stats Update: CPU App: 0.520833 % | Sys: 73.6979 % | RAM App: 220.023 MB | Sys Avail: 23643.2 MB / 65466.5 MB
[ "17:41:49.635" ][SystemMonitor] Stats Update: CPU App: 0.520833 % | Sys: 64.5833 % | RAM App: 220.109 MB | Sys Avail: 23622.5 MB / 65466.5 MB
TelemetryMonitor: Processed 300 frames. Current FPS: 30
[ "17:41:50.641" ][SystemMonitor] Stats Update: CPU App: 0.78125 % | Sys: 62.2396 % | RAM App: 220.184 MB | Sys Avail: 23626.2 MB / 65466.5 MB
[ "17:41:51.641" ][SystemMonitor] Stats Update: CPU App: 0.520833 % | Sys: 73.1771 % | RAM App: 220.203 MB | Sys Avail: 23624.5 MB / 65466.5 MB
[ "17:41:52.630" ][SystemMonitor] Stats Update: CPU App: 0.78125 % | Sys: 73.6979 % | RAM App: 220.242 MB | Sys Avail: 23624.3 MB / 65466.5 MB
[ "17:41:53.641" ][SystemMonitor] Stats Update: CPU App: 0.520833 % | Sys: 58.3333 % | RAM App: 220.266 MB | Sys Avail: 23618.1 MB / 65466.5 MB
[ "17:41:54.631" ][SystemMonitor] Stats Update: CPU App: 0.78125 % | Sys: 58.8542 % | RAM App: 220.328 MB | Sys Avail: 23618.3 MB / 65466.5 MB
[ "17:41:55.640" ][SystemMonitor] Stats Update: CPU App: 1.30208 % | Sys: 76.8229 % | RAM App: 220.41 MB | Sys Avail: 23619.7 MB / 65466.5 MB
[ "17:41:56.630" ][SystemMonitor] Stats Update: CPU App: 0.260417 % | Sys: 60.9375 % | RAM App: 220.535 MB | Sys Avail: 23620.4 MB / 65466.5 MB
[ "17:41:57.641" ][SystemMonitor] Stats Update: CPU App: 0.78125 % | Sys: 64.8438 % | RAM App: 220.586 MB | Sys Avail: 23623.4 MB / 65466.5 MB
[ "17:41:58.630" ][SystemMonitor] Stats Update: CPU App: 0.520833 % | Sys: 73.1771 % | RAM App: 220.66 MB | Sys Avail: 23585.2 MB / 65466.5 MB
[ "17:41:59.641" ][SystemMonitor] Stats Update: CPU App: 0.520833 % | Sys: 60.9375 % | RAM App: 220.688 MB | Sys Avail: 23586 MB / 65466.5 MB
TelemetryMonitor: Processed 300 frames. Current FPS: 30
[ "17:42:00.641" ][SystemMonitor] Stats Update: CPU App: 0.260417 % | Sys: 60.9375 % | RAM App: 220.809 MB | Sys Avail: 23587.3 MB / 65466.5 MB
[ "17:42:01.634" ][SystemMonitor] Stats Update: CPU App: 0.260417 % | Sys: 80.4688 % | RAM App: 220.895 MB | Sys Avail: 23587.1 MB / 65466.5 MB
[ "17:42:02.641" ][SystemMonitor] Stats Update: CPU App: 1.04167 % | Sys: 63.5417 % | RAM App: 220.957 MB | Sys Avail: 23574.7 MB / 65466.5 MB
[ "17:42:03.634" ][SystemMonitor] Stats Update: CPU App: 1.30208 % | Sys: 90.1042 % | RAM App: 221.051 MB | Sys Avail: 23569.8 MB / 65466.5 MB
[ "17:42:04.631" ][SystemMonitor] Stats Update: CPU App: 0.520833 % | Sys: 64.3229 % | RAM App: 221.164 MB | Sys Avail: 23526.1 MB / 65466.5 MB
[ "17:42:05.642" ][SystemMonitor] Stats Update: CPU App: 0.78125 % | Sys: 80.4688 % | RAM App: 221.293 MB | Sys Avail: 23535.5 MB / 65466.5 MB
[ "17:42:06.631" ][SystemMonitor] Stats Update: CPU App: 1.04167 % | Sys: 66.6667 % | RAM App: 221.422 MB | Sys Avail: 23500.5 MB / 65466.5 MB
[ "17:42:07.641" ][SystemMonitor] Stats Update: CPU App: 0.260417 % | Sys: 65.3646 % | RAM App: 221.563 MB | Sys Avail: 23441.8 MB / 65466.5 MB
[ "17:42:08.631" ][SystemMonitor] Stats Update: CPU App: 1.04167 % | Sys: 75.7813 % | RAM App: 221.602 MB | Sys Avail: 23453.1 MB / 65466.5 MB
[ "17:42:09.641" ][SystemMonitor] Stats Update: CPU App: 0.520833 % | Sys: 67.4479 % | RAM App: 221.781 MB | Sys Avail: 23506.7 MB / 65466.5 MB
TelemetryMonitor: Processed 300 frames. Current FPS: 30
[ "17:42:10.630" ][SystemMonitor] Stats Update: CPU App: 0.78125 % | Sys: 64.5833 % | RAM App: 221.855 MB | Sys Avail: 23577.4 MB / 65466.5 MB
[ "17:42:11.641" ][SystemMonitor] Stats Update: CPU App: 1.04167 % | Sys: 62.2396 % | RAM App: 221.984 MB | Sys Avail: 23524.9 MB / 65466.5 MB
[ "17:42:12.630" ][SystemMonitor] Stats Update: CPU App: 0.78125 % | Sys: 65.8854 % | RAM App: 222.02 MB | Sys Avail: 23485.1 MB / 65466.5 MB
[ "17:42:13.642" ][SystemMonitor] Stats Update: CPU App: 0.260417 % | Sys: 69.2708 % | RAM App: 222.203 MB | Sys Avail: 23570.6 MB / 65466.5 MB
[ "17:42:14.641" ][SystemMonitor] Stats Update: CPU App: 0.260417 % | Sys: 68.4896 % | RAM App: 222.234 MB | Sys Avail: 23520.5 MB / 65466.5 MB
[ "17:42:15.633" ][SystemMonitor] Stats Update: CPU App: 0.260417 % | Sys: 70.8333 % | RAM App: 222.363 MB | Sys Avail: 23481.4 MB / 65466.5 MB
[ "17:42:16.631" ][SystemMonitor] Stats Update: CPU App: 0.78125 % | Sys: 78.125 % | RAM App: 222.449 MB | Sys Avail: 23550 MB / 65466.5 MB
[ "17:42:17.636" ][SystemMonitor] Stats Update: CPU App: 0.78125 % | Sys: 70.3125 % | RAM App: 222.641 MB | Sys Avail: 23571.7 MB / 65466.5 MB
[ "17:42:18.631" ][SystemMonitor] Stats Update: CPU App: 1.04167 % | Sys: 68.4896 % | RAM App: 222.672 MB | Sys Avail: 23511 MB / 65466.5 MB
[ "17:42:19.643" ][SystemMonitor] Stats Update: CPU App: 1.04167 % | Sys: 65.625 % | RAM App: 222.805 MB | Sys Avail: 23396.6 MB / 65466.5 MB
[ "17:42:20.641" ][SystemMonitor] Stats Update: CPU App: 1.04167 % | Sys: 66.1458 % | RAM App: 222.887 MB | Sys Avail: 23811.3 MB / 65466.5 MB
TelemetryMonitor: Processed 300 frames. Current FPS: 29
[ "17:42:21.638" ][SystemMonitor] Stats Update: CPU App: 1.04167 % | Sys: 66.6667 % | RAM App: 223.078 MB | Sys Avail: 23814.6 MB / 65466.5 MB
[ "17:42:22.641" ][SystemMonitor] Stats Update: CPU App: 0.78125 % | Sys: 67.1875 % | RAM App: 223.113 MB | Sys Avail: 23756.7 MB / 65466.5 MB
[ "17:42:23.642" ][SystemMonitor] Stats Update: CPU App: 0.78125 % | Sys: 67.4479 % | RAM App: 223.246 MB | Sys Avail: 23739.3 MB / 65466.5 MB
[ "17:42:24.632" ][SystemMonitor] Stats Update: CPU App: 0.520833 % | Sys: 65.3646 % | RAM App: 223.332 MB | Sys Avail: 23769.4 MB / 65466.5 MB
[ "17:42:25.642" ][SystemMonitor] Stats Update: CPU App: 0.78125 % | Sys: 70.0521 % | RAM App: 217.828 MB | Sys Avail: 23754.6 MB / 65466.5 MB
[ "17:42:26.642" ][SystemMonitor] Stats Update: CPU App: 1.30208 % | Sys: 84.6354 % | RAM App: 218.043 MB | Sys Avail: 23661.2 MB / 65466.5 MB
[ "17:42:27.633" ][SystemMonitor] Stats Update: CPU App: 0.520833 % | Sys: 69.5313 % | RAM App: 218.156 MB | Sys Avail: 23621.2 MB / 65466.5 MB
[ "17:42:28.642" ][SystemMonitor] Stats Update: CPU App: 0.78125 % | Sys: 60.9375 % | RAM App: 218.219 MB | Sys Avail: 23820.7 MB / 65466.5 MB
[ "17:42:29.631" ][SystemMonitor] Stats Update: CPU App: 0.520833 % | Sys: 49.7396 % | RAM App: 218.344 MB | Sys Avail: 23816.7 MB / 65466.5 MB
[ "17:42:30.632" ][SystemMonitor] Stats Update: CPU App: 0.260417 % | Sys: 76.3021 % | RAM App: 218.379 MB | Sys Avail: 23812.1 MB / 65466.5 MB
TelemetryMonitor: Processed 300 frames. Current FPS: 29
[ "17:42:31.631" ][SystemMonitor] Stats Update: CPU App: 0.78125 % | Sys: 80.9896 % | RAM App: 218.414 MB | Sys Avail: 23808.1 MB / 65466.5 MB
[ "17:42:32.631" ][SystemMonitor] Stats Update: CPU App: 1.30208 % | Sys: 74.4792 % | RAM App: 218.422 MB | Sys Avail: 23808.7 MB / 65466.5 MB
[ "17:42:33.642" ][SystemMonitor] Stats Update: CPU App: 0.260417 % | Sys: 96.6146 % | RAM App: 218.441 MB | Sys Avail: 23757.5 MB / 65466.5 MB
[ "17:42:34.632" ][SystemMonitor] Stats Update: CPU App: 1.30208 % | Sys: 80.4688 % | RAM App: 218.484 MB | Sys Avail: 23815.5 MB / 65466.5 MB
[ "17:42:35.642" ][SystemMonitor] Stats Update: CPU App: 1.04167 % | Sys: 86.4583 % | RAM App: 218.492 MB | Sys Avail: 23768.8 MB / 65466.5 MB
[ "17:42:36.642" ][SystemMonitor] Stats Update: CPU App: 0.78125 % | Sys: 97.3958 % | RAM App: 218.586 MB | Sys Avail: 23841 MB / 65466.5 MB
[ "17:42:37.642" ][SystemMonitor] Stats Update: CPU App: 0.520833 % | Sys: 79.4271 % | RAM App: 218.641 MB | Sys Avail: 23840.3 MB / 65466.5 MB
[ "17:42:38.642" ][SystemMonitor] Stats Update: CPU App: 0.520833 % | Sys: 80.9896 % | RAM App: 218.645 MB | Sys Avail: 23842.8 MB / 65466.5 MB
[ "17:42:39.643" ][SystemMonitor] Stats Update: CPU App: 1.04167 % | Sys: 82.0313 % | RAM App: 218.703 MB | Sys Avail: 23845.8 MB / 65466.5 MB
[ "17:42:40.643" ][SystemMonitor] Stats Update: CPU App: 0.78125 % | Sys: 77.3438 % | RAM App: 218.77 MB | Sys Avail: 23843.3 MB / 65466.5 MB
TelemetryMonitor: Processed 300 frames. Current FPS: 30
[ "17:42:41.644" ][SystemMonitor] Stats Update: CPU App: 0.78125 % | Sys: 78.3854 % | RAM App: 218.828 MB | Sys Avail: 23844.3 MB / 65466.5 MB
[ "17:42:42.651" ][SystemMonitor] Stats Update: CPU App: 1.02564 % | Sys: 75.3846 % | RAM App: 218.855 MB | Sys Avail: 23847.1 MB / 65466.5 MB
[ "17:42:43.642" ][SystemMonitor] Stats Update: CPU App: 0.26455 % | Sys: 78.0423 % | RAM App: 218.887 MB | Sys Avail: 24031.1 MB / 65466.5 MB
[ "17:42:44.643" ][SystemMonitor] Stats Update: CPU App: 0.78125 % | Sys: 77.8646 % | RAM App: 218.965 MB | Sys Avail: 24027.1 MB / 65466.5 MB
[ "17:42:45.643" ][SystemMonitor] Stats Update: CPU App: 0.520833 % | Sys: 83.0729 % | RAM App: 218.996 MB | Sys Avail: 24083.4 MB / 65466.5 MB
[ "17:42:46.643" ][SystemMonitor] Stats Update: CPU App: 0.78125 % | Sys: 77.6042 % | RAM App: 219.082 MB | Sys Avail: 24094.1 MB / 65466.5 MB
[ "17:42:47.639" ][SystemMonitor] Stats Update: CPU App: 0.520833 % | Sys: 76.8229 % | RAM App: 219.121 MB | Sys Avail: 24095.3 MB / 65466.5 MB
[ "17:42:48.642" ][SystemMonitor] Stats Update: CPU App: 1.04167 % | Sys: 78.6458 % | RAM App: 219.207 MB | Sys Avail: 24094.2 MB / 65466.5 MB
[ "17:42:49.640" ][SystemMonitor] Stats Update: CPU App: 0.78125 % | Sys: 62.7604 % | RAM App: 219.293 MB | Sys Avail: 24096.3 MB / 65466.5 MB
[ "17:42:50.642" ][SystemMonitor] Stats Update: CPU App: 1.30208 % | Sys: 62.5 % | RAM App: 219.375 MB | Sys Avail: 24094.7 MB / 65466.5 MB
[ "17:42:51.639" ][SystemMonitor] Stats Update: CPU App: 0 % | Sys: 72.6563 % | RAM App: 219.457 MB | Sys Avail: 24102.6 MB / 65466.5 MB
TelemetryMonitor: Processed 300 frames. Current FPS: 29
[ "17:42:52.643" ][SystemMonitor] Stats Update: CPU App: 0.260417 % | Sys: 67.1875 % | RAM App: 219.547 MB | Sys Avail: 24103.6 MB / 65466.5 MB
[ "17:42:53.634" ][SystemMonitor] Stats Update: CPU App: 1.04167 % | Sys: 68.75 % | RAM App: 219.621 MB | Sys Avail: 24103.8 MB / 65466.5 MB
[ "17:42:54.643" ][SystemMonitor] Stats Update: CPU App: 0.260417 % | Sys: 66.1458 % | RAM App: 219.707 MB | Sys Avail: 24105.3 MB / 65466.5 MB
[ "17:42:55.639" ][SystemMonitor] Stats Update: CPU App: 1.30208 % | Sys: 63.8021 % | RAM App: 219.738 MB | Sys Avail: 24104.7 MB / 65466.5 MB
[ "17:42:56.643" ][SystemMonitor] Stats Update: CPU App: 0.520833 % | Sys: 71.3542 % | RAM App: 219.82 MB | Sys Avail: 24104.7 MB / 65466.5 MB
[ "17:42:57.631" ][SystemMonitor] Stats Update: CPU App: 0.520833 % | Sys: 70.5729 % | RAM App: 219.902 MB | Sys Avail: 24109.5 MB / 65466.5 MB
[ "17:42:58.642" ][SystemMonitor] Stats Update: CPU App: 1.04167 % | Sys: 67.7083 % | RAM App: 219.941 MB | Sys Avail: 24105.6 MB / 65466.5 MB
[ "17:42:59.643" ][SystemMonitor] Stats Update: CPU App: 0.78125 % | Sys: 63.2813 % | RAM App: 219.965 MB | Sys Avail: 24106.3 MB / 65466.5 MB
[ "17:43:00.643" ][SystemMonitor] Stats Update: CPU App: 1.30208 % | Sys: 69.2708 % | RAM App: 220.051 MB | Sys Avail: 24106.8 MB / 65466.5 MB
[ "17:43:01.639" ][SystemMonitor] Stats Update: CPU App: 1.30208 % | Sys: 65.3646 % | RAM App: 220.133 MB | Sys Avail: 24107.2 MB / 65466.5 MB
TelemetryMonitor: Processed 300 frames. Current FPS: 30
[ "17:43:02.631" ][SystemMonitor] Stats Update: CPU App: 0.520833 % | Sys: 75.7813 % | RAM App: 220.215 MB | Sys Avail: 24105.2 MB / 65466.5 MB
[ "17:43:03.631" ][SystemMonitor] Stats Update: CPU App: 1.5625 % | Sys: 92.9688 % | RAM App: 220.305 MB | Sys Avail: 24063.7 MB / 65466.5 MB
[ "17:43:04.630" ][SystemMonitor] Stats Update: CPU App: 0 % | Sys: 71.3542 % | RAM App: 220.434 MB | Sys Avail: 24068.3 MB / 65466.5 MB
[ "17:43:05.643" ][SystemMonitor] Stats Update: CPU App: 0.520833 % | Sys: 83.3333 % | RAM App: 220.527 MB | Sys Avail: 23962.9 MB / 65466.5 MB
[ "17:43:06.644" ][SystemMonitor] Stats Update: CPU App: 1.30208 % | Sys: 76.5625 % | RAM App: 220.656 MB | Sys Avail: 23911.3 MB / 65466.5 MB
[ "17:43:07.644" ][SystemMonitor] Stats Update: CPU App: 0.78125 % | Sys: 80.9896 % | RAM App: 220.746 MB | Sys Avail: 23770.5 MB / 65466.5 MB
[ "17:43:08.631" ][SystemMonitor] Stats Update: CPU App: 0.78125 % | Sys: 82.2917 % | RAM App: 220.883 MB | Sys Avail: 23772.5 MB / 65466.5 MB
[ "17:43:09.638" ][SystemMonitor] Stats Update: CPU App: 0.260417 % | Sys: 79.6875 % | RAM App: 220.969 MB | Sys Avail: 23692 MB / 65466.5 MB
[ "17:43:10.643" ][SystemMonitor] Stats Update: CPU App: 1.30208 % | Sys: 80.4688 % | RAM App: 221.098 MB | Sys Avail: 23729.3 MB / 65466.5 MB
[ "17:43:11.639" ][SystemMonitor] Stats Update: CPU App: 0.78125 % | Sys: 73.9583 % | RAM App: 221.18 MB | Sys Avail: 23679.9 MB / 65466.5 MB
TelemetryMonitor: Processed 300 frames. Current FPS: 30
[ "17:43:12.643" ][SystemMonitor] Stats Update: CPU App: 0.520833 % | Sys: 84.375 % | RAM App: 221.262 MB | Sys Avail: 23641.2 MB / 65466.5 MB
[ "17:43:13.643" ][SystemMonitor] Stats Update: CPU App: 0.520833 % | Sys: 78.9063 % | RAM App: 221.355 MB | Sys Avail: 23565.7 MB / 65466.5 MB
[ "17:43:14.643" ][SystemMonitor] Stats Update: CPU App: 1.30208 % | Sys: 80.4688 % | RAM App: 221.461 MB | Sys Avail: 23476.5 MB / 65466.5 MB
[ "17:43:15.643" ][SystemMonitor] Stats Update: CPU App: 1.04167 % | Sys: 80.2083 % | RAM App: 221.543 MB | Sys Avail: 23556.9 MB / 65466.5 MB
[ "17:43:16.646" ][SystemMonitor] Stats Update: CPU App: 0.520833 % | Sys: 70.8333 % | RAM App: 221.672 MB | Sys Avail: 23635.2 MB / 65466.5 MB
[ "17:43:17.639" ][SystemMonitor] Stats Update: CPU App: 1.5625 % | Sys: 67.9688 % | RAM App: 221.758 MB | Sys Avail: 23635.2 MB / 65466.5 MB
[ "17:43:18.631" ][SystemMonitor] Stats Update: CPU App: 0.520833 % | Sys: 63.8021 % | RAM App: 221.836 MB | Sys Avail: 23644 MB / 65466.5 MB
[ "17:43:19.644" ][SystemMonitor] Stats Update: CPU App: 1.04167 % | Sys: 68.2292 % | RAM App: 221.926 MB | Sys Avail: 23643.3 MB / 65466.5 MB
[ "17:43:20.644" ][SystemMonitor] Stats Update: CPU App: 1.04167 % | Sys: 69.2708 % | RAM App: 222.059 MB | Sys Avail: 23645.5 MB / 65466.5 MB
[ "17:43:21.639" ][SystemMonitor] Stats Update: CPU App: 1.5625 % | Sys: 68.2292 % | RAM App: 222.137 MB | Sys Avail: 23647.4 MB / 65466.5 MB
[ "17:43:22.644" ][SystemMonitor] Stats Update: CPU App: 0.78125 % | Sys: 66.9271 % | RAM App: 222.27 MB | Sys Avail: 23651.6 MB / 65466.5 MB
TelemetryMonitor: Processed 300 frames. Current FPS: 30
[ "17:43:23.639" ][SystemMonitor] Stats Update: CPU App: 2.34375 % | Sys: 69.5313 % | RAM App: 222.352 MB | Sys Avail: 23651.7 MB / 65466.5 MB
[ "17:43:24.643" ][SystemMonitor] Stats Update: CPU App: 0.78125 % | Sys: 58.3333 % | RAM App: 217.617 MB | Sys Avail: 23659.5 MB / 65466.5 MB
[ "17:43:25.643" ][SystemMonitor] Stats Update: CPU App: 0.520833 % | Sys: 60.6771 % | RAM App: 217.848 MB | Sys Avail: 23660.5 MB / 65466.5 MB
[ "17:43:26.643" ][SystemMonitor] Stats Update: CPU App: 1.30208 % | Sys: 75 % | RAM App: 217.902 MB | Sys Avail: 23662.2 MB / 65466.5 MB
[ "17:43:27.639" ][SystemMonitor] Stats Update: CPU App: 1.30208 % | Sys: 83.0729 % | RAM App: 217.965 MB | Sys Avail: 23658.7 MB / 65466.5 MB
[ "17:43:28.644" ][SystemMonitor] Stats Update: CPU App: 0.260417 % | Sys: 65.625 % | RAM App: 218.047 MB | Sys Avail: 23605.2 MB / 65466.5 MB
[ "17:43:29.644" ][SystemMonitor] Stats Update: CPU App: 0.78125 % | Sys: 58.8542 % | RAM App: 218.121 MB | Sys Avail: 23604.4 MB / 65466.5 MB
[ "17:43:30.662" ][SystemMonitor] Stats Update: CPU App: 0.505051 % | Sys: 61.3636 % | RAM App: 218.148 MB | Sys Avail: 23593.9 MB / 65466.5 MB
[ "17:43:31.639" ][SystemMonitor] Stats Update: CPU App: 1.07527 % | Sys: 74.7312 % | RAM App: 218.211 MB | Sys Avail: 23592.3 MB / 65466.5 MB
[ "17:43:32.644" ][SystemMonitor] Stats Update: CPU App: 0.260417 % | Sys: 69.7917 % | RAM App: 218.32 MB | Sys Avail: 23489.8 MB / 65466.5 MB
TelemetryMonitor: Processed 300 frames. Current FPS: 29
[ "17:43:33.644" ][SystemMonitor] Stats Update: CPU App: 1.04167 % | Sys: 93.75 % | RAM App: 218.379 MB | Sys Avail: 23494.3 MB / 65466.5 MB
[ "17:43:34.644" ][SystemMonitor] Stats Update: CPU App: 0.520833 % | Sys: 62.5 % | RAM App: 218.484 MB | Sys Avail: 23481.3 MB / 65466.5 MB
[ "17:43:35.635" ][SystemMonitor] Stats Update: CPU App: 1.30208 % | Sys: 79.6875 % | RAM App: 218.547 MB | Sys Avail: 23454.3 MB / 65466.5 MB
[ "17:43:36.644" ][SystemMonitor] Stats Update: CPU App: 0.78125 % | Sys: 69.7917 % | RAM App: 218.555 MB | Sys Avail: 23615.2 MB / 65466.5 MB
[ "17:43:37.634" ][SystemMonitor] Stats Update: CPU App: 1.30208 % | Sys: 69.0104 % | RAM App: 218.609 MB | Sys Avail: 23569.9 MB / 65466.5 MB
[ "17:43:38.644" ][SystemMonitor] Stats Update: CPU App: 0.520833 % | Sys: 58.5938 % | RAM App: 218.672 MB | Sys Avail: 23567.3 MB / 65466.5 MB
[ "17:43:39.644" ][SystemMonitor] Stats Update: CPU App: 0.78125 % | Sys: 75.5208 % | RAM App: 218.734 MB | Sys Avail: 23566.7 MB / 65466.5 MB
[ "17:43:40.631" ][SystemMonitor] Stats Update: CPU App: 1.04167 % | Sys: 70.3125 % | RAM App: 218.844 MB | Sys Avail: 23494.4 MB / 65466.5 MB
[ "17:43:41.644" ][SystemMonitor] Stats Update: CPU App: 1.04167 % | Sys: 60.9375 % | RAM App: 218.957 MB | Sys Avail: 23490.9 MB / 65466.5 MB
[ "17:43:42.630" ][SystemMonitor] Stats Update: CPU App: 1.30208 % | Sys: 66.6667 % | RAM App: 219.09 MB | Sys Avail: 23493.9 MB / 65466.5 MB
TelemetryMonitor: Processed 300 frames. Current FPS: 30
[ "17:43:43.644" ][SystemMonitor] Stats Update: CPU App: 1.5625 % | Sys: 77.3438 % | RAM App: 219.215 MB | Sys Avail: 23494.8 MB / 65466.5 MB
[ "17:43:44.645" ][SystemMonitor] Stats Update: CPU App: 1.04167 % | Sys: 59.375 % | RAM App: 219.34 MB | Sys Avail: 23607.9 MB / 65466.5 MB
[ "17:43:45.639" ][SystemMonitor] Stats Update: CPU App: 1.30208 % | Sys: 66.4063 % | RAM App: 219.418 MB | Sys Avail: 23617.7 MB / 65466.5 MB
[ "17:43:46.631" ][SystemMonitor] Stats Update: CPU App: 1.82292 % | Sys: 77.8646 % | RAM App: 219.547 MB | Sys Avail: 23724.8 MB / 65466.5 MB
[ "17:43:47.646" ][SystemMonitor] Stats Update: CPU App: 0.520833 % | Sys: 66.1458 % | RAM App: 219.629 MB | Sys Avail: 23726.9 MB / 65466.5 MB
[ "17:43:48.630" ][SystemMonitor] Stats Update: CPU App: 1.30208 % | Sys: 67.9688 % | RAM App: 219.66 MB | Sys Avail: 23727.7 MB / 65466.5 MB
[ "17:43:49.645" ][SystemMonitor] Stats Update: CPU App: 0.520833 % | Sys: 71.3542 % | RAM App: 219.707 MB | Sys Avail: 23724.5 MB / 65466.5 MB
[ "17:43:50.645" ][SystemMonitor] Stats Update: CPU App: 0.520833 % | Sys: 67.4479 % | RAM App: 219.797 MB | Sys Avail: 23712.9 MB / 65466.5 MB
[ "17:43:51.645" ][SystemMonitor] Stats Update: CPU App: 2.08333 % | Sys: 63.8021 % | RAM App: 219.84 MB | Sys Avail: 23711.5 MB / 65466.5 MB
[ "17:43:52.631" ][SystemMonitor] Stats Update: CPU App: 0.78125 % | Sys: 58.8542 % | RAM App: 219.969 MB | Sys Avail: 23669.6 MB / 65466.5 MB
TelemetryMonitor: Processed 300 frames. Current FPS: 29
[ "17:43:53.645" ][SystemMonitor] Stats Update: CPU App: 1.04167 % | Sys: 63.0208 % | RAM App: 220.098 MB | Sys Avail: 23646 MB / 65466.5 MB
[ "17:43:54.631" ][SystemMonitor] Stats Update: CPU App: 0.78125 % | Sys: 64.5833 % | RAM App: 220.227 MB | Sys Avail: 23685.1 MB / 65466.5 MB
[ "17:43:55.645" ][SystemMonitor] Stats Update: CPU App: 1.04167 % | Sys: 63.5417 % | RAM App: 220.305 MB | Sys Avail: 23705.5 MB / 65466.5 MB
[ "17:43:56.631" ][SystemMonitor] Stats Update: CPU App: 0.520833 % | Sys: 63.5417 % | RAM App: 220.488 MB | Sys Avail: 23634 MB / 65466.5 MB
[ "17:43:57.645" ][SystemMonitor] Stats Update: CPU App: 0.78125 % | Sys: 73.4375 % | RAM App: 220.609 MB | Sys Avail: 23585.4 MB / 65466.5 MB
[ "17:43:58.644" ][SystemMonitor] Stats Update: CPU App: 1.5625 % | Sys: 83.8542 % | RAM App: 220.738 MB | Sys Avail: 23939 MB / 65466.5 MB
[ "17:43:59.638" ][SystemMonitor] Stats Update: CPU App: 0.78125 % | Sys: 77.8646 % | RAM App: 220.859 MB | Sys Avail: 24014.6 MB / 65466.5 MB
[ "17:44:00.645" ][SystemMonitor] Stats Update: CPU App: 1.5625 % | Sys: 69.7917 % | RAM App: 220.988 MB | Sys Avail: 23956.8 MB / 65466.5 MB
[ "17:44:01.645" ][SystemMonitor] Stats Update: CPU App: 2.08333 % | Sys: 66.4063 % | RAM App: 221.078 MB | Sys Avail: 23921 MB / 65466.5 MB
[ "17:44:02.630" ][SystemMonitor] Stats Update: CPU App: 1.04167 % | Sys: 69.5313 % | RAM App: 221.203 MB | Sys Avail: 24066.2 MB / 65466.5 MB
[ "17:44:03.632" ][SystemMonitor] Stats Update: CPU App: 1.30208 % | Sys: 93.4896 % | RAM App: 221.387 MB | Sys Avail: 23994.5 MB / 65466.5 MB
TelemetryMonitor: Processed 300 frames. Current FPS: 30
[ "17:44:04.645" ][SystemMonitor] Stats Update: CPU App: 0.78125 % | Sys: 70.3125 % | RAM App: 221.465 MB | Sys Avail: 23895.3 MB / 65466.5 MB
[ "17:44:05.646" ][SystemMonitor] Stats Update: CPU App: 0.520833 % | Sys: 78.9063 % | RAM App: 221.598 MB | Sys Avail: 23908.6 MB / 65466.5 MB
[ "17:44:06.645" ][SystemMonitor] Stats Update: CPU App: 0.78125 % | Sys: 80.9896 % | RAM App: 221.727 MB | Sys Avail: 23853 MB / 65466.5 MB
[ "17:44:07.639" ][SystemMonitor] Stats Update: CPU App: 0.78125 % | Sys: 80.7292 % | RAM App: 221.918 MB | Sys Avail: 23685.1 MB / 65466.5 MB
[ "17:44:08.630" ][SystemMonitor] Stats Update: CPU App: 1.04167 % | Sys: 82.5521 % | RAM App: 222.047 MB | Sys Avail: 23600.1 MB / 65466.5 MB
[ "17:44:09.645" ][SystemMonitor] Stats Update: CPU App: 0.78125 % | Sys: 82.5521 % | RAM App: 222.176 MB | Sys Avail: 23692.1 MB / 65466.5 MB
[ "17:44:10.646" ][SystemMonitor] Stats Update: CPU App: 1.5625 % | Sys: 76.8229 % | RAM App: 222.301 MB | Sys Avail: 23703.9 MB / 65466.5 MB
[ "17:44:11.645" ][SystemMonitor] Stats Update: CPU App: 1.04167 % | Sys: 82.5521 % | RAM App: 222.422 MB | Sys Avail: 23607.1 MB / 65466.5 MB
[ "17:44:12.631" ][SystemMonitor] Stats Update: CPU App: 1.30208 % | Sys: 79.1667 % | RAM App: 222.547 MB | Sys Avail: 23516.1 MB / 65466.5 MB
[ "17:44:13.645" ][SystemMonitor] Stats Update: CPU App: 1.30208 % | Sys: 80.4688 % | RAM App: 222.676 MB | Sys Avail: 23643 MB / 65466.5 MB
TelemetryMonitor: Processed 300 frames. Current FPS: 29
[ "17:44:14.631" ][SystemMonitor] Stats Update: CPU App: 2.34375 % | Sys: 82.5521 % | RAM App: 222.805 MB | Sys Avail: 23573.8 MB / 65466.5 MB
[ "17:44:15.638" ][SystemMonitor] Stats Update: CPU App: 1.5625 % | Sys: 78.125 % | RAM App: 222.988 MB | Sys Avail: 23488.3 MB / 65466.5 MB
[ "17:44:16.631" ][SystemMonitor] Stats Update: CPU App: 0.78125 % | Sys: 77.8646 % | RAM App: 223.117 MB | Sys Avail: 23328.1 MB / 65466.5 MB
[ "17:44:17.646" ][SystemMonitor] Stats Update: CPU App: 1.04167 % | Sys: 77.0833 % | RAM App: 223.254 MB | Sys Avail: 23413.8 MB / 65466.5 MB
[ "17:44:18.645" ][SystemMonitor] Stats Update: CPU App: 1.30208 % | Sys: 86.7188 % | RAM App: 223.383 MB | Sys Avail: 23398.2 MB / 65466.5 MB
[ "17:44:19.638" ][SystemMonitor] Stats Update: CPU App: 0.520833 % | Sys: 56.5104 % | RAM App: 223.457 MB | Sys Avail: 23620.9 MB / 65466.5 MB
[ "17:44:20.631" ][SystemMonitor] Stats Update: CPU App: 0.78125 % | Sys: 52.0833 % | RAM App: 223.59 MB | Sys Avail: 23613.9 MB / 65466.5 MB
[ "17:44:21.638" ][SystemMonitor] Stats Update: CPU App: 1.04167 % | Sys: 76.0417 % | RAM App: 223.676 MB | Sys Avail: 23668.1 MB / 65466.5 MB
[ "17:44:22.646" ][SystemMonitor] Stats Update: CPU App: 0.78125 % | Sys: 81.25 % | RAM App: 223.809 MB | Sys Avail: 23668.5 MB / 65466.5 MB
[ "17:44:23.636" ][SystemMonitor] Stats Update: CPU App: 1.04167 % | Sys: 75.7813 % | RAM App: 223.891 MB | Sys Avail: 23664.7 MB / 65466.5 MB
TelemetryMonitor: Processed 300 frames. Current FPS: 29
[ "17:44:24.646" ][SystemMonitor] Stats Update: CPU App: 0.520833 % | Sys: 80.7292 % | RAM App: 217.879 MB | Sys Avail: 23666.6 MB / 65466.5 MB
[ "17:44:25.647" ][SystemMonitor] Stats Update: CPU App: 0.769231 % | Sys: 74.8718 % | RAM App: 218.023 MB | Sys Avail: 23666.8 MB / 65466.5 MB
[ "17:44:26.637" ][SystemMonitor] Stats Update: CPU App: 0.793651 % | Sys: 78.3069 % | RAM App: 218.086 MB | Sys Avail: 23668.5 MB / 65466.5 MB
[ "17:44:27.638" ][SystemMonitor] Stats Update: CPU App: 1.30208 % | Sys: 90.3646 % | RAM App: 218.145 MB | Sys Avail: 23661.2 MB / 65466.5 MB
[ "17:44:28.646" ][SystemMonitor] Stats Update: CPU App: 0.520833 % | Sys: 83.8542 % | RAM App: 218.277 MB | Sys Avail: 23662.7 MB / 65466.5 MB
[ "17:44:29.635" ][SystemMonitor] Stats Update: CPU App: 0.260417 % | Sys: 78.125 % | RAM App: 218.328 MB | Sys Avail: 23657.1 MB / 65466.5 MB
[ "17:44:30.646" ][SystemMonitor] Stats Update: CPU App: 1.5625 % | Sys: 78.9063 % | RAM App: 218.352 MB | Sys Avail: 23667.9 MB / 65466.5 MB
[ "17:44:31.636" ][SystemMonitor] Stats Update: CPU App: 0.520833 % | Sys: 78.125 % | RAM App: 218.41 MB | Sys Avail: 23679.8 MB / 65466.5 MB
[ "17:44:32.646" ][SystemMonitor] Stats Update: CPU App: 0.78125 % | Sys: 78.4416 % | RAM App: 218.473 MB | Sys Avail: 23679.6 MB / 65466.5 MB
[ "17:44:33.631" ][SystemMonitor] Stats Update: CPU App: 1.30208 % | Sys: 96.3446 % | RAM App: 218.523 MB | Sys Avail: 23590.6 MB / 65466.5 MB
[ "17:44:34.647" ][SystemMonitor] Stats Update: CPU App: 0.78125 % | Sys: 85.1563 % | RAM App: 218.586 MB | Sys Avail: 23691.8 MB / 65466.5 MB
TelemetryMonitor: Processed 300 frames. Current FPS: 30
[ "17:44:35.640" ][SystemMonitor] Stats Update: CPU App: 1.82292 % | Sys: 91.4063 % | RAM App: 218.652 MB | Sys Avail: 23654.9 MB / 65466.5 MB
[ "17:44:36.647" ][SystemMonitor] Stats Update: CPU App: 1.30208 % | Sys: 84.375 % | RAM App: 218.762 MB | Sys Avail: 23789.9 MB / 65466.5 MB
[ "17:44:37.646" ][SystemMonitor] Stats Update: CPU App: 0.260417 % | Sys: 84.8958 % | RAM App: 218.859 MB | Sys Avail: 23814.1 MB / 65466.5 MB
[ "17:44:38.646" ][SystemMonitor] Stats Update: CPU App: 0.769231 % | Sys: 80.5128 % | RAM App: 218.969 MB | Sys Avail: 23815.3 MB / 65466.5 MB
[ "17:44:39.646" ][SystemMonitor] Stats Update: CPU App: 0.26455 % | Sys: 75.3968 % | RAM App: 219.035 MB | Sys Avail: 23844.5 MB / 65466.5 MB
[ "17:44:40.647" ][SystemMonitor] Stats Update: CPU App: 1.28205 % | Sys: 78.9744 % | RAM App: 219.141 MB | Sys Avail: 23828.9 MB / 65466.5 MB
[ "17:44:41.638" ][SystemMonitor] Stats Update: CPU App: 0.529101 % | Sys: 73.0159 % | RAM App: 219.152 MB | Sys Avail: 23821 MB / 65466.5 MB
[ "17:44:42.646" ][SystemMonitor] Stats Update: CPU App: 0.78125 % | Sys: 64.3229 % | RAM App: 219.285 MB | Sys Avail: 23820.3 MB / 65466.5 MB
[ "17:44:43.639" ][SystemMonitor] Stats Update: CPU App: 1.30208 % | Sys: 65.3646 % | RAM App: 219.414 MB | Sys Avail: 23823.4 MB / 65466.5 MB
[ "17:44:44.636" ][SystemMonitor] Stats Update: CPU App: 0.520833 % | Sys: 66.6667 % | RAM App: 219.516 MB | Sys Avail: 24033.2 MB / 65466.5 MB
TelemetryMonitor: Processed 300 frames. Current FPS: 30
[ "17:44:45.634" ][SystemMonitor] Stats Update: CPU App: 0.78125 % | Sys: 70.0521 % | RAM App: 219.59 MB | Sys Avail: 24017.8 MB / 65466.5 MB
[ "17:44:46.633" ][SystemMonitor] Stats Update: CPU App: 1.5625 % | Sys: 74.7396 % | RAM App: 219.77 MB | Sys Avail: 24002.1 MB / 65466.5 MB
[ "17:44:47.647" ][SystemMonitor] Stats Update: CPU App: 0.520833 % | Sys: 66.1458 % | RAM App: 219.898 MB | Sys Avail: 24012.9 MB / 65466.5 MB
[ "17:44:48.633" ][SystemMonitor] Stats Update: CPU App: 1.30208 % | Sys: 71.3542 % | RAM App: 219.98 MB | Sys Avail: 24021.9 MB / 65466.5 MB
[ "17:44:49.646" ][SystemMonitor] Stats Update: CPU App: 0.520833 % | Sys: 65.8854 % | RAM App: 220.164 MB | Sys Avail: 24010.2 MB / 65466.5 MB
[ "17:44:50.646" ][SystemMonitor] Stats Update: CPU App: 1.79487 % | Sys: 64.359 % | RAM App: 220.246 MB | Sys Avail: 24010.9 MB / 65466.5 MB
[ "17:44:51.647" ][SystemMonitor] Stats Update: CPU App: 0.529101 % | Sys: 64.8148 % | RAM App: 220.383 MB | Sys Avail: 24009.4 MB / 65466.5 MB
[ "17:44:52.633" ][SystemMonitor] Stats Update: CPU App: 1.30208 % | Sys: 69.0104 % | RAM App: 220.508 MB | Sys Avail: 24012 MB / 65466.5 MB
[ "17:44:53.639" ][SystemMonitor] Stats Update: CPU App: 0.78125 % | Sys: 61.4583 % | RAM App: 220.586 MB | Sys Avail: 24012.6 MB / 65466.5 MB
[ "17:44:54.647" ][SystemMonitor] Stats Update: CPU App: 0.520833 % | Sys: 72.3958 % | RAM App: 220.715 MB | Sys Avail: 24013.3 MB / 65466.5 MB
TelemetryMonitor: Processed 300 frames. Current FPS: 29
[ "17:44:55.639" ][SystemMonitor] Stats Update: CPU App: 2.08333 % | Sys: 69.2708 % | RAM App: 220.914 MB | Sys Avail: 24014.5 MB / 65466.5 MB
[ "17:44:56.647" ][SystemMonitor] Stats Update: CPU App: 1.02564 % | Sys: 63.3333 % | RAM App: 220.945 MB | Sys Avail: 24014.7 MB / 65466.5 MB
[ "17:44:57.647" ][SystemMonitor] Stats Update: CPU App: 1.04712 % | Sys: 64.0625 % | RAM App: 221.074 MB | Sys Avail: 24007 MB / 65466.5 MB
[ "17:44:58.646" ][SystemMonitor] Stats Update: CPU App: 0.518135 % | Sys: 63.0208 % | RAM App: 221.203 MB | Sys Avail: 24006.5 MB / 65466.5 MB
[ "17:44:59.646" ][SystemMonitor] Stats Update: CPU App: 1.04167 % | Sys: 68.75 % | RAM App: 221.387 MB | Sys Avail: 24006.4 MB / 65466.5 MB
[ "17:45:00.648" ][SystemMonitor] Stats Update: CPU App: 0.520833 % | Sys: 61.7188 % | RAM App: 221.422 MB | Sys Avail: 23968.7 MB / 65466.5 MB
[ "17:45:01.647" ][SystemMonitor] Stats Update: CPU App: 0.529101 % | Sys: 67.1958 % | RAM App: 221.555 MB | Sys Avail: 23876.7 MB / 65466.5 MB
[ "17:45:02.631" ][SystemMonitor] Stats Update: CPU App: 1.30208 % | Sys: 61.4583 % | RAM App: 221.637 MB | Sys Avail: 23874.9 MB / 65466.5 MB
[ "17:45:03.646" ][SystemMonitor] Stats Update: CPU App: 1.53846 % | Sys: 93.0769 % | RAM App: 221.711 MB | Sys Avail: 23864.7 MB / 65466.5 MB
[ "17:45:04.631" ][SystemMonitor] Stats Update: CPU App: 0.529101 % | Sys: 76.1905 % | RAM App: 221.734 MB | Sys Avail: 23833.2 MB / 65466.5 MB
TelemetryMonitor: Processed 300 frames. Current FPS: 29
[ "17:45:05.647" ][SystemMonitor] Stats Update: CPU App: 0.78125 % | Sys: 79.4271 % | RAM App: 221.914 MB | Sys Avail: 23712.5 MB / 65466.5 MB
[ "17:45:06.646" ][SystemMonitor] Stats Update: CPU App: 1.28205 % | Sys: 63.8462 % | RAM App: 221.996 MB | Sys Avail: 23743.3 MB / 65466.5 MB
[ "17:45:07.633" ][SystemMonitor] Stats Update: CPU App: 1.0582 % | Sys: 61.1111 % | RAM App: 222.129 MB | Sys Avail: 23747.4 MB / 65466.5 MB
[ "17:45:08.631" ][SystemMonitor] Stats Update: CPU App: 1.30208 % | Sys: 77.0833 % | RAM App: 222.258 MB | Sys Avail: 23719.1 MB / 65466.5 MB
[ "17:45:09.639" ][SystemMonitor] Stats Update: CPU App: 1.30208 % | Sys: 67.4479 % | RAM App: 222.402 MB | Sys Avail: 23667.3 MB / 65466.5 MB
[ "17:45:10.647" ][SystemMonitor] Stats Update: CPU App: 0.769231 % | Sys: 61.7949 % | RAM App: 222.527 MB | Sys Avail: 23665.8 MB / 65466.5 MB
[ "17:45:11.638" ][SystemMonitor] Stats Update: CPU App: 0.529101 % | Sys: 73.8095 % | RAM App: 222.711 MB | Sys Avail: 23666.1 MB / 65466.5 MB
[ "17:45:12.648" ][SystemMonitor] Stats Update: CPU App: 0.769231 % | Sys: 61.0256 % | RAM App: 222.84 MB | Sys Avail: 23890.2 MB / 65466.5 MB
[ "17:45:13.647" ][SystemMonitor] Stats Update: CPU App: 0.78125 % | Sys: 60.1563 % | RAM App: 222.969 MB | Sys Avail: 23893.6 MB / 65466.5 MB
[ "17:45:14.632" ][SystemMonitor] Stats Update: CPU App: 1.32275 % | Sys: 67.9894 % | RAM App: 223.094 MB | Sys Avail: 23892.4 MB / 65466.5 MB
[ "17:45:15.648" ][SystemMonitor] Stats Update: CPU App: 1.28205 % | Sys: 72.5641 % | RAM App: 223.172 MB | Sys Avail: 23902.1 MB / 65466.5 MB
TelemetryMonitor: Processed 300 frames. Current FPS: 29
[ "17:45:16.647" ][SystemMonitor] Stats Update: CPU App: 0.520833 % | Sys: 60.4167 % | RAM App: 223.246 MB | Sys Avail: 23893.4 MB / 65466.5 MB
[ "17:45:17.647" ][SystemMonitor] Stats Update: CPU App: 0.520833 % | Sys: 60.4167 % | RAM App: 223.375 MB | Sys Avail: 23892.9 MB / 65466.5 MB
[ "17:45:18.647" ][SystemMonitor] Stats Update: CPU App: 1.04167 % | Sys: 74.4792 % | RAM App: 223.43 MB | Sys Avail: 23860 MB / 65466.5 MB
[ "17:45:19.648" ][SystemMonitor] Stats Update: CPU App: 0.260417 % | Sys: 58.8542 % | RAM App: 223.559 MB | Sys Avail: 23858.8 MB / 65466.5 MB
[ "17:45:20.650" ][SystemMonitor] Stats Update: CPU App: 0.260417 % | Sys: 78.3854 % | RAM App: 223.707 MB | Sys Avail: 23766.5 MB / 65466.5 MB
[ "17:45:21.632" ][SystemMonitor] Stats Update: CPU App: 0.529101 % | Sys: 79.8942 % | RAM App: 223.887 MB | Sys Avail: 23731.8 MB / 65466.5 MB
[ "17:45:22.648" ][SystemMonitor] Stats Update: CPU App: 1.53846 % | Sys: 79.2308 % | RAM App: 223.965 MB | Sys Avail: 23460.7 MB / 65466.5 MB
[ "17:45:23.639" ][SystemMonitor] Stats Update: CPU App: 1.5873 % | Sys: 80.4233 % | RAM App: 224.094 MB | Sys Avail: 23432.2 MB / 65466.5 MB
[ "17:45:24.647" ][SystemMonitor] Stats Update: CPU App: 0.769231 % | Sys: 79.4872 % | RAM App: 218.043 MB | Sys Avail: 23541.1 MB / 65466.5 MB
[ "17:45:25.631" ][SystemMonitor] Stats Update: CPU App: 1.32275 % | Sys: 82.5397 % | RAM App: 218.133 MB | Sys Avail: 23520.7 MB / 65466.5 MB
TelemetryMonitor: Processed 300 frames. Current FPS: 30
[ "17:45:26.648" ][SystemMonitor] Stats Update: CPU App: 1.28205 % | Sys: 83.0769 % | RAM App: 218.262 MB | Sys Avail: 23435.8 MB / 65466.5 MB
[ "17:45:27.631" ][SystemMonitor] Stats Update: CPU App: 0.793651 % | Sys: 83.5979 % | RAM App: 218.273 MB | Sys Avail: 23309.8 MB / 65466.5 MB
[ "17:45:28.632" ][SystemMonitor] Stats Update: CPU App: 1.5625 % | Sys: 89.0625 % | RAM App: 218.297 MB | Sys Avail: 23430.5 MB / 65466.5 MB
[ "17:45:29.634" ][SystemMonitor] Stats Update: CPU App: 0.78125 % | Sys: 84.375 % | RAM App: 218.32 MB | Sys Avail: 23406 MB / 65466.5 MB
[ "17:45:30.631" ][SystemMonitor] Stats Update: CPU App: 0.78125 % | Sys: 78.9063 % | RAM App: 218.398 MB | Sys Avail: 23344.3 MB / 65466.5 MB
[ "17:45:31.648" ][SystemMonitor] Stats Update: CPU App: 1.53846 % | Sys: 78.7179 % | RAM App: 218.457 MB | Sys Avail: 23107.7 MB / 65466.5 MB
[ "17:45:32.631" ][SystemMonitor] Stats Update: CPU App: 0.529101 % | Sys: 82.5397 % | RAM App: 218.566 MB | Sys Avail: 23182.8 MB / 65466.5 MB
[ "17:45:33.631" ][SystemMonitor] Stats Update: CPU App: 1.04167 % | Sys: 95.8333 % | RAM App: 218.629 MB | Sys Avail: 23078.9 MB / 65466.5 MB
[ "17:45:34.632" ][SystemMonitor] Stats Update: CPU App: 0 % | Sys: 78.9063 % | RAM App: 218.738 MB | Sys Avail: 23125.7 MB / 65466.5 MB
[ "17:45:35.633" ][SystemMonitor] Stats Update: CPU App: 0.520833 % | Sys: 86.4583 % | RAM App: 218.805 MB | Sys Avail: 23044.7 MB / 65466.5 MB
TelemetryMonitor: Processed 300 frames. Current FPS: 29
[ "17:45:36.630" ][SystemMonitor] Stats Update: CPU App: 0.78125 % | Sys: 77.3438 % | RAM App: 218.914 MB | Sys Avail: 23334.5 MB / 65466.5 MB
[ "17:45:37.632" ][SystemMonitor] Stats Update: CPU App: 0.520833 % | Sys: 68.4896 % | RAM App: 218.926 MB | Sys Avail: 23438.9 MB / 65466.5 MB
[ "17:45:38.635" ][SystemMonitor] Stats Update: CPU App: 0.260417 % | Sys: 63.2813 % | RAM App: 219.031 MB | Sys Avail: 23430.1 MB / 65466.5 MB
[ "17:45:39.632" ][SystemMonitor] Stats Update: CPU App: 0.260417 % | Sys: 64.8438 % | RAM App: 219.031 MB | Sys Avail: 23407.9 MB / 65466.5 MB
[ "17:45:40.630" ][SystemMonitor] Stats Update: CPU App: 0.260417 % | Sys: 67.7083 % | RAM App: 219.09 MB | Sys Avail: 23498.8 MB / 65466.5 MB
[ "17:45:41.632" ][SystemMonitor] Stats Update: CPU App: 0.78125 % | Sys: 61.9792 % | RAM App: 219.211 MB | Sys Avail: 23383.3 MB / 65466.5 MB
[ "17:45:42.631" ][SystemMonitor] Stats Update: CPU App: 0.520833 % | Sys: 68.75 % | RAM App: 219.242 MB | Sys Avail: 23389.6 MB / 65466.5 MB
[ "17:45:43.648" ][SystemMonitor] Stats Update: CPU App: 0.512821 % | Sys: 68.7179 % | RAM App: 219.316 MB | Sys Avail: 23446.6 MB / 65466.5 MB
[ "17:45:44.632" ][SystemMonitor] Stats Update: CPU App: 1.32275 % | Sys: 62.963 % | RAM App: 219.48 MB | Sys Avail: 23519.4 MB / 65466.5 MB
[ "17:45:45.648" ][SystemMonitor] Stats Update: CPU App: 0.769231 % | Sys: 62.3077 % | RAM App: 219.613 MB | Sys Avail: 23402.1 MB / 65466.5 MB
TelemetryMonitor: Processed 300 frames. Current FPS: 30
[ "17:45:46.632" ][SystemMonitor] Stats Update: CPU App: 0.529101 % | Sys: 75.9259 % | RAM App: 219.641 MB | Sys Avail: 23251.6 MB / 65466.5 MB
[ "17:45:47.648" ][SystemMonitor] Stats Update: CPU App: 0.769231 % | Sys: 50.2564 % | RAM App: 219.719 MB | Sys Avail: 23442.5 MB / 65466.5 MB
[ "17:45:48.648" ][SystemMonitor] Stats Update: CPU App: 1.30208 % | Sys: 62.5 % | RAM App: 219.789 MB | Sys Avail: 23402.9 MB / 65466.5 MB
[ "17:45:49.632" ][SystemMonitor] Stats Update: CPU App: 0.793651 % | Sys: 80.6878 % | RAM App: 219.871 MB | Sys Avail: 23375.9 MB / 65466.5 MB
[ "17:45:50.633" ][SystemMonitor] Stats Update: CPU App: 0.520833 % | Sys: 84.375 % | RAM App: 220.004 MB | Sys Avail: 23407.1 MB / 65466.5 MB
[ "17:45:51.632" ][SystemMonitor] Stats Update: CPU App: 1.30208 % | Sys: 79.4271 % | RAM App: 220.086 MB | Sys Avail: 23447.1 MB / 65466.5 MB
[ "17:45:52.632" ][SystemMonitor] Stats Update: CPU App: 0.520833 % | Sys: 82.8125 % | RAM App: 220.215 MB | Sys Avail: 23437.5 MB / 65466.5 MB
[ "17:45:53.632" ][SystemMonitor] Stats Update: CPU App: 1.04167 % | Sys: 93.2292 % | RAM App: 220.301 MB | Sys Avail: 23441.9 MB / 65466.5 MB
[ "17:45:54.631" ][SystemMonitor] Stats Update: CPU App: 1.5625 % | Sys: 82.5521 % | RAM App: 220.426 MB | Sys Avail: 23439.3 MB / 65466.5 MB
[ "17:45:55.649" ][SystemMonitor] Stats Update: CPU App: 1.02564 % | Sys: 77.4359 % | RAM App: 220.512 MB | Sys Avail: 23442.4 MB / 65466.5 MB
[ "17:45:56.633" ][SystemMonitor] Stats Update: CPU App: 0.529101 % | Sys: 79.3651 % | RAM App: 220.656 MB | Sys Avail: 23444.4 MB / 65466.5 MB
TelemetryMonitor: Processed 300 frames. Current FPS: 29
[ "17:45:57.632" ][SystemMonitor] Stats Update: CPU App: 1.5625 % | Sys: 81.7708 % | RAM App: 220.742 MB | Sys Avail: 23448.1 MB / 65466.5 MB
[ "17:45:58.632" ][SystemMonitor] Stats Update: CPU App: 0.520833 % | Sys: 82.5521 % | RAM App: 220.871 MB | Sys Avail: 23443.8 MB / 65466.5 MB
[ "17:45:59.632" ][SystemMonitor] Stats Update: CPU App: 1.04167 % | Sys: 80.2083 % | RAM App: 220.91 MB | Sys Avail: 23442.1 MB / 65466.5 MB
[ "17:46:00.632" ][SystemMonitor] Stats Update: CPU App: 0.78125 % | Sys: 80.7292 % | RAM App: 221.043 MB | Sys Avail: 23444.2 MB / 65466.5 MB
[ "17:46:01.649" ][SystemMonitor] Stats Update: CPU App: 1.28205 % | Sys: 77.9487 % | RAM App: 221.125 MB | Sys Avail: 23445.1 MB / 65466.5 MB
[ "17:46:02.635" ][SystemMonitor] Stats Update: CPU App: 0.529101 % | Sys: 80.4233 % | RAM App: 221.258 MB | Sys Avail: 23442.9 MB / 65466.5 MB
[ "17:46:03.652" ][SystemMonitor] Stats Update: CPU App: 1.28205 % | Sys: 96.4103 % | RAM App: 221.352 MB | Sys Avail: 23358.9 MB / 65466.5 MB
[ "17:46:04.632" ][SystemMonitor] Stats Update: CPU App: 1.32275 % | Sys: 85.9788 % | RAM App: 221.48 MB | Sys Avail: 23457.1 MB / 65466.5 MB
[ "17:46:05.632" ][SystemMonitor] Stats Update: CPU App: 1.30208 % | Sys: 93.2292 % | RAM App: 221.563 MB | Sys Avail: 23434.4 MB / 65466.5 MB
[ "17:46:06.632" ][SystemMonitor] Stats Update: CPU App: 1.04167 % | Sys: 95.0521 % | RAM App: 221.695 MB | Sys Avail: 23462 MB / 65466.5 MB
TelemetryMonitor: Processed 300 frames. Current FPS: 30
[ "17:46:07.650" ][SystemMonitor] Stats Update: CPU App: 0 % | Sys: 81.2821 % | RAM App: 221.781 MB | Sys Avail: 23466.5 MB / 65466.5 MB
[ "17:46:08.631" ][SystemMonitor] Stats Update: CPU App: 2.1164 % | Sys: 66.4021 % | RAM App: 221.906 MB | Sys Avail: 23459.6 MB / 65466.5 MB
[ "17:46:09.633" ][SystemMonitor] Stats Update: CPU App: 1.04167 % | Sys: 71.3542 % | RAM App: 222 MB | Sys Avail: 23461.3 MB / 65466.5 MB
[ "17:46:10.631" ][SystemMonitor] Stats Update: CPU App: 0.78125 % | Sys: 62.2396 % | RAM App: 222.129 MB | Sys Avail: 23462 MB / 65466.5 MB
[ "17:46:11.649" ][SystemMonitor] Stats Update: CPU App: 0.512821 % | Sys: 67.6923 % | RAM App: 222.223 MB | Sys Avail: 23462.2 MB / 65466.5 MB
[ "17:46:12.630" ][SystemMonitor] Stats Update: CPU App: 0.529101 % | Sys: 64.8148 % | RAM App: 222.355 MB | Sys Avail: 23460.8 MB / 65466.5 MB
[ "17:46:13.650" ][SystemMonitor] Stats Update: CPU App: 0.512821 % | Sys: 65.1282 % | RAM App: 222.441 MB | Sys Avail: 23463.8 MB / 65466.5 MB
[ "17:46:14.630" ][SystemMonitor] Stats Update: CPU App: 1.0582 % | Sys: 66.1376 % | RAM App: 222.57 MB | Sys Avail: 23643.7 MB / 65466.5 MB
[ "17:46:15.649" ][SystemMonitor] Stats Update: CPU App: 0 % | Sys: 68.9744 % | RAM App: 222.66 MB | Sys Avail: 23646.6 MB / 65466.5 MB
[ "17:46:16.631" ][SystemMonitor] Stats Update: CPU App: 1.0582 % | Sys: 72.7513 % | RAM App: 222.789 MB | Sys Avail: 23624.4 MB / 65466.5 MB
TelemetryMonitor: Processed 300 frames. Current FPS: 29
[ "17:46:17.649" ][SystemMonitor] Stats Update: CPU App: 0.769231 % | Sys: 64.8718 % | RAM App: 222.871 MB | Sys Avail: 23627.2 MB / 65466.5 MB
[ "17:46:18.633" ][SystemMonitor] Stats Update: CPU App: 0.793651 % | Sys: 73.8095 % | RAM App: 223.004 MB | Sys Avail: 23634.2 MB / 65466.5 MB
[ "17:46:19.650" ][SystemMonitor] Stats Update: CPU App: 1.02564 % | Sys: 74.6154 % | RAM App: 223.094 MB | Sys Avail: 23624.5 MB / 65466.5 MB
[ "17:46:20.631" ][SystemMonitor] Stats Update: CPU App: 0 % | Sys: 65.6085 % | RAM App: 223.219 MB | Sys Avail: 23622.2 MB / 65466.5 MB
[ "17:46:21.634" ][SystemMonitor] Stats Update: CPU App: 1.30208 % | Sys: 67.1875 % | RAM App: 223.309 MB | Sys Avail: 23622.8 MB / 65466.5 MB
[ "17:46:22.633" ][SystemMonitor] Stats Update: CPU App: 1.04167 % | Sys: 65.1042 % | RAM App: 223.438 MB | Sys Avail: 23621.1 MB / 65466.5 MB
[ "17:46:23.633" ][SystemMonitor] Stats Update: CPU App: 1.5625 % | Sys: 67.1875 % | RAM App: 223.535 MB | Sys Avail: 23622.8 MB / 65466.5 MB
[ "17:46:24.633" ][SystemMonitor] Stats Update: CPU App: 0.78125 % | Sys: 64.3229 % | RAM App: 218.027 MB | Sys Avail: 23623.6 MB / 65466.5 MB
[ "17:46:25.631" ][SystemMonitor] Stats Update: CPU App: 0.520833 % | Sys: 66.4063 % | RAM App: 218.238 MB | Sys Avail: 23625.4 MB / 65466.5 MB
[ "17:46:26.633" ][SystemMonitor] Stats Update: CPU App: 0.520833 % | Sys: 63.2813 % | RAM App: 218.297 MB | Sys Avail: 23624.3 MB / 65466.5 MB
[ "17:46:27.632" ][SystemMonitor] Stats Update: CPU App: 0.78125 % | Sys: 69.2708 % | RAM App: 218.355 MB | Sys Avail: 23643.4 MB / 65466.5 MB
TelemetryMonitor: Processed 300 frames. Current FPS: 30
[ "17:46:28.633" ][SystemMonitor] Stats Update: CPU App: 0.260417 % | Sys: 74.2188 % | RAM App: 218.391 MB | Sys Avail: 23646.4 MB / 65466.5 MB
[ "17:46:29.650" ][SystemMonitor] Stats Update: CPU App: 0.769231 % | Sys: 80 % | RAM App: 218.469 MB | Sys Avail: 23645.9 MB / 65466.5 MB
[ "17:46:30.634" ][SystemMonitor] Stats Update: CPU App: 1.0582 % | Sys: 75.3968 % | RAM App: 218.535 MB | Sys Avail: 23642.1 MB / 65466.5 MB
[ "17:46:31.635" ][SystemMonitor] Stats Update: CPU App: 0.520833 % | Sys: 71.3542 % | RAM App: 218.594 MB | Sys Avail: 23641 MB / 65466.5 MB
[ "17:46:32.631" ][SystemMonitor] Stats Update: CPU App: 1.04167 % | Sys: 61.4583 % | RAM App: 218.652 MB | Sys Avail: 23640.7 MB / 65466.5 MB
[ "17:46:33.633" ][SystemMonitor] Stats Update: CPU App: 0.520833 % | Sys: 91.9271 % | RAM App: 218.711 MB | Sys Avail: 23522.8 MB / 65466.5 MB
[ "17:46:34.631" ][SystemMonitor] Stats Update: CPU App: 1.04167 % | Sys: 69.0104 % | RAM App: 218.727 MB | Sys Avail: 23631 MB / 65466.5 MB
[ "17:46:35.634" ][SystemMonitor] Stats Update: CPU App: 0.520833 % | Sys: 76.8229 % | RAM App: 218.789 MB | Sys Avail: 23597.1 MB / 65466.5 MB
[ "17:46:36.633" ][SystemMonitor] Stats Update: CPU App: 0.260417 % | Sys: 71.3542 % | RAM App: 218.898 MB | Sys Avail: 23627.4 MB / 65466.5 MB
[ "17:46:37.650" ][SystemMonitor] Stats Update: CPU App: 0.512821 % | Sys: 64.8718 % | RAM App: 218.965 MB | Sys Avail: 23628.1 MB / 65466.5 MB
TelemetryMonitor: Processed 300 frames. Current FPS: 30
[ "17:46:38.631" ][SystemMonitor] Stats Update: CPU App: 0.793651 % | Sys: 66.9312 % | RAM App: 219.02 MB | Sys Avail: 23628.7 MB / 65466.5 MB
[ "17:46:39.649" ][SystemMonitor] Stats Update: CPU App: 1.28205 % | Sys: 66.4103 % | RAM App: 219.082 MB | Sys Avail: 23596.6 MB / 65466.5 MB
[ "17:46:40.634" ][SystemMonitor] Stats Update: CPU App: 0.793651 % | Sys: 83.8624 % | RAM App: 219.098 MB | Sys Avail: 23653.4 MB / 65466.5 MB
[ "17:46:41.650" ][SystemMonitor] Stats Update: CPU App: 0.512821 % | Sys: 71.0256 % | RAM App: 219.172 MB | Sys Avail: 23653.4 MB / 65466.5 MB
[ "17:46:42.632" ][SystemMonitor] Stats Update: CPU App: 1.0582 % | Sys: 61.1111 % | RAM App: 219.242 MB | Sys Avail: 23615.7 MB / 65466.5 MB
[ "17:46:43.634" ][SystemMonitor] Stats Update: CPU App: 1.04167 % | Sys: 67.1875 % | RAM App: 219.266 MB | Sys Avail: 23499.9 MB / 65466.5 MB
[ "17:46:44.631" ][SystemMonitor] Stats Update: CPU App: 1.30208 % | Sys: 60.9375 % | RAM App: 219.309 MB | Sys Avail: 23493.8 MB / 65466.5 MB
[ "17:46:45.633" ][SystemMonitor] Stats Update: CPU App: 0.260417 % | Sys: 57.8125 % | RAM App: 219.348 MB | Sys Avail: 23526.6 MB / 65466.5 MB
[ "17:46:46.633" ][SystemMonitor] Stats Update: CPU App: 0.520833 % | Sys: 80.2083 % | RAM App: 219.426 MB | Sys Avail: 23540.4 MB / 65466.5 MB
[ "17:46:47.651" ][SystemMonitor] Stats Update: CPU App: 1.02564 % | Sys: 64.1026 % | RAM App: 219.461 MB | Sys Avail: 23465.3 MB / 65466.5 MB
TelemetryMonitor: Processed 300 frames. Current FPS: 30
[ "17:46:48.633" ][SystemMonitor] Stats Update: CPU App: 0.793651 % | Sys: 58.7302 % | RAM App: 219.602 MB | Sys Avail: 23462.4 MB / 65466.5 MB
[ "17:46:49.633" ][SystemMonitor] Stats Update: CPU App: 0 % | Sys: 59.8958 % | RAM App: 219.676 MB | Sys Avail: 23509 MB / 65466.5 MB
[ "17:46:50.631" ][SystemMonitor] Stats Update: CPU App: 0.520833 % | Sys: 74.7396 % | RAM App: 219.703 MB | Sys Avail: 23496.6 MB / 65466.5 MB
[ "17:46:51.634" ][SystemMonitor] Stats Update: CPU App: 0.78125 % | Sys: 61.1979 % | RAM App: 219.746 MB | Sys Avail: 23460.2 MB / 65466.5 MB
[ "17:46:52.631" ][SystemMonitor] Stats Update: CPU App: 1.04167 % | Sys: 64.0625 % | RAM App: 219.824 MB | Sys Avail: 23454 MB / 65466.5 MB
[ "17:46:53.650" ][SystemMonitor] Stats Update: CPU App: 0.512821 % | Sys: 81.2821 % | RAM App: 219.863 MB | Sys Avail: 23452.6 MB / 65466.5 MB
[ "17:46:54.630" ][SystemMonitor] Stats Update: CPU App: 1.0582 % | Sys: 69.3122 % | RAM App: 219.98 MB | Sys Avail: 23451.6 MB / 65466.5 MB
[ "17:46:55.651" ][SystemMonitor] Stats Update: CPU App: 0.769231 % | Sys: 63.3333 % | RAM App: 220.016 MB | Sys Avail: 23457.1 MB / 65466.5 MB
[ "17:46:56.635" ][SystemMonitor] Stats Update: CPU App: 0.529101 % | Sys: 67.4603 % | RAM App: 220.137 MB | Sys Avail: 23453.2 MB / 65466.5 MB
[ "17:46:57.634" ][SystemMonitor] Stats Update: CPU App: 1.04167 % | Sys: 75.7813 % | RAM App: 220.176 MB | Sys Avail: 23452 MB / 65466.5 MB
[ "17:46:58.651" ][SystemMonitor] Stats Update: CPU App: 1.02564 % | Sys: 63.3333 % | RAM App: 220.25 MB | Sys Avail: 23453.8 MB / 65466.5 MB
TelemetryMonitor: Processed 300 frames. Current FPS: 30
[ "17:46:59.651" ][SystemMonitor] Stats Update: CPU App: 0.78125 % | Sys: 62.5 % | RAM App: 220.285 MB | Sys Avail: 23452.2 MB / 65466.5 MB
[ "17:47:00.634" ][SystemMonitor] Stats Update: CPU App: 0.529101 % | Sys: 77.7778 % | RAM App: 220.363 MB | Sys Avail: 23430.1 MB / 65466.5 MB
[ "17:47:01.633" ][SystemMonitor] Stats Update: CPU App: 0.78125 % | Sys: 60.1563 % | RAM App: 220.398 MB | Sys Avail: 23422.6 MB / 65466.5 MB
[ "17:47:02.635" ][SystemMonitor] Stats Update: CPU App: 1.04167 % | Sys: 59.8958 % | RAM App: 220.527 MB | Sys Avail: 23417.9 MB / 65466.5 MB
[ "17:47:03.635" ][SystemMonitor] Stats Update: CPU App: 0.520833 % | Sys: 90.3646 % | RAM App: 220.551 MB | Sys Avail: 23324.4 MB / 65466.5 MB
[ "17:47:04.631" ][SystemMonitor] Stats Update: CPU App: 0.260417 % | Sys: 78.6458 % | RAM App: 220.57 MB | Sys Avail: 23341.2 MB / 65466.5 MB
[ "17:47:05.651" ][SystemMonitor] Stats Update: CPU App: 0.769231 % | Sys: 74.1026 % | RAM App: 220.605 MB | Sys Avail: 23295.6 MB / 65466.5 MB
[ "17:47:06.631" ][SystemMonitor] Stats Update: CPU App: 0.529101 % | Sys: 64.0212 % | RAM App: 220.73 MB | Sys Avail: 23309.7 MB / 65466.5 MB
[ "17:47:07.634" ][SystemMonitor] Stats Update: CPU App: 1.04167 % | Sys: 66.1458 % | RAM App: 220.766 MB | Sys Avail: 23287.5 MB / 65466.5 MB
[ "17:47:08.634" ][SystemMonitor] Stats Update: CPU App: 1.04167 % | Sys: 74.2188 % | RAM App: 220.895 MB | Sys Avail: 23202.9 MB / 65466.5 MB
TelemetryMonitor: Processed 300 frames. Current FPS: 30
[ "17:47:09.634" ][SystemMonitor] Stats Update: CPU App: 1.30208 % | Sys: 70.0521 % | RAM App: 220.934 MB | Sys Avail: 23207.3 MB / 65466.5 MB
[ "17:47:10.634" ][SystemMonitor] Stats Update: CPU App: 1.04167 % | Sys: 64.8438 % | RAM App: 221.059 MB | Sys Avail: 23310.3 MB / 65466.5 MB
[ "17:47:11.651" ][SystemMonitor] Stats Update: CPU App: 0.769231 % | Sys: 68.9744 % | RAM App: 221.098 MB | Sys Avail: 23229.4 MB / 65466.5 MB
[ "17:47:12.631" ][SystemMonitor] Stats Update: CPU App: 0.793651 % | Sys: 68.254 % | RAM App: 221.242 MB | Sys Avail: 23201.6 MB / 65466.5 MB
[ "17:47:13.635" ][SystemMonitor] Stats Update: CPU App: 0.260417 % | Sys: 58.8542 % | RAM App: 221.281 MB | Sys Avail: 23244.9 MB / 65466.5 MB
[ "17:47:14.630" ][SystemMonitor] Stats Update: CPU App: 0.78125 % | Sys: 63.8021 % | RAM App: 221.371 MB | Sys Avail: 23556 MB / 65466.5 MB
[ "17:47:15.634" ][SystemMonitor] Stats Update: CPU App: 0.260417 % | Sys: 63.2813 % | RAM App: 221.406 MB | Sys Avail: 23494.6 MB / 65466.5 MB
[ "17:47:16.630" ][SystemMonitor] Stats Update: CPU App: 0.260417 % | Sys: 62.2396 % | RAM App: 221.535 MB | Sys Avail: 23416.3 MB / 65466.5 MB
[ "17:47:17.635" ][SystemMonitor] Stats Update: CPU App: 1.04167 % | Sys: 66.4063 % | RAM App: 221.582 MB | Sys Avail: 23566.1 MB / 65466.5 MB
[ "17:47:18.631" ][SystemMonitor] Stats Update: CPU App: 1.04167 % | Sys: 71.6146 % | RAM App: 221.711 MB | Sys Avail: 23500.9 MB / 65466.5 MB
TelemetryMonitor: Processed 300 frames. Current FPS: 30
[ "17:47:19.634" ][SystemMonitor] Stats Update: CPU App: 1.82292 % | Sys: 69.2708 % | RAM App: 221.754 MB | Sys Avail: 23501.4 MB / 65466.5 MB
[ "17:47:20.634" ][SystemMonitor] Stats Update: CPU App: 1.5625 % | Sys: 67.9688 % | RAM App: 221.883 MB | Sys Avail: 23488.8 MB / 65466.5 MB
[ "17:47:21.631" ][SystemMonitor] Stats Update: CPU App: 1.04167 % | Sys: 70.3125 % | RAM App: 221.918 MB | Sys Avail: 23506.3 MB / 65466.5 MB
[ "17:47:22.635" ][SystemMonitor] Stats Update: CPU App: 0.78125 % | Sys: 66.9271 % | RAM App: 222.047 MB | Sys Avail: 23472.7 MB / 65466.5 MB
[ "17:47:23.635" ][SystemMonitor] Stats Update: CPU App: 0.78125 % | Sys: 64.5833 % | RAM App: 217.801 MB | Sys Avail: 23400.2 MB / 65466.5 MB
[ "17:47:24.652" ][SystemMonitor] Stats Update: CPU App: 0.512821 % | Sys: 62.8205 % | RAM App: 218.004 MB | Sys Avail: 23554.5 MB / 65466.5 MB
[ "17:47:25.635" ][SystemMonitor] Stats Update: CPU App: 0.529101 % | Sys: 64.0212 % | RAM App: 218.113 MB | Sys Avail: 23557.6 MB / 65466.5 MB
[ "17:47:26.630" ][SystemMonitor] Stats Update: CPU App: 1.04167 % | Sys: 63.5417 % | RAM App: 218.223 MB | Sys Avail: 23408.2 MB / 65466.5 MB
[ "17:47:27.652" ][SystemMonitor] Stats Update: CPU App: 0.769231 % | Sys: 67.1795 % | RAM App: 218.359 MB | Sys Avail: 23420.7 MB / 65466.5 MB
[ "17:47:28.630" ][SystemMonitor] Stats Update: CPU App: 0.529101 % | Sys: 69.5767 % | RAM App: 218.43 MB | Sys Avail: 23532.8 MB / 65466.5 MB
TelemetryMonitor: Processed 300 frames. Current FPS: 29
[ "17:47:29.633" ][SystemMonitor] Stats Update: CPU App: 1.5625 % | Sys: 81.25 % | RAM App: 218.508 MB | Sys Avail: 23526.9 MB / 65466.5 MB
[ "17:47:30.635" ][SystemMonitor] Stats Update: CPU App: 0.520833 % | Sys: 75.7813 % | RAM App: 218.566 MB | Sys Avail: 23412.3 MB / 65466.5 MB
[ "17:47:31.652" ][SystemMonitor] Stats Update: CPU App: 0.512821 % | Sys: 67.4359 % | RAM App: 218.637 MB | Sys Avail: 23337.2 MB / 65466.5 MB
[ "17:47:32.635" ][SystemMonitor] Stats Update: CPU App: 1.32275 % | Sys: 66.6667 % | RAM App: 218.746 MB | Sys Avail: 23529 MB / 65466.5 MB
[ "17:47:33.651" ][SystemMonitor] Stats Update: CPU App: 0.512821 % | Sys: 87.1795 % | RAM App: 218.762 MB | Sys Avail: 23482.4 MB / 65466.5 MB
[ "17:47:34.631" ][SystemMonitor] Stats Update: CPU App: 1.0582 % | Sys: 49.4709 % | RAM App: 218.777 MB | Sys Avail: 23541.4 MB / 65466.5 MB
[ "17:47:35.636" ][SystemMonitor] Stats Update: CPU App: 1.30208 % | Sys: 85.6771 % | RAM App: 218.793 MB | Sys Avail: 23515.1 MB / 65466.5 MB
[ "17:47:36.635" ][SystemMonitor] Stats Update: CPU App: 0.260417 % | Sys: 80.2083 % | RAM App: 218.902 MB | Sys Avail: 23543.3 MB / 65466.5 MB
[ "17:47:37.652" ][SystemMonitor] Stats Update: CPU App: 0.512821 % | Sys: 73.5897 % | RAM App: 218.969 MB | Sys Avail: 23542.8 MB / 65466.5 MB
[ "17:47:38.636" ][SystemMonitor] Stats Update: CPU App: 1.0582 % | Sys: 79.8942 % | RAM App: 219.02 MB | Sys Avail: 23543.3 MB / 65466.5 MB
[ "17:47:39.635" ][SystemMonitor] Stats Update: CPU App: 0.260417 % | Sys: 78.125 % | RAM App: 219.043 MB | Sys Avail: 23558.6 MB / 65466.5 MB
TelemetryMonitor: Processed 300 frames. Current FPS: 29
[ "17:47:40.638" ][SystemMonitor] Stats Update: CPU App: 0.260417 % | Sys: 84.375 % | RAM App: 219.102 MB | Sys Avail: 23561 MB / 65466.5 MB
[ "17:47:41.653" ][SystemMonitor] Stats Update: CPU App: 0.512821 % | Sys: 80.7692 % | RAM App: 219.137 MB | Sys Avail: 23562.2 MB / 65466.5 MB
[ "17:47:42.636" ][SystemMonitor] Stats Update: CPU App: 0.26455 % | Sys: 84.9206 % | RAM App: 219.266 MB | Sys Avail: 23569.9 MB / 65466.5 MB
[ "17:47:43.631" ][SystemMonitor] Stats Update: CPU App: 0.520833 % | Sys: 84.375 % | RAM App: 219.301 MB | Sys Avail: 23574.9 MB / 65466.5 MB
[ "17:47:44.653" ][SystemMonitor] Stats Update: CPU App: 1.02564 % | Sys: 83.0769 % | RAM App: 219.43 MB | Sys Avail: 23782.1 MB / 65466.5 MB
[ "17:47:45.652" ][SystemMonitor] Stats Update: CPU App: 1.82292 % | Sys: 78.3854 % | RAM App: 219.469 MB | Sys Avail: 23782.5 MB / 65466.5 MB
[ "17:47:46.636" ][SystemMonitor] Stats Update: CPU App: 1.0582 % | Sys: 87.3016 % | RAM App: 219.59 MB | Sys Avail: 23785.6 MB / 65466.5 MB
[ "17:47:47.636" ][SystemMonitor] Stats Update: CPU App: 0.78125 % | Sys: 78.6458 % | RAM App: 219.629 MB | Sys Avail: 23780 MB / 65466.5 MB
[ "17:47:48.631" ][SystemMonitor] Stats Update: CPU App: 1.30208 % | Sys: 77.0833 % | RAM App: 219.754 MB | Sys Avail: 23780 MB / 65466.5 MB
[ "17:47:49.636" ][SystemMonitor] Stats Update: CPU App: 0.78125 % | Sys: 80.2083 % | RAM App: 219.793 MB | Sys Avail: 23787.3 MB / 65466.5 MB
TelemetryMonitor: Processed 300 frames. Current FPS: 30
[ "17:47:50.630" ][SystemMonitor] Stats Update: CPU App: 0.520833 % | Sys: 77.3438 % | RAM App: 219.91 MB | Sys Avail: 23792 MB / 65466.5 MB
[ "17:47:51.636" ][SystemMonitor] Stats Update: CPU App: 1.30208 % | Sys: 79.9479 % | RAM App: 219.949 MB | Sys Avail: 23789.5 MB / 65466.5 MB
[ "17:47:52.636" ][SystemMonitor] Stats Update: CPU App: 1.30208 % | Sys: 78.6458 % | RAM App: 220.023 MB | Sys Avail: 23790.2 MB / 65466.5 MB
[ "17:47:53.653" ][SystemMonitor] Stats Update: CPU App: 1.28205 % | Sys: 78.7179 % | RAM App: 220.066 MB | Sys Avail: 23789.6 MB / 65466.5 MB
[ "17:47:54.636" ][SystemMonitor] Stats Update: CPU App: 0.529101 % | Sys: 69.5767 % | RAM App: 220.199 MB | Sys Avail: 23790.4 MB / 65466.5 MB
[ "17:47:55.652" ][SystemMonitor] Stats Update: CPU App: 0.25641 % | Sys: 65.8974 % | RAM App: 220.234 MB | Sys Avail: 23791.4 MB / 65466.5 MB
[ "17:47:56.640" ][SystemMonitor] Stats Update: CPU App: 1.0582 % | Sys: 66.1376 % | RAM App: 220.363 MB | Sys Avail: 23758.9 MB / 65466.5 MB
[ "17:47:57.652" ][SystemMonitor] Stats Update: CPU App: 0.512821 % | Sys: 66.6667 % | RAM App: 220.398 MB | Sys Avail: 23759.9 MB / 65466.5 MB
[ "17:47:58.631" ][SystemMonitor] Stats Update: CPU App: 0.529101 % | Sys: 74.6032 % | RAM App: 220.527 MB | Sys Avail: 23768.5 MB / 65466.5 MB
[ "17:47:59.644" ][SystemMonitor] Stats Update: CPU App: 0.78125 % | Sys: 68.75 % | RAM App: 220.57 MB | Sys Avail: 23761.8 MB / 65466.5 MB
TelemetryMonitor: Processed 300 frames. Current FPS: 30
[ "17:48:00.631" ][SystemMonitor] Stats Update: CPU App: 1.30208 % | Sys: 72.3958 % | RAM App: 220.695 MB | Sys Avail: 23764.3 MB / 65466.5 MB
[ "17:48:01.636" ][SystemMonitor] Stats Update: CPU App: 0.78125 % | Sys: 62.7604 % | RAM App: 220.738 MB | Sys Avail: 23763.4 MB / 65466.5 MB
[ "17:48:02.631" ][SystemMonitor] Stats Update: CPU App: 0.260417 % | Sys: 66.1458 % | RAM App: 220.875 MB | Sys Avail: 23772.8 MB / 65466.5 MB
[ "17:48:03.636" ][SystemMonitor] Stats Update: CPU App: 0.520833 % | Sys: 90.625 % | RAM App: 220.965 MB | Sys Avail: 23729.2 MB / 65466.5 MB
[ "17:48:04.636" ][SystemMonitor] Stats Update: CPU App: 0.78125 % | Sys: 75 % | RAM App: 221.031 MB | Sys Avail: 23768.5 MB / 65466.5 MB
[ "17:48:05.652" ][SystemMonitor] Stats Update: CPU App: 0.512821 % | Sys: 86.9231 % | RAM App: 221.066 MB | Sys Avail: 23658.8 MB / 65466.5 MB
[ "17:48:06.652" ][SystemMonitor] Stats Update: CPU App: 1.04167 % | Sys: 79.9479 % | RAM App: 221.141 MB | Sys Avail: 23643 MB / 65466.5 MB
[ "17:48:07.638" ][SystemMonitor] Stats Update: CPU App: 1.32275 % | Sys: 76.1905 % | RAM App: 221.16 MB | Sys Avail: 23439.4 MB / 65466.5 MB
[ "17:48:08.636" ][SystemMonitor] Stats Update: CPU App: 1.30208 % | Sys: 84.375 % | RAM App: 221.293 MB | Sys Avail: 23430.9 MB / 65466.5 MB
[ "17:48:09.653" ][SystemMonitor] Stats Update: CPU App: 0.769231 % | Sys: 78.4615 % | RAM App: 221.328 MB | Sys Avail: 23400.6 MB / 65466.5 MB
[ "17:48:10.637" ][SystemMonitor] Stats Update: CPU App: 1.5873 % | Sys: 82.0106 % | RAM App: 221.453 MB | Sys Avail: 23354 MB / 65466.5 MB
TelemetryMonitor: Processed 300 frames. Current FPS: 30
[ "17:48:11.637" ][SystemMonitor] Stats Update: CPU App: 0.260417 % | Sys: 77.8646 % | RAM App: 221.492 MB | Sys Avail: 23382 MB / 65466.5 MB
[ "17:48:12.631" ][SystemMonitor] Stats Update: CPU App: 0.78125 % | Sys: 75.5208 % | RAM App: 221.621 MB | Sys Avail: 23339.6 MB / 65466.5 MB
[ "17:48:13.636" ][SystemMonitor] Stats Update: CPU App: 0.78125 % | Sys: 77.8646 % | RAM App: 221.676 MB | Sys Avail: 23253.1 MB / 65466.5 MB
[ "17:48:14.653" ][SystemMonitor] Stats Update: CPU App: 1.02564 % | Sys: 78.7179 % | RAM App: 221.793 MB | Sys Avail: 23236.2 MB / 65466.5 MB
[ "17:48:15.636" ][SystemMonitor] Stats Update: CPU App: 0.529101 % | Sys: 69.5767 % | RAM App: 221.832 MB | Sys Avail: 23432.8 MB / 65466.5 MB
[ "17:48:16.636" ][SystemMonitor] Stats Update: CPU App: 1.5625 % | Sys: 64.3229 % | RAM App: 221.953 MB | Sys Avail: 23433.1 MB / 65466.5 MB
[ "17:48:17.637" ][SystemMonitor] Stats Update: CPU App: 0.520833 % | Sys: 70.5729 % | RAM App: 221.996 MB | Sys Avail: 23437.4 MB / 65466.5 MB
[ "17:48:18.631" ][SystemMonitor] Stats Update: CPU App: 0.78125 % | Sys: 68.75 % | RAM App: 222.133 MB | Sys Avail: 23452.8 MB / 65466.5 MB
[ "17:48:19.636" ][SystemMonitor] Stats Update: CPU App: 2.08333 % | Sys: 63.5417 % | RAM App: 222.199 MB | Sys Avail: 23451 MB / 65466.5 MB
[ "17:48:20.637" ][SystemMonitor] Stats Update: CPU App: 1.04167 % | Sys: 78.125 % | RAM App: 217.672 MB | Sys Avail: 23413.9 MB / 65466.5 MB
TelemetryMonitor: Processed 300 frames. Current FPS: 30
[ "17:48:21.634" ][SystemMonitor] Stats Update: CPU App: 0.78125 % | Sys: 71.0938 % | RAM App: 217.898 MB | Sys Avail: 23409.2 MB / 65466.5 MB
[ "17:48:22.636" ][SystemMonitor] Stats Update: CPU App: 0.520833 % | Sys: 60.9375 % | RAM App: 218.008 MB | Sys Avail: 23408.7 MB / 65466.5 MB
[ "17:48:23.631" ][SystemMonitor] Stats Update: CPU App: 0.78125 % | Sys: 65.1042 % | RAM App: 218.066 MB | Sys Avail: 23408.1 MB / 65466.5 MB
[ "17:48:24.631" ][SystemMonitor] Stats Update: CPU App: 1.04167 % | Sys: 72.1354 % | RAM App: 218.137 MB | Sys Avail: 23411.6 MB / 65466.5 MB
[ "17:48:25.654" ][SystemMonitor] Stats Update: CPU App: 0.769231 % | Sys: 70.7692 % | RAM App: 218.223 MB | Sys Avail: 23411.8 MB / 65466.5 MB
[ "17:48:26.633" ][SystemMonitor] Stats Update: CPU App: 1.0582 % | Sys: 66.4021 % | RAM App: 218.285 MB | Sys Avail: 23414.6 MB / 65466.5 MB
[ "17:48:27.654" ][SystemMonitor] Stats Update: CPU App: 0.512821 % | Sys: 64.359 % | RAM App: 218.348 MB | Sys Avail: 23413.4 MB / 65466.5 MB
[ "17:48:28.631" ][SystemMonitor] Stats Update: CPU App: 0.793651 % | Sys: 70.6349 % | RAM App: 218.457 MB | Sys Avail: 23414.5 MB / 65466.5 MB
[ "17:48:29.636" ][SystemMonitor] Stats Update: CPU App: 0.78125 % | Sys: 59.6354 % | RAM App: 218.473 MB | Sys Avail: 23414.6 MB / 65466.5 MB
[ "17:48:30.632" ][SystemMonitor] Stats Update: CPU App: 1.5625 % | Sys: 82.2917 % | RAM App: 218.566 MB | Sys Avail: 23403.2 MB / 65466.5 MB
TelemetryMonitor: Processed 300 frames. Current FPS: 29
[ "17:48:31.632" ][SystemMonitor] Stats Update: CPU App: 1.04167 % | Sys: 69.5313 % | RAM App: 218.59 MB | Sys Avail: 23397.8 MB / 65466.5 MB
[ "17:48:32.631" ][SystemMonitor] Stats Update: CPU App: 1.04167 % | Sys: 67.7083 % | RAM App: 218.652 MB | Sys Avail: 23399.4 MB / 65466.5 MB
[ "17:48:33.637" ][SystemMonitor] Stats Update: CPU App: 0.520833 % | Sys: 95.0521 % | RAM App: 218.676 MB | Sys Avail: 23271 MB / 65466.5 MB
[ "17:48:34.637" ][SystemMonitor] Stats Update: CPU App: 0.260417 % | Sys: 60.9375 % | RAM App: 218.785 MB | Sys Avail: 23345 MB / 65466.5 MB
[ "17:48:35.632" ][SystemMonitor] Stats Update: CPU App: 1.04167 % | Sys: 72.9167 % | RAM App: 218.801 MB | Sys Avail: 23314.9 MB / 65466.5 MB
[ "17:48:36.632" ][SystemMonitor] Stats Update: CPU App: 0.520833 % | Sys: 72.1354 % | RAM App: 218.902 MB | Sys Avail: 23397.5 MB / 65466.5 MB
[ "17:48:37.637" ][SystemMonitor] Stats Update: CPU App: 0.78125 % | Sys: 77.8646 % | RAM App: 218.93 MB | Sys Avail: 23226.8 MB / 65466.5 MB
[ "17:48:38.631" ][SystemMonitor] Stats Update: CPU App: 1.30208 % | Sys: 65.1042 % | RAM App: 219.051 MB | Sys Avail: 23219.6 MB / 65466.5 MB
[ "17:48:39.637" ][SystemMonitor] Stats Update: CPU App: 1.30208 % | Sys: 58.8542 % | RAM App: 219.078 MB | Sys Avail: 23220.5 MB / 65466.5 MB
[ "17:48:40.637" ][SystemMonitor] Stats Update: CPU App: 1.30208 % | Sys: 71.875 % | RAM App: 219.105 MB | Sys Avail: 23247.2 MB / 65466.5 MB
[ "17:48:41.637" ][SystemMonitor] Stats Update: CPU App: 0.520833 % | Sys: 67.1875 % | RAM App: 219.156 MB | Sys Avail: 23178 MB / 65466.5 MB
TelemetryMonitor: Processed 300 frames. Current FPS: 29
[ "17:48:42.631" ][SystemMonitor] Stats Update: CPU App: 0.520833 % | Sys: 60.1563 % | RAM App: 219.258 MB | Sys Avail: 23176 MB / 65466.5 MB
[ "17:48:43.657" ][SystemMonitor] Stats Update: CPU App: 0.25641 % | Sys: 60.7692 % | RAM App: 219.293 MB | Sys Avail: 23164.1 MB / 65466.5 MB
[ "17:48:44.639" ][SystemMonitor] Stats Update: CPU App: 0.793651 % | Sys: 77.7778 % | RAM App: 219.422 MB | Sys Avail: 23122.9 MB / 65466.5 MB
[ "17:48:45.654" ][SystemMonitor] Stats Update: CPU App: 0.769231 % | Sys: 65.1282 % | RAM App: 219.453 MB | Sys Avail: 23128.1 MB / 65466.5 MB
[ "17:48:46.637" ][SystemMonitor] Stats Update: CPU App: 0 % | Sys: 66.4021 % | RAM App: 219.566 MB | Sys Avail: 23128.9 MB / 65466.5 MB
[ "17:48:47.637" ][SystemMonitor] Stats Update: CPU App: 0.78125 % | Sys: 77.3438 % | RAM App: 219.613 MB | Sys Avail: 23116.9 MB / 65466.5 MB
[ "17:48:48.631" ][SystemMonitor] Stats Update: CPU App: 0.78125 % | Sys: 66.9271 % | RAM App: 219.691 MB | Sys Avail: 23113.6 MB / 65466.5 MB
[ "17:48:49.638" ][SystemMonitor] Stats Update: CPU App: 1.30208 % | Sys: 59.6354 % | RAM App: 219.73 MB | Sys Avail: 23111.5 MB / 65466.5 MB
[ "17:48:50.631" ][SystemMonitor] Stats Update: CPU App: 1.04167 % | Sys: 70.8333 % | RAM App: 219.859 MB | Sys Avail: 23117.6 MB / 65466.5 MB
[ "17:48:51.635" ][SystemMonitor] Stats Update: CPU App: 1.04167 % | Sys: 67.9688 % | RAM App: 219.902 MB | Sys Avail: 23118.1 MB / 65466.5 MB
TelemetryMonitor: Processed 300 frames. Current FPS: 31
[ "17:48:52.637" ][SystemMonitor] Stats Update: CPU App: 1.04167 % | Sys: 63.8021 % | RAM App: 220.031 MB | Sys Avail: 23121.5 MB / 65466.5 MB
[ "17:48:53.638" ][SystemMonitor] Stats Update: CPU App: 1.30208 % | Sys: 76.0417 % | RAM App: 220.066 MB | Sys Avail: 23123.1 MB / 65466.5 MB
[ "17:48:54.631" ][SystemMonitor] Stats Update: CPU App: 0 % | Sys: 72.6563 % | RAM App: 220.199 MB | Sys Avail: 23105.2 MB / 65466.5 MB
[ "17:48:55.654" ][SystemMonitor] Stats Update: CPU App: 0.25641 % | Sys: 60.5128 % | RAM App: 220.246 MB | Sys Avail: 23104.7 MB / 65466.5 MB
[ "17:48:56.638" ][SystemMonitor] Stats Update: CPU App: 0.793651 % | Sys: 62.1693 % | RAM App: 220.367 MB | Sys Avail: 23105.5 MB / 65466.5 MB
[ "17:48:57.638" ][SystemMonitor] Stats Update: CPU App: 1.30208 % | Sys: 67.4479 % | RAM App: 220.406 MB | Sys Avail: 22915.4 MB / 65466.5 MB
[ "17:48:58.631" ][SystemMonitor] Stats Update: CPU App: 1.30208 % | Sys: 68.2292 % | RAM App: 220.531 MB | Sys Avail: 23106.9 MB / 65466.5 MB
[ "17:48:59.655" ][SystemMonitor] Stats Update: CPU App: 1.28205 % | Sys: 62.3077 % | RAM App: 220.57 MB | Sys Avail: 23109.4 MB / 65466.5 MB
[ "17:49:00.639" ][SystemMonitor] Stats Update: CPU App: 0.26455 % | Sys: 67.4603 % | RAM App: 220.703 MB | Sys Avail: 22951.6 MB / 65466.5 MB
[ "17:49:01.633" ][SystemMonitor] Stats Update: CPU App: 1.30208 % | Sys: 81.25 % | RAM App: 220.746 MB | Sys Avail: 22902.8 MB / 65466.5 MB
TelemetryMonitor: Processed 300 frames. Current FPS: 30
[ "17:49:02.631" ][SystemMonitor] Stats Update: CPU App: 0.520833 % | Sys: 72.1354 % | RAM App: 220.875 MB | Sys Avail: 22874 MB / 65466.5 MB
[ "17:49:03.641" ][SystemMonitor] Stats Update: CPU App: 0.260417 % | Sys: 91.6667 % | RAM App: 220.914 MB | Sys Avail: 22992.3 MB / 65466.5 MB
[ "17:49:04.631" ][SystemMonitor] Stats Update: CPU App: 0.520833 % | Sys: 74.4792 % | RAM App: 221.027 MB | Sys Avail: 22909 MB / 65466.5 MB
[ "17:49:05.655" ][SystemMonitor] Stats Update: CPU App: 0.769231 % | Sys: 78.2051 % | RAM App: 221.066 MB | Sys Avail: 23035.9 MB / 65466.5 MB
[ "17:49:06.638" ][SystemMonitor] Stats Update: CPU App: 0.529101 % | Sys: 68.254 % | RAM App: 221.191 MB | Sys Avail: 23073.7 MB / 65466.5 MB
[ "17:49:07.655" ][SystemMonitor] Stats Update: CPU App: 1.53846 % | Sys: 67.6923 % | RAM App: 221.223 MB | Sys Avail: 23100.3 MB / 65466.5 MB
[ "17:49:08.639" ][SystemMonitor] Stats Update: CPU App: 0.26455 % | Sys: 78.0423 % | RAM App: 221.355 MB | Sys Avail: 23002.8 MB / 65466.5 MB
[ "17:49:09.638" ][SystemMonitor] Stats Update: CPU App: 0.520833 % | Sys: 59.1146 % | RAM App: 221.398 MB | Sys Avail: 23061.4 MB / 65466.5 MB
[ "17:49:10.638" ][SystemMonitor] Stats Update: CPU App: 1.5625 % | Sys: 66.9271 % | RAM App: 221.531 MB | Sys Avail: 23112.2 MB / 65466.5 MB
[ "17:49:11.639" ][SystemMonitor] Stats Update: CPU App: 1.04167 % | Sys: 69.2708 % | RAM App: 221.563 MB | Sys Avail: 23029.5 MB / 65466.5 MB
TelemetryMonitor: Processed 300 frames. Current FPS: 30
[ "17:49:12.631" ][SystemMonitor] Stats Update: CPU App: 0.520833 % | Sys: 68.75 % | RAM App: 221.691 MB | Sys Avail: 23053 MB / 65466.5 MB
[ "17:49:13.639" ][SystemMonitor] Stats Update: CPU App: 1.5625 % | Sys: 70.8333 % | RAM App: 221.727 MB | Sys Avail: 22995.7 MB / 65466.5 MB
[ "17:49:14.638" ][SystemMonitor] Stats Update: CPU App: 1.04167 % | Sys: 67.9688 % | RAM App: 221.855 MB | Sys Avail: 23080.7 MB / 65466.5 MB
[ "17:49:15.655" ][SystemMonitor] Stats Update: CPU App: 0.769231 % | Sys: 71.0256 % | RAM App: 221.898 MB | Sys Avail: 22948.2 MB / 65466.5 MB
[ "17:49:16.640" ][SystemMonitor] Stats Update: CPU App: 1.32275 % | Sys: 67.9894 % | RAM App: 221.973 MB | Sys Avail: 22940.2 MB / 65466.5 MB
[ "17:49:17.656" ][SystemMonitor] Stats Update: CPU App: 0.769231 % | Sys: 67.1795 % | RAM App: 222.008 MB | Sys Avail: 23120.6 MB / 65466.5 MB
[ "17:49:18.640" ][SystemMonitor] Stats Update: CPU App: 0.529101 % | Sys: 66.9312 % | RAM App: 222.137 MB | Sys Avail: 23074.1 MB / 65466.5 MB
[ "17:49:19.638" ][SystemMonitor] Stats Update: CPU App: 1.30208 % | Sys: 66.4063 % | RAM App: 217.734 MB | Sys Avail: 22919.2 MB / 65466.5 MB
[ "17:49:20.639" ][SystemMonitor] Stats Update: CPU App: 0.260417 % | Sys: 62.2396 % | RAM App: 217.934 MB | Sys Avail: 23071.4 MB / 65466.5 MB
[ "17:49:21.638" ][SystemMonitor] Stats Update: CPU App: 0.520833 % | Sys: 64.3229 % | RAM App: 218.102 MB | Sys Avail: 23116.7 MB / 65466.5 MB
TelemetryMonitor: Processed 300 frames. Current FPS: 30
[ "17:49:22.638" ][SystemMonitor] Stats Update: CPU App: 0.520833 % | Sys: 64.5833 % | RAM App: 218.156 MB | Sys Avail: 23093.4 MB / 65466.5 MB
[ "17:49:23.639" ][SystemMonitor] Stats Update: CPU App: 1.30208 % | Sys: 49.2188 % | RAM App: 218.27 MB | Sys Avail: 23101.2 MB / 65466.5 MB
[ "17:49:24.639" ][SystemMonitor] Stats Update: CPU App: 1.30208 % | Sys: 69.7917 % | RAM App: 218.328 MB | Sys Avail: 23112.4 MB / 65466.5 MB
[ "17:49:25.631" ][SystemMonitor] Stats Update: CPU App: 0.78125 % | Sys: 77.0833 % | RAM App: 218.348 MB | Sys Avail: 23111.6 MB / 65466.5 MB
[ "17:49:26.631" ][SystemMonitor] Stats Update: CPU App: 1.04167 % | Sys: 76.3021 % | RAM App: 218.41 MB | Sys Avail: 23111.7 MB / 65466.5 MB
[ "17:49:27.641" ][SystemMonitor] Stats Update: CPU App: 1.04167 % | Sys: 79.4271 % | RAM App: 218.445 MB | Sys Avail: 23109.1 MB / 65466.5 MB
[ "17:49:28.630" ][SystemMonitor] Stats Update: CPU App: 0.520833 % | Sys: 82.0313 % | RAM App: 218.574 MB | Sys Avail: 23109 MB / 65466.5 MB
[ "17:49:29.639" ][SystemMonitor] Stats Update: CPU App: 2.08333 % | Sys: 83.5938 % | RAM App: 218.598 MB | Sys Avail: 23117.2 MB / 65466.5 MB
[ "17:49:30.631" ][SystemMonitor] Stats Update: CPU App: 0.78125 % | Sys: 89.0625 % | RAM App: 218.66 MB | Sys Avail: 23127.7 MB / 65466.5 MB
[ "17:49:31.657" ][SystemMonitor] Stats Update: CPU App: 1.02564 % | Sys: 85.1282 % | RAM App: 218.676 MB | Sys Avail: 23136.5 MB / 65466.5 MB
[ "17:49:32.639" ][SystemMonitor] Stats Update: CPU App: 1.0582 % | Sys: 78.3069 % | RAM App: 218.781 MB | Sys Avail: 23135.3 MB / 65466.5 MB
TelemetryMonitor: Processed 300 frames. Current FPS: 30
[ "17:49:33.639" ][SystemMonitor] Stats Update: CPU App: 0.520833 % | Sys: 95.8333 % | RAM App: 218.797 MB | Sys Avail: 23042 MB / 65466.5 MB
[ "17:49:34.640" ][SystemMonitor] Stats Update: CPU App: 0.520833 % | Sys: 81.5104 % | RAM App: 218.844 MB | Sys Avail: 23128.1 MB / 65466.5 MB
[ "17:49:35.656" ][SystemMonitor] Stats Update: CPU App: 1.02564 % | Sys: 89.2308 % | RAM App: 218.859 MB | Sys Avail: 23099.2 MB / 65466.5 MB
[ "17:49:36.632" ][SystemMonitor] Stats Update: CPU App: 0 % | Sys: 88.6243 % | RAM App: 218.969 MB | Sys Avail: 23130.6 MB / 65466.5 MB
[ "17:49:37.639" ][SystemMonitor] Stats Update: CPU App: 0.520833 % | Sys: 79.1667 % | RAM App: 218.969 MB | Sys Avail: 23128.5 MB / 65466.5 MB
[ "17:49:38.631" ][SystemMonitor] Stats Update: CPU App: 0.520833 % | Sys: 80.9896 % | RAM App: 219.074 MB | Sys Avail: 23154.3 MB / 65466.5 MB
[ "17:49:39.636" ][SystemMonitor] Stats Update: CPU App: 0.78125 % | Sys: 84.8958 % | RAM App: 219.082 MB | Sys Avail: 23400.9 MB / 65466.5 MB
[ "17:49:40.631" ][SystemMonitor] Stats Update: CPU App: 0.78125 % | Sys: 80.4688 % | RAM App: 219.109 MB | Sys Avail: 23398.3 MB / 65466.5 MB
[ "17:49:41.639" ][SystemMonitor] Stats Update: CPU App: 1.04167 % | Sys: 82.5521 % | RAM App: 219.145 MB | Sys Avail: 23363.4 MB / 65466.5 MB
[ "17:49:42.631" ][SystemMonitor] Stats Update: CPU App: 0.520833 % | Sys: 89.5833 % | RAM App: 219.211 MB | Sys Avail: 23299.8 MB / 65466.5 MB
TelemetryMonitor: Processed 300 frames. Current FPS: 29
[ "17:49:43.640" ][SystemMonitor] Stats Update: CPU App: 0.78125 % | Sys: 88.5417 % | RAM App: 219.254 MB | Sys Avail: 23098.8 MB / 65466.5 MB
[ "17:49:44.640" ][SystemMonitor] Stats Update: CPU App: 0.520833 % | Sys: 84.8958 % | RAM App: 219.379 MB | Sys Avail: 23271 MB / 65466.5 MB
[ "17:49:45.640" ][SystemMonitor] Stats Update: CPU App: 0.78125 % | Sys: 79.9479 % | RAM App: 219.414 MB | Sys Avail: 23217.8 MB / 65466.5 MB
[ "17:49:46.640" ][SystemMonitor] Stats Update: CPU App: 1.82292 % | Sys: 79.6875 % | RAM App: 219.543 MB | Sys Avail: 23266.9 MB / 65466.5 MB
[ "17:49:47.632" ][SystemMonitor] Stats Update: CPU App: 1.04167 % | Sys: 81.25 % | RAM App: 219.578 MB | Sys Avail: 23269.7 MB / 65466.5 MB
[ "17:49:48.639" ][SystemMonitor] Stats Update: CPU App: 1.30208 % | Sys: 81.7708 % | RAM App: 219.703 MB | Sys Avail: 23224.4 MB / 65466.5 MB
[ "17:49:49.639" ][SystemMonitor] Stats Update: CPU App: 0.520833 % | Sys: 76.8229 % | RAM App: 219.742 MB | Sys Avail: 23105.1 MB / 65466.5 MB
[ "17:49:50.639" ][SystemMonitor] Stats Update: CPU App: 1.30208 % | Sys: 79.6875 % | RAM App: 219.867 MB | Sys Avail: 22978.7 MB / 65466.5 MB
[ "17:49:51.638" ][SystemMonitor] Stats Update: CPU App: 0.520833 % | Sys: 74.7396 % | RAM App: 219.906 MB | Sys Avail: 22978.5 MB / 65466.5 MB
[ "17:49:52.639" ][SystemMonitor] Stats Update: CPU App: 0.78125 % | Sys: 82.0313 % | RAM App: 220.035 MB | Sys Avail: 23256.6 MB / 65466.5 MB
TelemetryMonitor: Processed 300 frames. Current FPS: 30
[ "17:49:53.639" ][SystemMonitor] Stats Update: CPU App: 1.04167 % | Sys: 78.125 % | RAM App: 220.082 MB | Sys Avail: 23299.1 MB / 65466.5 MB
[ "17:49:54.640" ][SystemMonitor] Stats Update: CPU App: 0.78125 % | Sys: 73.9583 % | RAM App: 220.195 MB | Sys Avail: 23295.2 MB / 65466.5 MB
[ "17:49:55.640" ][SystemMonitor] Stats Update: CPU App: 0.78125 % | Sys: 68.4896 % | RAM App: 220.238 MB | Sys Avail: 23296.9 MB / 65466.5 MB
[ "17:49:56.640" ][SystemMonitor] Stats Update: CPU App: 0.520833 % | Sys: 71.0938 % | RAM App: 220.375 MB | Sys Avail: 23302.8 MB / 65466.5 MB
[ "17:49:57.639" ][SystemMonitor] Stats Update: CPU App: 0.520833 % | Sys: 63.8021 % | RAM App: 220.406 MB | Sys Avail: 23300.4 MB / 65466.5 MB
[ "17:49:58.631" ][SystemMonitor] Stats Update: CPU App: 0.520833 % | Sys: 67.1875 % | RAM App: 220.539 MB | Sys Avail: 23315.6 MB / 65466.5 MB
[ "17:49:59.639" ][SystemMonitor] Stats Update: CPU App: 0.78125 % | Sys: 73.1771 % | RAM App: 220.578 MB | Sys Avail: 23308.4 MB / 65466.5 MB
[ "17:50:00.632" ][SystemMonitor] Stats Update: CPU App: 1.04167 % | Sys: 68.4896 % | RAM App: 220.703 MB | Sys Avail: 23312.5 MB / 65466.5 MB
[ "17:50:01.632" ][SystemMonitor] Stats Update: CPU App: 0.260417 % | Sys: 69.2708 % | RAM App: 220.75 MB | Sys Avail: 23298.4 MB / 65466.5 MB
[ "17:50:02.640" ][SystemMonitor] Stats Update: CPU App: 0.78125 % | Sys: 60.9375 % | RAM App: 220.879 MB | Sys Avail: 23301.8 MB / 65466.5 MB
[ "17:50:03.637" ][SystemMonitor] Stats Update: CPU App: 0.520833 % | Sys: 91.1458 % | RAM App: 220.914 MB | Sys Avail: 23171.6 MB / 65466.5 MB
TelemetryMonitor: Processed 300 frames. Current FPS: 30
[ "17:50:04.640" ][SystemMonitor] Stats Update: CPU App: 0.260417 % | Sys: 78.6458 % | RAM App: 221.055 MB | Sys Avail: 23262.9 MB / 65466.5 MB
[ "17:50:05.636" ][SystemMonitor] Stats Update: CPU App: 0.520833 % | Sys: 79.9479 % | RAM App: 221.09 MB | Sys Avail: 23130.3 MB / 65466.5 MB
[ "17:50:06.657" ][SystemMonitor] Stats Update: CPU App: 0 % | Sys: 66.6667 % | RAM App: 221.219 MB | Sys Avail: 23098.5 MB / 65466.5 MB
[ "17:50:07.640" ][SystemMonitor] Stats Update: CPU App: 1.0582 % | Sys: 63.2275 % | RAM App: 221.266 MB | Sys Avail: 23100.2 MB / 65466.5 MB
[ "17:50:08.631" ][SystemMonitor] Stats Update: CPU App: 0.520833 % | Sys: 75 % | RAM App: 221.395 MB | Sys Avail: 23073.2 MB / 65466.5 MB
[ "17:50:09.633" ][SystemMonitor] Stats Update: CPU App: 1.30208 % | Sys: 65.1042 % | RAM App: 221.438 MB | Sys Avail: 22990.8 MB / 65466.5 MB
[ "17:50:10.640" ][SystemMonitor] Stats Update: CPU App: 1.04167 % | Sys: 63.0208 % | RAM App: 221.563 MB | Sys Avail: 22989.4 MB / 65466.5 MB
[ "17:50:11.636" ][SystemMonitor] Stats Update: CPU App: 0.520833 % | Sys: 57.5521 % | RAM App: 221.617 MB | Sys Avail: 22987 MB / 65466.5 MB
[ "17:50:12.631" ][SystemMonitor] Stats Update: CPU App: 1.82292 % | Sys: 76.5625 % | RAM App: 221.746 MB | Sys Avail: 23034.8 MB / 65466.5 MB
[ "17:50:13.640" ][SystemMonitor] Stats Update: CPU App: 0.260417 % | Sys: 63.2813 % | RAM App: 221.781 MB | Sys Avail: 23001.1 MB / 65466.5 MB
TelemetryMonitor: Processed 300 frames. Current FPS: 29
[ "17:50:14.640" ][SystemMonitor] Stats Update: CPU App: 0.78125 % | Sys: 61.4583 % | RAM App: 221.91 MB | Sys Avail: 22995.7 MB / 65466.5 MB
[ "17:50:15.639" ][SystemMonitor] Stats Update: CPU App: 0.78125 % | Sys: 63.8021 % | RAM App: 221.965 MB | Sys Avail: 22990.9 MB / 65466.5 MB
[ "17:50:16.641" ][SystemMonitor] Stats Update: CPU App: 1.04167 % | Sys: 73.1771 % | RAM App: 217.781 MB | Sys Avail: 22990.9 MB / 65466.5 MB
[ "17:50:17.640" ][SystemMonitor] Stats Update: CPU App: 1.04167 % | Sys: 65.8854 % | RAM App: 218.012 MB | Sys Avail: 22998.1 MB / 65466.5 MB
[ "17:50:18.631" ][SystemMonitor] Stats Update: CPU App: 0.520833 % | Sys: 60.4167 % | RAM App: 218.172 MB | Sys Avail: 22996.2 MB / 65466.5 MB
[ "17:50:19.641" ][SystemMonitor] Stats Update: CPU App: 1.30208 % | Sys: 77.6042 % | RAM App: 218.289 MB | Sys Avail: 22993.1 MB / 65466.5 MB
[ "17:50:20.657" ][SystemMonitor] Stats Update: CPU App: 0.769231 % | Sys: 63.8462 % | RAM App: 218.461 MB | Sys Avail: 22964.3 MB / 65466.5 MB
[ "17:50:21.641" ][SystemMonitor] Stats Update: CPU App: 0.793651 % | Sys: 64.0212 % | RAM App: 218.496 MB | Sys Avail: 22967.1 MB / 65466.5 MB
[ "17:50:22.631" ][SystemMonitor] Stats Update: CPU App: 1.04167 % | Sys: 82.5521 % | RAM App: 218.57 MB | Sys Avail: 23012.4 MB / 65466.5 MB
[ "17:50:23.638" ][SystemMonitor] Stats Update: CPU App: 1.5625 % | Sys: 71.6146 % | RAM App: 218.582 MB | Sys Avail: 22983.1 MB / 65466.5 MB
TelemetryMonitor: Processed 300 frames. Current FPS: 29
[ "17:50:24.641" ][SystemMonitor] Stats Update: CPU App: 0.78125 % | Sys: 65.1042 % | RAM App: 218.641 MB | Sys Avail: 23116.1 MB / 65466.5 MB
[ "17:50:25.634" ][SystemMonitor] Stats Update: CPU App: 0.520833 % | Sys: 68.4896 % | RAM App: 218.664 MB | Sys Avail: 23062.7 MB / 65466.5 MB
[ "17:50:26.640" ][SystemMonitor] Stats Update: CPU App: 1.30208 % | Sys: 65.8854 % | RAM App: 218.766 MB | Sys Avail: 23126.6 MB / 65466.5 MB
[ "17:50:27.641" ][SystemMonitor] Stats Update: CPU App: 0.78125 % | Sys: 69.7917 % | RAM App: 218.793 MB | Sys Avail: 22986.2 MB / 65466.5 MB
[ "17:50:28.631" ][SystemMonitor] Stats Update: CPU App: 1.30208 % | Sys: 63.2813 % | RAM App: 218.902 MB | Sys Avail: 23139 MB / 65466.5 MB
[ "17:50:29.640" ][SystemMonitor] Stats Update: CPU App: 1.04167 % | Sys: 63.5417 % | RAM App: 218.91 MB | Sys Avail: 23139.9 MB / 65466.5 MB
[ "17:50:30.658" ][SystemMonitor] Stats Update: CPU App: 0.512821 % | Sys: 66.4103 % | RAM App: 218.996 MB | Sys Avail: 23030.7 MB / 65466.5 MB
[ "17:50:31.637" ][SystemMonitor] Stats Update: CPU App: 0.26455 % | Sys: 84.3915 % | RAM App: 219.016 MB | Sys Avail: 22968.4 MB / 65466.5 MB
[ "17:50:32.630" ][SystemMonitor] Stats Update: CPU App: 0.78125 % | Sys: 73.1771 % | RAM App: 219.113 MB | Sys Avail: 23102.8 MB / 65466.5 MB
[ "17:50:33.641" ][SystemMonitor] Stats Update: CPU App: 0.260417 % | Sys: 89.8438 % | RAM App: 219.133 MB | Sys Avail: 23039.3 MB / 65466.5 MB
[ "17:50:34.630" ][SystemMonitor] Stats Update: CPU App: 1.04167 % | Sys: 70.3125 % | RAM App: 219.211 MB | Sys Avail: 22931.7 MB / 65466.5 MB
TelemetryMonitor: Processed 300 frames. Current FPS: 29
[ "17:50:35.639" ][SystemMonitor] Stats Update: CPU App: 0.520833 % | Sys: 73.9583 % | RAM App: 219.242 MB | Sys Avail: 22946 MB / 65466.5 MB
[ "17:50:36.642" ][SystemMonitor] Stats Update: CPU App: 1.04167 % | Sys: 70.5729 % | RAM App: 219.316 MB | Sys Avail: 23103 MB / 65466.5 MB
[ "17:50:37.639" ][SystemMonitor] Stats Update: CPU App: 0.520833 % | Sys: 62.2396 % | RAM App: 219.352 MB | Sys Avail: 23079.2 MB / 65466.5 MB
[ "17:50:38.642" ][SystemMonitor] Stats Update: CPU App: 0.78125 % | Sys: 68.2292 % | RAM App: 219.371 MB | Sys Avail: 22992.8 MB / 65466.5 MB
[ "17:50:39.639" ][SystemMonitor] Stats Update: CPU App: 0.78125 % | Sys: 66.4063 % | RAM App: 219.406 MB | Sys Avail: 23127.3 MB / 65466.5 MB
[ "17:50:40.641" ][SystemMonitor] Stats Update: CPU App: 0.78125 % | Sys: 63.0208 % | RAM App: 219.457 MB | Sys Avail: 23176.7 MB / 65466.5 MB
[ "17:50:41.634" ][SystemMonitor] Stats Update: CPU App: 0.78125 % | Sys: 72.9167 % | RAM App: 219.5 MB | Sys Avail: 23043.2 MB / 65466.5 MB
[ "17:50:42.642" ][SystemMonitor] Stats Update: CPU App: 1.30208 % | Sys: 68.4896 % | RAM App: 219.625 MB | Sys Avail: 23038 MB / 65466.5 MB
[ "17:50:43.641" ][SystemMonitor] Stats Update: CPU App: 1.5625 % | Sys: 72.3958 % | RAM App: 219.672 MB | Sys Avail: 23189 MB / 65466.5 MB
[ "17:50:44.631" ][SystemMonitor] Stats Update: CPU App: 1.04167 % | Sys: 64.8438 % | RAM App: 219.75 MB | Sys Avail: 23181.2 MB / 65466.5 MB
TelemetryMonitor: Processed 300 frames. Current FPS: 29
[ "17:50:45.641" ][SystemMonitor] Stats Update: CPU App: 0.78125 % | Sys: 67.1875 % | RAM App: 219.797 MB | Sys Avail: 23096.8 MB / 65466.5 MB
[ "17:50:46.631" ][SystemMonitor] Stats Update: CPU App: 0.78125 % | Sys: 71.875 % | RAM App: 219.926 MB | Sys Avail: 23033.2 MB / 65466.5 MB
[ "17:50:47.642" ][SystemMonitor] Stats Update: CPU App: 1.04167 % | Sys: 67.9688 % | RAM App: 219.973 MB | Sys Avail: 23141.3 MB / 65466.5 MB
[ "17:50:48.631" ][SystemMonitor] Stats Update: CPU App: 0.520833 % | Sys: 74.2188 % | RAM App: 220.098 MB | Sys Avail: 23105.5 MB / 65466.5 MB
[ "17:50:49.643" ][SystemMonitor] Stats Update: CPU App: 0.520833 % | Sys: 79.1667 % | RAM App: 220.133 MB | Sys Avail: 22818.6 MB / 65466.5 MB
[ "17:50:50.642" ][SystemMonitor] Stats Update: CPU App: 0.520833 % | Sys: 79.4271 % | RAM App: 220.211 MB | Sys Avail: 22755.6 MB / 65466.5 MB
[ "17:50:51.638" ][SystemMonitor] Stats Update: CPU App: 1.04167 % | Sys: 61.1979 % | RAM App: 220.246 MB | Sys Avail: 22816 MB / 65466.5 MB
[ "17:50:52.641" ][SystemMonitor] Stats Update: CPU App: 0.520833 % | Sys: 57.5521 % | RAM App: 220.383 MB | Sys Avail: 22827.5 MB / 65466.5 MB
[ "17:50:53.642" ][SystemMonitor] Stats Update: CPU App: 1.30208 % | Sys: 86.7188 % | RAM App: 220.426 MB | Sys Avail: 22789 MB / 65466.5 MB
[ "17:50:54.642" ][SystemMonitor] Stats Update: CPU App: 0.78125 % | Sys: 88.8021 % | RAM App: 220.492 MB | Sys Avail: 22772.8 MB / 65466.5 MB
TelemetryMonitor: Processed 300 frames. Current FPS: 29
[ "17:50:55.641" ][SystemMonitor] Stats Update: CPU App: 0.78125 % | Sys: 90.3646 % | RAM App: 220.551 MB | Sys Avail: 22725.8 MB / 65466.5 MB
[ "17:50:56.642" ][SystemMonitor] Stats Update: CPU App: 1.30208 % | Sys: 90.3646 % | RAM App: 220.68 MB | Sys Avail: 22750.3 MB / 65466.5 MB
[ "17:50:57.641" ][SystemMonitor] Stats Update: CPU App: 0.260417 % | Sys: 87.7604 % | RAM App: 220.707 MB | Sys Avail: 22756.1 MB / 65466.5 MB
[ "17:50:58.631" ][SystemMonitor] Stats Update: CPU App: 0.78125 % | Sys: 91.4063 % | RAM App: 220.855 MB | Sys Avail: 22613 MB / 65466.5 MB
[ "17:50:59.641" ][SystemMonitor] Stats Update: CPU App: 0.260417 % | Sys: 84.8958 % | RAM App: 220.906 MB | Sys Avail: 22551.9 MB / 65466.5 MB
[ "17:51:00.631" ][SystemMonitor] Stats Update: CPU App: 1.04167 % | Sys: 90.1042 % | RAM App: 221.031 MB | Sys Avail: 22578.9 MB / 65466.5 MB
[ "17:51:01.643" ][SystemMonitor] Stats Update: CPU App: 0.520833 % | Sys: 91.1458 % | RAM App: 221.066 MB | Sys Avail: 22574.8 MB / 65466.5 MB
[ "17:51:02.642" ][SystemMonitor] Stats Update: CPU App: 1.04167 % | Sys: 81.5104 % | RAM App: 221.199 MB | Sys Avail: 22675.8 MB / 65466.5 MB
[ "17:51:03.642" ][SystemMonitor] Stats Update: CPU App: 1.04167 % | Sys: 94.0104 % | RAM App: 221.242 MB | Sys Avail: 22576.4 MB / 65466.5 MB
[ "17:51:04.631" ][SystemMonitor] Stats Update: CPU App: 0.78125 % | Sys: 87.7604 % | RAM App: 221.32 MB | Sys Avail: 22653.9 MB / 65466.5 MB
TelemetryMonitor: Processed 300 frames. Current FPS: 30
[ "17:51:05.632" ][SystemMonitor] Stats Update: CPU App: 0.78125 % | Sys: 89.3229 % | RAM App: 221.383 MB | Sys Avail: 22626.5 MB / 65466.5 MB
[ "17:51:06.642" ][SystemMonitor] Stats Update: CPU App: 1.30208 % | Sys: 80.9896 % | RAM App: 221.516 MB | Sys Avail: 22656.6 MB / 65466.5 MB
[ "17:51:07.633" ][SystemMonitor] Stats Update: CPU App: 0.260417 % | Sys: 78.6458 % | RAM App: 221.559 MB | Sys Avail: 22658.5 MB / 65466.5 MB
[ "17:51:08.642" ][SystemMonitor] Stats Update: CPU App: 0 % | Sys: 80.4688 % | RAM App: 221.688 MB | Sys Avail: 22668.3 MB / 65466.5 MB
[ "17:51:09.639" ][SystemMonitor] Stats Update: CPU App: 1.04167 % | Sys: 78.6458 % | RAM App: 221.73 MB | Sys Avail: 22670.9 MB / 65466.5 MB
[ "17:51:10.642" ][SystemMonitor] Stats Update: CPU App: 0.78125 % | Sys: 77.8646 % | RAM App: 221.863 MB | Sys Avail: 22655.8 MB / 65466.5 MB
[ "17:51:11.643" ][SystemMonitor] Stats Update: CPU App: 1.04167 % | Sys: 79.4271 % | RAM App: 221.914 MB | Sys Avail: 22648.2 MB / 65466.5 MB
[ "17:51:12.642" ][SystemMonitor] Stats Update: CPU App: 0.78125 % | Sys: 77.6042 % | RAM App: 222.039 MB | Sys Avail: 22646.3 MB / 65466.5 MB
[ "17:51:13.642" ][SystemMonitor] Stats Update: CPU App: 1.04167 % | Sys: 67.7083 % | RAM App: 222.086 MB | Sys Avail: 22649.1 MB / 65466.5 MB
[ "17:51:14.642" ][SystemMonitor] Stats Update: CPU App: 0.78125 % | Sys: 59.8958 % | RAM App: 222.23 MB | Sys Avail: 22833.5 MB / 65466.5 MB
[ "17:51:15.644" ][SystemMonitor] Stats Update: CPU App: 0.78125 % | Sys: 68.2292 % | RAM App: 222.297 MB | Sys Avail: 22834.5 MB / 65466.5 MB
TelemetryMonitor: Processed 300 frames. Current FPS: 29
[ "17:51:16.643" ][SystemMonitor] Stats Update: CPU App: 2.08333 % | Sys: 74.2188 % | RAM App: 218.238 MB | Sys Avail: 22818.8 MB / 65466.5 MB
[ "17:51:17.632" ][SystemMonitor] Stats Update: CPU App: 0.520833 % | Sys: 67.7083 % | RAM App: 218.414 MB | Sys Avail: 22832.3 MB / 65466.5 MB
[ "17:51:18.643" ][SystemMonitor] Stats Update: CPU App: 1.04167 % | Sys: 77.3438 % | RAM App: 218.414 MB | Sys Avail: 22828.3 MB / 65466.5 MB
[ "17:51:19.643" ][SystemMonitor] Stats Update: CPU App: 0.78125 % | Sys: 70.5729 % | RAM App: 218.566 MB | Sys Avail: 22967.3 MB / 65466.5 MB
[ "17:51:20.642" ][SystemMonitor] Stats Update: CPU App: 0.78125 % | Sys: 71.6146 % | RAM App: 218.586 MB | Sys Avail: 23006.2 MB / 65466.5 MB
[ "17:51:21.643" ][SystemMonitor] Stats Update: CPU App: 0.520833 % | Sys: 64.3229 % | RAM App: 218.664 MB | Sys Avail: 23003.7 MB / 65466.5 MB
[ "17:51:22.631" ][SystemMonitor] Stats Update: CPU App: 1.04167 % | Sys: 64.5833 % | RAM App: 218.797 MB | Sys Avail: 23004.4 MB / 65466.5 MB
[ "17:51:23.638" ][SystemMonitor] Stats Update: CPU App: 0.78125 % | Sys: 64.0625 % | RAM App: 218.906 MB | Sys Avail: 23003.1 MB / 65466.5 MB
[ "17:51:24.631" ][SystemMonitor] Stats Update: CPU App: 1.04167 % | Sys: 68.75 % | RAM App: 219.004 MB | Sys Avail: 23022.8 MB / 65466.5 MB
[ "17:51:25.643" ][SystemMonitor] Stats Update: CPU App: 0.78125 % | Sys: 59.8958 % | RAM App: 219.121 MB | Sys Avail: 23019.7 MB / 65466.5 MB
TelemetryMonitor: Processed 300 frames. Current FPS: 30
[ "17:51:26.643" ][SystemMonitor] Stats Update: CPU App: 0.260417 % | Sys: 67.7083 % | RAM App: 219.238 MB | Sys Avail: 23022.6 MB / 65466.5 MB
[ "17:51:27.639" ][SystemMonitor] Stats Update: CPU App: 1.30208 % | Sys: 72.3958 % | RAM App: 219.258 MB | Sys Avail: 23023.3 MB / 65466.5 MB
[ "17:51:28.643" ][SystemMonitor] Stats Update: CPU App: 1.30208 % | Sys: 75.2604 % | RAM App: 219.324 MB | Sys Avail: 23028.8 MB / 65466.5 MB
[ "17:51:29.631" ][SystemMonitor] Stats Update: CPU App: 0.520833 % | Sys: 70.5729 % | RAM App: 219.395 MB | Sys Avail: 23033.8 MB / 65466.5 MB
[ "17:51:30.643" ][SystemMonitor] Stats Update: CPU App: 1.30208 % | Sys: 65.625 % | RAM App: 219.457 MB | Sys Avail: 23034 MB / 65466.5 MB
[ "17:51:31.639" ][SystemMonitor] Stats Update: CPU App: 0.78125 % | Sys: 70.3125 % | RAM App: 219.473 MB | Sys Avail: 23033.8 MB / 65466.5 MB
[ "17:51:32.631" ][SystemMonitor] Stats Update: CPU App: 1.04167 % | Sys: 82.0313 % | RAM App: 219.582 MB | Sys Avail: 23042.7 MB / 65466.5 MB
[ "17:51:33.644" ][SystemMonitor] Stats Update: CPU App: 1.30208 % | Sys: 89.5833 % | RAM App: 219.598 MB | Sys Avail: 22925.7 MB / 65466.5 MB
[ "17:51:34.630" ][SystemMonitor] Stats Update: CPU App: 0.520833 % | Sys: 70.5729 % | RAM App: 219.73 MB | Sys Avail: 23028.4 MB / 65466.5 MB
[ "17:51:35.640" ][SystemMonitor] Stats Update: CPU App: 2.08333 % | Sys: 72.1354 % | RAM App: 219.773 MB | Sys Avail: 22995.2 MB / 65466.5 MB
TelemetryMonitor: Processed 300 frames. Current FPS: 29
[ "17:51:36.643" ][SystemMonitor] Stats Update: CPU App: 0.520833 % | Sys: 75.7813 % | RAM App: 219.902 MB | Sys Avail: 23023.8 MB / 65466.5 MB
[ "17:51:37.639" ][SystemMonitor] Stats Update: CPU App: 0 % | Sys: 68.4896 % | RAM App: 219.945 MB | Sys Avail: 23024.2 MB / 65466.5 MB
[ "17:51:38.630" ][SystemMonitor] Stats Update: CPU App: 1.30208 % | Sys: 63.0208 % | RAM App: 220.078 MB | Sys Avail: 23025 MB / 65466.5 MB
[ "17:51:39.643" ][SystemMonitor] Stats Update: CPU App: 0.260417 % | Sys: 69.2708 % | RAM App: 220.113 MB | Sys Avail: 23023.5 MB / 65466.5 MB
[ "17:51:40.644" ][SystemMonitor] Stats Update: CPU App: 1.5625 % | Sys: 65.625 % | RAM App: 220.246 MB | Sys Avail: 23025.2 MB / 65466.5 MB
[ "17:51:41.638" ][SystemMonitor] Stats Update: CPU App: 1.30208 % | Sys: 61.4583 % | RAM App: 220.297 MB | Sys Avail: 23024.7 MB / 65466.5 MB
[ "17:51:42.631" ][SystemMonitor] Stats Update: CPU App: 0.78125 % | Sys: 69.2708 % | RAM App: 220.324 MB | Sys Avail: 23023.7 MB / 65466.5 MB
[ "17:51:43.633" ][SystemMonitor] Stats Update: CPU App: 0.78125 % | Sys: 72.1354 % | RAM App: 220.355 MB | Sys Avail: 23057.1 MB / 65466.5 MB
[ "17:51:44.643" ][SystemMonitor] Stats Update: CPU App: 0.78125 % | Sys: 77.6042 % | RAM App: 220.434 MB | Sys Avail: 23210.9 MB / 65466.5 MB
[ "17:51:45.644" ][SystemMonitor] Stats Update: CPU App: 0.78125 % | Sys: 75.7813 % | RAM App: 220.477 MB | Sys Avail: 23018.9 MB / 65466.5 MB
TelemetryMonitor: Processed 300 frames. Current FPS: 29
[ "17:51:46.631" ][SystemMonitor] Stats Update: CPU App: 0.78125 % | Sys: 77.0833 % | RAM App: 220.602 MB | Sys Avail: 22935.4 MB / 65466.5 MB
[ "17:51:47.643" ][SystemMonitor] Stats Update: CPU App: 0.78125 % | Sys: 84.375 % | RAM App: 220.648 MB | Sys Avail: 22902.5 MB / 65466.5 MB
[ "17:51:48.644" ][SystemMonitor] Stats Update: CPU App: 0.520833 % | Sys: 77.0833 % | RAM App: 220.785 MB | Sys Avail: 22841.2 MB / 65466.5 MB
[ "17:51:49.638" ][SystemMonitor] Stats Update: CPU App: 0.520833 % | Sys: 78.6458 % | RAM App: 220.813 MB | Sys Avail: 22774.8 MB / 65466.5 MB
[ "17:51:50.643" ][SystemMonitor] Stats Update: CPU App: 1.04167 % | Sys: 73.6979 % | RAM App: 220.902 MB | Sys Avail: 22808 MB / 65466.5 MB
[ "17:51:51.644" ][SystemMonitor] Stats Update: CPU App: 1.30208 % | Sys: 81.5104 % | RAM App: 220.957 MB | Sys Avail: 22725.4 MB / 65466.5 MB
[ "17:51:52.630" ][SystemMonitor] Stats Update: CPU App: 0.520833 % | Sys: 82.8125 % | RAM App: 221.039 MB | Sys Avail: 22749 MB / 65466.5 MB
[ "17:51:53.643" ][SystemMonitor] Stats Update: CPU App: 0.260417 % | Sys: 80.4688 % | RAM App: 221.113 MB | Sys Avail: 22650.3 MB / 65466.5 MB
[ "17:51:54.644" ][SystemMonitor] Stats Update: CPU App: 0.78125 % | Sys: 71.0938 % | RAM App: 221.188 MB | Sys Avail: 22808.3 MB / 65466.5 MB
[ "17:51:55.631" ][SystemMonitor] Stats Update: CPU App: 0.520833 % | Sys: 64.8438 % | RAM App: 221.219 MB | Sys Avail: 22859.1 MB / 65466.5 MB
[ "17:51:56.631" ][SystemMonitor] Stats Update: CPU App: 1.82292 % | Sys: 72.9167 % | RAM App: 221.301 MB | Sys Avail: 22811.4 MB / 65466.5 MB
TelemetryMonitor: Processed 300 frames. Current FPS: 30
[ "17:51:57.632" ][SystemMonitor] Stats Update: CPU App: 0.78125 % | Sys: 63.2813 % | RAM App: 221.336 MB | Sys Avail: 22807.1 MB / 65466.5 MB
[ "17:51:58.643" ][SystemMonitor] Stats Update: CPU App: 1.04167 % | Sys: 62.5 % | RAM App: 221.477 MB | Sys Avail: 22805.6 MB / 65466.5 MB
[ "17:51:59.633" ][SystemMonitor] Stats Update: CPU App: 1.30208 % | Sys: 76.5625 % | RAM App: 221.512 MB | Sys Avail: 22801 MB / 65466.5 MB
[ "17:52:00.644" ][SystemMonitor] Stats Update: CPU App: 0.78125 % | Sys: 58.8542 % | RAM App: 221.641 MB | Sys Avail: 22804.3 MB / 65466.5 MB
[ "17:52:01.637" ][SystemMonitor] Stats Update: CPU App: 1.30208 % | Sys: 60.4167 % | RAM App: 221.68 MB | Sys Avail: 22803.7 MB / 65466.5 MB
[ "17:52:02.644" ][SystemMonitor] Stats Update: CPU App: 0.260417 % | Sys: 70.5729 % | RAM App: 221.805 MB | Sys Avail: 22803.8 MB / 65466.5 MB
[ "17:52:03.646" ][SystemMonitor] Stats Update: CPU App: 0.78125 % | Sys: 90.625 % | RAM App: 221.84 MB | Sys Avail: 22682.8 MB / 65466.5 MB
[ "17:52:04.644" ][SystemMonitor] Stats Update: CPU App: 1.30208 % | Sys: 67.7083 % | RAM App: 221.969 MB | Sys Avail: 22777.7 MB / 65466.5 MB
[ "17:52:05.639" ][SystemMonitor] Stats Update: CPU App: 1.5625 % | Sys: 74.2188 % | RAM App: 222.016 MB | Sys Avail: 22756 MB / 65466.5 MB
[ "17:52:06.643" ][SystemMonitor] Stats Update: CPU App: 0.78125 % | Sys: 79.6875 % | RAM App: 222.168 MB | Sys Avail: 22802.4 MB / 65466.5 MB
TelemetryMonitor: Processed 300 frames. Current FPS: 29
[ "17:52:07.644" ][SystemMonitor] Stats Update: CPU App: 1.30208 % | Sys: 62.5 % | RAM App: 222.223 MB | Sys Avail: 22803.6 MB / 65466.5 MB
[ "17:52:08.631" ][SystemMonitor] Stats Update: CPU App: 1.04167 % | Sys: 63.5417 % | RAM App: 222.348 MB | Sys Avail: 22806.6 MB / 65466.5 MB
[ "17:52:09.644" ][SystemMonitor] Stats Update: CPU App: 0.78125 % | Sys: 72.3958 % | RAM App: 222.398 MB | Sys Avail: 22805.8 MB / 65466.5 MB
[ "17:52:10.631" ][SystemMonitor] Stats Update: CPU App: 1.04167 % | Sys: 59.1146 % | RAM App: 222.527 MB | Sys Avail: 22808.5 MB / 65466.5 MB
[ "17:52:11.644" ][SystemMonitor] Stats Update: CPU App: 1.04167 % | Sys: 59.375 % | RAM App: 222.57 MB | Sys Avail: 22808.9 MB / 65466.5 MB
[ "17:52:12.644" ][SystemMonitor] Stats Update: CPU App: 1.04167 % | Sys: 63.0208 % | RAM App: 222.711 MB | Sys Avail: 22732.7 MB / 65466.5 MB
[ "17:52:13.639" ][SystemMonitor] Stats Update: CPU App: 0.78125 % | Sys: 65.3646 % | RAM App: 222.762 MB | Sys Avail: 22780.4 MB / 65466.5 MB
[ "17:52:14.645" ][SystemMonitor] Stats Update: CPU App: 1.04167 % | Sys: 87.5 % | RAM App: 222.855 MB | Sys Avail: 22752.4 MB / 65466.5 MB
[ "17:52:15.644" ][SystemMonitor] Stats Update: CPU App: 1.04167 % | Sys: 80.4688 % | RAM App: 222.922 MB | Sys Avail: 22746.1 MB / 65466.5 MB
[ "17:52:16.645" ][SystemMonitor] Stats Update: CPU App: 1.30208 % | Sys: 72.6563 % | RAM App: 218.227 MB | Sys Avail: 22701.6 MB / 65466.5 MB
TelemetryMonitor: Processed 300 frames. Current FPS: 29
[ "17:52:17.639" ][SystemMonitor] Stats Update: CPU App: 1.04167 % | Sys: 68.4896 % | RAM App: 218.391 MB | Sys Avail: 22830.7 MB / 65466.5 MB
[ "17:52:18.645" ][SystemMonitor] Stats Update: CPU App: 0.520833 % | Sys: 64.3229 % | RAM App: 218.5 MB | Sys Avail: 22799.4 MB / 65466.5 MB
[ "17:52:19.636" ][SystemMonitor] Stats Update: CPU App: 1.30208 % | Sys: 67.7083 % | RAM App: 218.605 MB | Sys Avail: 22685.7 MB / 65466.5 MB
[ "17:52:20.644" ][SystemMonitor] Stats Update: CPU App: 1.30208 % | Sys: 69.7917 % | RAM App: 218.688 MB | Sys Avail: 22865.9 MB / 65466.5 MB
[ "17:52:21.638" ][SystemMonitor] Stats Update: CPU App: 1.30208 % | Sys: 66.1458 % | RAM App: 218.77 MB | Sys Avail: 22886 MB / 65466.5 MB
[ "17:52:22.644" ][SystemMonitor] Stats Update: CPU App: 1.30208 % | Sys: 67.9688 % | RAM App: 218.848 MB | Sys Avail: 22791.1 MB / 65466.5 MB
[ "17:52:23.635" ][SystemMonitor] Stats Update: CPU App: 1.04167 % | Sys: 72.9167 % | RAM App: 218.859 MB | Sys Avail: 22753.8 MB / 65466.5 MB
[ "17:52:24.644" ][SystemMonitor] Stats Update: CPU App: 1.04167 % | Sys: 67.9688 % | RAM App: 218.91 MB | Sys Avail: 22882 MB / 65466.5 MB
[ "17:52:25.644" ][SystemMonitor] Stats Update: CPU App: 1.04167 % | Sys: 71.6146 % | RAM App: 218.934 MB | Sys Avail: 22796.9 MB / 65466.5 MB
[ "17:52:26.645" ][SystemMonitor] Stats Update: CPU App: 1.82292 % | Sys: 78.6458 % | RAM App: 219.051 MB | Sys Avail: 22669.1 MB / 65466.5 MB
TelemetryMonitor: Processed 300 frames. Current FPS: 29
[ "17:52:27.644" ][SystemMonitor] Stats Update: CPU App: 0.78125 % | Sys: 77.0833 % | RAM App: 219.074 MB | Sys Avail: 22717.4 MB / 65466.5 MB
[ "17:52:28.631" ][SystemMonitor] Stats Update: CPU App: 1.04167 % | Sys: 65.1042 % | RAM App: 219.188 MB | Sys Avail: 22871.6 MB / 65466.5 MB
[ "17:52:29.645" ][SystemMonitor] Stats Update: CPU App: 1.30208 % | Sys: 72.6563 % | RAM App: 219.188 MB | Sys Avail: 22850 MB / 65466.5 MB
[ "17:52:30.631" ][SystemMonitor] Stats Update: CPU App: 2.08333 % | Sys: 69.2708 % | RAM App: 219.246 MB | Sys Avail: 22704.5 MB / 65466.5 MB
[ "17:52:31.645" ][SystemMonitor] Stats Update: CPU App: 1.04167 % | Sys: 67.7083 % | RAM App: 219.262 MB | Sys Avail: 22691.3 MB / 65466.5 MB
[ "17:52:32.632" ][SystemMonitor] Stats Update: CPU App: 0.78125 % | Sys: 74.7396 % | RAM App: 219.266 MB | Sys Avail: 22873 MB / 65466.5 MB
[ "17:52:33.635" ][SystemMonitor] Stats Update: CPU App: 2.34375 % | Sys: 95.3125 % | RAM App: 219.281 MB | Sys Avail: 22773.5 MB / 65466.5 MB
[ "17:52:34.645" ][SystemMonitor] Stats Update: CPU App: 0.260417 % | Sys: 72.9167 % | RAM App: 219.355 MB | Sys Avail: 22679.4 MB / 65466.5 MB
[ "17:52:35.633" ][SystemMonitor] Stats Update: CPU App: 1.04167 % | Sys: 75 % | RAM App: 219.395 MB | Sys Avail: 22827.5 MB / 65466.5 MB
[ "17:52:36.631" ][SystemMonitor] Stats Update: CPU App: 1.04167 % | Sys: 72.3958 % | RAM App: 219.418 MB | Sys Avail: 22862.1 MB / 65466.5 MB
[ "17:52:37.638" ][SystemMonitor] Stats Update: CPU App: 0.520833 % | Sys: 56.5104 % | RAM App: 219.457 MB | Sys Avail: 22881.4 MB / 65466.5 MB
TelemetryMonitor: Processed 300 frames. Current FPS: 29
[ "17:52:38.631" ][SystemMonitor] Stats Update: CPU App: 1.04167 % | Sys: 61.7188 % | RAM App: 219.586 MB | Sys Avail: 22881.1 MB / 65466.5 MB
[ "17:52:39.646" ][SystemMonitor] Stats Update: CPU App: 1.82292 % | Sys: 77.3438 % | RAM App: 219.629 MB | Sys Avail: 22876.7 MB / 65466.5 MB
[ "17:52:40.645" ][SystemMonitor] Stats Update: CPU App: 0.78125 % | Sys: 79.6875 % | RAM App: 219.723 MB | Sys Avail: 22876.8 MB / 65466.5 MB
[ "17:52:41.646" ][SystemMonitor] Stats Update: CPU App: 1.5625 % | Sys: 78.6458 % | RAM App: 219.766 MB | Sys Avail: 22876.9 MB / 65466.5 MB
[ "17:52:42.632" ][SystemMonitor] Stats Update: CPU App: 1.5625 % | Sys: 76.8229 % | RAM App: 219.906 MB | Sys Avail: 22876.7 MB / 65466.5 MB
[ "17:52:43.635" ][SystemMonitor] Stats Update: CPU App: 0.520833 % | Sys: 82.5521 % | RAM App: 219.945 MB | Sys Avail: 22879.5 MB / 65466.5 MB
[ "17:52:44.645" ][SystemMonitor] Stats Update: CPU App: 0.78125 % | Sys: 79.9479 % | RAM App: 220.074 MB | Sys Avail: 23061.8 MB / 65466.5 MB
[ "17:52:45.645" ][SystemMonitor] Stats Update: CPU App: 1.5625 % | Sys: 79.9479 % | RAM App: 220.117 MB | Sys Avail: 23060 MB / 65466.5 MB
[ "17:52:46.645" ][SystemMonitor] Stats Update: CPU App: 0.78125 % | Sys: 82.2917 % | RAM App: 220.207 MB | Sys Avail: 23066.3 MB / 65466.5 MB
[ "17:52:47.632" ][SystemMonitor] Stats Update: CPU App: 0.260417 % | Sys: 93.2292 % | RAM App: 220.242 MB | Sys Avail: 23080.8 MB / 65466.5 MB
TelemetryMonitor: Processed 300 frames. Current FPS: 30
[ "17:52:48.645" ][SystemMonitor] Stats Update: CPU App: 0.520833 % | Sys: 91.4063 % | RAM App: 220.387 MB | Sys Avail: 23085.5 MB / 65466.5 MB
[ "17:52:49.646" ][SystemMonitor] Stats Update: CPU App: 0.520833 % | Sys: 85.1563 % | RAM App: 220.418 MB | Sys Avail: 23090.1 MB / 65466.5 MB
[ "17:52:50.646" ][SystemMonitor] Stats Update: CPU App: 1.04167 % | Sys: 78.3854 % | RAM App: 220.535 MB | Sys Avail: 23087.2 MB / 65466.5 MB
[ "17:52:51.645" ][SystemMonitor] Stats Update: CPU App: 0.260417 % | Sys: 77.3438 % | RAM App: 220.59 MB | Sys Avail: 23086.9 MB / 65466.5 MB
[ "17:52:52.664" ][SystemMonitor] Stats Update: CPU App: 2.27273 % | Sys: 77.0202 % | RAM App: 220.691 MB | Sys Avail: 23088.2 MB / 65466.5 MB
[ "17:52:53.645" ][SystemMonitor] Stats Update: CPU App: 0.806452 % | Sys: 76.6129 % | RAM App: 220.738 MB | Sys Avail: 23118 MB / 65466.5 MB
[ "17:52:54.631" ][SystemMonitor] Stats Update: CPU App: 1.04167 % | Sys: 84.8958 % | RAM App: 220.824 MB | Sys Avail: 23355.8 MB / 65466.5 MB
[ "17:52:55.646" ][SystemMonitor] Stats Update: CPU App: 0.78125 % | Sys: 79.4271 % | RAM App: 220.875 MB | Sys Avail: 23347.2 MB / 65466.5 MB
[ "17:52:56.631" ][SystemMonitor] Stats Update: CPU App: 0.78125 % | Sys: 79.1667 % | RAM App: 221.078 MB | Sys Avail: 23350.5 MB / 65466.5 MB
[ "17:52:57.646" ][SystemMonitor] Stats Update: CPU App: 1.04167 % | Sys: 76.8229 % | RAM App: 221.133 MB | Sys Avail: 23348.5 MB / 65466.5 MB
TelemetryMonitor: Processed 300 frames. Current FPS: 30
[ "17:52:58.646" ][SystemMonitor] Stats Update: CPU App: 1.30208 % | Sys: 69.7917 % | RAM App: 221.27 MB | Sys Avail: 23355.1 MB / 65466.5 MB
[ "17:52:59.645" ][SystemMonitor] Stats Update: CPU App: 1.82292 % | Sys: 70.5729 % | RAM App: 221.316 MB | Sys Avail: 23350.6 MB / 65466.5 MB
[ "17:53:00.646" ][SystemMonitor] Stats Update: CPU App: 0.520833 % | Sys: 70.5729 % | RAM App: 221.453 MB | Sys Avail: 23352.8 MB / 65466.5 MB
[ "17:53:01.647" ][SystemMonitor] Stats Update: CPU App: 0.78125 % | Sys: 69.7917 % | RAM App: 221.492 MB | Sys Avail: 23352 MB / 65466.5 MB
[ "17:53:02.631" ][SystemMonitor] Stats Update: CPU App: 0.520833 % | Sys: 66.6667 % | RAM App: 221.637 MB | Sys Avail: 23352.4 MB / 65466.5 MB
[ "17:53:03.648" ][SystemMonitor] Stats Update: CPU App: 1.02564 % | Sys: 92.5641 % | RAM App: 221.68 MB | Sys Avail: 23244.5 MB / 65466.5 MB
[ "17:53:04.646" ][SystemMonitor] Stats Update: CPU App: 0.529101 % | Sys: 74.3386 % | RAM App: 221.883 MB | Sys Avail: 23298.9 MB / 65466.5 MB
[ "17:53:05.638" ][SystemMonitor] Stats Update: CPU App: 0.260417 % | Sys: 84.6354 % | RAM App: 221.941 MB | Sys Avail: 23194.4 MB / 65466.5 MB
[ "17:53:06.647" ][SystemMonitor] Stats Update: CPU App: 0.78125 % | Sys: 81.7708 % | RAM App: 222.129 MB | Sys Avail: 23101.5 MB / 65466.5 MB
[ "17:53:07.639" ][SystemMonitor] Stats Update: CPU App: 1.04167 % | Sys: 78.6458 % | RAM App: 222.18 MB | Sys Avail: 23005.3 MB / 65466.5 MB
[ "17:53:08.631" ][SystemMonitor] Stats Update: CPU App: 1.5625 % | Sys: 79.9479 % | RAM App: 222.367 MB | Sys Avail: 22973.3 MB / 65466.5 MB
TelemetryMonitor: Processed 300 frames. Current FPS: 30
[ "17:53:09.639" ][SystemMonitor] Stats Update: CPU App: 1.04167 % | Sys: 77.6042 % | RAM App: 222.418 MB | Sys Avail: 22987.3 MB / 65466.5 MB
[ "17:53:10.648" ][SystemMonitor] Stats Update: CPU App: 1.28205 % | Sys: 81.2821 % | RAM App: 222.559 MB | Sys Avail: 22962.4 MB / 65466.5 MB
[ "17:53:11.639" ][SystemMonitor] Stats Update: CPU App: 0.793651 % | Sys: 76.1905 % | RAM App: 222.609 MB | Sys Avail: 22931.9 MB / 65466.5 MB
[ "17:53:12.642" ][SystemMonitor] Stats Update: CPU App: 1.30208 % | Sys: 77.8646 % | RAM App: 222.754 MB | Sys Avail: 22754.3 MB / 65466.5 MB
[ "17:53:13.647" ][SystemMonitor] Stats Update: CPU App: 1.5625 % | Sys: 78.9063 % | RAM App: 222.809 MB | Sys Avail: 22754.1 MB / 65466.5 MB
[ "17:53:14.647" ][SystemMonitor] Stats Update: CPU App: 0.769231 % | Sys: 78.4615 % | RAM App: 222.953 MB | Sys Avail: 22900.7 MB / 65466.5 MB
[ "17:53:15.638" ][SystemMonitor] Stats Update: CPU App: 0.26455 % | Sys: 73.545 % | RAM App: 223.008 MB | Sys Avail: 22999.6 MB / 65466.5 MB
[ "17:53:16.646" ][SystemMonitor] Stats Update: CPU App: 1.29199 % | Sys: 64.359 % | RAM App: 218.297 MB | Sys Avail: 22997.4 MB / 65466.5 MB
[ "17:53:17.646" ][SystemMonitor] Stats Update: CPU App: 0.779221 % | Sys: 66.9271 % | RAM App: 218.469 MB | Sys Avail: 22986.5 MB / 65466.5 MB
[ "17:53:18.646" ][SystemMonitor] Stats Update: CPU App: 0.777202 % | Sys: 68.2292 % | RAM App: 218.578 MB | Sys Avail: 22980.8 MB / 65466.5 MB
TelemetryMonitor: Processed 300 frames. Current FPS: 29
[ "17:53:19.646" ][SystemMonitor] Stats Update: CPU App: 0.26455 % | Sys: 58.4656 % | RAM App: 218.691 MB | Sys Avail: 22982.2 MB / 65466.5 MB
[ "17:53:20.631" ][SystemMonitor] Stats Update: CPU App: 0.520833 % | Sys: 72.3958 % | RAM App: 218.711 MB | Sys Avail: 22984.3 MB / 65466.5 MB
[ "17:53:21.646" ][SystemMonitor] Stats Update: CPU App: 1.04167 % | Sys: 62.7604 % | RAM App: 218.793 MB | Sys Avail: 22986.3 MB / 65466.5 MB
[ "17:53:22.641" ][SystemMonitor] Stats Update: CPU App: 1.04167 % | Sys: 65.8854 % | RAM App: 218.914 MB | Sys Avail: 22989.5 MB / 65466.5 MB
[ "17:53:23.647" ][SystemMonitor] Stats Update: CPU App: 1.04167 % | Sys: 72.9167 % | RAM App: 218.938 MB | Sys Avail: 22989.7 MB / 65466.5 MB
[ "17:53:24.631" ][SystemMonitor] Stats Update: CPU App: 1.04167 % | Sys: 63.2813 % | RAM App: 219.012 MB | Sys Avail: 22992.6 MB / 65466.5 MB
[ "17:53:25.646" ][SystemMonitor] Stats Update: CPU App: 1.53846 % | Sys: 64.1026 % | RAM App: 219.02 MB | Sys Avail: 22994.6 MB / 65466.5 MB
[ "17:53:26.647" ][SystemMonitor] Stats Update: CPU App: 0.529101 % | Sys: 62.1693 % | RAM App: 219.078 MB | Sys Avail: 22993.4 MB / 65466.5 MB
[ "17:53:27.647" ][SystemMonitor] Stats Update: CPU App: 1.04167 % | Sys: 71.0938 % | RAM App: 219.102 MB | Sys Avail: 22985.7 MB / 65466.5 MB
[ "17:53:28.631" ][SystemMonitor] Stats Update: CPU App: 1.04167 % | Sys: 63.8021 % | RAM App: 219.117 MB | Sys Avail: 22985.5 MB / 65466.5 MB
TelemetryMonitor: Processed 300 frames. Current FPS: 29
[ "17:53:29.636" ][SystemMonitor] Stats Update: CPU App: 1.04167 % | Sys: 67.9688 % | RAM App: 219.133 MB | Sys Avail: 22981.8 MB / 65466.5 MB
[ "17:53:30.631" ][SystemMonitor] Stats Update: CPU App: 0.260417 % | Sys: 66.1458 % | RAM App: 219.148 MB | Sys Avail: 22981 MB / 65466.5 MB
[ "17:53:31.647" ][SystemMonitor] Stats Update: CPU App: 0.25641 % | Sys: 70.7692 % | RAM App: 219.172 MB | Sys Avail: 22979.5 MB / 65466.5 MB
[ "17:53:32.630" ][SystemMonitor] Stats Update: CPU App: 1.0582 % | Sys: 60.8466 % | RAM App: 219.184 MB | Sys Avail: 22980.8 MB / 65466.5 MB
[ "17:53:33.656" ][SystemMonitor] Stats Update: CPU App: 1.53846 % | Sys: 89.2308 % | RAM App: 219.195 MB | Sys Avail: 22878.5 MB / 65466.5 MB
[ "17:53:34.649" ][SystemMonitor] Stats Update: CPU App: 1.30208 % | Sys: 82.0313 % | RAM App: 219.227 MB | Sys Avail: 22965.1 MB / 65466.5 MB
[ "17:53:35.647" ][SystemMonitor] Stats Update: CPU App: 1.31579 % | Sys: 80.9896 % | RAM App: 219.262 MB | Sys Avail: 22933.5 MB / 65466.5 MB
[ "17:53:36.647" ][SystemMonitor] Stats Update: CPU App: 0.773196 % | Sys: 75.2604 % | RAM App: 219.297 MB | Sys Avail: 22965.4 MB / 65466.5 MB
[ "17:53:37.647" ][SystemMonitor] Stats Update: CPU App: 1.04167 % | Sys: 60.4167 % | RAM App: 219.34 MB | Sys Avail: 22962.9 MB / 65466.5 MB
[ "17:53:38.647" ][SystemMonitor] Stats Update: CPU App: 1.0582 % | Sys: 60.4167 % | RAM App: 219.375 MB | Sys Avail: 22966.6 MB / 65466.5 MB
TelemetryMonitor: Processed 300 frames. Current FPS: 29
[ "17:53:39.631" ][SystemMonitor] Stats Update: CPU App: 1.30208 % | Sys: 70.8995 % | RAM App: 219.402 MB | Sys Avail: 22963.3 MB / 65466.5 MB
[ "17:53:40.647" ][SystemMonitor] Stats Update: CPU App: 1.79487 % | Sys: 70.5128 % | RAM App: 219.422 MB | Sys Avail: 22828 MB / 65466.5 MB
[ "17:53:41.648" ][SystemMonitor] Stats Update: CPU App: 0.78125 % | Sys: 60.6771 % | RAM App: 219.445 MB | Sys Avail: 22825.4 MB / 65466.5 MB
[ "17:53:42.648" ][SystemMonitor] Stats Update: CPU App: 0.78125 % | Sys: 69.0104 % | RAM App: 219.48 MB | Sys Avail: 22822.2 MB / 65466.5 MB
[ "17:53:43.638" ][SystemMonitor] Stats Update: CPU App: 0.529101 % | Sys: 80.6878 % | RAM App: 219.52 MB | Sys Avail: 22821.9 MB / 65466.5 MB
[ "17:53:44.647" ][SystemMonitor] Stats Update: CPU App: 0.769231 % | Sys: 64.359 % | RAM App: 219.555 MB | Sys Avail: 22849 MB / 65466.5 MB
[ "17:53:45.633" ][SystemMonitor] Stats Update: CPU App: 0.529101 % | Sys: 61.6402 % | RAM App: 219.582 MB | Sys Avail: 22958.6 MB / 65466.5 MB
[ "17:53:46.647" ][SystemMonitor] Stats Update: CPU App: 0.25641 % | Sys: 67.1795 % | RAM App: 219.613 MB | Sys Avail: 22962.3 MB / 65466.5 MB
[ "17:53:47.647" ][SystemMonitor] Stats Update: CPU App: 1.04167 % | Sys: 75 % | RAM App: 219.641 MB | Sys Avail: 22959 MB / 65466.5 MB
[ "17:53:48.647" ][SystemMonitor] Stats Update: CPU App: 0.520833 % | Sys: 63.8021 % | RAM App: 219.68 MB | Sys Avail: 22927.8 MB / 65466.5 MB
[ "17:53:49.648" ][SystemMonitor] Stats Update: CPU App: 0.520833 % | Sys: 59.375 % | RAM App: 219.715 MB | Sys Avail: 22926 MB / 65466.5 MB
TelemetryMonitor: Processed 300 frames. Current FPS: 29
[ "17:53:50.646" ][SystemMonitor] Stats Update: CPU App: 0.78125 % | Sys: 64.5833 % | RAM App: 219.75 MB | Sys Avail: 22924.5 MB / 65466.5 MB
[ "17:53:51.647" ][SystemMonitor] Stats Update: CPU App: 0.78125 % | Sys: 75 % | RAM App: 219.785 MB | Sys Avail: 22924.7 MB / 65466.5 MB
[ "17:53:52.655" ][SystemMonitor] Stats Update: CPU App: 1.04167 % | Sys: 61.9792 % | RAM App: 219.82 MB | Sys Avail: 22925.8 MB / 65466.5 MB
[ "17:53:53.647" ][SystemMonitor] Stats Update: CPU App: 0.78125 % | Sys: 60.6771 % | RAM App: 219.863 MB | Sys Avail: 22927.8 MB / 65466.5 MB
[ "17:53:54.648" ][SystemMonitor] Stats Update: CPU App: 0.260417 % | Sys: 77.0833 % | RAM App: 219.91 MB | Sys Avail: 22923.7 MB / 65466.5 MB
[ "17:53:55.648" ][SystemMonitor] Stats Update: CPU App: 0.78125 % | Sys: 60.4167 % | RAM App: 219.953 MB | Sys Avail: 22924.4 MB / 65466.5 MB
[ "17:53:56.647" ][SystemMonitor] Stats Update: CPU App: 0.520833 % | Sys: 62.7604 % | RAM App: 219.996 MB | Sys Avail: 22926.8 MB / 65466.5 MB
[ "17:53:57.648" ][SystemMonitor] Stats Update: CPU App: 0.78125 % | Sys: 79.4271 % | RAM App: 220.043 MB | Sys Avail: 22901 MB / 65466.5 MB
[ "17:53:58.647" ][SystemMonitor] Stats Update: CPU App: 0.78125 % | Sys: 58.8542 % | RAM App: 220.094 MB | Sys Avail: 22914.9 MB / 65466.5 MB
[ "17:53:59.648" ][SystemMonitor] Stats Update: CPU App: 1.04167 % | Sys: 61.1979 % | RAM App: 220.16 MB | Sys Avail: 22914.6 MB / 65466.5 MB
TelemetryMonitor: Processed 300 frames. Current FPS: 29
[ "17:54:00.648" ][SystemMonitor] Stats Update: CPU App: 0.260417 % | Sys: 63.8021 % | RAM App: 220.207 MB | Sys Avail: 22810.2 MB / 65466.5 MB
[ "17:54:01.647" ][SystemMonitor] Stats Update: CPU App: 0.78125 % | Sys: 67.7083 % | RAM App: 220.262 MB | Sys Avail: 22785.4 MB / 65466.5 MB
[ "17:54:02.647" ][SystemMonitor] Stats Update: CPU App: 1.30208 % | Sys: 65.1042 % | RAM App: 220.297 MB | Sys Avail: 22922.8 MB / 65466.5 MB
[ "17:54:03.648" ][SystemMonitor] Stats Update: CPU App: 1.04167 % | Sys: 89.0625 % | RAM App: 220.352 MB | Sys Avail: 22817.3 MB / 65466.5 MB
[ "17:54:04.648" ][SystemMonitor] Stats Update: CPU App: 0.78125 % | Sys: 77.8646 % | RAM App: 220.391 MB | Sys Avail: 22684.6 MB / 65466.5 MB
[ "17:54:05.648" ][SystemMonitor] Stats Update: CPU App: 1.04167 % | Sys: 87.5 % | RAM App: 220.434 MB | Sys Avail: 22802.7 MB / 65466.5 MB
[ "17:54:06.648" ][SystemMonitor] Stats Update: CPU App: 0.260417 % | Sys: 84.8958 % | RAM App: 220.473 MB | Sys Avail: 22746.4 MB / 65466.5 MB
[ "17:54:07.665" ][SystemMonitor] Stats Update: CPU App: 1.02564 % | Sys: 81.2821 % | RAM App: 220.527 MB | Sys Avail: 22587.7 MB / 65466.5 MB
[ "17:54:08.665" ][SystemMonitor] Stats Update: CPU App: 0.260417 % | Sys: 83.0729 % | RAM App: 220.578 MB | Sys Avail: 22455.4 MB / 65466.5 MB
[ "17:54:09.648" ][SystemMonitor] Stats Update: CPU App: 1.0582 % | Sys: 82.2751 % | RAM App: 220.625 MB | Sys Avail: 22527.2 MB / 65466.5 MB
TelemetryMonitor: Processed 300 frames. Current FPS: 29
[ "17:54:10.647" ][SystemMonitor] Stats Update: CPU App: 1.5625 % | Sys: 79.6875 % | RAM App: 220.664 MB | Sys Avail: 22513.4 MB / 65466.5 MB
[ "17:54:11.648" ][SystemMonitor] Stats Update: CPU App: 0.78125 % | Sys: 80.4688 % | RAM App: 220.711 MB | Sys Avail: 22360.6 MB / 65466.5 MB
[ "17:54:12.648" ][SystemMonitor] Stats Update: CPU App: 1.04167 % | Sys: 80.9896 % | RAM App: 220.746 MB | Sys Avail: 22383.9 MB / 65466.5 MB
[ "17:54:13.665" ][SystemMonitor] Stats Update: CPU App: 1.02564 % | Sys: 79.4872 % | RAM App: 220.797 MB | Sys Avail: 22573.6 MB / 65466.5 MB
[ "17:54:14.646" ][SystemMonitor] Stats Update: CPU App: 0.26455 % | Sys: 80.9524 % | RAM App: 220.84 MB | Sys Avail: 22412.4 MB / 65466.5 MB
[ "17:54:15.648" ][SystemMonitor] Stats Update: CPU App: 0.78125 % | Sys: 77.8646 % | RAM App: 220.883 MB | Sys Avail: 22159.3 MB / 65466.5 MB
[ "17:54:16.648" ][SystemMonitor] Stats Update: CPU App: 0 % | Sys: 78.6458 % | RAM App: 217.836 MB | Sys Avail: 22278.8 MB / 65466.5 MB
[ "17:54:17.649" ][SystemMonitor] Stats Update: CPU App: 1.04167 % | Sys: 81.7708 % | RAM App: 218.004 MB | Sys Avail: 22361.2 MB / 65466.5 MB
[ "17:54:18.648" ][SystemMonitor] Stats Update: CPU App: 0.78125 % | Sys: 77.8646 % | RAM App: 218.168 MB | Sys Avail: 22517.9 MB / 65466.5 MB
[ "17:54:19.648" ][SystemMonitor] Stats Update: CPU App: 0.78125 % | Sys: 67.4479 % | RAM App: 218.242 MB | Sys Avail: 22323.1 MB / 65466.5 MB
[ "17:54:20.649" ][SystemMonitor] Stats Update: CPU App: 0.260417 % | Sys: 69.0104 % | RAM App: 218.363 MB | Sys Avail: 22461.7 MB / 65466.5 MB
TelemetryMonitor: Processed 300 frames. Current FPS: 29
[ "17:54:21.648" ][SystemMonitor] Stats Update: CPU App: 0.78125 % | Sys: 67.9688 % | RAM App: 218.445 MB | Sys Avail: 22551.4 MB / 65466.5 MB
[ "17:54:22.648" ][SystemMonitor] Stats Update: CPU App: 1.30208 % | Sys: 70.8333 % | RAM App: 218.531 MB | Sys Avail: 22476.5 MB / 65466.5 MB
[ "17:54:23.649" ][SystemMonitor] Stats Update: CPU App: 0.78125 % | Sys: 67.7083 % | RAM App: 218.547 MB | Sys Avail: 22398.6 MB / 65466.5 MB
[ "17:54:24.647" ][SystemMonitor] Stats Update: CPU App: 0.78125 % | Sys: 66.6667 % | RAM App: 218.609 MB | Sys Avail: 22570.9 MB / 65466.5 MB
[ "17:54:25.666" ][SystemMonitor] Stats Update: CPU App: 0.512821 % | Sys: 48.4615 % | RAM App: 218.625 MB | Sys Avail: 22575.1 MB / 65466.5 MB
[ "17:54:26.650" ][SystemMonitor] Stats Update: CPU App: 0.26455 % | Sys: 66.4021 % | RAM App: 218.625 MB | Sys Avail: 22574.6 MB / 65466.5 MB
[ "17:54:27.649" ][SystemMonitor] Stats Update: CPU App: 1.04167 % | Sys: 75.2604 % | RAM App: 218.648 MB | Sys Avail: 22573.8 MB / 65466.5 MB
[ "17:54:28.649" ][SystemMonitor] Stats Update: CPU App: 0.78125 % | Sys: 80.4688 % | RAM App: 218.684 MB | Sys Avail: 22574.7 MB / 65466.5 MB
[ "17:54:29.665" ][SystemMonitor] Stats Update: CPU App: 1.02564 % | Sys: 80 % | RAM App: 218.707 MB | Sys Avail: 22574.9 MB / 65466.5 MB
[ "17:54:30.647" ][SystemMonitor] Stats Update: CPU App: 0.529101 % | Sys: 79.6296 % | RAM App: 218.711 MB | Sys Avail: 22576.2 MB / 65466.5 MB
TelemetryMonitor: Processed 300 frames. Current FPS: 30
[ "17:54:31.665" ][SystemMonitor] Stats Update: CPU App: 1.02564 % | Sys: 81.5385 % | RAM App: 218.727 MB | Sys Avail: 22576.4 MB / 65466.5 MB
[ "17:54:32.650" ][SystemMonitor] Stats Update: CPU App: 0.793651 % | Sys: 80.1587 % | RAM App: 218.734 MB | Sys Avail: 22576.9 MB / 65466.5 MB
[ "17:54:33.649" ][SystemMonitor] Stats Update: CPU App: 1.82292 % | Sys: 94.5313 % | RAM App: 218.75 MB | Sys Avail: 22489.2 MB / 65466.5 MB
[ "17:54:34.649" ][SystemMonitor] Stats Update: CPU App: 0.520833 % | Sys: 93.75 % | RAM App: 218.785 MB | Sys Avail: 22564.8 MB / 65466.5 MB
[ "17:54:35.649" ][SystemMonitor] Stats Update: CPU App: 0.520833 % | Sys: 90.1042 % | RAM App: 218.82 MB | Sys Avail: 22545 MB / 65466.5 MB
[ "17:54:36.649" ][SystemMonitor] Stats Update: CPU App: 0.260417 % | Sys: 87.7604 % | RAM App: 218.852 MB | Sys Avail: 22601.5 MB / 65466.5 MB
[ "17:54:37.665" ][SystemMonitor] Stats Update: CPU App: 0.769231 % | Sys: 78.2051 % | RAM App: 218.891 MB | Sys Avail: 22628 MB / 65466.5 MB
[ "17:54:38.647" ][SystemMonitor] Stats Update: CPU App: 0.793651 % | Sys: 77.5132 % | RAM App: 218.918 MB | Sys Avail: 22625.2 MB / 65466.5 MB
[ "17:54:39.649" ][SystemMonitor] Stats Update: CPU App: 0.260417 % | Sys: 81.5104 % | RAM App: 218.945 MB | Sys Avail: 22625.2 MB / 65466.5 MB
[ "17:54:40.647" ][SystemMonitor] Stats Update: CPU App: 1.5625 % | Sys: 80.2083 % | RAM App: 218.977 MB | Sys Avail: 22624.8 MB / 65466.5 MB
TelemetryMonitor: Processed 300 frames. Current FPS: 30
[ "17:54:41.649" ][SystemMonitor] Stats Update: CPU App: 1.04167 % | Sys: 78.9063 % | RAM App: 219 MB | Sys Avail: 22627.2 MB / 65466.5 MB
[ "17:54:42.647" ][SystemMonitor] Stats Update: CPU App: 0.78125 % | Sys: 81.5104 % | RAM App: 219.031 MB | Sys Avail: 22594.7 MB / 65466.5 MB
[ "17:54:43.649" ][SystemMonitor] Stats Update: CPU App: 0.78125 % | Sys: 82.2917 % | RAM App: 219.066 MB | Sys Avail: 22599.1 MB / 65466.5 MB
[ "17:54:44.649" ][SystemMonitor] Stats Update: CPU App: 1.04167 % | Sys: 79.6875 % | RAM App: 219.094 MB | Sys Avail: 22767.2 MB / 65466.5 MB
[ "17:54:45.649" ][SystemMonitor] Stats Update: CPU App: 1.04167 % | Sys: 82.8125 % | RAM App: 219.129 MB | Sys Avail: 22768.8 MB / 65466.5 MB
[ "17:54:46.649" ][SystemMonitor] Stats Update: CPU App: 1.04167 % | Sys: 73.4375 % | RAM App: 219.156 MB | Sys Avail: 22768.1 MB / 65466.5 MB
[ "17:54:47.649" ][SystemMonitor] Stats Update: CPU App: 0.520833 % | Sys: 70.0521 % | RAM App: 219.184 MB | Sys Avail: 22773.5 MB / 65466.5 MB
[ "17:54:48.650" ][SystemMonitor] Stats Update: CPU App: 0.260417 % | Sys: 65.8854 % | RAM App: 219.219 MB | Sys Avail: 22768.8 MB / 65466.5 MB
[ "17:54:49.649" ][SystemMonitor] Stats Update: CPU App: 1.04167 % | Sys: 64.3229 % | RAM App: 219.266 MB | Sys Avail: 22789.2 MB / 65466.5 MB
[ "17:54:50.649" ][SystemMonitor] Stats Update: CPU App: 0.78125 % | Sys: 70.5729 % | RAM App: 219.305 MB | Sys Avail: 22787.7 MB / 65466.5 MB
TelemetryMonitor: Processed 300 frames. Current FPS: 28
[ "17:54:51.651" ][SystemMonitor] Stats Update: CPU App: 1.82292 % | Sys: 82.0313 % | RAM App: 219.359 MB | Sys Avail: 22776.7 MB / 65466.5 MB
[ "17:54:52.646" ][SystemMonitor] Stats Update: CPU App: 1.5625 % | Sys: 63.5417 % | RAM App: 219.402 MB | Sys Avail: 22773.8 MB / 65466.5 MB
[ "17:54:53.650" ][SystemMonitor] Stats Update: CPU App: 0.520833 % | Sys: 65.3646 % | RAM App: 219.453 MB | Sys Avail: 22773.8 MB / 65466.5 MB
[ "17:54:54.647" ][SystemMonitor] Stats Update: CPU App: 0.78125 % | Sys: 70.0521 % | RAM App: 219.484 MB | Sys Avail: 22779.1 MB / 65466.5 MB
[ "17:54:55.650" ][SystemMonitor] Stats Update: CPU App: 0.260417 % | Sys: 65.3646 % | RAM App: 219.535 MB | Sys Avail: 22777.6 MB / 65466.5 MB
[ "17:54:56.646" ][SystemMonitor] Stats Update: CPU App: 1.04167 % | Sys: 61.1979 % | RAM App: 219.566 MB | Sys Avail: 22778.7 MB / 65466.5 MB
[ "17:54:57.669" ][SystemMonitor] Stats Update: CPU App: 0.769231 % | Sys: 69.7436 % | RAM App: 219.609 MB | Sys Avail: 22784.7 MB / 65466.5 MB
[ "17:54:58.650" ][SystemMonitor] Stats Update: CPU App: 1.0582 % | Sys: 66.9312 % | RAM App: 219.652 MB | Sys Avail: 22793.7 MB / 65466.5 MB
[ "17:54:59.666" ][SystemMonitor] Stats Update: CPU App: 0.769231 % | Sys: 66.6667 % | RAM App: 219.691 MB | Sys Avail: 22796.4 MB / 65466.5 MB
[ "17:55:00.650" ][SystemMonitor] Stats Update: CPU App: 0.529101 % | Sys: 74.0741 % | RAM App: 219.723 MB | Sys Avail: 22791.2 MB / 65466.5 MB
[ "17:55:01.650" ][SystemMonitor] Stats Update: CPU App: 1.04167 % | Sys: 68.2292 % | RAM App: 219.773 MB | Sys Avail: 22797.1 MB / 65466.5 MB
TelemetryMonitor: Processed 300 frames. Current FPS: 29
[ "17:55:02.648" ][SystemMonitor] Stats Update: CPU App: 0.520833 % | Sys: 65.1042 % | RAM App: 219.809 MB | Sys Avail: 22805.9 MB / 65466.5 MB
[ "17:55:03.650" ][SystemMonitor] Stats Update: CPU App: 1.04167 % | Sys: 85.1563 % | RAM App: 219.852 MB | Sys Avail: 22680.7 MB / 65466.5 MB
[ "17:55:04.646" ][SystemMonitor] Stats Update: CPU App: 1.04167 % | Sys: 71.875 % | RAM App: 219.906 MB | Sys Avail: 22774 MB / 65466.5 MB
[ "17:55:05.650" ][SystemMonitor] Stats Update: CPU App: 1.30208 % | Sys: 80.7292 % | RAM App: 219.949 MB | Sys Avail: 22747.3 MB / 65466.5 MB
[ "17:55:06.650" ][SystemMonitor] Stats Update: CPU App: 0.520833 % | Sys: 68.75 % | RAM App: 219.992 MB | Sys Avail: 22715.5 MB / 65466.5 MB
[ "17:55:07.650" ][SystemMonitor] Stats Update: CPU App: 1.5625 % | Sys: 75 % | RAM App: 220.043 MB | Sys Avail: 22638.5 MB / 65466.5 MB
[ "17:55:08.647" ][SystemMonitor] Stats Update: CPU App: 0.78125 % | Sys: 76.8229 % | RAM App: 220.086 MB | Sys Avail: 22629.4 MB / 65466.5 MB
[ "17:55:09.667" ][SystemMonitor] Stats Update: CPU App: 0.512821 % | Sys: 67.9487 % | RAM App: 220.137 MB | Sys Avail: 22626.6 MB / 65466.5 MB
[ "17:55:10.650" ][SystemMonitor] Stats Update: CPU App: 0.793651 % | Sys: 70.1058 % | RAM App: 220.176 MB | Sys Avail: 22618.8 MB / 65466.5 MB
[ "17:55:11.650" ][SystemMonitor] Stats Update: CPU App: 0.260417 % | Sys: 65.8854 % | RAM App: 220.219 MB | Sys Avail: 22598.7 MB / 65466.5 MB
TelemetryMonitor: Processed 300 frames. Current FPS: 29
[ "17:55:12.650" ][SystemMonitor] Stats Update: CPU App: 0.78125 % | Sys: 60.6771 % | RAM App: 220.273 MB | Sys Avail: 22591.9 MB / 65466.5 MB
[ "17:55:13.653" ][SystemMonitor] Stats Update: CPU App: 0.260417 % | Sys: 69.7917 % | RAM App: 220.309 MB | Sys Avail: 22594.5 MB / 65466.5 MB
[ "17:55:14.650" ][SystemMonitor] Stats Update: CPU App: 0.520833 % | Sys: 72.6563 % | RAM App: 220.348 MB | Sys Avail: 22779.4 MB / 65466.5 MB
[ "17:55:15.667" ][SystemMonitor] Stats Update: CPU App: 0.512821 % | Sys: 65.8974 % | RAM App: 220.383 MB | Sys Avail: 22743.5 MB / 65466.5 MB
[ "17:55:16.648" ][SystemMonitor] Stats Update: CPU App: 0 % | Sys: 60.582 % | RAM App: 217.785 MB | Sys Avail: 22744.4 MB / 65466.5 MB
[ "17:55:17.650" ][SystemMonitor] Stats Update: CPU App: 0.260417 % | Sys: 71.3542 % | RAM App: 217.906 MB | Sys Avail: 22744.9 MB / 65466.5 MB
[ "17:55:18.650" ][SystemMonitor] Stats Update: CPU App: 0.78125 % | Sys: 67.7083 % | RAM App: 218.039 MB | Sys Avail: 22744.5 MB / 65466.5 MB
[ "17:55:19.651" ][SystemMonitor] Stats Update: CPU App: 0.78125 % | Sys: 65.8854 % | RAM App: 218.109 MB | Sys Avail: 22743.5 MB / 65466.5 MB
[ "17:55:20.651" ][SystemMonitor] Stats Update: CPU App: 0.520833 % | Sys: 74.2188 % | RAM App: 218.184 MB | Sys Avail: 22711.1 MB / 65466.5 MB
[ "17:55:21.668" ][SystemMonitor] Stats Update: CPU App: 0.512821 % | Sys: 69.7436 % | RAM App: 218.23 MB | Sys Avail: 22711.9 MB / 65466.5 MB
TelemetryMonitor: Processed 300 frames. Current FPS: 30
[ "17:55:22.647" ][SystemMonitor] Stats Update: CPU App: 0.529101 % | Sys: 71.6931 % | RAM App: 218.301 MB | Sys Avail: 22660.3 MB / 65466.5 MB
[ "17:55:23.650" ][SystemMonitor] Stats Update: CPU App: 0.78125 % | Sys: 84.8958 % | RAM App: 218.32 MB | Sys Avail: 22638.6 MB / 65466.5 MB
[ "17:55:24.647" ][SystemMonitor] Stats Update: CPU App: 1.04167 % | Sys: 81.7708 % | RAM App: 218.328 MB | Sys Avail: 22672.6 MB / 65466.5 MB
[ "17:55:25.651" ][SystemMonitor] Stats Update: CPU App: 0.520833 % | Sys: 67.1875 % | RAM App: 218.344 MB | Sys Avail: 22667 MB / 65466.5 MB
[ "17:55:26.647" ][SystemMonitor] Stats Update: CPU App: 0.78125 % | Sys: 60.4167 % | RAM App: 218.352 MB | Sys Avail: 22671.1 MB / 65466.5 MB
[ "17:55:27.667" ][SystemMonitor] Stats Update: CPU App: 0.769231 % | Sys: 73.3333 % | RAM App: 218.418 MB | Sys Avail: 22667.9 MB / 65466.5 MB
[ "17:55:28.650" ][SystemMonitor] Stats Update: CPU App: 1.32275 % | Sys: 60.3175 % | RAM App: 218.422 MB | Sys Avail: 22670.6 MB / 65466.5 MB
[ "17:55:29.651" ][SystemMonitor] Stats Update: CPU App: 1.30208 % | Sys: 60.9375 % | RAM App: 218.438 MB | Sys Avail: 22670.2 MB / 65466.5 MB
[ "17:55:30.651" ][SystemMonitor] Stats Update: CPU App: 0.520833 % | Sys: 62.5 % | RAM App: 218.445 MB | Sys Avail: 22599.8 MB / 65466.5 MB
[ "17:55:31.650" ][SystemMonitor] Stats Update: CPU App: 1.5625 % | Sys: 63.5417 % | RAM App: 218.461 MB | Sys Avail: 22595.4 MB / 65466.5 MB
[ "17:55:32.647" ][SystemMonitor] Stats Update: CPU App: 0.520833 % | Sys: 66.6667 % | RAM App: 218.461 MB | Sys Avail: 22690.9 MB / 65466.5 MB
TelemetryMonitor: Processed 300 frames. Current FPS: 30
[ "17:55:33.651" ][SystemMonitor] Stats Update: CPU App: 0.78125 % | Sys: 88.5417 % | RAM App: 218.484 MB | Sys Avail: 22565.4 MB / 65466.5 MB
[ "17:55:34.648" ][SystemMonitor] Stats Update: CPU App: 0.78125 % | Sys: 67.9688 % | RAM App: 218.512 MB | Sys Avail: 22584.4 MB / 65466.5 MB
[ "17:55:35.668" ][SystemMonitor] Stats Update: CPU App: 1.28205 % | Sys: 89.4872 % | RAM App: 218.547 MB | Sys Avail: 22630.2 MB / 65466.5 MB
[ "17:55:36.647" ][SystemMonitor] Stats Update: CPU App: 0.529101 % | Sys: 77.5132 % | RAM App: 218.574 MB | Sys Avail: 22712.9 MB / 65466.5 MB
[ "17:55:37.652" ][SystemMonitor] Stats Update: CPU App: 1.04167 % | Sys: 66.6667 % | RAM App: 218.613 MB | Sys Avail: 22606.8 MB / 65466.5 MB
[ "17:55:38.647" ][SystemMonitor] Stats Update: CPU App: 1.04167 % | Sys: 67.7083 % | RAM App: 218.645 MB | Sys Avail: 22570.4 MB / 65466.5 MB
[ "17:55:39.652" ][SystemMonitor] Stats Update: CPU App: 0.520833 % | Sys: 66.1458 % | RAM App: 218.684 MB | Sys Avail: 22730.4 MB / 65466.5 MB
[ "17:55:40.651" ][SystemMonitor] Stats Update: CPU App: 0.78125 % | Sys: 71.0938 % | RAM App: 218.711 MB | Sys Avail: 22738.3 MB / 65466.5 MB
[ "17:55:41.667" ][SystemMonitor] Stats Update: CPU App: 1.28205 % | Sys: 64.359 % | RAM App: 218.762 MB | Sys Avail: 22601.3 MB / 65466.5 MB
[ "17:55:42.652" ][SystemMonitor] Stats Update: CPU App: 1.0582 % | Sys: 69.8413 % | RAM App: 218.797 MB | Sys Avail: 22587.9 MB / 65466.5 MB
TelemetryMonitor: Processed 300 frames. Current FPS: 29
[ "17:55:43.668" ][SystemMonitor] Stats Update: CPU App: 0.512821 % | Sys: 66.6667 % | RAM App: 218.848 MB | Sys Avail: 22667.8 MB / 65466.5 MB
[ "17:55:44.651" ][SystemMonitor] Stats Update: CPU App: 0.793651 % | Sys: 65.0794 % | RAM App: 218.883 MB | Sys Avail: 22720.8 MB / 65466.5 MB
[ "17:55:45.668" ][SystemMonitor] Stats Update: CPU App: 0.512821 % | Sys: 62.3077 % | RAM App: 218.922 MB | Sys Avail: 22547.4 MB / 65466.5 MB
[ "17:55:46.651" ][SystemMonitor] Stats Update: CPU App: 1.85185 % | Sys: 72.4868 % | RAM App: 218.949 MB | Sys Avail: 22517.2 MB / 65466.5 MB
[ "17:55:47.653" ][SystemMonitor] Stats Update: CPU App: 0.260417 % | Sys: 67.1875 % | RAM App: 218.988 MB | Sys Avail: 22701.9 MB / 65466.5 MB
[ "17:55:48.647" ][SystemMonitor] Stats Update: CPU App: 0.520833 % | Sys: 88.8021 % | RAM App: 219.016 MB | Sys Avail: 22617.7 MB / 65466.5 MB
[ "17:55:49.651" ][SystemMonitor] Stats Update: CPU App: 0.78125 % | Sys: 79.9479 % | RAM App: 219.051 MB | Sys Avail: 22388.3 MB / 65466.5 MB
[ "17:55:50.646" ][SystemMonitor] Stats Update: CPU App: 0.520833 % | Sys: 80.9896 % | RAM App: 219.086 MB | Sys Avail: 22464.3 MB / 65466.5 MB
[ "17:55:51.651" ][SystemMonitor] Stats Update: CPU App: 0.78125 % | Sys: 78.9063 % | RAM App: 219.133 MB | Sys Avail: 22266.7 MB / 65466.5 MB
[ "17:55:52.647" ][SystemMonitor] Stats Update: CPU App: 1.30208 % | Sys: 78.6458 % | RAM App: 219.168 MB | Sys Avail: 22159.5 MB / 65466.5 MB
TelemetryMonitor: Processed 300 frames. Current FPS: 30
[ "17:55:53.651" ][SystemMonitor] Stats Update: CPU App: 1.30208 % | Sys: 79.9479 % | RAM App: 219.227 MB | Sys Avail: 22285.8 MB / 65466.5 MB
[ "17:55:54.647" ][SystemMonitor] Stats Update: CPU App: 1.30208 % | Sys: 78.9063 % | RAM App: 219.258 MB | Sys Avail: 22313.9 MB / 65466.5 MB
[ "17:55:55.668" ][SystemMonitor] Stats Update: CPU App: 1.79487 % | Sys: 75.8974 % | RAM App: 219.293 MB | Sys Avail: 22282.6 MB / 65466.5 MB
[ "17:55:56.651" ][SystemMonitor] Stats Update: CPU App: 0.529101 % | Sys: 60.582 % | RAM App: 219.324 MB | Sys Avail: 22309.8 MB / 65466.5 MB
[ "17:55:57.648" ][SystemMonitor] Stats Update: CPU App: 1.04167 % | Sys: 81.7708 % | RAM App: 219.363 MB | Sys Avail: 22289.6 MB / 65466.5 MB
[ "17:55:58.647" ][SystemMonitor] Stats Update: CPU App: 0.520833 % | Sys: 89.0625 % | RAM App: 219.395 MB | Sys Avail: 22196.2 MB / 65466.5 MB
[ "17:55:59.652" ][SystemMonitor] Stats Update: CPU App: 0.78125 % | Sys: 90.1042 % | RAM App: 219.449 MB | Sys Avail: 22195.9 MB / 65466.5 MB
[ "17:56:00.647" ][SystemMonitor] Stats Update: CPU App: 0.520833 % | Sys: 95.5729 % | RAM App: 219.492 MB | Sys Avail: 22008.5 MB / 65466.5 MB
[ "17:56:01.652" ][SystemMonitor] Stats Update: CPU App: 1.04167 % | Sys: 86.4583 % | RAM App: 219.531 MB | Sys Avail: 22232 MB / 65466.5 MB
[ "17:56:02.647" ][SystemMonitor] Stats Update: CPU App: 0.78125 % | Sys: 84.375 % | RAM App: 219.566 MB | Sys Avail: 22318.6 MB / 65466.5 MB
[ "17:56:03.672" ][SystemMonitor] Stats Update: CPU App: 1.53846 % | Sys: 94.359 % | RAM App: 219.609 MB | Sys Avail: 22235.2 MB / 65466.5 MB
TelemetryMonitor: Processed 300 frames. Current FPS: 29
[ "17:56:04.652" ][SystemMonitor] Stats Update: CPU App: 1.0582 % | Sys: 88.8889 % | RAM App: 219.664 MB | Sys Avail: 22307.5 MB / 65466.5 MB
[ "17:56:05.653" ][SystemMonitor] Stats Update: CPU App: 0.78125 % | Sys: 94.0104 % | RAM App: 219.719 MB | Sys Avail: 22302.9 MB / 65466.5 MB
[ "17:56:06.652" ][SystemMonitor] Stats Update: CPU App: 0.260417 % | Sys: 95.3125 % | RAM App: 219.758 MB | Sys Avail: 22333 MB / 65466.5 MB
[ "17:56:07.652" ][SystemMonitor] Stats Update: CPU App: 0.520833 % | Sys: 90.625 % | RAM App: 219.824 MB | Sys Avail: 22330.3 MB / 65466.5 MB
[ "17:56:08.652" ][SystemMonitor] Stats Update: CPU App: 1.30208 % | Sys: 82.8125 % | RAM App: 219.863 MB | Sys Avail: 22339.4 MB / 65466.5 MB
[ "17:56:09.668" ][SystemMonitor] Stats Update: CPU App: 1.79487 % | Sys: 83.0769 % | RAM App: 219.914 MB | Sys Avail: 22334.6 MB / 65466.5 MB
[ "17:56:10.652" ][SystemMonitor] Stats Update: CPU App: 1.0582 % | Sys: 80.9524 % | RAM App: 219.961 MB | Sys Avail: 22351.5 MB / 65466.5 MB
[ "17:56:11.652" ][SystemMonitor] Stats Update: CPU App: 1.30208 % | Sys: 78.3854 % | RAM App: 220.004 MB | Sys Avail: 22364.3 MB / 65466.5 MB
[ "17:56:12.653" ][SystemMonitor] Stats Update: CPU App: 0.78125 % | Sys: 78.6458 % | RAM App: 220.031 MB | Sys Avail: 22382.2 MB / 65466.5 MB
[ "17:56:13.669" ][SystemMonitor] Stats Update: CPU App: 1.02564 % | Sys: 78.2051 % | RAM App: 220.07 MB | Sys Avail: 22383.9 MB / 65466.5 MB
TelemetryMonitor: Processed 300 frames. Current FPS: 30
[ "17:56:14.652" ][SystemMonitor] Stats Update: CPU App: 0.793651 % | Sys: 80.1587 % | RAM App: 220.145 MB | Sys Avail: 22530.3 MB / 65466.5 MB
[ "17:56:15.669" ][SystemMonitor] Stats Update: CPU App: 1.28205 % | Sys: 77.9487 % | RAM App: 217.695 MB | Sys Avail: 22532.7 MB / 65466.5 MB
[ "17:56:16.652" ][SystemMonitor] Stats Update: CPU App: 1.0582 % | Sys: 84.9206 % | RAM App: 217.855 MB | Sys Avail: 22515.9 MB / 65466.5 MB
[ "17:56:17.653" ][SystemMonitor] Stats Update: CPU App: 1.04167 % | Sys: 76.0417 % | RAM App: 217.871 MB | Sys Avail: 22518.2 MB / 65466.5 MB
[ "17:56:18.647" ][SystemMonitor] Stats Update: CPU App: 1.30208 % | Sys: 78.125 % | RAM App: 218.004 MB | Sys Avail: 22515.4 MB / 65466.5 MB
[ "17:56:19.652" ][SystemMonitor] Stats Update: CPU App: 0.78125 % | Sys: 73.6979 % | RAM App: 218.035 MB | Sys Avail: 22537.6 MB / 65466.5 MB
[ "17:56:20.647" ][SystemMonitor] Stats Update: CPU App: 0.520833 % | Sys: 68.4896 % | RAM App: 218.141 MB | Sys Avail: 22575.4 MB / 65466.5 MB
[ "17:56:21.652" ][SystemMonitor] Stats Update: CPU App: 0 % | Sys: 62.5 % | RAM App: 218.164 MB | Sys Avail: 22573.7 MB / 65466.5 MB
[ "17:56:22.646" ][SystemMonitor] Stats Update: CPU App: 0.520833 % | Sys: 70.8333 % | RAM App: 218.277 MB | Sys Avail: 22593.9 MB / 65466.5 MB
[ "17:56:23.669" ][SystemMonitor] Stats Update: CPU App: 1.28205 % | Sys: 69.2308 % | RAM App: 218.289 MB | Sys Avail: 22591.2 MB / 65466.5 MB
TelemetryMonitor: Processed 300 frames. Current FPS: 29
[ "17:56:24.646" ][SystemMonitor] Stats Update: CPU App: 0.529101 % | Sys: 62.4339 % | RAM App: 218.352 MB | Sys Avail: 22591.8 MB / 65466.5 MB
[ "17:56:25.652" ][SystemMonitor] Stats Update: CPU App: 0.260417 % | Sys: 67.7083 % | RAM App: 218.367 MB | Sys Avail: 22591.9 MB / 65466.5 MB
[ "17:56:26.653" ][SystemMonitor] Stats Update: CPU App: 0.520833 % | Sys: 63.5417 % | RAM App: 218.379 MB | Sys Avail: 22593.7 MB / 65466.5 MB
[ "17:56:27.652" ][SystemMonitor] Stats Update: CPU App: 0.260417 % | Sys: 67.9688 % | RAM App: 218.395 MB | Sys Avail: 22556.5 MB / 65466.5 MB
[ "17:56:28.653" ][SystemMonitor] Stats Update: CPU App: 0.520833 % | Sys: 70.8333 % | RAM App: 218.402 MB | Sys Avail: 22566.3 MB / 65466.5 MB
[ "17:56:29.648" ][SystemMonitor] Stats Update: CPU App: 0.260417 % | Sys: 70.8333 % | RAM App: 218.418 MB | Sys Avail: 22564.1 MB / 65466.5 MB
[ "17:56:30.652" ][SystemMonitor] Stats Update: CPU App: 1.04167 % | Sys: 70.5729 % | RAM App: 218.43 MB | Sys Avail: 22564.4 MB / 65466.5 MB
[ "17:56:31.653" ][SystemMonitor] Stats Update: CPU App: 0.78125 % | Sys: 65.3646 % | RAM App: 218.445 MB | Sys Avail: 22563.7 MB / 65466.5 MB
[ "17:56:32.653" ][SystemMonitor] Stats Update: CPU App: 1.82292 % | Sys: 67.9688 % | RAM App: 218.453 MB | Sys Avail: 22567.7 MB / 65466.5 MB
[ "17:56:33.655" ][SystemMonitor] Stats Update: CPU App: 1.04167 % | Sys: 86.1979 % | RAM App: 218.492 MB | Sys Avail: 22461.4 MB / 65466.5 MB
[ "17:56:34.653" ][SystemMonitor] Stats Update: CPU App: 1.04167 % | Sys: 76.0417 % | RAM App: 218.523 MB | Sys Avail: 22551 MB / 65466.5 MB
TelemetryMonitor: Processed 300 frames. Current FPS: 30
[ "17:56:35.656" ][SystemMonitor] Stats Update: CPU App: 1.30208 % | Sys: 76.8229 % | RAM App: 218.559 MB | Sys Avail: 22516.8 MB / 65466.5 MB
[ "17:56:36.647" ][SystemMonitor] Stats Update: CPU App: 1.04167 % | Sys: 81.7708 % | RAM App: 218.594 MB | Sys Avail: 22548.3 MB / 65466.5 MB
[ "17:56:37.652" ][SystemMonitor] Stats Update: CPU App: 0.260417 % | Sys: 68.2292 % | RAM App: 218.629 MB | Sys Avail: 22540.1 MB / 65466.5 MB
[ "17:56:38.647" ][SystemMonitor] Stats Update: CPU App: 1.04167 % | Sys: 69.2708 % | RAM App: 218.66 MB | Sys Avail: 22541.1 MB / 65466.5 MB
[ "17:56:39.653" ][SystemMonitor] Stats Update: CPU App: 1.04167 % | Sys: 68.2292 % | RAM App: 218.699 MB | Sys Avail: 22540.6 MB / 65466.5 MB
[ "17:56:40.653" ][SystemMonitor] Stats Update: CPU App: 0.78125 % | Sys: 59.6354 % | RAM App: 218.727 MB | Sys Avail: 22574.7 MB / 65466.5 MB
[ "17:56:41.647" ][SystemMonitor] Stats Update: CPU App: 1.5625 % | Sys: 72.1354 % | RAM App: 218.762 MB | Sys Avail: 22572.2 MB / 65466.5 MB
[ "17:56:42.653" ][SystemMonitor] Stats Update: CPU App: 1.30208 % | Sys: 63.0208 % | RAM App: 218.797 MB | Sys Avail: 22574 MB / 65466.5 MB
[ "17:56:43.652" ][SystemMonitor] Stats Update: CPU App: 1.82292 % | Sys: 72.9167 % | RAM App: 218.824 MB | Sys Avail: 22578.7 MB / 65466.5 MB
[ "17:56:44.653" ][SystemMonitor] Stats Update: CPU App: 0.78125 % | Sys: 67.7083 % | RAM App: 218.852 MB | Sys Avail: 22576.9 MB / 65466.5 MB
TelemetryMonitor: Processed 300 frames. Current FPS: 30
[ "17:56:45.653" ][SystemMonitor] Stats Update: CPU App: 1.04167 % | Sys: 70.0521 % | RAM App: 218.883 MB | Sys Avail: 22577.3 MB / 65466.5 MB
[ "17:56:46.647" ][SystemMonitor] Stats Update: CPU App: 1.04167 % | Sys: 78.6458 % | RAM App: 218.914 MB | Sys Avail: 22599 MB / 65466.5 MB
[ "17:56:47.653" ][SystemMonitor] Stats Update: CPU App: 0.260417 % | Sys: 73.9583 % | RAM App: 218.957 MB | Sys Avail: 22591.3 MB / 65466.5 MB
[ "17:56:48.653" ][SystemMonitor] Stats Update: CPU App: 2.34375 % | Sys: 71.6146 % | RAM App: 218.988 MB | Sys Avail: 22641.3 MB / 65466.5 MB
[ "17:56:49.653" ][SystemMonitor] Stats Update: CPU App: 0.260417 % | Sys: 66.4063 % | RAM App: 219.023 MB | Sys Avail: 22618.8 MB / 65466.5 MB
[ "17:56:50.653" ][SystemMonitor] Stats Update: CPU App: 0.520833 % | Sys: 60.1563 % | RAM App: 219.055 MB | Sys Avail: 22611.4 MB / 65466.5 MB
[ "17:56:51.653" ][SystemMonitor] Stats Update: CPU App: 0.78125 % | Sys: 72.3958 % | RAM App: 219.094 MB | Sys Avail: 22606.3 MB / 65466.5 MB
[ "17:56:52.647" ][SystemMonitor] Stats Update: CPU App: 0.78125 % | Sys: 72.9167 % | RAM App: 219.125 MB | Sys Avail: 22599.4 MB / 65466.5 MB
[ "17:56:53.652" ][SystemMonitor] Stats Update: CPU App: 1.04167 % | Sys: 73.6979 % | RAM App: 219.16 MB | Sys Avail: 22481.3 MB / 65466.5 MB
[ "17:56:54.653" ][SystemMonitor] Stats Update: CPU App: 1.04167 % | Sys: 66.4063 % | RAM App: 219.191 MB | Sys Avail: 22489.8 MB / 65466.5 MB
TelemetryMonitor: Processed 300 frames. Current FPS: 30
[ "17:56:55.654" ][SystemMonitor] Stats Update: CPU App: 0.520833 % | Sys: 61.4583 % | RAM App: 219.227 MB | Sys Avail: 22482.5 MB / 65466.5 MB
[ "17:56:56.654" ][SystemMonitor] Stats Update: CPU App: 0.260417 % | Sys: 76.0417 % | RAM App: 219.258 MB | Sys Avail: 22481.6 MB / 65466.5 MB
[ "17:56:57.654" ][SystemMonitor] Stats Update: CPU App: 0.520833 % | Sys: 69.7917 % | RAM App: 219.297 MB | Sys Avail: 22400.4 MB / 65466.5 MB
[ "17:56:58.646" ][SystemMonitor] Stats Update: CPU App: 0.520833 % | Sys: 62.2396 % | RAM App: 219.332 MB | Sys Avail: 22399.1 MB / 65466.5 MB
[ "17:56:59.659" ][SystemMonitor] Stats Update: CPU App: 1.30208 % | Sys: 68.4896 % | RAM App: 219.367 MB | Sys Avail: 22386.2 MB / 65466.5 MB
[ "17:57:00.653" ][SystemMonitor] Stats Update: CPU App: 0.520833 % | Sys: 77.3438 % | RAM App: 219.406 MB | Sys Avail: 22358.4 MB / 65466.5 MB
[ "17:57:01.652" ][SystemMonitor] Stats Update: CPU App: 0 % | Sys: 64.8438 % | RAM App: 219.461 MB | Sys Avail: 22355.8 MB / 65466.5 MB
[ "17:57:02.653" ][SystemMonitor] Stats Update: CPU App: 1.04167 % | Sys: 64.3229 % | RAM App: 219.496 MB | Sys Avail: 22345.3 MB / 65466.5 MB
[ "17:57:03.674" ][SystemMonitor] Stats Update: CPU App: 1.53846 % | Sys: 85.1282 % | RAM App: 219.547 MB | Sys Avail: 22269.3 MB / 65466.5 MB
[ "17:57:04.682" ][SystemMonitor] Stats Update: CPU App: 1.28205 % | Sys: 96.9231 % | RAM App: 219.594 MB | Sys Avail: 22306.4 MB / 65466.5 MB
[ "17:57:05.688" ][SystemMonitor] Stats Update: CPU App: 0.520833 % | Sys: 90.1042 % | RAM App: 219.637 MB | Sys Avail: 22221.9 MB / 65466.5 MB
TelemetryMonitor: Processed 300 frames. Current FPS: 29
[ "17:57:06.671" ][SystemMonitor] Stats Update: CPU App: 0.529101 % | Sys: 91.7989 % | RAM App: 219.828 MB | Sys Avail: 22134.4 MB / 65466.5 MB
[ "17:57:07.677" ][SystemMonitor] Stats Update: CPU App: 0.520833 % | Sys: 90.625 % | RAM App: 219.871 MB | Sys Avail: 22087.5 MB / 65466.5 MB
[ "17:57:08.672" ][SystemMonitor] Stats Update: CPU App: 0.78125 % | Sys: 87.5 % | RAM App: 219.906 MB | Sys Avail: 22056.5 MB / 65466.5 MB
[ "17:57:09.676" ][SystemMonitor] Stats Update: CPU App: 0.78125 % | Sys: 75.7813 % | RAM App: 219.945 MB | Sys Avail: 22064.7 MB / 65466.5 MB
[ "17:57:10.671" ][SystemMonitor] Stats Update: CPU App: 1.04167 % | Sys: 61.1979 % | RAM App: 219.98 MB | Sys Avail: 22068.3 MB / 65466.5 MB
[ "17:57:11.671" ][SystemMonitor] Stats Update: CPU App: 0.78125 % | Sys: 88.8021 % | RAM App: 220.023 MB | Sys Avail: 22063.7 MB / 65466.5 MB
[ "17:57:12.670" ][SystemMonitor] Stats Update: CPU App: 0.520833 % | Sys: 84.375 % | RAM App: 220.059 MB | Sys Avail: 22050.7 MB / 65466.5 MB
[ "17:57:13.671" ][SystemMonitor] Stats Update: CPU App: 0.78125 % | Sys: 92.7083 % | RAM App: 220.094 MB | Sys Avail: 22053.6 MB / 65466.5 MB
[ "17:57:14.663" ][SystemMonitor] Stats Update: CPU App: 0.520833 % | Sys: 63.5417 % | RAM App: 217.672 MB | Sys Avail: 22061.1 MB / 65466.5 MB
[ "17:57:15.672" ][SystemMonitor] Stats Update: CPU App: 0.78125 % | Sys: 68.75 % | RAM App: 217.836 MB | Sys Avail: 21884.8 MB / 65466.5 MB
[ "17:57:16.663" ][SystemMonitor] Stats Update: CPU App: 0.260417 % | Sys: 68.75 % | RAM App: 217.961 MB | Sys Avail: 22081 MB / 65466.5 MB
TelemetryMonitor: Processed 300 frames. Current FPS: 30
[ "17:57:17.671" ][SystemMonitor] Stats Update: CPU App: 0.78125 % | Sys: 68.75 % | RAM App: 218.02 MB | Sys Avail: 22052.1 MB / 65466.5 MB
[ "17:57:18.663" ][SystemMonitor] Stats Update: CPU App: 1.04167 % | Sys: 67.7083 % | RAM App: 218.09 MB | Sys Avail: 22005.8 MB / 65466.5 MB
[ "17:57:19.672" ][SystemMonitor] Stats Update: CPU App: 1.5625 % | Sys: 73.9583 % | RAM App: 218.117 MB | Sys Avail: 21931.8 MB / 65466.5 MB
[ "17:57:20.663" ][SystemMonitor] Stats Update: CPU App: 1.04167 % | Sys: 74.4792 % | RAM App: 218.145 MB | Sys Avail: 22039.2 MB / 65466.5 MB
[ "17:57:21.671" ][SystemMonitor] Stats Update: CPU App: 0.260417 % | Sys: 85.6771 % | RAM App: 218.16 MB | Sys Avail: 22059.3 MB / 65466.5 MB
[ "17:57:22.671" ][SystemMonitor] Stats Update: CPU App: 1.5625 % | Sys: 91.6667 % | RAM App: 218.168 MB | Sys Avail: 22035.3 MB / 65466.5 MB
[ "17:57:23.671" ][SystemMonitor] Stats Update: CPU App: 1.30208 % | Sys: 81.25 % | RAM App: 218.176 MB | Sys Avail: 21901.5 MB / 65466.5 MB
[ "17:57:24.671" ][SystemMonitor] Stats Update: CPU App: 1.04167 % | Sys: 77.6042 % | RAM App: 218.184 MB | Sys Avail: 21968.8 MB / 65466.5 MB
[ "17:57:25.669" ][SystemMonitor] Stats Update: CPU App: 0.78125 % | Sys: 86.4583 % | RAM App: 218.191 MB | Sys Avail: 21950.1 MB / 65466.5 MB
[ "17:57:26.663" ][SystemMonitor] Stats Update: CPU App: 0.520833 % | Sys: 84.6354 % | RAM App: 218.199 MB | Sys Avail: 21737.3 MB / 65466.5 MB
TelemetryMonitor: Processed 300 frames. Current FPS: 30
[ "17:57:27.665" ][SystemMonitor] Stats Update: CPU App: 0.78125 % | Sys: 80.9896 % | RAM App: 218.215 MB | Sys Avail: 21750.8 MB / 65466.5 MB
[ "17:57:28.672" ][SystemMonitor] Stats Update: CPU App: 0.520833 % | Sys: 97.9167 % | RAM App: 218.227 MB | Sys Avail: 21794.8 MB / 65466.5 MB
[ "17:57:29.671" ][SystemMonitor] Stats Update: CPU App: 0.520833 % | Sys: 92.9688 % | RAM App: 218.293 MB | Sys Avail: 21760 MB / 65466.5 MB
[ "17:57:30.675" ][SystemMonitor] Stats Update: CPU App: 1.30208 % | Sys: 91.9271 % | RAM App: 218.309 MB | Sys Avail: 21633 MB / 65466.5 MB
[ "17:57:31.671" ][SystemMonitor] Stats Update: CPU App: 0.78125 % | Sys: 92.1875 % | RAM App: 218.324 MB | Sys Avail: 21739.4 MB / 65466.5 MB
[ "17:57:32.662" ][SystemMonitor] Stats Update: CPU App: 1.5625 % | Sys: 92.1875 % | RAM App: 218.355 MB | Sys Avail: 21763.7 MB / 65466.5 MB
[ "17:57:33.689" ][SystemMonitor] Stats Update: CPU App: 0.769231 % | Sys: 98.4615 % | RAM App: 218.383 MB | Sys Avail: 21657.3 MB / 65466.5 MB
[ "17:57:34.671" ][SystemMonitor] Stats Update: CPU App: 0.529101 % | Sys: 96.8254 % | RAM App: 218.414 MB | Sys Avail: 21674.7 MB / 65466.5 MB
[ "17:57:35.669" ][SystemMonitor] Stats Update: CPU App: 0.78125 % | Sys: 98.4375 % | RAM App: 218.445 MB | Sys Avail: 21699.7 MB / 65466.5 MB
[ "17:57:36.671" ][SystemMonitor] Stats Update: CPU App: 1.5625 % | Sys: 87.5 % | RAM App: 218.473 MB | Sys Avail: 21752.1 MB / 65466.5 MB
TelemetryMonitor: Processed 300 frames. Current FPS: 30
[ "17:57:37.671" ][SystemMonitor] Stats Update: CPU App: 1.04167 % | Sys: 89.8438 % | RAM App: 218.504 MB | Sys Avail: 21668.7 MB / 65466.5 MB
[ "17:57:38.663" ][SystemMonitor] Stats Update: CPU App: 0.520833 % | Sys: 69.5313 % | RAM App: 218.539 MB | Sys Avail: 21553.7 MB / 65466.5 MB
[ "17:57:39.688" ][SystemMonitor] Stats Update: CPU App: 0.769231 % | Sys: 59.4872 % | RAM App: 218.566 MB | Sys Avail: 21677.2 MB / 65466.5 MB
[ "17:57:40.672" ][SystemMonitor] Stats Update: CPU App: 0.529101 % | Sys: 64.0212 % | RAM App: 218.598 MB | Sys Avail: 21728.5 MB / 65466.5 MB
[ "17:57:41.664" ][SystemMonitor] Stats Update: CPU App: 1.04167 % | Sys: 69.2708 % | RAM App: 218.625 MB | Sys Avail: 21553.8 MB / 65466.5 MB
[ "17:57:42.672" ][SystemMonitor] Stats Update: CPU App: 0.78125 % | Sys: 78.9063 % | RAM App: 218.656 MB | Sys Avail: 21730.9 MB / 65466.5 MB
[ "17:57:43.672" ][SystemMonitor] Stats Update: CPU App: 0.520833 % | Sys: 88.8021 % | RAM App: 218.688 MB | Sys Avail: 21733.3 MB / 65466.5 MB
[ "17:57:44.672" ][SystemMonitor] Stats Update: CPU App: 0.520833 % | Sys: 72.6563 % | RAM App: 218.723 MB | Sys Avail: 21674.4 MB / 65466.5 MB
[ "17:57:45.688" ][SystemMonitor] Stats Update: CPU App: 1.53846 % | Sys: 53.8462 % | RAM App: 218.762 MB | Sys Avail: 21708.9 MB / 65466.5 MB
[ "17:57:46.663" ][SystemMonitor] Stats Update: CPU App: 0.529101 % | Sys: 53.1746 % | RAM App: 218.805 MB | Sys Avail: 21762.2 MB / 65466.5 MB
[ "17:57:47.667" ][SystemMonitor] Stats Update: CPU App: 0.78125 % | Sys: 72.1354 % | RAM App: 218.844 MB | Sys Avail: 21755.4 MB / 65466.5 MB
TelemetryMonitor: Processed 300 frames. Current FPS: 29
[ "17:57:48.663" ][SystemMonitor] Stats Update: CPU App: 0.78125 % | Sys: 82.5521 % | RAM App: 218.883 MB | Sys Avail: 21757.4 MB / 65466.5 MB
[ "17:57:49.671" ][SystemMonitor] Stats Update: CPU App: 0.520833 % | Sys: 79.1667 % | RAM App: 218.926 MB | Sys Avail: 21749.8 MB / 65466.5 MB
[ "17:57:50.672" ][SystemMonitor] Stats Update: CPU App: 0.520833 % | Sys: 73.1771 % | RAM App: 218.965 MB | Sys Avail: 21753.9 MB / 65466.5 MB
[ "17:57:51.673" ][SystemMonitor] Stats Update: CPU App: 0.260417 % | Sys: 78.6458 % | RAM App: 219.008 MB | Sys Avail: 21757.7 MB / 65466.5 MB
[ "17:57:52.665" ][SystemMonitor] Stats Update: CPU App: 1.04167 % | Sys: 83.8542 % | RAM App: 219.047 MB | Sys Avail: 21755.3 MB / 65466.5 MB
[ "17:57:53.673" ][SystemMonitor] Stats Update: CPU App: 0.260417 % | Sys: 86.1979 % | RAM App: 219.086 MB | Sys Avail: 21758.8 MB / 65466.5 MB
[ "17:57:54.673" ][SystemMonitor] Stats Update: CPU App: 1.04167 % | Sys: 87.7604 % | RAM App: 219.133 MB | Sys Avail: 21731.1 MB / 65466.5 MB
[ "17:57:55.668" ][SystemMonitor] Stats Update: CPU App: 1.30208 % | Sys: 77.3438 % | RAM App: 219.168 MB | Sys Avail: 21750.4 MB / 65466.5 MB
[ "17:57:56.662" ][SystemMonitor] Stats Update: CPU App: 0.260417 % | Sys: 79.6875 % | RAM App: 219.219 MB | Sys Avail: 21741.6 MB / 65466.5 MB
[ "17:57:57.671" ][SystemMonitor] Stats Update: CPU App: 0.78125 % | Sys: 77.3438 % | RAM App: 219.285 MB | Sys Avail: 21745.6 MB / 65466.5 MB
TelemetryMonitor: Processed 300 frames. Current FPS: 29
[ "17:57:58.663" ][SystemMonitor] Stats Update: CPU App: 1.30208 % | Sys: 79.1667 % | RAM App: 219.332 MB | Sys Avail: 21747.7 MB / 65466.5 MB
[ "17:57:59.672" ][SystemMonitor] Stats Update: CPU App: 0.520833 % | Sys: 85.1563 % | RAM App: 219.379 MB | Sys Avail: 21748.6 MB / 65466.5 MB
[ "17:58:00.665" ][SystemMonitor] Stats Update: CPU App: 1.04167 % | Sys: 84.1146 % | RAM App: 219.422 MB | Sys Avail: 21743.3 MB / 65466.5 MB
[ "17:58:01.671" ][SystemMonitor] Stats Update: CPU App: 0.260417 % | Sys: 80.9896 % | RAM App: 219.465 MB | Sys Avail: 21742.3 MB / 65466.5 MB
[ "17:58:02.663" ][SystemMonitor] Stats Update: CPU App: 0.520833 % | Sys: 85.9375 % | RAM App: 219.523 MB | Sys Avail: 21722.2 MB / 65466.5 MB
[ "17:58:03.664" ][SystemMonitor] Stats Update: CPU App: 1.30208 % | Sys: 98.1771 % | RAM App: 219.578 MB | Sys Avail: 21630.7 MB / 65466.5 MB
[ "17:58:04.665" ][SystemMonitor] Stats Update: CPU App: 0.78125 % | Sys: 99.4792 % | RAM App: 219.621 MB | Sys Avail: 21674.6 MB / 65466.5 MB
[ "17:58:05.668" ][SystemMonitor] Stats Update: CPU App: 2.08333 % | Sys: 98.1771 % | RAM App: 219.676 MB | Sys Avail: 21689.3 MB / 65466.5 MB
[ "17:58:06.674" ][SystemMonitor] Stats Update: CPU App: 0.260417 % | Sys: 98.1771 % | RAM App: 219.711 MB | Sys Avail: 21704.2 MB / 65466.5 MB
[ "17:58:07.675" ][SystemMonitor] Stats Update: CPU App: 0.520833 % | Sys: 98.6979 % | RAM App: 219.758 MB | Sys Avail: 21679.4 MB / 65466.5 MB
TelemetryMonitor: Processed 300 frames. Current FPS: 29
[ "17:58:08.663" ][SystemMonitor] Stats Update: CPU App: 0.78125 % | Sys: 99.4792 % | RAM App: 219.801 MB | Sys Avail: 21691.1 MB / 65466.5 MB
[ "17:58:09.673" ][SystemMonitor] Stats Update: CPU App: 1.04167 % | Sys: 92.4479 % | RAM App: 219.84 MB | Sys Avail: 21709.3 MB / 65466.5 MB
[ "17:58:10.663" ][SystemMonitor] Stats Update: CPU App: 0.260417 % | Sys: 90.8854 % | RAM App: 219.875 MB | Sys Avail: 21719.7 MB / 65466.5 MB
[ "17:58:11.672" ][SystemMonitor] Stats Update: CPU App: 0.260417 % | Sys: 94.0104 % | RAM App: 217.652 MB | Sys Avail: 21734.2 MB / 65466.5 MB
[ "17:58:12.673" ][SystemMonitor] Stats Update: CPU App: 1.30208 % | Sys: 94.7917 % | RAM App: 217.766 MB | Sys Avail: 21726.1 MB / 65466.5 MB
[ "17:58:13.672" ][SystemMonitor] Stats Update: CPU App: 1.04167 % | Sys: 89.0625 % | RAM App: 217.781 MB | Sys Avail: 21702.9 MB / 65466.5 MB
[ "17:58:14.663" ][SystemMonitor] Stats Update: CPU App: 0.78125 % | Sys: 85.4167 % | RAM App: 217.793 MB | Sys Avail: 21890.2 MB / 65466.5 MB
[ "17:58:15.673" ][SystemMonitor] Stats Update: CPU App: 0.78125 % | Sys: 76.3021 % | RAM App: 217.832 MB | Sys Avail: 21869.1 MB / 65466.5 MB
[ "17:58:16.663" ][SystemMonitor] Stats Update: CPU App: 0.78125 % | Sys: 60.6771 % | RAM App: 217.875 MB | Sys Avail: 21877.3 MB / 65466.5 MB
[ "17:58:17.673" ][SystemMonitor] Stats Update: CPU App: 0.520833 % | Sys: 68.2292 % | RAM App: 217.914 MB | Sys Avail: 21896.3 MB / 65466.5 MB
[ "17:58:18.662" ][SystemMonitor] Stats Update: CPU App: 0.78125 % | Sys: 63.2813 % | RAM App: 217.98 MB | Sys Avail: 21909 MB / 65466.5 MB
TelemetryMonitor: Processed 300 frames. Current FPS: 30
[ "17:58:19.673" ][SystemMonitor] Stats Update: CPU App: 0.78125 % | Sys: 70.0521 % | RAM App: 217.996 MB | Sys Avail: 21911.9 MB / 65466.5 MB
[ "17:58:20.664" ][SystemMonitor] Stats Update: CPU App: 0.260417 % | Sys: 75 % | RAM App: 218.004 MB | Sys Avail: 21922.1 MB / 65466.5 MB
[ "17:58:21.673" ][SystemMonitor] Stats Update: CPU App: 0 % | Sys: 71.6146 % | RAM App: 218.008 MB | Sys Avail: 21911.8 MB / 65466.5 MB
[ "17:58:22.663" ][SystemMonitor] Stats Update: CPU App: 1.30208 % | Sys: 71.875 % | RAM App: 218.016 MB | Sys Avail: 21912 MB / 65466.5 MB
[ "17:58:23.692" ][SystemMonitor] Stats Update: CPU App: 0.769231 % | Sys: 78.4615 % | RAM App: 218.039 MB | Sys Avail: 21885.1 MB / 65466.5 MB
[ "17:58:24.674" ][SystemMonitor] Stats Update: CPU App: 0.793651 % | Sys: 96.5608 % | RAM App: 218.051 MB | Sys Avail: 21874.3 MB / 65466.5 MB
[ "17:58:25.675" ][SystemMonitor] Stats Update: CPU App: 1.5625 % | Sys: 83.3333 % | RAM App: 218.082 MB | Sys Avail: 21854.7 MB / 65466.5 MB
[ "17:58:26.663" ][SystemMonitor] Stats Update: CPU App: 0.78125 % | Sys: 70.8333 % | RAM App: 218.094 MB | Sys Avail: 21864.1 MB / 65466.5 MB
[ "17:58:27.673" ][SystemMonitor] Stats Update: CPU App: 0.260417 % | Sys: 69.0104 % | RAM App: 218.109 MB | Sys Avail: 21867.7 MB / 65466.5 MB
[ "17:58:28.663" ][SystemMonitor] Stats Update: CPU App: 0.78125 % | Sys: 69.0104 % | RAM App: 218.129 MB | Sys Avail: 21884 MB / 65466.5 MB
TelemetryMonitor: Processed 300 frames. Current FPS: 30
[ "17:58:29.673" ][SystemMonitor] Stats Update: CPU App: 0.520833 % | Sys: 66.6667 % | RAM App: 218.164 MB | Sys Avail: 21883.3 MB / 65466.5 MB
[ "17:58:30.663" ][SystemMonitor] Stats Update: CPU App: 0.520833 % | Sys: 65.8854 % | RAM App: 218.195 MB | Sys Avail: 21883.2 MB / 65466.5 MB
[ "17:58:31.676" ][SystemMonitor] Stats Update: CPU App: 1.04167 % | Sys: 76.3021 % | RAM App: 218.23 MB | Sys Avail: 21877.8 MB / 65466.5 MB
[ "17:58:32.673" ][SystemMonitor] Stats Update: CPU App: 0.78125 % | Sys: 67.7083 % | RAM App: 218.266 MB | Sys Avail: 21882 MB / 65466.5 MB
[ "17:58:33.676" ][SystemMonitor] Stats Update: CPU App: 0.520833 % | Sys: 88.8021 % | RAM App: 218.309 MB | Sys Avail: 21771.3 MB / 65466.5 MB
[ "17:58:34.675" ][SystemMonitor] Stats Update: CPU App: 0.78125 % | Sys: 99.7396 % | RAM App: 218.34 MB | Sys Avail: 21793.5 MB / 65466.5 MB
[ "17:58:35.675" ][SystemMonitor] Stats Update: CPU App: 0.260417 % | Sys: 91.4063 % | RAM App: 218.375 MB | Sys Avail: 21847.5 MB / 65466.5 MB
[ "17:58:36.673" ][SystemMonitor] Stats Update: CPU App: 1.30208 % | Sys: 79.4271 % | RAM App: 218.398 MB | Sys Avail: 21878.9 MB / 65466.5 MB
[ "17:58:37.666" ][SystemMonitor] Stats Update: CPU App: 0.260417 % | Sys: 84.6354 % | RAM App: 218.434 MB | Sys Avail: 21868.5 MB / 65466.5 MB
[ "17:58:38.674" ][SystemMonitor] Stats Update: CPU App: 0.78125 % | Sys: 81.25 % | RAM App: 218.469 MB | Sys Avail: 21900.3 MB / 65466.5 MB
TelemetryMonitor: Processed 300 frames. Current FPS: 29
[ "17:58:39.674" ][SystemMonitor] Stats Update: CPU App: 0.78125 % | Sys: 66.6667 % | RAM App: 218.504 MB | Sys Avail: 21894 MB / 65466.5 MB
[ "17:58:40.663" ][SystemMonitor] Stats Update: CPU App: 0.260417 % | Sys: 63.8021 % | RAM App: 218.59 MB | Sys Avail: 21893.1 MB / 65466.5 MB
[ "17:58:41.675" ][SystemMonitor] Stats Update: CPU App: 0.520833 % | Sys: 78.9063 % | RAM App: 218.629 MB | Sys Avail: 21901.4 MB / 65466.5 MB
[ "17:58:42.674" ][SystemMonitor] Stats Update: CPU App: 0.78125 % | Sys: 87.5 % | RAM App: 218.652 MB | Sys Avail: 21880.7 MB / 65466.5 MB
[ "17:58:43.666" ][SystemMonitor] Stats Update: CPU App: 0.520833 % | Sys: 68.4896 % | RAM App: 218.695 MB | Sys Avail: 21889.9 MB / 65466.5 MB
[ "17:58:44.674" ][SystemMonitor] Stats Update: CPU App: 0.520833 % | Sys: 74.2188 % | RAM App: 218.734 MB | Sys Avail: 21891.3 MB / 65466.5 MB
[ "17:58:45.665" ][SystemMonitor] Stats Update: CPU App: 0.260417 % | Sys: 66.4063 % | RAM App: 218.777 MB | Sys Avail: 21877.5 MB / 65466.5 MB
[ "17:58:46.674" ][SystemMonitor] Stats Update: CPU App: 0.78125 % | Sys: 63.8021 % | RAM App: 218.816 MB | Sys Avail: 21879 MB / 65466.5 MB
[ "17:58:47.674" ][SystemMonitor] Stats Update: CPU App: 1.04167 % | Sys: 72.1354 % | RAM App: 218.855 MB | Sys Avail: 21873.5 MB / 65466.5 MB
[ "17:58:48.674" ][SystemMonitor] Stats Update: CPU App: 0.260417 % | Sys: 85.1563 % | RAM App: 218.902 MB | Sys Avail: 21840.9 MB / 65466.5 MB
[ "17:58:49.671" ][SystemMonitor] Stats Update: CPU App: 0.260417 % | Sys: 84.1146 % | RAM App: 218.934 MB | Sys Avail: 21744.8 MB / 65466.5 MB
TelemetryMonitor: Processed 300 frames. Current FPS: 27
[ "17:58:50.663" ][SystemMonitor] Stats Update: CPU App: 0.260417 % | Sys: 79.1667 % | RAM App: 218.973 MB | Sys Avail: 21683.5 MB / 65466.5 MB
[ "17:58:51.667" ][SystemMonitor] Stats Update: CPU App: 1.30208 % | Sys: 85.1563 % | RAM App: 219.012 MB | Sys Avail: 21657.6 MB / 65466.5 MB
[ "17:58:52.674" ][SystemMonitor] Stats Update: CPU App: 0.78125 % | Sys: 79.1667 % | RAM App: 219.051 MB | Sys Avail: 21656.4 MB / 65466.5 MB
[ "17:58:53.674" ][SystemMonitor] Stats Update: CPU App: 0.78125 % | Sys: 79.1667 % | RAM App: 219.109 MB | Sys Avail: 21661.6 MB / 65466.5 MB
[ "17:58:54.673" ][SystemMonitor] Stats Update: CPU App: 0.520833 % | Sys: 70.0521 % | RAM App: 219.145 MB | Sys Avail: 21567.8 MB / 65466.5 MB
[ "17:58:55.674" ][SystemMonitor] Stats Update: CPU App: 0.520833 % | Sys: 62.7604 % | RAM App: 219.188 MB | Sys Avail: 21564.3 MB / 65466.5 MB
[ "17:58:56.663" ][SystemMonitor] Stats Update: CPU App: 0.520833 % | Sys: 70.5729 % | RAM App: 219.223 MB | Sys Avail: 21548.9 MB / 65466.5 MB
[ "17:58:57.674" ][SystemMonitor] Stats Update: CPU App: 1.5625 % | Sys: 75.5208 % | RAM App: 219.27 MB | Sys Avail: 21541.1 MB / 65466.5 MB
[ "17:58:58.663" ][SystemMonitor] Stats Update: CPU App: 0.78125 % | Sys: 68.2292 % | RAM App: 219.301 MB | Sys Avail: 21485.9 MB / 65466.5 MB
[ "17:58:59.670" ][SystemMonitor] Stats Update: CPU App: 0 % | Sys: 70.5729 % | RAM App: 219.34 MB | Sys Avail: 21502.2 MB / 65466.5 MB
[ "17:59:00.676" ][SystemMonitor] Stats Update: CPU App: 0.520833 % | Sys: 71.875 % | RAM App: 219.379 MB | Sys Avail: 21488.5 MB / 65466.5 MB
TelemetryMonitor: Processed 300 frames. Current FPS: 30
[ "17:59:01.670" ][SystemMonitor] Stats Update: CPU App: 1.30208 % | Sys: 73.6979 % | RAM App: 219.422 MB | Sys Avail: 21513.5 MB / 65466.5 MB
[ "17:59:02.662" ][SystemMonitor] Stats Update: CPU App: 0.78125 % | Sys: 60.1563 % | RAM App: 219.461 MB | Sys Avail: 21505.3 MB / 65466.5 MB
[ "17:59:03.676" ][SystemMonitor] Stats Update: CPU App: 0.520833 % | Sys: 82.8125 % | RAM App: 219.508 MB | Sys Avail: 21441.5 MB / 65466.5 MB
[ "17:59:04.676" ][SystemMonitor] Stats Update: CPU App: 1.82292 % | Sys: 98.1771 % | RAM App: 219.555 MB | Sys Avail: 21476.2 MB / 65466.5 MB
[ "17:59:05.676" ][SystemMonitor] Stats Update: CPU App: 1.30208 % | Sys: 81.7708 % | RAM App: 219.605 MB | Sys Avail: 21444.2 MB / 65466.5 MB
[ "17:59:06.663" ][SystemMonitor] Stats Update: CPU App: 0.78125 % | Sys: 67.4479 % | RAM App: 219.641 MB | Sys Avail: 21472.6 MB / 65466.5 MB
[ "17:59:07.675" ][SystemMonitor] Stats Update: CPU App: 1.04167 % | Sys: 64.0625 % | RAM App: 219.695 MB | Sys Avail: 21485 MB / 65466.5 MB
[ "17:59:08.675" ][SystemMonitor] Stats Update: CPU App: 0.520833 % | Sys: 85.1563 % | RAM App: 219.734 MB | Sys Avail: 21445 MB / 65466.5 MB
[ "17:59:09.674" ][SystemMonitor] Stats Update: CPU App: 0.78125 % | Sys: 71.875 % | RAM App: 219.777 MB | Sys Avail: 21434 MB / 65466.5 MB
[ "17:59:10.675" ][SystemMonitor] Stats Update: CPU App: 0.78125 % | Sys: 83.5938 % | RAM App: 217.527 MB | Sys Avail: 21431 MB / 65466.5 MB
TelemetryMonitor: Processed 300 frames. Current FPS: 28
[ "17:59:11.670" ][SystemMonitor] Stats Update: CPU App: 1.04167 % | Sys: 90.8854 % | RAM App: 217.762 MB | Sys Avail: 21431.4 MB / 65466.5 MB
[ "17:59:12.693" ][SystemMonitor] Stats Update: CPU App: 0.25641 % | Sys: 72.0513 % | RAM App: 217.879 MB | Sys Avail: 21424.7 MB / 65466.5 MB
[ "17:59:13.671" ][SystemMonitor] Stats Update: CPU App: 0.529101 % | Sys: 82.8042 % | RAM App: 217.953 MB | Sys Avail: 21405.2 MB / 65466.5 MB
[ "17:59:14.675" ][SystemMonitor] Stats Update: CPU App: 1.5625 % | Sys: 74.4792 % | RAM App: 217.965 MB | Sys Avail: 21407.7 MB / 65466.5 MB
[ "17:59:15.667" ][SystemMonitor] Stats Update: CPU App: 1.04167 % | Sys: 66.6667 % | RAM App: 217.984 MB | Sys Avail: 21248.8 MB / 65466.5 MB
[ "17:59:16.663" ][SystemMonitor] Stats Update: CPU App: 0.520833 % | Sys: 65.625 % | RAM App: 217.992 MB | Sys Avail: 21051.8 MB / 65466.5 MB
[ "17:59:17.675" ][SystemMonitor] Stats Update: CPU App: 1.04167 % | Sys: 66.1458 % | RAM App: 218.012 MB | Sys Avail: 21109.1 MB / 65466.5 MB
[ "17:59:18.662" ][SystemMonitor] Stats Update: CPU App: 0.78125 % | Sys: 62.7604 % | RAM App: 218.02 MB | Sys Avail: 21362.3 MB / 65466.5 MB
[ "17:59:19.668" ][SystemMonitor] Stats Update: CPU App: 0.260417 % | Sys: 64.0625 % | RAM App: 218.031 MB | Sys Avail: 21289.9 MB / 65466.5 MB
[ "17:59:20.675" ][SystemMonitor] Stats Update: CPU App: 1.30208 % | Sys: 63.5417 % | RAM App: 218.043 MB | Sys Avail: 21434 MB / 65466.5 MB
TelemetryMonitor: Processed 300 frames. Current FPS: 30
[ "17:59:21.676" ][SystemMonitor] Stats Update: CPU App: 1.04167 % | Sys: 74.4792 % | RAM App: 218.066 MB | Sys Avail: 21427.1 MB / 65466.5 MB
[ "17:59:22.667" ][SystemMonitor] Stats Update: CPU App: 0.520833 % | Sys: 93.4896 % | RAM App: 218.133 MB | Sys Avail: 21370.6 MB / 65466.5 MB
[ "17:59:23.675" ][SystemMonitor] Stats Update: CPU App: 0.520833 % | Sys: 65.3646 % | RAM App: 218.148 MB | Sys Avail: 21290.1 MB / 65466.5 MB
[ "17:59:24.663" ][SystemMonitor] Stats Update: CPU App: 1.04167 % | Sys: 67.7083 % | RAM App: 218.156 MB | Sys Avail: 21363.1 MB / 65466.5 MB
[ "17:59:25.675" ][SystemMonitor] Stats Update: CPU App: 0.520833 % | Sys: 61.4583 % | RAM App: 218.191 MB | Sys Avail: 21463.3 MB / 65466.5 MB
[ "17:59:26.663" ][SystemMonitor] Stats Update: CPU App: 0.78125 % | Sys: 65.1042 % | RAM App: 218.215 MB | Sys Avail: 21315.5 MB / 65466.5 MB
[ "17:59:27.675" ][SystemMonitor] Stats Update: CPU App: 0.520833 % | Sys: 65.8854 % | RAM App: 218.254 MB | Sys Avail: 21472.7 MB / 65466.5 MB
[ "17:59:28.662" ][SystemMonitor] Stats Update: CPU App: 0.520833 % | Sys: 78.6458 % | RAM App: 218.285 MB | Sys Avail: 21460.3 MB / 65466.5 MB
[ "17:59:29.675" ][SystemMonitor] Stats Update: CPU App: 0.520833 % | Sys: 72.9167 % | RAM App: 218.324 MB | Sys Avail: 21425.4 MB / 65466.5 MB
[ "17:59:30.663" ][SystemMonitor] Stats Update: CPU App: 0.260417 % | Sys: 60.9375 % | RAM App: 218.352 MB | Sys Avail: 21338.3 MB / 65466.5 MB
[ "17:59:31.675" ][SystemMonitor] Stats Update: CPU App: 0.260417 % | Sys: 63.0208 % | RAM App: 218.387 MB | Sys Avail: 21454 MB / 65466.5 MB
TelemetryMonitor: Processed 300 frames. Current FPS: 30
[ "17:59:32.663" ][SystemMonitor] Stats Update: CPU App: 1.04167 % | Sys: 91.9271 % | RAM App: 218.414 MB | Sys Avail: 21351.5 MB / 65466.5 MB
[ "17:59:33.669" ][SystemMonitor] Stats Update: CPU App: 1.82292 % | Sys: 85.4167 % | RAM App: 218.453 MB | Sys Avail: 21273.8 MB / 65466.5 MB
[ "17:59:34.675" ][SystemMonitor] Stats Update: CPU App: 0.78125 % | Sys: 76.3021 % | RAM App: 218.48 MB | Sys Avail: 21223.8 MB / 65466.5 MB
[ "17:59:35.675" ][SystemMonitor] Stats Update: CPU App: 1.30208 % | Sys: 72.6563 % | RAM App: 218.523 MB | Sys Avail: 21394.7 MB / 65466.5 MB
[ "17:59:36.663" ][SystemMonitor] Stats Update: CPU App: 0.78125 % | Sys: 69.0104 % | RAM App: 218.555 MB | Sys Avail: 21479.3 MB / 65466.5 MB
[ "17:59:37.676" ][SystemMonitor] Stats Update: CPU App: 1.04167 % | Sys: 69.5313 % | RAM App: 218.602 MB | Sys Avail: 21358.2 MB / 65466.5 MB
[ "17:59:38.663" ][SystemMonitor] Stats Update: CPU App: 0.78125 % | Sys: 84.375 % | RAM App: 218.637 MB | Sys Avail: 21303.9 MB / 65466.5 MB
[ "17:59:39.676" ][SystemMonitor] Stats Update: CPU App: 0.78125 % | Sys: 69.5313 % | RAM App: 218.676 MB | Sys Avail: 21460.9 MB / 65466.5 MB
[ "17:59:40.676" ][SystemMonitor] Stats Update: CPU App: 1.82292 % | Sys: 72.3958 % | RAM App: 218.703 MB | Sys Avail: 21457.2 MB / 65466.5 MB
[ "17:59:41.665" ][SystemMonitor] Stats Update: CPU App: 1.82292 % | Sys: 80.7292 % | RAM App: 218.742 MB | Sys Avail: 21309.1 MB / 65466.5 MB
TelemetryMonitor: Processed 300 frames. Current FPS: 28
[ "17:59:42.662" ][SystemMonitor] Stats Update: CPU App: 0.520833 % | Sys: 86.9792 % | RAM App: 218.77 MB | Sys Avail: 21434.1 MB / 65466.5 MB
[ "17:59:43.675" ][SystemMonitor] Stats Update: CPU App: 0.78125 % | Sys: 66.4063 % | RAM App: 218.859 MB | Sys Avail: 21391.9 MB / 65466.5 MB
[ "17:59:44.662" ][SystemMonitor] Stats Update: CPU App: 0.78125 % | Sys: 54.4271 % | RAM App: 218.938 MB | Sys Avail: 21490.3 MB / 65466.5 MB
[ "17:59:45.676" ][SystemMonitor] Stats Update: CPU App: 0.260417 % | Sys: 58.5938 % | RAM App: 218.977 MB | Sys Avail: 21492.2 MB / 65466.5 MB
[ "17:59:46.663" ][SystemMonitor] Stats Update: CPU App: 1.30208 % | Sys: 79.1667 % | RAM App: 219.008 MB | Sys Avail: 21490.7 MB / 65466.5 MB
[ "17:59:47.675" ][SystemMonitor] Stats Update: CPU App: 1.5625 % | Sys: 78.6458 % | RAM App: 219.059 MB | Sys Avail: 21489.9 MB / 65466.5 MB
[ "17:59:48.665" ][SystemMonitor] Stats Update: CPU App: 0.520833 % | Sys: 84.375 % | RAM App: 219.094 MB | Sys Avail: 21494.6 MB / 65466.5 MB
Retrying to obtain clipboard.
[ "17:59:49.680" ][SystemMonitor] Stats Update: CPU App: 0.78125 % | Sys: 89.3229 % | RAM App: 219.285 MB | Sys Avail: 21475.4 MB / 65466.5 MB
[ "17:59:50.676" ][SystemMonitor] Stats Update: CPU App: 0 % | Sys: 79.4271 % | RAM App: 219.32 MB | Sys Avail: 21469 MB / 65466.5 MB
[ "17:59:51.664" ][SystemMonitor] Stats Update: CPU App: 0.78125 % | Sys: 82.5521 % | RAM App: 219.352 MB | Sys Avail: 21479.3 MB / 65466.5 MB
Retrying to obtain clipboard.
Retrying to obtain clipboard.
Unable to obtain clipboard.
Retrying to obtain clipboard.
Retrying to obtain clipboard.
Unable to obtain clipboard.
Retrying to obtain clipboard.
Retrying to obtain clipboard.
[ "17:59:52.663" ][SystemMonitor] Stats Update: CPU App: 0.520833 % | Sys: 87.5 % | RAM App: 219.391 MB | Sys Avail: 21476.4 MB / 65466.5 MB
TelemetryMonitor: Processed 300 frames. Current FPS: 23
[ "17:59:53.676" ][SystemMonitor] Stats Update: CPU App: 1.04167 % | Sys: 91.1458 % | RAM App: 219.426 MB | Sys Avail: 21437.8 MB / 65466.5 MB
[ "17:59:54.677" ][SystemMonitor] Stats Update: CPU App: 0.260417 % | Sys: 92.4479 % | RAM App: 219.453 MB | Sys Avail: 21436 MB / 65466.5 MB
[ "17:59:55.670" ][SystemMonitor] Stats Update: CPU App: 1.5625 % | Sys: 78.6458 % | RAM App: 219.492 MB | Sys Avail: 21427.4 MB / 65466.5 MB
[ "17:59:56.676" ][SystemMonitor] Stats Update: CPU App: 1.04167 % | Sys: 81.5104 % | RAM App: 219.527 MB | Sys Avail: 21428.3 MB / 65466.5 MB
[ "17:59:57.663" ][SystemMonitor] Stats Update: CPU App: 2.08333 % | Sys: 84.6354 % | RAM App: 219.57 MB | Sys Avail: 21430 MB / 65466.5 MB
[ "17:59:58.676" ][SystemMonitor] Stats Update: CPU App: 1.30208 % | Sys: 79.6875 % | RAM App: 219.637 MB | Sys Avail: 21444.9 MB / 65466.5 MB
[ "17:59:59.671" ][SystemMonitor] Stats Update: CPU App: 1.04167 % | Sys: 78.9063 % | RAM App: 219.688 MB | Sys Avail: 21442.8 MB / 65466.5 MB
[ "18:00:00.663" ][SystemMonitor] Stats Update: CPU App: 0.520833 % | Sys: 84.375 % | RAM App: 219.723 MB | Sys Avail: 21444.4 MB / 65466.5 MB
[ "18:00:01.678" ][SystemMonitor] Stats Update: CPU App: 1.04167 % | Sys: 80.5128 % | RAM App: 219.758 MB | Sys Avail: 21447.7 MB / 65466.5 MB
[ "18:00:02.663" ][SystemMonitor] Stats Update: CPU App: 0.78125 % | Sys: 82.0106 % | RAM App: 219.801 MB | Sys Avail: 21450.6 MB / 65466.5 MB
[ "18:00:03.688" ][SystemMonitor] Stats Update: CPU App: 0.769231 % | Sys: 91.5385 % | RAM App: 219.855 MB | Sys Avail: 21386.2 MB / 65466.5 MB
TelemetryMonitor: Processed 300 frames. Current FPS: 30
[ "18:00:04.676" ][SystemMonitor] Stats Update: CPU App: 1.0582 % | Sys: 85.1852 % | RAM App: 219.902 MB | Sys Avail: 21473.3 MB / 65466.5 MB
[ "18:00:05.670" ][SystemMonitor] Stats Update: CPU App: 1.5625 % | Sys: 82.2917 % | RAM App: 219.961 MB | Sys Avail: 21456.1 MB / 65466.5 MB
[ "18:00:06.677" ][SystemMonitor] Stats Update: CPU App: 0.260417 % | Sys: 84.375 % | RAM App: 220 MB | Sys Avail: 21479 MB / 65466.5 MB
[ "18:00:07.671" ][SystemMonitor] Stats Update: CPU App: 1.5625 % | Sys: 85.6771 % | RAM App: 217.738 MB | Sys Avail: 21439.1 MB / 65466.5 MB
[ "18:00:08.663" ][SystemMonitor] Stats Update: CPU App: 0.260417 % | Sys: 89.0625 % | RAM App: 217.922 MB | Sys Avail: 21437.2 MB / 65466.5 MB
[ "18:00:09.664" ][SystemMonitor] Stats Update: CPU App: 0.78125 % | Sys: 72.6563 % | RAM App: 217.992 MB | Sys Avail: 21423.9 MB / 65466.5 MB
[ "18:00:10.663" ][SystemMonitor] Stats Update: CPU App: 1.04167 % | Sys: 63.5417 % | RAM App: 218.008 MB | Sys Avail: 21424.6 MB / 65466.5 MB
[ "18:00:11.676" ][SystemMonitor] Stats Update: CPU App: 1.82292 % | Sys: 69.5313 % | RAM App: 218.043 MB | Sys Avail: 21427.1 MB / 65466.5 MB
[ "18:00:12.677" ][SystemMonitor] Stats Update: CPU App: 1.30208 % | Sys: 67.1875 % | RAM App: 218.125 MB | Sys Avail: 21431.5 MB / 65466.5 MB
[ "18:00:13.663" ][SystemMonitor] Stats Update: CPU App: 1.82292 % | Sys: 71.3542 % | RAM App: 218.156 MB | Sys Avail: 21432.4 MB / 65466.5 MB
TelemetryMonitor: Processed 300 frames. Current FPS: 29
[ "18:00:14.663" ][SystemMonitor] Stats Update: CPU App: 1.82292 % | Sys: 72.6563 % | RAM App: 218.172 MB | Sys Avail: 21624.1 MB / 65466.5 MB
[ "18:00:15.663" ][SystemMonitor] Stats Update: CPU App: 2.08333 % | Sys: 88.0208 % | RAM App: 218.191 MB | Sys Avail: 21728.8 MB / 65466.5 MB
[ "18:00:16.686" ][SystemMonitor] Stats Update: CPU App: 1.5625 % | Sys: 88.5417 % | RAM App: 218.207 MB | Sys Avail: 21727.2 MB / 65466.5 MB
[ "18:00:17.679" ][SystemMonitor] Stats Update: CPU App: 0.78125 % | Sys: 73.6979 % | RAM App: 218.23 MB | Sys Avail: 21725.5 MB / 65466.5 MB
[ "18:00:18.663" ][SystemMonitor] Stats Update: CPU App: 0.78125 % | Sys: 67.9688 % | RAM App: 218.297 MB | Sys Avail: 21719.5 MB / 65466.5 MB
[ "18:00:19.677" ][SystemMonitor] Stats Update: CPU App: 1.30208 % | Sys: 67.4479 % | RAM App: 218.32 MB | Sys Avail: 21720.2 MB / 65466.5 MB
[ "18:00:20.663" ][SystemMonitor] Stats Update: CPU App: 2.34375 % | Sys: 72.1354 % | RAM App: 218.336 MB | Sys Avail: 21696.7 MB / 65466.5 MB
[ "18:00:21.666" ][SystemMonitor] Stats Update: CPU App: 0.78125 % | Sys: 59.8958 % | RAM App: 218.348 MB | Sys Avail: 21699.1 MB / 65466.5 MB
[ "18:00:22.677" ][SystemMonitor] Stats Update: CPU App: 0.78125 % | Sys: 92.1875 % | RAM App: 218.355 MB | Sys Avail: 21650.3 MB / 65466.5 MB
[ "18:00:23.682" ][SystemMonitor] Stats Update: CPU App: 1.02564 % | Sys: 94.1026 % | RAM App: 218.379 MB | Sys Avail: 21583.6 MB / 65466.5 MB
[ "18:00:24.665" ][SystemMonitor] Stats Update: CPU App: 1.32275 % | Sys: 88.3598 % | RAM App: 218.406 MB | Sys Avail: 21563.3 MB / 65466.5 MB
TelemetryMonitor: Processed 300 frames. Current FPS: 27
[ "18:00:25.856" ][SystemMonitor] Stats Update: CPU App: 0.678733 % | Sys: 93.4211 % | RAM App: 218.445 MB | Sys Avail: 21542.9 MB / 65466.5 MB
[ "18:00:26.662" ][SystemMonitor] Stats Update: CPU App: 0.613497 % | Sys: 83.3333 % | RAM App: 218.477 MB | Sys Avail: 21513.7 MB / 65466.5 MB
[ "18:00:27.675" ][SystemMonitor] Stats Update: CPU App: 1.5625 % | Sys: 87.2396 % | RAM App: 218.52 MB | Sys Avail: 21582 MB / 65466.5 MB
[ "18:00:28.664" ][SystemMonitor] Stats Update: CPU App: 0.520833 % | Sys: 95.3125 % | RAM App: 218.555 MB | Sys Avail: 21608.6 MB / 65466.5 MB
[ "18:00:29.671" ][SystemMonitor] Stats Update: CPU App: 1.04167 % | Sys: 90.625 % | RAM App: 218.59 MB | Sys Avail: 21636.7 MB / 65466.5 MB
[ "18:00:30.665" ][SystemMonitor] Stats Update: CPU App: 1.82292 % | Sys: 92.7083 % | RAM App: 218.621 MB | Sys Avail: 21609.2 MB / 65466.5 MB
[ "18:00:31.672" ][SystemMonitor] Stats Update: CPU App: 0.520833 % | Sys: 92.4479 % | RAM App: 218.66 MB | Sys Avail: 21596.4 MB / 65466.5 MB
[ "18:00:32.677" ][SystemMonitor] Stats Update: CPU App: 0.520833 % | Sys: 94.0104 % | RAM App: 218.695 MB | Sys Avail: 21601.5 MB / 65466.5 MB
[ "18:00:33.762" ][SystemMonitor] Stats Update: CPU App: 0.714286 % | Sys: 97.8571 % | RAM App: 218.734 MB | Sys Avail: 21537.9 MB / 65466.5 MB
[ "18:00:34.677" ][SystemMonitor] Stats Update: CPU App: 0.862069 % | Sys: 100 % | RAM App: 218.773 MB | Sys Avail: 21474 MB / 65466.5 MB
[ "18:00:35.682" ][SystemMonitor] Stats Update: CPU App: 1.04167 % | Sys: 95.8333 % | RAM App: 218.813 MB | Sys Avail: 21575.5 MB / 65466.5 MB
TelemetryMonitor: Processed 300 frames. Current FPS: 28
[ "18:00:36.677" ][SystemMonitor] Stats Update: CPU App: 0 % | Sys: 98.9583 % | RAM App: 218.84 MB | Sys Avail: 21597.5 MB / 65466.5 MB
[ "18:00:37.665" ][SystemMonitor] Stats Update: CPU App: 0.78125 % | Sys: 91.6667 % | RAM App: 218.883 MB | Sys Avail: 21579.8 MB / 65466.5 MB
[ "18:00:38.681" ][SystemMonitor] Stats Update: CPU App: 0.512821 % | Sys: 96.9231 % | RAM App: 218.914 MB | Sys Avail: 21583.1 MB / 65466.5 MB
[ "18:00:39.667" ][SystemMonitor] Stats Update: CPU App: 1.5873 % | Sys: 97.0899 % | RAM App: 218.965 MB | Sys Avail: 21608.5 MB / 65466.5 MB
[ "18:00:40.679" ][SystemMonitor] Stats Update: CPU App: 1.30208 % | Sys: 92.7083 % | RAM App: 218.996 MB | Sys Avail: 21578.8 MB / 65466.5 MB
[ "18:00:41.690" ][SystemMonitor] Stats Update: CPU App: 0.512821 % | Sys: 86.4103 % | RAM App: 219.039 MB | Sys Avail: 21574.1 MB / 65466.5 MB
[ "18:00:42.665" ][SystemMonitor] Stats Update: CPU App: 0.529101 % | Sys: 83.0688 % | RAM App: 219.074 MB | Sys Avail: 21578.4 MB / 65466.5 MB
[ "18:00:43.684" ][SystemMonitor] Stats Update: CPU App: 1.28205 % | Sys: 89.7436 % | RAM App: 219.113 MB | Sys Avail: 21580.4 MB / 65466.5 MB
[ "18:00:44.678" ][SystemMonitor] Stats Update: CPU App: 1.0582 % | Sys: 84.9206 % | RAM App: 219.148 MB | Sys Avail: 21586.7 MB / 65466.5 MB
[ "18:00:45.681" ][SystemMonitor] Stats Update: CPU App: 1.53846 % | Sys: 92.8205 % | RAM App: 219.191 MB | Sys Avail: 21579.2 MB / 65466.5 MB
[ "18:00:46.666" ][SystemMonitor] Stats Update: CPU App: 0.793651 % | Sys: 96.0317 % | RAM App: 219.223 MB | Sys Avail: 21555.9 MB / 65466.5 MB
TelemetryMonitor: Processed 300 frames. Current FPS: 28
[ "18:00:47.678" ][SystemMonitor] Stats Update: CPU App: 1.30208 % | Sys: 94.5313 % | RAM App: 219.313 MB | Sys Avail: 21554.7 MB / 65466.5 MB
[ "18:00:48.680" ][SystemMonitor] Stats Update: CPU App: 0.769231 % | Sys: 97.9487 % | RAM App: 219.355 MB | Sys Avail: 21526.2 MB / 65466.5 MB
[ "18:00:49.678" ][SystemMonitor] Stats Update: CPU App: 0.529101 % | Sys: 96.5608 % | RAM App: 219.406 MB | Sys Avail: 21432.3 MB / 65466.5 MB
[ "18:00:50.706" ][SystemMonitor] Stats Update: CPU App: 0.25641 % | Sys: 91.2821 % | RAM App: 219.441 MB | Sys Avail: 21426.2 MB / 65466.5 MB
[ "18:00:51.665" ][SystemMonitor] Stats Update: CPU App: 1.0582 % | Sys: 99.4709 % | RAM App: 219.488 MB | Sys Avail: 21332 MB / 65466.5 MB
[ "18:00:52.683" ][SystemMonitor] Stats Update: CPU App: 1.28205 % | Sys: 100 % | RAM App: 219.527 MB | Sys Avail: 21235.1 MB / 65466.5 MB
[ "18:00:53.687" ][SystemMonitor] Stats Update: CPU App: 0.260417 % | Sys: 95.0521 % | RAM App: 219.574 MB | Sys Avail: 21181.3 MB / 65466.5 MB
[ "18:00:54.680" ][SystemMonitor] Stats Update: CPU App: 1.5625 % | Sys: 95.0521 % | RAM App: 219.613 MB | Sys Avail: 21156.7 MB / 65466.5 MB
[ "18:00:55.680" ][SystemMonitor] Stats Update: CPU App: 1.04167 % | Sys: 97.3958 % | RAM App: 219.652 MB | Sys Avail: 21121.6 MB / 65466.5 MB
[ "18:00:56.697" ][SystemMonitor] Stats Update: CPU App: 1.02564 % | Sys: 94.359 % | RAM App: 219.684 MB | Sys Avail: 21074 MB / 65466.5 MB
[ "18:00:57.679" ][SystemMonitor] Stats Update: CPU App: 1.32275 % | Sys: 94.4444 % | RAM App: 219.727 MB | Sys Avail: 20991.8 MB / 65466.5 MB
TelemetryMonitor: Processed 300 frames. Current FPS: 27
[ "18:00:58.680" ][SystemMonitor] Stats Update: CPU App: 1.30208 % | Sys: 97.1354 % | RAM App: 219.766 MB | Sys Avail: 20916.6 MB / 65466.5 MB
[ "18:00:59.679" ][SystemMonitor] Stats Update: CPU App: 0.78125 % | Sys: 91.9271 % | RAM App: 219.801 MB | Sys Avail: 20932.4 MB / 65466.5 MB
[ "18:01:00.681" ][SystemMonitor] Stats Update: CPU App: 0.260417 % | Sys: 98.4375 % | RAM App: 219.84 MB | Sys Avail: 20909.7 MB / 65466.5 MB
[ "18:01:01.748" ][SystemMonitor] Stats Update: CPU App: 0.252525 % | Sys: 93.4343 % | RAM App: 219.891 MB | Sys Avail: 20864.7 MB / 65466.5 MB
[ "18:01:02.681" ][SystemMonitor] Stats Update: CPU App: 1.88172 % | Sys: 100 % | RAM App: 219.938 MB | Sys Avail: 20758.9 MB / 65466.5 MB
[ "18:01:03.696" ][SystemMonitor] Stats Update: CPU App: 1.53846 % | Sys: 98.2051 % | RAM App: 219.973 MB | Sys Avail: 20759 MB / 65466.5 MB
[ "18:01:04.695" ][SystemMonitor] Stats Update: CPU App: 1.04167 % | Sys: 99.4792 % | RAM App: 220.027 MB | Sys Avail: 20796.4 MB / 65466.5 MB
[ "18:01:05.696" ][SystemMonitor] Stats Update: CPU App: 0.260417 % | Sys: 91.4063 % | RAM App: 217.813 MB | Sys Avail: 20786.8 MB / 65466.5 MB
[ "18:01:06.679" ][SystemMonitor] Stats Update: CPU App: 1.5873 % | Sys: 92.328 % | RAM App: 217.887 MB | Sys Avail: 20688.9 MB / 65466.5 MB
[ "18:01:07.697" ][SystemMonitor] Stats Update: CPU App: 1.28205 % | Sys: 94.6154 % | RAM App: 217.898 MB | Sys Avail: 20766.4 MB / 65466.5 MB
[ "18:01:08.679" ][SystemMonitor] Stats Update: CPU App: 0 % | Sys: 88.6243 % | RAM App: 217.914 MB | Sys Avail: 20759.1 MB / 65466.5 MB
[ "18:01:09.682" ][SystemMonitor] Stats Update: CPU App: 0.260417 % | Sys: 90.1042 % | RAM App: 218.008 MB | Sys Avail: 20585.6 MB / 65466.5 MB
TelemetryMonitor: Processed 300 frames. Current FPS: 26
[ "18:01:10.681" ][SystemMonitor] Stats Update: CPU App: 0.520833 % | Sys: 91.4063 % | RAM App: 218.039 MB | Sys Avail: 20710.5 MB / 65466.5 MB
[ "18:01:11.685" ][SystemMonitor] Stats Update: CPU App: 0.520833 % | Sys: 92.1875 % | RAM App: 218.078 MB | Sys Avail: 20769.7 MB / 65466.5 MB
[ "18:01:12.678" ][SystemMonitor] Stats Update: CPU App: 1.04167 % | Sys: 95.0521 % | RAM App: 218.09 MB | Sys Avail: 20700.7 MB / 65466.5 MB
[ "18:01:13.678" ][SystemMonitor] Stats Update: CPU App: 1.04167 % | Sys: 93.75 % | RAM App: 218.105 MB | Sys Avail: 20780.7 MB / 65466.5 MB
[ "18:01:14.679" ][SystemMonitor] Stats Update: CPU App: 0 % | Sys: 71.3542 % | RAM App: 218.117 MB | Sys Avail: 20791.2 MB / 65466.5 MB
[ "18:01:15.680" ][SystemMonitor] Stats Update: CPU App: 0.260417 % | Sys: 84.8958 % | RAM App: 218.133 MB | Sys Avail: 20788.9 MB / 65466.5 MB
[ "18:01:16.679" ][SystemMonitor] Stats Update: CPU App: 0.78125 % | Sys: 88.0208 % | RAM App: 218.148 MB | Sys Avail: 20757.3 MB / 65466.5 MB
[ "18:01:17.679" ][SystemMonitor] Stats Update: CPU App: 0.78125 % | Sys: 73.9583 % | RAM App: 218.164 MB | Sys Avail: 20761.8 MB / 65466.5 MB
[ "18:01:18.679" ][SystemMonitor] Stats Update: CPU App: 0.260417 % | Sys: 84.375 % | RAM App: 218.176 MB | Sys Avail: 20764.1 MB / 65466.5 MB
[ "18:01:19.680" ][SystemMonitor] Stats Update: CPU App: 1.04167 % | Sys: 91.1458 % | RAM App: 218.191 MB | Sys Avail: 20779.5 MB / 65466.5 MB
[ "18:01:20.680" ][SystemMonitor] Stats Update: CPU App: 1.30208 % | Sys: 89.8438 % | RAM App: 218.199 MB | Sys Avail: 20813 MB / 65466.5 MB
TelemetryMonitor: Processed 300 frames. Current FPS: 27
[ "18:01:21.679" ][SystemMonitor] Stats Update: CPU App: 1.04167 % | Sys: 81.5104 % | RAM App: 218.215 MB | Sys Avail: 20812.2 MB / 65466.5 MB
[ "18:01:22.696" ][SystemMonitor] Stats Update: CPU App: 0.25641 % | Sys: 74.6154 % | RAM App: 218.246 MB | Sys Avail: 20829.7 MB / 65466.5 MB
[ "18:01:23.682" ][SystemMonitor] Stats Update: CPU App: 0.529101 % | Sys: 85.1852 % | RAM App: 218.285 MB | Sys Avail: 20759.5 MB / 65466.5 MB
[ "18:01:24.680" ][SystemMonitor] Stats Update: CPU App: 1.30208 % | Sys: 77.8646 % | RAM App: 218.313 MB | Sys Avail: 20790.1 MB / 65466.5 MB
[ "18:01:25.680" ][SystemMonitor] Stats Update: CPU App: 0.78125 % | Sys: 87.2396 % | RAM App: 218.355 MB | Sys Avail: 20796.6 MB / 65466.5 MB
[ "18:01:26.679" ][SystemMonitor] Stats Update: CPU App: 0.260417 % | Sys: 87.5 % | RAM App: 218.391 MB | Sys Avail: 20717.9 MB / 65466.5 MB
[ "18:01:27.695" ][SystemMonitor] Stats Update: CPU App: 1.53846 % | Sys: 80 % | RAM App: 218.426 MB | Sys Avail: 20857.9 MB / 65466.5 MB
[ "18:01:28.679" ][SystemMonitor] Stats Update: CPU App: 0.26455 % | Sys: 91.0053 % | RAM App: 218.453 MB | Sys Avail: 20922.4 MB / 65466.5 MB
[ "18:01:29.680" ][SystemMonitor] Stats Update: CPU App: 1.04167 % | Sys: 77.3438 % | RAM App: 218.539 MB | Sys Avail: 20757.2 MB / 65466.5 MB
[ "18:01:30.697" ][SystemMonitor] Stats Update: CPU App: 0.25641 % | Sys: 86.9231 % | RAM App: 218.613 MB | Sys Avail: 20775.1 MB / 65466.5 MB
TelemetryMonitor: Processed 300 frames. Current FPS: 30
[ "18:01:31.681" ][SystemMonitor] Stats Update: CPU App: 1.32275 % | Sys: 94.1799 % | RAM App: 218.652 MB | Sys Avail: 20870.1 MB / 65466.5 MB
[ "18:01:32.696" ][SystemMonitor] Stats Update: CPU App: 1.02564 % | Sys: 94.359 % | RAM App: 218.684 MB | Sys Avail: 20899.7 MB / 65466.5 MB
[ "18:01:33.687" ][SystemMonitor] Stats Update: CPU App: 1.0582 % | Sys: 99.4709 % | RAM App: 218.73 MB | Sys Avail: 20743.8 MB / 65466.5 MB
[ "18:01:34.698" ][SystemMonitor] Stats Update: CPU App: 1.28205 % | Sys: 87.1795 % | RAM App: 218.758 MB | Sys Avail: 20831.4 MB / 65466.5 MB
[ "18:01:35.679" ][SystemMonitor] Stats Update: CPU App: 1.5873 % | Sys: 88.3598 % | RAM App: 218.805 MB | Sys Avail: 20774.4 MB / 65466.5 MB
[ "18:01:36.679" ][SystemMonitor] Stats Update: CPU App: 1.5625 % | Sys: 93.2292 % | RAM App: 218.883 MB | Sys Avail: 20910.6 MB / 65466.5 MB
[ "18:01:37.696" ][SystemMonitor] Stats Update: CPU App: 0.769231 % | Sys: 78.7179 % | RAM App: 218.922 MB | Sys Avail: 20803.6 MB / 65466.5 MB
[ "18:01:38.679" ][SystemMonitor] Stats Update: CPU App: 0.529101 % | Sys: 86.5079 % | RAM App: 218.953 MB | Sys Avail: 20919.1 MB / 65466.5 MB
[ "18:01:39.681" ][SystemMonitor] Stats Update: CPU App: 0.260417 % | Sys: 86.4583 % | RAM App: 219.004 MB | Sys Avail: 20994.4 MB / 65466.5 MB
[ "18:01:40.680" ][SystemMonitor] Stats Update: CPU App: 0.520833 % | Sys: 96.0938 % | RAM App: 219.039 MB | Sys Avail: 20882.4 MB / 65466.5 MB
[ "18:01:41.678" ][SystemMonitor] Stats Update: CPU App: 0.520833 % | Sys: 80.7292 % | RAM App: 219.074 MB | Sys Avail: 20798.5 MB / 65466.5 MB
TelemetryMonitor: Processed 300 frames. Current FPS: 30
[ "18:01:42.688" ][SystemMonitor] Stats Update: CPU App: 1.30208 % | Sys: 91.6667 % | RAM App: 219.105 MB | Sys Avail: 20856 MB / 65466.5 MB
[ "18:01:43.680" ][SystemMonitor] Stats Update: CPU App: 0.260417 % | Sys: 94.7917 % | RAM App: 219.141 MB | Sys Avail: 20877.7 MB / 65466.5 MB
[ "18:01:44.680" ][SystemMonitor] Stats Update: CPU App: 0.260417 % | Sys: 80.4688 % | RAM App: 219.176 MB | Sys Avail: 20691 MB / 65466.5 MB
[ "18:01:45.679" ][SystemMonitor] Stats Update: CPU App: 1.5625 % | Sys: 98.9583 % | RAM App: 219.227 MB | Sys Avail: 20943 MB / 65466.5 MB
[ "18:01:46.680" ][SystemMonitor] Stats Update: CPU App: 1.30208 % | Sys: 98.4375 % | RAM App: 219.27 MB | Sys Avail: 20992.1 MB / 65466.5 MB
[ "18:01:47.680" ][SystemMonitor] Stats Update: CPU App: 1.5625 % | Sys: 84.6354 % | RAM App: 219.328 MB | Sys Avail: 21011.9 MB / 65466.5 MB
[ "18:01:48.680" ][SystemMonitor] Stats Update: CPU App: 1.04167 % | Sys: 90.3646 % | RAM App: 219.363 MB | Sys Avail: 20876.1 MB / 65466.5 MB
[ "18:01:49.682" ][SystemMonitor] Stats Update: CPU App: 1.04167 % | Sys: 92.7083 % | RAM App: 219.414 MB | Sys Avail: 20978.6 MB / 65466.5 MB
[ "18:01:50.681" ][SystemMonitor] Stats Update: CPU App: 0.260417 % | Sys: 98.9583 % | RAM App: 219.445 MB | Sys Avail: 20841.8 MB / 65466.5 MB
[ "18:01:51.680" ][SystemMonitor] Stats Update: CPU App: 1.04167 % | Sys: 94.0104 % | RAM App: 219.484 MB | Sys Avail: 20778.5 MB / 65466.5 MB
TelemetryMonitor: Processed 300 frames. Current FPS: 29
[ "18:01:52.680" ][SystemMonitor] Stats Update: CPU App: 1.5625 % | Sys: 85.4167 % | RAM App: 219.512 MB | Sys Avail: 20409.5 MB / 65466.5 MB
[ "18:01:53.696" ][SystemMonitor] Stats Update: CPU App: 1.79487 % | Sys: 82.3077 % | RAM App: 219.563 MB | Sys Avail: 20849.3 MB / 65466.5 MB
[ "18:01:54.681" ][SystemMonitor] Stats Update: CPU App: 1.0582 % | Sys: 75.1323 % | RAM App: 219.59 MB | Sys Avail: 20857.2 MB / 65466.5 MB
[ "18:01:55.680" ][SystemMonitor] Stats Update: CPU App: 1.04167 % | Sys: 95.0521 % | RAM App: 219.641 MB | Sys Avail: 20949.3 MB / 65466.5 MB
[ "18:01:56.680" ][SystemMonitor] Stats Update: CPU App: 1.30208 % | Sys: 97.1354 % | RAM App: 219.672 MB | Sys Avail: 20909.4 MB / 65466.5 MB
[ "18:01:57.703" ][SystemMonitor] Stats Update: CPU App: 0.769231 % | Sys: 95.3846 % | RAM App: 219.707 MB | Sys Avail: 20906.8 MB / 65466.5 MB
[ "18:01:58.680" ][SystemMonitor] Stats Update: CPU App: 0.529101 % | Sys: 97.8836 % | RAM App: 219.75 MB | Sys Avail: 20903.1 MB / 65466.5 MB
[ "18:01:59.680" ][SystemMonitor] Stats Update: CPU App: 2.34375 % | Sys: 99.7396 % | RAM App: 219.793 MB | Sys Avail: 20875.6 MB / 65466.5 MB
[ "18:02:00.681" ][SystemMonitor] Stats Update: CPU App: 0.260417 % | Sys: 99.4792 % | RAM App: 219.84 MB | Sys Avail: 20812.8 MB / 65466.5 MB
[ "18:02:01.680" ][SystemMonitor] Stats Update: CPU App: 0.520833 % | Sys: 99.7396 % | RAM App: 217.813 MB | Sys Avail: 20824.5 MB / 65466.5 MB
[ "18:02:02.682" ][SystemMonitor] Stats Update: CPU App: 0.520833 % | Sys: 99.7396 % | RAM App: 217.977 MB | Sys Avail: 20793.7 MB / 65466.5 MB
TelemetryMonitor: Processed 300 frames. Current FPS: 30
[ "18:02:03.683" ][SystemMonitor] Stats Update: CPU App: 0.520833 % | Sys: 100 % | RAM App: 218.047 MB | Sys Avail: 20643.1 MB / 65466.5 MB
[ "18:02:04.690" ][SystemMonitor] Stats Update: CPU App: 1.82292 % | Sys: 100 % | RAM App: 218.063 MB | Sys Avail: 20584.9 MB / 65466.5 MB
[ "18:02:05.681" ][SystemMonitor] Stats Update: CPU App: 0.520833 % | Sys: 100 % | RAM App: 218.094 MB | Sys Avail: 20673.5 MB / 65466.5 MB
[ "18:02:06.680" ][SystemMonitor] Stats Update: CPU App: 0.260417 % | Sys: 100 % | RAM App: 218.113 MB | Sys Avail: 20700.8 MB / 65466.5 MB
[ "18:02:07.681" ][SystemMonitor] Stats Update: CPU App: 1.04167 % | Sys: 100 % | RAM App: 218.164 MB | Sys Avail: 20833 MB / 65466.5 MB
[ "18:02:08.679" ][SystemMonitor] Stats Update: CPU App: 1.30208 % | Sys: 100 % | RAM App: 218.176 MB | Sys Avail: 20831.4 MB / 65466.5 MB
[ "18:02:09.684" ][SystemMonitor] Stats Update: CPU App: 1.30208 % | Sys: 99.4792 % | RAM App: 218.25 MB | Sys Avail: 20672 MB / 65466.5 MB
[ "18:02:10.681" ][SystemMonitor] Stats Update: CPU App: 0.520833 % | Sys: 99.7396 % | RAM App: 218.262 MB | Sys Avail: 20729.5 MB / 65466.5 MB
[ "18:02:11.701" ][SystemMonitor] Stats Update: CPU App: 0.769231 % | Sys: 99.4872 % | RAM App: 218.285 MB | Sys Avail: 20850.5 MB / 65466.5 MB
[ "18:02:12.680" ][SystemMonitor] Stats Update: CPU App: 0.26455 % | Sys: 94.709 % | RAM App: 218.301 MB | Sys Avail: 20839 MB / 65466.5 MB
[ "18:02:13.681" ][SystemMonitor] Stats Update: CPU App: 0.78125 % | Sys: 99.4792 % | RAM App: 218.32 MB | Sys Avail: 20838 MB / 65466.5 MB
TelemetryMonitor: Processed 300 frames. Current FPS: 29
[ "18:02:14.683" ][SystemMonitor] Stats Update: CPU App: 1.30208 % | Sys: 95.8333 % | RAM App: 218.34 MB | Sys Avail: 20970.2 MB / 65466.5 MB
[ "18:02:15.682" ][SystemMonitor] Stats Update: CPU App: 0.78125 % | Sys: 90.3646 % | RAM App: 218.359 MB | Sys Avail: 20967 MB / 65466.5 MB
[ "18:02:16.681" ][SystemMonitor] Stats Update: CPU App: 1.04167 % | Sys: 93.2292 % | RAM App: 218.367 MB | Sys Avail: 20977.4 MB / 65466.5 MB
[ "18:02:17.697" ][SystemMonitor] Stats Update: CPU App: 1.28205 % | Sys: 97.1795 % | RAM App: 218.379 MB | Sys Avail: 20993.4 MB / 65466.5 MB
[ "18:02:18.680" ][SystemMonitor] Stats Update: CPU App: 0.793651 % | Sys: 95.7672 % | RAM App: 218.387 MB | Sys Avail: 21024.1 MB / 65466.5 MB
[ "18:02:19.682" ][SystemMonitor] Stats Update: CPU App: 0.78125 % | Sys: 92.9688 % | RAM App: 218.426 MB | Sys Avail: 21043.3 MB / 65466.5 MB
[ "18:02:20.680" ][SystemMonitor] Stats Update: CPU App: 1.04167 % | Sys: 85.9375 % | RAM App: 218.457 MB | Sys Avail: 21043.9 MB / 65466.5 MB
[ "18:02:21.682" ][SystemMonitor] Stats Update: CPU App: 1.30208 % | Sys: 91.6667 % | RAM App: 218.504 MB | Sys Avail: 21019.3 MB / 65466.5 MB
[ "18:02:22.681" ][SystemMonitor] Stats Update: CPU App: 1.04167 % | Sys: 85.9375 % | RAM App: 218.539 MB | Sys Avail: 21064.6 MB / 65466.5 MB
[ "18:02:23.680" ][SystemMonitor] Stats Update: CPU App: 0.520833 % | Sys: 79.9479 % | RAM App: 218.586 MB | Sys Avail: 21078.8 MB / 65466.5 MB
TelemetryMonitor: Processed 300 frames. Current FPS: 28
[ "18:02:24.680" ][SystemMonitor] Stats Update: CPU App: 1.82292 % | Sys: 91.1458 % | RAM App: 218.621 MB | Sys Avail: 21069.1 MB / 65466.5 MB
[ "18:02:25.699" ][SystemMonitor] Stats Update: CPU App: 1.53846 % | Sys: 86.1538 % | RAM App: 218.668 MB | Sys Avail: 21066.6 MB / 65466.5 MB
[ "18:02:26.679" ][SystemMonitor] Stats Update: CPU App: 0.26455 % | Sys: 78.5714 % | RAM App: 218.699 MB | Sys Avail: 21062.7 MB / 65466.5 MB
[ "18:02:27.680" ][SystemMonitor] Stats Update: CPU App: 1.04167 % | Sys: 82.8125 % | RAM App: 218.746 MB | Sys Avail: 21060.8 MB / 65466.5 MB
[ "18:02:28.682" ][SystemMonitor] Stats Update: CPU App: 0.260417 % | Sys: 92.1875 % | RAM App: 218.773 MB | Sys Avail: 21058.8 MB / 65466.5 MB
[ "18:02:29.681" ][SystemMonitor] Stats Update: CPU App: 0.78125 % | Sys: 83.5938 % | RAM App: 218.816 MB | Sys Avail: 21055.8 MB / 65466.5 MB
[ "18:02:30.681" ][SystemMonitor] Stats Update: CPU App: 1.04167 % | Sys: 88.5417 % | RAM App: 218.848 MB | Sys Avail: 21047.8 MB / 65466.5 MB
[ "18:02:31.682" ][SystemMonitor] Stats Update: CPU App: 0.520833 % | Sys: 78.6458 % | RAM App: 218.941 MB | Sys Avail: 21048.6 MB / 65466.5 MB
[ "18:02:32.684" ][SystemMonitor] Stats Update: CPU App: 0.78125 % | Sys: 88.0208 % | RAM App: 218.973 MB | Sys Avail: 21039.3 MB / 65466.5 MB
[ "18:02:33.697" ][SystemMonitor] Stats Update: CPU App: 1.79487 % | Sys: 96.1538 % | RAM App: 219.016 MB | Sys Avail: 20966.7 MB / 65466.5 MB
[ "18:02:34.682" ][SystemMonitor] Stats Update: CPU App: 0.793651 % | Sys: 94.709 % | RAM App: 219.051 MB | Sys Avail: 21029.2 MB / 65466.5 MB
TelemetryMonitor: Processed 300 frames. Current FPS: 29
[ "18:02:35.682" ][SystemMonitor] Stats Update: CPU App: 1.04167 % | Sys: 88.8021 % | RAM App: 219.09 MB | Sys Avail: 21013.3 MB / 65466.5 MB
[ "18:02:36.682" ][SystemMonitor] Stats Update: CPU App: 0.78125 % | Sys: 95.5729 % | RAM App: 219.121 MB | Sys Avail: 21037.6 MB / 65466.5 MB
[ "18:02:37.682" ][SystemMonitor] Stats Update: CPU App: 1.5625 % | Sys: 72.9167 % | RAM App: 219.16 MB | Sys Avail: 21051.9 MB / 65466.5 MB
[ "18:02:38.683" ][SystemMonitor] Stats Update: CPU App: 0.260417 % | Sys: 80.7292 % | RAM App: 219.191 MB | Sys Avail: 21063.1 MB / 65466.5 MB
[ "18:02:39.680" ][SystemMonitor] Stats Update: CPU App: 1.04167 % | Sys: 81.25 % | RAM App: 219.25 MB | Sys Avail: 21062.3 MB / 65466.5 MB
[ "18:02:40.682" ][SystemMonitor] Stats Update: CPU App: 0.78125 % | Sys: 89.8438 % | RAM App: 219.281 MB | Sys Avail: 21076.3 MB / 65466.5 MB
[ "18:02:41.682" ][SystemMonitor] Stats Update: CPU App: 0.78125 % | Sys: 82.8125 % | RAM App: 219.32 MB | Sys Avail: 21069.8 MB / 65466.5 MB
[ "18:02:42.681" ][SystemMonitor] Stats Update: CPU App: 0.78125 % | Sys: 72.6563 % | RAM App: 219.359 MB | Sys Avail: 21064.8 MB / 65466.5 MB
[ "18:02:43.698" ][SystemMonitor] Stats Update: CPU App: 0.512821 % | Sys: 79.7436 % | RAM App: 219.402 MB | Sys Avail: 21083.1 MB / 65466.5 MB
[ "18:02:44.681" ][SystemMonitor] Stats Update: CPU App: 0.26455 % | Sys: 81.2169 % | RAM App: 219.449 MB | Sys Avail: 21082.7 MB / 65466.5 MB
TelemetryMonitor: Processed 300 frames. Current FPS: 29
[ "18:02:45.682" ][SystemMonitor] Stats Update: CPU App: 1.30208 % | Sys: 76.8229 % | RAM App: 219.488 MB | Sys Avail: 21081.5 MB / 65466.5 MB
[ "18:02:46.680" ][SystemMonitor] Stats Update: CPU App: 0.78125 % | Sys: 75.2604 % | RAM App: 219.527 MB | Sys Avail: 21077.8 MB / 65466.5 MB
[ "18:02:47.681" ][SystemMonitor] Stats Update: CPU App: 0.260417 % | Sys: 73.6979 % | RAM App: 219.57 MB | Sys Avail: 21078.1 MB / 65466.5 MB
[ "18:02:48.679" ][SystemMonitor] Stats Update: CPU App: 0.260417 % | Sys: 82.2917 % | RAM App: 219.625 MB | Sys Avail: 21079.6 MB / 65466.5 MB
[ "18:02:49.681" ][SystemMonitor] Stats Update: CPU App: 0.520833 % | Sys: 76.8229 % | RAM App: 219.68 MB | Sys Avail: 21065.3 MB / 65466.5 MB
[ "18:02:50.680" ][SystemMonitor] Stats Update: CPU App: 1.04167 % | Sys: 82.8125 % | RAM App: 219.734 MB | Sys Avail: 21045.4 MB / 65466.5 MB
[ "18:02:51.678" ][SystemMonitor] Stats Update: CPU App: 1.04167 % | Sys: 78.125 % | RAM App: 219.777 MB | Sys Avail: 21032.4 MB / 65466.5 MB
[ "18:02:52.679" ][SystemMonitor] Stats Update: CPU App: 0.78125 % | Sys: 76.8229 % | RAM App: 219.82 MB | Sys Avail: 21040.2 MB / 65466.5 MB
[ "18:02:53.682" ][SystemMonitor] Stats Update: CPU App: 2.08333 % | Sys: 83.3333 % | RAM App: 219.879 MB | Sys Avail: 21034.8 MB / 65466.5 MB
[ "18:02:54.686" ][SystemMonitor] Stats Update: CPU App: 0.260417 % | Sys: 91.1458 % | RAM App: 219.914 MB | Sys Avail: 20987.7 MB / 65466.5 MB
[ "18:02:55.701" ][SystemMonitor] Stats Update: CPU App: 1.30208 % | Sys: 90.3646 % | RAM App: 219.957 MB | Sys Avail: 20996.2 MB / 65466.5 MB
TelemetryMonitor: Processed 300 frames. Current FPS: 29
[ "18:02:56.679" ][SystemMonitor] Stats Update: CPU App: 1.5625 % | Sys: 82.5521 % | RAM App: 219.996 MB | Sys Avail: 21006.5 MB / 65466.5 MB
[ "18:02:57.682" ][SystemMonitor] Stats Update: CPU App: 1.04167 % | Sys: 68.75 % | RAM App: 220.039 MB | Sys Avail: 21020.1 MB / 65466.5 MB
[ "18:02:58.683" ][SystemMonitor] Stats Update: CPU App: 0.520833 % | Sys: 80.7292 % | RAM App: 220.078 MB | Sys Avail: 21027.3 MB / 65466.5 MB
[ "18:02:59.682" ][SystemMonitor] Stats Update: CPU App: 0.78125 % | Sys: 71.875 % | RAM App: 220.145 MB | Sys Avail: 21022.7 MB / 65466.5 MB
[ "18:03:00.682" ][SystemMonitor] Stats Update: CPU App: 0.520833 % | Sys: 87.2396 % | RAM App: 220.184 MB | Sys Avail: 21016.5 MB / 65466.5 MB
[ "18:03:01.682" ][SystemMonitor] Stats Update: CPU App: 0.520833 % | Sys: 90.1042 % | RAM App: 217.984 MB | Sys Avail: 21024.7 MB / 65466.5 MB
[ "18:03:02.682" ][SystemMonitor] Stats Update: CPU App: 1.04167 % | Sys: 71.6146 % | RAM App: 218.09 MB | Sys Avail: 21022.5 MB / 65466.5 MB
[ "18:03:03.688" ][SystemMonitor] Stats Update: CPU App: 0.520833 % | Sys: 86.4583 % | RAM App: 218.102 MB | Sys Avail: 20853.8 MB / 65466.5 MB
[ "18:03:04.683" ][SystemMonitor] Stats Update: CPU App: 1.30208 % | Sys: 87.5 % | RAM App: 218.168 MB | Sys Avail: 20929.7 MB / 65466.5 MB
[ "18:03:05.683" ][SystemMonitor] Stats Update: CPU App: 0.78125 % | Sys: 88.8021 % | RAM App: 218.199 MB | Sys Avail: 20891.4 MB / 65466.5 MB
TelemetryMonitor: Processed 300 frames. Current FPS: 30
[ "18:03:06.679" ][SystemMonitor] Stats Update: CPU App: 0.260417 % | Sys: 81.7708 % | RAM App: 218.23 MB | Sys Avail: 20913.2 MB / 65466.5 MB
[ "18:03:07.682" ][SystemMonitor] Stats Update: CPU App: 0.520833 % | Sys: 84.1146 % | RAM App: 218.25 MB | Sys Avail: 20924.2 MB / 65466.5 MB
[ "18:03:08.680" ][SystemMonitor] Stats Update: CPU App: 1.04167 % | Sys: 83.3333 % | RAM App: 218.313 MB | Sys Avail: 20860.7 MB / 65466.5 MB
[ "18:03:09.682" ][SystemMonitor] Stats Update: CPU App: 1.5625 % | Sys: 70.8333 % | RAM App: 218.332 MB | Sys Avail: 20848.7 MB / 65466.5 MB
[ "18:03:10.682" ][SystemMonitor] Stats Update: CPU App: 0.78125 % | Sys: 74.7396 % | RAM App: 218.344 MB | Sys Avail: 20850.8 MB / 65466.5 MB
[ "18:03:11.699" ][SystemMonitor] Stats Update: CPU App: 1.28205 % | Sys: 79.4872 % | RAM App: 218.359 MB | Sys Avail: 20847.4 MB / 65466.5 MB
[ "18:03:12.682" ][SystemMonitor] Stats Update: CPU App: 0.529101 % | Sys: 59.5238 % | RAM App: 218.371 MB | Sys Avail: 20830.8 MB / 65466.5 MB
[ "18:03:13.678" ][SystemMonitor] Stats Update: CPU App: 0.78125 % | Sys: 96.875 % | RAM App: 218.387 MB | Sys Avail: 20813.6 MB / 65466.5 MB
[ "18:03:14.680" ][SystemMonitor] Stats Update: CPU App: 1.5625 % | Sys: 79.4271 % | RAM App: 218.395 MB | Sys Avail: 20794.9 MB / 65466.5 MB
[ "18:03:15.700" ][SystemMonitor] Stats Update: CPU App: 0.769231 % | Sys: 75.641 % | RAM App: 218.418 MB | Sys Avail: 20796.5 MB / 65466.5 MB
TelemetryMonitor: Processed 300 frames. Current FPS: 29
[ "18:03:16.683" ][SystemMonitor] Stats Update: CPU App: 0.793651 % | Sys: 81.4815 % | RAM App: 218.43 MB | Sys Avail: 20800.9 MB / 65466.5 MB
[ "18:03:17.682" ][SystemMonitor] Stats Update: CPU App: 1.04167 % | Sys: 74.4792 % | RAM App: 218.453 MB | Sys Avail: 20785.4 MB / 65466.5 MB
[ "18:03:18.683" ][SystemMonitor] Stats Update: CPU App: 0.78125 % | Sys: 71.0938 % | RAM App: 218.48 MB | Sys Avail: 20794.1 MB / 65466.5 MB
[ "18:03:19.699" ][SystemMonitor] Stats Update: CPU App: 0.769231 % | Sys: 71.7949 % | RAM App: 218.516 MB | Sys Avail: 20780.3 MB / 65466.5 MB
[ "18:03:20.677" ][SystemMonitor] Stats Update: CPU App: 1.0582 % | Sys: 81.2169 % | RAM App: 218.551 MB | Sys Avail: 20779.5 MB / 65466.5 MB
[ "18:03:21.682" ][SystemMonitor] Stats Update: CPU App: 0.78125 % | Sys: 72.9167 % | RAM App: 218.59 MB | Sys Avail: 20776 MB / 65466.5 MB
[ "18:03:22.678" ][SystemMonitor] Stats Update: CPU App: 0.520833 % | Sys: 73.1771 % | RAM App: 218.617 MB | Sys Avail: 20785.1 MB / 65466.5 MB
[ "18:03:23.682" ][SystemMonitor] Stats Update: CPU App: 1.82292 % | Sys: 83.0729 % | RAM App: 218.648 MB | Sys Avail: 20791.6 MB / 65466.5 MB
[ "18:03:24.679" ][SystemMonitor] Stats Update: CPU App: 0.520833 % | Sys: 74.4792 % | RAM App: 218.676 MB | Sys Avail: 20801.5 MB / 65466.5 MB
[ "18:03:25.683" ][SystemMonitor] Stats Update: CPU App: 0.78125 % | Sys: 73.6979 % | RAM App: 218.703 MB | Sys Avail: 20806.9 MB / 65466.5 MB
[ "18:03:26.683" ][SystemMonitor] Stats Update: CPU App: 0.78125 % | Sys: 77.0833 % | RAM App: 218.734 MB | Sys Avail: 20804.1 MB / 65466.5 MB
TelemetryMonitor: Processed 300 frames. Current FPS: 30
[ "18:03:27.685" ][SystemMonitor] Stats Update: CPU App: 0.260417 % | Sys: 83.8542 % | RAM App: 218.766 MB | Sys Avail: 20800.7 MB / 65466.5 MB
[ "18:03:28.679" ][SystemMonitor] Stats Update: CPU App: 0.260417 % | Sys: 73.4375 % | RAM App: 218.789 MB | Sys Avail: 20796.9 MB / 65466.5 MB
[ "18:03:29.760" ][SystemMonitor] Stats Update: CPU App: 0.506329 % | Sys: 74.938 % | RAM App: 218.836 MB | Sys Avail: 20794.2 MB / 65466.5 MB
[ "18:03:30.702" ][SystemMonitor] Stats Update: CPU App: 0.791557 % | Sys: 94.8787 % | RAM App: 218.859 MB | Sys Avail: 20741.8 MB / 65466.5 MB
[ "18:03:31.684" ][SystemMonitor] Stats Update: CPU App: 1.32275 % | Sys: 76.455 % | RAM App: 218.906 MB | Sys Avail: 20603.9 MB / 65466.5 MB
[ "18:03:32.678" ][SystemMonitor] Stats Update: CPU App: 0.520833 % | Sys: 72.9167 % | RAM App: 218.945 MB | Sys Avail: 20495.6 MB / 65466.5 MB
[ "18:03:33.682" ][SystemMonitor] Stats Update: CPU App: 1.30208 % | Sys: 92.9688 % | RAM App: 218.988 MB | Sys Avail: 20656.8 MB / 65466.5 MB
[ "18:03:34.683" ][SystemMonitor] Stats Update: CPU App: 0.78125 % | Sys: 88.5417 % | RAM App: 219.016 MB | Sys Avail: 20772.3 MB / 65466.5 MB
[ "18:03:35.683" ][SystemMonitor] Stats Update: CPU App: 1.04167 % | Sys: 80.9896 % | RAM App: 219.059 MB | Sys Avail: 20763 MB / 65466.5 MB
[ "18:03:36.680" ][SystemMonitor] Stats Update: CPU App: 0.520833 % | Sys: 82.2917 % | RAM App: 219.098 MB | Sys Avail: 20871.7 MB / 65466.5 MB
TelemetryMonitor: Processed 300 frames. Current FPS: 30
[ "18:03:37.684" ][SystemMonitor] Stats Update: CPU App: 0.78125 % | Sys: 74.2188 % | RAM App: 219.133 MB | Sys Avail: 20936.3 MB / 65466.5 MB
[ "18:03:38.684" ][SystemMonitor] Stats Update: CPU App: 0.520833 % | Sys: 76.3021 % | RAM App: 219.16 MB | Sys Avail: 20986.6 MB / 65466.5 MB
[ "18:03:39.683" ][SystemMonitor] Stats Update: CPU App: 0.78125 % | Sys: 80.4688 % | RAM App: 219.207 MB | Sys Avail: 21045.4 MB / 65466.5 MB
[ "18:03:40.684" ][SystemMonitor] Stats Update: CPU App: 0.260417 % | Sys: 84.8958 % | RAM App: 219.242 MB | Sys Avail: 20873.4 MB / 65466.5 MB
[ "18:03:41.685" ][SystemMonitor] Stats Update: CPU App: 1.30208 % | Sys: 91.9271 % | RAM App: 219.289 MB | Sys Avail: 20993.7 MB / 65466.5 MB
[ "18:03:42.679" ][SystemMonitor] Stats Update: CPU App: 1.30208 % | Sys: 85.6771 % | RAM App: 219.324 MB | Sys Avail: 21025.1 MB / 65466.5 MB
[ "18:03:43.683" ][SystemMonitor] Stats Update: CPU App: 0.520833 % | Sys: 77.8646 % | RAM App: 219.363 MB | Sys Avail: 20934.9 MB / 65466.5 MB
[ "18:03:44.680" ][SystemMonitor] Stats Update: CPU App: 0.78125 % | Sys: 83.8542 % | RAM App: 219.395 MB | Sys Avail: 20887.2 MB / 65466.5 MB
[ "18:03:45.683" ][SystemMonitor] Stats Update: CPU App: 1.30208 % | Sys: 83.8542 % | RAM App: 219.441 MB | Sys Avail: 21028 MB / 65466.5 MB
[ "18:03:46.679" ][SystemMonitor] Stats Update: CPU App: 0.78125 % | Sys: 80.4688 % | RAM App: 219.469 MB | Sys Avail: 20934.6 MB / 65466.5 MB
[ "18:03:47.684" ][SystemMonitor] Stats Update: CPU App: 0.520833 % | Sys: 89.3229 % | RAM App: 219.504 MB | Sys Avail: 20870.5 MB / 65466.5 MB
TelemetryMonitor: Processed 300 frames. Current FPS: 29
[ "18:03:48.684" ][SystemMonitor] Stats Update: CPU App: 1.30208 % | Sys: 86.4583 % | RAM App: 219.539 MB | Sys Avail: 20626.7 MB / 65466.5 MB
[ "18:03:49.686" ][SystemMonitor] Stats Update: CPU App: 1.30208 % | Sys: 88.5417 % | RAM App: 219.645 MB | Sys Avail: 20747.6 MB / 65466.5 MB
[ "18:03:50.684" ][SystemMonitor] Stats Update: CPU App: 0.520833 % | Sys: 83.8542 % | RAM App: 219.688 MB | Sys Avail: 20790.6 MB / 65466.5 MB
[ "18:03:51.701" ][SystemMonitor] Stats Update: CPU App: 1.28205 % | Sys: 86.1538 % | RAM App: 219.734 MB | Sys Avail: 20619.2 MB / 65466.5 MB
[ "18:03:52.679" ][SystemMonitor] Stats Update: CPU App: 0.793651 % | Sys: 96.8254 % | RAM App: 219.785 MB | Sys Avail: 20588.9 MB / 65466.5 MB
[ "18:03:53.684" ][SystemMonitor] Stats Update: CPU App: 0.260417 % | Sys: 96.875 % | RAM App: 219.844 MB | Sys Avail: 20585.2 MB / 65466.5 MB
[ "18:03:54.679" ][SystemMonitor] Stats Update: CPU App: 0.260417 % | Sys: 86.7188 % | RAM App: 219.902 MB | Sys Avail: 20569.1 MB / 65466.5 MB
[ "18:03:55.683" ][SystemMonitor] Stats Update: CPU App: 1.04167 % | Sys: 91.1458 % | RAM App: 219.945 MB | Sys Avail: 20541.8 MB / 65466.5 MB
[ "18:03:56.680" ][SystemMonitor] Stats Update: CPU App: 1.30208 % | Sys: 84.8958 % | RAM App: 219.98 MB | Sys Avail: 20579.1 MB / 65466.5 MB
[ "18:03:57.684" ][SystemMonitor] Stats Update: CPU App: 0.78125 % | Sys: 92.7083 % | RAM App: 220.027 MB | Sys Avail: 20634.9 MB / 65466.5 MB
TelemetryMonitor: Processed 300 frames. Current FPS: 30
[ "18:03:58.684" ][SystemMonitor] Stats Update: CPU App: 0.78125 % | Sys: 90.1042 % | RAM App: 220.063 MB | Sys Avail: 20448 MB / 65466.5 MB
[ "18:03:59.700" ][SystemMonitor] Stats Update: CPU App: 0.769231 % | Sys: 80.5128 % | RAM App: 220.109 MB | Sys Avail: 20420.1 MB / 65466.5 MB
[ "18:04:00.684" ][SystemMonitor] Stats Update: CPU App: 0.793651 % | Sys: 74.3386 % | RAM App: 217.848 MB | Sys Avail: 20555.3 MB / 65466.5 MB
[ "18:04:01.684" ][SystemMonitor] Stats Update: CPU App: 0.520833 % | Sys: 90.3646 % | RAM App: 217.965 MB | Sys Avail: 20557.9 MB / 65466.5 MB
[ "18:04:02.686" ][SystemMonitor] Stats Update: CPU App: 1.04167 % | Sys: 93.4896 % | RAM App: 217.977 MB | Sys Avail: 20708.5 MB / 65466.5 MB
[ "18:04:03.689" ][SystemMonitor] Stats Update: CPU App: 0 % | Sys: 92.1875 % | RAM App: 218.047 MB | Sys Avail: 20645.2 MB / 65466.5 MB
[ "18:04:04.743" ][SystemMonitor] Stats Update: CPU App: 0.497512 % | Sys: 98.5075 % | RAM App: 218.07 MB | Sys Avail: 20696.7 MB / 65466.5 MB
[ "18:04:05.685" ][SystemMonitor] Stats Update: CPU App: 1.36612 % | Sys: 91.5301 % | RAM App: 218.105 MB | Sys Avail: 20644.2 MB / 65466.5 MB
[ "18:04:06.686" ][SystemMonitor] Stats Update: CPU App: 1.30208 % | Sys: 92.9688 % | RAM App: 218.129 MB | Sys Avail: 20672.7 MB / 65466.5 MB
[ "18:04:07.683" ][SystemMonitor] Stats Update: CPU App: 1.30208 % | Sys: 88.8021 % | RAM App: 218.148 MB | Sys Avail: 20662.1 MB / 65466.5 MB
[ "18:04:08.679" ][SystemMonitor] Stats Update: CPU App: 2.08333 % | Sys: 94.7917 % | RAM App: 218.148 MB | Sys Avail: 20658.4 MB / 65466.5 MB
TelemetryMonitor: Processed 300 frames. Current FPS: 30
[ "18:04:09.684" ][SystemMonitor] Stats Update: CPU App: 0.78125 % | Sys: 88.0208 % | RAM App: 218.215 MB | Sys Avail: 20650.4 MB / 65466.5 MB
[ "18:04:10.684" ][SystemMonitor] Stats Update: CPU App: 0.520833 % | Sys: 86.1979 % | RAM App: 218.23 MB | Sys Avail: 20651.6 MB / 65466.5 MB
[ "18:04:11.684" ][SystemMonitor] Stats Update: CPU App: 1.82292 % | Sys: 97.9167 % | RAM App: 218.254 MB | Sys Avail: 20594.2 MB / 65466.5 MB
[ "18:04:12.692" ][SystemMonitor] Stats Update: CPU App: 1.04167 % | Sys: 93.75 % | RAM App: 218.266 MB | Sys Avail: 20597.8 MB / 65466.5 MB
[ "18:04:13.684" ][SystemMonitor] Stats Update: CPU App: 1.82292 % | Sys: 86.1979 % | RAM App: 218.289 MB | Sys Avail: 20606.7 MB / 65466.5 MB
[ "18:04:14.686" ][SystemMonitor] Stats Update: CPU App: 1.04167 % | Sys: 86.7188 % | RAM App: 218.309 MB | Sys Avail: 20676.7 MB / 65466.5 MB
[ "18:04:15.685" ][SystemMonitor] Stats Update: CPU App: 1.30208 % | Sys: 84.8958 % | RAM App: 218.332 MB | Sys Avail: 20676.2 MB / 65466.5 MB
[ "18:04:16.686" ][SystemMonitor] Stats Update: CPU App: 1.30208 % | Sys: 87.2396 % | RAM App: 218.348 MB | Sys Avail: 20689 MB / 65466.5 MB
[ "18:04:17.684" ][SystemMonitor] Stats Update: CPU App: 0.78125 % | Sys: 89.3229 % | RAM App: 218.375 MB | Sys Avail: 20825.5 MB / 65466.5 MB
[ "18:04:18.684" ][SystemMonitor] Stats Update: CPU App: 2.08333 % | Sys: 89.8438 % | RAM App: 218.41 MB | Sys Avail: 20824.4 MB / 65466.5 MB
TelemetryMonitor: Processed 300 frames. Current FPS: 29
[ "18:04:19.685" ][SystemMonitor] Stats Update: CPU App: 0.520833 % | Sys: 98.1771 % | RAM App: 218.453 MB | Sys Avail: 20816.9 MB / 65466.5 MB
[ "18:04:20.685" ][SystemMonitor] Stats Update: CPU App: 0.78125 % | Sys: 94.0104 % | RAM App: 218.492 MB | Sys Avail: 21319.3 MB / 65466.5 MB
[ "18:04:21.684" ][SystemMonitor] Stats Update: CPU App: 0.260417 % | Sys: 88.5417 % | RAM App: 218.574 MB | Sys Avail: 21342.1 MB / 65466.5 MB
[ "18:04:22.679" ][SystemMonitor] Stats Update: CPU App: 0.78125 % | Sys: 78.3854 % | RAM App: 218.613 MB | Sys Avail: 21329.8 MB / 65466.5 MB
[ "18:04:23.685" ][SystemMonitor] Stats Update: CPU App: 1.30208 % | Sys: 97.3958 % | RAM App: 218.656 MB | Sys Avail: 21293.5 MB / 65466.5 MB
[ "18:04:24.679" ][SystemMonitor] Stats Update: CPU App: 1.04167 % | Sys: 96.6146 % | RAM App: 218.688 MB | Sys Avail: 21301.2 MB / 65466.5 MB
[ "18:04:25.703" ][SystemMonitor] Stats Update: CPU App: 1.02564 % | Sys: 92.0513 % | RAM App: 218.734 MB | Sys Avail: 21297 MB / 65466.5 MB
[ "18:04:26.679" ][SystemMonitor] Stats Update: CPU App: 0.529101 % | Sys: 85.9788 % | RAM App: 218.766 MB | Sys Avail: 21290.2 MB / 65466.5 MB
[ "18:04:27.679" ][SystemMonitor] Stats Update: CPU App: 1.04167 % | Sys: 88.8021 % | RAM App: 218.816 MB | Sys Avail: 21298.5 MB / 65466.5 MB
[ "18:04:28.679" ][SystemMonitor] Stats Update: CPU App: 1.82292 % | Sys: 80.9896 % | RAM App: 218.852 MB | Sys Avail: 21393.9 MB / 65466.5 MB
TelemetryMonitor: Processed 300 frames. Current FPS: 29
[ "18:04:29.685" ][SystemMonitor] Stats Update: CPU App: 0.78125 % | Sys: 72.9167 % | RAM App: 218.895 MB | Sys Avail: 21395.1 MB / 65466.5 MB
[ "18:04:30.679" ][SystemMonitor] Stats Update: CPU App: 1.04167 % | Sys: 73.4375 % | RAM App: 218.922 MB | Sys Avail: 21399.3 MB / 65466.5 MB
[ "18:04:31.682" ][SystemMonitor] Stats Update: CPU App: 1.82292 % | Sys: 73.9583 % | RAM App: 218.965 MB | Sys Avail: 21491.5 MB / 65466.5 MB
[ "18:04:32.686" ][SystemMonitor] Stats Update: CPU App: 0.78125 % | Sys: 76.0417 % | RAM App: 219 MB | Sys Avail: 21627.7 MB / 65466.5 MB
[ "18:04:33.685" ][SystemMonitor] Stats Update: CPU App: 0.520833 % | Sys: 86.7188 % | RAM App: 219.047 MB | Sys Avail: 21537.7 MB / 65466.5 MB
[ "18:04:34.679" ][SystemMonitor] Stats Update: CPU App: 0.78125 % | Sys: 87.5 % | RAM App: 219.078 MB | Sys Avail: 21623.2 MB / 65466.5 MB
[ "18:04:35.680" ][SystemMonitor] Stats Update: CPU App: 1.5625 % | Sys: 79.6875 % | RAM App: 219.121 MB | Sys Avail: 21618.6 MB / 65466.5 MB
[ "18:04:36.679" ][SystemMonitor] Stats Update: CPU App: 0.260417 % | Sys: 82.5521 % | RAM App: 219.16 MB | Sys Avail: 21641.6 MB / 65466.5 MB
[ "18:04:37.702" ][SystemMonitor] Stats Update: CPU App: 0.769231 % | Sys: 76.1538 % | RAM App: 219.207 MB | Sys Avail: 21632 MB / 65466.5 MB
[ "18:04:38.687" ][SystemMonitor] Stats Update: CPU App: 0 % | Sys: 71.9577 % | RAM App: 219.234 MB | Sys Avail: 21635.2 MB / 65466.5 MB
[ "18:04:39.702" ][SystemMonitor] Stats Update: CPU App: 0.512821 % | Sys: 75.1282 % | RAM App: 219.297 MB | Sys Avail: 21648.8 MB / 65466.5 MB
TelemetryMonitor: Processed 300 frames. Current FPS: 30
[ "18:04:40.686" ][SystemMonitor] Stats Update: CPU App: 1.0582 % | Sys: 77.5132 % | RAM App: 219.336 MB | Sys Avail: 21647 MB / 65466.5 MB
[ "18:04:41.683" ][SystemMonitor] Stats Update: CPU App: 0.520833 % | Sys: 89.0625 % | RAM App: 219.383 MB | Sys Avail: 21602.1 MB / 65466.5 MB
[ "18:04:42.685" ][SystemMonitor] Stats Update: CPU App: 2.08333 % | Sys: 95.3125 % | RAM App: 219.41 MB | Sys Avail: 21583.9 MB / 65466.5 MB
[ "18:04:43.680" ][SystemMonitor] Stats Update: CPU App: 1.04167 % | Sys: 88.0208 % | RAM App: 219.461 MB | Sys Avail: 21598.6 MB / 65466.5 MB
[ "18:04:44.679" ][SystemMonitor] Stats Update: CPU App: 1.04167 % | Sys: 73.1771 % | RAM App: 219.5 MB | Sys Avail: 21555.9 MB / 65466.5 MB
[ "18:04:45.687" ][SystemMonitor] Stats Update: CPU App: 0.260417 % | Sys: 80.7292 % | RAM App: 219.539 MB | Sys Avail: 21474.3 MB / 65466.5 MB
[ "18:04:46.680" ][SystemMonitor] Stats Update: CPU App: 0.520833 % | Sys: 89.3229 % | RAM App: 219.574 MB | Sys Avail: 21329.9 MB / 65466.5 MB
[ "18:04:47.685" ][SystemMonitor] Stats Update: CPU App: 0.260417 % | Sys: 84.6354 % | RAM App: 219.625 MB | Sys Avail: 21324 MB / 65466.5 MB
[ "18:04:48.679" ][SystemMonitor] Stats Update: CPU App: 0.260417 % | Sys: 86.7188 % | RAM App: 219.668 MB | Sys Avail: 21316.9 MB / 65466.5 MB
[ "18:04:49.686" ][SystemMonitor] Stats Update: CPU App: 0.260417 % | Sys: 83.5938 % | RAM App: 219.723 MB | Sys Avail: 21288 MB / 65466.5 MB
TelemetryMonitor: Processed 300 frames. Current FPS: 30
[ "18:04:50.685" ][SystemMonitor] Stats Update: CPU App: 1.30208 % | Sys: 86.4583 % | RAM App: 219.766 MB | Sys Avail: 21255.9 MB / 65466.5 MB
[ "18:04:51.686" ][SystemMonitor] Stats Update: CPU App: 1.30208 % | Sys: 86.7188 % | RAM App: 219.813 MB | Sys Avail: 21282.1 MB / 65466.5 MB
[ "18:04:52.678" ][SystemMonitor] Stats Update: CPU App: 1.04167 % | Sys: 87.2396 % | RAM App: 219.852 MB | Sys Avail: 21206.3 MB / 65466.5 MB
[ "18:04:53.686" ][SystemMonitor] Stats Update: CPU App: 1.04167 % | Sys: 87.5 % | RAM App: 219.891 MB | Sys Avail: 20997.7 MB / 65466.5 MB
[ "18:04:54.678" ][SystemMonitor] Stats Update: CPU App: 0.520833 % | Sys: 86.4583 % | RAM App: 219.934 MB | Sys Avail: 21122 MB / 65466.5 MB
[ "18:04:55.684" ][SystemMonitor] Stats Update: CPU App: 1.82292 % | Sys: 82.5521 % | RAM App: 219.969 MB | Sys Avail: 21243.7 MB / 65466.5 MB
[ "18:04:56.686" ][SystemMonitor] Stats Update: CPU App: 0 % | Sys: 78.6458 % | RAM App: 220.008 MB | Sys Avail: 21334 MB / 65466.5 MB
[ "18:04:57.686" ][SystemMonitor] Stats Update: CPU App: 1.04167 % | Sys: 74.4792 % | RAM App: 220.066 MB | Sys Avail: 21336.2 MB / 65466.5 MB
[ "18:04:58.678" ][SystemMonitor] Stats Update: CPU App: 0.520833 % | Sys: 80.2083 % | RAM App: 220.105 MB | Sys Avail: 21317 MB / 65466.5 MB
[ "18:04:59.680" ][SystemMonitor] Stats Update: CPU App: 1.30208 % | Sys: 74.4792 % | RAM App: 217.945 MB | Sys Avail: 21290.4 MB / 65466.5 MB
[ "18:05:00.685" ][SystemMonitor] Stats Update: CPU App: 0.78125 % | Sys: 69.7917 % | RAM App: 218.055 MB | Sys Avail: 21293.6 MB / 65466.5 MB
TelemetryMonitor: Processed 300 frames. Current FPS: 29
[ "18:05:01.682" ][SystemMonitor] Stats Update: CPU App: 0.78125 % | Sys: 68.4896 % | RAM App: 218.063 MB | Sys Avail: 21290.4 MB / 65466.5 MB
[ "18:05:02.686" ][SystemMonitor] Stats Update: CPU App: 0.520833 % | Sys: 83.8542 % | RAM App: 218.074 MB | Sys Avail: 21294.4 MB / 65466.5 MB
[ "18:05:03.685" ][SystemMonitor] Stats Update: CPU App: 0.78125 % | Sys: 87.5 % | RAM App: 218.168 MB | Sys Avail: 21162.4 MB / 65466.5 MB
[ "18:05:04.680" ][SystemMonitor] Stats Update: CPU App: 0.78125 % | Sys: 91.4063 % | RAM App: 218.203 MB | Sys Avail: 21179 MB / 65466.5 MB
[ "18:05:05.678" ][SystemMonitor] Stats Update: CPU App: 0.260417 % | Sys: 76.3021 % | RAM App: 218.23 MB | Sys Avail: 21139.9 MB / 65466.5 MB
[ "18:05:06.687" ][SystemMonitor] Stats Update: CPU App: 0.78125 % | Sys: 83.8542 % | RAM App: 218.285 MB | Sys Avail: 21151.7 MB / 65466.5 MB
[ "18:05:07.687" ][SystemMonitor] Stats Update: CPU App: 1.30208 % | Sys: 86.9792 % | RAM App: 218.301 MB | Sys Avail: 21164.2 MB / 65466.5 MB
[ "18:05:08.687" ][SystemMonitor] Stats Update: CPU App: 1.30208 % | Sys: 76.5625 % | RAM App: 218.309 MB | Sys Avail: 21111.7 MB / 65466.5 MB
[ "18:05:09.687" ][SystemMonitor] Stats Update: CPU App: 0.260417 % | Sys: 92.9688 % | RAM App: 218.332 MB | Sys Avail: 21023.4 MB / 65466.5 MB
[ "18:05:10.679" ][SystemMonitor] Stats Update: CPU App: 0.520833 % | Sys: 77.3438 % | RAM App: 218.344 MB | Sys Avail: 21192.1 MB / 65466.5 MB
TelemetryMonitor: Processed 300 frames. Current FPS: 29
[ "18:05:11.685" ][SystemMonitor] Stats Update: CPU App: 1.30208 % | Sys: 72.9167 % | RAM App: 218.359 MB | Sys Avail: 21194.2 MB / 65466.5 MB
[ "18:05:12.679" ][SystemMonitor] Stats Update: CPU App: 1.5625 % | Sys: 78.125 % | RAM App: 218.367 MB | Sys Avail: 21206.8 MB / 65466.5 MB
[ "18:05:13.687" ][SystemMonitor] Stats Update: CPU App: 1.04167 % | Sys: 70.5729 % | RAM App: 218.418 MB | Sys Avail: 21220.8 MB / 65466.5 MB
[ "18:05:14.703" ][SystemMonitor] Stats Update: CPU App: 0.25641 % | Sys: 67.9487 % | RAM App: 218.43 MB | Sys Avail: 21237.3 MB / 65466.5 MB
[ "18:05:15.686" ][SystemMonitor] Stats Update: CPU App: 0.793651 % | Sys: 71.164 % | RAM App: 218.445 MB | Sys Avail: 21289.9 MB / 65466.5 MB
[ "18:05:16.686" ][SystemMonitor] Stats Update: CPU App: 1.04167 % | Sys: 81.5104 % | RAM App: 218.457 MB | Sys Avail: 21294.1 MB / 65466.5 MB
[ "18:05:17.680" ][SystemMonitor] Stats Update: CPU App: 0.78125 % | Sys: 67.4479 % | RAM App: 218.484 MB | Sys Avail: 21300.7 MB / 65466.5 MB
[ "18:05:18.679" ][SystemMonitor] Stats Update: CPU App: 1.04167 % | Sys: 71.875 % | RAM App: 218.508 MB | Sys Avail: 21299.6 MB / 65466.5 MB
[ "18:05:19.685" ][SystemMonitor] Stats Update: CPU App: 1.04167 % | Sys: 91.4063 % | RAM App: 218.547 MB | Sys Avail: 21274.6 MB / 65466.5 MB
[ "18:05:20.678" ][SystemMonitor] Stats Update: CPU App: 0.260417 % | Sys: 93.2292 % | RAM App: 218.582 MB | Sys Avail: 21250.9 MB / 65466.5 MB
TelemetryMonitor: Processed 300 frames. Current FPS: 29
[ "18:05:21.687" ][SystemMonitor] Stats Update: CPU App: 0.78125 % | Sys: 66.4063 % | RAM App: 218.617 MB | Sys Avail: 21257.3 MB / 65466.5 MB
[ "18:05:22.679" ][SystemMonitor] Stats Update: CPU App: 1.5625 % | Sys: 74.2188 % | RAM App: 218.648 MB | Sys Avail: 21235.7 MB / 65466.5 MB
[ "18:05:23.686" ][SystemMonitor] Stats Update: CPU App: 0.520833 % | Sys: 81.25 % | RAM App: 218.688 MB | Sys Avail: 21229.5 MB / 65466.5 MB
[ "18:05:24.689" ][SystemMonitor] Stats Update: CPU App: 0.78125 % | Sys: 79.4271 % | RAM App: 218.719 MB | Sys Avail: 21217.8 MB / 65466.5 MB
[ "18:05:25.687" ][SystemMonitor] Stats Update: CPU App: 0 % | Sys: 69.2708 % | RAM App: 218.738 MB | Sys Avail: 21324 MB / 65466.5 MB
[ "18:05:26.682" ][SystemMonitor] Stats Update: CPU App: 1.04167 % | Sys: 72.9167 % | RAM App: 218.773 MB | Sys Avail: 21443.7 MB / 65466.5 MB
[ "18:05:27.687" ][SystemMonitor] Stats Update: CPU App: 1.04167 % | Sys: 81.7708 % | RAM App: 218.809 MB | Sys Avail: 21448.2 MB / 65466.5 MB
[ "18:05:28.687" ][SystemMonitor] Stats Update: CPU App: 1.04167 % | Sys: 89.8438 % | RAM App: 218.84 MB | Sys Avail: 21465.2 MB / 65466.5 MB
[ "18:05:29.687" ][SystemMonitor] Stats Update: CPU App: 1.82292 % | Sys: 76.8229 % | RAM App: 218.883 MB | Sys Avail: 21524.5 MB / 65466.5 MB
[ "18:05:30.687" ][SystemMonitor] Stats Update: CPU App: 1.04167 % | Sys: 72.6563 % | RAM App: 218.918 MB | Sys Avail: 21415.5 MB / 65466.5 MB
[ "18:05:31.704" ][SystemMonitor] Stats Update: CPU App: 1.53846 % | Sys: 74.359 % | RAM App: 218.965 MB | Sys Avail: 21431 MB / 65466.5 MB
TelemetryMonitor: Processed 300 frames. Current FPS: 29
[ "18:05:32.687" ][SystemMonitor] Stats Update: CPU App: 1.0582 % | Sys: 79.3651 % | RAM App: 219 MB | Sys Avail: 21519.4 MB / 65466.5 MB
[ "18:05:33.687" ][SystemMonitor] Stats Update: CPU App: 1.30208 % | Sys: 90.625 % | RAM App: 219.039 MB | Sys Avail: 21346.2 MB / 65466.5 MB
[ "18:05:34.679" ][SystemMonitor] Stats Update: CPU App: 1.30208 % | Sys: 83.0729 % | RAM App: 219.07 MB | Sys Avail: 21426 MB / 65466.5 MB
[ "18:05:35.689" ][SystemMonitor] Stats Update: CPU App: 0.78125 % | Sys: 76.0417 % | RAM App: 219.109 MB | Sys Avail: 21527.6 MB / 65466.5 MB
[ "18:05:36.679" ][SystemMonitor] Stats Update: CPU App: 0.520833 % | Sys: 81.5104 % | RAM App: 219.145 MB | Sys Avail: 21413.4 MB / 65466.5 MB
[ "18:05:37.686" ][SystemMonitor] Stats Update: CPU App: 1.30208 % | Sys: 70.5729 % | RAM App: 219.18 MB | Sys Avail: 21409.2 MB / 65466.5 MB
[ "18:05:38.688" ][SystemMonitor] Stats Update: CPU App: 0.78125 % | Sys: 78.9063 % | RAM App: 219.223 MB | Sys Avail: 21546.1 MB / 65466.5 MB
[ "18:05:39.680" ][SystemMonitor] Stats Update: CPU App: 1.5625 % | Sys: 76.5625 % | RAM App: 219.273 MB | Sys Avail: 21526.8 MB / 65466.5 MB
[ "18:05:40.686" ][SystemMonitor] Stats Update: CPU App: 0.520833 % | Sys: 69.7917 % | RAM App: 219.316 MB | Sys Avail: 21397.2 MB / 65466.5 MB
[ "18:05:41.682" ][SystemMonitor] Stats Update: CPU App: 1.04167 % | Sys: 65.8854 % | RAM App: 219.363 MB | Sys Avail: 21511.2 MB / 65466.5 MB
TelemetryMonitor: Processed 300 frames. Current FPS: 30
[ "18:05:42.678" ][SystemMonitor] Stats Update: CPU App: 0.78125 % | Sys: 90.8854 % | RAM App: 219.402 MB | Sys Avail: 21449 MB / 65466.5 MB
[ "18:05:43.688" ][SystemMonitor] Stats Update: CPU App: 1.04167 % | Sys: 95.3125 % | RAM App: 219.453 MB | Sys Avail: 21410.5 MB / 65466.5 MB
[ "18:05:44.687" ][SystemMonitor] Stats Update: CPU App: 1.30208 % | Sys: 80.4688 % | RAM App: 219.492 MB | Sys Avail: 21442 MB / 65466.5 MB
[ "18:05:45.704" ][SystemMonitor] Stats Update: CPU App: 0.769231 % | Sys: 77.6923 % | RAM App: 219.531 MB | Sys Avail: 21241 MB / 65466.5 MB
[ "18:05:46.688" ][SystemMonitor] Stats Update: CPU App: 0.529101 % | Sys: 87.5661 % | RAM App: 219.563 MB | Sys Avail: 21238.6 MB / 65466.5 MB
[ "18:05:47.684" ][SystemMonitor] Stats Update: CPU App: 0.520833 % | Sys: 79.1667 % | RAM App: 219.602 MB | Sys Avail: 21464.5 MB / 65466.5 MB
[ "18:05:48.687" ][SystemMonitor] Stats Update: CPU App: 0.520833 % | Sys: 85.6771 % | RAM App: 219.641 MB | Sys Avail: 21319.3 MB / 65466.5 MB
[ "18:05:49.687" ][SystemMonitor] Stats Update: CPU App: 1.30208 % | Sys: 85.6771 % | RAM App: 219.684 MB | Sys Avail: 21410 MB / 65466.5 MB
[ "18:05:50.679" ][SystemMonitor] Stats Update: CPU App: 0.78125 % | Sys: 87.7604 % | RAM App: 219.715 MB | Sys Avail: 21344.1 MB / 65466.5 MB
[ "18:05:51.688" ][SystemMonitor] Stats Update: CPU App: 1.04167 % | Sys: 88.5417 % | RAM App: 219.758 MB | Sys Avail: 21090.8 MB / 65466.5 MB
TelemetryMonitor: Processed 300 frames. Current FPS: 30
[ "18:05:52.679" ][SystemMonitor] Stats Update: CPU App: 1.30208 % | Sys: 86.4583 % | RAM App: 219.797 MB | Sys Avail: 21133.6 MB / 65466.5 MB
[ "18:05:53.688" ][SystemMonitor] Stats Update: CPU App: 0.78125 % | Sys: 91.9271 % | RAM App: 219.84 MB | Sys Avail: 21178 MB / 65466.5 MB
[ "18:05:54.678" ][SystemMonitor] Stats Update: CPU App: 0.78125 % | Sys: 81.25 % | RAM App: 219.875 MB | Sys Avail: 21221.3 MB / 65466.5 MB
[ "18:05:55.688" ][SystemMonitor] Stats Update: CPU App: 0.78125 % | Sys: 88.0208 % | RAM App: 219.914 MB | Sys Avail: 20988.4 MB / 65466.5 MB
[ "18:05:56.679" ][SystemMonitor] Stats Update: CPU App: 1.04167 % | Sys: 82.2917 % | RAM App: 219.938 MB | Sys Avail: 21165.6 MB / 65466.5 MB
[ "18:05:57.686" ][SystemMonitor] Stats Update: CPU App: 0.78125 % | Sys: 87.2396 % | RAM App: 219.977 MB | Sys Avail: 21104.7 MB / 65466.5 MB
[ "18:05:58.689" ][SystemMonitor] Stats Update: CPU App: 0.78125 % | Sys: 80.7292 % | RAM App: 220.008 MB | Sys Avail: 21123.4 MB / 65466.5 MB
[ "18:05:59.687" ][SystemMonitor] Stats Update: CPU App: 1.04167 % | Sys: 69.2708 % | RAM App: 217.902 MB | Sys Avail: 21162.2 MB / 65466.5 MB
[ "18:06:00.678" ][SystemMonitor] Stats Update: CPU App: 0.520833 % | Sys: 86.9792 % | RAM App: 218.016 MB | Sys Avail: 20930.7 MB / 65466.5 MB
[ "18:06:01.688" ][SystemMonitor] Stats Update: CPU App: 0 % | Sys: 90.8854 % | RAM App: 218.102 MB | Sys Avail: 21033.7 MB / 65466.5 MB
TelemetryMonitor: Processed 300 frames. Current FPS: 30
[ "18:06:02.688" ][SystemMonitor] Stats Update: CPU App: 1.82292 % | Sys: 92.9688 % | RAM App: 218.109 MB | Sys Avail: 20999.5 MB / 65466.5 MB
[ "18:06:03.689" ][SystemMonitor] Stats Update: CPU App: 0.78125 % | Sys: 97.1354 % | RAM App: 218.141 MB | Sys Avail: 21008.1 MB / 65466.5 MB
[ "18:06:04.689" ][SystemMonitor] Stats Update: CPU App: 1.04167 % | Sys: 99.2188 % | RAM App: 218.168 MB | Sys Avail: 21098.7 MB / 65466.5 MB
[ "18:06:05.700" ][SystemMonitor] Stats Update: CPU App: 1.04167 % | Sys: 96.6146 % | RAM App: 218.199 MB | Sys Avail: 21151.9 MB / 65466.5 MB
[ "18:06:06.697" ][SystemMonitor] Stats Update: CPU App: 0.769231 % | Sys: 100 % | RAM App: 218.207 MB | Sys Avail: 21095.7 MB / 65466.5 MB
[ "18:06:07.686" ][SystemMonitor] Stats Update: CPU App: 0.26455 % | Sys: 97.8836 % | RAM App: 218.223 MB | Sys Avail: 21145.2 MB / 65466.5 MB
[ "18:06:08.678" ][SystemMonitor] Stats Update: CPU App: 1.30208 % | Sys: 87.7604 % | RAM App: 218.23 MB | Sys Avail: 21167.7 MB / 65466.5 MB
[ "18:06:09.679" ][SystemMonitor] Stats Update: CPU App: 1.04167 % | Sys: 85.4167 % | RAM App: 218.238 MB | Sys Avail: 21198.8 MB / 65466.5 MB
[ "18:06:10.688" ][SystemMonitor] Stats Update: CPU App: 1.30208 % | Sys: 87.2396 % | RAM App: 218.25 MB | Sys Avail: 21181.9 MB / 65466.5 MB
[ "18:06:11.686" ][SystemMonitor] Stats Update: CPU App: 1.04167 % | Sys: 85.4167 % | RAM App: 218.27 MB | Sys Avail: 21196.1 MB / 65466.5 MB
[ "18:06:12.689" ][SystemMonitor] Stats Update: CPU App: 1.04167 % | Sys: 86.9792 % | RAM App: 218.277 MB | Sys Avail: 21201.6 MB / 65466.5 MB
TelemetryMonitor: Processed 300 frames. Current FPS: 29
[ "18:06:13.688" ][SystemMonitor] Stats Update: CPU App: 0.78125 % | Sys: 89.3229 % | RAM App: 218.293 MB | Sys Avail: 21224.2 MB / 65466.5 MB
[ "18:06:14.679" ][SystemMonitor] Stats Update: CPU App: 1.30208 % | Sys: 94.2708 % | RAM App: 218.297 MB | Sys Avail: 21237 MB / 65466.5 MB
[ "18:06:15.688" ][SystemMonitor] Stats Update: CPU App: 0.520833 % | Sys: 97.9167 % | RAM App: 218.324 MB | Sys Avail: 21204.2 MB / 65466.5 MB
[ "18:06:16.678" ][SystemMonitor] Stats Update: CPU App: 1.04167 % | Sys: 94.5313 % | RAM App: 218.34 MB | Sys Avail: 21191.7 MB / 65466.5 MB
[ "18:06:17.688" ][SystemMonitor] Stats Update: CPU App: 0.78125 % | Sys: 93.75 % | RAM App: 218.383 MB | Sys Avail: 21190.2 MB / 65466.5 MB
[ "18:06:18.689" ][SystemMonitor] Stats Update: CPU App: 1.30208 % | Sys: 94.0104 % | RAM App: 218.418 MB | Sys Avail: 21192.9 MB / 65466.5 MB
[ "18:06:19.687" ][SystemMonitor] Stats Update: CPU App: 1.5625 % | Sys: 97.3958 % | RAM App: 218.461 MB | Sys Avail: 21189 MB / 65466.5 MB
[ "18:06:20.688" ][SystemMonitor] Stats Update: CPU App: 1.5625 % | Sys: 87.5 % | RAM App: 218.5 MB | Sys Avail: 21235.7 MB / 65466.5 MB
[ "18:06:21.689" ][SystemMonitor] Stats Update: CPU App: 0.520833 % | Sys: 83.5938 % | RAM App: 218.594 MB | Sys Avail: 21245.2 MB / 65466.5 MB
[ "18:06:22.690" ][SystemMonitor] Stats Update: CPU App: 0.78125 % | Sys: 84.6354 % | RAM App: 218.676 MB | Sys Avail: 21238.3 MB / 65466.5 MB
TelemetryMonitor: Processed 300 frames. Current FPS: 30
[ "18:06:23.681" ][SystemMonitor] Stats Update: CPU App: 1.30208 % | Sys: 91.6667 % | RAM App: 218.719 MB | Sys Avail: 21253.7 MB / 65466.5 MB
[ "18:06:24.689" ][SystemMonitor] Stats Update: CPU App: 1.04167 % | Sys: 80.2083 % | RAM App: 218.75 MB | Sys Avail: 21278.3 MB / 65466.5 MB
[ "18:06:25.690" ][SystemMonitor] Stats Update: CPU App: 1.30208 % | Sys: 73.1771 % | RAM App: 218.785 MB | Sys Avail: 21276.5 MB / 65466.5 MB
[ "18:06:26.679" ][SystemMonitor] Stats Update: CPU App: 0 % | Sys: 68.4896 % | RAM App: 218.82 MB | Sys Avail: 21280.6 MB / 65466.5 MB
[ "18:06:27.691" ][SystemMonitor] Stats Update: CPU App: 1.30208 % | Sys: 80.4688 % | RAM App: 218.867 MB | Sys Avail: 21280 MB / 65466.5 MB
[ "18:06:28.689" ][SystemMonitor] Stats Update: CPU App: 1.04167 % | Sys: 76.0417 % | RAM App: 218.902 MB | Sys Avail: 21277.2 MB / 65466.5 MB
[ "18:06:29.689" ][SystemMonitor] Stats Update: CPU App: 0.520833 % | Sys: 76.5625 % | RAM App: 218.941 MB | Sys Avail: 21288.9 MB / 65466.5 MB
[ "18:06:30.690" ][SystemMonitor] Stats Update: CPU App: 0.520833 % | Sys: 94.0104 % | RAM App: 218.973 MB | Sys Avail: 21262.8 MB / 65466.5 MB
[ "18:06:31.685" ][SystemMonitor] Stats Update: CPU App: 1.30208 % | Sys: 91.6667 % | RAM App: 219.016 MB | Sys Avail: 21266.4 MB / 65466.5 MB
[ "18:06:32.680" ][SystemMonitor] Stats Update: CPU App: 0.78125 % | Sys: 75 % | RAM App: 219.055 MB | Sys Avail: 21281.4 MB / 65466.5 MB
[ "18:06:33.689" ][SystemMonitor] Stats Update: CPU App: 0.520833 % | Sys: 88.5417 % | RAM App: 219.094 MB | Sys Avail: 21205.9 MB / 65466.5 MB
TelemetryMonitor: Processed 300 frames. Current FPS: 28
[ "18:06:34.679" ][SystemMonitor] Stats Update: CPU App: 0.260417 % | Sys: 87.2396 % | RAM App: 219.121 MB | Sys Avail: 21285.1 MB / 65466.5 MB
[ "18:06:35.688" ][SystemMonitor] Stats Update: CPU App: 1.04167 % | Sys: 77.6042 % | RAM App: 219.16 MB | Sys Avail: 21270.4 MB / 65466.5 MB
[ "18:06:36.689" ][SystemMonitor] Stats Update: CPU App: 0.520833 % | Sys: 78.6458 % | RAM App: 219.195 MB | Sys Avail: 21279 MB / 65466.5 MB
[ "18:06:37.706" ][SystemMonitor] Stats Update: CPU App: 0.769231 % | Sys: 68.4615 % | RAM App: 219.246 MB | Sys Avail: 21283.5 MB / 65466.5 MB
[ "18:06:38.679" ][SystemMonitor] Stats Update: CPU App: 1.85185 % | Sys: 76.455 % | RAM App: 219.281 MB | Sys Avail: 21283.3 MB / 65466.5 MB
[ "18:06:39.686" ][SystemMonitor] Stats Update: CPU App: 0.78125 % | Sys: 76.3021 % | RAM App: 219.328 MB | Sys Avail: 21284.7 MB / 65466.5 MB
[ "18:06:40.679" ][SystemMonitor] Stats Update: CPU App: 1.04167 % | Sys: 69.2708 % | RAM App: 219.371 MB | Sys Avail: 21288.6 MB / 65466.5 MB
[ "18:06:41.681" ][SystemMonitor] Stats Update: CPU App: 0.520833 % | Sys: 69.5313 % | RAM App: 219.406 MB | Sys Avail: 21292.7 MB / 65466.5 MB
[ "18:06:42.690" ][SystemMonitor] Stats Update: CPU App: 0.78125 % | Sys: 73.4375 % | RAM App: 219.449 MB | Sys Avail: 21296 MB / 65466.5 MB
[ "18:06:43.690" ][SystemMonitor] Stats Update: CPU App: 0.520833 % | Sys: 72.1354 % | RAM App: 219.488 MB | Sys Avail: 21299.6 MB / 65466.5 MB
TelemetryMonitor: Processed 300 frames. Current FPS: 29
[ "18:06:44.690" ][SystemMonitor] Stats Update: CPU App: 1.82292 % | Sys: 84.8958 % | RAM App: 219.527 MB | Sys Avail: 21287.9 MB / 65466.5 MB
[ "18:06:45.682" ][SystemMonitor] Stats Update: CPU App: 0.260417 % | Sys: 76.3021 % | RAM App: 219.566 MB | Sys Avail: 21288.7 MB / 65466.5 MB
[ "18:06:46.679" ][SystemMonitor] Stats Update: CPU App: 1.04167 % | Sys: 82.0313 % | RAM App: 219.621 MB | Sys Avail: 21304.6 MB / 65466.5 MB
[ "18:06:47.678" ][SystemMonitor] Stats Update: CPU App: 0.78125 % | Sys: 69.5313 % | RAM App: 219.656 MB | Sys Avail: 21317 MB / 65466.5 MB
[ "18:06:48.691" ][SystemMonitor] Stats Update: CPU App: 1.04167 % | Sys: 82.5521 % | RAM App: 219.691 MB | Sys Avail: 21313.6 MB / 65466.5 MB
[ "18:06:49.686" ][SystemMonitor] Stats Update: CPU App: 1.04167 % | Sys: 74.2188 % | RAM App: 219.742 MB | Sys Avail: 21327 MB / 65466.5 MB
[ "18:06:50.683" ][SystemMonitor] Stats Update: CPU App: 0.260417 % | Sys: 76.5625 % | RAM App: 219.785 MB | Sys Avail: 21390.2 MB / 65466.5 MB
[ "18:06:51.690" ][SystemMonitor] Stats Update: CPU App: 0.520833 % | Sys: 73.1771 % | RAM App: 219.836 MB | Sys Avail: 21394.8 MB / 65466.5 MB
[ "18:06:52.689" ][SystemMonitor] Stats Update: CPU App: 0.78125 % | Sys: 70.8333 % | RAM App: 219.93 MB | Sys Avail: 21404.3 MB / 65466.5 MB
[ "18:06:53.688" ][SystemMonitor] Stats Update: CPU App: 0.520833 % | Sys: 71.0938 % | RAM App: 219.973 MB | Sys Avail: 21409.7 MB / 65466.5 MB
TelemetryMonitor: Processed 300 frames. Current FPS: 29
[ "18:06:54.689" ][SystemMonitor] Stats Update: CPU App: 1.5625 % | Sys: 70.0521 % | RAM App: 220.008 MB | Sys Avail: 21405.7 MB / 65466.5 MB
[ "18:06:55.687" ][SystemMonitor] Stats Update: CPU App: 1.04167 % | Sys: 84.6354 % | RAM App: 220.047 MB | Sys Avail: 21407.9 MB / 65466.5 MB
[ "18:06:56.690" ][SystemMonitor] Stats Update: CPU App: 0.78125 % | Sys: 68.75 % | RAM App: 220.082 MB | Sys Avail: 21400.6 MB / 65466.5 MB
[ "18:06:57.686" ][SystemMonitor] Stats Update: CPU App: 1.04167 % | Sys: 76.3021 % | RAM App: 220.145 MB | Sys Avail: 21411.2 MB / 65466.5 MB
[ "18:06:58.679" ][SystemMonitor] Stats Update: CPU App: 1.30208 % | Sys: 72.6563 % | RAM App: 217.883 MB | Sys Avail: 21409.3 MB / 65466.5 MB
[ "18:06:59.690" ][SystemMonitor] Stats Update: CPU App: 0.78125 % | Sys: 68.4896 % | RAM App: 218.098 MB | Sys Avail: 21402.7 MB / 65466.5 MB
[ "18:07:00.690" ][SystemMonitor] Stats Update: CPU App: 1.82292 % | Sys: 81.5104 % | RAM App: 218.168 MB | Sys Avail: 21405.7 MB / 65466.5 MB
[ "18:07:01.686" ][SystemMonitor] Stats Update: CPU App: 0.260417 % | Sys: 79.6875 % | RAM App: 218.246 MB | Sys Avail: 21410.9 MB / 65466.5 MB
[ "18:07:02.679" ][SystemMonitor] Stats Update: CPU App: 0.260417 % | Sys: 83.5938 % | RAM App: 218.277 MB | Sys Avail: 21406.3 MB / 65466.5 MB
[ "18:07:03.691" ][SystemMonitor] Stats Update: CPU App: 1.04167 % | Sys: 89.0625 % | RAM App: 218.313 MB | Sys Avail: 21323.2 MB / 65466.5 MB
[ "18:07:04.679" ][SystemMonitor] Stats Update: CPU App: 0.520833 % | Sys: 84.6354 % | RAM App: 218.348 MB | Sys Avail: 21391.3 MB / 65466.5 MB
TelemetryMonitor: Processed 300 frames. Current FPS: 31
[ "18:07:05.678" ][SystemMonitor] Stats Update: CPU App: 1.04167 % | Sys: 85.6771 % | RAM App: 218.375 MB | Sys Avail: 21384.6 MB / 65466.5 MB
[ "18:07:06.690" ][SystemMonitor] Stats Update: CPU App: 0.260417 % | Sys: 84.1146 % | RAM App: 218.387 MB | Sys Avail: 21344.7 MB / 65466.5 MB
[ "18:07:07.684" ][SystemMonitor] Stats Update: CPU App: 0.78125 % | Sys: 70.8333 % | RAM App: 218.406 MB | Sys Avail: 21308.2 MB / 65466.5 MB
[ "18:07:08.690" ][SystemMonitor] Stats Update: CPU App: 0.520833 % | Sys: 69.7917 % | RAM App: 218.418 MB | Sys Avail: 21264 MB / 65466.5 MB
[ "18:07:09.708" ][SystemMonitor] Stats Update: CPU App: 1.53846 % | Sys: 76.9231 % | RAM App: 218.434 MB | Sys Avail: 21249.6 MB / 65466.5 MB
[ "18:07:10.690" ][SystemMonitor] Stats Update: CPU App: 1.32275 % | Sys: 93.3862 % | RAM App: 218.441 MB | Sys Avail: 21218 MB / 65466.5 MB
[ "18:07:11.681" ][SystemMonitor] Stats Update: CPU App: 1.30208 % | Sys: 89.0625 % | RAM App: 218.465 MB | Sys Avail: 21204 MB / 65466.5 MB
[ "18:07:12.691" ][SystemMonitor] Stats Update: CPU App: 0.520833 % | Sys: 84.8958 % | RAM App: 218.477 MB | Sys Avail: 21411.9 MB / 65466.5 MB
[ "18:07:13.690" ][SystemMonitor] Stats Update: CPU App: 1.04167 % | Sys: 65.8854 % | RAM App: 218.492 MB | Sys Avail: 21432.3 MB / 65466.5 MB
[ "18:07:14.690" ][SystemMonitor] Stats Update: CPU App: 1.04167 % | Sys: 83.3333 % | RAM App: 218.504 MB | Sys Avail: 21431.3 MB / 65466.5 MB
TelemetryMonitor: Processed 300 frames. Current FPS: 29
[ "18:07:15.690" ][SystemMonitor] Stats Update: CPU App: 1.5625 % | Sys: 85.4167 % | RAM App: 218.527 MB | Sys Avail: 21493.7 MB / 65466.5 MB
[ "18:07:16.690" ][SystemMonitor] Stats Update: CPU App: 1.30208 % | Sys: 66.1458 % | RAM App: 218.559 MB | Sys Avail: 21482.1 MB / 65466.5 MB
[ "18:07:17.687" ][SystemMonitor] Stats Update: CPU App: 1.04167 % | Sys: 66.6667 % | RAM App: 218.59 MB | Sys Avail: 21486.6 MB / 65466.5 MB
[ "18:07:18.691" ][SystemMonitor] Stats Update: CPU App: 1.30208 % | Sys: 87.5 % | RAM App: 218.617 MB | Sys Avail: 21476.3 MB / 65466.5 MB
[ "18:07:19.691" ][SystemMonitor] Stats Update: CPU App: 1.04167 % | Sys: 73.6979 % | RAM App: 218.664 MB | Sys Avail: 21467.2 MB / 65466.5 MB
[ "18:07:20.678" ][SystemMonitor] Stats Update: CPU App: 0.520833 % | Sys: 66.9271 % | RAM App: 218.695 MB | Sys Avail: 21467.5 MB / 65466.5 MB
[ "18:07:21.687" ][SystemMonitor] Stats Update: CPU App: 1.30208 % | Sys: 74.7396 % | RAM App: 218.734 MB | Sys Avail: 21487.4 MB / 65466.5 MB
[ "18:07:22.691" ][SystemMonitor] Stats Update: CPU App: 0.520833 % | Sys: 93.75 % | RAM App: 218.773 MB | Sys Avail: 21434.8 MB / 65466.5 MB
[ "18:07:23.686" ][SystemMonitor] Stats Update: CPU App: 1.30208 % | Sys: 79.9479 % | RAM App: 218.797 MB | Sys Avail: 21419.9 MB / 65466.5 MB
[ "18:07:24.679" ][SystemMonitor] Stats Update: CPU App: 1.30208 % | Sys: 68.4896 % | RAM App: 218.836 MB | Sys Avail: 21419 MB / 65466.5 MB
TelemetryMonitor: Processed 300 frames. Current FPS: 29
[ "18:07:25.692" ][SystemMonitor] Stats Update: CPU App: 1.30208 % | Sys: 72.3958 % | RAM App: 218.875 MB | Sys Avail: 21438.8 MB / 65466.5 MB
[ "18:07:26.678" ][SystemMonitor] Stats Update: CPU App: 1.5625 % | Sys: 78.9063 % | RAM App: 218.914 MB | Sys Avail: 21416.3 MB / 65466.5 MB
[ "18:07:27.687" ][SystemMonitor] Stats Update: CPU App: 1.30208 % | Sys: 70.0521 % | RAM App: 218.957 MB | Sys Avail: 21424.6 MB / 65466.5 MB
[ "18:07:28.690" ][SystemMonitor] Stats Update: CPU App: 0.78125 % | Sys: 68.4896 % | RAM App: 218.992 MB | Sys Avail: 21423.4 MB / 65466.5 MB
[ "18:07:29.691" ][SystemMonitor] Stats Update: CPU App: 0.520833 % | Sys: 72.9167 % | RAM App: 219.027 MB | Sys Avail: 21257.1 MB / 65466.5 MB
[ "18:07:30.692" ][SystemMonitor] Stats Update: CPU App: 1.82292 % | Sys: 95.3125 % | RAM App: 219.055 MB | Sys Avail: 21254 MB / 65466.5 MB
[ "18:07:31.685" ][SystemMonitor] Stats Update: CPU App: 0.78125 % | Sys: 83.0729 % | RAM App: 219.098 MB | Sys Avail: 21331.6 MB / 65466.5 MB
[ "18:07:32.692" ][SystemMonitor] Stats Update: CPU App: 1.5625 % | Sys: 74.7396 % | RAM App: 219.129 MB | Sys Avail: 21131.1 MB / 65466.5 MB
[ "18:07:33.684" ][SystemMonitor] Stats Update: CPU App: 1.04167 % | Sys: 85.9375 % | RAM App: 219.172 MB | Sys Avail: 20899.9 MB / 65466.5 MB
[ "18:07:34.692" ][SystemMonitor] Stats Update: CPU App: 0.78125 % | Sys: 90.8854 % | RAM App: 219.219 MB | Sys Avail: 21179.5 MB / 65466.5 MB
[ "18:07:35.688" ][SystemMonitor] Stats Update: CPU App: 1.5625 % | Sys: 83.8542 % | RAM App: 219.254 MB | Sys Avail: 21611.4 MB / 65466.5 MB
TelemetryMonitor: Processed 300 frames. Current FPS: 30
[ "18:07:36.679" ][SystemMonitor] Stats Update: CPU App: 0.260417 % | Sys: 80.4688 % | RAM App: 219.297 MB | Sys Avail: 21536.5 MB / 65466.5 MB
[ "18:07:37.691" ][SystemMonitor] Stats Update: CPU App: 1.30208 % | Sys: 69.0104 % | RAM App: 219.34 MB | Sys Avail: 21467.5 MB / 65466.5 MB
[ "18:07:38.679" ][SystemMonitor] Stats Update: CPU App: 1.5625 % | Sys: 76.3021 % | RAM App: 219.387 MB | Sys Avail: 21617.9 MB / 65466.5 MB
[ "18:07:39.685" ][SystemMonitor] Stats Update: CPU App: 1.30208 % | Sys: 73.9583 % | RAM App: 219.422 MB | Sys Avail: 21644.6 MB / 65466.5 MB
[ "18:07:40.679" ][SystemMonitor] Stats Update: CPU App: 1.30208 % | Sys: 74.4792 % | RAM App: 219.484 MB | Sys Avail: 21528.5 MB / 65466.5 MB
[ "18:07:41.691" ][SystemMonitor] Stats Update: CPU App: 0.260417 % | Sys: 69.2708 % | RAM App: 219.543 MB | Sys Avail: 21505.5 MB / 65466.5 MB
[ "18:07:42.680" ][SystemMonitor] Stats Update: CPU App: 1.82292 % | Sys: 79.4271 % | RAM App: 219.574 MB | Sys Avail: 21653.9 MB / 65466.5 MB
[ "18:07:43.692" ][SystemMonitor] Stats Update: CPU App: 1.30208 % | Sys: 71.875 % | RAM App: 219.613 MB | Sys Avail: 21641.9 MB / 65466.5 MB
[ "18:07:44.680" ][SystemMonitor] Stats Update: CPU App: 1.82292 % | Sys: 80.9896 % | RAM App: 219.656 MB | Sys Avail: 21527.1 MB / 65466.5 MB
[ "18:07:45.691" ][SystemMonitor] Stats Update: CPU App: 0.78125 % | Sys: 85.4167 % | RAM App: 219.699 MB | Sys Avail: 21682.7 MB / 65466.5 MB
TelemetryMonitor: Processed 300 frames. Current FPS: 29
[ "18:07:46.679" ][SystemMonitor] Stats Update: CPU App: 0.78125 % | Sys: 75.5208 % | RAM App: 219.746 MB | Sys Avail: 21691.3 MB / 65466.5 MB
[ "18:07:47.692" ][SystemMonitor] Stats Update: CPU App: 1.30208 % | Sys: 79.4271 % | RAM App: 219.809 MB | Sys Avail: 21563.4 MB / 65466.5 MB
[ "18:07:48.692" ][SystemMonitor] Stats Update: CPU App: 1.04167 % | Sys: 77.6042 % | RAM App: 219.84 MB | Sys Avail: 21583.9 MB / 65466.5 MB
[ "18:07:49.692" ][SystemMonitor] Stats Update: CPU App: 2.08333 % | Sys: 77.8646 % | RAM App: 219.879 MB | Sys Avail: 21666.3 MB / 65466.5 MB
[ "18:07:50.679" ][SystemMonitor] Stats Update: CPU App: 1.30208 % | Sys: 91.1458 % | RAM App: 219.926 MB | Sys Avail: 21571.6 MB / 65466.5 MB
[ "18:07:51.691" ][SystemMonitor] Stats Update: CPU App: 1.30208 % | Sys: 92.9688 % | RAM App: 219.961 MB | Sys Avail: 21495.9 MB / 65466.5 MB
[ "18:07:52.679" ][SystemMonitor] Stats Update: CPU App: 1.04167 % | Sys: 92.9688 % | RAM App: 219.992 MB | Sys Avail: 21378.5 MB / 65466.5 MB
[ "18:07:53.692" ][SystemMonitor] Stats Update: CPU App: 0.78125 % | Sys: 92.4479 % | RAM App: 220.043 MB | Sys Avail: 21387.9 MB / 65466.5 MB
[ "18:07:54.679" ][SystemMonitor] Stats Update: CPU App: 1.04167 % | Sys: 85.1563 % | RAM App: 220.078 MB | Sys Avail: 21409.5 MB / 65466.5 MB
[ "18:07:55.691" ][SystemMonitor] Stats Update: CPU App: 0.260417 % | Sys: 72.6563 % | RAM App: 217.965 MB | Sys Avail: 21336.3 MB / 65466.5 MB
TelemetryMonitor: Processed 300 frames. Current FPS: 29
[ "18:07:56.678" ][SystemMonitor] Stats Update: CPU App: 1.04167 % | Sys: 72.1354 % | RAM App: 218.023 MB | Sys Avail: 21357 MB / 65466.5 MB
[ "18:07:57.680" ][SystemMonitor] Stats Update: CPU App: 1.04167 % | Sys: 92.1875 % | RAM App: 218.039 MB | Sys Avail: 21348.5 MB / 65466.5 MB
[ "18:07:58.680" ][SystemMonitor] Stats Update: CPU App: 0.78125 % | Sys: 91.4063 % | RAM App: 218.043 MB | Sys Avail: 21358 MB / 65466.5 MB
[ "18:07:59.687" ][SystemMonitor] Stats Update: CPU App: 0.78125 % | Sys: 94.7917 % | RAM App: 218.078 MB | Sys Avail: 21378.3 MB / 65466.5 MB
[ "18:08:00.693" ][SystemMonitor] Stats Update: CPU App: 0.78125 % | Sys: 94.0104 % | RAM App: 218.105 MB | Sys Avail: 21221.6 MB / 65466.5 MB
[ "18:08:01.692" ][SystemMonitor] Stats Update: CPU App: 0.78125 % | Sys: 95.8333 % | RAM App: 218.145 MB | Sys Avail: 21123.8 MB / 65466.5 MB
[ "18:08:02.679" ][SystemMonitor] Stats Update: CPU App: 0.78125 % | Sys: 93.2292 % | RAM App: 218.152 MB | Sys Avail: 21301.6 MB / 65466.5 MB
[ "18:08:03.716" ][SystemMonitor] Stats Update: CPU App: 1.53846 % | Sys: 98.9744 % | RAM App: 218.168 MB | Sys Avail: 21354.3 MB / 65466.5 MB
[ "18:08:04.694" ][SystemMonitor] Stats Update: CPU App: 0.260417 % | Sys: 99.2188 % | RAM App: 218.176 MB | Sys Avail: 21384.3 MB / 65466.5 MB
[ "18:08:05.701" ][SystemMonitor] Stats Update: CPU App: 0.520833 % | Sys: 89.5833 % | RAM App: 218.191 MB | Sys Avail: 21354.1 MB / 65466.5 MB
[ "18:08:06.708" ][SystemMonitor] Stats Update: CPU App: 0.78125 % | Sys: 95.8333 % | RAM App: 218.199 MB | Sys Avail: 21357.6 MB / 65466.5 MB
TelemetryMonitor: Processed 300 frames. Current FPS: 29
[ "18:08:07.700" ][SystemMonitor] Stats Update: CPU App: 0.260417 % | Sys: 85.6771 % | RAM App: 218.215 MB | Sys Avail: 21352.1 MB / 65466.5 MB
[ "18:08:08.695" ][SystemMonitor] Stats Update: CPU App: 0.78125 % | Sys: 86.9792 % | RAM App: 218.223 MB | Sys Avail: 21359.5 MB / 65466.5 MB
[ "18:08:09.695" ][SystemMonitor] Stats Update: CPU App: 0 % | Sys: 80.7292 % | RAM App: 218.242 MB | Sys Avail: 21359.1 MB / 65466.5 MB
[ "18:08:10.694" ][SystemMonitor] Stats Update: CPU App: 1.04167 % | Sys: 85.4167 % | RAM App: 218.258 MB | Sys Avail: 21353 MB / 65466.5 MB
[ "18:08:11.709" ][SystemMonitor] Stats Update: CPU App: 1.04167 % | Sys: 86.4583 % | RAM App: 218.273 MB | Sys Avail: 21351.1 MB / 65466.5 MB
[ "18:08:12.710" ][SystemMonitor] Stats Update: CPU App: 1.02564 % | Sys: 86.9231 % | RAM App: 218.289 MB | Sys Avail: 21312.2 MB / 65466.5 MB
[ "18:08:13.717" ][SystemMonitor] Stats Update: CPU App: 0.260417 % | Sys: 85.4167 % | RAM App: 218.328 MB | Sys Avail: 21314 MB / 65466.5 MB
[ "18:08:14.709" ][SystemMonitor] Stats Update: CPU App: 1.30208 % | Sys: 83.0729 % | RAM App: 218.355 MB | Sys Avail: 21338.1 MB / 65466.5 MB
[ "18:08:15.710" ][SystemMonitor] Stats Update: CPU App: 1.30208 % | Sys: 85.9375 % | RAM App: 218.395 MB | Sys Avail: 21329.1 MB / 65466.5 MB
[ "18:08:16.694" ][SystemMonitor] Stats Update: CPU App: 0.793651 % | Sys: 83.3333 % | RAM App: 218.422 MB | Sys Avail: 21324.1 MB / 65466.5 MB
TelemetryMonitor: Processed 300 frames. Current FPS: 28
[ "18:08:17.703" ][SystemMonitor] Stats Update: CPU App: 1.04167 % | Sys: 84.6354 % | RAM App: 218.461 MB | Sys Avail: 21324.4 MB / 65466.5 MB
[ "18:08:18.709" ][SystemMonitor] Stats Update: CPU App: 1.79487 % | Sys: 87.6923 % | RAM App: 218.492 MB | Sys Avail: 21314.2 MB / 65466.5 MB
[ "18:08:19.701" ][SystemMonitor] Stats Update: CPU App: 0.793651 % | Sys: 78.3069 % | RAM App: 218.52 MB | Sys Avail: 21318.9 MB / 65466.5 MB
[ "18:08:20.709" ][SystemMonitor] Stats Update: CPU App: 1.30208 % | Sys: 77.1429 % | RAM App: 218.547 MB | Sys Avail: 21315.9 MB / 65466.5 MB
[ "18:08:21.726" ][SystemMonitor] Stats Update: CPU App: 1.0101 % | Sys: 80 % | RAM App: 218.586 MB | Sys Avail: 21366.1 MB / 65466.5 MB
[ "18:08:22.695" ][SystemMonitor] Stats Update: CPU App: 0.268817 % | Sys: 72.3118 % | RAM App: 218.617 MB | Sys Avail: 21370.6 MB / 65466.5 MB
[ "18:08:23.709" ][SystemMonitor] Stats Update: CPU App: 1.04167 % | Sys: 82.0313 % | RAM App: 218.652 MB | Sys Avail: 21362.8 MB / 65466.5 MB
[ "18:08:24.695" ][SystemMonitor] Stats Update: CPU App: 1.30208 % | Sys: 66.6667 % | RAM App: 218.68 MB | Sys Avail: 21373.3 MB / 65466.5 MB
[ "18:08:25.710" ][SystemMonitor] Stats Update: CPU App: 1.02564 % | Sys: 73.0769 % | RAM App: 218.719 MB | Sys Avail: 21368.5 MB / 65466.5 MB
[ "18:08:26.709" ][SystemMonitor] Stats Update: CPU App: 0.527704 % | Sys: 77.6042 % | RAM App: 218.746 MB | Sys Avail: 21371.5 MB / 65466.5 MB
[ "18:08:27.709" ][SystemMonitor] Stats Update: CPU App: 0.78329 % | Sys: 78.7958 % | RAM App: 218.781 MB | Sys Avail: 21370.4 MB / 65466.5 MB
TelemetryMonitor: Processed 300 frames. Current FPS: 29
[ "18:08:28.709" ][SystemMonitor] Stats Update: CPU App: 0.520833 % | Sys: 72.6316 % | RAM App: 218.82 MB | Sys Avail: 21364.3 MB / 65466.5 MB
[ "18:08:29.709" ][SystemMonitor] Stats Update: CPU App: 1.02564 % | Sys: 66.6667 % | RAM App: 218.859 MB | Sys Avail: 21363.5 MB / 65466.5 MB
[ "18:08:30.710" ][SystemMonitor] Stats Update: CPU App: 1.30208 % | Sys: 71.6146 % | RAM App: 218.887 MB | Sys Avail: 21356.2 MB / 65466.5 MB
[ "18:08:31.710" ][SystemMonitor] Stats Update: CPU App: 0.260417 % | Sys: 74.4792 % | RAM App: 218.926 MB | Sys Avail: 21353.9 MB / 65466.5 MB
[ "18:08:32.695" ][SystemMonitor] Stats Update: CPU App: 0.793651 % | Sys: 83.5979 % | RAM App: 218.953 MB | Sys Avail: 21328 MB / 65466.5 MB
[ "18:08:33.702" ][SystemMonitor] Stats Update: CPU App: 1.04167 % | Sys: 94.7917 % | RAM App: 218.988 MB | Sys Avail: 21312.2 MB / 65466.5 MB
[ "18:08:34.694" ][SystemMonitor] Stats Update: CPU App: 0.520833 % | Sys: 93.4896 % | RAM App: 219.023 MB | Sys Avail: 21357.4 MB / 65466.5 MB
[ "18:08:35.715" ][SystemMonitor] Stats Update: CPU App: 1.02564 % | Sys: 82.5641 % | RAM App: 219.059 MB | Sys Avail: 21354.7 MB / 65466.5 MB
[ "18:08:36.695" ][SystemMonitor] Stats Update: CPU App: 0.529101 % | Sys: 82.2751 % | RAM App: 219.086 MB | Sys Avail: 21403.1 MB / 65466.5 MB
[ "18:08:37.694" ][SystemMonitor] Stats Update: CPU App: 0.520833 % | Sys: 76.5625 % | RAM App: 219.125 MB | Sys Avail: 21396 MB / 65466.5 MB
TelemetryMonitor: Processed 300 frames. Current FPS: 30
[ "18:08:38.696" ][SystemMonitor] Stats Update: CPU App: 0.520833 % | Sys: 70.8333 % | RAM App: 219.164 MB | Sys Avail: 21385.6 MB / 65466.5 MB
[ "18:08:39.697" ][SystemMonitor] Stats Update: CPU App: 0.260417 % | Sys: 69.7917 % | RAM App: 219.207 MB | Sys Avail: 21392.1 MB / 65466.5 MB
[ "18:08:40.709" ][SystemMonitor] Stats Update: CPU App: 0.769231 % | Sys: 70.2564 % | RAM App: 219.258 MB | Sys Avail: 21398.3 MB / 65466.5 MB
[ "18:08:41.718" ][SystemMonitor] Stats Update: CPU App: 0.260417 % | Sys: 74.4792 % | RAM App: 219.305 MB | Sys Avail: 21397.6 MB / 65466.5 MB
[ "18:08:42.711" ][SystemMonitor] Stats Update: CPU App: 0.520833 % | Sys: 72.1354 % | RAM App: 219.34 MB | Sys Avail: 21398.9 MB / 65466.5 MB
[ "18:08:43.711" ][SystemMonitor] Stats Update: CPU App: 0.78125 % | Sys: 81.5104 % | RAM App: 219.383 MB | Sys Avail: 21367.4 MB / 65466.5 MB
[ "18:08:44.710" ][SystemMonitor] Stats Update: CPU App: 1.30208 % | Sys: 89.3229 % | RAM App: 219.426 MB | Sys Avail: 21372.5 MB / 65466.5 MB
[ "18:08:45.710" ][SystemMonitor] Stats Update: CPU App: 1.04167 % | Sys: 72.3958 % | RAM App: 219.473 MB | Sys Avail: 21386.1 MB / 65466.5 MB
[ "18:08:46.695" ][SystemMonitor] Stats Update: CPU App: 0.793651 % | Sys: 90.7407 % | RAM App: 219.512 MB | Sys Avail: 21405.3 MB / 65466.5 MB
[ "18:08:47.700" ][SystemMonitor] Stats Update: CPU App: 1.5625 % | Sys: 77.8646 % | RAM App: 219.566 MB | Sys Avail: 21398.2 MB / 65466.5 MB
TelemetryMonitor: Processed 300 frames. Current FPS: 30
[ "18:08:48.710" ][SystemMonitor] Stats Update: CPU App: 0.769231 % | Sys: 75.3846 % | RAM App: 219.613 MB | Sys Avail: 21395.6 MB / 65466.5 MB
[ "18:08:49.699" ][SystemMonitor] Stats Update: CPU App: 0.529101 % | Sys: 68.7831 % | RAM App: 219.66 MB | Sys Avail: 21398.8 MB / 65466.5 MB
[ "18:08:50.710" ][SystemMonitor] Stats Update: CPU App: 0.512821 % | Sys: 70.2564 % | RAM App: 219.695 MB | Sys Avail: 21399.1 MB / 65466.5 MB
[ "18:08:51.697" ][SystemMonitor] Stats Update: CPU App: 1.0582 % | Sys: 77.7778 % | RAM App: 219.746 MB | Sys Avail: 21391.7 MB / 65466.5 MB
[ "18:08:52.711" ][SystemMonitor] Stats Update: CPU App: 0.25641 % | Sys: 70.7692 % | RAM App: 219.797 MB | Sys Avail: 21396.5 MB / 65466.5 MB
[ "18:08:53.710" ][SystemMonitor] Stats Update: CPU App: 1.04167 % | Sys: 79.1667 % | RAM App: 219.832 MB | Sys Avail: 21395.4 MB / 65466.5 MB
[ "18:08:54.710" ][SystemMonitor] Stats Update: CPU App: 0.78125 % | Sys: 74.7396 % | RAM App: 218.027 MB | Sys Avail: 21405.1 MB / 65466.5 MB
[ "18:08:55.693" ][SystemMonitor] Stats Update: CPU App: 1.0582 % | Sys: 66.9312 % | RAM App: 218.086 MB | Sys Avail: 21412.3 MB / 65466.5 MB
[ "18:08:56.693" ][SystemMonitor] Stats Update: CPU App: 1.04167 % | Sys: 83.5938 % | RAM App: 218.145 MB | Sys Avail: 21410.6 MB / 65466.5 MB
[ "18:08:57.695" ][SystemMonitor] Stats Update: CPU App: 0.78125 % | Sys: 75.7813 % | RAM App: 218.164 MB | Sys Avail: 21375.9 MB / 65466.5 MB
[ "18:08:58.711" ][SystemMonitor] Stats Update: CPU App: 1.02564 % | Sys: 73.3333 % | RAM App: 218.246 MB | Sys Avail: 21375.5 MB / 65466.5 MB
TelemetryMonitor: Processed 300 frames. Current FPS: 29
[ "18:08:59.710" ][SystemMonitor] Stats Update: CPU App: 0.520833 % | Sys: 66.9271 % | RAM App: 218.34 MB | Sys Avail: 21414.1 MB / 65466.5 MB
[ "18:09:00.711" ][SystemMonitor] Stats Update: CPU App: 0.520833 % | Sys: 68.4896 % | RAM App: 218.414 MB | Sys Avail: 21412.3 MB / 65466.5 MB
[ "18:09:01.710" ][SystemMonitor] Stats Update: CPU App: 0.78125 % | Sys: 85.6771 % | RAM App: 218.43 MB | Sys Avail: 21409 MB / 65466.5 MB
[ "18:09:02.713" ][SystemMonitor] Stats Update: CPU App: 0.78125 % | Sys: 84.375 % | RAM App: 218.441 MB | Sys Avail: 21403 MB / 65466.5 MB
[ "18:09:03.710" ][SystemMonitor] Stats Update: CPU App: 0.260417 % | Sys: 90.3646 % | RAM App: 218.508 MB | Sys Avail: 21290.3 MB / 65466.5 MB
[ "18:09:04.710" ][SystemMonitor] Stats Update: CPU App: 1.04167 % | Sys: 91.6667 % | RAM App: 218.578 MB | Sys Avail: 21314.5 MB / 65466.5 MB
[ "18:09:05.712" ][SystemMonitor] Stats Update: CPU App: 0.520833 % | Sys: 75.7813 % | RAM App: 218.598 MB | Sys Avail: 21289.8 MB / 65466.5 MB
[ "18:09:06.709" ][SystemMonitor] Stats Update: CPU App: 1.30208 % | Sys: 86.7188 % | RAM App: 218.605 MB | Sys Avail: 21314.7 MB / 65466.5 MB
[ "18:09:07.711" ][SystemMonitor] Stats Update: CPU App: 1.04167 % | Sys: 70.3125 % | RAM App: 218.617 MB | Sys Avail: 21291.6 MB / 65466.5 MB
[ "18:09:08.728" ][SystemMonitor] Stats Update: CPU App: 0.512821 % | Sys: 75.641 % | RAM App: 218.625 MB | Sys Avail: 21265.6 MB / 65466.5 MB
TelemetryMonitor: Processed 300 frames. Current FPS: 30
[ "18:09:09.717" ][SystemMonitor] Stats Update: CPU App: 0 % | Sys: 76.9841 % | RAM App: 218.648 MB | Sys Avail: 21242.4 MB / 65466.5 MB
[ "18:09:10.728" ][SystemMonitor] Stats Update: CPU App: 0.512821 % | Sys: 90.5128 % | RAM App: 218.66 MB | Sys Avail: 21226.6 MB / 65466.5 MB
[ "18:09:11.727" ][SystemMonitor] Stats Update: CPU App: 0.520833 % | Sys: 79.1667 % | RAM App: 218.699 MB | Sys Avail: 21221 MB / 65466.5 MB
[ "18:09:12.712" ][SystemMonitor] Stats Update: CPU App: 0.26455 % | Sys: 67.1958 % | RAM App: 218.73 MB | Sys Avail: 21212.3 MB / 65466.5 MB
[ "18:09:13.712" ][SystemMonitor] Stats Update: CPU App: 0.78125 % | Sys: 73.4375 % | RAM App: 218.777 MB | Sys Avail: 21208.3 MB / 65466.5 MB
[ "18:09:14.727" ][SystemMonitor] Stats Update: CPU App: 0.512821 % | Sys: 78.9744 % | RAM App: 218.809 MB | Sys Avail: 21221.4 MB / 65466.5 MB
[ "18:09:15.711" ][SystemMonitor] Stats Update: CPU App: 1.32275 % | Sys: 67.9894 % | RAM App: 218.848 MB | Sys Avail: 21216 MB / 65466.5 MB
[ "18:09:16.711" ][SystemMonitor] Stats Update: CPU App: 1.04167 % | Sys: 69.5313 % | RAM App: 218.875 MB | Sys Avail: 21208.7 MB / 65466.5 MB
[ "18:09:17.795" ][SystemMonitor] Stats Update: CPU App: 1.20773 % | Sys: 79.7101 % | RAM App: 218.918 MB | Sys Avail: 21213.8 MB / 65466.5 MB
[ "18:09:18.709" ][SystemMonitor] Stats Update: CPU App: 0.847458 % | Sys: 75.7062 % | RAM App: 218.949 MB | Sys Avail: 21212.9 MB / 65466.5 MB
[ "18:09:19.729" ][SystemMonitor] Stats Update: CPU App: 1.02564 % | Sys: 78.2051 % | RAM App: 218.984 MB | Sys Avail: 21194.5 MB / 65466.5 MB
TelemetryMonitor: Processed 300 frames. Current FPS: 28
[ "18:09:20.712" ][SystemMonitor] Stats Update: CPU App: 0.793651 % | Sys: 91.0053 % | RAM App: 219.012 MB | Sys Avail: 21194.7 MB / 65466.5 MB
[ "18:09:21.710" ][SystemMonitor] Stats Update: CPU App: 0.78125 % | Sys: 81.25 % | RAM App: 219.055 MB | Sys Avail: 21190.1 MB / 65466.5 MB
[ "18:09:22.711" ][SystemMonitor] Stats Update: CPU App: 0.260417 % | Sys: 69.2708 % | RAM App: 219.141 MB | Sys Avail: 21193.7 MB / 65466.5 MB
[ "18:09:23.711" ][SystemMonitor] Stats Update: CPU App: 0.520833 % | Sys: 69.2708 % | RAM App: 219.176 MB | Sys Avail: 21190.2 MB / 65466.5 MB
[ "18:09:24.709" ][SystemMonitor] Stats Update: CPU App: 0.260417 % | Sys: 69.7917 % | RAM App: 219.203 MB | Sys Avail: 21146.4 MB / 65466.5 MB
[ "18:09:25.711" ][SystemMonitor] Stats Update: CPU App: 0.260417 % | Sys: 72.6563 % | RAM App: 219.246 MB | Sys Avail: 20981 MB / 65466.5 MB
[ "18:09:26.711" ][SystemMonitor] Stats Update: CPU App: 0.78125 % | Sys: 74.4792 % | RAM App: 219.285 MB | Sys Avail: 21031 MB / 65466.5 MB
[ "18:09:27.863" ][SystemMonitor] Stats Update: CPU App: 0.457666 % | Sys: 75.7991 % | RAM App: 219.32 MB | Sys Avail: 21211.8 MB / 65466.5 MB
[ "18:09:28.712" ][SystemMonitor] Stats Update: CPU App: 0.60423 % | Sys: 94.8485 % | RAM App: 219.352 MB | Sys Avail: 21092.5 MB / 65466.5 MB
[ "18:09:29.712" ][SystemMonitor] Stats Update: CPU App: 0.520833 % | Sys: 83.0729 % | RAM App: 219.391 MB | Sys Avail: 21039.3 MB / 65466.5 MB
TelemetryMonitor: Processed 300 frames. Current FPS: 30
[ "18:09:30.711" ][SystemMonitor] Stats Update: CPU App: 1.30208 % | Sys: 72.6563 % | RAM App: 219.422 MB | Sys Avail: 21079.7 MB / 65466.5 MB
[ "18:09:31.712" ][SystemMonitor] Stats Update: CPU App: 0.520833 % | Sys: 68.75 % | RAM App: 219.469 MB | Sys Avail: 21197.1 MB / 65466.5 MB
[ "18:09:32.711" ][SystemMonitor] Stats Update: CPU App: 1.82292 % | Sys: 75.2604 % | RAM App: 219.5 MB | Sys Avail: 21179.1 MB / 65466.5 MB
[ "18:09:33.712" ][SystemMonitor] Stats Update: CPU App: 0.520833 % | Sys: 83.8542 % | RAM App: 219.535 MB | Sys Avail: 21041.9 MB / 65466.5 MB
[ "18:09:34.711" ][SystemMonitor] Stats Update: CPU App: 1.04167 % | Sys: 91.9271 % | RAM App: 219.578 MB | Sys Avail: 21222.8 MB / 65466.5 MB
[ "18:09:35.728" ][SystemMonitor] Stats Update: CPU App: 1.02564 % | Sys: 75.8974 % | RAM App: 219.621 MB | Sys Avail: 21216.1 MB / 65466.5 MB
[ "18:09:36.711" ][SystemMonitor] Stats Update: CPU App: 0.529101 % | Sys: 94.1799 % | RAM App: 219.66 MB | Sys Avail: 21081.7 MB / 65466.5 MB
[ "18:09:37.713" ][SystemMonitor] Stats Update: CPU App: 1.30208 % | Sys: 81.25 % | RAM App: 219.727 MB | Sys Avail: 21079.1 MB / 65466.5 MB
[ "18:09:38.711" ][SystemMonitor] Stats Update: CPU App: 1.5625 % | Sys: 78.6458 % | RAM App: 219.766 MB | Sys Avail: 21199.9 MB / 65466.5 MB
[ "18:09:39.712" ][SystemMonitor] Stats Update: CPU App: 1.04167 % | Sys: 71.875 % | RAM App: 219.809 MB | Sys Avail: 21233.6 MB / 65466.5 MB
TelemetryMonitor: Processed 300 frames. Current FPS: 30
[ "18:09:40.712" ][SystemMonitor] Stats Update: CPU App: 0.260417 % | Sys: 69.7917 % | RAM App: 219.848 MB | Sys Avail: 21061 MB / 65466.5 MB
[ "18:09:41.756" ][SystemMonitor] Stats Update: CPU App: 0 % | Sys: 79.1457 % | RAM App: 219.887 MB | Sys Avail: 21047.4 MB / 65466.5 MB
[ "18:09:42.712" ][SystemMonitor] Stats Update: CPU App: 1.06952 % | Sys: 75.9459 % | RAM App: 219.914 MB | Sys Avail: 21219.7 MB / 65466.5 MB
[ "18:09:43.715" ][SystemMonitor] Stats Update: CPU App: 1.5625 % | Sys: 72.1354 % | RAM App: 219.953 MB | Sys Avail: 21202 MB / 65466.5 MB
[ "18:09:44.710" ][SystemMonitor] Stats Update: CPU App: 0.78125 % | Sys: 74.4792 % | RAM App: 219.988 MB | Sys Avail: 21079.3 MB / 65466.5 MB
[ "18:09:45.712" ][SystemMonitor] Stats Update: CPU App: 0.78125 % | Sys: 73.4375 % | RAM App: 220.055 MB | Sys Avail: 21231.4 MB / 65466.5 MB
[ "18:09:46.709" ][SystemMonitor] Stats Update: CPU App: 1.04167 % | Sys: 87.2396 % | RAM App: 220.09 MB | Sys Avail: 21189 MB / 65466.5 MB
[ "18:09:47.728" ][SystemMonitor] Stats Update: CPU App: 1.28205 % | Sys: 84.359 % | RAM App: 220.125 MB | Sys Avail: 21115.1 MB / 65466.5 MB
[ "18:09:48.712" ][SystemMonitor] Stats Update: CPU App: 1.0582 % | Sys: 83.0688 % | RAM App: 220.156 MB | Sys Avail: 21108 MB / 65466.5 MB
[ "18:09:49.712" ][SystemMonitor] Stats Update: CPU App: 0.78125 % | Sys: 85.6771 % | RAM App: 220.195 MB | Sys Avail: 21264 MB / 65466.5 MB
[ "18:09:50.712" ][SystemMonitor] Stats Update: CPU App: 0.520833 % | Sys: 81.25 % | RAM App: 220.227 MB | Sys Avail: 21191 MB / 65466.5 MB
TelemetryMonitor: Processed 300 frames. Current FPS: 30
[ "18:09:51.712" ][SystemMonitor] Stats Update: CPU App: 0.520833 % | Sys: 75.5208 % | RAM App: 220.262 MB | Sys Avail: 21243.7 MB / 65466.5 MB
[ "18:09:52.718" ][SystemMonitor] Stats Update: CPU App: 1.04167 % | Sys: 56.25 % | RAM App: 220.301 MB | Sys Avail: 21255.1 MB / 65466.5 MB
[ "18:09:53.714" ][SystemMonitor] Stats Update: CPU App: 0.260417 % | Sys: 76.3021 % | RAM App: 217.973 MB | Sys Avail: 21248.4 MB / 65466.5 MB
[ "18:09:54.709" ][SystemMonitor] Stats Update: CPU App: 1.04167 % | Sys: 85.4167 % | RAM App: 218.129 MB | Sys Avail: 21254.6 MB / 65466.5 MB
[ "18:09:55.712" ][SystemMonitor] Stats Update: CPU App: 0.78125 % | Sys: 81.25 % | RAM App: 218.195 MB | Sys Avail: 21253.1 MB / 65466.5 MB
[ "18:09:56.712" ][SystemMonitor] Stats Update: CPU App: 1.30208 % | Sys: 85.1563 % | RAM App: 218.258 MB | Sys Avail: 21239.2 MB / 65466.5 MB
[ "18:09:57.712" ][SystemMonitor] Stats Update: CPU App: 1.04167 % | Sys: 88.5417 % | RAM App: 218.281 MB | Sys Avail: 21250.6 MB / 65466.5 MB
[ "18:09:58.712" ][SystemMonitor] Stats Update: CPU App: 2.34375 % | Sys: 90.8854 % | RAM App: 218.316 MB | Sys Avail: 21238.2 MB / 65466.5 MB
[ "18:09:59.729" ][SystemMonitor] Stats Update: CPU App: 1.02564 % | Sys: 80 % | RAM App: 218.344 MB | Sys Avail: 21247.1 MB / 65466.5 MB
[ "18:10:00.712" ][SystemMonitor] Stats Update: CPU App: 0.793651 % | Sys: 85.1852 % | RAM App: 218.352 MB | Sys Avail: 21239.4 MB / 65466.5 MB
TelemetryMonitor: Processed 300 frames. Current FPS: 30
[ "18:10:01.730" ][SystemMonitor] Stats Update: CPU App: 0.769231 % | Sys: 88.4615 % | RAM App: 218.367 MB | Sys Avail: 21233.8 MB / 65466.5 MB
[ "18:10:02.710" ][SystemMonitor] Stats Update: CPU App: 0.529101 % | Sys: 85.1852 % | RAM App: 218.43 MB | Sys Avail: 21238.3 MB / 65466.5 MB
[ "18:10:03.716" ][SystemMonitor] Stats Update: CPU App: 0.260417 % | Sys: 95.5729 % | RAM App: 218.48 MB | Sys Avail: 21162.4 MB / 65466.5 MB
[ "18:10:04.715" ][SystemMonitor] Stats Update: CPU App: 0.78125 % | Sys: 98.6979 % | RAM App: 218.484 MB | Sys Avail: 21226.6 MB / 65466.5 MB
[ "18:10:05.713" ][SystemMonitor] Stats Update: CPU App: 0 % | Sys: 86.4583 % | RAM App: 218.5 MB | Sys Avail: 21204.7 MB / 65466.5 MB
[ "18:10:06.713" ][SystemMonitor] Stats Update: CPU App: 1.5625 % | Sys: 90.8854 % | RAM App: 218.566 MB | Sys Avail: 21215.5 MB / 65466.5 MB
[ "18:10:07.712" ][SystemMonitor] Stats Update: CPU App: 1.5625 % | Sys: 82.2917 % | RAM App: 218.582 MB | Sys Avail: 21211.9 MB / 65466.5 MB
[ "18:10:08.713" ][SystemMonitor] Stats Update: CPU App: 1.30208 % | Sys: 86.4583 % | RAM App: 218.59 MB | Sys Avail: 21211.4 MB / 65466.5 MB
[ "18:10:09.715" ][SystemMonitor] Stats Update: CPU App: 0.520833 % | Sys: 89.3229 % | RAM App: 218.609 MB | Sys Avail: 21161 MB / 65466.5 MB
[ "18:10:10.730" ][SystemMonitor] Stats Update: CPU App: 0.769231 % | Sys: 82.5641 % | RAM App: 218.633 MB | Sys Avail: 21156.5 MB / 65466.5 MB
[ "18:10:11.729" ][SystemMonitor] Stats Update: CPU App: 1.04167 % | Sys: 83.3333 % | RAM App: 218.672 MB | Sys Avail: 21157.7 MB / 65466.5 MB
TelemetryMonitor: Processed 300 frames. Current FPS: 27
[ "18:10:12.710" ][SystemMonitor] Stats Update: CPU App: 0.793651 % | Sys: 89.418 % | RAM App: 218.699 MB | Sys Avail: 21163.1 MB / 65466.5 MB
[ "18:10:13.731" ][SystemMonitor] Stats Update: CPU App: 0.769231 % | Sys: 87.1795 % | RAM App: 218.727 MB | Sys Avail: 21166.6 MB / 65466.5 MB
[ "18:10:14.712" ][SystemMonitor] Stats Update: CPU App: 0.793651 % | Sys: 83.8624 % | RAM App: 218.758 MB | Sys Avail: 21182.9 MB / 65466.5 MB
[ "18:10:15.712" ][SystemMonitor] Stats Update: CPU App: 1.5625 % | Sys: 86.7188 % | RAM App: 218.797 MB | Sys Avail: 21182.6 MB / 65466.5 MB
[ "18:10:16.711" ][SystemMonitor] Stats Update: CPU App: 0.78125 % | Sys: 72.9167 % | RAM App: 218.828 MB | Sys Avail: 21200.5 MB / 65466.5 MB
[ "18:10:17.776" ][SystemMonitor] Stats Update: CPU App: 1.25945 % | Sys: 79.8526 % | RAM App: 218.852 MB | Sys Avail: 21199.8 MB / 65466.5 MB
[ "18:10:18.714" ][SystemMonitor] Stats Update: CPU App: 1.07817 % | Sys: 76.1773 % | RAM App: 218.887 MB | Sys Avail: 21212.2 MB / 65466.5 MB
[ "18:10:19.710" ][SystemMonitor] Stats Update: CPU App: 0.260417 % | Sys: 70.0521 % | RAM App: 218.93 MB | Sys Avail: 21207.5 MB / 65466.5 MB
[ "18:10:20.713" ][SystemMonitor] Stats Update: CPU App: 0.78125 % | Sys: 82.2917 % | RAM App: 218.961 MB | Sys Avail: 21148.9 MB / 65466.5 MB
[ "18:10:21.713" ][SystemMonitor] Stats Update: CPU App: 0.520833 % | Sys: 76.0417 % | RAM App: 218.992 MB | Sys Avail: 21167.4 MB / 65466.5 MB
TelemetryMonitor: Processed 300 frames. Current FPS: 29
[ "18:10:22.720" ][SystemMonitor] Stats Update: CPU App: 1.04167 % | Sys: 81.25 % | RAM App: 219.027 MB | Sys Avail: 21121.4 MB / 65466.5 MB
[ "18:10:23.713" ][SystemMonitor] Stats Update: CPU App: 0.260417 % | Sys: 71.875 % | RAM App: 219.063 MB | Sys Avail: 21125.3 MB / 65466.5 MB
[ "18:10:24.710" ][SystemMonitor] Stats Update: CPU App: 1.30208 % | Sys: 79.4271 % | RAM App: 219.094 MB | Sys Avail: 21135.3 MB / 65466.5 MB
[ "18:10:25.729" ][SystemMonitor] Stats Update: CPU App: 0.769231 % | Sys: 82.5641 % | RAM App: 219.133 MB | Sys Avail: 21129.1 MB / 65466.5 MB
[ "18:10:26.713" ][SystemMonitor] Stats Update: CPU App: 0.529101 % | Sys: 69.8413 % | RAM App: 219.164 MB | Sys Avail: 21134.9 MB / 65466.5 MB
[ "18:10:27.709" ][SystemMonitor] Stats Update: CPU App: 0.260417 % | Sys: 70.3125 % | RAM App: 219.199 MB | Sys Avail: 21127.8 MB / 65466.5 MB
[ "18:10:28.713" ][SystemMonitor] Stats Update: CPU App: 0.260417 % | Sys: 76.3021 % | RAM App: 219.23 MB | Sys Avail: 21127.3 MB / 65466.5 MB
[ "18:10:29.713" ][SystemMonitor] Stats Update: CPU App: 0.78125 % | Sys: 73.6979 % | RAM App: 219.266 MB | Sys Avail: 21132.2 MB / 65466.5 MB
[ "18:10:30.715" ][SystemMonitor] Stats Update: CPU App: 1.5625 % | Sys: 80.7292 % | RAM App: 219.293 MB | Sys Avail: 21098 MB / 65466.5 MB
[ "18:10:31.737" ][SystemMonitor] Stats Update: CPU App: 1.02564 % | Sys: 96.1538 % | RAM App: 219.332 MB | Sys Avail: 21312.1 MB / 65466.5 MB
[ "18:10:32.713" ][SystemMonitor] Stats Update: CPU App: 1.32275 % | Sys: 78.836 % | RAM App: 219.363 MB | Sys Avail: 21317.9 MB / 65466.5 MB
TelemetryMonitor: Processed 300 frames. Current FPS: 28
[ "18:10:33.716" ][SystemMonitor] Stats Update: CPU App: 1.04167 % | Sys: 86.4583 % | RAM App: 219.422 MB | Sys Avail: 21276 MB / 65466.5 MB
[ "18:10:34.711" ][SystemMonitor] Stats Update: CPU App: 1.04167 % | Sys: 87.5 % | RAM App: 219.469 MB | Sys Avail: 21393.4 MB / 65466.5 MB
[ "18:10:35.713" ][SystemMonitor] Stats Update: CPU App: 1.04167 % | Sys: 78.6458 % | RAM App: 219.52 MB | Sys Avail: 21378.3 MB / 65466.5 MB
[ "18:10:36.713" ][SystemMonitor] Stats Update: CPU App: 0.260417 % | Sys: 83.8542 % | RAM App: 219.578 MB | Sys Avail: 21396.7 MB / 65466.5 MB
[ "18:10:37.730" ][SystemMonitor] Stats Update: CPU App: 0.512821 % | Sys: 68.2051 % | RAM App: 219.633 MB | Sys Avail: 21387.9 MB / 65466.5 MB
[ "18:10:38.711" ][SystemMonitor] Stats Update: CPU App: 0.793651 % | Sys: 76.9841 % | RAM App: 219.676 MB | Sys Avail: 21387.7 MB / 65466.5 MB
[ "18:10:39.714" ][SystemMonitor] Stats Update: CPU App: 1.5625 % | Sys: 72.3958 % | RAM App: 219.719 MB | Sys Avail: 21388.8 MB / 65466.5 MB
[ "18:10:40.714" ][SystemMonitor] Stats Update: CPU App: 0.78125 % | Sys: 88.2813 % | RAM App: 219.773 MB | Sys Avail: 21362.5 MB / 65466.5 MB
[ "18:10:41.715" ][SystemMonitor] Stats Update: CPU App: 1.30208 % | Sys: 83.5938 % | RAM App: 219.816 MB | Sys Avail: 21333.8 MB / 65466.5 MB
[ "18:10:42.711" ][SystemMonitor] Stats Update: CPU App: 0.78125 % | Sys: 77.8646 % | RAM App: 219.859 MB | Sys Avail: 21334.3 MB / 65466.5 MB
TelemetryMonitor: Processed 300 frames. Current FPS: 29
[ "18:10:43.715" ][SystemMonitor] Stats Update: CPU App: 0.78125 % | Sys: 78.9063 % | RAM App: 219.918 MB | Sys Avail: 21373.2 MB / 65466.5 MB
[ "18:10:44.714" ][SystemMonitor] Stats Update: CPU App: 0.78125 % | Sys: 81.7708 % | RAM App: 219.961 MB | Sys Avail: 21382.7 MB / 65466.5 MB
[ "18:10:45.714" ][SystemMonitor] Stats Update: CPU App: 0.78125 % | Sys: 67.9688 % | RAM App: 220.004 MB | Sys Avail: 21404 MB / 65466.5 MB
[ "18:10:46.714" ][SystemMonitor] Stats Update: CPU App: 0.520833 % | Sys: 67.4479 % | RAM App: 220.055 MB | Sys Avail: 21408.6 MB / 65466.5 MB
[ "18:10:47.713" ][SystemMonitor] Stats Update: CPU App: 0.520833 % | Sys: 90.3646 % | RAM App: 220.105 MB | Sys Avail: 21404.8 MB / 65466.5 MB
[ "18:10:48.712" ][SystemMonitor] Stats Update: CPU App: 0.78125 % | Sys: 80.4688 % | RAM App: 220.141 MB | Sys Avail: 21405.5 MB / 65466.5 MB
[ "18:10:49.714" ][SystemMonitor] Stats Update: CPU App: 0 % | Sys: 72.1354 % | RAM App: 220.188 MB | Sys Avail: 21401.2 MB / 65466.5 MB
[ "18:10:50.711" ][SystemMonitor] Stats Update: CPU App: 0 % | Sys: 85.1563 % | RAM App: 220.25 MB | Sys Avail: 21398.6 MB / 65466.5 MB
[ "18:10:51.714" ][SystemMonitor] Stats Update: CPU App: 0.78125 % | Sys: 78.3854 % | RAM App: 220.305 MB | Sys Avail: 21384.3 MB / 65466.5 MB
[ "18:10:52.711" ][SystemMonitor] Stats Update: CPU App: 0.260417 % | Sys: 78.9063 % | RAM App: 218.066 MB | Sys Avail: 21367.5 MB / 65466.5 MB
TelemetryMonitor: Processed 300 frames. Current FPS: 30
[ "18:10:53.732" ][SystemMonitor] Stats Update: CPU App: 0.512821 % | Sys: 92.8205 % | RAM App: 218.184 MB | Sys Avail: 21341.9 MB / 65466.5 MB
[ "18:10:54.714" ][SystemMonitor] Stats Update: CPU App: 1.0582 % | Sys: 83.8624 % | RAM App: 218.246 MB | Sys Avail: 21286.8 MB / 65466.5 MB
[ "18:10:55.714" ][SystemMonitor] Stats Update: CPU App: 1.30208 % | Sys: 85.6771 % | RAM App: 218.316 MB | Sys Avail: 21099.7 MB / 65466.5 MB
[ "18:10:56.709" ][SystemMonitor] Stats Update: CPU App: 1.04167 % | Sys: 80.7292 % | RAM App: 218.453 MB | Sys Avail: 21065.3 MB / 65466.5 MB
[ "18:10:57.710" ][SystemMonitor] Stats Update: CPU App: 0.78125 % | Sys: 79.9479 % | RAM App: 218.5 MB | Sys Avail: 20999.8 MB / 65466.5 MB
[ "18:10:58.710" ][SystemMonitor] Stats Update: CPU App: 1.04167 % | Sys: 90.3646 % | RAM App: 218.516 MB | Sys Avail: 21022.7 MB / 65466.5 MB
[ "18:10:59.715" ][SystemMonitor] Stats Update: CPU App: 0.78125 % | Sys: 92.1875 % | RAM App: 218.586 MB | Sys Avail: 20882.2 MB / 65466.5 MB
[ "18:11:00.712" ][SystemMonitor] Stats Update: CPU App: 0.520833 % | Sys: 94.0104 % | RAM App: 218.598 MB | Sys Avail: 20875.9 MB / 65466.5 MB
[ "18:11:01.715" ][SystemMonitor] Stats Update: CPU App: 0 % | Sys: 91.4063 % | RAM App: 218.609 MB | Sys Avail: 20829 MB / 65466.5 MB
[ "18:11:02.711" ][SystemMonitor] Stats Update: CPU App: 0.78125 % | Sys: 92.4479 % | RAM App: 218.621 MB | Sys Avail: 20746.3 MB / 65466.5 MB
[ "18:11:03.712" ][SystemMonitor] Stats Update: CPU App: 0.78125 % | Sys: 92.9688 % | RAM App: 218.633 MB | Sys Avail: 20664.2 MB / 65466.5 MB
TelemetryMonitor: Processed 300 frames. Current FPS: 29
[ "18:11:04.710" ][SystemMonitor] Stats Update: CPU App: 0.78125 % | Sys: 99.7396 % | RAM App: 218.641 MB | Sys Avail: 20631.5 MB / 65466.5 MB
[ "18:11:05.711" ][SystemMonitor] Stats Update: CPU App: 0.520833 % | Sys: 88.2813 % | RAM App: 218.656 MB | Sys Avail: 20571.8 MB / 65466.5 MB
[ "18:11:06.736" ][SystemMonitor] Stats Update: CPU App: 1.79487 % | Sys: 94.1026 % | RAM App: 218.668 MB | Sys Avail: 20589.7 MB / 65466.5 MB
[ "18:11:07.716" ][SystemMonitor] Stats Update: CPU App: 0.793651 % | Sys: 87.037 % | RAM App: 218.684 MB | Sys Avail: 20639.9 MB / 65466.5 MB
[ "18:11:08.710" ][SystemMonitor] Stats Update: CPU App: 1.30208 % | Sys: 85.6771 % | RAM App: 218.742 MB | Sys Avail: 20794.2 MB / 65466.5 MB
[ "18:11:09.715" ][SystemMonitor] Stats Update: CPU App: 0.520833 % | Sys: 84.6354 % | RAM App: 218.77 MB | Sys Avail: 20796.6 MB / 65466.5 MB
[ "18:11:10.710" ][SystemMonitor] Stats Update: CPU App: 0.520833 % | Sys: 73.4375 % | RAM App: 218.801 MB | Sys Avail: 20795.6 MB / 65466.5 MB
[ "18:11:11.716" ][SystemMonitor] Stats Update: CPU App: 0.520833 % | Sys: 74.7396 % | RAM App: 218.836 MB | Sys Avail: 20782.8 MB / 65466.5 MB
[ "18:11:12.716" ][SystemMonitor] Stats Update: CPU App: 0.520833 % | Sys: 73.9583 % | RAM App: 218.867 MB | Sys Avail: 20827.3 MB / 65466.5 MB
[ "18:11:13.715" ][SystemMonitor] Stats Update: CPU App: 0.78125 % | Sys: 90.3646 % | RAM App: 218.902 MB | Sys Avail: 20818.7 MB / 65466.5 MB
TelemetryMonitor: Processed 300 frames. Current FPS: 30
[ "18:11:14.711" ][SystemMonitor] Stats Update: CPU App: 0.520833 % | Sys: 75 % | RAM App: 218.934 MB | Sys Avail: 20803.9 MB / 65466.5 MB
[ "18:11:15.715" ][SystemMonitor] Stats Update: CPU App: 1.04167 % | Sys: 77.8646 % | RAM App: 218.965 MB | Sys Avail: 20796.7 MB / 65466.5 MB
[ "18:11:16.711" ][SystemMonitor] Stats Update: CPU App: 0.78125 % | Sys: 72.6563 % | RAM App: 218.996 MB | Sys Avail: 20798 MB / 65466.5 MB
[ "18:11:17.731" ][SystemMonitor] Stats Update: CPU App: 1.02564 % | Sys: 92.5641 % | RAM App: 219.039 MB | Sys Avail: 20767.2 MB / 65466.5 MB
[ "18:11:18.715" ][SystemMonitor] Stats Update: CPU App: 1.32275 % | Sys: 77.2487 % | RAM App: 219.07 MB | Sys Avail: 20753.7 MB / 65466.5 MB
[ "18:11:19.715" ][SystemMonitor] Stats Update: CPU App: 0.78125 % | Sys: 70.8333 % | RAM App: 219.117 MB | Sys Avail: 20757.9 MB / 65466.5 MB
[ "18:11:20.711" ][SystemMonitor] Stats Update: CPU App: 1.30208 % | Sys: 79.1667 % | RAM App: 219.148 MB | Sys Avail: 20733.2 MB / 65466.5 MB
[ "18:11:21.715" ][SystemMonitor] Stats Update: CPU App: 1.04167 % | Sys: 75.2604 % | RAM App: 219.191 MB | Sys Avail: 20728.9 MB / 65466.5 MB
[ "18:11:22.721" ][SystemMonitor] Stats Update: CPU App: 0.260417 % | Sys: 77.6042 % | RAM App: 219.277 MB | Sys Avail: 20701.8 MB / 65466.5 MB
[ "18:11:23.715" ][SystemMonitor] Stats Update: CPU App: 0.260417 % | Sys: 98.6979 % | RAM App: 219.316 MB | Sys Avail: 20739.2 MB / 65466.5 MB
TelemetryMonitor: Processed 300 frames. Current FPS: 30
[ "18:11:24.710" ][SystemMonitor] Stats Update: CPU App: 0.260417 % | Sys: 94.2708 % | RAM App: 219.348 MB | Sys Avail: 20732.1 MB / 65466.5 MB
[ "18:11:25.715" ][SystemMonitor] Stats Update: CPU App: 0.260417 % | Sys: 86.1979 % | RAM App: 219.383 MB | Sys Avail: 20786.6 MB / 65466.5 MB
[ "18:11:26.710" ][SystemMonitor] Stats Update: CPU App: 0.78125 % | Sys: 83.3333 % | RAM App: 219.418 MB | Sys Avail: 20843.7 MB / 65466.5 MB
[ "18:11:27.710" ][SystemMonitor] Stats Update: CPU App: 1.04167 % | Sys: 79.1667 % | RAM App: 219.453 MB | Sys Avail: 20864.1 MB / 65466.5 MB
[ "18:11:28.715" ][SystemMonitor] Stats Update: CPU App: 0.520833 % | Sys: 71.875 % | RAM App: 219.484 MB | Sys Avail: 20736.6 MB / 65466.5 MB
[ "18:11:29.710" ][SystemMonitor] Stats Update: CPU App: 1.04167 % | Sys: 69.5313 % | RAM App: 219.52 MB | Sys Avail: 20556.2 MB / 65466.5 MB
[ "18:11:30.715" ][SystemMonitor] Stats Update: CPU App: 0.520833 % | Sys: 70.8333 % | RAM App: 219.551 MB | Sys Avail: 20739.4 MB / 65466.5 MB
[ "18:11:31.716" ][SystemMonitor] Stats Update: CPU App: 1.04167 % | Sys: 72.9167 % | RAM App: 219.59 MB | Sys Avail: 20866.9 MB / 65466.5 MB
[ "18:11:32.716" ][SystemMonitor] Stats Update: CPU App: 1.04167 % | Sys: 80.2083 % | RAM App: 219.629 MB | Sys Avail: 20777.5 MB / 65466.5 MB
[ "18:11:33.717" ][SystemMonitor] Stats Update: CPU App: 1.30208 % | Sys: 81.5104 % | RAM App: 219.664 MB | Sys Avail: 20744.6 MB / 65466.5 MB
[ "18:11:34.711" ][SystemMonitor] Stats Update: CPU App: 0.520833 % | Sys: 87.5 % | RAM App: 219.691 MB | Sys Avail: 20901 MB / 65466.5 MB
TelemetryMonitor: Processed 300 frames. Current FPS: 30
[ "18:11:35.715" ][SystemMonitor] Stats Update: CPU App: 0.520833 % | Sys: 78.3854 % | RAM App: 219.734 MB | Sys Avail: 20845.8 MB / 65466.5 MB
[ "18:11:36.711" ][SystemMonitor] Stats Update: CPU App: 0 % | Sys: 86.9792 % | RAM App: 219.762 MB | Sys Avail: 20759.3 MB / 65466.5 MB
[ "18:11:37.715" ][SystemMonitor] Stats Update: CPU App: 1.04167 % | Sys: 79.1667 % | RAM App: 219.797 MB | Sys Avail: 20712.9 MB / 65466.5 MB
[ "18:11:38.711" ][SystemMonitor] Stats Update: CPU App: 0.78125 % | Sys: 76.0417 % | RAM App: 219.824 MB | Sys Avail: 20899.2 MB / 65466.5 MB
[ "18:11:39.719" ][SystemMonitor] Stats Update: CPU App: 0.78125 % | Sys: 71.875 % | RAM App: 219.875 MB | Sys Avail: 20863.2 MB / 65466.5 MB
[ "18:11:40.712" ][SystemMonitor] Stats Update: CPU App: 1.04167 % | Sys: 74.2188 % | RAM App: 219.91 MB | Sys Avail: 20722.3 MB / 65466.5 MB
[ "18:11:41.717" ][SystemMonitor] Stats Update: CPU App: 0.520833 % | Sys: 79.6875 % | RAM App: 219.953 MB | Sys Avail: 20724.9 MB / 65466.5 MB
[ "18:11:42.711" ][SystemMonitor] Stats Update: CPU App: 0.520833 % | Sys: 77.6042 % | RAM App: 219.988 MB | Sys Avail: 20875 MB / 65466.5 MB
[ "18:11:43.715" ][SystemMonitor] Stats Update: CPU App: 1.04167 % | Sys: 76.0417 % | RAM App: 220.031 MB | Sys Avail: 20831 MB / 65466.5 MB
[ "18:11:44.717" ][SystemMonitor] Stats Update: CPU App: 0.78125 % | Sys: 86.1979 % | RAM App: 220.066 MB | Sys Avail: 20722.5 MB / 65466.5 MB
TelemetryMonitor: Processed 300 frames. Current FPS: 29
[ "18:11:45.717" ][SystemMonitor] Stats Update: CPU App: 0.78125 % | Sys: 86.4583 % | RAM App: 220.105 MB | Sys Avail: 20830.2 MB / 65466.5 MB
[ "18:11:46.716" ][SystemMonitor] Stats Update: CPU App: 1.04167 % | Sys: 79.6875 % | RAM App: 220.148 MB | Sys Avail: 20766.8 MB / 65466.5 MB
[ "18:11:47.714" ][SystemMonitor] Stats Update: CPU App: 0 % | Sys: 73.1771 % | RAM App: 220.195 MB | Sys Avail: 20628.4 MB / 65466.5 MB
[ "18:11:48.716" ][SystemMonitor] Stats Update: CPU App: 0.260417 % | Sys: 83.8542 % | RAM App: 220.227 MB | Sys Avail: 20887.3 MB / 65466.5 MB
[ "18:11:49.716" ][SystemMonitor] Stats Update: CPU App: 1.30208 % | Sys: 89.0625 % | RAM App: 220.277 MB | Sys Avail: 21125.9 MB / 65466.5 MB
[ "18:11:50.711" ][SystemMonitor] Stats Update: CPU App: 0.520833 % | Sys: 84.1146 % | RAM App: 220.32 MB | Sys Avail: 21020.5 MB / 65466.5 MB
[ "18:11:51.714" ][SystemMonitor] Stats Update: CPU App: 0.260417 % | Sys: 86.7188 % | RAM App: 217.949 MB | Sys Avail: 20807 MB / 65466.5 MB
[ "18:11:52.711" ][SystemMonitor] Stats Update: CPU App: 1.30208 % | Sys: 84.1146 % | RAM App: 218.105 MB | Sys Avail: 20736.4 MB / 65466.5 MB
[ "18:11:53.716" ][SystemMonitor] Stats Update: CPU App: 1.04167 % | Sys: 80.7292 % | RAM App: 218.117 MB | Sys Avail: 20838.1 MB / 65466.5 MB
[ "18:11:54.711" ][SystemMonitor] Stats Update: CPU App: 0.520833 % | Sys: 67.1875 % | RAM App: 218.184 MB | Sys Avail: 20809.7 MB / 65466.5 MB
TelemetryMonitor: Processed 300 frames. Current FPS: 30
[ "18:11:55.718" ][SystemMonitor] Stats Update: CPU App: 1.30208 % | Sys: 82.0313 % | RAM App: 218.277 MB | Sys Avail: 20811.4 MB / 65466.5 MB
[ "18:11:56.711" ][SystemMonitor] Stats Update: CPU App: 0.260417 % | Sys: 97.3958 % | RAM App: 218.363 MB | Sys Avail: 20760.4 MB / 65466.5 MB
[ "18:11:57.709" ][SystemMonitor] Stats Update: CPU App: 0 % | Sys: 90.8854 % | RAM App: 218.398 MB | Sys Avail: 20824.8 MB / 65466.5 MB
[ "18:11:58.712" ][SystemMonitor] Stats Update: CPU App: 1.30208 % | Sys: 92.7083 % | RAM App: 218.418 MB | Sys Avail: 20747.5 MB / 65466.5 MB
[ "18:11:59.717" ][SystemMonitor] Stats Update: CPU App: 0.520833 % | Sys: 92.1875 % | RAM App: 218.438 MB | Sys Avail: 20660.6 MB / 65466.5 MB
[ "18:12:00.711" ][SystemMonitor] Stats Update: CPU App: 0.78125 % | Sys: 92.7083 % | RAM App: 218.434 MB | Sys Avail: 20729.9 MB / 65466.5 MB
[ "18:12:01.734" ][SystemMonitor] Stats Update: CPU App: 1.02564 % | Sys: 97.6923 % | RAM App: 218.449 MB | Sys Avail: 20765.5 MB / 65466.5 MB
[ "18:12:02.716" ][SystemMonitor] Stats Update: CPU App: 0.793651 % | Sys: 97.0899 % | RAM App: 218.453 MB | Sys Avail: 20921.2 MB / 65466.5 MB
[ "18:12:03.715" ][SystemMonitor] Stats Update: CPU App: 1.04167 % | Sys: 98.4375 % | RAM App: 218.477 MB | Sys Avail: 20890.2 MB / 65466.5 MB
[ "18:12:04.721" ][SystemMonitor] Stats Update: CPU App: 1.04167 % | Sys: 100 % | RAM App: 218.488 MB | Sys Avail: 20879.2 MB / 65466.5 MB
[ "18:12:05.710" ][SystemMonitor] Stats Update: CPU App: 2.34375 % | Sys: 100 % | RAM App: 218.504 MB | Sys Avail: 20953.9 MB / 65466.5 MB
TelemetryMonitor: Processed 300 frames. Current FPS: 28
[ "18:12:06.717" ][SystemMonitor] Stats Update: CPU App: 0.260417 % | Sys: 100 % | RAM App: 218.516 MB | Sys Avail: 21043.3 MB / 65466.5 MB
[ "18:12:07.716" ][SystemMonitor] Stats Update: CPU App: 1.04167 % | Sys: 93.4896 % | RAM App: 218.531 MB | Sys Avail: 21281.4 MB / 65466.5 MB
[ "18:12:08.711" ][SystemMonitor] Stats Update: CPU App: 0.260417 % | Sys: 91.1458 % | RAM App: 218.539 MB | Sys Avail: 21300.3 MB / 65466.5 MB
[ "18:12:09.719" ][SystemMonitor] Stats Update: CPU App: 0.520833 % | Sys: 84.6354 % | RAM App: 218.586 MB | Sys Avail: 21317.5 MB / 65466.5 MB
[ "18:12:10.717" ][SystemMonitor] Stats Update: CPU App: 0.78125 % | Sys: 85.4167 % | RAM App: 218.609 MB | Sys Avail: 21301.5 MB / 65466.5 MB
[ "18:12:11.717" ][SystemMonitor] Stats Update: CPU App: 0.78125 % | Sys: 81.25 % | RAM App: 218.633 MB | Sys Avail: 21304.9 MB / 65466.5 MB
[ "18:12:12.711" ][SystemMonitor] Stats Update: CPU App: 0.78125 % | Sys: 96.3542 % | RAM App: 218.664 MB | Sys Avail: 21256.4 MB / 65466.5 MB
[ "18:12:13.736" ][SystemMonitor] Stats Update: CPU App: 0.512821 % | Sys: 95.641 % | RAM App: 218.699 MB | Sys Avail: 21200.9 MB / 65466.5 MB
[ "18:12:14.720" ][SystemMonitor] Stats Update: CPU App: 2.6455 % | Sys: 99.7354 % | RAM App: 218.727 MB | Sys Avail: 21128.7 MB / 65466.5 MB
[ "18:12:15.718" ][SystemMonitor] Stats Update: CPU App: 0 % | Sys: 99.7396 % | RAM App: 218.762 MB | Sys Avail: 21058.9 MB / 65466.5 MB
[ "18:12:16.719" ][SystemMonitor] Stats Update: CPU App: 1.82292 % | Sys: 99.7396 % | RAM App: 218.797 MB | Sys Avail: 21194.4 MB / 65466.5 MB
TelemetryMonitor: Processed 300 frames. Current FPS: 28
[ "18:12:17.721" ][SystemMonitor] Stats Update: CPU App: 0.260417 % | Sys: 100 % | RAM App: 218.832 MB | Sys Avail: 21048.8 MB / 65466.5 MB
[ "18:12:18.710" ][SystemMonitor] Stats Update: CPU App: 0.520833 % | Sys: 100 % | RAM App: 218.867 MB | Sys Avail: 20735.6 MB / 65466.5 MB
[ "18:12:19.718" ][SystemMonitor] Stats Update: CPU App: 0.78125 % | Sys: 100 % | RAM App: 218.91 MB | Sys Avail: 20565.8 MB / 65466.5 MB
[ "18:12:20.746" ][SystemMonitor] Stats Update: CPU App: 0.505051 % | Sys: 100 % | RAM App: 218.938 MB | Sys Avail: 20360.6 MB / 65466.5 MB
[ "18:12:21.721" ][SystemMonitor] Stats Update: CPU App: 1.07527 % | Sys: 100 % | RAM App: 218.973 MB | Sys Avail: 19993.1 MB / 65466.5 MB
[ "18:12:22.712" ][SystemMonitor] Stats Update: CPU App: 1.5625 % | Sys: 100 % | RAM App: 218.996 MB | Sys Avail: 19821.8 MB / 65466.5 MB
[ "18:12:23.712" ][SystemMonitor] Stats Update: CPU App: 1.30208 % | Sys: 99.7396 % | RAM App: 219.027 MB | Sys Avail: 19502.8 MB / 65466.5 MB
[ "18:12:24.710" ][SystemMonitor] Stats Update: CPU App: 0.78125 % | Sys: 100 % | RAM App: 219.051 MB | Sys Avail: 19304.3 MB / 65466.5 MB
[ "18:12:25.717" ][SystemMonitor] Stats Update: CPU App: 0.520833 % | Sys: 100 % | RAM App: 219.105 MB | Sys Avail: 19079.7 MB / 65466.5 MB
[ "18:12:26.710" ][SystemMonitor] Stats Update: CPU App: 1.30208 % | Sys: 100 % | RAM App: 219.129 MB | Sys Avail: 18822.8 MB / 65466.5 MB
TelemetryMonitor: Processed 300 frames. Current FPS: 29
[ "18:12:27.712" ][SystemMonitor] Stats Update: CPU App: 1.04167 % | Sys: 100 % | RAM App: 219.164 MB | Sys Avail: 18658.2 MB / 65466.5 MB
[ "18:12:28.723" ][SystemMonitor] Stats Update: CPU App: 0.520833 % | Sys: 100 % | RAM App: 219.191 MB | Sys Avail: 18376.6 MB / 65466.5 MB
[ "18:12:29.913" ][SystemMonitor] Stats Update: CPU App: 0.877193 % | Sys: 100 % | RAM App: 219.227 MB | Sys Avail: 18563 MB / 65466.5 MB
[ "18:12:30.759" ][SystemMonitor] Stats Update: CPU App: 0.909091 % | Sys: 100 % | RAM App: 219.258 MB | Sys Avail: 18214.3 MB / 65466.5 MB
[ "18:12:31.767" ][SystemMonitor] Stats Update: CPU App: 1.04167 % | Sys: 100 % | RAM App: 219.289 MB | Sys Avail: 17986.6 MB / 65466.5 MB
[ "18:12:32.757" ][SystemMonitor] Stats Update: CPU App: 0.78125 % | Sys: 100 % | RAM App: 219.316 MB | Sys Avail: 17829.1 MB / 65466.5 MB
[ "18:12:33.770" ][SystemMonitor] Stats Update: CPU App: 1.04167 % | Sys: 100 % | RAM App: 219.352 MB | Sys Avail: 17656 MB / 65466.5 MB
[ "18:12:34.768" ][SystemMonitor] Stats Update: CPU App: 1.04167 % | Sys: 100 % | RAM App: 219.379 MB | Sys Avail: 17533.9 MB / 65466.5 MB
[ "18:12:35.768" ][SystemMonitor] Stats Update: CPU App: 0.260417 % | Sys: 100 % | RAM App: 219.418 MB | Sys Avail: 17497.5 MB / 65466.5 MB
[ "18:12:36.758" ][SystemMonitor] Stats Update: CPU App: 0.520833 % | Sys: 100 % | RAM App: 219.453 MB | Sys Avail: 18078.8 MB / 65466.5 MB
[ "18:12:37.768" ][SystemMonitor] Stats Update: CPU App: 0.260417 % | Sys: 100 % | RAM App: 219.496 MB | Sys Avail: 18627.3 MB / 65466.5 MB
TelemetryMonitor: Processed 300 frames. Current FPS: 24
[ "18:12:38.758" ][SystemMonitor] Stats Update: CPU App: 0.520833 % | Sys: 100 % | RAM App: 219.527 MB | Sys Avail: 18376.5 MB / 65466.5 MB
[ "18:12:39.767" ][SystemMonitor] Stats Update: CPU App: 0.520833 % | Sys: 100 % | RAM App: 219.578 MB | Sys Avail: 18236.7 MB / 65466.5 MB
[ "18:12:40.759" ][SystemMonitor] Stats Update: CPU App: 1.5625 % | Sys: 100 % | RAM App: 219.613 MB | Sys Avail: 18914 MB / 65466.5 MB
[ "18:12:41.773" ][SystemMonitor] Stats Update: CPU App: 0 % | Sys: 100 % | RAM App: 219.652 MB | Sys Avail: 19152.5 MB / 65466.5 MB
[ "18:12:42.770" ][SystemMonitor] Stats Update: CPU App: 1.31234 % | Sys: 100 % | RAM App: 219.676 MB | Sys Avail: 18924.1 MB / 65466.5 MB
[ "18:12:43.785" ][SystemMonitor] Stats Update: CPU App: 0.512821 % | Sys: 100 % | RAM App: 219.711 MB | Sys Avail: 20085.3 MB / 65466.5 MB
[ "18:12:44.835" ][SystemMonitor] Stats Update: CPU App: 0.735294 % | Sys: 100 % | RAM App: 219.742 MB | Sys Avail: 20212 MB / 65466.5 MB
[ "18:12:45.769" ][SystemMonitor] Stats Update: CPU App: 1.12994 % | Sys: 100 % | RAM App: 219.785 MB | Sys Avail: 20055.7 MB / 65466.5 MB
[ "18:12:46.761" ][SystemMonitor] Stats Update: CPU App: 2.34375 % | Sys: 100 % | RAM App: 219.82 MB | Sys Avail: 20023.8 MB / 65466.5 MB
[ "18:12:47.768" ][SystemMonitor] Stats Update: CPU App: 0.520833 % | Sys: 100 % | RAM App: 219.859 MB | Sys Avail: 19929.8 MB / 65466.5 MB
[ "18:12:48.770" ][SystemMonitor] Stats Update: CPU App: 0.78125 % | Sys: 100 % | RAM App: 219.895 MB | Sys Avail: 19905 MB / 65466.5 MB
TelemetryMonitor: Processed 300 frames. Current FPS: 28
[ "18:12:49.770" ][SystemMonitor] Stats Update: CPU App: 1.30208 % | Sys: 100 % | RAM App: 219.938 MB | Sys Avail: 19950.9 MB / 65466.5 MB
[ "18:12:50.771" ][SystemMonitor] Stats Update: CPU App: 1.82292 % | Sys: 100 % | RAM App: 219.977 MB | Sys Avail: 20208.4 MB / 65466.5 MB
[ "18:12:51.768" ][SystemMonitor] Stats Update: CPU App: 1.5625 % | Sys: 100 % | RAM App: 220.031 MB | Sys Avail: 20224.9 MB / 65466.5 MB
[ "18:12:52.780" ][SystemMonitor] Stats Update: CPU App: 1.79487 % | Sys: 100 % | RAM App: 220.07 MB | Sys Avail: 20424.5 MB / 65466.5 MB
[ "18:12:53.773" ][SystemMonitor] Stats Update: CPU App: 0.793651 % | Sys: 100 % | RAM App: 217.891 MB | Sys Avail: 20386.4 MB / 65466.5 MB
[ "18:12:54.760" ][SystemMonitor] Stats Update: CPU App: 1.04167 % | Sys: 100 % | RAM App: 218.051 MB | Sys Avail: 20798.6 MB / 65466.5 MB
[ "18:12:55.770" ][SystemMonitor] Stats Update: CPU App: 0.520833 % | Sys: 100 % | RAM App: 218.07 MB | Sys Avail: 20525.4 MB / 65466.5 MB
[ "18:12:56.764" ][SystemMonitor] Stats Update: CPU App: 1.04167 % | Sys: 100 % | RAM App: 218.074 MB | Sys Avail: 20227.4 MB / 65466.5 MB
[ "18:12:57.768" ][SystemMonitor] Stats Update: CPU App: 1.04167 % | Sys: 100 % | RAM App: 218.145 MB | Sys Avail: 19824 MB / 65466.5 MB
[ "18:12:58.769" ][SystemMonitor] Stats Update: CPU App: 0.78125 % | Sys: 100 % | RAM App: 218.234 MB | Sys Avail: 19726.7 MB / 65466.5 MB
[ "18:12:59.768" ][SystemMonitor] Stats Update: CPU App: 1.30208 % | Sys: 100 % | RAM App: 218.27 MB | Sys Avail: 19566.6 MB / 65466.5 MB
TelemetryMonitor: Processed 300 frames. Current FPS: 29
[ "18:13:00.836" ][SystemMonitor] Stats Update: CPU App: 0.724638 % | Sys: 100 % | RAM App: 218.301 MB | Sys Avail: 19654.9 MB / 65466.5 MB
[ "18:13:01.770" ][SystemMonitor] Stats Update: CPU App: 0.847458 % | Sys: 100 % | RAM App: 218.324 MB | Sys Avail: 19881.7 MB / 65466.5 MB
[ "18:13:02.773" ][SystemMonitor] Stats Update: CPU App: 1.02564 % | Sys: 100 % | RAM App: 218.336 MB | Sys Avail: 20005.5 MB / 65466.5 MB
[ "18:13:03.779" ][SystemMonitor] Stats Update: CPU App: 0.520833 % | Sys: 100 % | RAM App: 218.359 MB | Sys Avail: 19784.3 MB / 65466.5 MB
[ "18:13:04.769" ][SystemMonitor] Stats Update: CPU App: 1.0582 % | Sys: 100 % | RAM App: 218.375 MB | Sys Avail: 19727.1 MB / 65466.5 MB
[ "18:13:05.770" ][SystemMonitor] Stats Update: CPU App: 2.08333 % | Sys: 100 % | RAM App: 218.398 MB | Sys Avail: 19386.4 MB / 65466.5 MB
[ "18:13:06.759" ][SystemMonitor] Stats Update: CPU App: 1.5625 % | Sys: 100 % | RAM App: 218.41 MB | Sys Avail: 20650.2 MB / 65466.5 MB
[ "18:13:07.770" ][SystemMonitor] Stats Update: CPU App: 1.30208 % | Sys: 100 % | RAM App: 218.426 MB | Sys Avail: 21315.9 MB / 65466.5 MB
[ "18:13:08.768" ][SystemMonitor] Stats Update: CPU App: 1.5625 % | Sys: 96.3542 % | RAM App: 218.434 MB | Sys Avail: 21385.8 MB / 65466.5 MB
[ "18:13:09.785" ][SystemMonitor] Stats Update: CPU App: 1.28205 % | Sys: 90.5128 % | RAM App: 218.457 MB | Sys Avail: 21298.8 MB / 65466.5 MB
[ "18:13:10.775" ][SystemMonitor] Stats Update: CPU App: 1.82292 % | Sys: 85.6771 % | RAM App: 218.469 MB | Sys Avail: 21243.1 MB / 65466.5 MB
TelemetryMonitor: Processed 300 frames. Current FPS: 29
[ "18:13:11.782" ][SystemMonitor] Stats Update: CPU App: 1.5625 % | Sys: 89.8438 % | RAM App: 218.484 MB | Sys Avail: 21245.4 MB / 65466.5 MB
[ "18:13:12.776" ][SystemMonitor] Stats Update: CPU App: 1.04167 % | Sys: 89.3229 % | RAM App: 218.496 MB | Sys Avail: 21200.9 MB / 65466.5 MB
[ "18:13:13.777" ][SystemMonitor] Stats Update: CPU App: 1.04167 % | Sys: 90.8854 % | RAM App: 218.535 MB | Sys Avail: 21153.7 MB / 65466.5 MB
[ "18:13:14.775" ][SystemMonitor] Stats Update: CPU App: 1.04167 % | Sys: 99.2188 % | RAM App: 218.563 MB | Sys Avail: 21148.6 MB / 65466.5 MB
[ "18:13:15.803" ][SystemMonitor] Stats Update: CPU App: 1.28205 % | Sys: 100 % | RAM App: 218.609 MB | Sys Avail: 20996.9 MB / 65466.5 MB
[ "18:13:16.785" ][SystemMonitor] Stats Update: CPU App: 1.0582 % | Sys: 100 % | RAM App: 218.641 MB | Sys Avail: 20810.5 MB / 65466.5 MB
[ "18:13:17.789" ][SystemMonitor] Stats Update: CPU App: 1.02828 % | Sys: 99.7436 % | RAM App: 218.676 MB | Sys Avail: 20573.8 MB / 65466.5 MB
[ "18:13:18.775" ][SystemMonitor] Stats Update: CPU App: 0.263852 % | Sys: 100 % | RAM App: 218.707 MB | Sys Avail: 20440.9 MB / 65466.5 MB
[ "18:13:19.787" ][SystemMonitor] Stats Update: CPU App: 1.30208 % | Sys: 100 % | RAM App: 218.75 MB | Sys Avail: 20142.8 MB / 65466.5 MB
[ "18:13:20.774" ][SystemMonitor] Stats Update: CPU App: 2.08333 % | Sys: 100 % | RAM App: 218.781 MB | Sys Avail: 19758.9 MB / 65466.5 MB
TelemetryMonitor: Processed 300 frames. Current FPS: 29
[ "18:13:21.788" ][SystemMonitor] Stats Update: CPU App: 2.08333 % | Sys: 100 % | RAM App: 218.813 MB | Sys Avail: 19383.7 MB / 65466.5 MB
[ "18:13:22.776" ][SystemMonitor] Stats Update: CPU App: 0.520833 % | Sys: 100 % | RAM App: 218.836 MB | Sys Avail: 19169.9 MB / 65466.5 MB
[ "18:13:23.785" ][SystemMonitor] Stats Update: CPU App: 1.30208 % | Sys: 100 % | RAM App: 218.875 MB | Sys Avail: 18885.2 MB / 65466.5 MB
[ "18:13:24.774" ][SystemMonitor] Stats Update: CPU App: 1.04167 % | Sys: 100 % | RAM App: 218.902 MB | Sys Avail: 18779.8 MB / 65466.5 MB
[ "18:13:25.774" ][SystemMonitor] Stats Update: CPU App: 1.5625 % | Sys: 100 % | RAM App: 218.938 MB | Sys Avail: 18778.7 MB / 65466.5 MB
[ "18:13:26.786" ][SystemMonitor] Stats Update: CPU App: 0.78125 % | Sys: 100 % | RAM App: 218.961 MB | Sys Avail: 18640 MB / 65466.5 MB
[ "18:13:27.785" ][SystemMonitor] Stats Update: CPU App: 1.04167 % | Sys: 100 % | RAM App: 218.996 MB | Sys Avail: 18493.7 MB / 65466.5 MB
[ "18:13:28.775" ][SystemMonitor] Stats Update: CPU App: 2.08333 % | Sys: 100 % | RAM App: 219.023 MB | Sys Avail: 18354.9 MB / 65466.5 MB
[ "18:13:29.777" ][SystemMonitor] Stats Update: CPU App: 1.82292 % | Sys: 100 % | RAM App: 219.059 MB | Sys Avail: 19593.4 MB / 65466.5 MB
[ "18:13:30.775" ][SystemMonitor] Stats Update: CPU App: 0.78125 % | Sys: 100 % | RAM App: 219.09 MB | Sys Avail: 19657.4 MB / 65466.5 MB
TelemetryMonitor: Processed 300 frames. Current FPS: 28
[ "18:13:31.774" ][SystemMonitor] Stats Update: CPU App: 0.78125 % | Sys: 100 % | RAM App: 219.129 MB | Sys Avail: 19406.9 MB / 65466.5 MB
[ "18:13:32.804" ][SystemMonitor] Stats Update: CPU App: 1.0101 % | Sys: 100 % | RAM App: 219.16 MB | Sys Avail: 19217.5 MB / 65466.5 MB
[ "18:13:33.788" ][SystemMonitor] Stats Update: CPU App: 1.6129 % | Sys: 100 % | RAM App: 219.207 MB | Sys Avail: 19967.9 MB / 65466.5 MB
[ "18:13:34.776" ][SystemMonitor] Stats Update: CPU App: 0.520833 % | Sys: 100 % | RAM App: 219.242 MB | Sys Avail: 19703.2 MB / 65466.5 MB
[ "18:13:35.774" ][SystemMonitor] Stats Update: CPU App: 1.5625 % | Sys: 100 % | RAM App: 219.285 MB | Sys Avail: 20167.1 MB / 65466.5 MB
[ "18:13:36.776" ][SystemMonitor] Stats Update: CPU App: 0.78125 % | Sys: 100 % | RAM App: 219.379 MB | Sys Avail: 19985.7 MB / 65466.5 MB
[ "18:13:37.789" ][SystemMonitor] Stats Update: CPU App: 1.04167 % | Sys: 100 % | RAM App: 219.418 MB | Sys Avail: 19753.3 MB / 65466.5 MB
[ "18:13:38.777" ][SystemMonitor] Stats Update: CPU App: 1.30208 % | Sys: 100 % | RAM App: 219.457 MB | Sys Avail: 20240.9 MB / 65466.5 MB
[ "18:13:39.790" ][SystemMonitor] Stats Update: CPU App: 1.53846 % | Sys: 100 % | RAM App: 219.496 MB | Sys Avail: 20495.3 MB / 65466.5 MB
[ "18:13:40.788" ][SystemMonitor] Stats Update: CPU App: 1.57068 % | Sys: 100 % | RAM App: 219.535 MB | Sys Avail: 20201.5 MB / 65466.5 MB
[ "18:13:41.778" ][SystemMonitor] Stats Update: CPU App: 0.789474 % | Sys: 100 % | RAM App: 219.578 MB | Sys Avail: 19818.3 MB / 65466.5 MB
TelemetryMonitor: Processed 300 frames. Current FPS: 30
[ "18:13:42.777" ][SystemMonitor] Stats Update: CPU App: 0.520833 % | Sys: 100 % | RAM App: 219.605 MB | Sys Avail: 20059.1 MB / 65466.5 MB
[ "18:13:43.809" ][SystemMonitor] Stats Update: CPU App: 0.505051 % | Sys: 100 % | RAM App: 219.652 MB | Sys Avail: 19880 MB / 65466.5 MB
[ "18:13:44.891" ][SystemMonitor] Stats Update: CPU App: 2.69608 % | Sys: 100 % | RAM App: 219.688 MB | Sys Avail: 19949.7 MB / 65466.5 MB
[ "18:13:45.872" ][SystemMonitor] Stats Update: CPU App: 1.30208 % | Sys: 100 % | RAM App: 219.73 MB | Sys Avail: 19804.5 MB / 65466.5 MB
[ "18:13:46.871" ][SystemMonitor] Stats Update: CPU App: 1.04167 % | Sys: 100 % | RAM App: 219.77 MB | Sys Avail: 19520.5 MB / 65466.5 MB
[ "18:13:47.872" ][SystemMonitor] Stats Update: CPU App: 1.5625 % | Sys: 100 % | RAM App: 219.809 MB | Sys Avail: 19571 MB / 65466.5 MB
