warning: in the working copy of 'src/FileCacheManager.cpp', LF will be replaced by CRLF the next time Git touches it
warning: in the working copy of 'src/FileCacheManager.h', LF will be replaced by CRLF the next time Git touches it
warning: in the working copy of 'test_scrollbench/src/FastImageItem.cpp', LF will be replaced by CRLF the next time Git touches it
warning: in the working copy of 'docs/artifacts/0746a316-b3e9-4445-b96a-2c006c85528f/implementation_plan.md.metadata.json', LF will be replaced by CRLF the next time Git touches it
warning: in the working copy of 'docs/artifacts/0746a316-b3e9-4445-b96a-2c006c85528f/implementation_plan.md.resolved', LF will be replaced by CRLF the next time Git touches it
warning: in the working copy of 'docs/artifacts/0746a316-b3e9-4445-b96a-2c006c85528f/implementation_plan.md.resolved.0', LF will be replaced by CRLF the next time Git touches it
warning: in the working copy of 'docs/artifacts/0746a316-b3e9-4445-b96a-2c006c85528f/implementation_plan.md.resolved.1', LF will be replaced by CRLF the next time Git touches it
warning: in the working copy of 'docs/artifacts/0746a316-b3e9-4445-b96a-2c006c85528f/task.md.metadata.json', LF will be replaced by CRLF the next time Git touches it
warning: in the working copy of 'docs/artifacts/0746a316-b3e9-4445-b96a-2c006c85528f/task.md.resolved.0', LF will be replaced by CRLF the next time Git touches it
warning: in the working copy of 'docs/artifacts/0746a316-b3e9-4445-b96a-2c006c85528f/walkthrough.md.metadata.json', LF will be replaced by CRLF the next time Git touches it
warning: in the working copy of 'docs/artifacts/0746a316-b3e9-4445-b96a-2c006c85528f/walkthrough.md.resolved.0', LF will be replaced by CRLF the next time Git touches it
warning: in the working copy of 'docs/artifacts/21f6f814-c1e9-4b18-b36a-8e9a619f26ff/.system_generated/tasks/task-145.log', LF will be replaced by CRLF the next time Git touches it
warning: in the working copy of 'docs/artifacts/21f6f814-c1e9-4b18-b36a-8e9a619f26ff/.system_generated/tasks/task-149.log', LF will be replaced by CRLF the next time Git touches it
warning: in the working copy of 'docs/artifacts/21f6f814-c1e9-4b18-b36a-8e9a619f26ff/.system_generated/tasks/task-162.log', LF will be replaced by CRLF the next time Git touches it
warning: in the working copy of 'docs/artifacts/21f6f814-c1e9-4b18-b36a-8e9a619f26ff/.system_generated/tasks/task-588.log', LF will be replaced by CRLF the next time Git touches it
warning: in the working copy of 'docs/artifacts/21f6f814-c1e9-4b18-b36a-8e9a619f26ff/.system_generated/tasks/task-594.log', LF will be replaced by CRLF the next time Git touches it
warning: in the working copy of 'docs/artifacts/21f6f814-c1e9-4b18-b36a-8e9a619f26ff/ECSK_Cover_Letter.md', LF will be replaced by CRLF the next time Git touches it
warning: in the working copy of 'docs/artifacts/21f6f814-c1e9-4b18-b36a-8e9a619f26ff/ECSK_Cover_Letter.md.metadata.json', LF will be replaced by CRLF the next time Git touches it
warning: in the working copy of 'docs/artifacts/21f6f814-c1e9-4b18-b36a-8e9a619f26ff/ECSK_Derivations_and_Sources.md', LF will be replaced by CRLF the next time Git touches it
warning: in the working copy of 'docs/artifacts/21f6f814-c1e9-4b18-b36a-8e9a619f26ff/ECSK_Derivations_and_Sources.md.metadata.json', LF will be replaced by CRLF the next time Git touches it
warning: in the working copy of 'docs/artifacts/21f6f814-c1e9-4b18-b36a-8e9a619f26ff/ECSK_Manuscript_Markdown.md', LF will be replaced by CRLF the next time Git touches it
warning: in the working copy of 'docs/artifacts/21f6f814-c1e9-4b18-b36a-8e9a619f26ff/ECSK_Manuscript_Markdown.md.metadata.json', LF will be replaced by CRLF the next time Git touches it
warning: in the working copy of 'docs/artifacts/21f6f814-c1e9-4b18-b36a-8e9a619f26ff/ECSK_NotebookLM_Script.md', LF will be replaced by CRLF the next time Git touches it
warning: in the working copy of 'docs/artifacts/21f6f814-c1e9-4b18-b36a-8e9a619f26ff/ECSK_NotebookLM_Script.md.metadata.json', LF will be replaced by CRLF the next time Git touches it
warning: in the working copy of 'docs/artifacts/21f6f814-c1e9-4b18-b36a-8e9a619f26ff/ECSK_Paper_Plan.md', LF will be replaced by CRLF the next time Git touches it
warning: in the working copy of 'docs/artifacts/21f6f814-c1e9-4b18-b36a-8e9a619f26ff/ECSK_Paper_Plan.md.metadata.json', LF will be replaced by CRLF the next time Git touches it
warning: in the working copy of 'docs/artifacts/21f6f814-c1e9-4b18-b36a-8e9a619f26ff/ECSK_Pragmatic_Solutions.md', LF will be replaced by CRLF the next time Git touches it
warning: in the working copy of 'docs/artifacts/21f6f814-c1e9-4b18-b36a-8e9a619f26ff/ECSK_Pragmatic_Solutions.md.metadata.json', LF will be replaced by CRLF the next time Git touches it
warning: in the working copy of 'docs/artifacts/21f6f814-c1e9-4b18-b36a-8e9a619f26ff/ECSK_Research_Update.md', LF will be replaced by CRLF the next time Git touches it
warning: in the working copy of 'docs/artifacts/21f6f814-c1e9-4b18-b36a-8e9a619f26ff/ECSK_Research_Update.md.metadata.json', LF will be replaced by CRLF the next time Git touches it
warning: in the working copy of 'docs/artifacts/21f6f814-c1e9-4b18-b36a-8e9a619f26ff/ECSK_SWOT_Analysis.md', LF will be replaced by CRLF the next time Git touches it
warning: in the working copy of 'docs/artifacts/21f6f814-c1e9-4b18-b36a-8e9a619f26ff/ECSK_SWOT_Analysis.md.metadata.json', LF will be replaced by CRLF the next time Git touches it
warning: in the working copy of 'docs/artifacts/21f6f814-c1e9-4b18-b36a-8e9a619f26ff/ECSK_Theory_Tests.md', LF will be replaced by CRLF the next time Git touches it
warning: in the working copy of 'docs/artifacts/21f6f814-c1e9-4b18-b36a-8e9a619f26ff/ECSK_Theory_Tests.md.metadata.json', LF will be replaced by CRLF the next time Git touches it
warning: in the working copy of 'docs/artifacts/21f6f814-c1e9-4b18-b36a-8e9a619f26ff/NotebookLM_Deep_Dive_Briefing.md', LF will be replaced by CRLF the next time Git touches it
warning: in the working copy of 'docs/artifacts/21f6f814-c1e9-4b18-b36a-8e9a619f26ff/NotebookLM_Deep_Dive_Briefing.md.metadata.json', LF will be replaced by CRLF the next time Git touches it
warning: in the working copy of 'docs/artifacts/21f6f814-c1e9-4b18-b36a-8e9a619f26ff/scratch/get_step_9.py', LF will be replaced by CRLF the next time Git touches it
warning: in the working copy of 'docs/artifacts/21f6f814-c1e9-4b18-b36a-8e9a619f26ff/scratch/get_step_9.py.metadata.json', LF will be replaced by CRLF the next time Git touches it
warning: in the working copy of 'docs/artifacts/21f6f814-c1e9-4b18-b36a-8e9a619f26ff/scratch/parse_transcript.py', LF will be replaced by CRLF the next time Git touches it
warning: in the working copy of 'docs/artifacts/21f6f814-c1e9-4b18-b36a-8e9a619f26ff/scratch/parse_transcript.py.metadata.json', LF will be replaced by CRLF the next time Git touches it
warning: in the working copy of 'docs/artifacts/21f6f814-c1e9-4b18-b36a-8e9a619f26ff/scratch/run_detect_incremental.py', LF will be replaced by CRLF the next time Git touches it
warning: in the working copy of 'docs/artifacts/21f6f814-c1e9-4b18-b36a-8e9a619f26ff/scratch/run_detect_incremental.py.metadata.json', LF will be replaced by CRLF the next time Git touches it
warning: in the working copy of 'docs/artifacts/21f6f814-c1e9-4b18-b36a-8e9a619f26ff/scratch/search_all_graphify.py', LF will be replaced by CRLF the next time Git touches it
warning: in the working copy of 'docs/artifacts/21f6f814-c1e9-4b18-b36a-8e9a619f26ff/scratch/search_all_graphify.py.metadata.json', LF will be replaced by CRLF the next time Git touches it
warning: in the working copy of 'docs/artifacts/21f6f814-c1e9-4b18-b36a-8e9a619f26ff/scratch/search_chunk_errors.py', LF will be replaced by CRLF the next time Git touches it
warning: in the working copy of 'docs/artifacts/21f6f814-c1e9-4b18-b36a-8e9a619f26ff/scratch/search_chunk_errors.py.metadata.json', LF will be replaced by CRLF the next time Git touches it
warning: in the working copy of 'docs/artifacts/21f6f814-c1e9-4b18-b36a-8e9a619f26ff/scratch/search_early_graphify.py', LF will be replaced by CRLF the next time Git touches it
warning: in the working copy of 'docs/artifacts/21f6f814-c1e9-4b18-b36a-8e9a619f26ff/scratch/search_early_graphify.py.metadata.json', LF will be replaced by CRLF the next time Git touches it
warning: in the working copy of 'docs/artifacts/21f6f814-c1e9-4b18-b36a-8e9a619f26ff/scratch/search_early_steps.py', LF will be replaced by CRLF the next time Git touches it
warning: in the working copy of 'docs/artifacts/21f6f814-c1e9-4b18-b36a-8e9a619f26ff/scratch/search_early_steps.py.metadata.json', LF will be replaced by CRLF the next time Git touches it
warning: in the working copy of 'docs/artifacts/21f6f814-c1e9-4b18-b36a-8e9a619f26ff/scratch/search_failed.py', LF will be replaced by CRLF the next time Git touches it
warning: in the working copy of 'docs/artifacts/21f6f814-c1e9-4b18-b36a-8e9a619f26ff/scratch/search_failed.py.metadata.json', LF will be replaced by CRLF the next time Git touches it
warning: in the working copy of 'docs/artifacts/21f6f814-c1e9-4b18-b36a-8e9a619f26ff/scratch/search_graphify_build.py', LF will be replaced by CRLF the next time Git touches it
warning: in the working copy of 'docs/artifacts/21f6f814-c1e9-4b18-b36a-8e9a619f26ff/scratch/search_graphify_build.py.metadata.json', LF will be replaced by CRLF the next time Git touches it
warning: in the working copy of 'docs/artifacts/21f6f814-c1e9-4b18-b36a-8e9a619f26ff/scratch/search_graphify_commands.py', LF will be replaced by CRLF the next time Git touches it
warning: in the working copy of 'docs/artifacts/21f6f814-c1e9-4b18-b36a-8e9a619f26ff/scratch/search_graphify_commands.py.metadata.json', LF will be replaced by CRLF the next time Git touches it
warning: in the working copy of 'docs/artifacts/21f6f814-c1e9-4b18-b36a-8e9a619f26ff/scratch/search_graphify_run.py', LF will be replaced by CRLF the next time Git touches it
warning: in the working copy of 'docs/artifacts/21f6f814-c1e9-4b18-b36a-8e9a619f26ff/scratch/search_graphify_run.py.metadata.json', LF will be replaced by CRLF the next time Git touches it
warning: in the working copy of 'docs/artifacts/21f6f814-c1e9-4b18-b36a-8e9a619f26ff/scratch/search_recent.py', LF will be replaced by CRLF the next time Git touches it
warning: in the working copy of 'docs/artifacts/21f6f814-c1e9-4b18-b36a-8e9a619f26ff/scratch/search_recent.py.metadata.json', LF will be replaced by CRLF the next time Git touches it
warning: in the working copy of 'docs/artifacts/21f6f814-c1e9-4b18-b36a-8e9a619f26ff/scratch/search_subagents.py', LF will be replaced by CRLF the next time Git touches it
warning: in the working copy of 'docs/artifacts/21f6f814-c1e9-4b18-b36a-8e9a619f26ff/scratch/search_subagents.py.metadata.json', LF will be replaced by CRLF the next time Git touches it
warning: in the working copy of 'docs/artifacts/21f6f814-c1e9-4b18-b36a-8e9a619f26ff/scratch/search_transcript.py', LF will be replaced by CRLF the next time Git touches it
warning: in the working copy of 'docs/artifacts/21f6f814-c1e9-4b18-b36a-8e9a619f26ff/scratch/search_transcript.py.metadata.json', LF will be replaced by CRLF the next time Git touches it
warning: in the working copy of 'docs/artifacts/2c098580-28bd-48f6-b4e3-121e13384f17/.system_generated/tasks/task-167.log', LF will be replaced by CRLF the next time Git touches it
warning: in the working copy of 'docs/artifacts/2c098580-28bd-48f6-b4e3-121e13384f17/.system_generated/tasks/task-175.log', LF will be replaced by CRLF the next time Git touches it
warning: in the working copy of 'docs/artifacts/2c098580-28bd-48f6-b4e3-121e13384f17/.system_generated/tasks/task-183.log', LF will be replaced by CRLF the next time Git touches it
warning: in the working copy of 'docs/artifacts/2c098580-28bd-48f6-b4e3-121e13384f17/.system_generated/tasks/task-191.log', LF will be replaced by CRLF the next time Git touches it
warning: in the working copy of 'docs/artifacts/2c098580-28bd-48f6-b4e3-121e13384f17/.system_generated/tasks/task-201.log', LF will be replaced by CRLF the next time Git touches it
warning: in the working copy of 'docs/artifacts/2c098580-28bd-48f6-b4e3-121e13384f17/.system_generated/tasks/task-209.log', LF will be replaced by CRLF the next time Git touches it
warning: in the working copy of 'docs/artifacts/2c098580-28bd-48f6-b4e3-121e13384f17/.system_generated/tasks/task-220.log', LF will be replaced by CRLF the next time Git touches it
warning: in the working copy of 'docs/artifacts/2c098580-28bd-48f6-b4e3-121e13384f17/.system_generated/tasks/task-245.log', LF will be replaced by CRLF the next time Git touches it
warning: in the working copy of 'docs/artifacts/2c098580-28bd-48f6-b4e3-121e13384f17/.system_generated/tasks/task-257.log', LF will be replaced by CRLF the next time Git touches it
warning: in the working copy of 'docs/artifacts/2c098580-28bd-48f6-b4e3-121e13384f17/.system_generated/tasks/task-263.log', LF will be replaced by CRLF the next time Git touches it
warning: in the working copy of 'docs/artifacts/2c098580-28bd-48f6-b4e3-121e13384f17/.system_generated/tasks/task-292.log', LF will be replaced by CRLF the next time Git touches it
warning: in the working copy of 'docs/artifacts/2c098580-28bd-48f6-b4e3-121e13384f17/.system_generated/tasks/task-298.log', LF will be replaced by CRLF the next time Git touches it
warning: in the working copy of 'docs/artifacts/2c098580-28bd-48f6-b4e3-121e13384f17/.system_generated/tasks/task-304.log', LF will be replaced by CRLF the next time Git touches it
warning: in the working copy of 'docs/artifacts/2c098580-28bd-48f6-b4e3-121e13384f17/.system_generated/tasks/task-312.log', LF will be replaced by CRLF the next time Git touches it
warning: in the working copy of 'docs/artifacts/2c098580-28bd-48f6-b4e3-121e13384f17/.system_generated/tasks/task-324.log', LF will be replaced by CRLF the next time Git touches it
warning: in the working copy of 'docs/artifacts/2c098580-28bd-48f6-b4e3-121e13384f17/.system_generated/tasks/task-359.log', LF will be replaced by CRLF the next time Git touches it
warning: in the working copy of 'docs/artifacts/2c098580-28bd-48f6-b4e3-121e13384f17/.system_generated/tasks/task-365.log', LF will be replaced by CRLF the next time Git touches it
warning: in the working copy of 'docs/artifacts/2c098580-28bd-48f6-b4e3-121e13384f17/.system_generated/tasks/task-371.log', LF will be replaced by CRLF the next time Git touches it
warning: in the working copy of 'docs/artifacts/2c098580-28bd-48f6-b4e3-121e13384f17/.system_generated/tasks/task-409.log', LF will be replaced by CRLF the next time Git touches it
warning: in the working copy of 'docs/artifacts/2c098580-28bd-48f6-b4e3-121e13384f17/.system_generated/tasks/task-438.log', LF will be replaced by CRLF the next time Git touches it
warning: in the working copy of 'docs/artifacts/2c098580-28bd-48f6-b4e3-121e13384f17/.system_generated/tasks/task-446.log', LF will be replaced by CRLF the next time Git touches it
warning: in the working copy of 'docs/artifacts/2c098580-28bd-48f6-b4e3-121e13384f17/.system_generated/tasks/task-454.log', LF will be replaced by CRLF the next time Git touches it
warning: in the working copy of 'docs/artifacts/2c098580-28bd-48f6-b4e3-121e13384f17/.system_generated/tasks/task-462.log', LF will be replaced by CRLF the next time Git touches it
warning: in the working copy of 'docs/artifacts/2c098580-28bd-48f6-b4e3-121e13384f17/.system_generated/tasks/task-470.log', LF will be replaced by CRLF the next time Git touches it
warning: in the working copy of 'docs/artifacts/2c098580-28bd-48f6-b4e3-121e13384f17/.system_generated/tasks/task-482.log', LF will be replaced by CRLF the next time Git touches it
warning: in the working copy of 'docs/artifacts/2c098580-28bd-48f6-b4e3-121e13384f17/.system_generated/tasks/task-503.log', LF will be replaced by CRLF the next time Git touches it
warning: in the working copy of 'docs/artifacts/2c098580-28bd-48f6-b4e3-121e13384f17/.system_generated/tasks/task-511.log', LF will be replaced by CRLF the next time Git touches it
warning: in the working copy of 'docs/artifacts/2c098580-28bd-48f6-b4e3-121e13384f17/.system_generated/tasks/task-519.log', LF will be replaced by CRLF the next time Git touches it
warning: in the working copy of 'docs/artifacts/2c098580-28bd-48f6-b4e3-121e13384f17/scratch/inspect_video.py', LF will be replaced by CRLF the next time Git touches it
warning: in the working copy of 'docs/artifacts/2c098580-28bd-48f6-b4e3-121e13384f17/scratch/inspect_video.py.metadata.json', LF will be replaced by CRLF the next time Git touches it
warning: in the working copy of 'docs/artifacts/2c098580-28bd-48f6-b4e3-121e13384f17/scratch/save_frame.py', LF will be replaced by CRLF the next time Git touches it
warning: in the working copy of 'docs/artifacts/2c098580-28bd-48f6-b4e3-121e13384f17/scratch/save_frame.py.metadata.json', LF will be replaced by CRLF the next time Git touches it
warning: in the working copy of 'docs/artifacts/2c098580-28bd-48f6-b4e3-121e13384f17/scratch/test_detect.py', LF will be replaced by CRLF the next time Git touches it
warning: in the working copy of 'docs/artifacts/2c098580-28bd-48f6-b4e3-121e13384f17/scratch/test_detect.py.metadata.json', LF will be replaced by CRLF the next time Git touches it
warning: in the working copy of 'docs/artifacts/31adfa0c-1a16-4956-87b1-ccfda52ae8f1/.system_generated/steps/114/content.md', LF will be replaced by CRLF the next time Git touches it
warning: in the working copy of 'docs/artifacts/31adfa0c-1a16-4956-87b1-ccfda52ae8f1/.system_generated/steps/115/content.md', LF will be replaced by CRLF the next time Git touches it
warning: in the working copy of 'docs/artifacts/31adfa0c-1a16-4956-87b1-ccfda52ae8f1/.system_generated/steps/116/content.md', LF will be replaced by CRLF the next time Git touches it
warning: in the working copy of 'docs/artifacts/31adfa0c-1a16-4956-87b1-ccfda52ae8f1/.system_generated/steps/123/content.md', LF will be replaced by CRLF the next time Git touches it
warning: in the working copy of 'docs/artifacts/31adfa0c-1a16-4956-87b1-ccfda52ae8f1/.system_generated/steps/124/content.md', LF will be replaced by CRLF the next time Git touches it
warning: in the working copy of 'docs/artifacts/31adfa0c-1a16-4956-87b1-ccfda52ae8f1/.system_generated/steps/129/content.md', LF will be replaced by CRLF the next time Git touches it
warning: in the working copy of 'docs/artifacts/31adfa0c-1a16-4956-87b1-ccfda52ae8f1/.system_generated/steps/130/content.md', LF will be replaced by CRLF the next time Git touches it
warning: in the working copy of 'docs/artifacts/31adfa0c-1a16-4956-87b1-ccfda52ae8f1/.tempmediaStorage/dom_1774652205245.txt', LF will be replaced by CRLF the next time Git touches it
warning: in the working copy of 'docs/artifacts/31adfa0c-1a16-4956-87b1-ccfda52ae8f1/.tempmediaStorage/dom_1774652214585.txt', LF will be replaced by CRLF the next time Git touches it
warning: in the working copy of 'docs/artifacts/31adfa0c-1a16-4956-87b1-ccfda52ae8f1/.tempmediaStorage/dom_1774652222931.txt', LF will be replaced by CRLF the next time Git touches it
warning: in the working copy of 'docs/artifacts/31adfa0c-1a16-4956-87b1-ccfda52ae8f1/.tempmediaStorage/dom_1774652231924.txt', LF will be replaced by CRLF the next time Git touches it
warning: in the working copy of 'docs/artifacts/31adfa0c-1a16-4956-87b1-ccfda52ae8f1/.tempmediaStorage/dom_1774652238875.txt', LF will be replaced by CRLF the next time Git touches it
warning: in the working copy of 'docs/artifacts/31adfa0c-1a16-4956-87b1-ccfda52ae8f1/.tempmediaStorage/dom_1774652244313.txt', LF will be replaced by CRLF the next time Git touches it
warning: in the working copy of 'docs/artifacts/31adfa0c-1a16-4956-87b1-ccfda52ae8f1/.tempmediaStorage/dom_1774652249601.txt', LF will be replaced by CRLF the next time Git touches it
warning: in the working copy of 'docs/artifacts/31adfa0c-1a16-4956-87b1-ccfda52ae8f1/.tempmediaStorage/dom_1774652255547.txt', LF will be replaced by CRLF the next time Git touches it
warning: in the working copy of 'docs/artifacts/31adfa0c-1a16-4956-87b1-ccfda52ae8f1/.tempmediaStorage/dom_1774652259764.txt', LF will be replaced by CRLF the next time Git touches it
warning: in the working copy of 'docs/artifacts/31adfa0c-1a16-4956-87b1-ccfda52ae8f1/.tempmediaStorage/dom_1774652264009.txt', LF will be replaced by CRLF the next time Git touches it
warning: in the working copy of 'docs/artifacts/31adfa0c-1a16-4956-87b1-ccfda52ae8f1/.tempmediaStorage/dom_1774652268870.txt', LF will be replaced by CRLF the next time Git touches it
warning: in the working copy of 'docs/artifacts/31adfa0c-1a16-4956-87b1-ccfda52ae8f1/.tempmediaStorage/dom_1774652273315.txt', LF will be replaced by CRLF the next time Git touches it
warning: in the working copy of 'docs/artifacts/31adfa0c-1a16-4956-87b1-ccfda52ae8f1/.tempmediaStorage/dom_1774652278581.txt', LF will be replaced by CRLF the next time Git touches it
warning: in the working copy of 'docs/artifacts/31adfa0c-1a16-4956-87b1-ccfda52ae8f1/.tempmediaStorage/dom_1774652283365.txt', LF will be replaced by CRLF the next time Git touches it
warning: in the working copy of 'docs/artifacts/31adfa0c-1a16-4956-87b1-ccfda52ae8f1/.tempmediaStorage/dom_1774652289693.txt', LF will be replaced by CRLF the next time Git touches it
warning: in the working copy of 'docs/artifacts/31adfa0c-1a16-4956-87b1-ccfda52ae8f1/.tempmediaStorage/dom_1774652945482.txt', LF will be replaced by CRLF the next time Git touches it
warning: in the working copy of 'docs/artifacts/31adfa0c-1a16-4956-87b1-ccfda52ae8f1/.tempmediaStorage/dom_1774652950808.txt', LF will be replaced by CRLF the next time Git touches it
warning: in the working copy of 'docs/artifacts/31adfa0c-1a16-4956-87b1-ccfda52ae8f1/.tempmediaStorage/dom_1774652959471.txt', LF will be replaced by CRLF the next time Git touches it
warning: in the working copy of 'docs/artifacts/31adfa0c-1a16-4956-87b1-ccfda52ae8f1/.tempmediaStorage/dom_1774652965995.txt', LF will be replaced by CRLF the next time Git touches it
warning: in the working copy of 'docs/artifacts/31adfa0c-1a16-4956-87b1-ccfda52ae8f1/.tempmediaStorage/dom_1774652971556.txt', LF will be replaced by CRLF the next time Git touches it
warning: in the working copy of 'docs/artifacts/31adfa0c-1a16-4956-87b1-ccfda52ae8f1/.tempmediaStorage/dom_1774652979073.txt', LF will be replaced by CRLF the next time Git touches it
warning: in the working copy of 'docs/artifacts/31adfa0c-1a16-4956-87b1-ccfda52ae8f1/.tempmediaStorage/dom_1774652985614.txt', LF will be replaced by CRLF the next time Git touches it
warning: in the working copy of 'docs/artifacts/31adfa0c-1a16-4956-87b1-ccfda52ae8f1/.tempmediaStorage/dom_1774652991651.txt', LF will be replaced by CRLF the next time Git touches it
warning: in the working copy of 'docs/artifacts/31adfa0c-1a16-4956-87b1-ccfda52ae8f1/.tempmediaStorage/dom_1774652998390.txt', LF will be replaced by CRLF the next time Git touches it
warning: in the working copy of 'docs/artifacts/31adfa0c-1a16-4956-87b1-ccfda52ae8f1/.tempmediaStorage/dom_1774653009397.txt', LF will be replaced by CRLF the next time Git touches it
warning: in the working copy of 'docs/artifacts/31adfa0c-1a16-4956-87b1-ccfda52ae8f1/.tempmediaStorage/dom_1774653051424.txt', LF will be replaced by CRLF the next time Git touches it
warning: in the working copy of 'docs/artifacts/31adfa0c-1a16-4956-87b1-ccfda52ae8f1/.tempmediaStorage/dom_1774653091129.txt', LF will be replaced by CRLF the next time Git touches it
warning: in the working copy of 'docs/artifacts/31adfa0c-1a16-4956-87b1-ccfda52ae8f1/.tempmediaStorage/dom_1774653091500.txt', LF will be replaced by CRLF the next time Git touches it
warning: in the working copy of 'docs/artifacts/31adfa0c-1a16-4956-87b1-ccfda52ae8f1/.tempmediaStorage/dom_1774653096966.txt', LF will be replaced by CRLF the next time Git touches it
warning: in the working copy of 'docs/artifacts/31adfa0c-1a16-4956-87b1-ccfda52ae8f1/.tempmediaStorage/dom_1774653102291.txt', LF will be replaced by CRLF the next time Git touches it
warning: in the working copy of 'docs/artifacts/31adfa0c-1a16-4956-87b1-ccfda52ae8f1/.tempmediaStorage/dom_1774653102461.txt', LF will be replaced by CRLF the next time Git touches it
warning: in the working copy of 'docs/artifacts/31adfa0c-1a16-4956-87b1-ccfda52ae8f1/.tempmediaStorage/dom_1774653108011.txt', LF will be replaced by CRLF the next time Git touches it
warning: in the working copy of 'docs/artifacts/31adfa0c-1a16-4956-87b1-ccfda52ae8f1/.tempmediaStorage/dom_1774653115084.txt', LF will be replaced by CRLF the next time Git touches it
warning: in the working copy of 'docs/artifacts/31adfa0c-1a16-4956-87b1-ccfda52ae8f1/.tempmediaStorage/dom_1774653121212.txt', LF will be replaced by CRLF the next time Git touches it
warning: in the working copy of 'docs/artifacts/31adfa0c-1a16-4956-87b1-ccfda52ae8f1/.tempmediaStorage/dom_1774653129404.txt', LF will be replaced by CRLF the next time Git touches it
warning: in the working copy of 'docs/artifacts/31adfa0c-1a16-4956-87b1-ccfda52ae8f1/.tempmediaStorage/dom_1774653137162.txt', LF will be replaced by CRLF the next time Git touches it
warning: in the working copy of 'docs/artifacts/31adfa0c-1a16-4956-87b1-ccfda52ae8f1/.tempmediaStorage/dom_1774653179143.txt', LF will be replaced by CRLF the next time Git touches it
warning: in the working copy of 'docs/artifacts/31adfa0c-1a16-4956-87b1-ccfda52ae8f1/.tempmediaStorage/dom_1774653186586.txt', LF will be replaced by CRLF the next time Git touches it
warning: in the working copy of 'docs/artifacts/31adfa0c-1a16-4956-87b1-ccfda52ae8f1/.tempmediaStorage/dom_1774653186699.txt', LF will be replaced by CRLF the next time Git touches it
warning: in the working copy of 'docs/artifacts/31adfa0c-1a16-4956-87b1-ccfda52ae8f1/.tempmediaStorage/dom_1774653192491.txt', LF will be replaced by CRLF the next time Git touches it
warning: in the working copy of 'docs/artifacts/31adfa0c-1a16-4956-87b1-ccfda52ae8f1/.tempmediaStorage/dom_1774653199655.txt', LF will be replaced by CRLF the next time Git touches it
warning: in the working copy of 'docs/artifacts/31adfa0c-1a16-4956-87b1-ccfda52ae8f1/.tempmediaStorage/dom_1774653206480.txt', LF will be replaced by CRLF the next time Git touches it
warning: in the working copy of 'docs/artifacts/31adfa0c-1a16-4956-87b1-ccfda52ae8f1/.tempmediaStorage/dom_1774653249365.txt', LF will be replaced by CRLF the next time Git touches it
warning: in the working copy of 'docs/artifacts/31adfa0c-1a16-4956-87b1-ccfda52ae8f1/.tempmediaStorage/dom_1774653346454.txt', LF will be replaced by CRLF the next time Git touches it
warning: in the working copy of 'docs/artifacts/31adfa0c-1a16-4956-87b1-ccfda52ae8f1/.tempmediaStorage/dom_1774653438991.txt', LF will be replaced by CRLF the next time Git touches it
warning: in the working copy of 'docs/artifacts/31adfa0c-1a16-4956-87b1-ccfda52ae8f1/.tempmediaStorage/dom_1774653446828.txt', LF will be replaced by CRLF the next time Git touches it
warning: in the working copy of 'docs/artifacts/31adfa0c-1a16-4956-87b1-ccfda52ae8f1/.tempmediaStorage/dom_1774653452073.txt', LF will be replaced by CRLF the next time Git touches it
warning: in the working copy of 'docs/artifacts/31adfa0c-1a16-4956-87b1-ccfda52ae8f1/.tempmediaStorage/dom_1774653458697.txt', LF will be replaced by CRLF the next time Git touches it
warning: in the working copy of 'docs/artifacts/31adfa0c-1a16-4956-87b1-ccfda52ae8f1/.tempmediaStorage/dom_1774653465749.txt', LF will be replaced by CRLF the next time Git touches it
warning: in the working copy of 'docs/artifacts/31adfa0c-1a16-4956-87b1-ccfda52ae8f1/.tempmediaStorage/dom_1774653576612.txt', LF will be replaced by CRLF the next time Git touches it
warning: in the working copy of 'docs/artifacts/31adfa0c-1a16-4956-87b1-ccfda52ae8f1/.tempmediaStorage/dom_1774653583475.txt', LF will be replaced by CRLF the next time Git touches it
warning: in the working copy of 'docs/artifacts/31adfa0c-1a16-4956-87b1-ccfda52ae8f1/.tempmediaStorage/dom_1774653606969.txt', LF will be replaced by CRLF the next time Git touches it
warning: in the working copy of 'docs/artifacts/31adfa0c-1a16-4956-87b1-ccfda52ae8f1/.tempmediaStorage/dom_1774653615021.txt', LF will be replaced by CRLF the next time Git touches it
warning: in the working copy of 'docs/artifacts/31adfa0c-1a16-4956-87b1-ccfda52ae8f1/.tempmediaStorage/dom_1774653622887.txt', LF will be replaced by CRLF the next time Git touches it
warning: in the working copy of 'docs/artifacts/31adfa0c-1a16-4956-87b1-ccfda52ae8f1/.tempmediaStorage/dom_1774653623125.txt', LF will be replaced by CRLF the next time Git touches it
warning: in the working copy of 'docs/artifacts/31adfa0c-1a16-4956-87b1-ccfda52ae8f1/.tempmediaStorage/dom_1774653704635.txt', LF will be replaced by CRLF the next time Git touches it
warning: in the working copy of 'docs/artifacts/31adfa0c-1a16-4956-87b1-ccfda52ae8f1/.tempmediaStorage/dom_1774653913186.txt', LF will be replaced by CRLF the next time Git touches it
warning: in the working copy of 'docs/artifacts/31adfa0c-1a16-4956-87b1-ccfda52ae8f1/.tempmediaStorage/dom_1774653913724.txt', LF will be replaced by CRLF the next time Git touches it
warning: in the working copy of 'docs/artifacts/31adfa0c-1a16-4956-87b1-ccfda52ae8f1/.tempmediaStorage/dom_1774653921978.txt', LF will be replaced by CRLF the next time Git touches it
warning: in the working copy of 'docs/artifacts/31adfa0c-1a16-4956-87b1-ccfda52ae8f1/.tempmediaStorage/dom_1774653922589.txt', LF will be replaced by CRLF the next time Git touches it
warning: in the working copy of 'docs/artifacts/31adfa0c-1a16-4956-87b1-ccfda52ae8f1/.tempmediaStorage/dom_1774653931955.txt', LF will be replaced by CRLF the next time Git touches it
warning: in the working copy of 'docs/artifacts/31adfa0c-1a16-4956-87b1-ccfda52ae8f1/.tempmediaStorage/dom_1774653932328.txt', LF will be replaced by CRLF the next time Git touches it
warning: in the working copy of 'docs/artifacts/31adfa0c-1a16-4956-87b1-ccfda52ae8f1/.tempmediaStorage/dom_1774653946405.txt', LF will be replaced by CRLF the next time Git touches it
warning: in the working copy of 'docs/artifacts/31adfa0c-1a16-4956-87b1-ccfda52ae8f1/.tempmediaStorage/dom_1774653955711.txt', LF will be replaced by CRLF the next time Git touches it
warning: in the working copy of 'docs/artifacts/31adfa0c-1a16-4956-87b1-ccfda52ae8f1/.tempmediaStorage/dom_1774653966047.txt', LF will be replaced by CRLF the next time Git touches it
warning: in the working copy of 'docs/artifacts/31adfa0c-1a16-4956-87b1-ccfda52ae8f1/.tempmediaStorage/dom_1774654078730.txt', LF will be replaced by CRLF the next time Git touches it
warning: in the working copy of 'docs/artifacts/31adfa0c-1a16-4956-87b1-ccfda52ae8f1/.tempmediaStorage/dom_1774654079139.txt', LF will be replaced by CRLF the next time Git touches it
warning: in the working copy of 'docs/artifacts/31adfa0c-1a16-4956-87b1-ccfda52ae8f1/.tempmediaStorage/dom_1774654089161.txt', LF will be replaced by CRLF the next time Git touches it
warning: in the working copy of 'docs/artifacts/31adfa0c-1a16-4956-87b1-ccfda52ae8f1/.tempmediaStorage/dom_1774654097520.txt', LF will be replaced by CRLF the next time Git touches it
warning: in the working copy of 'docs/artifacts/31adfa0c-1a16-4956-87b1-ccfda52ae8f1/.tempmediaStorage/dom_1774654110603.txt', LF will be replaced by CRLF the next time Git touches it
warning: in the working copy of 'docs/artifacts/31adfa0c-1a16-4956-87b1-ccfda52ae8f1/.tempmediaStorage/dom_1774654121586.txt', LF will be replaced by CRLF the next time Git touches it
warning: in the working copy of 'docs/artifacts/31adfa0c-1a16-4956-87b1-ccfda52ae8f1/.tempmediaStorage/dom_1774654130966.txt', LF will be replaced by CRLF the next time Git touches it
warning: in the working copy of 'docs/artifacts/31adfa0c-1a16-4956-87b1-ccfda52ae8f1/.tempmediaStorage/dom_1774654139749.txt', LF will be replaced by CRLF the next time Git touches it
warning: in the working copy of 'docs/artifacts/31adfa0c-1a16-4956-87b1-ccfda52ae8f1/.tempmediaStorage/dom_1774654148900.txt', LF will be replaced by CRLF the next time Git touches it
warning: in the working copy of 'docs/artifacts/31adfa0c-1a16-4956-87b1-ccfda52ae8f1/.tempmediaStorage/dom_1774654157644.txt', LF will be replaced by CRLF the next time Git touches it
warning: in the working copy of 'docs/artifacts/31adfa0c-1a16-4956-87b1-ccfda52ae8f1/.tempmediaStorage/dom_1774654166538.txt', LF will be replaced by CRLF the next time Git touches it
warning: in the working copy of 'docs/artifacts/31adfa0c-1a16-4956-87b1-ccfda52ae8f1/.tempmediaStorage/dom_1774654173444.txt', LF will be replaced by CRLF the next time Git touches it
warning: in the working copy of 'docs/artifacts/31adfa0c-1a16-4956-87b1-ccfda52ae8f1/.tempmediaStorage/dom_1774654174065.txt', LF will be replaced by CRLF the next time Git touches it
warning: in the working copy of 'docs/artifacts/31adfa0c-1a16-4956-87b1-ccfda52ae8f1/.tempmediaStorage/dom_1774654184416.txt', LF will be replaced by CRLF the next time Git touches it
warning: in the working copy of 'docs/artifacts/31adfa0c-1a16-4956-87b1-ccfda52ae8f1/.tempmediaStorage/dom_1774654225950.txt', LF will be replaced by CRLF the next time Git touches it
warning: in the working copy of 'docs/artifacts/31adfa0c-1a16-4956-87b1-ccfda52ae8f1/.tempmediaStorage/dom_1774654235180.txt', LF will be replaced by CRLF the next time Git touches it
warning: in the working copy of 'docs/artifacts/31adfa0c-1a16-4956-87b1-ccfda52ae8f1/.tempmediaStorage/dom_1774654246999.txt', LF will be replaced by CRLF the next time Git touches it
warning: in the working copy of 'docs/artifacts/31adfa0c-1a16-4956-87b1-ccfda52ae8f1/.tempmediaStorage/dom_1774654256539.txt', LF will be replaced by CRLF the next time Git touches it
warning: in the working copy of 'docs/artifacts/31adfa0c-1a16-4956-87b1-ccfda52ae8f1/.tempmediaStorage/dom_1774654274217.txt', LF will be replaced by CRLF the next time Git touches it
warning: in the working copy of 'docs/artifacts/31adfa0c-1a16-4956-87b1-ccfda52ae8f1/.tempmediaStorage/dom_1774656469563.txt', LF will be replaced by CRLF the next time Git touches it
warning: in the working copy of 'docs/artifacts/31adfa0c-1a16-4956-87b1-ccfda52ae8f1/.tempmediaStorage/dom_1774656478778.txt', LF will be replaced by CRLF the next time Git touches it
warning: in the working copy of 'docs/artifacts/31adfa0c-1a16-4956-87b1-ccfda52ae8f1/.tempmediaStorage/dom_1774656487863.txt', LF will be replaced by CRLF the next time Git touches it
warning: in the working copy of 'docs/artifacts/31adfa0c-1a16-4956-87b1-ccfda52ae8f1/.tempmediaStorage/dom_1774656500109.txt', LF will be replaced by CRLF the next time Git touches it
warning: in the working copy of 'docs/artifacts/31adfa0c-1a16-4956-87b1-ccfda52ae8f1/.tempmediaStorage/dom_1774656531550.txt', LF will be replaced by CRLF the next time Git touches it
warning: in the working copy of 'docs/artifacts/31adfa0c-1a16-4956-87b1-ccfda52ae8f1/.tempmediaStorage/dom_1774656539832.txt', LF will be replaced by CRLF the next time Git touches it
warning: in the working copy of 'docs/artifacts/31adfa0c-1a16-4956-87b1-ccfda52ae8f1/.tempmediaStorage/dom_1774656548289.txt', LF will be replaced by CRLF the next time Git touches it
warning: in the working copy of 'docs/artifacts/31adfa0c-1a16-4956-87b1-ccfda52ae8f1/.tempmediaStorage/dom_1774656557115.txt', LF will be replaced by CRLF the next time Git touches it
warning: in the working copy of 'docs/artifacts/31adfa0c-1a16-4956-87b1-ccfda52ae8f1/.tempmediaStorage/dom_1774656566427.txt', LF will be replaced by CRLF the next time Git touches it
warning: in the working copy of 'docs/artifacts/31adfa0c-1a16-4956-87b1-ccfda52ae8f1/.tempmediaStorage/dom_1774656566800.txt', LF will be replaced by CRLF the next time Git touches it
warning: in the working copy of 'docs/artifacts/31adfa0c-1a16-4956-87b1-ccfda52ae8f1/.tempmediaStorage/dom_1774656577611.txt', LF will be replaced by CRLF the next time Git touches it
warning: in the working copy of 'docs/artifacts/31adfa0c-1a16-4956-87b1-ccfda52ae8f1/.tempmediaStorage/dom_1774656586300.txt', LF will be replaced by CRLF the next time Git touches it
warning: in the working copy of 'docs/artifacts/31adfa0c-1a16-4956-87b1-ccfda52ae8f1/.tempmediaStorage/dom_1774656595553.txt', LF will be replaced by CRLF the next time Git touches it
warning: in the working copy of 'docs/artifacts/31adfa0c-1a16-4956-87b1-ccfda52ae8f1/.tempmediaStorage/dom_1774656608635.txt', LF will be replaced by CRLF the next time Git touches it
warning: in the working copy of 'docs/artifacts/31adfa0c-1a16-4956-87b1-ccfda52ae8f1/.tempmediaStorage/dom_1774656618068.txt', LF will be replaced by CRLF the next time Git touches it
warning: in the working copy of 'docs/artifacts/31adfa0c-1a16-4956-87b1-ccfda52ae8f1/.tempmediaStorage/dom_1774656632983.txt', LF will be replaced by CRLF the next time Git touches it
warning: in the working copy of 'docs/artifacts/31adfa0c-1a16-4956-87b1-ccfda52ae8f1/.tempmediaStorage/dom_1774656644452.txt', LF will be replaced by CRLF the next time Git touches it
warning: in the working copy of 'docs/artifacts/31adfa0c-1a16-4956-87b1-ccfda52ae8f1/.tempmediaStorage/dom_1774656654589.txt', LF will be replaced by CRLF the next time Git touches it
warning: in the working copy of 'docs/artifacts/31adfa0c-1a16-4956-87b1-ccfda52ae8f1/.tempmediaStorage/dom_1774656664501.txt', LF will be replaced by CRLF the next time Git touches it
warning: in the working copy of 'docs/artifacts/31adfa0c-1a16-4956-87b1-ccfda52ae8f1/.tempmediaStorage/dom_1774656673388.txt', LF will be replaced by CRLF the next time Git touches it
warning: in the working copy of 'docs/artifacts/31adfa0c-1a16-4956-87b1-ccfda52ae8f1/.tempmediaStorage/dom_1774656682080.txt', LF will be replaced by CRLF the next time Git touches it
warning: in the working copy of 'docs/artifacts/31adfa0c-1a16-4956-87b1-ccfda52ae8f1/.tempmediaStorage/dom_1774656691951.txt', LF will be replaced by CRLF the next time Git touches it
warning: in the working copy of 'docs/artifacts/31adfa0c-1a16-4956-87b1-ccfda52ae8f1/.tempmediaStorage/dom_1774656703262.txt', LF will be replaced by CRLF the next time Git touches it
warning: in the working copy of 'docs/artifacts/31adfa0c-1a16-4956-87b1-ccfda52ae8f1/.tempmediaStorage/dom_1774656714130.txt', LF will be replaced by CRLF the next time Git touches it
warning: in the working copy of 'docs/artifacts/31adfa0c-1a16-4956-87b1-ccfda52ae8f1/.tempmediaStorage/dom_1774656724305.txt', LF will be replaced by CRLF the next time Git touches it
warning: in the working copy of 'docs/artifacts/31adfa0c-1a16-4956-87b1-ccfda52ae8f1/.tempmediaStorage/dom_1774656733622.txt', LF will be replaced by CRLF the next time Git touches it
warning: in the working copy of 'docs/artifacts/31adfa0c-1a16-4956-87b1-ccfda52ae8f1/.tempmediaStorage/dom_1774656744491.txt', LF will be replaced by CRLF the next time Git touches it
warning: in the working copy of 'docs/artifacts/31adfa0c-1a16-4956-87b1-ccfda52ae8f1/.tempmediaStorage/dom_1774656751837.txt', LF will be replaced by CRLF the next time Git touches it
warning: in the working copy of 'docs/artifacts/31adfa0c-1a16-4956-87b1-ccfda52ae8f1/.tempmediaStorage/dom_1774656760150.txt', LF will be replaced by CRLF the next time Git touches it
warning: in the working copy of 'docs/artifacts/31adfa0c-1a16-4956-87b1-ccfda52ae8f1/.tempmediaStorage/dom_1774656807138.txt', LF will be replaced by CRLF the next time Git touches it
warning: in the working copy of 'docs/artifacts/31adfa0c-1a16-4956-87b1-ccfda52ae8f1/.tempmediaStorage/dom_1774656820213.txt', LF will be replaced by CRLF the next time Git touches it
warning: in the working copy of 'docs/artifacts/31adfa0c-1a16-4956-87b1-ccfda52ae8f1/.tempmediaStorage/dom_1774656829182.txt', LF will be replaced by CRLF the next time Git touches it
warning: in the working copy of 'docs/artifacts/31adfa0c-1a16-4956-87b1-ccfda52ae8f1/.tempmediaStorage/dom_1774656838673.txt', LF will be replaced by CRLF the next time Git touches it
warning: in the working copy of 'docs/artifacts/31adfa0c-1a16-4956-87b1-ccfda52ae8f1/.tempmediaStorage/dom_1774656847321.txt', LF will be replaced by CRLF the next time Git touches it
warning: in the working copy of 'docs/artifacts/31adfa0c-1a16-4956-87b1-ccfda52ae8f1/.tempmediaStorage/dom_1774656857202.txt', LF will be replaced by CRLF the next time Git touches it
warning: in the working copy of 'docs/artifacts/31adfa0c-1a16-4956-87b1-ccfda52ae8f1/.tempmediaStorage/dom_1774656918644.txt', LF will be replaced by CRLF the next time Git touches it
warning: in the working copy of 'docs/artifacts/31adfa0c-1a16-4956-87b1-ccfda52ae8f1/.tempmediaStorage/dom_1774656927913.txt', LF will be replaced by CRLF the next time Git touches it
warning: in the working copy of 'docs/artifacts/31adfa0c-1a16-4956-87b1-ccfda52ae8f1/.tempmediaStorage/dom_1774656936160.txt', LF will be replaced by CRLF the next time Git touches it
warning: in the working copy of 'docs/artifacts/31adfa0c-1a16-4956-87b1-ccfda52ae8f1/.tempmediaStorage/dom_1774673721053.txt', LF will be replaced by CRLF the next time Git touches it
warning: in the working copy of 'docs/artifacts/31adfa0c-1a16-4956-87b1-ccfda52ae8f1/.tempmediaStorage/dom_1774673739028.txt', LF will be replaced by CRLF the next time Git touches it
warning: in the working copy of 'docs/artifacts/31adfa0c-1a16-4956-87b1-ccfda52ae8f1/.tempmediaStorage/dom_1774673744155.txt', LF will be replaced by CRLF the next time Git touches it
warning: in the working copy of 'docs/artifacts/31adfa0c-1a16-4956-87b1-ccfda52ae8f1/.tempmediaStorage/dom_1774673751542.txt', LF will be replaced by CRLF the next time Git touches it
warning: in the working copy of 'docs/artifacts/31adfa0c-1a16-4956-87b1-ccfda52ae8f1/.tempmediaStorage/dom_1774674154901.txt', LF will be replaced by CRLF the next time Git touches it
warning: in the working copy of 'docs/artifacts/31adfa0c-1a16-4956-87b1-ccfda52ae8f1/.tempmediaStorage/dom_1774674161480.txt', LF will be replaced by CRLF the next time Git touches it
warning: in the working copy of 'docs/artifacts/31adfa0c-1a16-4956-87b1-ccfda52ae8f1/.tempmediaStorage/dom_1774674172507.txt', LF will be replaced by CRLF the next time Git touches it
warning: in the working copy of 'docs/artifacts/31adfa0c-1a16-4956-87b1-ccfda52ae8f1/.tempmediaStorage/dom_1774674182710.txt', LF will be replaced by CRLF the next time Git touches it
warning: in the working copy of 'docs/artifacts/31adfa0c-1a16-4956-87b1-ccfda52ae8f1/.tempmediaStorage/dom_1774674193139.txt', LF will be replaced by CRLF the next time Git touches it
warning: in the working copy of 'docs/artifacts/31adfa0c-1a16-4956-87b1-ccfda52ae8f1/.tempmediaStorage/dom_1774674345230.txt', LF will be replaced by CRLF the next time Git touches it
warning: in the working copy of 'docs/artifacts/31adfa0c-1a16-4956-87b1-ccfda52ae8f1/.tempmediaStorage/dom_1774674354960.txt', LF will be replaced by CRLF the next time Git touches it
warning: in the working copy of 'docs/artifacts/31adfa0c-1a16-4956-87b1-ccfda52ae8f1/browser/scratchpad_8v6kld8l.md', LF will be replaced by CRLF the next time Git touches it
warning: in the working copy of 'docs/artifacts/31adfa0c-1a16-4956-87b1-ccfda52ae8f1/browser/scratchpad_8v6kld8l.md.resolved', LF will be replaced by CRLF the next time Git touches it
warning: in the working copy of 'docs/artifacts/31adfa0c-1a16-4956-87b1-ccfda52ae8f1/browser/scratchpad_8v6kld8l.md.resolved.0', LF will be replaced by CRLF the next time Git touches it
warning: in the working copy of 'docs/artifacts/31adfa0c-1a16-4956-87b1-ccfda52ae8f1/browser/scratchpad_euazu0f2.md', LF will be replaced by CRLF the next time Git touches it
warning: in the working copy of 'docs/artifacts/31adfa0c-1a16-4956-87b1-ccfda52ae8f1/browser/scratchpad_euazu0f2.md.resolved', LF will be replaced by CRLF the next time Git touches it
warning: in the working copy of 'docs/artifacts/31adfa0c-1a16-4956-87b1-ccfda52ae8f1/browser/scratchpad_euazu0f2.md.resolved.0', LF will be replaced by CRLF the next time Git touches it
warning: in the working copy of 'docs/artifacts/31adfa0c-1a16-4956-87b1-ccfda52ae8f1/browser/scratchpad_euazu0f2.md.resolved.1', LF will be replaced by CRLF the next time Git touches it
warning: in the working copy of 'docs/artifacts/31adfa0c-1a16-4956-87b1-ccfda52ae8f1/browser/scratchpad_euazu0f2.md.resolved.2', LF will be replaced by CRLF the next time Git touches it
warning: in the working copy of 'docs/artifacts/31adfa0c-1a16-4956-87b1-ccfda52ae8f1/browser/scratchpad_w65co2ew.md', LF will be replaced by CRLF the next time Git touches it
warning: in the working copy of 'docs/artifacts/31adfa0c-1a16-4956-87b1-ccfda52ae8f1/browser/scratchpad_w65co2ew.md.resolved', LF will be replaced by CRLF the next time Git touches it
warning: in the working copy of 'docs/artifacts/31adfa0c-1a16-4956-87b1-ccfda52ae8f1/browser/scratchpad_w65co2ew.md.resolved.0', LF will be replaced by CRLF the next time Git touches it
warning: in the working copy of 'docs/artifacts/31adfa0c-1a16-4956-87b1-ccfda52ae8f1/implementation_plan.md', LF will be replaced by CRLF the next time Git touches it
warning: in the working copy of 'docs/artifacts/31adfa0c-1a16-4956-87b1-ccfda52ae8f1/implementation_plan.md.metadata.json', LF will be replaced by CRLF the next time Git touches it
warning: in the working copy of 'docs/artifacts/31adfa0c-1a16-4956-87b1-ccfda52ae8f1/implementation_plan.md.resolved', LF will be replaced by CRLF the next time Git touches it
warning: in the working copy of 'docs/artifacts/31adfa0c-1a16-4956-87b1-ccfda52ae8f1/implementation_plan.md.resolved.0', LF will be replaced by CRLF the next time Git touches it
warning: in the working copy of 'docs/artifacts/31adfa0c-1a16-4956-87b1-ccfda52ae8f1/implementation_plan.md.resolved.1', LF will be replaced by CRLF the next time Git touches it
warning: in the working copy of 'docs/artifacts/31adfa0c-1a16-4956-87b1-ccfda52ae8f1/implementation_plan.md.resolved.2', LF will be replaced by CRLF the next time Git touches it
warning: in the working copy of 'docs/artifacts/31adfa0c-1a16-4956-87b1-ccfda52ae8f1/implementation_plan.md.resolved.3', LF will be replaced by CRLF the next time Git touches it
warning: in the working copy of 'docs/artifacts/31adfa0c-1a16-4956-87b1-ccfda52ae8f1/task.md', LF will be replaced by CRLF the next time Git touches it
warning: in the working copy of 'docs/artifacts/31adfa0c-1a16-4956-87b1-ccfda52ae8f1/task.md.metadata.json', LF will be replaced by CRLF the next time Git touches it
warning: in the working copy of 'docs/artifacts/31adfa0c-1a16-4956-87b1-ccfda52ae8f1/task.md.resolved', LF will be replaced by CRLF the next time Git touches it
warning: in the working copy of 'docs/artifacts/31adfa0c-1a16-4956-87b1-ccfda52ae8f1/task.md.resolved.0', LF will be replaced by CRLF the next time Git touches it
warning: in the working copy of 'docs/artifacts/31adfa0c-1a16-4956-87b1-ccfda52ae8f1/task.md.resolved.1', LF will be replaced by CRLF the next time Git touches it
warning: in the working copy of 'docs/artifacts/31adfa0c-1a16-4956-87b1-ccfda52ae8f1/task.md.resolved.2', LF will be replaced by CRLF the next time Git touches it
warning: in the working copy of 'docs/artifacts/31adfa0c-1a16-4956-87b1-ccfda52ae8f1/task.md.resolved.3', LF will be replaced by CRLF the next time Git touches it
warning: in the working copy of 'docs/artifacts/31adfa0c-1a16-4956-87b1-ccfda52ae8f1/task.md.resolved.4', LF will be replaced by CRLF the next time Git touches it
warning: in the working copy of 'docs/artifacts/40f5f20c-2a21-4dc1-840b-ee8d8ffc09c1/.system_generated/tasks/task-1002.log', LF will be replaced by CRLF the next time Git touches it
warning: in the working copy of 'docs/artifacts/40f5f20c-2a21-4dc1-840b-ee8d8ffc09c1/.system_generated/tasks/task-105.log', LF will be replaced by CRLF the next time Git touches it
warning: in the working copy of 'docs/artifacts/40f5f20c-2a21-4dc1-840b-ee8d8ffc09c1/.system_generated/tasks/task-1060.log', LF will be replaced by CRLF the next time Git touches it
warning: in the working copy of 'docs/artifacts/40f5f20c-2a21-4dc1-840b-ee8d8ffc09c1/.system_generated/tasks/task-1209.log', LF will be replaced by CRLF the next time Git touches it
warning: in the working copy of 'docs/artifacts/40f5f20c-2a21-4dc1-840b-ee8d8ffc09c1/.system_generated/tasks/task-1318.log', LF will be replaced by CRLF the next time Git touches it
warning: in the working copy of 'docs/artifacts/40f5f20c-2a21-4dc1-840b-ee8d8ffc09c1/.system_generated/tasks/task-1332.log', LF will be replaced by CRLF the next time Git touches it
warning: in the working copy of 'docs/artifacts/40f5f20c-2a21-4dc1-840b-ee8d8ffc09c1/.system_generated/tasks/task-1437.log', LF will be replaced by CRLF the next time Git touches it
warning: in the working copy of 'docs/artifacts/40f5f20c-2a21-4dc1-840b-ee8d8ffc09c1/.system_generated/tasks/task-1546.log', LF will be replaced by CRLF the next time Git touches it
warning: in the working copy of 'docs/artifacts/40f5f20c-2a21-4dc1-840b-ee8d8ffc09c1/.system_generated/tasks/task-1552.log', LF will be replaced by CRLF the next time Git touches it
warning: in the working copy of 'docs/artifacts/40f5f20c-2a21-4dc1-840b-ee8d8ffc09c1/.system_generated/tasks/task-1596.log', LF will be replaced by CRLF the next time Git touches it
warning: in the working copy of 'docs/artifacts/40f5f20c-2a21-4dc1-840b-ee8d8ffc09c1/.system_generated/tasks/task-1604.log', LF will be replaced by CRLF the next time Git touches it
warning: in the working copy of 'docs/artifacts/40f5f20c-2a21-4dc1-840b-ee8d8ffc09c1/.system_generated/tasks/task-222.log', LF will be replaced by CRLF the next time Git touches it
warning: in the working copy of 'docs/artifacts/40f5f20c-2a21-4dc1-840b-ee8d8ffc09c1/.system_generated/tasks/task-337.log', LF will be replaced by CRLF the next time Git touches it
warning: in the working copy of 'docs/artifacts/40f5f20c-2a21-4dc1-840b-ee8d8ffc09c1/.system_generated/tasks/task-391.log', LF will be replaced by CRLF the next time Git touches it
warning: in the working copy of 'docs/artifacts/40f5f20c-2a21-4dc1-840b-ee8d8ffc09c1/.system_generated/tasks/task-422.log', LF will be replaced by CRLF the next time Git touches it
warning: in the working copy of 'docs/artifacts/40f5f20c-2a21-4dc1-840b-ee8d8ffc09c1/.system_generated/tasks/task-484.log', LF will be replaced by CRLF the next time Git touches it
warning: in the working copy of 'docs/artifacts/40f5f20c-2a21-4dc1-840b-ee8d8ffc09c1/.system_generated/tasks/task-499.log', LF will be replaced by CRLF the next time Git touches it
warning: in the working copy of 'docs/artifacts/40f5f20c-2a21-4dc1-840b-ee8d8ffc09c1/.system_generated/tasks/task-622.log', LF will be replaced by CRLF the next time Git touches it
warning: in the working copy of 'docs/artifacts/40f5f20c-2a21-4dc1-840b-ee8d8ffc09c1/.system_generated/tasks/task-708.log', LF will be replaced by CRLF the next time Git touches it
warning: in the working copy of 'docs/artifacts/40f5f20c-2a21-4dc1-840b-ee8d8ffc09c1/.system_generated/tasks/task-720.log', LF will be replaced by CRLF the next time Git touches it
warning: in the working copy of 'docs/artifacts/40f5f20c-2a21-4dc1-840b-ee8d8ffc09c1/.system_generated/tasks/task-837.log', LF will be replaced by CRLF the next time Git touches it
warning: in the working copy of 'docs/artifacts/40f5f20c-2a21-4dc1-840b-ee8d8ffc09c1/.system_generated/tasks/task-895.log', LF will be replaced by CRLF the next time Git touches it
warning: in the working copy of 'docs/artifacts/40f5f20c-2a21-4dc1-840b-ee8d8ffc09c1/.system_generated/tasks/task-93.log', LF will be replaced by CRLF the next time Git touches it
warning: in the working copy of 'docs/artifacts/40f5f20c-2a21-4dc1-840b-ee8d8ffc09c1/.system_generated/tasks/task-949.log', LF will be replaced by CRLF the next time Git touches it
warning: in the working copy of 'docs/artifacts/40f5f20c-2a21-4dc1-840b-ee8d8ffc09c1/100k_architecture_swot.md', LF will be replaced by CRLF the next time Git touches it
warning: in the working copy of 'docs/artifacts/40f5f20c-2a21-4dc1-840b-ee8d8ffc09c1/100k_architecture_swot.md.metadata.json', LF will be replaced by CRLF the next time Git touches it
warning: in the working copy of 'docs/artifacts/40f5f20c-2a21-4dc1-840b-ee8d8ffc09c1/10k_ui_responsiveness_and_architecture.md', LF will be replaced by CRLF the next time Git touches it
warning: in the working copy of 'docs/artifacts/40f5f20c-2a21-4dc1-840b-ee8d8ffc09c1/10k_ui_responsiveness_and_architecture.md.metadata.json', LF will be replaced by CRLF the next time Git touches it
warning: in the working copy of 'docs/artifacts/40f5f20c-2a21-4dc1-840b-ee8d8ffc09c1/cleanup_and_consolidation_plan.md', LF will be replaced by CRLF the next time Git touches it
warning: in the working copy of 'docs/artifacts/40f5f20c-2a21-4dc1-840b-ee8d8ffc09c1/cleanup_and_consolidation_plan.md.metadata.json', LF will be replaced by CRLF the next time Git touches it
warning: in the working copy of 'docs/artifacts/40f5f20c-2a21-4dc1-840b-ee8d8ffc09c1/database_cache_swot_analysis.md', LF will be replaced by CRLF the next time Git touches it
warning: in the working copy of 'docs/artifacts/40f5f20c-2a21-4dc1-840b-ee8d8ffc09c1/database_cache_swot_analysis.md.metadata.json', LF will be replaced by CRLF the next time Git touches it
warning: in the working copy of 'docs/artifacts/40f5f20c-2a21-4dc1-840b-ee8d8ffc09c1/multi_phase_implementation_plan.md', LF will be replaced by CRLF the next time Git touches it
warning: in the working copy of 'docs/artifacts/40f5f20c-2a21-4dc1-840b-ee8d8ffc09c1/multi_phase_implementation_plan.md.metadata.json', LF will be replaced by CRLF the next time Git touches it
warning: in the working copy of 'docs/artifacts/4de187c2-5407-42d9-9e6b-58d909c626ef/.system_generated/steps/3140/content.md', LF will be replaced by CRLF the next time Git touches it
warning: in the working copy of 'docs/artifacts/4de187c2-5407-42d9-9e6b-58d909c626ef/.system_generated/tasks/task-3102.log', LF will be replaced by CRLF the next time Git touches it
warning: in the working copy of 'docs/artifacts/4de187c2-5407-42d9-9e6b-58d909c626ef/.system_generated/tasks/task-3147.log', LF will be replaced by CRLF the next time Git touches it
warning: in the working copy of 'docs/artifacts/4de187c2-5407-42d9-9e6b-58d909c626ef/.system_generated/tasks/task-3400.log', LF will be replaced by CRLF the next time Git touches it
warning: in the working copy of 'docs/artifacts/4de187c2-5407-42d9-9e6b-58d909c626ef/.tempmediaStorage/dom_1775562056032.txt', LF will be replaced by CRLF the next time Git touches it
warning: in the working copy of 'docs/artifacts/4de187c2-5407-42d9-9e6b-58d909c626ef/.tempmediaStorage/dom_1775562065624.txt', LF will be replaced by CRLF the next time Git touches it
warning: in the working copy of 'docs/artifacts/4de187c2-5407-42d9-9e6b-58d909c626ef/browser/scratchpad_8iukbqij.md', LF will be replaced by CRLF the next time Git touches it
warning: in the working copy of 'docs/artifacts/4de187c2-5407-42d9-9e6b-58d909c626ef/browser/scratchpad_hxphgvjy.md', LF will be replaced by CRLF the next time Git touches it
warning: in the working copy of 'docs/artifacts/4de187c2-5407-42d9-9e6b-58d909c626ef/implementation_plan.md', LF will be replaced by CRLF the next time Git touches it
warning: in the working copy of 'docs/artifacts/4de187c2-5407-42d9-9e6b-58d909c626ef/implementation_plan.md.metadata.json', LF will be replaced by CRLF the next time Git touches it
warning: in the working copy of 'docs/artifacts/4de187c2-5407-42d9-9e6b-58d909c626ef/implementation_plan.md.resolved', LF will be replaced by CRLF the next time Git touches it
warning: in the working copy of 'docs/artifacts/4de187c2-5407-42d9-9e6b-58d909c626ef/implementation_plan.md.resolved.0', LF will be replaced by CRLF the next time Git touches it
warning: in the working copy of 'docs/artifacts/4de187c2-5407-42d9-9e6b-58d909c626ef/implementation_plan.md.resolved.1', LF will be replaced by CRLF the next time Git touches it
warning: in the working copy of 'docs/artifacts/4de187c2-5407-42d9-9e6b-58d909c626ef/implementation_plan.md.resolved.2', LF will be replaced by CRLF the next time Git touches it
warning: in the working copy of 'docs/artifacts/4de187c2-5407-42d9-9e6b-58d909c626ef/implementation_plan.md.resolved.3', LF will be replaced by CRLF the next time Git touches it
warning: in the working copy of 'docs/artifacts/4de187c2-5407-42d9-9e6b-58d909c626ef/implementation_plan.md.resolved.4', LF will be replaced by CRLF the next time Git touches it
warning: in the working copy of 'docs/artifacts/4de187c2-5407-42d9-9e6b-58d909c626ef/task.md', LF will be replaced by CRLF the next time Git touches it
warning: in the working copy of 'docs/artifacts/4de187c2-5407-42d9-9e6b-58d909c626ef/task.md.metadata.json', LF will be replaced by CRLF the next time Git touches it
warning: in the working copy of 'docs/artifacts/4de187c2-5407-42d9-9e6b-58d909c626ef/task.md.resolved', LF will be replaced by CRLF the next time Git touches it
warning: in the working copy of 'docs/artifacts/4de187c2-5407-42d9-9e6b-58d909c626ef/task.md.resolved.0', LF will be replaced by CRLF the next time Git touches it
warning: in the working copy of 'docs/artifacts/4de187c2-5407-42d9-9e6b-58d909c626ef/task.md.resolved.1', LF will be replaced by CRLF the next time Git touches it
warning: in the working copy of 'docs/artifacts/4de187c2-5407-42d9-9e6b-58d909c626ef/task_tracker.md', LF will be replaced by CRLF the next time Git touches it
warning: in the working copy of 'docs/artifacts/4de187c2-5407-42d9-9e6b-58d909c626ef/task_tracker.md.metadata.json', LF will be replaced by CRLF the next time Git touches it
warning: in the working copy of 'docs/artifacts/4de187c2-5407-42d9-9e6b-58d909c626ef/task_tracker.md.resolved', LF will be replaced by CRLF the next time Git touches it
warning: in the working copy of 'docs/artifacts/4de187c2-5407-42d9-9e6b-58d909c626ef/task_tracker.md.resolved.0', LF will be replaced by CRLF the next time Git touches it
warning: in the working copy of 'docs/artifacts/6b90c4ea-d7ac-4e74-bde1-f62cec029443/.system_generated/tasks/task-539.log', LF will be replaced by CRLF the next time Git touches it
warning: in the working copy of 'docs/artifacts/6b90c4ea-d7ac-4e74-bde1-f62cec029443/.system_generated/tasks/task-653.log', LF will be replaced by CRLF the next time Git touches it
warning: in the working copy of 'docs/artifacts/6b90c4ea-d7ac-4e74-bde1-f62cec029443/.system_generated/tasks/task-751.log', LF will be replaced by CRLF the next time Git touches it
warning: in the working copy of 'docs/artifacts/6b90c4ea-d7ac-4e74-bde1-f62cec029443/.system_generated/tasks/task-81.log', LF will be replaced by CRLF the next time Git touches it
warning: in the working copy of 'docs/artifacts/6b90c4ea-d7ac-4e74-bde1-f62cec029443/.system_generated/tasks/task-93.log', LF will be replaced by CRLF the next time Git touches it
warning: in the working copy of 'docs/artifacts/6b90c4ea-d7ac-4e74-bde1-f62cec029443/disk_space_swot_analysis.md', LF will be replaced by CRLF the next time Git touches it
warning: in the working copy of 'docs/artifacts/6b90c4ea-d7ac-4e74-bde1-f62cec029443/disk_space_swot_analysis.md.metadata.json', LF will be replaced by CRLF the next time Git touches it
warning: in the working copy of 'docs/artifacts/6b90c4ea-d7ac-4e74-bde1-f62cec029443/faceswap_ensemble_spec.md', LF will be replaced by CRLF the next time Git touches it
warning: in the working copy of 'docs/artifacts/6b90c4ea-d7ac-4e74-bde1-f62cec029443/faceswap_ensemble_spec.md.metadata.json', LF will be replaced by CRLF the next time Git touches it
warning: in the working copy of 'docs/artifacts/6b90c4ea-d7ac-4e74-bde1-f62cec029443/faceswap_progress_plan.md', LF will be replaced by CRLF the next time Git touches it
warning: in the working copy of 'docs/artifacts/6b90c4ea-d7ac-4e74-bde1-f62cec029443/faceswap_progress_plan.md.metadata.json', LF will be replaced by CRLF the next time Git touches it
warning: in the working copy of 'docs/artifacts/6b90c4ea-d7ac-4e74-bde1-f62cec029443/temporal_coherency_strategies.md', LF will be replaced by CRLF the next time Git touches it
warning: in the working copy of 'docs/artifacts/6b90c4ea-d7ac-4e74-bde1-f62cec029443/temporal_coherency_strategies.md.metadata.json', LF will be replaced by CRLF the next time Git touches it
warning: in the working copy of 'docs/artifacts/6b90c4ea-d7ac-4e74-bde1-f62cec029443/ui_architecture_plan.md', LF will be replaced by CRLF the next time Git touches it
warning: in the working copy of 'docs/artifacts/6b90c4ea-d7ac-4e74-bde1-f62cec029443/ui_architecture_plan.md.metadata.json', LF will be replaced by CRLF the next time Git touches it
warning: in the working copy of 'docs/artifacts/6d5de2be-0d01-41bd-bb8b-316d23a8055f/audit_evidence_pack.md', LF will be replaced by CRLF the next time Git touches it
warning: in the working copy of 'docs/artifacts/6d5de2be-0d01-41bd-bb8b-316d23a8055f/audit_evidence_pack.md.metadata.json', LF will be replaced by CRLF the next time Git touches it
warning: in the working copy of 'docs/artifacts/6d5de2be-0d01-41bd-bb8b-316d23a8055f/audit_evidence_pack.md.resolved', LF will be replaced by CRLF the next time Git touches it
warning: in the working copy of 'docs/artifacts/6d5de2be-0d01-41bd-bb8b-316d23a8055f/audit_evidence_pack.md.resolved.0', LF will be replaced by CRLF the next time Git touches it
warning: in the working copy of 'docs/artifacts/6d5de2be-0d01-41bd-bb8b-316d23a8055f/detailed_bom_addendum.md', LF will be replaced by CRLF the next time Git touches it
warning: in the working copy of 'docs/artifacts/6d5de2be-0d01-41bd-bb8b-316d23a8055f/detailed_bom_addendum.md.metadata.json', LF will be replaced by CRLF the next time Git touches it
warning: in the working copy of 'docs/artifacts/6d5de2be-0d01-41bd-bb8b-316d23a8055f/detailed_bom_addendum.md.resolved', LF will be replaced by CRLF the next time Git touches it
warning: in the working copy of 'docs/artifacts/6d5de2be-0d01-41bd-bb8b-316d23a8055f/detailed_bom_addendum.md.resolved.0', LF will be replaced by CRLF the next time Git touches it
warning: in the working copy of 'docs/artifacts/6d5de2be-0d01-41bd-bb8b-316d23a8055f/inventory_discrepancy_report.md', LF will be replaced by CRLF the next time Git touches it
warning: in the working copy of 'docs/artifacts/6d5de2be-0d01-41bd-bb8b-316d23a8055f/inventory_discrepancy_report.md.metadata.json', LF will be replaced by CRLF the next time Git touches it
warning: in the working copy of 'docs/artifacts/6d5de2be-0d01-41bd-bb8b-316d23a8055f/inventory_discrepancy_report.md.resolved', LF will be replaced by CRLF the next time Git touches it
warning: in the working copy of 'docs/artifacts/6d5de2be-0d01-41bd-bb8b-316d23a8055f/inventory_discrepancy_report.md.resolved.0', LF will be replaced by CRLF the next time Git touches it
warning: in the working copy of 'docs/artifacts/755f5bef-45be-4a87-a2ff-a4f40750846e/.system_generated/tasks/task-1033.log', LF will be replaced by CRLF the next time Git touches it
warning: in the working copy of 'docs/artifacts/755f5bef-45be-4a87-a2ff-a4f40750846e/.system_generated/tasks/task-1086.log', LF will be replaced by CRLF the next time Git touches it
warning: in the working copy of 'docs/artifacts/755f5bef-45be-4a87-a2ff-a4f40750846e/.system_generated/tasks/task-1159.log', LF will be replaced by CRLF the next time Git touches it
warning: in the working copy of 'docs/artifacts/755f5bef-45be-4a87-a2ff-a4f40750846e/.system_generated/tasks/task-1211.log', LF will be replaced by CRLF the next time Git touches it
warning: in the working copy of 'docs/artifacts/755f5bef-45be-4a87-a2ff-a4f40750846e/.system_generated/tasks/task-1235.log', LF will be replaced by CRLF the next time Git touches it
warning: in the working copy of 'docs/artifacts/755f5bef-45be-4a87-a2ff-a4f40750846e/.system_generated/tasks/task-132.log', LF will be replaced by CRLF the next time Git touches it
warning: in the working copy of 'docs/artifacts/755f5bef-45be-4a87-a2ff-a4f40750846e/.system_generated/tasks/task-1425.log', LF will be replaced by CRLF the next time Git touches it
warning: in the working copy of 'docs/artifacts/755f5bef-45be-4a87-a2ff-a4f40750846e/.system_generated/tasks/task-1551.log', LF will be replaced by CRLF the next time Git touches it
warning: in the working copy of 'docs/artifacts/755f5bef-45be-4a87-a2ff-a4f40750846e/.system_generated/tasks/task-1640.log', LF will be replaced by CRLF the next time Git touches it
warning: in the working copy of 'docs/artifacts/755f5bef-45be-4a87-a2ff-a4f40750846e/.system_generated/tasks/task-1717.log', LF will be replaced by CRLF the next time Git touches it
warning: in the working copy of 'docs/artifacts/755f5bef-45be-4a87-a2ff-a4f40750846e/.system_generated/tasks/task-1818.log', LF will be replaced by CRLF the next time Git touches it
warning: in the working copy of 'docs/artifacts/755f5bef-45be-4a87-a2ff-a4f40750846e/.system_generated/tasks/task-1839.log', LF will be replaced by CRLF the next time Git touches it
warning: in the working copy of 'docs/artifacts/755f5bef-45be-4a87-a2ff-a4f40750846e/.system_generated/tasks/task-1845.log', LF will be replaced by CRLF the next time Git touches it
warning: in the working copy of 'docs/artifacts/755f5bef-45be-4a87-a2ff-a4f40750846e/.system_generated/tasks/task-1854.log', LF will be replaced by CRLF the next time Git touches it
warning: in the working copy of 'docs/artifacts/755f5bef-45be-4a87-a2ff-a4f40750846e/.system_generated/tasks/task-1876.log', LF will be replaced by CRLF the next time Git touches it
warning: in the working copy of 'docs/artifacts/755f5bef-45be-4a87-a2ff-a4f40750846e/.system_generated/tasks/task-1884.log', LF will be replaced by CRLF the next time Git touches it
warning: in the working copy of 'docs/artifacts/755f5bef-45be-4a87-a2ff-a4f40750846e/.system_generated/tasks/task-1890.log', LF will be replaced by CRLF the next time Git touches it
warning: in the working copy of 'docs/artifacts/755f5bef-45be-4a87-a2ff-a4f40750846e/.system_generated/tasks/task-193.log', LF will be replaced by CRLF the next time Git touches it
warning: in the working copy of 'docs/artifacts/755f5bef-45be-4a87-a2ff-a4f40750846e/.system_generated/tasks/task-1940.log', LF will be replaced by CRLF the next time Git touches it
warning: in the working copy of 'docs/artifacts/755f5bef-45be-4a87-a2ff-a4f40750846e/.system_generated/tasks/task-1946.log', LF will be replaced by CRLF the next time Git touches it
warning: in the working copy of 'docs/artifacts/755f5bef-45be-4a87-a2ff-a4f40750846e/.system_generated/tasks/task-1956.log', LF will be replaced by CRLF the next time Git touches it
warning: in the working copy of 'docs/artifacts/755f5bef-45be-4a87-a2ff-a4f40750846e/.system_generated/tasks/task-2060.log', LF will be replaced by CRLF the next time Git touches it
warning: in the working copy of 'docs/artifacts/755f5bef-45be-4a87-a2ff-a4f40750846e/.system_generated/tasks/task-216.log', LF will be replaced by CRLF the next time Git touches it
warning: in the working copy of 'docs/artifacts/755f5bef-45be-4a87-a2ff-a4f40750846e/.system_generated/tasks/task-2181.log', LF will be replaced by CRLF the next time Git touches it
warning: in the working copy of 'docs/artifacts/755f5bef-45be-4a87-a2ff-a4f40750846e/.system_generated/tasks/task-2242.log', LF will be replaced by CRLF the next time Git touches it
warning: in the working copy of 'docs/artifacts/755f5bef-45be-4a87-a2ff-a4f40750846e/.system_generated/tasks/task-2269.log', LF will be replaced by CRLF the next time Git touches it
warning: in the working copy of 'docs/artifacts/755f5bef-45be-4a87-a2ff-a4f40750846e/.system_generated/tasks/task-2309.log', LF will be replaced by CRLF the next time Git touches it
warning: in the working copy of 'docs/artifacts/755f5bef-45be-4a87-a2ff-a4f40750846e/.system_generated/tasks/task-236.log', LF will be replaced by CRLF the next time Git touches it
warning: in the working copy of 'docs/artifacts/755f5bef-45be-4a87-a2ff-a4f40750846e/.system_generated/tasks/task-2459.log', LF will be replaced by CRLF the next time Git touches it
warning: in the working copy of 'docs/artifacts/755f5bef-45be-4a87-a2ff-a4f40750846e/.system_generated/tasks/task-250.log', LF will be replaced by CRLF the next time Git touches it
warning: in the working copy of 'docs/artifacts/755f5bef-45be-4a87-a2ff-a4f40750846e/.system_generated/tasks/task-2516.log', LF will be replaced by CRLF the next time Git touches it
warning: in the working copy of 'docs/artifacts/755f5bef-45be-4a87-a2ff-a4f40750846e/.system_generated/tasks/task-2572.log', LF will be replaced by CRLF the next time Git touches it
warning: in the working copy of 'docs/artifacts/755f5bef-45be-4a87-a2ff-a4f40750846e/.system_generated/tasks/task-2573.log', LF will be replaced by CRLF the next time Git touches it
warning: in the working copy of 'docs/artifacts/755f5bef-45be-4a87-a2ff-a4f40750846e/.system_generated/tasks/task-2579.log', LF will be replaced by CRLF the next time Git touches it
warning: in the working copy of 'docs/artifacts/755f5bef-45be-4a87-a2ff-a4f40750846e/.system_generated/tasks/task-259.log', LF will be replaced by CRLF the next time Git touches it
warning: in the working copy of 'docs/artifacts/755f5bef-45be-4a87-a2ff-a4f40750846e/.system_generated/tasks/task-2593.log', LF will be replaced by CRLF the next time Git touches it
warning: in the working copy of 'docs/artifacts/755f5bef-45be-4a87-a2ff-a4f40750846e/.system_generated/tasks/task-2658.log', LF will be replaced by CRLF the next time Git touches it
warning: in the working copy of 'docs/artifacts/755f5bef-45be-4a87-a2ff-a4f40750846e/.system_generated/tasks/task-2665.log', LF will be replaced by CRLF the next time Git touches it
warning: in the working copy of 'docs/artifacts/755f5bef-45be-4a87-a2ff-a4f40750846e/.system_generated/tasks/task-2692.log', LF will be replaced by CRLF the next time Git touches it
warning: in the working copy of 'docs/artifacts/755f5bef-45be-4a87-a2ff-a4f40750846e/.system_generated/tasks/task-2696.log', LF will be replaced by CRLF the next time Git touches it
warning: in the working copy of 'docs/artifacts/755f5bef-45be-4a87-a2ff-a4f40750846e/.system_generated/tasks/task-2710.log', LF will be replaced by CRLF the next time Git touches it
warning: in the working copy of 'docs/artifacts/755f5bef-45be-4a87-a2ff-a4f40750846e/.system_generated/tasks/task-2711.log', LF will be replaced by CRLF the next time Git touches it
warning: in the working copy of 'docs/artifacts/755f5bef-45be-4a87-a2ff-a4f40750846e/.system_generated/tasks/task-2754.log', LF will be replaced by CRLF the next time Git touches it
warning: in the working copy of 'docs/artifacts/755f5bef-45be-4a87-a2ff-a4f40750846e/.system_generated/tasks/task-2755.log', LF will be replaced by CRLF the next time Git touches it
warning: in the working copy of 'docs/artifacts/755f5bef-45be-4a87-a2ff-a4f40750846e/.system_generated/tasks/task-2774.log', LF will be replaced by CRLF the next time Git touches it
warning: in the working copy of 'docs/artifacts/755f5bef-45be-4a87-a2ff-a4f40750846e/.system_generated/tasks/task-2853.log', LF will be replaced by CRLF the next time Git touches it
warning: in the working copy of 'docs/artifacts/755f5bef-45be-4a87-a2ff-a4f40750846e/.system_generated/tasks/task-2854.log', LF will be replaced by CRLF the next time Git touches it
warning: in the working copy of 'docs/artifacts/755f5bef-45be-4a87-a2ff-a4f40750846e/.system_generated/tasks/task-3170.log', LF will be replaced by CRLF the next time Git touches it
warning: in the working copy of 'docs/artifacts/755f5bef-45be-4a87-a2ff-a4f40750846e/.system_generated/tasks/task-321.log', LF will be replaced by CRLF the next time Git touches it
warning: in the working copy of 'docs/artifacts/755f5bef-45be-4a87-a2ff-a4f40750846e/.system_generated/tasks/task-323.log', LF will be replaced by CRLF the next time Git touches it
warning: in the working copy of 'docs/artifacts/755f5bef-45be-4a87-a2ff-a4f40750846e/.system_generated/tasks/task-329.log', LF will be replaced by CRLF the next time Git touches it
warning: in the working copy of 'docs/artifacts/755f5bef-45be-4a87-a2ff-a4f40750846e/.system_generated/tasks/task-336.log', LF will be replaced by CRLF the next time Git touches it
warning: in the working copy of 'docs/artifacts/755f5bef-45be-4a87-a2ff-a4f40750846e/.system_generated/tasks/task-3410.log', LF will be replaced by CRLF the next time Git touches it
warning: in the working copy of 'docs/artifacts/755f5bef-45be-4a87-a2ff-a4f40750846e/.system_generated/tasks/task-3432.log', LF will be replaced by CRLF the next time Git touches it
warning: in the working copy of 'docs/artifacts/755f5bef-45be-4a87-a2ff-a4f40750846e/.system_generated/tasks/task-3438.log', LF will be replaced by CRLF the next time Git touches it
warning: in the working copy of 'docs/artifacts/755f5bef-45be-4a87-a2ff-a4f40750846e/.system_generated/tasks/task-3455.log', LF will be replaced by CRLF the next time Git touches it
warning: in the working copy of 'docs/artifacts/755f5bef-45be-4a87-a2ff-a4f40750846e/.system_generated/tasks/task-3494.log', LF will be replaced by CRLF the next time Git touches it
warning: in the working copy of 'docs/artifacts/755f5bef-45be-4a87-a2ff-a4f40750846e/.system_generated/tasks/task-352.log', LF will be replaced by CRLF the next time Git touches it
warning: in the working copy of 'docs/artifacts/755f5bef-45be-4a87-a2ff-a4f40750846e/.system_generated/tasks/task-3721.log', LF will be replaced by CRLF the next time Git touches it
warning: in the working copy of 'docs/artifacts/755f5bef-45be-4a87-a2ff-a4f40750846e/.system_generated/tasks/task-3745.log', LF will be replaced by CRLF the next time Git touches it
warning: in the working copy of 'docs/artifacts/755f5bef-45be-4a87-a2ff-a4f40750846e/.system_generated/tasks/task-400.log', LF will be replaced by CRLF the next time Git touches it
warning: in the working copy of 'docs/artifacts/755f5bef-45be-4a87-a2ff-a4f40750846e/.system_generated/tasks/task-477.log', LF will be replaced by CRLF the next time Git touches it
warning: in the working copy of 'docs/artifacts/755f5bef-45be-4a87-a2ff-a4f40750846e/.system_generated/tasks/task-481.log', LF will be replaced by CRLF the next time Git touches it
warning: in the working copy of 'docs/artifacts/755f5bef-45be-4a87-a2ff-a4f40750846e/.system_generated/tasks/task-502.log', LF will be replaced by CRLF the next time Git touches it
warning: in the working copy of 'docs/artifacts/755f5bef-45be-4a87-a2ff-a4f40750846e/.system_generated/tasks/task-521.log', LF will be replaced by CRLF the next time Git touches it
warning: in the working copy of 'docs/artifacts/755f5bef-45be-4a87-a2ff-a4f40750846e/.system_generated/tasks/task-525.log', LF will be replaced by CRLF the next time Git touches it
warning: in the working copy of 'docs/artifacts/755f5bef-45be-4a87-a2ff-a4f40750846e/.system_generated/tasks/task-546.log', LF will be replaced by CRLF the next time Git touches it
warning: in the working copy of 'docs/artifacts/755f5bef-45be-4a87-a2ff-a4f40750846e/.system_generated/tasks/task-548.log', LF will be replaced by CRLF the next time Git touches it
warning: in the working copy of 'docs/artifacts/755f5bef-45be-4a87-a2ff-a4f40750846e/.system_generated/tasks/task-667.log', LF will be replaced by CRLF the next time Git touches it
warning: in the working copy of 'docs/artifacts/755f5bef-45be-4a87-a2ff-a4f40750846e/.system_generated/tasks/task-688.log', LF will be replaced by CRLF the next time Git touches it
warning: in the working copy of 'docs/artifacts/755f5bef-45be-4a87-a2ff-a4f40750846e/.system_generated/tasks/task-720.log', LF will be replaced by CRLF the next time Git touches it
warning: in the working copy of 'docs/artifacts/755f5bef-45be-4a87-a2ff-a4f40750846e/.system_generated/tasks/task-744.log', LF will be replaced by CRLF the next time Git touches it
warning: in the working copy of 'docs/artifacts/755f5bef-45be-4a87-a2ff-a4f40750846e/.system_generated/tasks/task-791.log', LF will be replaced by CRLF the next time Git touches it
warning: in the working copy of 'docs/artifacts/755f5bef-45be-4a87-a2ff-a4f40750846e/.system_generated/tasks/task-813.log', LF will be replaced by CRLF the next time Git touches it
warning: in the working copy of 'docs/artifacts/755f5bef-45be-4a87-a2ff-a4f40750846e/.system_generated/tasks/task-820.log', LF will be replaced by CRLF the next time Git touches it
warning: in the working copy of 'docs/artifacts/755f5bef-45be-4a87-a2ff-a4f40750846e/.system_generated/tasks/task-862.log', LF will be replaced by CRLF the next time Git touches it
warning: in the working copy of 'docs/artifacts/755f5bef-45be-4a87-a2ff-a4f40750846e/.system_generated/tasks/task-889.log', LF will be replaced by CRLF the next time Git touches it
warning: in the working copy of 'docs/artifacts/755f5bef-45be-4a87-a2ff-a4f40750846e/.system_generated/tasks/task-91.log', LF will be replaced by CRLF the next time Git touches it
warning: in the working copy of 'docs/artifacts/755f5bef-45be-4a87-a2ff-a4f40750846e/.system_generated/tasks/task-910.log', LF will be replaced by CRLF the next time Git touches it
warning: in the working copy of 'docs/artifacts/755f5bef-45be-4a87-a2ff-a4f40750846e/.system_generated/tasks/task-942.log', LF will be replaced by CRLF the next time Git touches it
warning: in the working copy of 'docs/artifacts/755f5bef-45be-4a87-a2ff-a4f40750846e/.system_generated/tasks/task-952.log', LF will be replaced by CRLF the next time Git touches it
warning: in the working copy of 'docs/artifacts/755f5bef-45be-4a87-a2ff-a4f40750846e/.system_generated/tasks/task-97.log', LF will be replaced by CRLF the next time Git touches it
warning: in the working copy of 'docs/artifacts/755f5bef-45be-4a87-a2ff-a4f40750846e/artifacts/architecture_thumbnail_loading.md', LF will be replaced by CRLF the next time Git touches it
warning: in the working copy of 'docs/artifacts/755f5bef-45be-4a87-a2ff-a4f40750846e/artifacts/architecture_thumbnail_loading.md.metadata.json', LF will be replaced by CRLF the next time Git touches it
warning: in the working copy of 'docs/artifacts/755f5bef-45be-4a87-a2ff-a4f40750846e/artifacts/implementation_plan_hw_accel.md', LF will be replaced by CRLF the next time Git touches it
warning: in the working copy of 'docs/artifacts/755f5bef-45be-4a87-a2ff-a4f40750846e/artifacts/implementation_plan_hw_accel.md.metadata.json', LF will be replaced by CRLF the next time Git touches it
warning: in the working copy of 'docs/artifacts/755f5bef-45be-4a87-a2ff-a4f40750846e/artifacts/implementation_plan_task_ratio.md', LF will be replaced by CRLF the next time Git touches it
warning: in the working copy of 'docs/artifacts/755f5bef-45be-4a87-a2ff-a4f40750846e/artifacts/implementation_plan_task_ratio.md.metadata.json', LF will be replaced by CRLF the next time Git touches it
warning: in the working copy of 'docs/artifacts/755f5bef-45be-4a87-a2ff-a4f40750846e/artifacts/ui_responsiveness_plan.md', LF will be replaced by CRLF the next time Git touches it
warning: in the working copy of 'docs/artifacts/755f5bef-45be-4a87-a2ff-a4f40750846e/artifacts/ui_responsiveness_plan.md.metadata.json', LF will be replaced by CRLF the next time Git touches it
warning: in the working copy of 'docs/artifacts/755f5bef-45be-4a87-a2ff-a4f40750846e/scrollbench_architectural_swot.md', LF will be replaced by CRLF the next time Git touches it
warning: in the working copy of 'docs/artifacts/755f5bef-45be-4a87-a2ff-a4f40750846e/scrollbench_architectural_swot.md.metadata.json', LF will be replaced by CRLF the next time Git touches it
warning: in the working copy of 'docs/artifacts/84bcdcfa-db43-4495-9499-8c61a3eafd31/implementation_plan.md', LF will be replaced by CRLF the next time Git touches it
warning: in the working copy of 'docs/artifacts/84bcdcfa-db43-4495-9499-8c61a3eafd31/implementation_plan.md.metadata.json', LF will be replaced by CRLF the next time Git touches it
warning: in the working copy of 'docs/artifacts/84bcdcfa-db43-4495-9499-8c61a3eafd31/implementation_plan.md.resolved', LF will be replaced by CRLF the next time Git touches it
warning: in the working copy of 'docs/artifacts/84bcdcfa-db43-4495-9499-8c61a3eafd31/implementation_plan.md.resolved.0', LF will be replaced by CRLF the next time Git touches it
warning: in the working copy of 'docs/artifacts/84bcdcfa-db43-4495-9499-8c61a3eafd31/implementation_plan.md.resolved.1', LF will be replaced by CRLF the next time Git touches it
warning: in the working copy of 'docs/artifacts/84bcdcfa-db43-4495-9499-8c61a3eafd31/implementation_plan.md.resolved.2', LF will be replaced by CRLF the next time Git touches it
warning: in the working copy of 'docs/artifacts/84bcdcfa-db43-4495-9499-8c61a3eafd31/implementation_plan.md.resolved.3', LF will be replaced by CRLF the next time Git touches it
warning: in the working copy of 'docs/artifacts/84bcdcfa-db43-4495-9499-8c61a3eafd31/implementation_plan.md.resolved.4', LF will be replaced by CRLF the next time Git touches it
warning: in the working copy of 'docs/artifacts/84bcdcfa-db43-4495-9499-8c61a3eafd31/implementation_plan.md.resolved.5', LF will be replaced by CRLF the next time Git touches it
warning: in the working copy of 'docs/artifacts/84bcdcfa-db43-4495-9499-8c61a3eafd31/implementation_plan.md.resolved.6', LF will be replaced by CRLF the next time Git touches it
warning: in the working copy of 'docs/artifacts/84bcdcfa-db43-4495-9499-8c61a3eafd31/implementation_plan.md.resolved.7', LF will be replaced by CRLF the next time Git touches it
warning: in the working copy of 'docs/artifacts/84bcdcfa-db43-4495-9499-8c61a3eafd31/implementation_plan.md.resolved.8', LF will be replaced by CRLF the next time Git touches it
warning: in the working copy of 'docs/artifacts/84bcdcfa-db43-4495-9499-8c61a3eafd31/implementation_plan.md.resolved.9', LF will be replaced by CRLF the next time Git touches it
warning: in the working copy of 'docs/artifacts/84bcdcfa-db43-4495-9499-8c61a3eafd31/task.md', LF will be replaced by CRLF the next time Git touches it
warning: in the working copy of 'docs/artifacts/84bcdcfa-db43-4495-9499-8c61a3eafd31/task.md.metadata.json', LF will be replaced by CRLF the next time Git touches it
warning: in the working copy of 'docs/artifacts/84bcdcfa-db43-4495-9499-8c61a3eafd31/task.md.resolved', LF will be replaced by CRLF the next time Git touches it
warning: in the working copy of 'docs/artifacts/84bcdcfa-db43-4495-9499-8c61a3eafd31/task.md.resolved.0', LF will be replaced by CRLF the next time Git touches it
warning: in the working copy of 'docs/artifacts/84bcdcfa-db43-4495-9499-8c61a3eafd31/task.md.resolved.1', LF will be replaced by CRLF the next time Git touches it
warning: in the working copy of 'docs/artifacts/84bcdcfa-db43-4495-9499-8c61a3eafd31/task.md.resolved.2', LF will be replaced by CRLF the next time Git touches it
warning: in the working copy of 'docs/artifacts/84bcdcfa-db43-4495-9499-8c61a3eafd31/task.md.resolved.3', LF will be replaced by CRLF the next time Git touches it
warning: in the working copy of 'docs/artifacts/84bcdcfa-db43-4495-9499-8c61a3eafd31/task.md.resolved.4', LF will be replaced by CRLF the next time Git touches it
warning: in the working copy of 'docs/artifacts/84bcdcfa-db43-4495-9499-8c61a3eafd31/task.md.resolved.5', LF will be replaced by CRLF the next time Git touches it
warning: in the working copy of 'docs/artifacts/84bcdcfa-db43-4495-9499-8c61a3eafd31/task.md.resolved.6', LF will be replaced by CRLF the next time Git touches it
warning: in the working copy of 'docs/artifacts/84bcdcfa-db43-4495-9499-8c61a3eafd31/task.md.resolved.7', LF will be replaced by CRLF the next time Git touches it
warning: in the working copy of 'docs/artifacts/84bcdcfa-db43-4495-9499-8c61a3eafd31/task.md.resolved.8', LF will be replaced by CRLF the next time Git touches it
warning: in the working copy of 'docs/artifacts/862e2547-fe09-47d2-a0b8-b84308d25655/implementation_plan.md.metadata.json', LF will be replaced by CRLF the next time Git touches it
warning: in the working copy of 'docs/artifacts/862e2547-fe09-47d2-a0b8-b84308d25655/implementation_plan.md.resolved', LF will be replaced by CRLF the next time Git touches it
warning: in the working copy of 'docs/artifacts/862e2547-fe09-47d2-a0b8-b84308d25655/implementation_plan.md.resolved.0', LF will be replaced by CRLF the next time Git touches it
warning: in the working copy of 'docs/artifacts/862e2547-fe09-47d2-a0b8-b84308d25655/implementation_plan.md.resolved.1', LF will be replaced by CRLF the next time Git touches it
warning: in the working copy of 'docs/artifacts/862e2547-fe09-47d2-a0b8-b84308d25655/task.md.metadata.json', LF will be replaced by CRLF the next time Git touches it
warning: in the working copy of 'docs/artifacts/862e2547-fe09-47d2-a0b8-b84308d25655/task.md.resolved.0', LF will be replaced by CRLF the next time Git touches it
warning: in the working copy of 'docs/artifacts/98d45fa1-e779-4606-aae7-2e26ba900c65/dependency_manual_and_swot_analysis.md', LF will be replaced by CRLF the next time Git touches it
warning: in the working copy of 'docs/artifacts/98d45fa1-e779-4606-aae7-2e26ba900c65/dependency_manual_and_swot_analysis.md.metadata.json', LF will be replaced by CRLF the next time Git touches it
warning: in the working copy of 'docs/artifacts/9abe0a4b-823c-4c8a-91b9-f2cd941bff0a/.system_generated/tasks/task-1012.log', LF will be replaced by CRLF the next time Git touches it
warning: in the working copy of 'docs/artifacts/9abe0a4b-823c-4c8a-91b9-f2cd941bff0a/.system_generated/tasks/task-1015.log', LF will be replaced by CRLF the next time Git touches it
warning: in the working copy of 'docs/artifacts/9abe0a4b-823c-4c8a-91b9-f2cd941bff0a/.system_generated/tasks/task-1024.log', LF will be replaced by CRLF the next time Git touches it
warning: in the working copy of 'docs/artifacts/9abe0a4b-823c-4c8a-91b9-f2cd941bff0a/.system_generated/tasks/task-1110.log', LF will be replaced by CRLF the next time Git touches it
warning: in the working copy of 'docs/artifacts/9abe0a4b-823c-4c8a-91b9-f2cd941bff0a/.system_generated/tasks/task-1355.log', LF will be replaced by CRLF the next time Git touches it
warning: in the working copy of 'docs/artifacts/9abe0a4b-823c-4c8a-91b9-f2cd941bff0a/.system_generated/tasks/task-1471.log', LF will be replaced by CRLF the next time Git touches it
warning: in the working copy of 'docs/artifacts/9abe0a4b-823c-4c8a-91b9-f2cd941bff0a/.system_generated/tasks/task-1667.log', LF will be replaced by CRLF the next time Git touches it
warning: in the working copy of 'docs/artifacts/9abe0a4b-823c-4c8a-91b9-f2cd941bff0a/.system_generated/tasks/task-1767.log', LF will be replaced by CRLF the next time Git touches it
warning: in the working copy of 'docs/artifacts/9abe0a4b-823c-4c8a-91b9-f2cd941bff0a/.system_generated/tasks/task-421.log', LF will be replaced by CRLF the next time Git touches it
warning: in the working copy of 'docs/artifacts/9abe0a4b-823c-4c8a-91b9-f2cd941bff0a/.system_generated/tasks/task-460.log', LF will be replaced by CRLF the next time Git touches it
warning: in the working copy of 'docs/artifacts/9abe0a4b-823c-4c8a-91b9-f2cd941bff0a/.system_generated/tasks/task-463.log', LF will be replaced by CRLF the next time Git touches it
warning: in the working copy of 'docs/artifacts/9abe0a4b-823c-4c8a-91b9-f2cd941bff0a/.system_generated/tasks/task-510.log', LF will be replaced by CRLF the next time Git touches it
warning: in the working copy of 'docs/artifacts/9abe0a4b-823c-4c8a-91b9-f2cd941bff0a/.system_generated/tasks/task-516.log', LF will be replaced by CRLF the next time Git touches it
warning: in the working copy of 'docs/artifacts/9abe0a4b-823c-4c8a-91b9-f2cd941bff0a/.system_generated/tasks/task-545.log', LF will be replaced by CRLF the next time Git touches it
warning: in the working copy of 'docs/artifacts/9abe0a4b-823c-4c8a-91b9-f2cd941bff0a/.system_generated/tasks/task-552.log', LF will be replaced by CRLF the next time Git touches it
warning: in the working copy of 'docs/artifacts/9abe0a4b-823c-4c8a-91b9-f2cd941bff0a/.system_generated/tasks/task-662.log', LF will be replaced by CRLF the next time Git touches it
warning: in the working copy of 'docs/artifacts/9abe0a4b-823c-4c8a-91b9-f2cd941bff0a/.system_generated/tasks/task-668.log', LF will be replaced by CRLF the next time Git touches it
warning: in the working copy of 'docs/artifacts/9abe0a4b-823c-4c8a-91b9-f2cd941bff0a/.system_generated/tasks/task-706.log', LF will be replaced by CRLF the next time Git touches it
warning: in the working copy of 'docs/artifacts/9abe0a4b-823c-4c8a-91b9-f2cd941bff0a/.system_generated/tasks/task-710.log', LF will be replaced by CRLF the next time Git touches it
warning: in the working copy of 'docs/artifacts/9abe0a4b-823c-4c8a-91b9-f2cd941bff0a/.system_generated/tasks/task-719.log', LF will be replaced by CRLF the next time Git touches it
warning: in the working copy of 'docs/artifacts/9abe0a4b-823c-4c8a-91b9-f2cd941bff0a/.system_generated/tasks/task-729.log', LF will be replaced by CRLF the next time Git touches it
warning: in the working copy of 'docs/artifacts/9abe0a4b-823c-4c8a-91b9-f2cd941bff0a/.system_generated/tasks/task-751.log', LF will be replaced by CRLF the next time Git touches it
warning: in the working copy of 'docs/artifacts/9abe0a4b-823c-4c8a-91b9-f2cd941bff0a/.system_generated/tasks/task-759.log', LF will be replaced by CRLF the next time Git touches it
warning: in the working copy of 'docs/artifacts/9abe0a4b-823c-4c8a-91b9-f2cd941bff0a/.system_generated/tasks/task-890.log', LF will be replaced by CRLF the next time Git touches it
warning: in the working copy of 'docs/artifacts/9abe0a4b-823c-4c8a-91b9-f2cd941bff0a/.system_generated/tasks/task-900.log', LF will be replaced by CRLF the next time Git touches it
warning: in the working copy of 'docs/artifacts/9abe0a4b-823c-4c8a-91b9-f2cd941bff0a/.system_generated/tasks/task-911.log', LF will be replaced by CRLF the next time Git touches it
warning: in the working copy of 'docs/artifacts/9abe0a4b-823c-4c8a-91b9-f2cd941bff0a/.system_generated/tasks/task-939.log', LF will be replaced by CRLF the next time Git touches it
warning: in the working copy of 'docs/artifacts/9abe0a4b-823c-4c8a-91b9-f2cd941bff0a/.system_generated/tasks/task-995.log', LF will be replaced by CRLF the next time Git touches it
warning: in the working copy of 'docs/artifacts/9abe0a4b-823c-4c8a-91b9-f2cd941bff0a/100k_scale_analysis.md', LF will be replaced by CRLF the next time Git touches it
warning: in the working copy of 'docs/artifacts/9abe0a4b-823c-4c8a-91b9-f2cd941bff0a/100k_scale_analysis.md.metadata.json', LF will be replaced by CRLF the next time Git touches it
warning: in the working copy of 'docs/artifacts/9abe0a4b-823c-4c8a-91b9-f2cd941bff0a/implementation_plan.md.metadata.json', LF will be replaced by CRLF the next time Git touches it
warning: in the working copy of 'docs/artifacts/9abe0a4b-823c-4c8a-91b9-f2cd941bff0a/implementation_plan.md.resolved', LF will be replaced by CRLF the next time Git touches it
warning: in the working copy of 'docs/artifacts/9abe0a4b-823c-4c8a-91b9-f2cd941bff0a/implementation_plan.md.resolved.0', LF will be replaced by CRLF the next time Git touches it
warning: in the working copy of 'docs/artifacts/9abe0a4b-823c-4c8a-91b9-f2cd941bff0a/io_swot_analysis.md', LF will be replaced by CRLF the next time Git touches it
warning: in the working copy of 'docs/artifacts/9abe0a4b-823c-4c8a-91b9-f2cd941bff0a/io_swot_analysis.md.metadata.json', LF will be replaced by CRLF the next time Git touches it
warning: in the working copy of 'docs/artifacts/9abe0a4b-823c-4c8a-91b9-f2cd941bff0a/task.md.metadata.json', LF will be replaced by CRLF the next time Git touches it
warning: in the working copy of 'docs/artifacts/9abe0a4b-823c-4c8a-91b9-f2cd941bff0a/task.md.resolved', LF will be replaced by CRLF the next time Git touches it
warning: in the working copy of 'docs/artifacts/9abe0a4b-823c-4c8a-91b9-f2cd941bff0a/task.md.resolved.0', LF will be replaced by CRLF the next time Git touches it
warning: in the working copy of 'docs/artifacts/9abe0a4b-823c-4c8a-91b9-f2cd941bff0a/task.md.resolved.4', LF will be replaced by CRLF the next time Git touches it
warning: in the working copy of 'docs/artifacts/9abe0a4b-823c-4c8a-91b9-f2cd941bff0a/task.md.resolved.5', LF will be replaced by CRLF the next time Git touches it
warning: in the working copy of 'docs/artifacts/9abe0a4b-823c-4c8a-91b9-f2cd941bff0a/updated_priority_plan.md', LF will be replaced by CRLF the next time Git touches it
warning: in the working copy of 'docs/artifacts/9abe0a4b-823c-4c8a-91b9-f2cd941bff0a/updated_priority_plan.md.metadata.json', LF will be replaced by CRLF the next time Git touches it
warning: in the working copy of 'docs/artifacts/9abe0a4b-823c-4c8a-91b9-f2cd941bff0a/walkthrough.md.metadata.json', LF will be replaced by CRLF the next time Git touches it
warning: in the working copy of 'docs/artifacts/9abe0a4b-823c-4c8a-91b9-f2cd941bff0a/walkthrough.md.resolved.0', LF will be replaced by CRLF the next time Git touches it
warning: in the working copy of 'docs/artifacts/a4f59cef-2076-46b7-91d7-1bd601f6c8de/.system_generated/tasks/task-238.log', LF will be replaced by CRLF the next time Git touches it
warning: in the working copy of 'docs/artifacts/a4f59cef-2076-46b7-91d7-1bd601f6c8de/.system_generated/tasks/task-278.log', LF will be replaced by CRLF the next time Git touches it
warning: in the working copy of 'docs/artifacts/a4f59cef-2076-46b7-91d7-1bd601f6c8de/.system_generated/tasks/task-288.log', LF will be replaced by CRLF the next time Git touches it
warning: in the working copy of 'docs/artifacts/a4f59cef-2076-46b7-91d7-1bd601f6c8de/.system_generated/tasks/task-298.log', LF will be replaced by CRLF the next time Git touches it
warning: in the working copy of 'docs/artifacts/a4f59cef-2076-46b7-91d7-1bd601f6c8de/.system_generated/tasks/task-463.log', LF will be replaced by CRLF the next time Git touches it
warning: in the working copy of 'docs/artifacts/a4f59cef-2076-46b7-91d7-1bd601f6c8de/.system_generated/tasks/task-475.log', LF will be replaced by CRLF the next time Git touches it
warning: in the working copy of 'docs/artifacts/a4f59cef-2076-46b7-91d7-1bd601f6c8de/.system_generated/tasks/task-485.log', LF will be replaced by CRLF the next time Git touches it
warning: in the working copy of 'docs/artifacts/a4f59cef-2076-46b7-91d7-1bd601f6c8de/.system_generated/tasks/task-610.log', LF will be replaced by CRLF the next time Git touches it
warning: in the working copy of 'docs/artifacts/a4f59cef-2076-46b7-91d7-1bd601f6c8de/.system_generated/tasks/task-715.log', LF will be replaced by CRLF the next time Git touches it
warning: in the working copy of 'docs/artifacts/a4f59cef-2076-46b7-91d7-1bd601f6c8de/.system_generated/tasks/task-897.log', LF will be replaced by CRLF the next time Git touches it
warning: in the working copy of 'docs/artifacts/a4f59cef-2076-46b7-91d7-1bd601f6c8de/.system_generated/tasks/task-900.log', LF will be replaced by CRLF the next time Git touches it
warning: in the working copy of 'docs/artifacts/a4f59cef-2076-46b7-91d7-1bd601f6c8de/.system_generated/tasks/task-913.log', LF will be replaced by CRLF the next time Git touches it
warning: in the working copy of 'docs/artifacts/a851af6f-1b45-4cb6-8df8-2c6af7e7d499/reshade_guide.md.metadata.json', LF will be replaced by CRLF the next time Git touches it
warning: in the working copy of 'docs/artifacts/a851af6f-1b45-4cb6-8df8-2c6af7e7d499/reshade_guide.md.resolved', LF will be replaced by CRLF the next time Git touches it
warning: in the working copy of 'docs/artifacts/a851af6f-1b45-4cb6-8df8-2c6af7e7d499/reshade_guide.md.resolved.0', LF will be replaced by CRLF the next time Git touches it
warning: in the working copy of 'docs/artifacts/a851af6f-1b45-4cb6-8df8-2c6af7e7d499/task.md.metadata.json', LF will be replaced by CRLF the next time Git touches it
warning: in the working copy of 'docs/artifacts/a851af6f-1b45-4cb6-8df8-2c6af7e7d499/task.md.resolved.0', LF will be replaced by CRLF the next time Git touches it
warning: in the working copy of 'docs/artifacts/a851af6f-1b45-4cb6-8df8-2c6af7e7d499/walkthrough.md.metadata.json', LF will be replaced by CRLF the next time Git touches it
warning: in the working copy of 'docs/artifacts/a851af6f-1b45-4cb6-8df8-2c6af7e7d499/walkthrough.md.resolved', LF will be replaced by CRLF the next time Git touches it
warning: in the working copy of 'docs/artifacts/a851af6f-1b45-4cb6-8df8-2c6af7e7d499/walkthrough.md.resolved.0', LF will be replaced by CRLF the next time Git touches it
warning: in the working copy of 'docs/artifacts/af3f789b-a632-464b-b583-d323ae4b03fe/.system_generated/tasks/task-122.log', LF will be replaced by CRLF the next time Git touches it
warning: in the working copy of 'docs/artifacts/b1de6987-8646-48b9-9681-3196b59aa11b/implementation_plan.md.metadata.json', LF will be replaced by CRLF the next time Git touches it
warning: in the working copy of 'docs/artifacts/b1de6987-8646-48b9-9681-3196b59aa11b/implementation_plan.md.resolved', LF will be replaced by CRLF the next time Git touches it
warning: in the working copy of 'docs/artifacts/b1de6987-8646-48b9-9681-3196b59aa11b/implementation_plan.md.resolved.0', LF will be replaced by CRLF the next time Git touches it
warning: in the working copy of 'docs/artifacts/b1de6987-8646-48b9-9681-3196b59aa11b/implementation_plan.md.resolved.1', LF will be replaced by CRLF the next time Git touches it
warning: in the working copy of 'docs/artifacts/b1de6987-8646-48b9-9681-3196b59aa11b/implementation_plan.md.resolved.2', LF will be replaced by CRLF the next time Git touches it
warning: in the working copy of 'docs/artifacts/b1de6987-8646-48b9-9681-3196b59aa11b/implementation_plan.md.resolved.4', LF will be replaced by CRLF the next time Git touches it
warning: in the working copy of 'docs/artifacts/b1de6987-8646-48b9-9681-3196b59aa11b/task.md.metadata.json', LF will be replaced by CRLF the next time Git touches it
warning: in the working copy of 'docs/artifacts/b1de6987-8646-48b9-9681-3196b59aa11b/task.md.resolved.0', LF will be replaced by CRLF the next time Git touches it
warning: in the working copy of 'docs/artifacts/b1de6987-8646-48b9-9681-3196b59aa11b/task.md.resolved.18', LF will be replaced by CRLF the next time Git touches it
warning: in the working copy of 'docs/artifacts/b1de6987-8646-48b9-9681-3196b59aa11b/task.md.resolved.22', LF will be replaced by CRLF the next time Git touches it
warning: in the working copy of 'docs/artifacts/b1de6987-8646-48b9-9681-3196b59aa11b/task.md.resolved.3', LF will be replaced by CRLF the next time Git touches it
warning: in the working copy of 'docs/artifacts/b1de6987-8646-48b9-9681-3196b59aa11b/walkthrough.md.metadata.json', LF will be replaced by CRLF the next time Git touches it
warning: in the working copy of 'docs/artifacts/b1de6987-8646-48b9-9681-3196b59aa11b/walkthrough.md.resolved.0', LF will be replaced by CRLF the next time Git touches it
warning: in the working copy of 'docs/artifacts/b1de6987-8646-48b9-9681-3196b59aa11b/walkthrough.md.resolved.1', LF will be replaced by CRLF the next time Git touches it
warning: in the working copy of 'docs/artifacts/b1de6987-8646-48b9-9681-3196b59aa11b/walkthrough.md.resolved.3', LF will be replaced by CRLF the next time Git touches it
warning: in the working copy of 'docs/artifacts/b1de6987-8646-48b9-9681-3196b59aa11b/walkthrough.md.resolved.6', LF will be replaced by CRLF the next time Git touches it
warning: in the working copy of 'docs/artifacts/b1de6987-8646-48b9-9681-3196b59aa11b/walkthrough.md.resolved.8', LF will be replaced by CRLF the next time Git touches it
warning: in the working copy of 'docs/artifacts/b1de6987-8646-48b9-9681-3196b59aa11b/walkthrough.md.resolved.9', LF will be replaced by CRLF the next time Git touches it
warning: in the working copy of 'docs/artifacts/b4794c20-9def-408c-bfce-3f177584f172/implementation_plan.md.metadata.json', LF will be replaced by CRLF the next time Git touches it
warning: in the working copy of 'docs/artifacts/b4794c20-9def-408c-bfce-3f177584f172/implementation_plan.md.resolved.0', LF will be replaced by CRLF the next time Git touches it
warning: in the working copy of 'docs/artifacts/b4794c20-9def-408c-bfce-3f177584f172/implementation_plan.md.resolved.2', LF will be replaced by CRLF the next time Git touches it
warning: in the working copy of 'docs/artifacts/b4794c20-9def-408c-bfce-3f177584f172/implementation_plan.md.resolved.3', LF will be replaced by CRLF the next time Git touches it
warning: in the working copy of 'docs/artifacts/b4794c20-9def-408c-bfce-3f177584f172/implementation_plan.md.resolved.4', LF will be replaced by CRLF the next time Git touches it
warning: in the working copy of 'docs/artifacts/b4794c20-9def-408c-bfce-3f177584f172/implementation_plan.md.resolved.5', LF will be replaced by CRLF the next time Git touches it
warning: in the working copy of 'docs/artifacts/b4794c20-9def-408c-bfce-3f177584f172/implementation_plan.md.resolved.6', LF will be replaced by CRLF the next time Git touches it
warning: in the working copy of 'docs/artifacts/b4794c20-9def-408c-bfce-3f177584f172/task.md.metadata.json', LF will be replaced by CRLF the next time Git touches it
warning: in the working copy of 'docs/artifacts/b4794c20-9def-408c-bfce-3f177584f172/task.md.resolved.0', LF will be replaced by CRLF the next time Git touches it
warning: in the working copy of 'docs/artifacts/b4794c20-9def-408c-bfce-3f177584f172/walkthrough.md', LF will be replaced by CRLF the next time Git touches it
warning: in the working copy of 'docs/artifacts/b4794c20-9def-408c-bfce-3f177584f172/walkthrough.md.metadata.json', LF will be replaced by CRLF the next time Git touches it
warning: in the working copy of 'docs/artifacts/b4794c20-9def-408c-bfce-3f177584f172/walkthrough.md.resolved', LF will be replaced by CRLF the next time Git touches it
warning: in the working copy of 'docs/artifacts/b4794c20-9def-408c-bfce-3f177584f172/walkthrough.md.resolved.0', LF will be replaced by CRLF the next time Git touches it
warning: in the working copy of 'docs/artifacts/b4794c20-9def-408c-bfce-3f177584f172/walkthrough.md.resolved.2', LF will be replaced by CRLF the next time Git touches it
warning: in the working copy of 'docs/artifacts/b4794c20-9def-408c-bfce-3f177584f172/walkthrough.md.resolved.3', LF will be replaced by CRLF the next time Git touches it
warning: in the working copy of 'docs/artifacts/b4794c20-9def-408c-bfce-3f177584f172/walkthrough.md.resolved.4', LF will be replaced by CRLF the next time Git touches it
warning: in the working copy of 'docs/artifacts/b4794c20-9def-408c-bfce-3f177584f172/walkthrough.md.resolved.5', LF will be replaced by CRLF the next time Git touches it
warning: in the working copy of 'docs/artifacts/b4794c20-9def-408c-bfce-3f177584f172/walkthrough.md.resolved.6', LF will be replaced by CRLF the next time Git touches it
warning: in the working copy of 'docs/artifacts/b4794c20-9def-408c-bfce-3f177584f172/walkthrough.md.resolved.7', LF will be replaced by CRLF the next time Git touches it
warning: in the working copy of 'docs/artifacts/b4794c20-9def-408c-bfce-3f177584f172/walkthrough.md.resolved.8', LF will be replaced by CRLF the next time Git touches it
warning: in the working copy of 'docs/artifacts/ba05441d-55ba-4be1-8c39-8d5eeb4e137e/implementation_plan.md.metadata.json', LF will be replaced by CRLF the next time Git touches it
warning: in the working copy of 'docs/artifacts/ba05441d-55ba-4be1-8c39-8d5eeb4e137e/implementation_plan.md.resolved', LF will be replaced by CRLF the next time Git touches it
warning: in the working copy of 'docs/artifacts/ba05441d-55ba-4be1-8c39-8d5eeb4e137e/implementation_plan.md.resolved.0', LF will be replaced by CRLF the next time Git touches it
warning: in the working copy of 'docs/artifacts/ba05441d-55ba-4be1-8c39-8d5eeb4e137e/implementation_plan.md.resolved.6', LF will be replaced by CRLF the next time Git touches it
warning: in the working copy of 'docs/artifacts/ba05441d-55ba-4be1-8c39-8d5eeb4e137e/implementation_plan.md.resolved.7', LF will be replaced by CRLF the next time Git touches it
warning: in the working copy of 'docs/artifacts/ba05441d-55ba-4be1-8c39-8d5eeb4e137e/implementation_plan.md.resolved.8', LF will be replaced by CRLF the next time Git touches it
warning: in the working copy of 'docs/artifacts/ba05441d-55ba-4be1-8c39-8d5eeb4e137e/optimization_test_plan.md.metadata.json', LF will be replaced by CRLF the next time Git touches it
warning: in the working copy of 'docs/artifacts/ba05441d-55ba-4be1-8c39-8d5eeb4e137e/optimization_test_plan.md.resolved', LF will be replaced by CRLF the next time Git touches it
warning: in the working copy of 'docs/artifacts/ba05441d-55ba-4be1-8c39-8d5eeb4e137e/optimization_test_plan.md.resolved.0', LF will be replaced by CRLF the next time Git touches it
warning: in the working copy of 'docs/artifacts/ba05441d-55ba-4be1-8c39-8d5eeb4e137e/task.md.metadata.json', LF will be replaced by CRLF the next time Git touches it
warning: in the working copy of 'docs/artifacts/ba05441d-55ba-4be1-8c39-8d5eeb4e137e/task.md.resolved.0', LF will be replaced by CRLF the next time Git touches it
warning: in the working copy of 'docs/artifacts/ba05441d-55ba-4be1-8c39-8d5eeb4e137e/task.md.resolved.1', LF will be replaced by CRLF the next time Git touches it
warning: in the working copy of 'docs/artifacts/ba05441d-55ba-4be1-8c39-8d5eeb4e137e/task.md.resolved.10', LF will be replaced by CRLF the next time Git touches it
warning: in the working copy of 'docs/artifacts/ba05441d-55ba-4be1-8c39-8d5eeb4e137e/task.md.resolved.11', LF will be replaced by CRLF the next time Git touches it
warning: in the working copy of 'docs/artifacts/ba05441d-55ba-4be1-8c39-8d5eeb4e137e/task.md.resolved.2', LF will be replaced by CRLF the next time Git touches it
warning: in the working copy of 'docs/artifacts/ba05441d-55ba-4be1-8c39-8d5eeb4e137e/task.md.resolved.3', LF will be replaced by CRLF the next time Git touches it
warning: in the working copy of 'docs/artifacts/ba05441d-55ba-4be1-8c39-8d5eeb4e137e/task.md.resolved.33', LF will be replaced by CRLF the next time Git touches it
warning: in the working copy of 'docs/artifacts/ba05441d-55ba-4be1-8c39-8d5eeb4e137e/task.md.resolved.34', LF will be replaced by CRLF the next time Git touches it
warning: in the working copy of 'docs/artifacts/ba05441d-55ba-4be1-8c39-8d5eeb4e137e/task.md.resolved.39', LF will be replaced by CRLF the next time Git touches it
warning: in the working copy of 'docs/artifacts/ba05441d-55ba-4be1-8c39-8d5eeb4e137e/task.md.resolved.4', LF will be replaced by CRLF the next time Git touches it
warning: in the working copy of 'docs/artifacts/ba05441d-55ba-4be1-8c39-8d5eeb4e137e/task.md.resolved.5', LF will be replaced by CRLF the next time Git touches it
warning: in the working copy of 'docs/artifacts/ba05441d-55ba-4be1-8c39-8d5eeb4e137e/task.md.resolved.6', LF will be replaced by CRLF the next time Git touches it
warning: in the working copy of 'docs/artifacts/ba05441d-55ba-4be1-8c39-8d5eeb4e137e/task.md.resolved.7', LF will be replaced by CRLF the next time Git touches it
warning: in the working copy of 'docs/artifacts/ba05441d-55ba-4be1-8c39-8d5eeb4e137e/task.md.resolved.8', LF will be replaced by CRLF the next time Git touches it
warning: in the working copy of 'docs/artifacts/ba05441d-55ba-4be1-8c39-8d5eeb4e137e/task.md.resolved.9', LF will be replaced by CRLF the next time Git touches it
warning: in the working copy of 'docs/artifacts/ba05441d-55ba-4be1-8c39-8d5eeb4e137e/walkthrough.md.metadata.json', LF will be replaced by CRLF the next time Git touches it
warning: in the working copy of 'docs/artifacts/ba05441d-55ba-4be1-8c39-8d5eeb4e137e/walkthrough.md.resolved.0', LF will be replaced by CRLF the next time Git touches it
warning: in the working copy of 'docs/artifacts/ba05441d-55ba-4be1-8c39-8d5eeb4e137e/walkthrough.md.resolved.1', LF will be replaced by CRLF the next time Git touches it
warning: in the working copy of 'docs/artifacts/ba05441d-55ba-4be1-8c39-8d5eeb4e137e/walkthrough.md.resolved.2', LF will be replaced by CRLF the next time Git touches it
warning: in the working copy of 'docs/artifacts/ba05441d-55ba-4be1-8c39-8d5eeb4e137e/walkthrough.md.resolved.3', LF will be replaced by CRLF the next time Git touches it
warning: in the working copy of 'docs/artifacts/c3e1fd7e-17df-4f91-91ce-18af4123e908/.system_generated/steps/13/content.md', LF will be replaced by CRLF the next time Git touches it
warning: in the working copy of 'docs/artifacts/c3e1fd7e-17df-4f91-91ce-18af4123e908/.system_generated/steps/14/content.md', LF will be replaced by CRLF the next time Git touches it
warning: in the working copy of 'docs/artifacts/c3e1fd7e-17df-4f91-91ce-18af4123e908/.system_generated/steps/27/content.md', LF will be replaced by CRLF the next time Git touches it
warning: in the working copy of 'docs/artifacts/c3e1fd7e-17df-4f91-91ce-18af4123e908/.system_generated/steps/28/content.md', LF will be replaced by CRLF the next time Git touches it
warning: in the working copy of 'docs/artifacts/c3e1fd7e-17df-4f91-91ce-18af4123e908/.system_generated/steps/5/content.md', LF will be replaced by CRLF the next time Git touches it
warning: in the working copy of 'docs/artifacts/c3e1fd7e-17df-4f91-91ce-18af4123e908/.system_generated/tasks/task-183.log', LF will be replaced by CRLF the next time Git touches it
warning: in the working copy of 'docs/artifacts/c3e1fd7e-17df-4f91-91ce-18af4123e908/.system_generated/tasks/task-192.log', LF will be replaced by CRLF the next time Git touches it
warning: in the working copy of 'docs/artifacts/c3e1fd7e-17df-4f91-91ce-18af4123e908/fixes_applied.md', LF will be replaced by CRLF the next time Git touches it
warning: in the working copy of 'docs/artifacts/c3e1fd7e-17df-4f91-91ce-18af4123e908/fixes_applied.md.metadata.json', LF will be replaced by CRLF the next time Git touches it
warning: in the working copy of 'docs/artifacts/c3e1fd7e-17df-4f91-91ce-18af4123e908/project_audit_report.md', LF will be replaced by CRLF the next time Git touches it
warning: in the working copy of 'docs/artifacts/c3e1fd7e-17df-4f91-91ce-18af4123e908/project_audit_report.md.metadata.json', LF will be replaced by CRLF the next time Git touches it
warning: in the working copy of 'docs/artifacts/c3e1fd7e-17df-4f91-91ce-18af4123e908/ui_audit_report.md', LF will be replaced by CRLF the next time Git touches it
warning: in the working copy of 'docs/artifacts/c3e1fd7e-17df-4f91-91ce-18af4123e908/ui_audit_report.md.metadata.json', LF will be replaced by CRLF the next time Git touches it
warning: in the working copy of 'docs/artifacts/c79cb5ff-50a2-4d4f-9b13-277f8633835b/.tempmediaStorage/dom_1772388947404.txt', LF will be replaced by CRLF the next time Git touches it
warning: in the working copy of 'docs/artifacts/c79cb5ff-50a2-4d4f-9b13-277f8633835b/.tempmediaStorage/dom_1772388957300.txt', LF will be replaced by CRLF the next time Git touches it
warning: in the working copy of 'docs/artifacts/c79cb5ff-50a2-4d4f-9b13-277f8633835b/.tempmediaStorage/dom_1772388961921.txt', LF will be replaced by CRLF the next time Git touches it
warning: in the working copy of 'docs/artifacts/c79cb5ff-50a2-4d4f-9b13-277f8633835b/.tempmediaStorage/dom_1772388968395.txt', LF will be replaced by CRLF the next time Git touches it
warning: in the working copy of 'docs/artifacts/c79cb5ff-50a2-4d4f-9b13-277f8633835b/.tempmediaStorage/dom_1772389050952.txt', LF will be replaced by CRLF the next time Git touches it
warning: in the working copy of 'docs/artifacts/c79cb5ff-50a2-4d4f-9b13-277f8633835b/.tempmediaStorage/dom_1772389053190.txt', LF will be replaced by CRLF the next time Git touches it
warning: in the working copy of 'docs/artifacts/c79cb5ff-50a2-4d4f-9b13-277f8633835b/.tempmediaStorage/dom_1772389061358.txt', LF will be replaced by CRLF the next time Git touches it
warning: in the working copy of 'docs/artifacts/c79cb5ff-50a2-4d4f-9b13-277f8633835b/.tempmediaStorage/dom_1772389183259.txt', LF will be replaced by CRLF the next time Git touches it
warning: in the working copy of 'docs/artifacts/c79cb5ff-50a2-4d4f-9b13-277f8633835b/.tempmediaStorage/dom_1772389191316.txt', LF will be replaced by CRLF the next time Git touches it
warning: in the working copy of 'docs/artifacts/c79cb5ff-50a2-4d4f-9b13-277f8633835b/.tempmediaStorage/dom_1772389199450.txt', LF will be replaced by CRLF the next time Git touches it
warning: in the working copy of 'docs/artifacts/c79cb5ff-50a2-4d4f-9b13-277f8633835b/.tempmediaStorage/dom_1772389245789.txt', LF will be replaced by CRLF the next time Git touches it
warning: in the working copy of 'docs/artifacts/c79cb5ff-50a2-4d4f-9b13-277f8633835b/.tempmediaStorage/dom_1772389251577.txt', LF will be replaced by CRLF the next time Git touches it
warning: in the working copy of 'docs/artifacts/c79cb5ff-50a2-4d4f-9b13-277f8633835b/.tempmediaStorage/dom_1772389377676.txt', LF will be replaced by CRLF the next time Git touches it
warning: in the working copy of 'docs/artifacts/c79cb5ff-50a2-4d4f-9b13-277f8633835b/.tempmediaStorage/dom_1772389386333.txt', LF will be replaced by CRLF the next time Git touches it
warning: in the working copy of 'docs/artifacts/c79cb5ff-50a2-4d4f-9b13-277f8633835b/.tempmediaStorage/dom_1772389394311.txt', LF will be replaced by CRLF the next time Git touches it
warning: in the working copy of 'docs/artifacts/c79cb5ff-50a2-4d4f-9b13-277f8633835b/.tempmediaStorage/dom_1772389403679.txt', LF will be replaced by CRLF the next time Git touches it
warning: in the working copy of 'docs/artifacts/c79cb5ff-50a2-4d4f-9b13-277f8633835b/.tempmediaStorage/dom_1772389412356.txt', LF will be replaced by CRLF the next time Git touches it
warning: in the working copy of 'docs/artifacts/c79cb5ff-50a2-4d4f-9b13-277f8633835b/.tempmediaStorage/dom_1772389422269.txt', LF will be replaced by CRLF the next time Git touches it
warning: in the working copy of 'docs/artifacts/c79cb5ff-50a2-4d4f-9b13-277f8633835b/.tempmediaStorage/dom_1772389449699.txt', LF will be replaced by CRLF the next time Git touches it
warning: in the working copy of 'docs/artifacts/c79cb5ff-50a2-4d4f-9b13-277f8633835b/.tempmediaStorage/dom_1772389470595.txt', LF will be replaced by CRLF the next time Git touches it
warning: in the working copy of 'docs/artifacts/c79cb5ff-50a2-4d4f-9b13-277f8633835b/.tempmediaStorage/dom_1772389481418.txt', LF will be replaced by CRLF the next time Git touches it
warning: in the working copy of 'docs/artifacts/c79cb5ff-50a2-4d4f-9b13-277f8633835b/.tempmediaStorage/dom_1772389795335.txt', LF will be replaced by CRLF the next time Git touches it
warning: in the working copy of 'docs/artifacts/c79cb5ff-50a2-4d4f-9b13-277f8633835b/.tempmediaStorage/dom_1772389804808.txt', LF will be replaced by CRLF the next time Git touches it
warning: in the working copy of 'docs/artifacts/c79cb5ff-50a2-4d4f-9b13-277f8633835b/.tempmediaStorage/dom_1772389816430.txt', LF will be replaced by CRLF the next time Git touches it
warning: in the working copy of 'docs/artifacts/c79cb5ff-50a2-4d4f-9b13-277f8633835b/.tempmediaStorage/dom_1772389831683.txt', LF will be replaced by CRLF the next time Git touches it
warning: in the working copy of 'docs/artifacts/c79cb5ff-50a2-4d4f-9b13-277f8633835b/.tempmediaStorage/dom_1772389836463.txt', LF will be replaced by CRLF the next time Git touches it
warning: in the working copy of 'docs/artifacts/c79cb5ff-50a2-4d4f-9b13-277f8633835b/.tempmediaStorage/dom_1772389842481.txt', LF will be replaced by CRLF the next time Git touches it
warning: in the working copy of 'docs/artifacts/c79cb5ff-50a2-4d4f-9b13-277f8633835b/.tempmediaStorage/dom_1772389850643.txt', LF will be replaced by CRLF the next time Git touches it
warning: in the working copy of 'docs/artifacts/c79cb5ff-50a2-4d4f-9b13-277f8633835b/.tempmediaStorage/dom_1772390100185.txt', LF will be replaced by CRLF the next time Git touches it
warning: in the working copy of 'docs/artifacts/c79cb5ff-50a2-4d4f-9b13-277f8633835b/.tempmediaStorage/dom_1772390112568.txt', LF will be replaced by CRLF the next time Git touches it
warning: in the working copy of 'docs/artifacts/c79cb5ff-50a2-4d4f-9b13-277f8633835b/.tempmediaStorage/dom_1772390121656.txt', LF will be replaced by CRLF the next time Git touches it
warning: in the working copy of 'docs/artifacts/c79cb5ff-50a2-4d4f-9b13-277f8633835b/.tempmediaStorage/dom_1772390129305.txt', LF will be replaced by CRLF the next time Git touches it
warning: in the working copy of 'docs/artifacts/c79cb5ff-50a2-4d4f-9b13-277f8633835b/.tempmediaStorage/dom_1772390138293.txt', LF will be replaced by CRLF the next time Git touches it
warning: in the working copy of 'docs/artifacts/c79cb5ff-50a2-4d4f-9b13-277f8633835b/browser/scratchpad_3gl9y4v0.md.resolved', LF will be replaced by CRLF the next time Git touches it
warning: in the working copy of 'docs/artifacts/c79cb5ff-50a2-4d4f-9b13-277f8633835b/browser/scratchpad_3gl9y4v0.md.resolved.0', LF will be replaced by CRLF the next time Git touches it
warning: in the working copy of 'docs/artifacts/c79cb5ff-50a2-4d4f-9b13-277f8633835b/browser/scratchpad_97jwenay.md.resolved.0', LF will be replaced by CRLF the next time Git touches it
warning: in the working copy of 'docs/artifacts/c79cb5ff-50a2-4d4f-9b13-277f8633835b/implementation_plan.md.metadata.json', LF will be replaced by CRLF the next time Git touches it
warning: in the working copy of 'docs/artifacts/c79cb5ff-50a2-4d4f-9b13-277f8633835b/implementation_plan.md.resolved.0', LF will be replaced by CRLF the next time Git touches it
warning: in the working copy of 'docs/artifacts/c79cb5ff-50a2-4d4f-9b13-277f8633835b/task.md.metadata.json', LF will be replaced by CRLF the next time Git touches it
warning: in the working copy of 'docs/artifacts/c79cb5ff-50a2-4d4f-9b13-277f8633835b/task.md.resolved.0', LF will be replaced by CRLF the next time Git touches it
warning: in the working copy of 'docs/artifacts/c79cb5ff-50a2-4d4f-9b13-277f8633835b/walkthrough.md.metadata.json', LF will be replaced by CRLF the next time Git touches it
warning: in the working copy of 'docs/artifacts/c79cb5ff-50a2-4d4f-9b13-277f8633835b/walkthrough.md.resolved', LF will be replaced by CRLF the next time Git touches it
warning: in the working copy of 'docs/artifacts/c79cb5ff-50a2-4d4f-9b13-277f8633835b/walkthrough.md.resolved.0', LF will be replaced by CRLF the next time Git touches it
warning: in the working copy of 'docs/artifacts/c79cb5ff-50a2-4d4f-9b13-277f8633835b/walkthrough.md.resolved.8', LF will be replaced by CRLF the next time Git touches it
warning: in the working copy of 'docs/artifacts/c8dbdcea-e3fd-4540-a515-b7d53be73e18/.tempmediaStorage/dom_1775505489928.txt', LF will be replaced by CRLF the next time Git touches it
warning: in the working copy of 'docs/artifacts/c8dbdcea-e3fd-4540-a515-b7d53be73e18/.tempmediaStorage/dom_1775505499437.txt', LF will be replaced by CRLF the next time Git touches it
warning: in the working copy of 'docs/artifacts/c8dbdcea-e3fd-4540-a515-b7d53be73e18/.tempmediaStorage/dom_1775505513284.txt', LF will be replaced by CRLF the next time Git touches it
warning: in the working copy of 'docs/artifacts/c8dbdcea-e3fd-4540-a515-b7d53be73e18/.tempmediaStorage/dom_1775505520365.txt', LF will be replaced by CRLF the next time Git touches it
warning: in the working copy of 'docs/artifacts/c8dbdcea-e3fd-4540-a515-b7d53be73e18/.tempmediaStorage/dom_1776113111153.txt', LF will be replaced by CRLF the next time Git touches it
warning: in the working copy of 'docs/artifacts/c8dbdcea-e3fd-4540-a515-b7d53be73e18/.tempmediaStorage/dom_1776113119636.txt', LF will be replaced by CRLF the next time Git touches it
warning: in the working copy of 'docs/artifacts/c8dbdcea-e3fd-4540-a515-b7d53be73e18/.tempmediaStorage/dom_1776113132219.txt', LF will be replaced by CRLF the next time Git touches it
warning: in the working copy of 'docs/artifacts/c8dbdcea-e3fd-4540-a515-b7d53be73e18/.tempmediaStorage/dom_1776113142915.txt', LF will be replaced by CRLF the next time Git touches it
warning: in the working copy of 'docs/artifacts/c8dbdcea-e3fd-4540-a515-b7d53be73e18/.tempmediaStorage/dom_1776113154451.txt', LF will be replaced by CRLF the next time Git touches it
warning: in the working copy of 'docs/artifacts/c8dbdcea-e3fd-4540-a515-b7d53be73e18/.tempmediaStorage/dom_1776113174587.txt', LF will be replaced by CRLF the next time Git touches it
warning: in the working copy of 'docs/artifacts/c8dbdcea-e3fd-4540-a515-b7d53be73e18/.tempmediaStorage/dom_1776338700464.txt', LF will be replaced by CRLF the next time Git touches it
warning: in the working copy of 'docs/artifacts/c8dbdcea-e3fd-4540-a515-b7d53be73e18/.tempmediaStorage/dom_1776341201915.txt', LF will be replaced by CRLF the next time Git touches it
warning: in the working copy of 'docs/artifacts/c8dbdcea-e3fd-4540-a515-b7d53be73e18/.tempmediaStorage/dom_1776341209515.txt', LF will be replaced by CRLF the next time Git touches it
warning: in the working copy of 'docs/artifacts/c8dbdcea-e3fd-4540-a515-b7d53be73e18/.tempmediaStorage/dom_1776341216797.txt', LF will be replaced by CRLF the next time Git touches it
warning: in the working copy of 'docs/artifacts/c8dbdcea-e3fd-4540-a515-b7d53be73e18/.tempmediaStorage/dom_1776341224333.txt', LF will be replaced by CRLF the next time Git touches it
warning: in the working copy of 'docs/artifacts/c8dbdcea-e3fd-4540-a515-b7d53be73e18/analysis_results.md', LF will be replaced by CRLF the next time Git touches it
warning: in the working copy of 'docs/artifacts/c8dbdcea-e3fd-4540-a515-b7d53be73e18/analysis_results.md.metadata.json', LF will be replaced by CRLF the next time Git touches it
warning: in the working copy of 'docs/artifacts/c8dbdcea-e3fd-4540-a515-b7d53be73e18/analysis_results.md.resolved', LF will be replaced by CRLF the next time Git touches it
warning: in the working copy of 'docs/artifacts/c8dbdcea-e3fd-4540-a515-b7d53be73e18/analysis_results.md.resolved.0', LF will be replaced by CRLF the next time Git touches it
warning: in the working copy of 'docs/artifacts/c8dbdcea-e3fd-4540-a515-b7d53be73e18/audio_ram_optimization_plan.md', LF will be replaced by CRLF the next time Git touches it
warning: in the working copy of 'docs/artifacts/c8dbdcea-e3fd-4540-a515-b7d53be73e18/audio_ram_optimization_plan.md.metadata.json', LF will be replaced by CRLF the next time Git touches it
warning: in the working copy of 'docs/artifacts/c8dbdcea-e3fd-4540-a515-b7d53be73e18/audio_ram_optimization_plan.md.resolved', LF will be replaced by CRLF the next time Git touches it
warning: in the working copy of 'docs/artifacts/c8dbdcea-e3fd-4540-a515-b7d53be73e18/audio_ram_optimization_plan.md.resolved.0', LF will be replaced by CRLF the next time Git touches it
warning: in the working copy of 'docs/artifacts/c8dbdcea-e3fd-4540-a515-b7d53be73e18/audit_triage.md', LF will be replaced by CRLF the next time Git touches it
warning: in the working copy of 'docs/artifacts/c8dbdcea-e3fd-4540-a515-b7d53be73e18/audit_triage.md.metadata.json', LF will be replaced by CRLF the next time Git touches it
warning: in the working copy of 'docs/artifacts/c8dbdcea-e3fd-4540-a515-b7d53be73e18/audit_triage.md.resolved', LF will be replaced by CRLF the next time Git touches it
warning: in the working copy of 'docs/artifacts/c8dbdcea-e3fd-4540-a515-b7d53be73e18/audit_triage.md.resolved.0', LF will be replaced by CRLF the next time Git touches it
warning: in the working copy of 'docs/artifacts/c8dbdcea-e3fd-4540-a515-b7d53be73e18/blending_acceleration_plan.md', LF will be replaced by CRLF the next time Git touches it
warning: in the working copy of 'docs/artifacts/c8dbdcea-e3fd-4540-a515-b7d53be73e18/blending_acceleration_plan.md.metadata.json', LF will be replaced by CRLF the next time Git touches it
warning: in the working copy of 'docs/artifacts/c8dbdcea-e3fd-4540-a515-b7d53be73e18/blending_acceleration_plan.md.resolved', LF will be replaced by CRLF the next time Git touches it
warning: in the working copy of 'docs/artifacts/c8dbdcea-e3fd-4540-a515-b7d53be73e18/blending_acceleration_plan.md.resolved.0', LF will be replaced by CRLF the next time Git touches it
warning: in the working copy of 'docs/artifacts/c8dbdcea-e3fd-4540-a515-b7d53be73e18/browser/scratchpad_yq3b5i6y.md', LF will be replaced by CRLF the next time Git touches it
warning: in the working copy of 'docs/artifacts/c8dbdcea-e3fd-4540-a515-b7d53be73e18/browser/scratchpad_yq3b5i6y.md.resolved', LF will be replaced by CRLF the next time Git touches it
warning: in the working copy of 'docs/artifacts/c8dbdcea-e3fd-4540-a515-b7d53be73e18/browser/scratchpad_yq3b5i6y.md.resolved.0', LF will be replaced by CRLF the next time Git touches it
warning: in the working copy of 'docs/artifacts/c8dbdcea-e3fd-4540-a515-b7d53be73e18/browser/scratchpad_yq3b5i6y.md.resolved.1', LF will be replaced by CRLF the next time Git touches it
warning: in the working copy of 'docs/artifacts/c8dbdcea-e3fd-4540-a515-b7d53be73e18/brute_force_ignition_plan.md', LF will be replaced by CRLF the next time Git touches it
warning: in the working copy of 'docs/artifacts/c8dbdcea-e3fd-4540-a515-b7d53be73e18/brute_force_ignition_plan.md.metadata.json', LF will be replaced by CRLF the next time Git touches it
warning: in the working copy of 'docs/artifacts/c8dbdcea-e3fd-4540-a515-b7d53be73e18/brute_force_ignition_plan.md.resolved', LF will be replaced by CRLF the next time Git touches it
warning: in the working copy of 'docs/artifacts/c8dbdcea-e3fd-4540-a515-b7d53be73e18/brute_force_ignition_plan.md.resolved.0', LF will be replaced by CRLF the next time Git touches it
warning: in the working copy of 'docs/artifacts/c8dbdcea-e3fd-4540-a515-b7d53be73e18/calibration_fix_plan.md', LF will be replaced by CRLF the next time Git touches it
warning: in the working copy of 'docs/artifacts/c8dbdcea-e3fd-4540-a515-b7d53be73e18/calibration_fix_plan.md.metadata.json', LF will be replaced by CRLF the next time Git touches it
warning: in the working copy of 'docs/artifacts/c8dbdcea-e3fd-4540-a515-b7d53be73e18/calibration_fix_plan.md.resolved', LF will be replaced by CRLF the next time Git touches it
warning: in the working copy of 'docs/artifacts/c8dbdcea-e3fd-4540-a515-b7d53be73e18/calibration_fix_plan.md.resolved.0', LF will be replaced by CRLF the next time Git touches it
warning: in the working copy of 'docs/artifacts/c8dbdcea-e3fd-4540-a515-b7d53be73e18/chunk_integrity_audit.md', LF will be replaced by CRLF the next time Git touches it
warning: in the working copy of 'docs/artifacts/c8dbdcea-e3fd-4540-a515-b7d53be73e18/chunk_integrity_audit.md.metadata.json', LF will be replaced by CRLF the next time Git touches it
warning: in the working copy of 'docs/artifacts/c8dbdcea-e3fd-4540-a515-b7d53be73e18/chunk_integrity_audit.md.resolved', LF will be replaced by CRLF the next time Git touches it
warning: in the working copy of 'docs/artifacts/c8dbdcea-e3fd-4540-a515-b7d53be73e18/chunk_integrity_audit.md.resolved.0', LF will be replaced by CRLF the next time Git touches it
warning: in the working copy of 'docs/artifacts/c8dbdcea-e3fd-4540-a515-b7d53be73e18/clean_room_production_plan.md', LF will be replaced by CRLF the next time Git touches it
warning: in the working copy of 'docs/artifacts/c8dbdcea-e3fd-4540-a515-b7d53be73e18/clean_room_production_plan.md.metadata.json', LF will be replaced by CRLF the next time Git touches it
warning: in the working copy of 'docs/artifacts/c8dbdcea-e3fd-4540-a515-b7d53be73e18/clean_room_production_plan.md.resolved', LF will be replaced by CRLF the next time Git touches it
warning: in the working copy of 'docs/artifacts/c8dbdcea-e3fd-4540-a515-b7d53be73e18/clean_room_production_plan.md.resolved.0', LF will be replaced by CRLF the next time Git touches it
warning: in the working copy of 'docs/artifacts/c8dbdcea-e3fd-4540-a515-b7d53be73e18/cleansing_plan.md', LF will be replaced by CRLF the next time Git touches it
warning: in the working copy of 'docs/artifacts/c8dbdcea-e3fd-4540-a515-b7d53be73e18/cleansing_plan.md.metadata.json', LF will be replaced by CRLF the next time Git touches it
warning: in the working copy of 'docs/artifacts/c8dbdcea-e3fd-4540-a515-b7d53be73e18/cleansing_plan.md.resolved', LF will be replaced by CRLF the next time Git touches it
warning: in the working copy of 'docs/artifacts/c8dbdcea-e3fd-4540-a515-b7d53be73e18/cleansing_plan.md.resolved.0', LF will be replaced by CRLF the next time Git touches it
warning: in the working copy of 'docs/artifacts/c8dbdcea-e3fd-4540-a515-b7d53be73e18/deep_purge_recovery_plan.md', LF will be replaced by CRLF the next time Git touches it
warning: in the working copy of 'docs/artifacts/c8dbdcea-e3fd-4540-a515-b7d53be73e18/deep_purge_recovery_plan.md.metadata.json', LF will be replaced by CRLF the next time Git touches it
warning: in the working copy of 'docs/artifacts/c8dbdcea-e3fd-4540-a515-b7d53be73e18/deep_purge_recovery_plan.md.resolved', LF will be replaced by CRLF the next time Git touches it
warning: in the working copy of 'docs/artifacts/c8dbdcea-e3fd-4540-a515-b7d53be73e18/deep_purge_recovery_plan.md.resolved.0', LF will be replaced by CRLF the next time Git touches it
warning: in the working copy of 'docs/artifacts/c8dbdcea-e3fd-4540-a515-b7d53be73e18/efficiency_ledger.md', LF will be replaced by CRLF the next time Git touches it
warning: in the working copy of 'docs/artifacts/c8dbdcea-e3fd-4540-a515-b7d53be73e18/efficiency_ledger.md.metadata.json', LF will be replaced by CRLF the next time Git touches it
warning: in the working copy of 'docs/artifacts/c8dbdcea-e3fd-4540-a515-b7d53be73e18/efficiency_ledger.md.resolved', LF will be replaced by CRLF the next time Git touches it
warning: in the working copy of 'docs/artifacts/c8dbdcea-e3fd-4540-a515-b7d53be73e18/efficiency_ledger.md.resolved.0', LF will be replaced by CRLF the next time Git touches it
warning: in the working copy of 'docs/artifacts/c8dbdcea-e3fd-4540-a515-b7d53be73e18/engine_recovery_plan.md', LF will be replaced by CRLF the next time Git touches it
warning: in the working copy of 'docs/artifacts/c8dbdcea-e3fd-4540-a515-b7d53be73e18/engine_recovery_plan.md.metadata.json', LF will be replaced by CRLF the next time Git touches it
warning: in the working copy of 'docs/artifacts/c8dbdcea-e3fd-4540-a515-b7d53be73e18/engine_recovery_plan.md.resolved', LF will be replaced by CRLF the next time Git touches it
warning: in the working copy of 'docs/artifacts/c8dbdcea-e3fd-4540-a515-b7d53be73e18/engine_recovery_plan.md.resolved.0', LF will be replaced by CRLF the next time Git touches it
warning: in the working copy of 'docs/artifacts/c8dbdcea-e3fd-4540-a515-b7d53be73e18/final_cleansing_plan.md', LF will be replaced by CRLF the next time Git touches it
warning: in the working copy of 'docs/artifacts/c8dbdcea-e3fd-4540-a515-b7d53be73e18/final_cleansing_plan.md.metadata.json', LF will be replaced by CRLF the next time Git touches it
warning: in the working copy of 'docs/artifacts/c8dbdcea-e3fd-4540-a515-b7d53be73e18/final_cleansing_plan.md.resolved', LF will be replaced by CRLF the next time Git touches it
warning: in the working copy of 'docs/artifacts/c8dbdcea-e3fd-4540-a515-b7d53be73e18/final_cleansing_plan.md.resolved.0', LF will be replaced by CRLF the next time Git touches it
warning: in the working copy of 'docs/artifacts/c8dbdcea-e3fd-4540-a515-b7d53be73e18/final_integrity_plan.md', LF will be replaced by CRLF the next time Git touches it
warning: in the working copy of 'docs/artifacts/c8dbdcea-e3fd-4540-a515-b7d53be73e18/final_integrity_plan.md.metadata.json', LF will be replaced by CRLF the next time Git touches it
warning: in the working copy of 'docs/artifacts/c8dbdcea-e3fd-4540-a515-b7d53be73e18/final_integrity_plan.md.resolved', LF will be replaced by CRLF the next time Git touches it
warning: in the working copy of 'docs/artifacts/c8dbdcea-e3fd-4540-a515-b7d53be73e18/final_integrity_plan.md.resolved.0', LF will be replaced by CRLF the next time Git touches it
warning: in the working copy of 'docs/artifacts/c8dbdcea-e3fd-4540-a515-b7d53be73e18/gpu_migration_plan.md', LF will be replaced by CRLF the next time Git touches it
warning: in the working copy of 'docs/artifacts/c8dbdcea-e3fd-4540-a515-b7d53be73e18/gpu_migration_plan.md.metadata.json', LF will be replaced by CRLF the next time Git touches it
warning: in the working copy of 'docs/artifacts/c8dbdcea-e3fd-4540-a515-b7d53be73e18/gpu_migration_plan.md.resolved', LF will be replaced by CRLF the next time Git touches it
warning: in the working copy of 'docs/artifacts/c8dbdcea-e3fd-4540-a515-b7d53be73e18/gpu_migration_plan.md.resolved.0', LF will be replaced by CRLF the next time Git touches it
warning: in the working copy of 'docs/artifacts/c8dbdcea-e3fd-4540-a515-b7d53be73e18/hardware_restoration_plan.md', LF will be replaced by CRLF the next time Git touches it
warning: in the working copy of 'docs/artifacts/c8dbdcea-e3fd-4540-a515-b7d53be73e18/hardware_restoration_plan.md.metadata.json', LF will be replaced by CRLF the next time Git touches it
warning: in the working copy of 'docs/artifacts/c8dbdcea-e3fd-4540-a515-b7d53be73e18/hardware_restoration_plan.md.resolved', LF will be replaced by CRLF the next time Git touches it
warning: in the working copy of 'docs/artifacts/c8dbdcea-e3fd-4540-a515-b7d53be73e18/hardware_restoration_plan.md.resolved.0', LF will be replaced by CRLF the next time Git touches it
warning: in the working copy of 'docs/artifacts/c8dbdcea-e3fd-4540-a515-b7d53be73e18/hybrid_metadata_plan.md', LF will be replaced by CRLF the next time Git touches it
warning: in the working copy of 'docs/artifacts/c8dbdcea-e3fd-4540-a515-b7d53be73e18/hybrid_metadata_plan.md.metadata.json', LF will be replaced by CRLF the next time Git touches it
warning: in the working copy of 'docs/artifacts/c8dbdcea-e3fd-4540-a515-b7d53be73e18/hybrid_metadata_plan.md.resolved', LF will be replaced by CRLF the next time Git touches it
warning: in the working copy of 'docs/artifacts/c8dbdcea-e3fd-4540-a515-b7d53be73e18/hybrid_metadata_plan.md.resolved.0', LF will be replaced by CRLF the next time Git touches it
warning: in the working copy of 'docs/artifacts/c8dbdcea-e3fd-4540-a515-b7d53be73e18/implementation_plan.md', LF will be replaced by CRLF the next time Git touches it
warning: in the working copy of 'docs/artifacts/c8dbdcea-e3fd-4540-a515-b7d53be73e18/implementation_plan.md.metadata.json', LF will be replaced by CRLF the next time Git touches it
warning: in the working copy of 'docs/artifacts/c8dbdcea-e3fd-4540-a515-b7d53be73e18/implementation_plan.md.resolved', LF will be replaced by CRLF the next time Git touches it
warning: in the working copy of 'docs/artifacts/c8dbdcea-e3fd-4540-a515-b7d53be73e18/implementation_plan.md.resolved.0', LF will be replaced by CRLF the next time Git touches it
warning: in the working copy of 'docs/artifacts/c8dbdcea-e3fd-4540-a515-b7d53be73e18/implementation_plan.md.resolved.1', LF will be replaced by CRLF the next time Git touches it
warning: in the working copy of 'docs/artifacts/c8dbdcea-e3fd-4540-a515-b7d53be73e18/implementation_plan.md.resolved.10', LF will be replaced by CRLF the next time Git touches it
warning: in the working copy of 'docs/artifacts/c8dbdcea-e3fd-4540-a515-b7d53be73e18/implementation_plan.md.resolved.11', LF will be replaced by CRLF the next time Git touches it
warning: in the working copy of 'docs/artifacts/c8dbdcea-e3fd-4540-a515-b7d53be73e18/implementation_plan.md.resolved.12', LF will be replaced by CRLF the next time Git touches it
warning: in the working copy of 'docs/artifacts/c8dbdcea-e3fd-4540-a515-b7d53be73e18/implementation_plan.md.resolved.13', LF will be replaced by CRLF the next time Git touches it
warning: in the working copy of 'docs/artifacts/c8dbdcea-e3fd-4540-a515-b7d53be73e18/implementation_plan.md.resolved.14', LF will be replaced by CRLF the next time Git touches it
warning: in the working copy of 'docs/artifacts/c8dbdcea-e3fd-4540-a515-b7d53be73e18/implementation_plan.md.resolved.15', LF will be replaced by CRLF the next time Git touches it
warning: in the working copy of 'docs/artifacts/c8dbdcea-e3fd-4540-a515-b7d53be73e18/implementation_plan.md.resolved.16', LF will be replaced by CRLF the next time Git touches it
warning: in the working copy of 'docs/artifacts/c8dbdcea-e3fd-4540-a515-b7d53be73e18/implementation_plan.md.resolved.17', LF will be replaced by CRLF the next time Git touches it
warning: in the working copy of 'docs/artifacts/c8dbdcea-e3fd-4540-a515-b7d53be73e18/implementation_plan.md.resolved.18', LF will be replaced by CRLF the next time Git touches it
warning: in the working copy of 'docs/artifacts/c8dbdcea-e3fd-4540-a515-b7d53be73e18/implementation_plan.md.resolved.19', LF will be replaced by CRLF the next time Git touches it
warning: in the working copy of 'docs/artifacts/c8dbdcea-e3fd-4540-a515-b7d53be73e18/implementation_plan.md.resolved.2', LF will be replaced by CRLF the next time Git touches it
warning: in the working copy of 'docs/artifacts/c8dbdcea-e3fd-4540-a515-b7d53be73e18/implementation_plan.md.resolved.20', LF will be replaced by CRLF the next time Git touches it
warning: in the working copy of 'docs/artifacts/c8dbdcea-e3fd-4540-a515-b7d53be73e18/implementation_plan.md.resolved.21', LF will be replaced by CRLF the next time Git touches it
warning: in the working copy of 'docs/artifacts/c8dbdcea-e3fd-4540-a515-b7d53be73e18/implementation_plan.md.resolved.22', LF will be replaced by CRLF the next time Git touches it
warning: in the working copy of 'docs/artifacts/c8dbdcea-e3fd-4540-a515-b7d53be73e18/implementation_plan.md.resolved.23', LF will be replaced by CRLF the next time Git touches it
warning: in the working copy of 'docs/artifacts/c8dbdcea-e3fd-4540-a515-b7d53be73e18/implementation_plan.md.resolved.24', LF will be replaced by CRLF the next time Git touches it
warning: in the working copy of 'docs/artifacts/c8dbdcea-e3fd-4540-a515-b7d53be73e18/implementation_plan.md.resolved.25', LF will be replaced by CRLF the next time Git touches it
warning: in the working copy of 'docs/artifacts/c8dbdcea-e3fd-4540-a515-b7d53be73e18/implementation_plan.md.resolved.26', LF will be replaced by CRLF the next time Git touches it
warning: in the working copy of 'docs/artifacts/c8dbdcea-e3fd-4540-a515-b7d53be73e18/implementation_plan.md.resolved.3', LF will be replaced by CRLF the next time Git touches it
warning: in the working copy of 'docs/artifacts/c8dbdcea-e3fd-4540-a515-b7d53be73e18/implementation_plan.md.resolved.4', LF will be replaced by CRLF the next time Git touches it
warning: in the working copy of 'docs/artifacts/c8dbdcea-e3fd-4540-a515-b7d53be73e18/implementation_plan.md.resolved.5', LF will be replaced by CRLF the next time Git touches it
warning: in the working copy of 'docs/artifacts/c8dbdcea-e3fd-4540-a515-b7d53be73e18/implementation_plan.md.resolved.6', LF will be replaced by CRLF the next time Git touches it
warning: in the working copy of 'docs/artifacts/c8dbdcea-e3fd-4540-a515-b7d53be73e18/implementation_plan.md.resolved.7', LF will be replaced by CRLF the next time Git touches it
warning: in the working copy of 'docs/artifacts/c8dbdcea-e3fd-4540-a515-b7d53be73e18/implementation_plan.md.resolved.8', LF will be replaced by CRLF the next time Git touches it
warning: in the working copy of 'docs/artifacts/c8dbdcea-e3fd-4540-a515-b7d53be73e18/implementation_plan.md.resolved.9', LF will be replaced by CRLF the next time Git touches it
warning: in the working copy of 'docs/artifacts/c8dbdcea-e3fd-4540-a515-b7d53be73e18/landmark_acceleration_plan.md', LF will be replaced by CRLF the next time Git touches it
warning: in the working copy of 'docs/artifacts/c8dbdcea-e3fd-4540-a515-b7d53be73e18/landmark_acceleration_plan.md.metadata.json', LF will be replaced by CRLF the next time Git touches it
warning: in the working copy of 'docs/artifacts/c8dbdcea-e3fd-4540-a515-b7d53be73e18/landmark_acceleration_plan.md.resolved', LF will be replaced by CRLF the next time Git touches it
warning: in the working copy of 'docs/artifacts/c8dbdcea-e3fd-4540-a515-b7d53be73e18/landmark_acceleration_plan.md.resolved.0', LF will be replaced by CRLF the next time Git touches it
warning: in the working copy of 'docs/artifacts/c8dbdcea-e3fd-4540-a515-b7d53be73e18/landmark_acceleration_plan.md.resolved.1', LF will be replaced by CRLF the next time Git touches it
warning: in the working copy of 'docs/artifacts/c8dbdcea-e3fd-4540-a515-b7d53be73e18/parallel_production_plan.md', LF will be replaced by CRLF the next time Git touches it
warning: in the working copy of 'docs/artifacts/c8dbdcea-e3fd-4540-a515-b7d53be73e18/parallel_production_plan.md.metadata.json', LF will be replaced by CRLF the next time Git touches it
warning: in the working copy of 'docs/artifacts/c8dbdcea-e3fd-4540-a515-b7d53be73e18/parallel_production_plan.md.resolved', LF will be replaced by CRLF the next time Git touches it
warning: in the working copy of 'docs/artifacts/c8dbdcea-e3fd-4540-a515-b7d53be73e18/parallel_production_plan.md.resolved.0', LF will be replaced by CRLF the next time Git touches it
warning: in the working copy of 'docs/artifacts/c8dbdcea-e3fd-4540-a515-b7d53be73e18/segmented_lipsync_plan.md', LF will be replaced by CRLF the next time Git touches it
warning: in the working copy of 'docs/artifacts/c8dbdcea-e3fd-4540-a515-b7d53be73e18/segmented_lipsync_plan.md.metadata.json', LF will be replaced by CRLF the next time Git touches it
warning: in the working copy of 'docs/artifacts/c8dbdcea-e3fd-4540-a515-b7d53be73e18/segmented_lipsync_plan.md.resolved', LF will be replaced by CRLF the next time Git touches it
warning: in the working copy of 'docs/artifacts/c8dbdcea-e3fd-4540-a515-b7d53be73e18/segmented_lipsync_plan.md.resolved.0', LF will be replaced by CRLF the next time Git touches it
warning: in the working copy of 'docs/artifacts/c8dbdcea-e3fd-4540-a515-b7d53be73e18/segmented_recovery_plan.md', LF will be replaced by CRLF the next time Git touches it
warning: in the working copy of 'docs/artifacts/c8dbdcea-e3fd-4540-a515-b7d53be73e18/segmented_recovery_plan.md.metadata.json', LF will be replaced by CRLF the next time Git touches it
warning: in the working copy of 'docs/artifacts/c8dbdcea-e3fd-4540-a515-b7d53be73e18/segmented_recovery_plan.md.resolved', LF will be replaced by CRLF the next time Git touches it
warning: in the working copy of 'docs/artifacts/c8dbdcea-e3fd-4540-a515-b7d53be73e18/segmented_recovery_plan.md.resolved.0', LF will be replaced by CRLF the next time Git touches it
warning: in the working copy of 'docs/artifacts/c8dbdcea-e3fd-4540-a515-b7d53be73e18/surgical_loader_plan.md', LF will be replaced by CRLF the next time Git touches it
warning: in the working copy of 'docs/artifacts/c8dbdcea-e3fd-4540-a515-b7d53be73e18/surgical_loader_plan.md.metadata.json', LF will be replaced by CRLF the next time Git touches it
warning: in the working copy of 'docs/artifacts/c8dbdcea-e3fd-4540-a515-b7d53be73e18/surgical_loader_plan.md.resolved', LF will be replaced by CRLF the next time Git touches it
warning: in the working copy of 'docs/artifacts/c8dbdcea-e3fd-4540-a515-b7d53be73e18/surgical_loader_plan.md.resolved.0', LF will be replaced by CRLF the next time Git touches it
warning: in the working copy of 'docs/artifacts/c8dbdcea-e3fd-4540-a515-b7d53be73e18/task.md', LF will be replaced by CRLF the next time Git touches it
warning: in the working copy of 'docs/artifacts/c8dbdcea-e3fd-4540-a515-b7d53be73e18/task.md.metadata.json', LF will be replaced by CRLF the next time Git touches it
warning: in the working copy of 'docs/artifacts/c8dbdcea-e3fd-4540-a515-b7d53be73e18/task.md.resolved', LF will be replaced by CRLF the next time Git touches it
warning: in the working copy of 'docs/artifacts/c8dbdcea-e3fd-4540-a515-b7d53be73e18/task.md.resolved.0', LF will be replaced by CRLF the next time Git touches it
warning: in the working copy of 'docs/artifacts/c8dbdcea-e3fd-4540-a515-b7d53be73e18/task.md.resolved.1', LF will be replaced by CRLF the next time Git touches it
warning: in the working copy of 'docs/artifacts/c8dbdcea-e3fd-4540-a515-b7d53be73e18/task.md.resolved.10', LF will be replaced by CRLF the next time Git touches it
warning: in the working copy of 'docs/artifacts/c8dbdcea-e3fd-4540-a515-b7d53be73e18/task.md.resolved.11', LF will be replaced by CRLF the next time Git touches it
warning: in the working copy of 'docs/artifacts/c8dbdcea-e3fd-4540-a515-b7d53be73e18/task.md.resolved.12', LF will be replaced by CRLF the next time Git touches it
warning: in the working copy of 'docs/artifacts/c8dbdcea-e3fd-4540-a515-b7d53be73e18/task.md.resolved.13', LF will be replaced by CRLF the next time Git touches it
warning: in the working copy of 'docs/artifacts/c8dbdcea-e3fd-4540-a515-b7d53be73e18/task.md.resolved.14', LF will be replaced by CRLF the next time Git touches it
warning: in the working copy of 'docs/artifacts/c8dbdcea-e3fd-4540-a515-b7d53be73e18/task.md.resolved.15', LF will be replaced by CRLF the next time Git touches it
warning: in the working copy of 'docs/artifacts/c8dbdcea-e3fd-4540-a515-b7d53be73e18/task.md.resolved.16', LF will be replaced by CRLF the next time Git touches it
warning: in the working copy of 'docs/artifacts/c8dbdcea-e3fd-4540-a515-b7d53be73e18/task.md.resolved.17', LF will be replaced by CRLF the next time Git touches it
warning: in the working copy of 'docs/artifacts/c8dbdcea-e3fd-4540-a515-b7d53be73e18/task.md.resolved.18', LF will be replaced by CRLF the next time Git touches it
warning: in the working copy of 'docs/artifacts/c8dbdcea-e3fd-4540-a515-b7d53be73e18/task.md.resolved.19', LF will be replaced by CRLF the next time Git touches it
warning: in the working copy of 'docs/artifacts/c8dbdcea-e3fd-4540-a515-b7d53be73e18/task.md.resolved.2', LF will be replaced by CRLF the next time Git touches it
warning: in the working copy of 'docs/artifacts/c8dbdcea-e3fd-4540-a515-b7d53be73e18/task.md.resolved.20', LF will be replaced by CRLF the next time Git touches it
warning: in the working copy of 'docs/artifacts/c8dbdcea-e3fd-4540-a515-b7d53be73e18/task.md.resolved.3', LF will be replaced by CRLF the next time Git touches it
warning: in the working copy of 'docs/artifacts/c8dbdcea-e3fd-4540-a515-b7d53be73e18/task.md.resolved.4', LF will be replaced by CRLF the next time Git touches it
warning: in the working copy of 'docs/artifacts/c8dbdcea-e3fd-4540-a515-b7d53be73e18/task.md.resolved.5', LF will be replaced by CRLF the next time Git touches it
warning: in the working copy of 'docs/artifacts/c8dbdcea-e3fd-4540-a515-b7d53be73e18/task.md.resolved.6', LF will be replaced by CRLF the next time Git touches it
warning: in the working copy of 'docs/artifacts/c8dbdcea-e3fd-4540-a515-b7d53be73e18/task.md.resolved.7', LF will be replaced by CRLF the next time Git touches it
warning: in the working copy of 'docs/artifacts/c8dbdcea-e3fd-4540-a515-b7d53be73e18/task.md.resolved.8', LF will be replaced by CRLF the next time Git touches it
warning: in the working copy of 'docs/artifacts/c8dbdcea-e3fd-4540-a515-b7d53be73e18/task.md.resolved.9', LF will be replaced by CRLF the next time Git touches it
warning: in the working copy of 'docs/artifacts/c8dbdcea-e3fd-4540-a515-b7d53be73e18/ui_responsiveness_plan.md', LF will be replaced by CRLF the next time Git touches it
warning: in the working copy of 'docs/artifacts/c8dbdcea-e3fd-4540-a515-b7d53be73e18/ui_responsiveness_plan.md.metadata.json', LF will be replaced by CRLF the next time Git touches it
warning: in the working copy of 'docs/artifacts/c8dbdcea-e3fd-4540-a515-b7d53be73e18/ui_responsiveness_plan.md.resolved', LF will be replaced by CRLF the next time Git touches it
warning: in the working copy of 'docs/artifacts/c8dbdcea-e3fd-4540-a515-b7d53be73e18/ui_responsiveness_plan.md.resolved.0', LF will be replaced by CRLF the next time Git touches it
warning: in the working copy of 'docs/artifacts/c8dbdcea-e3fd-4540-a515-b7d53be73e18/vram_compression_plan.md', LF will be replaced by CRLF the next time Git touches it
warning: in the working copy of 'docs/artifacts/c8dbdcea-e3fd-4540-a515-b7d53be73e18/vram_compression_plan.md.metadata.json', LF will be replaced by CRLF the next time Git touches it
warning: in the working copy of 'docs/artifacts/c8dbdcea-e3fd-4540-a515-b7d53be73e18/vram_compression_plan.md.resolved', LF will be replaced by CRLF the next time Git touches it
warning: in the working copy of 'docs/artifacts/c8dbdcea-e3fd-4540-a515-b7d53be73e18/vram_compression_plan.md.resolved.0', LF will be replaced by CRLF the next time Git touches it
warning: in the working copy of 'docs/artifacts/c8dbdcea-e3fd-4540-a515-b7d53be73e18/vram_disarmament_plan.md', LF will be replaced by CRLF the next time Git touches it
warning: in the working copy of 'docs/artifacts/c8dbdcea-e3fd-4540-a515-b7d53be73e18/vram_disarmament_plan.md.metadata.json', LF will be replaced by CRLF the next time Git touches it
warning: in the working copy of 'docs/artifacts/c8dbdcea-e3fd-4540-a515-b7d53be73e18/vram_disarmament_plan.md.resolved', LF will be replaced by CRLF the next time Git touches it
warning: in the working copy of 'docs/artifacts/c8dbdcea-e3fd-4540-a515-b7d53be73e18/vram_disarmament_plan.md.resolved.0', LF will be replaced by CRLF the next time Git touches it
warning: in the working copy of 'docs/artifacts/c8dbdcea-e3fd-4540-a515-b7d53be73e18/walkthrough.md', LF will be replaced by CRLF the next time Git touches it
warning: in the working copy of 'docs/artifacts/c8dbdcea-e3fd-4540-a515-b7d53be73e18/walkthrough.md.metadata.json', LF will be replaced by CRLF the next time Git touches it
warning: in the working copy of 'docs/artifacts/c8dbdcea-e3fd-4540-a515-b7d53be73e18/walkthrough.md.resolved', LF will be replaced by CRLF the next time Git touches it
warning: in the working copy of 'docs/artifacts/c8dbdcea-e3fd-4540-a515-b7d53be73e18/walkthrough.md.resolved.0', LF will be replaced by CRLF the next time Git touches it
warning: in the working copy of 'docs/artifacts/c8dbdcea-e3fd-4540-a515-b7d53be73e18/walkthrough.md.resolved.1', LF will be replaced by CRLF the next time Git touches it
warning: in the working copy of 'docs/artifacts/c8dbdcea-e3fd-4540-a515-b7d53be73e18/walkthrough.md.resolved.2', LF will be replaced by CRLF the next time Git touches it
warning: in the working copy of 'docs/artifacts/c8dbdcea-e3fd-4540-a515-b7d53be73e18/walkthrough.md.resolved.3', LF will be replaced by CRLF the next time Git touches it
warning: in the working copy of 'docs/artifacts/cb3a3af6-94b1-431a-888e-8f0e7a17e962/architecture_comparison.md.metadata.json', LF will be replaced by CRLF the next time Git touches it
warning: in the working copy of 'docs/artifacts/cb3a3af6-94b1-431a-888e-8f0e7a17e962/architecture_comparison.md.resolved.0', LF will be replaced by CRLF the next time Git touches it
warning: in the working copy of 'docs/artifacts/cb3a3af6-94b1-431a-888e-8f0e7a17e962/architecture_v2.md.metadata.json', LF will be replaced by CRLF the next time Git touches it
warning: in the working copy of 'docs/artifacts/cb3a3af6-94b1-431a-888e-8f0e7a17e962/architecture_v2.md.resolved', LF will be replaced by CRLF the next time Git touches it
warning: in the working copy of 'docs/artifacts/cb3a3af6-94b1-431a-888e-8f0e7a17e962/architecture_v2.md.resolved.0', LF will be replaced by CRLF the next time Git touches it
warning: in the working copy of 'docs/artifacts/cb3a3af6-94b1-431a-888e-8f0e7a17e962/implementation_plan.md.metadata.json', LF will be replaced by CRLF the next time Git touches it
warning: in the working copy of 'docs/artifacts/cb3a3af6-94b1-431a-888e-8f0e7a17e962/implementation_plan.md.resolved', LF will be replaced by CRLF the next time Git touches it
warning: in the working copy of 'docs/artifacts/cb3a3af6-94b1-431a-888e-8f0e7a17e962/implementation_plan.md.resolved.0', LF will be replaced by CRLF the next time Git touches it
warning: in the working copy of 'docs/artifacts/cb3a3af6-94b1-431a-888e-8f0e7a17e962/implementation_plan.md.resolved.11', LF will be replaced by CRLF the next time Git touches it
warning: in the working copy of 'docs/artifacts/cb3a3af6-94b1-431a-888e-8f0e7a17e962/implementation_plan.md.resolved.13', LF will be replaced by CRLF the next time Git touches it
warning: in the working copy of 'docs/artifacts/cb3a3af6-94b1-431a-888e-8f0e7a17e962/implementation_plan.md.resolved.14', LF will be replaced by CRLF the next time Git touches it
warning: in the working copy of 'docs/artifacts/cb3a3af6-94b1-431a-888e-8f0e7a17e962/implementation_plan.md.resolved.2', LF will be replaced by CRLF the next time Git touches it
warning: in the working copy of 'docs/artifacts/cb3a3af6-94b1-431a-888e-8f0e7a17e962/implementation_plan.md.resolved.4', LF will be replaced by CRLF the next time Git touches it
warning: in the working copy of 'docs/artifacts/cb3a3af6-94b1-431a-888e-8f0e7a17e962/implementation_plan.md.resolved.7', LF will be replaced by CRLF the next time Git touches it
warning: in the working copy of 'docs/artifacts/cb3a3af6-94b1-431a-888e-8f0e7a17e962/task.md.metadata.json', LF will be replaced by CRLF the next time Git touches it
warning: in the working copy of 'docs/artifacts/cb3a3af6-94b1-431a-888e-8f0e7a17e962/task.md.resolved', LF will be replaced by CRLF the next time Git touches it
warning: in the working copy of 'docs/artifacts/cb3a3af6-94b1-431a-888e-8f0e7a17e962/task.md.resolved.0', LF will be replaced by CRLF the next time Git touches it
warning: in the working copy of 'docs/artifacts/cb3a3af6-94b1-431a-888e-8f0e7a17e962/task.md.resolved.12', LF will be replaced by CRLF the next time Git touches it
warning: in the working copy of 'docs/artifacts/cb3a3af6-94b1-431a-888e-8f0e7a17e962/task.md.resolved.14', LF will be replaced by CRLF the next time Git touches it
warning: in the working copy of 'docs/artifacts/cb3a3af6-94b1-431a-888e-8f0e7a17e962/task.md.resolved.2', LF will be replaced by CRLF the next time Git touches it
warning: in the working copy of 'docs/artifacts/cb3a3af6-94b1-431a-888e-8f0e7a17e962/task.md.resolved.26', LF will be replaced by CRLF the next time Git touches it
warning: in the working copy of 'docs/artifacts/cb3a3af6-94b1-431a-888e-8f0e7a17e962/task.md.resolved.3', LF will be replaced by CRLF the next time Git touches it
warning: in the working copy of 'docs/artifacts/cb3a3af6-94b1-431a-888e-8f0e7a17e962/task.md.resolved.40', LF will be replaced by CRLF the next time Git touches it
warning: in the working copy of 'docs/artifacts/cb3a3af6-94b1-431a-888e-8f0e7a17e962/task.md.resolved.50', LF will be replaced by CRLF the next time Git touches it
warning: in the working copy of 'docs/artifacts/cb3a3af6-94b1-431a-888e-8f0e7a17e962/task.md.resolved.7', LF will be replaced by CRLF the next time Git touches it
warning: in the working copy of 'docs/artifacts/cb3a3af6-94b1-431a-888e-8f0e7a17e962/task.md.resolved.8', LF will be replaced by CRLF the next time Git touches it
warning: in the working copy of 'docs/artifacts/cb3a3af6-94b1-431a-888e-8f0e7a17e962/task.md.resolved.9', LF will be replaced by CRLF the next time Git touches it
warning: in the working copy of 'docs/artifacts/cb3a3af6-94b1-431a-888e-8f0e7a17e962/walkthrough.md.metadata.json', LF will be replaced by CRLF the next time Git touches it
warning: in the working copy of 'docs/artifacts/cb3a3af6-94b1-431a-888e-8f0e7a17e962/walkthrough.md.resolved.0', LF will be replaced by CRLF the next time Git touches it
warning: in the working copy of 'docs/artifacts/cb3a3af6-94b1-431a-888e-8f0e7a17e962/walkthrough.md.resolved.1', LF will be replaced by CRLF the next time Git touches it
warning: in the working copy of 'docs/artifacts/cfa6683e-239f-47b9-85b6-e3d4e206b494/implementation_plan.md.metadata.json', LF will be replaced by CRLF the next time Git touches it
warning: in the working copy of 'docs/artifacts/cfa6683e-239f-47b9-85b6-e3d4e206b494/implementation_plan.md.resolved.0', LF will be replaced by CRLF the next time Git touches it
warning: in the working copy of 'docs/artifacts/cfa6683e-239f-47b9-85b6-e3d4e206b494/implementation_plan.md.resolved.1', LF will be replaced by CRLF the next time Git touches it
warning: in the working copy of 'docs/artifacts/cfa6683e-239f-47b9-85b6-e3d4e206b494/task.md.metadata.json', LF will be replaced by CRLF the next time Git touches it
warning: in the working copy of 'docs/artifacts/cfa6683e-239f-47b9-85b6-e3d4e206b494/task.md.resolved.0', LF will be replaced by CRLF the next time Git touches it
warning: in the working copy of 'docs/artifacts/cfa6683e-239f-47b9-85b6-e3d4e206b494/walkthrough.md.metadata.json', LF will be replaced by CRLF the next time Git touches it
warning: in the working copy of 'docs/artifacts/cfa6683e-239f-47b9-85b6-e3d4e206b494/walkthrough.md.resolved.0', LF will be replaced by CRLF the next time Git touches it
warning: in the working copy of 'docs/artifacts/d1570d4a-7e77-4943-be86-03b12ead8792/.system_generated/steps/20/content.md', LF will be replaced by CRLF the next time Git touches it
warning: in the working copy of 'docs/artifacts/d1570d4a-7e77-4943-be86-03b12ead8792/.system_generated/steps/27/content.md', LF will be replaced by CRLF the next time Git touches it
warning: in the working copy of 'docs/artifacts/d1570d4a-7e77-4943-be86-03b12ead8792/.system_generated/tasks/task-1015.log', LF will be replaced by CRLF the next time Git touches it
warning: in the working copy of 'docs/artifacts/d1570d4a-7e77-4943-be86-03b12ead8792/.system_generated/tasks/task-1036.log', LF will be replaced by CRLF the next time Git touches it
warning: in the working copy of 'docs/artifacts/d1570d4a-7e77-4943-be86-03b12ead8792/.system_generated/tasks/task-1116.log', LF will be replaced by CRLF the next time Git touches it
warning: in the working copy of 'docs/artifacts/d1570d4a-7e77-4943-be86-03b12ead8792/.system_generated/tasks/task-1117.log', LF will be replaced by CRLF the next time Git touches it
warning: in the working copy of 'docs/artifacts/d1570d4a-7e77-4943-be86-03b12ead8792/.system_generated/tasks/task-1143.log', LF will be replaced by CRLF the next time Git touches it
warning: in the working copy of 'docs/artifacts/d1570d4a-7e77-4943-be86-03b12ead8792/.system_generated/tasks/task-1159.log', LF will be replaced by CRLF the next time Git touches it
warning: in the working copy of 'docs/artifacts/d1570d4a-7e77-4943-be86-03b12ead8792/.system_generated/tasks/task-1190.log', LF will be replaced by CRLF the next time Git touches it
warning: in the working copy of 'docs/artifacts/d1570d4a-7e77-4943-be86-03b12ead8792/.system_generated/tasks/task-1221.log', LF will be replaced by CRLF the next time Git touches it
warning: in the working copy of 'docs/artifacts/d1570d4a-7e77-4943-be86-03b12ead8792/.system_generated/tasks/task-1294.log', LF will be replaced by CRLF the next time Git touches it
warning: in the working copy of 'docs/artifacts/d1570d4a-7e77-4943-be86-03b12ead8792/.system_generated/tasks/task-1343.log', LF will be replaced by CRLF the next time Git touches it
warning: in the working copy of 'docs/artifacts/d1570d4a-7e77-4943-be86-03b12ead8792/.system_generated/tasks/task-1483.log', LF will be replaced by CRLF the next time Git touches it
warning: in the working copy of 'docs/artifacts/d1570d4a-7e77-4943-be86-03b12ead8792/.system_generated/tasks/task-1505.log', LF will be replaced by CRLF the next time Git touches it
warning: in the working copy of 'docs/artifacts/d1570d4a-7e77-4943-be86-03b12ead8792/.system_generated/tasks/task-1542.log', LF will be replaced by CRLF the next time Git touches it
warning: in the working copy of 'docs/artifacts/d1570d4a-7e77-4943-be86-03b12ead8792/.system_generated/tasks/task-1657.log', LF will be replaced by CRLF the next time Git touches it
warning: in the working copy of 'docs/artifacts/d1570d4a-7e77-4943-be86-03b12ead8792/.system_generated/tasks/task-1682.log', LF will be replaced by CRLF the next time Git touches it
warning: in the working copy of 'docs/artifacts/d1570d4a-7e77-4943-be86-03b12ead8792/.system_generated/tasks/task-1705.log', LF will be replaced by CRLF the next time Git touches it
warning: in the working copy of 'docs/artifacts/d1570d4a-7e77-4943-be86-03b12ead8792/.system_generated/tasks/task-1746.log', LF will be replaced by CRLF the next time Git touches it
warning: in the working copy of 'docs/artifacts/d1570d4a-7e77-4943-be86-03b12ead8792/.system_generated/tasks/task-1759.log', LF will be replaced by CRLF the next time Git touches it
warning: in the working copy of 'docs/artifacts/d1570d4a-7e77-4943-be86-03b12ead8792/.system_generated/tasks/task-1768.log', LF will be replaced by CRLF the next time Git touches it
warning: in the working copy of 'docs/artifacts/d1570d4a-7e77-4943-be86-03b12ead8792/.system_generated/tasks/task-1804.log', LF will be replaced by CRLF the next time Git touches it
warning: in the working copy of 'docs/artifacts/d1570d4a-7e77-4943-be86-03b12ead8792/.system_generated/tasks/task-1824.log', LF will be replaced by CRLF the next time Git touches it
warning: in the working copy of 'docs/artifacts/d1570d4a-7e77-4943-be86-03b12ead8792/.system_generated/tasks/task-1975.log', LF will be replaced by CRLF the next time Git touches it
warning: in the working copy of 'docs/artifacts/d1570d4a-7e77-4943-be86-03b12ead8792/.system_generated/tasks/task-2105.log', LF will be replaced by CRLF the next time Git touches it
warning: in the working copy of 'docs/artifacts/d1570d4a-7e77-4943-be86-03b12ead8792/.system_generated/tasks/task-2234.log', LF will be replaced by CRLF the next time Git touches it
warning: in the working copy of 'docs/artifacts/d1570d4a-7e77-4943-be86-03b12ead8792/.system_generated/tasks/task-228.log', LF will be replaced by CRLF the next time Git touches it
warning: in the working copy of 'docs/artifacts/d1570d4a-7e77-4943-be86-03b12ead8792/.system_generated/tasks/task-2286.log', LF will be replaced by CRLF the next time Git touches it
warning: in the working copy of 'docs/artifacts/d1570d4a-7e77-4943-be86-03b12ead8792/.system_generated/tasks/task-2326.log', LF will be replaced by CRLF the next time Git touches it
warning: in the working copy of 'docs/artifacts/d1570d4a-7e77-4943-be86-03b12ead8792/.system_generated/tasks/task-2345.log', LF will be replaced by CRLF the next time Git touches it
warning: in the working copy of 'docs/artifacts/d1570d4a-7e77-4943-be86-03b12ead8792/.system_generated/tasks/task-2358.log', LF will be replaced by CRLF the next time Git touches it
warning: in the working copy of 'docs/artifacts/d1570d4a-7e77-4943-be86-03b12ead8792/.system_generated/tasks/task-2392.log', LF will be replaced by CRLF the next time Git touches it
warning: in the working copy of 'docs/artifacts/d1570d4a-7e77-4943-be86-03b12ead8792/.system_generated/tasks/task-2427.log', LF will be replaced by CRLF the next time Git touches it
warning: in the working copy of 'docs/artifacts/d1570d4a-7e77-4943-be86-03b12ead8792/.system_generated/tasks/task-243.log', LF will be replaced by CRLF the next time Git touches it
warning: in the working copy of 'docs/artifacts/d1570d4a-7e77-4943-be86-03b12ead8792/.system_generated/tasks/task-2473.log', LF will be replaced by CRLF the next time Git touches it
warning: in the working copy of 'docs/artifacts/d1570d4a-7e77-4943-be86-03b12ead8792/.system_generated/tasks/task-2500.log', LF will be replaced by CRLF the next time Git touches it
warning: in the working copy of 'docs/artifacts/d1570d4a-7e77-4943-be86-03b12ead8792/.system_generated/tasks/task-252.log', LF will be replaced by CRLF the next time Git touches it
warning: in the working copy of 'docs/artifacts/d1570d4a-7e77-4943-be86-03b12ead8792/.system_generated/tasks/task-2526.log', LF will be replaced by CRLF the next time Git touches it
warning: in the working copy of 'docs/artifacts/d1570d4a-7e77-4943-be86-03b12ead8792/.system_generated/tasks/task-2553.log', LF will be replaced by CRLF the next time Git touches it
warning: in the working copy of 'docs/artifacts/d1570d4a-7e77-4943-be86-03b12ead8792/.system_generated/tasks/task-2688.log', LF will be replaced by CRLF the next time Git touches it
warning: in the working copy of 'docs/artifacts/d1570d4a-7e77-4943-be86-03b12ead8792/.system_generated/tasks/task-2694.log', LF will be replaced by CRLF the next time Git touches it
warning: in the working copy of 'docs/artifacts/d1570d4a-7e77-4943-be86-03b12ead8792/.system_generated/tasks/task-270.log', LF will be replaced by CRLF the next time Git touches it
warning: in the working copy of 'docs/artifacts/d1570d4a-7e77-4943-be86-03b12ead8792/.system_generated/tasks/task-290.log', LF will be replaced by CRLF the next time Git touches it
warning: in the working copy of 'docs/artifacts/d1570d4a-7e77-4943-be86-03b12ead8792/.system_generated/tasks/task-304.log', LF will be replaced by CRLF the next time Git touches it
warning: in the working copy of 'docs/artifacts/d1570d4a-7e77-4943-be86-03b12ead8792/.system_generated/tasks/task-359.log', LF will be replaced by CRLF the next time Git touches it
warning: in the working copy of 'docs/artifacts/d1570d4a-7e77-4943-be86-03b12ead8792/.system_generated/tasks/task-373.log', LF will be replaced by CRLF the next time Git touches it
warning: in the working copy of 'docs/artifacts/d1570d4a-7e77-4943-be86-03b12ead8792/.system_generated/tasks/task-381.log', LF will be replaced by CRLF the next time Git touches it
warning: in the working copy of 'docs/artifacts/d1570d4a-7e77-4943-be86-03b12ead8792/.system_generated/tasks/task-397.log', LF will be replaced by CRLF the next time Git touches it
warning: in the working copy of 'docs/artifacts/d1570d4a-7e77-4943-be86-03b12ead8792/.system_generated/tasks/task-422.log', LF will be replaced by CRLF the next time Git touches it
warning: in the working copy of 'docs/artifacts/d1570d4a-7e77-4943-be86-03b12ead8792/.system_generated/tasks/task-455.log', LF will be replaced by CRLF the next time Git touches it
warning: in the working copy of 'docs/artifacts/d1570d4a-7e77-4943-be86-03b12ead8792/.system_generated/tasks/task-463.log', LF will be replaced by CRLF the next time Git touches it
warning: in the working copy of 'docs/artifacts/d1570d4a-7e77-4943-be86-03b12ead8792/.system_generated/tasks/task-477.log', LF will be replaced by CRLF the next time Git touches it
warning: in the working copy of 'docs/artifacts/d1570d4a-7e77-4943-be86-03b12ead8792/.system_generated/tasks/task-511.log', LF will be replaced by CRLF the next time Git touches it
warning: in the working copy of 'docs/artifacts/d1570d4a-7e77-4943-be86-03b12ead8792/.system_generated/tasks/task-530.log', LF will be replaced by CRLF the next time Git touches it
warning: in the working copy of 'docs/artifacts/d1570d4a-7e77-4943-be86-03b12ead8792/.system_generated/tasks/task-569.log', LF will be replaced by CRLF the next time Git touches it
warning: in the working copy of 'docs/artifacts/d1570d4a-7e77-4943-be86-03b12ead8792/.system_generated/tasks/task-57.log', LF will be replaced by CRLF the next time Git touches it
warning: in the working copy of 'docs/artifacts/d1570d4a-7e77-4943-be86-03b12ead8792/.system_generated/tasks/task-584.log', LF will be replaced by CRLF the next time Git touches it
warning: in the working copy of 'docs/artifacts/d1570d4a-7e77-4943-be86-03b12ead8792/.system_generated/tasks/task-607.log', LF will be replaced by CRLF the next time Git touches it
warning: in the working copy of 'docs/artifacts/d1570d4a-7e77-4943-be86-03b12ead8792/.system_generated/tasks/task-632.log', LF will be replaced by CRLF the next time Git touches it
warning: in the working copy of 'docs/artifacts/d1570d4a-7e77-4943-be86-03b12ead8792/.system_generated/tasks/task-705.log', LF will be replaced by CRLF the next time Git touches it
warning: in the working copy of 'docs/artifacts/d1570d4a-7e77-4943-be86-03b12ead8792/.system_generated/tasks/task-720.log', LF will be replaced by CRLF the next time Git touches it
warning: in the working copy of 'docs/artifacts/d1570d4a-7e77-4943-be86-03b12ead8792/.system_generated/tasks/task-740.log', LF will be replaced by CRLF the next time Git touches it
warning: in the working copy of 'docs/artifacts/d1570d4a-7e77-4943-be86-03b12ead8792/.system_generated/tasks/task-779.log', LF will be replaced by CRLF the next time Git touches it
warning: in the working copy of 'docs/artifacts/d1570d4a-7e77-4943-be86-03b12ead8792/.system_generated/tasks/task-94.log', LF will be replaced by CRLF the next time Git touches it
warning: in the working copy of 'docs/artifacts/d1570d4a-7e77-4943-be86-03b12ead8792/.system_generated/tasks/task-956.log', LF will be replaced by CRLF the next time Git touches it
warning: in the working copy of 'docs/artifacts/d1570d4a-7e77-4943-be86-03b12ead8792/browser/scratchpad_2e07b444.md', LF will be replaced by CRLF the next time Git touches it
warning: in the working copy of 'docs/artifacts/d1570d4a-7e77-4943-be86-03b12ead8792/browser/scratchpad_35qmfv2b.md', LF will be replaced by CRLF the next time Git touches it
warning: in the working copy of 'docs/artifacts/d1570d4a-7e77-4943-be86-03b12ead8792/browser/scratchpad_b06zdqlq.md', LF will be replaced by CRLF the next time Git touches it
warning: in the working copy of 'docs/artifacts/d1570d4a-7e77-4943-be86-03b12ead8792/browser/scratchpad_d8uqt4pk.md', LF will be replaced by CRLF the next time Git touches it
warning: in the working copy of 'docs/artifacts/d1570d4a-7e77-4943-be86-03b12ead8792/browser/scratchpad_h06zxf49.md', LF will be replaced by CRLF the next time Git touches it
warning: in the working copy of 'docs/artifacts/d1570d4a-7e77-4943-be86-03b12ead8792/graphify_batch_plan.md', LF will be replaced by CRLF the next time Git touches it
warning: in the working copy of 'docs/artifacts/d1570d4a-7e77-4943-be86-03b12ead8792/graphify_batch_plan.md.metadata.json', LF will be replaced by CRLF the next time Git touches it
warning: in the working copy of 'docs/artifacts/d4315882-d6f8-4019-8995-a65ccb637909/.tempmediaStorage/dom_1772254987778.txt', LF will be replaced by CRLF the next time Git touches it
warning: in the working copy of 'docs/artifacts/d4315882-d6f8-4019-8995-a65ccb637909/.tempmediaStorage/dom_1772254996106.txt', LF will be replaced by CRLF the next time Git touches it
warning: in the working copy of 'docs/artifacts/d4315882-d6f8-4019-8995-a65ccb637909/.tempmediaStorage/dom_1772255003409.txt', LF will be replaced by CRLF the next time Git touches it
warning: in the working copy of 'docs/artifacts/d4315882-d6f8-4019-8995-a65ccb637909/.tempmediaStorage/dom_1772255185350.txt', LF will be replaced by CRLF the next time Git touches it
warning: in the working copy of 'docs/artifacts/d4315882-d6f8-4019-8995-a65ccb637909/.tempmediaStorage/dom_1772255190885.txt', LF will be replaced by CRLF the next time Git touches it
warning: in the working copy of 'docs/artifacts/d4315882-d6f8-4019-8995-a65ccb637909/browser/scratchpad_2659n5r3.md.resolved.0', LF will be replaced by CRLF the next time Git touches it
warning: in the working copy of 'docs/artifacts/d4315882-d6f8-4019-8995-a65ccb637909/implementation_plan.md.metadata.json', LF will be replaced by CRLF the next time Git touches it
warning: in the working copy of 'docs/artifacts/d4315882-d6f8-4019-8995-a65ccb637909/implementation_plan.md.resolved', LF will be replaced by CRLF the next time Git touches it
warning: in the working copy of 'docs/artifacts/d4315882-d6f8-4019-8995-a65ccb637909/implementation_plan.md.resolved.0', LF will be replaced by CRLF the next time Git touches it
warning: in the working copy of 'docs/artifacts/d4315882-d6f8-4019-8995-a65ccb637909/implementation_plan.md.resolved.1', LF will be replaced by CRLF the next time Git touches it
warning: in the working copy of 'docs/artifacts/d4315882-d6f8-4019-8995-a65ccb637909/implementation_plan.md.resolved.10', LF will be replaced by CRLF the next time Git touches it
warning: in the working copy of 'docs/artifacts/d4315882-d6f8-4019-8995-a65ccb637909/implementation_plan.md.resolved.11', LF will be replaced by CRLF the next time Git touches it
warning: in the working copy of 'docs/artifacts/d4315882-d6f8-4019-8995-a65ccb637909/implementation_plan.md.resolved.12', LF will be replaced by CRLF the next time Git touches it
warning: in the working copy of 'docs/artifacts/d4315882-d6f8-4019-8995-a65ccb637909/implementation_plan.md.resolved.9', LF will be replaced by CRLF the next time Git touches it
warning: in the working copy of 'docs/artifacts/d4315882-d6f8-4019-8995-a65ccb637909/local_first_analysis.md.metadata.json', LF will be replaced by CRLF the next time Git touches it
warning: in the working copy of 'docs/artifacts/d4315882-d6f8-4019-8995-a65ccb637909/local_first_analysis.md.resolved', LF will be replaced by CRLF the next time Git touches it
warning: in the working copy of 'docs/artifacts/d4315882-d6f8-4019-8995-a65ccb637909/local_first_analysis.md.resolved.0', LF will be replaced by CRLF the next time Git touches it
warning: in the working copy of 'docs/artifacts/d4315882-d6f8-4019-8995-a65ccb637909/resume.md.metadata.json', LF will be replaced by CRLF the next time Git touches it
warning: in the working copy of 'docs/artifacts/d4315882-d6f8-4019-8995-a65ccb637909/resume.md.resolved', LF will be replaced by CRLF the next time Git touches it
warning: in the working copy of 'docs/artifacts/d4315882-d6f8-4019-8995-a65ccb637909/resume.md.resolved.0', LF will be replaced by CRLF the next time Git touches it
warning: in the working copy of 'docs/artifacts/d4315882-d6f8-4019-8995-a65ccb637909/task.md.metadata.json', LF will be replaced by CRLF the next time Git touches it
warning: in the working copy of 'docs/artifacts/d4315882-d6f8-4019-8995-a65ccb637909/task.md.resolved.0', LF will be replaced by CRLF the next time Git touches it
warning: in the working copy of 'docs/artifacts/d4315882-d6f8-4019-8995-a65ccb637909/task.md.resolved.10', LF will be replaced by CRLF the next time Git touches it
warning: in the working copy of 'docs/artifacts/d4315882-d6f8-4019-8995-a65ccb637909/task.md.resolved.11', LF will be replaced by CRLF the next time Git touches it
warning: in the working copy of 'docs/artifacts/d4315882-d6f8-4019-8995-a65ccb637909/task.md.resolved.18', LF will be replaced by CRLF the next time Git touches it
warning: in the working copy of 'docs/artifacts/d4315882-d6f8-4019-8995-a65ccb637909/task.md.resolved.28', LF will be replaced by CRLF the next time Git touches it
warning: in the working copy of 'docs/artifacts/d4315882-d6f8-4019-8995-a65ccb637909/task.md.resolved.3', LF will be replaced by CRLF the next time Git touches it
warning: in the working copy of 'docs/artifacts/d4315882-d6f8-4019-8995-a65ccb637909/task.md.resolved.4', LF will be replaced by CRLF the next time Git touches it
warning: in the working copy of 'docs/artifacts/d4315882-d6f8-4019-8995-a65ccb637909/task.md.resolved.5', LF will be replaced by CRLF the next time Git touches it
warning: in the working copy of 'docs/artifacts/d4315882-d6f8-4019-8995-a65ccb637909/task.md.resolved.8', LF will be replaced by CRLF the next time Git touches it
warning: in the working copy of 'docs/artifacts/d4315882-d6f8-4019-8995-a65ccb637909/walkthrough.md.metadata.json', LF will be replaced by CRLF the next time Git touches it
warning: in the working copy of 'docs/artifacts/d4315882-d6f8-4019-8995-a65ccb637909/walkthrough.md.resolved.0', LF will be replaced by CRLF the next time Git touches it
warning: in the working copy of 'docs/artifacts/d4315882-d6f8-4019-8995-a65ccb637909/walkthrough.md.resolved.1', LF will be replaced by CRLF the next time Git touches it
warning: in the working copy of 'docs/artifacts/d4315882-d6f8-4019-8995-a65ccb637909/walkthrough.md.resolved.10', LF will be replaced by CRLF the next time Git touches it
warning: in the working copy of 'docs/artifacts/d4315882-d6f8-4019-8995-a65ccb637909/walkthrough.md.resolved.12', LF will be replaced by CRLF the next time Git touches it
warning: in the working copy of 'docs/artifacts/d4315882-d6f8-4019-8995-a65ccb637909/walkthrough.md.resolved.15', LF will be replaced by CRLF the next time Git touches it
warning: in the working copy of 'docs/artifacts/d4315882-d6f8-4019-8995-a65ccb637909/walkthrough.md.resolved.5', LF will be replaced by CRLF the next time Git touches it
warning: in the working copy of 'docs/artifacts/d4315882-d6f8-4019-8995-a65ccb637909/walkthrough.md.resolved.6', LF will be replaced by CRLF the next time Git touches it
warning: in the working copy of 'docs/artifacts/d4315882-d6f8-4019-8995-a65ccb637909/walkthrough.md.resolved.8', LF will be replaced by CRLF the next time Git touches it
warning: in the working copy of 'docs/artifacts/d4315882-d6f8-4019-8995-a65ccb637909/walkthrough.md.resolved.9', LF will be replaced by CRLF the next time Git touches it
warning: in the working copy of 'docs/artifacts/d7172ece-0a5b-4342-961a-849ca94bb746/YOLO_apk_patch.md', LF will be replaced by CRLF the next time Git touches it
warning: in the working copy of 'docs/artifacts/d7172ece-0a5b-4342-961a-849ca94bb746/YOLO_apk_patch.md.metadata.json', LF will be replaced by CRLF the next time Git touches it
warning: in the working copy of 'docs/artifacts/d7172ece-0a5b-4342-961a-849ca94bb746/YOLO_apk_patch.md.resolved', LF will be replaced by CRLF the next time Git touches it
warning: in the working copy of 'docs/artifacts/d7172ece-0a5b-4342-961a-849ca94bb746/YOLO_apk_patch.md.resolved.0', LF will be replaced by CRLF the next time Git touches it
warning: in the working copy of 'docs/artifacts/d7172ece-0a5b-4342-961a-849ca94bb746/hitman_report.md', LF will be replaced by CRLF the next time Git touches it
warning: in the working copy of 'docs/artifacts/d7172ece-0a5b-4342-961a-849ca94bb746/hitman_report.md.metadata.json', LF will be replaced by CRLF the next time Git touches it
warning: in the working copy of 'docs/artifacts/d7172ece-0a5b-4342-961a-849ca94bb746/hitman_report.md.resolved', LF will be replaced by CRLF the next time Git touches it
warning: in the working copy of 'docs/artifacts/d7172ece-0a5b-4342-961a-849ca94bb746/hitman_report.md.resolved.0', LF will be replaced by CRLF the next time Git touches it
warning: in the working copy of 'docs/artifacts/d7172ece-0a5b-4342-961a-849ca94bb746/implementation_plan.md', LF will be replaced by CRLF the next time Git touches it
warning: in the working copy of 'docs/artifacts/d7172ece-0a5b-4342-961a-849ca94bb746/implementation_plan.md.metadata.json', LF will be replaced by CRLF the next time Git touches it
warning: in the working copy of 'docs/artifacts/d7172ece-0a5b-4342-961a-849ca94bb746/implementation_plan.md.resolved', LF will be replaced by CRLF the next time Git touches it
warning: in the working copy of 'docs/artifacts/d7172ece-0a5b-4342-961a-849ca94bb746/implementation_plan.md.resolved.0', LF will be replaced by CRLF the next time Git touches it
warning: in the working copy of 'docs/artifacts/d7172ece-0a5b-4342-961a-849ca94bb746/implementation_plan.md.resolved.4', LF will be replaced by CRLF the next time Git touches it
warning: in the working copy of 'docs/artifacts/d7172ece-0a5b-4342-961a-849ca94bb746/task.md', LF will be replaced by CRLF the next time Git touches it
warning: in the working copy of 'docs/artifacts/d7172ece-0a5b-4342-961a-849ca94bb746/task.md.metadata.json', LF will be replaced by CRLF the next time Git touches it
warning: in the working copy of 'docs/artifacts/d7172ece-0a5b-4342-961a-849ca94bb746/task.md.resolved', LF will be replaced by CRLF the next time Git touches it
warning: in the working copy of 'docs/artifacts/d7172ece-0a5b-4342-961a-849ca94bb746/task.md.resolved.0', LF will be replaced by CRLF the next time Git touches it
warning: in the working copy of 'docs/artifacts/d7172ece-0a5b-4342-961a-849ca94bb746/task.md.resolved.10', LF will be replaced by CRLF the next time Git touches it
warning: in the working copy of 'docs/artifacts/d7172ece-0a5b-4342-961a-849ca94bb746/task.md.resolved.11', LF will be replaced by CRLF the next time Git touches it
warning: in the working copy of 'docs/artifacts/d7172ece-0a5b-4342-961a-849ca94bb746/task.md.resolved.12', LF will be replaced by CRLF the next time Git touches it
warning: in the working copy of 'docs/artifacts/d7172ece-0a5b-4342-961a-849ca94bb746/task.md.resolved.13', LF will be replaced by CRLF the next time Git touches it
warning: in the working copy of 'docs/artifacts/d7172ece-0a5b-4342-961a-849ca94bb746/task.md.resolved.14', LF will be replaced by CRLF the next time Git touches it
warning: in the working copy of 'docs/artifacts/d7172ece-0a5b-4342-961a-849ca94bb746/task.md.resolved.15', LF will be replaced by CRLF the next time Git touches it
warning: in the working copy of 'docs/artifacts/d7172ece-0a5b-4342-961a-849ca94bb746/task.md.resolved.9', LF will be replaced by CRLF the next time Git touches it
warning: in the working copy of 'docs/artifacts/d7172ece-0a5b-4342-961a-849ca94bb746/walkthrough.md', LF will be replaced by CRLF the next time Git touches it
warning: in the working copy of 'docs/artifacts/d7172ece-0a5b-4342-961a-849ca94bb746/walkthrough.md.metadata.json', LF will be replaced by CRLF the next time Git touches it
warning: in the working copy of 'docs/artifacts/d7172ece-0a5b-4342-961a-849ca94bb746/walkthrough.md.resolved', LF will be replaced by CRLF the next time Git touches it
warning: in the working copy of 'docs/artifacts/d7172ece-0a5b-4342-961a-849ca94bb746/walkthrough.md.resolved.0', LF will be replaced by CRLF the next time Git touches it
warning: in the working copy of 'docs/artifacts/d7172ece-0a5b-4342-961a-849ca94bb746/walkthrough.md.resolved.2', LF will be replaced by CRLF the next time Git touches it
warning: in the working copy of 'docs/artifacts/d88c2400-e421-4a33-aa1b-49cb7f2b7852/.tempmediaStorage/dom_1774125178097.txt', LF will be replaced by CRLF the next time Git touches it
warning: in the working copy of 'docs/artifacts/d88c2400-e421-4a33-aa1b-49cb7f2b7852/.tempmediaStorage/dom_1774125185775.txt', LF will be replaced by CRLF the next time Git touches it
warning: in the working copy of 'docs/artifacts/d88c2400-e421-4a33-aa1b-49cb7f2b7852/.tempmediaStorage/dom_1774125191350.txt', LF will be replaced by CRLF the next time Git touches it
warning: in the working copy of 'docs/artifacts/d88c2400-e421-4a33-aa1b-49cb7f2b7852/.tempmediaStorage/dom_1774125197916.txt', LF will be replaced by CRLF the next time Git touches it
warning: in the working copy of 'docs/artifacts/d88c2400-e421-4a33-aa1b-49cb7f2b7852/.tempmediaStorage/dom_1774125205541.txt', LF will be replaced by CRLF the next time Git touches it
warning: in the working copy of 'docs/artifacts/d88c2400-e421-4a33-aa1b-49cb7f2b7852/.tempmediaStorage/dom_1774125210491.txt', LF will be replaced by CRLF the next time Git touches it
warning: in the working copy of 'docs/artifacts/d88c2400-e421-4a33-aa1b-49cb7f2b7852/.tempmediaStorage/dom_1774125218260.txt', LF will be replaced by CRLF the next time Git touches it
warning: in the working copy of 'docs/artifacts/d88c2400-e421-4a33-aa1b-49cb7f2b7852/.tempmediaStorage/dom_1774125223431.txt', LF will be replaced by CRLF the next time Git touches it
warning: in the working copy of 'docs/artifacts/d88c2400-e421-4a33-aa1b-49cb7f2b7852/.tempmediaStorage/dom_1774125229225.txt', LF will be replaced by CRLF the next time Git touches it
warning: in the working copy of 'docs/artifacts/d88c2400-e421-4a33-aa1b-49cb7f2b7852/.tempmediaStorage/dom_1774125236032.txt', LF will be replaced by CRLF the next time Git touches it
warning: in the working copy of 'docs/artifacts/d88c2400-e421-4a33-aa1b-49cb7f2b7852/.tempmediaStorage/dom_1774125243840.txt', LF will be replaced by CRLF the next time Git touches it
warning: in the working copy of 'docs/artifacts/d88c2400-e421-4a33-aa1b-49cb7f2b7852/.tempmediaStorage/dom_1774125249992.txt', LF will be replaced by CRLF the next time Git touches it
warning: in the working copy of 'docs/artifacts/d88c2400-e421-4a33-aa1b-49cb7f2b7852/.tempmediaStorage/dom_1774125257159.txt', LF will be replaced by CRLF the next time Git touches it
warning: in the working copy of 'docs/artifacts/d88c2400-e421-4a33-aa1b-49cb7f2b7852/.tempmediaStorage/dom_1774125677988.txt', LF will be replaced by CRLF the next time Git touches it
warning: in the working copy of 'docs/artifacts/d88c2400-e421-4a33-aa1b-49cb7f2b7852/.tempmediaStorage/dom_1774125683684.txt', LF will be replaced by CRLF the next time Git touches it
warning: in the working copy of 'docs/artifacts/d88c2400-e421-4a33-aa1b-49cb7f2b7852/.tempmediaStorage/dom_1774125693810.txt', LF will be replaced by CRLF the next time Git touches it
warning: in the working copy of 'docs/artifacts/d88c2400-e421-4a33-aa1b-49cb7f2b7852/.tempmediaStorage/dom_1774125700383.txt', LF will be replaced by CRLF the next time Git touches it
warning: in the working copy of 'docs/artifacts/d88c2400-e421-4a33-aa1b-49cb7f2b7852/.tempmediaStorage/dom_1774125976639.txt', LF will be replaced by CRLF the next time Git touches it
warning: in the working copy of 'docs/artifacts/d88c2400-e421-4a33-aa1b-49cb7f2b7852/.tempmediaStorage/dom_1774125983587.txt', LF will be replaced by CRLF the next time Git touches it
warning: in the working copy of 'docs/artifacts/d88c2400-e421-4a33-aa1b-49cb7f2b7852/.tempmediaStorage/dom_1774125983649.txt', LF will be replaced by CRLF the next time Git touches it
warning: in the working copy of 'docs/artifacts/d88c2400-e421-4a33-aa1b-49cb7f2b7852/.tempmediaStorage/dom_1774125992786.txt', LF will be replaced by CRLF the next time Git touches it
warning: in the working copy of 'docs/artifacts/d88c2400-e421-4a33-aa1b-49cb7f2b7852/.tempmediaStorage/dom_1774125999077.txt', LF will be replaced by CRLF the next time Git touches it
warning: in the working copy of 'docs/artifacts/d88c2400-e421-4a33-aa1b-49cb7f2b7852/.tempmediaStorage/dom_1774126007414.txt', LF will be replaced by CRLF the next time Git touches it
warning: in the working copy of 'docs/artifacts/d88c2400-e421-4a33-aa1b-49cb7f2b7852/.tempmediaStorage/dom_1774126016524.txt', LF will be replaced by CRLF the next time Git touches it
warning: in the working copy of 'docs/artifacts/d88c2400-e421-4a33-aa1b-49cb7f2b7852/.tempmediaStorage/dom_1774126024927.txt', LF will be replaced by CRLF the next time Git touches it
warning: in the working copy of 'docs/artifacts/d88c2400-e421-4a33-aa1b-49cb7f2b7852/.tempmediaStorage/dom_1774126032943.txt', LF will be replaced by CRLF the next time Git touches it
warning: in the working copy of 'docs/artifacts/d88c2400-e421-4a33-aa1b-49cb7f2b7852/.tempmediaStorage/dom_1774126037877.txt', LF will be replaced by CRLF the next time Git touches it
warning: in the working copy of 'docs/artifacts/d88c2400-e421-4a33-aa1b-49cb7f2b7852/.tempmediaStorage/dom_1774126046368.txt', LF will be replaced by CRLF the next time Git touches it
warning: in the working copy of 'docs/artifacts/d88c2400-e421-4a33-aa1b-49cb7f2b7852/.tempmediaStorage/dom_1774126747195.txt', LF will be replaced by CRLF the next time Git touches it
warning: in the working copy of 'docs/artifacts/d88c2400-e421-4a33-aa1b-49cb7f2b7852/.tempmediaStorage/dom_1774126777468.txt', LF will be replaced by CRLF the next time Git touches it
warning: in the working copy of 'docs/artifacts/d88c2400-e421-4a33-aa1b-49cb7f2b7852/.tempmediaStorage/dom_1774126786790.txt', LF will be replaced by CRLF the next time Git touches it
warning: in the working copy of 'docs/artifacts/d88c2400-e421-4a33-aa1b-49cb7f2b7852/.tempmediaStorage/dom_1774126802857.txt', LF will be replaced by CRLF the next time Git touches it
warning: in the working copy of 'docs/artifacts/d88c2400-e421-4a33-aa1b-49cb7f2b7852/.tempmediaStorage/dom_1774126810511.txt', LF will be replaced by CRLF the next time Git touches it
warning: in the working copy of 'docs/artifacts/d88c2400-e421-4a33-aa1b-49cb7f2b7852/.tempmediaStorage/dom_1774126817266.txt', LF will be replaced by CRLF the next time Git touches it
warning: in the working copy of 'docs/artifacts/d88c2400-e421-4a33-aa1b-49cb7f2b7852/.tempmediaStorage/dom_1774126824004.txt', LF will be replaced by CRLF the next time Git touches it
warning: in the working copy of 'docs/artifacts/d88c2400-e421-4a33-aa1b-49cb7f2b7852/.tempmediaStorage/dom_1774126829654.txt', LF will be replaced by CRLF the next time Git touches it
warning: in the working copy of 'docs/artifacts/d88c2400-e421-4a33-aa1b-49cb7f2b7852/.tempmediaStorage/dom_1774127189390.txt', LF will be replaced by CRLF the next time Git touches it
warning: in the working copy of 'docs/artifacts/d88c2400-e421-4a33-aa1b-49cb7f2b7852/.tempmediaStorage/dom_1774127189612.txt', LF will be replaced by CRLF the next time Git touches it
warning: in the working copy of 'docs/artifacts/d88c2400-e421-4a33-aa1b-49cb7f2b7852/.tempmediaStorage/dom_1774127195258.txt', LF will be replaced by CRLF the next time Git touches it
warning: in the working copy of 'docs/artifacts/d88c2400-e421-4a33-aa1b-49cb7f2b7852/.tempmediaStorage/dom_1774127200832.txt', LF will be replaced by CRLF the next time Git touches it
warning: in the working copy of 'docs/artifacts/d88c2400-e421-4a33-aa1b-49cb7f2b7852/.tempmediaStorage/dom_1774127201246.txt', LF will be replaced by CRLF the next time Git touches it
warning: in the working copy of 'docs/artifacts/d88c2400-e421-4a33-aa1b-49cb7f2b7852/.tempmediaStorage/dom_1774127208008.txt', LF will be replaced by CRLF the next time Git touches it
warning: in the working copy of 'docs/artifacts/d88c2400-e421-4a33-aa1b-49cb7f2b7852/.tempmediaStorage/dom_1774127213613.txt', LF will be replaced by CRLF the next time Git touches it
warning: in the working copy of 'docs/artifacts/d88c2400-e421-4a33-aa1b-49cb7f2b7852/.tempmediaStorage/dom_1774127218831.txt', LF will be replaced by CRLF the next time Git touches it
warning: in the working copy of 'docs/artifacts/d88c2400-e421-4a33-aa1b-49cb7f2b7852/.tempmediaStorage/dom_1774127224529.txt', LF will be replaced by CRLF the next time Git touches it
warning: in the working copy of 'docs/artifacts/d88c2400-e421-4a33-aa1b-49cb7f2b7852/.tempmediaStorage/dom_1774127230142.txt', LF will be replaced by CRLF the next time Git touches it
warning: in the working copy of 'docs/artifacts/d88c2400-e421-4a33-aa1b-49cb7f2b7852/.tempmediaStorage/dom_1774127236907.txt', LF will be replaced by CRLF the next time Git touches it
warning: in the working copy of 'docs/artifacts/d88c2400-e421-4a33-aa1b-49cb7f2b7852/.tempmediaStorage/dom_1774127243821.txt', LF will be replaced by CRLF the next time Git touches it
warning: in the working copy of 'docs/artifacts/d88c2400-e421-4a33-aa1b-49cb7f2b7852/.tempmediaStorage/dom_1774127250360.txt', LF will be replaced by CRLF the next time Git touches it
warning: in the working copy of 'docs/artifacts/d88c2400-e421-4a33-aa1b-49cb7f2b7852/.tempmediaStorage/dom_1774127257539.txt', LF will be replaced by CRLF the next time Git touches it
warning: in the working copy of 'docs/artifacts/d88c2400-e421-4a33-aa1b-49cb7f2b7852/.tempmediaStorage/dom_1774127279983.txt', LF will be replaced by CRLF the next time Git touches it
warning: in the working copy of 'docs/artifacts/d88c2400-e421-4a33-aa1b-49cb7f2b7852/.tempmediaStorage/dom_1774127286490.txt', LF will be replaced by CRLF the next time Git touches it
warning: in the working copy of 'docs/artifacts/d88c2400-e421-4a33-aa1b-49cb7f2b7852/.tempmediaStorage/dom_1774127296682.txt', LF will be replaced by CRLF the next time Git touches it
warning: in the working copy of 'docs/artifacts/d88c2400-e421-4a33-aa1b-49cb7f2b7852/.tempmediaStorage/dom_1774127311690.txt', LF will be replaced by CRLF the next time Git touches it
warning: in the working copy of 'docs/artifacts/d88c2400-e421-4a33-aa1b-49cb7f2b7852/.tempmediaStorage/dom_1774127337393.txt', LF will be replaced by CRLF the next time Git touches it
warning: in the working copy of 'docs/artifacts/d88c2400-e421-4a33-aa1b-49cb7f2b7852/.tempmediaStorage/dom_1774127344801.txt', LF will be replaced by CRLF the next time Git touches it
warning: in the working copy of 'docs/artifacts/d88c2400-e421-4a33-aa1b-49cb7f2b7852/.tempmediaStorage/dom_1774127358730.txt', LF will be replaced by CRLF the next time Git touches it
warning: in the working copy of 'docs/artifacts/d88c2400-e421-4a33-aa1b-49cb7f2b7852/.tempmediaStorage/dom_1774127364424.txt', LF will be replaced by CRLF the next time Git touches it
warning: in the working copy of 'docs/artifacts/d88c2400-e421-4a33-aa1b-49cb7f2b7852/.tempmediaStorage/dom_1774127369549.txt', LF will be replaced by CRLF the next time Git touches it
warning: in the working copy of 'docs/artifacts/d88c2400-e421-4a33-aa1b-49cb7f2b7852/.tempmediaStorage/dom_1774127391053.txt', LF will be replaced by CRLF the next time Git touches it
warning: in the working copy of 'docs/artifacts/d88c2400-e421-4a33-aa1b-49cb7f2b7852/.tempmediaStorage/dom_1774127399321.txt', LF will be replaced by CRLF the next time Git touches it
warning: in the working copy of 'docs/artifacts/d88c2400-e421-4a33-aa1b-49cb7f2b7852/.tempmediaStorage/dom_1774127424315.txt', LF will be replaced by CRLF the next time Git touches it
warning: in the working copy of 'docs/artifacts/d88c2400-e421-4a33-aa1b-49cb7f2b7852/.tempmediaStorage/dom_1774127449166.txt', LF will be replaced by CRLF the next time Git touches it
warning: in the working copy of 'docs/artifacts/d88c2400-e421-4a33-aa1b-49cb7f2b7852/.tempmediaStorage/dom_1774127455769.txt', LF will be replaced by CRLF the next time Git touches it
warning: in the working copy of 'docs/artifacts/d88c2400-e421-4a33-aa1b-49cb7f2b7852/.tempmediaStorage/dom_1774127462951.txt', LF will be replaced by CRLF the next time Git touches it
warning: in the working copy of 'docs/artifacts/d88c2400-e421-4a33-aa1b-49cb7f2b7852/.tempmediaStorage/dom_1774127526138.txt', LF will be replaced by CRLF the next time Git touches it
warning: in the working copy of 'docs/artifacts/d88c2400-e421-4a33-aa1b-49cb7f2b7852/.tempmediaStorage/dom_1774127526333.txt', LF will be replaced by CRLF the next time Git touches it
warning: in the working copy of 'docs/artifacts/d88c2400-e421-4a33-aa1b-49cb7f2b7852/.tempmediaStorage/dom_1774127534957.txt', LF will be replaced by CRLF the next time Git touches it
warning: in the working copy of 'docs/artifacts/d88c2400-e421-4a33-aa1b-49cb7f2b7852/.tempmediaStorage/dom_1774127542374.txt', LF will be replaced by CRLF the next time Git touches it
warning: in the working copy of 'docs/artifacts/d88c2400-e421-4a33-aa1b-49cb7f2b7852/.tempmediaStorage/dom_1774127548873.txt', LF will be replaced by CRLF the next time Git touches it
warning: in the working copy of 'docs/artifacts/d88c2400-e421-4a33-aa1b-49cb7f2b7852/.tempmediaStorage/dom_1774127554684.txt', LF will be replaced by CRLF the next time Git touches it
warning: in the working copy of 'docs/artifacts/d88c2400-e421-4a33-aa1b-49cb7f2b7852/.tempmediaStorage/dom_1774127555110.txt', LF will be replaced by CRLF the next time Git touches it
warning: in the working copy of 'docs/artifacts/d88c2400-e421-4a33-aa1b-49cb7f2b7852/.tempmediaStorage/dom_1774127561571.txt', LF will be replaced by CRLF the next time Git touches it
warning: in the working copy of 'docs/artifacts/d88c2400-e421-4a33-aa1b-49cb7f2b7852/.tempmediaStorage/dom_1774127570738.txt', LF will be replaced by CRLF the next time Git touches it
warning: in the working copy of 'docs/artifacts/d88c2400-e421-4a33-aa1b-49cb7f2b7852/.tempmediaStorage/dom_1774127579422.txt', LF will be replaced by CRLF the next time Git touches it
warning: in the working copy of 'docs/artifacts/d88c2400-e421-4a33-aa1b-49cb7f2b7852/.tempmediaStorage/dom_1774127590007.txt', LF will be replaced by CRLF the next time Git touches it
warning: in the working copy of 'docs/artifacts/d88c2400-e421-4a33-aa1b-49cb7f2b7852/.tempmediaStorage/dom_1774127598982.txt', LF will be replaced by CRLF the next time Git touches it
warning: in the working copy of 'docs/artifacts/d88c2400-e421-4a33-aa1b-49cb7f2b7852/.tempmediaStorage/dom_1774127605274.txt', LF will be replaced by CRLF the next time Git touches it
warning: in the working copy of 'docs/artifacts/d88c2400-e421-4a33-aa1b-49cb7f2b7852/.tempmediaStorage/dom_1774127612162.txt', LF will be replaced by CRLF the next time Git touches it
warning: in the working copy of 'docs/artifacts/d88c2400-e421-4a33-aa1b-49cb7f2b7852/.tempmediaStorage/dom_1774127619587.txt', LF will be replaced by CRLF the next time Git touches it
warning: in the working copy of 'docs/artifacts/d88c2400-e421-4a33-aa1b-49cb7f2b7852/.tempmediaStorage/dom_1774127628827.txt', LF will be replaced by CRLF the next time Git touches it
warning: in the working copy of 'docs/artifacts/d88c2400-e421-4a33-aa1b-49cb7f2b7852/.tempmediaStorage/dom_1774127633859.txt', LF will be replaced by CRLF the next time Git touches it
warning: in the working copy of 'docs/artifacts/d88c2400-e421-4a33-aa1b-49cb7f2b7852/.tempmediaStorage/dom_1774127634056.txt', LF will be replaced by CRLF the next time Git touches it
warning: in the working copy of 'docs/artifacts/d88c2400-e421-4a33-aa1b-49cb7f2b7852/.tempmediaStorage/dom_1774127639235.txt', LF will be replaced by CRLF the next time Git touches it
warning: in the working copy of 'docs/artifacts/d88c2400-e421-4a33-aa1b-49cb7f2b7852/.tempmediaStorage/dom_1774127646821.txt', LF will be replaced by CRLF the next time Git touches it
warning: in the working copy of 'docs/artifacts/d88c2400-e421-4a33-aa1b-49cb7f2b7852/.tempmediaStorage/dom_1774127662744.txt', LF will be replaced by CRLF the next time Git touches it
warning: in the working copy of 'docs/artifacts/d88c2400-e421-4a33-aa1b-49cb7f2b7852/.tempmediaStorage/dom_1774127667728.txt', LF will be replaced by CRLF the next time Git touches it
warning: in the working copy of 'docs/artifacts/d88c2400-e421-4a33-aa1b-49cb7f2b7852/.tempmediaStorage/dom_1774127678599.txt', LF will be replaced by CRLF the next time Git touches it
warning: in the working copy of 'docs/artifacts/d88c2400-e421-4a33-aa1b-49cb7f2b7852/.tempmediaStorage/dom_1774127687341.txt', LF will be replaced by CRLF the next time Git touches it
warning: in the working copy of 'docs/artifacts/d88c2400-e421-4a33-aa1b-49cb7f2b7852/.tempmediaStorage/dom_1774127695845.txt', LF will be replaced by CRLF the next time Git touches it
warning: in the working copy of 'docs/artifacts/d88c2400-e421-4a33-aa1b-49cb7f2b7852/.tempmediaStorage/dom_1774127710557.txt', LF will be replaced by CRLF the next time Git touches it
warning: in the working copy of 'docs/artifacts/d88c2400-e421-4a33-aa1b-49cb7f2b7852/.tempmediaStorage/dom_1774127721316.txt', LF will be replaced by CRLF the next time Git touches it
warning: in the working copy of 'docs/artifacts/d88c2400-e421-4a33-aa1b-49cb7f2b7852/.tempmediaStorage/dom_1774127730159.txt', LF will be replaced by CRLF the next time Git touches it
warning: in the working copy of 'docs/artifacts/d88c2400-e421-4a33-aa1b-49cb7f2b7852/.tempmediaStorage/dom_1774127741130.txt', LF will be replaced by CRLF the next time Git touches it
warning: in the working copy of 'docs/artifacts/d88c2400-e421-4a33-aa1b-49cb7f2b7852/.tempmediaStorage/dom_1774127741411.txt', LF will be replaced by CRLF the next time Git touches it
warning: in the working copy of 'docs/artifacts/d88c2400-e421-4a33-aa1b-49cb7f2b7852/.tempmediaStorage/dom_1774127746171.txt', LF will be replaced by CRLF the next time Git touches it
warning: in the working copy of 'docs/artifacts/d88c2400-e421-4a33-aa1b-49cb7f2b7852/.tempmediaStorage/dom_1774127752671.txt', LF will be replaced by CRLF the next time Git touches it
warning: in the working copy of 'docs/artifacts/d88c2400-e421-4a33-aa1b-49cb7f2b7852/.tempmediaStorage/dom_1774127762420.txt', LF will be replaced by CRLF the next time Git touches it
warning: in the working copy of 'docs/artifacts/d88c2400-e421-4a33-aa1b-49cb7f2b7852/.tempmediaStorage/dom_1774127780400.txt', LF will be replaced by CRLF the next time Git touches it
warning: in the working copy of 'docs/artifacts/d88c2400-e421-4a33-aa1b-49cb7f2b7852/.tempmediaStorage/dom_1774127790457.txt', LF will be replaced by CRLF the next time Git touches it
warning: in the working copy of 'docs/artifacts/d88c2400-e421-4a33-aa1b-49cb7f2b7852/.tempmediaStorage/dom_1774127798749.txt', LF will be replaced by CRLF the next time Git touches it
warning: in the working copy of 'docs/artifacts/d88c2400-e421-4a33-aa1b-49cb7f2b7852/.tempmediaStorage/dom_1774127807246.txt', LF will be replaced by CRLF the next time Git touches it
warning: in the working copy of 'docs/artifacts/d88c2400-e421-4a33-aa1b-49cb7f2b7852/.tempmediaStorage/dom_1774127811885.txt', LF will be replaced by CRLF the next time Git touches it
warning: in the working copy of 'docs/artifacts/d88c2400-e421-4a33-aa1b-49cb7f2b7852/.tempmediaStorage/dom_1774127817511.txt', LF will be replaced by CRLF the next time Git touches it
warning: in the working copy of 'docs/artifacts/d88c2400-e421-4a33-aa1b-49cb7f2b7852/.tempmediaStorage/dom_1774127823397.txt', LF will be replaced by CRLF the next time Git touches it
warning: in the working copy of 'docs/artifacts/d88c2400-e421-4a33-aa1b-49cb7f2b7852/.tempmediaStorage/dom_1774127831300.txt', LF will be replaced by CRLF the next time Git touches it
warning: in the working copy of 'docs/artifacts/d88c2400-e421-4a33-aa1b-49cb7f2b7852/.tempmediaStorage/dom_1774127838498.txt', LF will be replaced by CRLF the next time Git touches it
warning: in the working copy of 'docs/artifacts/d88c2400-e421-4a33-aa1b-49cb7f2b7852/.tempmediaStorage/dom_1774127849429.txt', LF will be replaced by CRLF the next time Git touches it
warning: in the working copy of 'docs/artifacts/d88c2400-e421-4a33-aa1b-49cb7f2b7852/.tempmediaStorage/dom_1774127857316.txt', LF will be replaced by CRLF the next time Git touches it
warning: in the working copy of 'docs/artifacts/d88c2400-e421-4a33-aa1b-49cb7f2b7852/.tempmediaStorage/dom_1774127867778.txt', LF will be replaced by CRLF the next time Git touches it
warning: in the working copy of 'docs/artifacts/d88c2400-e421-4a33-aa1b-49cb7f2b7852/.tempmediaStorage/dom_1774127873611.txt', LF will be replaced by CRLF the next time Git touches it
warning: in the working copy of 'docs/artifacts/d88c2400-e421-4a33-aa1b-49cb7f2b7852/.tempmediaStorage/dom_1774127880801.txt', LF will be replaced by CRLF the next time Git touches it
warning: in the working copy of 'docs/artifacts/d88c2400-e421-4a33-aa1b-49cb7f2b7852/.tempmediaStorage/dom_1774127890148.txt', LF will be replaced by CRLF the next time Git touches it
warning: in the working copy of 'docs/artifacts/d88c2400-e421-4a33-aa1b-49cb7f2b7852/.tempmediaStorage/dom_1774127897385.txt', LF will be replaced by CRLF the next time Git touches it
warning: in the working copy of 'docs/artifacts/d88c2400-e421-4a33-aa1b-49cb7f2b7852/.tempmediaStorage/dom_1774127902916.txt', LF will be replaced by CRLF the next time Git touches it
warning: in the working copy of 'docs/artifacts/d88c2400-e421-4a33-aa1b-49cb7f2b7852/.tempmediaStorage/dom_1774127911912.txt', LF will be replaced by CRLF the next time Git touches it
warning: in the working copy of 'docs/artifacts/d88c2400-e421-4a33-aa1b-49cb7f2b7852/.tempmediaStorage/dom_1774127922851.txt', LF will be replaced by CRLF the next time Git touches it
warning: in the working copy of 'docs/artifacts/d88c2400-e421-4a33-aa1b-49cb7f2b7852/.tempmediaStorage/dom_1774127929405.txt', LF will be replaced by CRLF the next time Git touches it
warning: in the working copy of 'docs/artifacts/d88c2400-e421-4a33-aa1b-49cb7f2b7852/.tempmediaStorage/dom_1774127940267.txt', LF will be replaced by CRLF the next time Git touches it
warning: in the working copy of 'docs/artifacts/d88c2400-e421-4a33-aa1b-49cb7f2b7852/.tempmediaStorage/dom_1774127947325.txt', LF will be replaced by CRLF the next time Git touches it
warning: in the working copy of 'docs/artifacts/d88c2400-e421-4a33-aa1b-49cb7f2b7852/.tempmediaStorage/dom_1774127960048.txt', LF will be replaced by CRLF the next time Git touches it
warning: in the working copy of 'docs/artifacts/d88c2400-e421-4a33-aa1b-49cb7f2b7852/.tempmediaStorage/dom_1774127967689.txt', LF will be replaced by CRLF the next time Git touches it
warning: in the working copy of 'docs/artifacts/d88c2400-e421-4a33-aa1b-49cb7f2b7852/.tempmediaStorage/dom_1774127975452.txt', LF will be replaced by CRLF the next time Git touches it
warning: in the working copy of 'docs/artifacts/d88c2400-e421-4a33-aa1b-49cb7f2b7852/.tempmediaStorage/dom_1774127986140.txt', LF will be replaced by CRLF the next time Git touches it
warning: in the working copy of 'docs/artifacts/d88c2400-e421-4a33-aa1b-49cb7f2b7852/.tempmediaStorage/dom_1774127993389.txt', LF will be replaced by CRLF the next time Git touches it
warning: in the working copy of 'docs/artifacts/d88c2400-e421-4a33-aa1b-49cb7f2b7852/.tempmediaStorage/dom_1774128014674.txt', LF will be replaced by CRLF the next time Git touches it
warning: in the working copy of 'docs/artifacts/d88c2400-e421-4a33-aa1b-49cb7f2b7852/.tempmediaStorage/dom_1774128022152.txt', LF will be replaced by CRLF the next time Git touches it
warning: in the working copy of 'docs/artifacts/d88c2400-e421-4a33-aa1b-49cb7f2b7852/.tempmediaStorage/dom_1774128033787.txt', LF will be replaced by CRLF the next time Git touches it
warning: in the working copy of 'docs/artifacts/d88c2400-e421-4a33-aa1b-49cb7f2b7852/.tempmediaStorage/dom_1774128040587.txt', LF will be replaced by CRLF the next time Git touches it
warning: in the working copy of 'docs/artifacts/d88c2400-e421-4a33-aa1b-49cb7f2b7852/.tempmediaStorage/dom_1774128052870.txt', LF will be replaced by CRLF the next time Git touches it
warning: in the working copy of 'docs/artifacts/d88c2400-e421-4a33-aa1b-49cb7f2b7852/.tempmediaStorage/dom_1774128065385.txt', LF will be replaced by CRLF the next time Git touches it
warning: in the working copy of 'docs/artifacts/d88c2400-e421-4a33-aa1b-49cb7f2b7852/.tempmediaStorage/dom_1774128075066.txt', LF will be replaced by CRLF the next time Git touches it
warning: in the working copy of 'docs/artifacts/d88c2400-e421-4a33-aa1b-49cb7f2b7852/.tempmediaStorage/dom_1774128083903.txt', LF will be replaced by CRLF the next time Git touches it
warning: in the working copy of 'docs/artifacts/d88c2400-e421-4a33-aa1b-49cb7f2b7852/.tempmediaStorage/dom_1774128102027.txt', LF will be replaced by CRLF the next time Git touches it
warning: in the working copy of 'docs/artifacts/d88c2400-e421-4a33-aa1b-49cb7f2b7852/.tempmediaStorage/dom_1774128109943.txt', LF will be replaced by CRLF the next time Git touches it
warning: in the working copy of 'docs/artifacts/d88c2400-e421-4a33-aa1b-49cb7f2b7852/.tempmediaStorage/dom_1774128126846.txt', LF will be replaced by CRLF the next time Git touches it
warning: in the working copy of 'docs/artifacts/d88c2400-e421-4a33-aa1b-49cb7f2b7852/.tempmediaStorage/dom_1774128134552.txt', LF will be replaced by CRLF the next time Git touches it
warning: in the working copy of 'docs/artifacts/d88c2400-e421-4a33-aa1b-49cb7f2b7852/.tempmediaStorage/dom_1774128142038.txt', LF will be replaced by CRLF the next time Git touches it
warning: in the working copy of 'docs/artifacts/d88c2400-e421-4a33-aa1b-49cb7f2b7852/browser/scratchpad_5o02be6q.md', LF will be replaced by CRLF the next time Git touches it
warning: in the working copy of 'docs/artifacts/d88c2400-e421-4a33-aa1b-49cb7f2b7852/browser/scratchpad_5o02be6q.md.resolved', LF will be replaced by CRLF the next time Git touches it
warning: in the working copy of 'docs/artifacts/d88c2400-e421-4a33-aa1b-49cb7f2b7852/browser/scratchpad_5o02be6q.md.resolved.0', LF will be replaced by CRLF the next time Git touches it
warning: in the working copy of 'docs/artifacts/d88c2400-e421-4a33-aa1b-49cb7f2b7852/browser/scratchpad_5o02be6q.md.resolved.1', LF will be replaced by CRLF the next time Git touches it
warning: in the working copy of 'docs/artifacts/d88c2400-e421-4a33-aa1b-49cb7f2b7852/browser/scratchpad_gj0lywot.md', LF will be replaced by CRLF the next time Git touches it
warning: in the working copy of 'docs/artifacts/d88c2400-e421-4a33-aa1b-49cb7f2b7852/browser/scratchpad_gj0lywot.md.resolved', LF will be replaced by CRLF the next time Git touches it
warning: in the working copy of 'docs/artifacts/d88c2400-e421-4a33-aa1b-49cb7f2b7852/browser/scratchpad_gj0lywot.md.resolved.0', LF will be replaced by CRLF the next time Git touches it
warning: in the working copy of 'docs/artifacts/d88c2400-e421-4a33-aa1b-49cb7f2b7852/browser/scratchpad_gj0lywot.md.resolved.1', LF will be replaced by CRLF the next time Git touches it
warning: in the working copy of 'docs/artifacts/d88c2400-e421-4a33-aa1b-49cb7f2b7852/browser/scratchpad_gj0lywot.md.resolved.2', LF will be replaced by CRLF the next time Git touches it
warning: in the working copy of 'docs/artifacts/d88c2400-e421-4a33-aa1b-49cb7f2b7852/browser/scratchpad_qw83tx1b.md', LF will be replaced by CRLF the next time Git touches it
warning: in the working copy of 'docs/artifacts/d88c2400-e421-4a33-aa1b-49cb7f2b7852/browser/scratchpad_qw83tx1b.md.resolved', LF will be replaced by CRLF the next time Git touches it
warning: in the working copy of 'docs/artifacts/d88c2400-e421-4a33-aa1b-49cb7f2b7852/browser/scratchpad_qw83tx1b.md.resolved.0', LF will be replaced by CRLF the next time Git touches it
warning: in the working copy of 'docs/artifacts/d88c2400-e421-4a33-aa1b-49cb7f2b7852/browser/scratchpad_qw83tx1b.md.resolved.1', LF will be replaced by CRLF the next time Git touches it
warning: in the working copy of 'docs/artifacts/d88c2400-e421-4a33-aa1b-49cb7f2b7852/browser/scratchpad_qw83tx1b.md.resolved.2', LF will be replaced by CRLF the next time Git touches it
warning: in the working copy of 'docs/artifacts/d88c2400-e421-4a33-aa1b-49cb7f2b7852/browser/scratchpad_scco55r3.md', LF will be replaced by CRLF the next time Git touches it
warning: in the working copy of 'docs/artifacts/d88c2400-e421-4a33-aa1b-49cb7f2b7852/browser/scratchpad_scco55r3.md.resolved', LF will be replaced by CRLF the next time Git touches it
warning: in the working copy of 'docs/artifacts/d88c2400-e421-4a33-aa1b-49cb7f2b7852/browser/scratchpad_scco55r3.md.resolved.0', LF will be replaced by CRLF the next time Git touches it
warning: in the working copy of 'docs/artifacts/d88c2400-e421-4a33-aa1b-49cb7f2b7852/implementation_plan.md', LF will be replaced by CRLF the next time Git touches it
warning: in the working copy of 'docs/artifacts/d88c2400-e421-4a33-aa1b-49cb7f2b7852/implementation_plan.md.metadata.json', LF will be replaced by CRLF the next time Git touches it
warning: in the working copy of 'docs/artifacts/d88c2400-e421-4a33-aa1b-49cb7f2b7852/implementation_plan.md.resolved', LF will be replaced by CRLF the next time Git touches it
warning: in the working copy of 'docs/artifacts/d88c2400-e421-4a33-aa1b-49cb7f2b7852/implementation_plan.md.resolved.0', LF will be replaced by CRLF the next time Git touches it
warning: in the working copy of 'docs/artifacts/d88c2400-e421-4a33-aa1b-49cb7f2b7852/implementation_plan.md.resolved.1', LF will be replaced by CRLF the next time Git touches it
warning: in the working copy of 'docs/artifacts/d88c2400-e421-4a33-aa1b-49cb7f2b7852/implementation_plan.md.resolved.2', LF will be replaced by CRLF the next time Git touches it
warning: in the working copy of 'docs/artifacts/d88c2400-e421-4a33-aa1b-49cb7f2b7852/prototype_walkthrough.md', LF will be replaced by CRLF the next time Git touches it
warning: in the working copy of 'docs/artifacts/d88c2400-e421-4a33-aa1b-49cb7f2b7852/prototype_walkthrough.md.metadata.json', LF will be replaced by CRLF the next time Git touches it
warning: in the working copy of 'docs/artifacts/d88c2400-e421-4a33-aa1b-49cb7f2b7852/prototype_walkthrough.md.resolved', LF will be replaced by CRLF the next time Git touches it
warning: in the working copy of 'docs/artifacts/d88c2400-e421-4a33-aa1b-49cb7f2b7852/prototype_walkthrough.md.resolved.0', LF will be replaced by CRLF the next time Git touches it
warning: in the working copy of 'docs/artifacts/d88c2400-e421-4a33-aa1b-49cb7f2b7852/prototype_walkthrough.md.resolved.1', LF will be replaced by CRLF the next time Git touches it
warning: in the working copy of 'docs/artifacts/d88c2400-e421-4a33-aa1b-49cb7f2b7852/prototype_walkthrough.md.resolved.2', LF will be replaced by CRLF the next time Git touches it
warning: in the working copy of 'docs/artifacts/d88c2400-e421-4a33-aa1b-49cb7f2b7852/prototype_walkthrough.md.resolved.3', LF will be replaced by CRLF the next time Git touches it
warning: in the working copy of 'docs/artifacts/d88c2400-e421-4a33-aa1b-49cb7f2b7852/prototype_walkthrough.md.resolved.4', LF will be replaced by CRLF the next time Git touches it
warning: in the working copy of 'docs/artifacts/d88c2400-e421-4a33-aa1b-49cb7f2b7852/prototype_walkthrough.md.resolved.5', LF will be replaced by CRLF the next time Git touches it
warning: in the working copy of 'docs/artifacts/d88c2400-e421-4a33-aa1b-49cb7f2b7852/prototype_walkthrough.md.resolved.6', LF will be replaced by CRLF the next time Git touches it
warning: in the working copy of 'docs/artifacts/d88c2400-e421-4a33-aa1b-49cb7f2b7852/task.md', LF will be replaced by CRLF the next time Git touches it
warning: in the working copy of 'docs/artifacts/d88c2400-e421-4a33-aa1b-49cb7f2b7852/task.md.metadata.json', LF will be replaced by CRLF the next time Git touches it
warning: in the working copy of 'docs/artifacts/d88c2400-e421-4a33-aa1b-49cb7f2b7852/task.md.resolved', LF will be replaced by CRLF the next time Git touches it
warning: in the working copy of 'docs/artifacts/d88c2400-e421-4a33-aa1b-49cb7f2b7852/task.md.resolved.0', LF will be replaced by CRLF the next time Git touches it
warning: in the working copy of 'docs/artifacts/d88c2400-e421-4a33-aa1b-49cb7f2b7852/task.md.resolved.1', LF will be replaced by CRLF the next time Git touches it
warning: in the working copy of 'docs/artifacts/d88c2400-e421-4a33-aa1b-49cb7f2b7852/task.md.resolved.10', LF will be replaced by CRLF the next time Git touches it
warning: in the working copy of 'docs/artifacts/d88c2400-e421-4a33-aa1b-49cb7f2b7852/task.md.resolved.11', LF will be replaced by CRLF the next time Git touches it
warning: in the working copy of 'docs/artifacts/d88c2400-e421-4a33-aa1b-49cb7f2b7852/task.md.resolved.12', LF will be replaced by CRLF the next time Git touches it
warning: in the working copy of 'docs/artifacts/d88c2400-e421-4a33-aa1b-49cb7f2b7852/task.md.resolved.13', LF will be replaced by CRLF the next time Git touches it
warning: in the working copy of 'docs/artifacts/d88c2400-e421-4a33-aa1b-49cb7f2b7852/task.md.resolved.2', LF will be replaced by CRLF the next time Git touches it
warning: in the working copy of 'docs/artifacts/d88c2400-e421-4a33-aa1b-49cb7f2b7852/task.md.resolved.3', LF will be replaced by CRLF the next time Git touches it
warning: in the working copy of 'docs/artifacts/d88c2400-e421-4a33-aa1b-49cb7f2b7852/task.md.resolved.4', LF will be replaced by CRLF the next time Git touches it
warning: in the working copy of 'docs/artifacts/d88c2400-e421-4a33-aa1b-49cb7f2b7852/task.md.resolved.5', LF will be replaced by CRLF the next time Git touches it
warning: in the working copy of 'docs/artifacts/d88c2400-e421-4a33-aa1b-49cb7f2b7852/task.md.resolved.6', LF will be replaced by CRLF the next time Git touches it
warning: in the working copy of 'docs/artifacts/d88c2400-e421-4a33-aa1b-49cb7f2b7852/task.md.resolved.7', LF will be replaced by CRLF the next time Git touches it
warning: in the working copy of 'docs/artifacts/d88c2400-e421-4a33-aa1b-49cb7f2b7852/task.md.resolved.8', LF will be replaced by CRLF the next time Git touches it
warning: in the working copy of 'docs/artifacts/d88c2400-e421-4a33-aa1b-49cb7f2b7852/task.md.resolved.9', LF will be replaced by CRLF the next time Git touches it
warning: in the working copy of 'docs/artifacts/d88c2400-e421-4a33-aa1b-49cb7f2b7852/task_list.md', LF will be replaced by CRLF the next time Git touches it
warning: in the working copy of 'docs/artifacts/d88c2400-e421-4a33-aa1b-49cb7f2b7852/task_list.md.metadata.json', LF will be replaced by CRLF the next time Git touches it
warning: in the working copy of 'docs/artifacts/d88c2400-e421-4a33-aa1b-49cb7f2b7852/task_list.md.resolved', LF will be replaced by CRLF the next time Git touches it
warning: in the working copy of 'docs/artifacts/d88c2400-e421-4a33-aa1b-49cb7f2b7852/task_list.md.resolved.0', LF will be replaced by CRLF the next time Git touches it
warning: in the working copy of 'docs/artifacts/d88c2400-e421-4a33-aa1b-49cb7f2b7852/task_list.md.resolved.1', LF will be replaced by CRLF the next time Git touches it
warning: in the working copy of 'docs/artifacts/dcc9ff4d-4b04-4edc-8c8c-deb15065f65e/implementation_plan.md', LF will be replaced by CRLF the next time Git touches it
warning: in the working copy of 'docs/artifacts/dcc9ff4d-4b04-4edc-8c8c-deb15065f65e/implementation_plan.md.metadata.json', LF will be replaced by CRLF the next time Git touches it
warning: in the working copy of 'docs/artifacts/dcc9ff4d-4b04-4edc-8c8c-deb15065f65e/implementation_plan.md.resolved', LF will be replaced by CRLF the next time Git touches it
warning: in the working copy of 'docs/artifacts/dcc9ff4d-4b04-4edc-8c8c-deb15065f65e/implementation_plan.md.resolved.0', LF will be replaced by CRLF the next time Git touches it
warning: in the working copy of 'docs/artifacts/dcc9ff4d-4b04-4edc-8c8c-deb15065f65e/task.md', LF will be replaced by CRLF the next time Git touches it
warning: in the working copy of 'docs/artifacts/dcc9ff4d-4b04-4edc-8c8c-deb15065f65e/task.md.metadata.json', LF will be replaced by CRLF the next time Git touches it
warning: in the working copy of 'docs/artifacts/dcc9ff4d-4b04-4edc-8c8c-deb15065f65e/task.md.resolved', LF will be replaced by CRLF the next time Git touches it
warning: in the working copy of 'docs/artifacts/dcc9ff4d-4b04-4edc-8c8c-deb15065f65e/task.md.resolved.0', LF will be replaced by CRLF the next time Git touches it
warning: in the working copy of 'docs/artifacts/dcc9ff4d-4b04-4edc-8c8c-deb15065f65e/task.md.resolved.1', LF will be replaced by CRLF the next time Git touches it
warning: in the working copy of 'docs/artifacts/dcc9ff4d-4b04-4edc-8c8c-deb15065f65e/walkthrough.md', LF will be replaced by CRLF the next time Git touches it
warning: in the working copy of 'docs/artifacts/dcc9ff4d-4b04-4edc-8c8c-deb15065f65e/walkthrough.md.metadata.json', LF will be replaced by CRLF the next time Git touches it
warning: in the working copy of 'docs/artifacts/dcc9ff4d-4b04-4edc-8c8c-deb15065f65e/walkthrough.md.resolved', LF will be replaced by CRLF the next time Git touches it
warning: in the working copy of 'docs/artifacts/dcc9ff4d-4b04-4edc-8c8c-deb15065f65e/walkthrough.md.resolved.0', LF will be replaced by CRLF the next time Git touches it
warning: in the working copy of 'docs/artifacts/ea60dabf-45cb-4b04-a2ba-61c1b1b597da/task.md.metadata.json', LF will be replaced by CRLF the next time Git touches it
warning: in the working copy of 'docs/artifacts/ea60dabf-45cb-4b04-a2ba-61c1b1b597da/task.md.resolved.0', LF will be replaced by CRLF the next time Git touches it
warning: in the working copy of 'docs/artifacts/ea60dabf-45cb-4b04-a2ba-61c1b1b597da/walkthrough.md.metadata.json', LF will be replaced by CRLF the next time Git touches it
warning: in the working copy of 'docs/artifacts/ea60dabf-45cb-4b04-a2ba-61c1b1b597da/walkthrough.md.resolved', LF will be replaced by CRLF the next time Git touches it
warning: in the working copy of 'docs/artifacts/ea60dabf-45cb-4b04-a2ba-61c1b1b597da/walkthrough.md.resolved.0', LF will be replaced by CRLF the next time Git touches it
warning: in the working copy of 'docs/artifacts/ec5aab09-1b37-4477-8767-7a1854223810/.system_generated/tasks/task-11.log', LF will be replaced by CRLF the next time Git touches it
warning: in the working copy of 'docs/artifacts/ec5aab09-1b37-4477-8767-7a1854223810/.system_generated/tasks/task-156.log', LF will be replaced by CRLF the next time Git touches it
warning: in the working copy of 'docs/artifacts/ec5aab09-1b37-4477-8767-7a1854223810/.system_generated/tasks/task-170.log', LF will be replaced by CRLF the next time Git touches it
warning: in the working copy of 'docs/artifacts/ec5aab09-1b37-4477-8767-7a1854223810/.system_generated/tasks/task-176.log', LF will be replaced by CRLF the next time Git touches it
warning: in the working copy of 'docs/artifacts/ec5aab09-1b37-4477-8767-7a1854223810/.system_generated/tasks/task-225.log', LF will be replaced by CRLF the next time Git touches it
warning: in the working copy of 'docs/artifacts/ec5aab09-1b37-4477-8767-7a1854223810/.system_generated/tasks/task-35.log', LF will be replaced by CRLF the next time Git touches it
warning: in the working copy of 'docs/artifacts/ec5aab09-1b37-4477-8767-7a1854223810/.system_generated/tasks/task-42.log', LF will be replaced by CRLF the next time Git touches it
warning: in the working copy of 'docs/artifacts/ec5aab09-1b37-4477-8767-7a1854223810/.system_generated/tasks/task-49.log', LF will be replaced by CRLF the next time Git touches it
warning: in the working copy of 'docs/artifacts/ec5aab09-1b37-4477-8767-7a1854223810/.system_generated/tasks/task-83.log', LF will be replaced by CRLF the next time Git touches it
warning: in the working copy of 'docs/artifacts/ec5aab09-1b37-4477-8767-7a1854223810/deployment_report.md', LF will be replaced by CRLF the next time Git touches it
warning: in the working copy of 'docs/artifacts/ec5aab09-1b37-4477-8767-7a1854223810/deployment_report.md.metadata.json', LF will be replaced by CRLF the next time Git touches it
warning: in the working copy of 'docs/artifacts/ef946611-af40-43fd-bf86-e6fccc205dca/.tempmediaStorage/dom_1774119724869.txt', LF will be replaced by CRLF the next time Git touches it
warning: in the working copy of 'docs/artifacts/ef946611-af40-43fd-bf86-e6fccc205dca/.tempmediaStorage/dom_1774119734016.txt', LF will be replaced by CRLF the next time Git touches it
warning: in the working copy of 'docs/artifacts/ef946611-af40-43fd-bf86-e6fccc205dca/.tempmediaStorage/dom_1774119748824.txt', LF will be replaced by CRLF the next time Git touches it
warning: in the working copy of 'docs/artifacts/ef946611-af40-43fd-bf86-e6fccc205dca/.tempmediaStorage/dom_1774119755208.txt', LF will be replaced by CRLF the next time Git touches it
warning: in the working copy of 'docs/artifacts/ef946611-af40-43fd-bf86-e6fccc205dca/.tempmediaStorage/dom_1774119761377.txt', LF will be replaced by CRLF the next time Git touches it
warning: in the working copy of 'docs/artifacts/ef946611-af40-43fd-bf86-e6fccc205dca/.tempmediaStorage/dom_1774119769610.txt', LF will be replaced by CRLF the next time Git touches it
warning: in the working copy of 'docs/artifacts/ef946611-af40-43fd-bf86-e6fccc205dca/.tempmediaStorage/dom_1774119776916.txt', LF will be replaced by CRLF the next time Git touches it
warning: in the working copy of 'docs/artifacts/ef946611-af40-43fd-bf86-e6fccc205dca/.tempmediaStorage/dom_1774119784953.txt', LF will be replaced by CRLF the next time Git touches it
warning: in the working copy of 'docs/artifacts/ef946611-af40-43fd-bf86-e6fccc205dca/.tempmediaStorage/dom_1774119793268.txt', LF will be replaced by CRLF the next time Git touches it
warning: in the working copy of 'docs/artifacts/ef946611-af40-43fd-bf86-e6fccc205dca/.tempmediaStorage/dom_1774119800317.txt', LF will be replaced by CRLF the next time Git touches it
warning: in the working copy of 'docs/artifacts/ef946611-af40-43fd-bf86-e6fccc205dca/.tempmediaStorage/dom_1774119809397.txt', LF will be replaced by CRLF the next time Git touches it
warning: in the working copy of 'docs/artifacts/ef946611-af40-43fd-bf86-e6fccc205dca/.tempmediaStorage/dom_1774119817871.txt', LF will be replaced by CRLF the next time Git touches it
warning: in the working copy of 'docs/artifacts/ef946611-af40-43fd-bf86-e6fccc205dca/.tempmediaStorage/dom_1774119825352.txt', LF will be replaced by CRLF the next time Git touches it
warning: in the working copy of 'docs/artifacts/ef946611-af40-43fd-bf86-e6fccc205dca/.tempmediaStorage/dom_1774119832066.txt', LF will be replaced by CRLF the next time Git touches it
warning: in the working copy of 'docs/artifacts/ef946611-af40-43fd-bf86-e6fccc205dca/.tempmediaStorage/dom_1774119838761.txt', LF will be replaced by CRLF the next time Git touches it
warning: in the working copy of 'docs/artifacts/ef946611-af40-43fd-bf86-e6fccc205dca/.tempmediaStorage/dom_1774119845986.txt', LF will be replaced by CRLF the next time Git touches it
warning: in the working copy of 'docs/artifacts/ef946611-af40-43fd-bf86-e6fccc205dca/.tempmediaStorage/dom_1774119852495.txt', LF will be replaced by CRLF the next time Git touches it
warning: in the working copy of 'docs/artifacts/ef946611-af40-43fd-bf86-e6fccc205dca/.tempmediaStorage/dom_1774119858739.txt', LF will be replaced by CRLF the next time Git touches it
warning: in the working copy of 'docs/artifacts/ef946611-af40-43fd-bf86-e6fccc205dca/.tempmediaStorage/dom_1774119864091.txt', LF will be replaced by CRLF the next time Git touches it
warning: in the working copy of 'docs/artifacts/ef946611-af40-43fd-bf86-e6fccc205dca/.tempmediaStorage/dom_1774119870650.txt', LF will be replaced by CRLF the next time Git touches it
warning: in the working copy of 'docs/artifacts/ef946611-af40-43fd-bf86-e6fccc205dca/.tempmediaStorage/dom_1774119876876.txt', LF will be replaced by CRLF the next time Git touches it
warning: in the working copy of 'docs/artifacts/ef946611-af40-43fd-bf86-e6fccc205dca/.tempmediaStorage/dom_1774119883859.txt', LF will be replaced by CRLF the next time Git touches it
warning: in the working copy of 'docs/artifacts/ef946611-af40-43fd-bf86-e6fccc205dca/.tempmediaStorage/dom_1774119892200.txt', LF will be replaced by CRLF the next time Git touches it
warning: in the working copy of 'docs/artifacts/ef946611-af40-43fd-bf86-e6fccc205dca/.tempmediaStorage/dom_1774119899652.txt', LF will be replaced by CRLF the next time Git touches it
warning: in the working copy of 'docs/artifacts/ef946611-af40-43fd-bf86-e6fccc205dca/.tempmediaStorage/dom_1774119907787.txt', LF will be replaced by CRLF the next time Git touches it
warning: in the working copy of 'docs/artifacts/ef946611-af40-43fd-bf86-e6fccc205dca/.tempmediaStorage/dom_1774119914701.txt', LF will be replaced by CRLF the next time Git touches it
warning: in the working copy of 'docs/artifacts/ef946611-af40-43fd-bf86-e6fccc205dca/.tempmediaStorage/dom_1774119921677.txt', LF will be replaced by CRLF the next time Git touches it
warning: in the working copy of 'docs/artifacts/ef946611-af40-43fd-bf86-e6fccc205dca/.tempmediaStorage/dom_1774119927191.txt', LF will be replaced by CRLF the next time Git touches it
warning: in the working copy of 'docs/artifacts/ef946611-af40-43fd-bf86-e6fccc205dca/.tempmediaStorage/dom_1774119927553.txt', LF will be replaced by CRLF the next time Git touches it
warning: in the working copy of 'docs/artifacts/ef946611-af40-43fd-bf86-e6fccc205dca/.tempmediaStorage/dom_1774119934585.txt', LF will be replaced by CRLF the next time Git touches it
warning: in the working copy of 'docs/artifacts/ef946611-af40-43fd-bf86-e6fccc205dca/.tempmediaStorage/dom_1774119943174.txt', LF will be replaced by CRLF the next time Git touches it
warning: in the working copy of 'docs/artifacts/ef946611-af40-43fd-bf86-e6fccc205dca/.tempmediaStorage/dom_1774119949901.txt', LF will be replaced by CRLF the next time Git touches it
warning: in the working copy of 'docs/artifacts/ef946611-af40-43fd-bf86-e6fccc205dca/.tempmediaStorage/dom_1774119958530.txt', LF will be replaced by CRLF the next time Git touches it
warning: in the working copy of 'docs/artifacts/ef946611-af40-43fd-bf86-e6fccc205dca/.tempmediaStorage/dom_1774119964738.txt', LF will be replaced by CRLF the next time Git touches it
warning: in the working copy of 'docs/artifacts/ef946611-af40-43fd-bf86-e6fccc205dca/.tempmediaStorage/dom_1774119991426.txt', LF will be replaced by CRLF the next time Git touches it
warning: in the working copy of 'docs/artifacts/ef946611-af40-43fd-bf86-e6fccc205dca/.tempmediaStorage/dom_1774120000342.txt', LF will be replaced by CRLF the next time Git touches it
warning: in the working copy of 'docs/artifacts/ef946611-af40-43fd-bf86-e6fccc205dca/.tempmediaStorage/dom_1774120008008.txt', LF will be replaced by CRLF the next time Git touches it
warning: in the working copy of 'docs/artifacts/ef946611-af40-43fd-bf86-e6fccc205dca/.tempmediaStorage/dom_1774120015174.txt', LF will be replaced by CRLF the next time Git touches it
warning: in the working copy of 'docs/artifacts/ef946611-af40-43fd-bf86-e6fccc205dca/.tempmediaStorage/dom_1774120022244.txt', LF will be replaced by CRLF the next time Git touches it
warning: in the working copy of 'docs/artifacts/ef946611-af40-43fd-bf86-e6fccc205dca/.tempmediaStorage/dom_1774120029342.txt', LF will be replaced by CRLF the next time Git touches it
warning: in the working copy of 'docs/artifacts/ef946611-af40-43fd-bf86-e6fccc205dca/.tempmediaStorage/dom_1774120037673.txt', LF will be replaced by CRLF the next time Git touches it
warning: in the working copy of 'docs/artifacts/ef946611-af40-43fd-bf86-e6fccc205dca/.tempmediaStorage/dom_1774120045377.txt', LF will be replaced by CRLF the next time Git touches it
warning: in the working copy of 'docs/artifacts/ef946611-af40-43fd-bf86-e6fccc205dca/.tempmediaStorage/dom_1774120053541.txt', LF will be replaced by CRLF the next time Git touches it
warning: in the working copy of 'docs/artifacts/ef946611-af40-43fd-bf86-e6fccc205dca/.tempmediaStorage/dom_1774120060714.txt', LF will be replaced by CRLF the next time Git touches it
warning: in the working copy of 'docs/artifacts/ef946611-af40-43fd-bf86-e6fccc205dca/.tempmediaStorage/dom_1774120066083.txt', LF will be replaced by CRLF the next time Git touches it
warning: in the working copy of 'docs/artifacts/ef946611-af40-43fd-bf86-e6fccc205dca/.tempmediaStorage/dom_1774120073978.txt', LF will be replaced by CRLF the next time Git touches it
warning: in the working copy of 'docs/artifacts/ef946611-af40-43fd-bf86-e6fccc205dca/.tempmediaStorage/dom_1774120080186.txt', LF will be replaced by CRLF the next time Git touches it
warning: in the working copy of 'docs/artifacts/ef946611-af40-43fd-bf86-e6fccc205dca/.tempmediaStorage/dom_1774120084987.txt', LF will be replaced by CRLF the next time Git touches it
warning: in the working copy of 'docs/artifacts/ef946611-af40-43fd-bf86-e6fccc205dca/.tempmediaStorage/dom_1774120093361.txt', LF will be replaced by CRLF the next time Git touches it
warning: in the working copy of 'docs/artifacts/ef946611-af40-43fd-bf86-e6fccc205dca/.tempmediaStorage/dom_1774120101248.txt', LF will be replaced by CRLF the next time Git touches it
warning: in the working copy of 'docs/artifacts/ef946611-af40-43fd-bf86-e6fccc205dca/.tempmediaStorage/dom_1774120119482.txt', LF will be replaced by CRLF the next time Git touches it
warning: in the working copy of 'docs/artifacts/ef946611-af40-43fd-bf86-e6fccc205dca/.tempmediaStorage/dom_1774120126278.txt', LF will be replaced by CRLF the next time Git touches it
warning: in the working copy of 'docs/artifacts/ef946611-af40-43fd-bf86-e6fccc205dca/.tempmediaStorage/dom_1774120132992.txt', LF will be replaced by CRLF the next time Git touches it
warning: in the working copy of 'docs/artifacts/ef946611-af40-43fd-bf86-e6fccc205dca/.tempmediaStorage/dom_1774120142328.txt', LF will be replaced by CRLF the next time Git touches it
warning: in the working copy of 'docs/artifacts/ef946611-af40-43fd-bf86-e6fccc205dca/.tempmediaStorage/dom_1774120149232.txt', LF will be replaced by CRLF the next time Git touches it
warning: in the working copy of 'docs/artifacts/ef946611-af40-43fd-bf86-e6fccc205dca/.tempmediaStorage/dom_1774120155661.txt', LF will be replaced by CRLF the next time Git touches it
warning: in the working copy of 'docs/artifacts/ef946611-af40-43fd-bf86-e6fccc205dca/.tempmediaStorage/dom_1774120161970.txt', LF will be replaced by CRLF the next time Git touches it
warning: in the working copy of 'docs/artifacts/ef946611-af40-43fd-bf86-e6fccc205dca/.tempmediaStorage/dom_1774120168621.txt', LF will be replaced by CRLF the next time Git touches it
warning: in the working copy of 'docs/artifacts/ef946611-af40-43fd-bf86-e6fccc205dca/.tempmediaStorage/dom_1774120175742.txt', LF will be replaced by CRLF the next time Git touches it
warning: in the working copy of 'docs/artifacts/ef946611-af40-43fd-bf86-e6fccc205dca/.tempmediaStorage/dom_1774120181933.txt', LF will be replaced by CRLF the next time Git touches it
warning: in the working copy of 'docs/artifacts/ef946611-af40-43fd-bf86-e6fccc205dca/.tempmediaStorage/dom_1774120188470.txt', LF will be replaced by CRLF the next time Git touches it
warning: in the working copy of 'docs/artifacts/ef946611-af40-43fd-bf86-e6fccc205dca/.tempmediaStorage/dom_1774120194585.txt', LF will be replaced by CRLF the next time Git touches it
warning: in the working copy of 'docs/artifacts/ef946611-af40-43fd-bf86-e6fccc205dca/.tempmediaStorage/dom_1774120201862.txt', LF will be replaced by CRLF the next time Git touches it
warning: in the working copy of 'docs/artifacts/ef946611-af40-43fd-bf86-e6fccc205dca/.tempmediaStorage/dom_1774120209499.txt', LF will be replaced by CRLF the next time Git touches it
warning: in the working copy of 'docs/artifacts/ef946611-af40-43fd-bf86-e6fccc205dca/.tempmediaStorage/dom_1774120215805.txt', LF will be replaced by CRLF the next time Git touches it
warning: in the working copy of 'docs/artifacts/ef946611-af40-43fd-bf86-e6fccc205dca/.tempmediaStorage/dom_1774120222152.txt', LF will be replaced by CRLF the next time Git touches it
warning: in the working copy of 'docs/artifacts/ef946611-af40-43fd-bf86-e6fccc205dca/.tempmediaStorage/dom_1774120229890.txt', LF will be replaced by CRLF the next time Git touches it
warning: in the working copy of 'docs/artifacts/ef946611-af40-43fd-bf86-e6fccc205dca/.tempmediaStorage/dom_1774120236120.txt', LF will be replaced by CRLF the next time Git touches it
warning: in the working copy of 'docs/artifacts/ef946611-af40-43fd-bf86-e6fccc205dca/.tempmediaStorage/dom_1774120243084.txt', LF will be replaced by CRLF the next time Git touches it
warning: in the working copy of 'docs/artifacts/ef946611-af40-43fd-bf86-e6fccc205dca/.tempmediaStorage/dom_1774120251985.txt', LF will be replaced by CRLF the next time Git touches it
warning: in the working copy of 'docs/artifacts/ef946611-af40-43fd-bf86-e6fccc205dca/.tempmediaStorage/dom_1774120266241.txt', LF will be replaced by CRLF the next time Git touches it
warning: in the working copy of 'docs/artifacts/ef946611-af40-43fd-bf86-e6fccc205dca/.tempmediaStorage/dom_1774120273648.txt', LF will be replaced by CRLF the next time Git touches it
warning: in the working copy of 'docs/artifacts/ef946611-af40-43fd-bf86-e6fccc205dca/.tempmediaStorage/dom_1774120281925.txt', LF will be replaced by CRLF the next time Git touches it
warning: in the working copy of 'docs/artifacts/ef946611-af40-43fd-bf86-e6fccc205dca/.tempmediaStorage/dom_1774120292034.txt', LF will be replaced by CRLF the next time Git touches it
warning: in the working copy of 'docs/artifacts/ef946611-af40-43fd-bf86-e6fccc205dca/.tempmediaStorage/dom_1774120421374.txt', LF will be replaced by CRLF the next time Git touches it
warning: in the working copy of 'docs/artifacts/ef946611-af40-43fd-bf86-e6fccc205dca/.tempmediaStorage/dom_1774120421577.txt', LF will be replaced by CRLF the next time Git touches it
warning: in the working copy of 'docs/artifacts/ef946611-af40-43fd-bf86-e6fccc205dca/.tempmediaStorage/dom_1774120429514.txt', LF will be replaced by CRLF the next time Git touches it
warning: in the working copy of 'docs/artifacts/ef946611-af40-43fd-bf86-e6fccc205dca/.tempmediaStorage/dom_1774120434081.txt', LF will be replaced by CRLF the next time Git touches it
warning: in the working copy of 'docs/artifacts/ef946611-af40-43fd-bf86-e6fccc205dca/.tempmediaStorage/dom_1774120462708.txt', LF will be replaced by CRLF the next time Git touches it
warning: in the working copy of 'docs/artifacts/ef946611-af40-43fd-bf86-e6fccc205dca/.tempmediaStorage/dom_1774120472892.txt', LF will be replaced by CRLF the next time Git touches it
warning: in the working copy of 'docs/artifacts/ef946611-af40-43fd-bf86-e6fccc205dca/.tempmediaStorage/dom_1774120479676.txt', LF will be replaced by CRLF the next time Git touches it
warning: in the working copy of 'docs/artifacts/ef946611-af40-43fd-bf86-e6fccc205dca/.tempmediaStorage/dom_1774120480220.txt', LF will be replaced by CRLF the next time Git touches it
warning: in the working copy of 'docs/artifacts/ef946611-af40-43fd-bf86-e6fccc205dca/.tempmediaStorage/dom_1774120500187.txt', LF will be replaced by CRLF the next time Git touches it
warning: in the working copy of 'docs/artifacts/ef946611-af40-43fd-bf86-e6fccc205dca/.tempmediaStorage/dom_1774120510574.txt', LF will be replaced by CRLF the next time Git touches it
warning: in the working copy of 'docs/artifacts/ef946611-af40-43fd-bf86-e6fccc205dca/.tempmediaStorage/dom_1774120517523.txt', LF will be replaced by CRLF the next time Git touches it
warning: in the working copy of 'docs/artifacts/ef946611-af40-43fd-bf86-e6fccc205dca/.tempmediaStorage/dom_1774120561147.txt', LF will be replaced by CRLF the next time Git touches it
warning: in the working copy of 'docs/artifacts/ef946611-af40-43fd-bf86-e6fccc205dca/.tempmediaStorage/dom_1774120565216.txt', LF will be replaced by CRLF the next time Git touches it
warning: in the working copy of 'docs/artifacts/ef946611-af40-43fd-bf86-e6fccc205dca/.tempmediaStorage/dom_1774120576449.txt', LF will be replaced by CRLF the next time Git touches it
warning: in the working copy of 'docs/artifacts/ef946611-af40-43fd-bf86-e6fccc205dca/.tempmediaStorage/dom_1774120585368.txt', LF will be replaced by CRLF the next time Git touches it
warning: in the working copy of 'docs/artifacts/ef946611-af40-43fd-bf86-e6fccc205dca/.tempmediaStorage/dom_1774120617788.txt', LF will be replaced by CRLF the next time Git touches it
warning: in the working copy of 'docs/artifacts/ef946611-af40-43fd-bf86-e6fccc205dca/.tempmediaStorage/dom_1774120697767.txt', LF will be replaced by CRLF the next time Git touches it
warning: in the working copy of 'docs/artifacts/ef946611-af40-43fd-bf86-e6fccc205dca/.tempmediaStorage/dom_1774120709236.txt', LF will be replaced by CRLF the next time Git touches it
warning: in the working copy of 'docs/artifacts/ef946611-af40-43fd-bf86-e6fccc205dca/.tempmediaStorage/dom_1774120719229.txt', LF will be replaced by CRLF the next time Git touches it
warning: in the working copy of 'docs/artifacts/ef946611-af40-43fd-bf86-e6fccc205dca/.tempmediaStorage/dom_1774120728235.txt', LF will be replaced by CRLF the next time Git touches it
warning: in the working copy of 'docs/artifacts/ef946611-af40-43fd-bf86-e6fccc205dca/.tempmediaStorage/dom_1774120754230.txt', LF will be replaced by CRLF the next time Git touches it
warning: in the working copy of 'docs/artifacts/ef946611-af40-43fd-bf86-e6fccc205dca/.tempmediaStorage/dom_1774120768789.txt', LF will be replaced by CRLF the next time Git touches it
warning: in the working copy of 'docs/artifacts/ef946611-af40-43fd-bf86-e6fccc205dca/.tempmediaStorage/dom_1774121314492.txt', LF will be replaced by CRLF the next time Git touches it
warning: in the working copy of 'docs/artifacts/ef946611-af40-43fd-bf86-e6fccc205dca/.tempmediaStorage/dom_1774121314522.txt', LF will be replaced by CRLF the next time Git touches it
warning: in the working copy of 'docs/artifacts/ef946611-af40-43fd-bf86-e6fccc205dca/.tempmediaStorage/dom_1774121321636.txt', LF will be replaced by CRLF the next time Git touches it
warning: in the working copy of 'docs/artifacts/ef946611-af40-43fd-bf86-e6fccc205dca/.tempmediaStorage/dom_1774121327928.txt', LF will be replaced by CRLF the next time Git touches it
warning: in the working copy of 'docs/artifacts/ef946611-af40-43fd-bf86-e6fccc205dca/.tempmediaStorage/dom_1774121336785.txt', LF will be replaced by CRLF the next time Git touches it
warning: in the working copy of 'docs/artifacts/ef946611-af40-43fd-bf86-e6fccc205dca/.tempmediaStorage/dom_1774121681019.txt', LF will be replaced by CRLF the next time Git touches it
warning: in the working copy of 'docs/artifacts/ef946611-af40-43fd-bf86-e6fccc205dca/.tempmediaStorage/dom_1774121684986.txt', LF will be replaced by CRLF the next time Git touches it
warning: in the working copy of 'docs/artifacts/ef946611-af40-43fd-bf86-e6fccc205dca/.tempmediaStorage/dom_1774121689026.txt', LF will be replaced by CRLF the next time Git touches it
warning: in the working copy of 'docs/artifacts/ef946611-af40-43fd-bf86-e6fccc205dca/.tempmediaStorage/dom_1774121723695.txt', LF will be replaced by CRLF the next time Git touches it
warning: in the working copy of 'docs/artifacts/ef946611-af40-43fd-bf86-e6fccc205dca/.tempmediaStorage/dom_1774121758739.txt', LF will be replaced by CRLF the next time Git touches it
warning: in the working copy of 'docs/artifacts/ef946611-af40-43fd-bf86-e6fccc205dca/.tempmediaStorage/dom_1774121764129.txt', LF will be replaced by CRLF the next time Git touches it
warning: in the working copy of 'docs/artifacts/ef946611-af40-43fd-bf86-e6fccc205dca/.tempmediaStorage/dom_1774121799155.txt', LF will be replaced by CRLF the next time Git touches it
warning: in the working copy of 'docs/artifacts/ef946611-af40-43fd-bf86-e6fccc205dca/.tempmediaStorage/dom_1774121806508.txt', LF will be replaced by CRLF the next time Git touches it
warning: in the working copy of 'docs/artifacts/ef946611-af40-43fd-bf86-e6fccc205dca/.tempmediaStorage/dom_1774121811403.txt', LF will be replaced by CRLF the next time Git touches it
warning: in the working copy of 'docs/artifacts/ef946611-af40-43fd-bf86-e6fccc205dca/.tempmediaStorage/dom_1774121819619.txt', LF will be replaced by CRLF the next time Git touches it
warning: in the working copy of 'docs/artifacts/ef946611-af40-43fd-bf86-e6fccc205dca/.tempmediaStorage/dom_1774121828390.txt', LF will be replaced by CRLF the next time Git touches it
warning: in the working copy of 'docs/artifacts/ef946611-af40-43fd-bf86-e6fccc205dca/.tempmediaStorage/dom_1774121832632.txt', LF will be replaced by CRLF the next time Git touches it
warning: in the working copy of 'docs/artifacts/ef946611-af40-43fd-bf86-e6fccc205dca/.tempmediaStorage/dom_1774121838059.txt', LF will be replaced by CRLF the next time Git touches it
warning: in the working copy of 'docs/artifacts/ef946611-af40-43fd-bf86-e6fccc205dca/.tempmediaStorage/dom_1774121845257.txt', LF will be replaced by CRLF the next time Git touches it
warning: in the working copy of 'docs/artifacts/ef946611-af40-43fd-bf86-e6fccc205dca/.tempmediaStorage/dom_1774121849540.txt', LF will be replaced by CRLF the next time Git touches it
warning: in the working copy of 'docs/artifacts/ef946611-af40-43fd-bf86-e6fccc205dca/.tempmediaStorage/dom_1774121854407.txt', LF will be replaced by CRLF the next time Git touches it
warning: in the working copy of 'docs/artifacts/ef946611-af40-43fd-bf86-e6fccc205dca/.tempmediaStorage/dom_1774121854620.txt', LF will be replaced by CRLF the next time Git touches it
warning: in the working copy of 'docs/artifacts/ef946611-af40-43fd-bf86-e6fccc205dca/.tempmediaStorage/dom_1774121861793.txt', LF will be replaced by CRLF the next time Git touches it
warning: in the working copy of 'docs/artifacts/ef946611-af40-43fd-bf86-e6fccc205dca/.tempmediaStorage/dom_1774121869437.txt', LF will be replaced by CRLF the next time Git touches it
warning: in the working copy of 'docs/artifacts/ef946611-af40-43fd-bf86-e6fccc205dca/.tempmediaStorage/dom_1774121875408.txt', LF will be replaced by CRLF the next time Git touches it
warning: in the working copy of 'docs/artifacts/ef946611-af40-43fd-bf86-e6fccc205dca/.tempmediaStorage/dom_1774121888285.txt', LF will be replaced by CRLF the next time Git touches it
warning: in the working copy of 'docs/artifacts/ef946611-af40-43fd-bf86-e6fccc205dca/.tempmediaStorage/dom_1774121894854.txt', LF will be replaced by CRLF the next time Git touches it
warning: in the working copy of 'docs/artifacts/ef946611-af40-43fd-bf86-e6fccc205dca/.tempmediaStorage/dom_1774121901797.txt', LF will be replaced by CRLF the next time Git touches it
warning: in the working copy of 'docs/artifacts/ef946611-af40-43fd-bf86-e6fccc205dca/.tempmediaStorage/dom_1774121907770.txt', LF will be replaced by CRLF the next time Git touches it
warning: in the working copy of 'docs/artifacts/ef946611-af40-43fd-bf86-e6fccc205dca/.tempmediaStorage/dom_1774121915156.txt', LF will be replaced by CRLF the next time Git touches it
warning: in the working copy of 'docs/artifacts/ef946611-af40-43fd-bf86-e6fccc205dca/.tempmediaStorage/dom_1774121922481.txt', LF will be replaced by CRLF the next time Git touches it
warning: in the working copy of 'docs/artifacts/ef946611-af40-43fd-bf86-e6fccc205dca/.tempmediaStorage/dom_1774121931073.txt', LF will be replaced by CRLF the next time Git touches it
warning: in the working copy of 'docs/artifacts/ef946611-af40-43fd-bf86-e6fccc205dca/.tempmediaStorage/dom_1774121937869.txt', LF will be replaced by CRLF the next time Git touches it
warning: in the working copy of 'docs/artifacts/ef946611-af40-43fd-bf86-e6fccc205dca/.tempmediaStorage/dom_1774121943307.txt', LF will be replaced by CRLF the next time Git touches it
warning: in the working copy of 'docs/artifacts/ef946611-af40-43fd-bf86-e6fccc205dca/.tempmediaStorage/dom_1774121951207.txt', LF will be replaced by CRLF the next time Git touches it
warning: in the working copy of 'docs/artifacts/ef946611-af40-43fd-bf86-e6fccc205dca/.tempmediaStorage/dom_1774121959895.txt', LF will be replaced by CRLF the next time Git touches it
warning: in the working copy of 'docs/artifacts/ef946611-af40-43fd-bf86-e6fccc205dca/.tempmediaStorage/dom_1774121967821.txt', LF will be replaced by CRLF the next time Git touches it
warning: in the working copy of 'docs/artifacts/ef946611-af40-43fd-bf86-e6fccc205dca/.tempmediaStorage/dom_1774121975134.txt', LF will be replaced by CRLF the next time Git touches it
warning: in the working copy of 'docs/artifacts/ef946611-af40-43fd-bf86-e6fccc205dca/.tempmediaStorage/dom_1774121981324.txt', LF will be replaced by CRLF the next time Git touches it
warning: in the working copy of 'docs/artifacts/ef946611-af40-43fd-bf86-e6fccc205dca/.tempmediaStorage/dom_1774121993226.txt', LF will be replaced by CRLF the next time Git touches it
warning: in the working copy of 'docs/artifacts/ef946611-af40-43fd-bf86-e6fccc205dca/.tempmediaStorage/dom_1774122059383.txt', LF will be replaced by CRLF the next time Git touches it
warning: in the working copy of 'docs/artifacts/ef946611-af40-43fd-bf86-e6fccc205dca/.tempmediaStorage/dom_1774122065313.txt', LF will be replaced by CRLF the next time Git touches it
warning: in the working copy of 'docs/artifacts/ef946611-af40-43fd-bf86-e6fccc205dca/.tempmediaStorage/dom_1774122071830.txt', LF will be replaced by CRLF the next time Git touches it
warning: in the working copy of 'docs/artifacts/ef946611-af40-43fd-bf86-e6fccc205dca/.tempmediaStorage/dom_1774122124849.txt', LF will be replaced by CRLF the next time Git touches it
warning: in the working copy of 'docs/artifacts/ef946611-af40-43fd-bf86-e6fccc205dca/.tempmediaStorage/dom_1774122132923.txt', LF will be replaced by CRLF the next time Git touches it
warning: in the working copy of 'docs/artifacts/ef946611-af40-43fd-bf86-e6fccc205dca/.tempmediaStorage/dom_1774122133145.txt', LF will be replaced by CRLF the next time Git touches it
warning: in the working copy of 'docs/artifacts/ef946611-af40-43fd-bf86-e6fccc205dca/.tempmediaStorage/dom_1774122152968.txt', LF will be replaced by CRLF the next time Git touches it
warning: in the working copy of 'docs/artifacts/ef946611-af40-43fd-bf86-e6fccc205dca/.tempmediaStorage/dom_1774122159337.txt', LF will be replaced by CRLF the next time Git touches it
warning: in the working copy of 'docs/artifacts/ef946611-af40-43fd-bf86-e6fccc205dca/.tempmediaStorage/dom_1774122179162.txt', LF will be replaced by CRLF the next time Git touches it
warning: in the working copy of 'docs/artifacts/ef946611-af40-43fd-bf86-e6fccc205dca/.tempmediaStorage/dom_1774122186696.txt', LF will be replaced by CRLF the next time Git touches it
warning: in the working copy of 'docs/artifacts/ef946611-af40-43fd-bf86-e6fccc205dca/.tempmediaStorage/dom_1774122194036.txt', LF will be replaced by CRLF the next time Git touches it
warning: in the working copy of 'docs/artifacts/ef946611-af40-43fd-bf86-e6fccc205dca/.tempmediaStorage/dom_1774122200060.txt', LF will be replaced by CRLF the next time Git touches it
warning: in the working copy of 'docs/artifacts/ef946611-af40-43fd-bf86-e6fccc205dca/.tempmediaStorage/dom_1774122204955.txt', LF will be replaced by CRLF the next time Git touches it
warning: in the working copy of 'docs/artifacts/ef946611-af40-43fd-bf86-e6fccc205dca/.tempmediaStorage/dom_1774122214660.txt', LF will be replaced by CRLF the next time Git touches it
warning: in the working copy of 'docs/artifacts/ef946611-af40-43fd-bf86-e6fccc205dca/.tempmediaStorage/dom_1774122222036.txt', LF will be replaced by CRLF the next time Git touches it
warning: in the working copy of 'docs/artifacts/ef946611-af40-43fd-bf86-e6fccc205dca/.tempmediaStorage/dom_1774122230104.txt', LF will be replaced by CRLF the next time Git touches it
warning: in the working copy of 'docs/artifacts/ef946611-af40-43fd-bf86-e6fccc205dca/.tempmediaStorage/dom_1774122242239.txt', LF will be replaced by CRLF the next time Git touches it
warning: in the working copy of 'docs/artifacts/ef946611-af40-43fd-bf86-e6fccc205dca/.tempmediaStorage/dom_1774122251138.txt', LF will be replaced by CRLF the next time Git touches it
warning: in the working copy of 'docs/artifacts/ef946611-af40-43fd-bf86-e6fccc205dca/.tempmediaStorage/dom_1774122259560.txt', LF will be replaced by CRLF the next time Git touches it
warning: in the working copy of 'docs/artifacts/ef946611-af40-43fd-bf86-e6fccc205dca/.tempmediaStorage/dom_1774122270166.txt', LF will be replaced by CRLF the next time Git touches it
warning: in the working copy of 'docs/artifacts/ef946611-af40-43fd-bf86-e6fccc205dca/.tempmediaStorage/dom_1774122275669.txt', LF will be replaced by CRLF the next time Git touches it
warning: in the working copy of 'docs/artifacts/ef946611-af40-43fd-bf86-e6fccc205dca/.tempmediaStorage/dom_1774122288416.txt', LF will be replaced by CRLF the next time Git touches it
warning: in the working copy of 'docs/artifacts/ef946611-af40-43fd-bf86-e6fccc205dca/.tempmediaStorage/dom_1774122297170.txt', LF will be replaced by CRLF the next time Git touches it
warning: in the working copy of 'docs/artifacts/ef946611-af40-43fd-bf86-e6fccc205dca/.tempmediaStorage/dom_1774122307625.txt', LF will be replaced by CRLF the next time Git touches it
warning: in the working copy of 'docs/artifacts/ef946611-af40-43fd-bf86-e6fccc205dca/.tempmediaStorage/dom_1774123139887.txt', LF will be replaced by CRLF the next time Git touches it
warning: in the working copy of 'docs/artifacts/ef946611-af40-43fd-bf86-e6fccc205dca/.tempmediaStorage/dom_1774157912071.txt', LF will be replaced by CRLF the next time Git touches it
warning: in the working copy of 'docs/artifacts/ef946611-af40-43fd-bf86-e6fccc205dca/.tempmediaStorage/dom_1774158014759.txt', LF will be replaced by CRLF the next time Git touches it
warning: in the working copy of 'docs/artifacts/ef946611-af40-43fd-bf86-e6fccc205dca/.tempmediaStorage/dom_1774158019315.txt', LF will be replaced by CRLF the next time Git touches it
warning: in the working copy of 'docs/artifacts/ef946611-af40-43fd-bf86-e6fccc205dca/.tempmediaStorage/dom_1774158024082.txt', LF will be replaced by CRLF the next time Git touches it
warning: in the working copy of 'docs/artifacts/ef946611-af40-43fd-bf86-e6fccc205dca/.tempmediaStorage/dom_1774158028454.txt', LF will be replaced by CRLF the next time Git touches it
warning: in the working copy of 'docs/artifacts/ef946611-af40-43fd-bf86-e6fccc205dca/.tempmediaStorage/dom_1774158032780.txt', LF will be replaced by CRLF the next time Git touches it
warning: in the working copy of 'docs/artifacts/ef946611-af40-43fd-bf86-e6fccc205dca/.tempmediaStorage/dom_1774158037841.txt', LF will be replaced by CRLF the next time Git touches it
warning: in the working copy of 'docs/artifacts/ef946611-af40-43fd-bf86-e6fccc205dca/.tempmediaStorage/dom_1774158043510.txt', LF will be replaced by CRLF the next time Git touches it
warning: in the working copy of 'docs/artifacts/ef946611-af40-43fd-bf86-e6fccc205dca/.tempmediaStorage/dom_1774158052094.txt', LF will be replaced by CRLF the next time Git touches it
warning: in the working copy of 'docs/artifacts/ef946611-af40-43fd-bf86-e6fccc205dca/.tempmediaStorage/dom_1774158052253.txt', LF will be replaced by CRLF the next time Git touches it
warning: in the working copy of 'docs/artifacts/ef946611-af40-43fd-bf86-e6fccc205dca/.tempmediaStorage/dom_1774158058010.txt', LF will be replaced by CRLF the next time Git touches it
warning: in the working copy of 'docs/artifacts/ef946611-af40-43fd-bf86-e6fccc205dca/.tempmediaStorage/dom_1774158063944.txt', LF will be replaced by CRLF the next time Git touches it
warning: in the working copy of 'docs/artifacts/ef946611-af40-43fd-bf86-e6fccc205dca/.tempmediaStorage/dom_1774158070848.txt', LF will be replaced by CRLF the next time Git touches it
warning: in the working copy of 'docs/artifacts/ef946611-af40-43fd-bf86-e6fccc205dca/.tempmediaStorage/dom_1774158071021.txt', LF will be replaced by CRLF the next time Git touches it
warning: in the working copy of 'docs/artifacts/ef946611-af40-43fd-bf86-e6fccc205dca/.tempmediaStorage/dom_1774158282784.txt', LF will be replaced by CRLF the next time Git touches it
warning: in the working copy of 'docs/artifacts/ef946611-af40-43fd-bf86-e6fccc205dca/.tempmediaStorage/dom_1774158288468.txt', LF will be replaced by CRLF the next time Git touches it
warning: in the working copy of 'docs/artifacts/ef946611-af40-43fd-bf86-e6fccc205dca/.tempmediaStorage/dom_1774158296040.txt', LF will be replaced by CRLF the next time Git touches it
warning: in the working copy of 'docs/artifacts/ef946611-af40-43fd-bf86-e6fccc205dca/.tempmediaStorage/dom_1774158300986.txt', LF will be replaced by CRLF the next time Git touches it
warning: in the working copy of 'docs/artifacts/ef946611-af40-43fd-bf86-e6fccc205dca/.tempmediaStorage/dom_1774158301258.txt', LF will be replaced by CRLF the next time Git touches it
warning: in the working copy of 'docs/artifacts/ef946611-af40-43fd-bf86-e6fccc205dca/.tempmediaStorage/dom_1774158307225.txt', LF will be replaced by CRLF the next time Git touches it
warning: in the working copy of 'docs/artifacts/ef946611-af40-43fd-bf86-e6fccc205dca/.tempmediaStorage/dom_1774158311206.txt', LF will be replaced by CRLF the next time Git touches it
warning: in the working copy of 'docs/artifacts/ef946611-af40-43fd-bf86-e6fccc205dca/.tempmediaStorage/dom_1774158317717.txt', LF will be replaced by CRLF the next time Git touches it
warning: in the working copy of 'docs/artifacts/ef946611-af40-43fd-bf86-e6fccc205dca/.tempmediaStorage/dom_1774158324230.txt', LF will be replaced by CRLF the next time Git touches it
warning: in the working copy of 'docs/artifacts/ef946611-af40-43fd-bf86-e6fccc205dca/.tempmediaStorage/dom_1774158329418.txt', LF will be replaced by CRLF the next time Git touches it
warning: in the working copy of 'docs/artifacts/ef946611-af40-43fd-bf86-e6fccc205dca/.tempmediaStorage/dom_1774158338399.txt', LF will be replaced by CRLF the next time Git touches it
warning: in the working copy of 'docs/artifacts/ef946611-af40-43fd-bf86-e6fccc205dca/.tempmediaStorage/dom_1774158347211.txt', LF will be replaced by CRLF the next time Git touches it
warning: in the working copy of 'docs/artifacts/ef946611-af40-43fd-bf86-e6fccc205dca/.tempmediaStorage/dom_1774159165529.txt', LF will be replaced by CRLF the next time Git touches it
warning: in the working copy of 'docs/artifacts/ef946611-af40-43fd-bf86-e6fccc205dca/.tempmediaStorage/dom_1774159190627.txt', LF will be replaced by CRLF the next time Git touches it
warning: in the working copy of 'docs/artifacts/ef946611-af40-43fd-bf86-e6fccc205dca/.tempmediaStorage/dom_1774159200157.txt', LF will be replaced by CRLF the next time Git touches it
warning: in the working copy of 'docs/artifacts/ef946611-af40-43fd-bf86-e6fccc205dca/.tempmediaStorage/dom_1774159244151.txt', LF will be replaced by CRLF the next time Git touches it
warning: in the working copy of 'docs/artifacts/ef946611-af40-43fd-bf86-e6fccc205dca/.tempmediaStorage/dom_1774159244236.txt', LF will be replaced by CRLF the next time Git touches it
warning: in the working copy of 'docs/artifacts/ef946611-af40-43fd-bf86-e6fccc205dca/.tempmediaStorage/dom_1774159250587.txt', LF will be replaced by CRLF the next time Git touches it
warning: in the working copy of 'docs/artifacts/ef946611-af40-43fd-bf86-e6fccc205dca/.tempmediaStorage/dom_1774159257196.txt', LF will be replaced by CRLF the next time Git touches it
warning: in the working copy of 'docs/artifacts/ef946611-af40-43fd-bf86-e6fccc205dca/.tempmediaStorage/dom_1774159257322.txt', LF will be replaced by CRLF the next time Git touches it
warning: in the working copy of 'docs/artifacts/ef946611-af40-43fd-bf86-e6fccc205dca/.tempmediaStorage/dom_1774159264192.txt', LF will be replaced by CRLF the next time Git touches it
warning: in the working copy of 'docs/artifacts/ef946611-af40-43fd-bf86-e6fccc205dca/.tempmediaStorage/dom_1774159264283.txt', LF will be replaced by CRLF the next time Git touches it
warning: in the working copy of 'docs/artifacts/ef946611-af40-43fd-bf86-e6fccc205dca/.tempmediaStorage/dom_1774159272703.txt', LF will be replaced by CRLF the next time Git touches it
warning: in the working copy of 'docs/artifacts/ef946611-af40-43fd-bf86-e6fccc205dca/.tempmediaStorage/dom_1774159281045.txt', LF will be replaced by CRLF the next time Git touches it
warning: in the working copy of 'docs/artifacts/ef946611-af40-43fd-bf86-e6fccc205dca/.tempmediaStorage/dom_1774159810952.txt', LF will be replaced by CRLF the next time Git touches it
warning: in the working copy of 'docs/artifacts/ef946611-af40-43fd-bf86-e6fccc205dca/.tempmediaStorage/dom_1774159816488.txt', LF will be replaced by CRLF the next time Git touches it
warning: in the working copy of 'docs/artifacts/ef946611-af40-43fd-bf86-e6fccc205dca/.tempmediaStorage/dom_1774159820851.txt', LF will be replaced by CRLF the next time Git touches it
warning: in the working copy of 'docs/artifacts/ef946611-af40-43fd-bf86-e6fccc205dca/.tempmediaStorage/dom_1774159826272.txt', LF will be replaced by CRLF the next time Git touches it
warning: in the working copy of 'docs/artifacts/ef946611-af40-43fd-bf86-e6fccc205dca/.tempmediaStorage/dom_1774159832007.txt', LF will be replaced by CRLF the next time Git touches it
warning: in the working copy of 'docs/artifacts/ef946611-af40-43fd-bf86-e6fccc205dca/.tempmediaStorage/dom_1774159839914.txt', LF will be replaced by CRLF the next time Git touches it
warning: in the working copy of 'docs/artifacts/ef946611-af40-43fd-bf86-e6fccc205dca/.tempmediaStorage/dom_1774159846791.txt', LF will be replaced by CRLF the next time Git touches it
warning: in the working copy of 'docs/artifacts/ef946611-af40-43fd-bf86-e6fccc205dca/.tempmediaStorage/dom_1774159852137.txt', LF will be replaced by CRLF the next time Git touches it
warning: in the working copy of 'docs/artifacts/ef946611-af40-43fd-bf86-e6fccc205dca/.tempmediaStorage/dom_1774159857348.txt', LF will be replaced by CRLF the next time Git touches it
warning: in the working copy of 'docs/artifacts/ef946611-af40-43fd-bf86-e6fccc205dca/.tempmediaStorage/dom_1774159867018.txt', LF will be replaced by CRLF the next time Git touches it
warning: in the working copy of 'docs/artifacts/ef946611-af40-43fd-bf86-e6fccc205dca/.tempmediaStorage/dom_1774159871170.txt', LF will be replaced by CRLF the next time Git touches it
warning: in the working copy of 'docs/artifacts/ef946611-af40-43fd-bf86-e6fccc205dca/.tempmediaStorage/dom_1774159878787.txt', LF will be replaced by CRLF the next time Git touches it
warning: in the working copy of 'docs/artifacts/ef946611-af40-43fd-bf86-e6fccc205dca/.tempmediaStorage/dom_1774159886025.txt', LF will be replaced by CRLF the next time Git touches it
warning: in the working copy of 'docs/artifacts/ef946611-af40-43fd-bf86-e6fccc205dca/.tempmediaStorage/dom_1774159894098.txt', LF will be replaced by CRLF the next time Git touches it
warning: in the working copy of 'docs/artifacts/ef946611-af40-43fd-bf86-e6fccc205dca/.tempmediaStorage/dom_1774159899191.txt', LF will be replaced by CRLF the next time Git touches it
warning: in the working copy of 'docs/artifacts/ef946611-af40-43fd-bf86-e6fccc205dca/.tempmediaStorage/dom_1774159906160.txt', LF will be replaced by CRLF the next time Git touches it
warning: in the working copy of 'docs/artifacts/ef946611-af40-43fd-bf86-e6fccc205dca/.tempmediaStorage/dom_1774159912500.txt', LF will be replaced by CRLF the next time Git touches it
warning: in the working copy of 'docs/artifacts/ef946611-af40-43fd-bf86-e6fccc205dca/.tempmediaStorage/dom_1774159919011.txt', LF will be replaced by CRLF the next time Git touches it
warning: in the working copy of 'docs/artifacts/ef946611-af40-43fd-bf86-e6fccc205dca/.tempmediaStorage/dom_1774159927938.txt', LF will be replaced by CRLF the next time Git touches it
warning: in the working copy of 'docs/artifacts/ef946611-af40-43fd-bf86-e6fccc205dca/.tempmediaStorage/dom_1774160063477.txt', LF will be replaced by CRLF the next time Git touches it
warning: in the working copy of 'docs/artifacts/ef946611-af40-43fd-bf86-e6fccc205dca/.tempmediaStorage/dom_1774160072187.txt', LF will be replaced by CRLF the next time Git touches it
warning: in the working copy of 'docs/artifacts/ef946611-af40-43fd-bf86-e6fccc205dca/.tempmediaStorage/dom_1774160080957.txt', LF will be replaced by CRLF the next time Git touches it
warning: in the working copy of 'docs/artifacts/ef946611-af40-43fd-bf86-e6fccc205dca/.tempmediaStorage/dom_1774160097578.txt', LF will be replaced by CRLF the next time Git touches it
warning: in the working copy of 'docs/artifacts/ef946611-af40-43fd-bf86-e6fccc205dca/.tempmediaStorage/dom_1774160234065.txt', LF will be replaced by CRLF the next time Git touches it
warning: in the working copy of 'docs/artifacts/ef946611-af40-43fd-bf86-e6fccc205dca/.tempmediaStorage/dom_1774160240171.txt', LF will be replaced by CRLF the next time Git touches it
warning: in the working copy of 'docs/artifacts/ef946611-af40-43fd-bf86-e6fccc205dca/.tempmediaStorage/dom_1774160244883.txt', LF will be replaced by CRLF the next time Git touches it
warning: in the working copy of 'docs/artifacts/ef946611-af40-43fd-bf86-e6fccc205dca/.tempmediaStorage/dom_1774160245169.txt', LF will be replaced by CRLF the next time Git touches it
warning: in the working copy of 'docs/artifacts/ef946611-af40-43fd-bf86-e6fccc205dca/.tempmediaStorage/dom_1774160249723.txt', LF will be replaced by CRLF the next time Git touches it
warning: in the working copy of 'docs/artifacts/ef946611-af40-43fd-bf86-e6fccc205dca/.tempmediaStorage/dom_1774161360822.txt', LF will be replaced by CRLF the next time Git touches it
warning: in the working copy of 'docs/artifacts/ef946611-af40-43fd-bf86-e6fccc205dca/browser/scratchpad_1xdxl5t7.md', LF will be replaced by CRLF the next time Git touches it
warning: in the working copy of 'docs/artifacts/ef946611-af40-43fd-bf86-e6fccc205dca/browser/scratchpad_1xdxl5t7.md.resolved', LF will be replaced by CRLF the next time Git touches it
warning: in the working copy of 'docs/artifacts/ef946611-af40-43fd-bf86-e6fccc205dca/browser/scratchpad_1xdxl5t7.md.resolved.0', LF will be replaced by CRLF the next time Git touches it
warning: in the working copy of 'docs/artifacts/ef946611-af40-43fd-bf86-e6fccc205dca/browser/scratchpad_4vypqorv.md', LF will be replaced by CRLF the next time Git touches it
warning: in the working copy of 'docs/artifacts/ef946611-af40-43fd-bf86-e6fccc205dca/browser/scratchpad_4vypqorv.md.resolved', LF will be replaced by CRLF the next time Git touches it
warning: in the working copy of 'docs/artifacts/ef946611-af40-43fd-bf86-e6fccc205dca/browser/scratchpad_4vypqorv.md.resolved.0', LF will be replaced by CRLF the next time Git touches it
warning: in the working copy of 'docs/artifacts/ef946611-af40-43fd-bf86-e6fccc205dca/browser/scratchpad_ckry81co.md', LF will be replaced by CRLF the next time Git touches it
warning: in the working copy of 'docs/artifacts/ef946611-af40-43fd-bf86-e6fccc205dca/browser/scratchpad_ckry81co.md.resolved', LF will be replaced by CRLF the next time Git touches it
warning: in the working copy of 'docs/artifacts/ef946611-af40-43fd-bf86-e6fccc205dca/browser/scratchpad_ckry81co.md.resolved.0', LF will be replaced by CRLF the next time Git touches it
warning: in the working copy of 'docs/artifacts/ef946611-af40-43fd-bf86-e6fccc205dca/browser/scratchpad_kc8u36cs.md', LF will be replaced by CRLF the next time Git touches it
warning: in the working copy of 'docs/artifacts/ef946611-af40-43fd-bf86-e6fccc205dca/browser/scratchpad_kc8u36cs.md.resolved', LF will be replaced by CRLF the next time Git touches it
warning: in the working copy of 'docs/artifacts/ef946611-af40-43fd-bf86-e6fccc205dca/browser/scratchpad_kc8u36cs.md.resolved.0', LF will be replaced by CRLF the next time Git touches it
warning: in the working copy of 'docs/artifacts/ef946611-af40-43fd-bf86-e6fccc205dca/browser/scratchpad_kc8u36cs.md.resolved.1', LF will be replaced by CRLF the next time Git touches it
warning: in the working copy of 'docs/artifacts/ef946611-af40-43fd-bf86-e6fccc205dca/browser/scratchpad_m19h4d98.md', LF will be replaced by CRLF the next time Git touches it
warning: in the working copy of 'docs/artifacts/ef946611-af40-43fd-bf86-e6fccc205dca/browser/scratchpad_m19h4d98.md.resolved', LF will be replaced by CRLF the next time Git touches it
warning: in the working copy of 'docs/artifacts/ef946611-af40-43fd-bf86-e6fccc205dca/browser/scratchpad_m19h4d98.md.resolved.0', LF will be replaced by CRLF the next time Git touches it
warning: in the working copy of 'docs/artifacts/ef946611-af40-43fd-bf86-e6fccc205dca/browser/scratchpad_m19h4d98.md.resolved.1', LF will be replaced by CRLF the next time Git touches it
warning: in the working copy of 'docs/artifacts/ef946611-af40-43fd-bf86-e6fccc205dca/browser/scratchpad_m19h4d98.md.resolved.2', LF will be replaced by CRLF the next time Git touches it
warning: in the working copy of 'docs/artifacts/ef946611-af40-43fd-bf86-e6fccc205dca/implementation_plan.md', LF will be replaced by CRLF the next time Git touches it
warning: in the working copy of 'docs/artifacts/ef946611-af40-43fd-bf86-e6fccc205dca/implementation_plan.md.metadata.json', LF will be replaced by CRLF the next time Git touches it
warning: in the working copy of 'docs/artifacts/ef946611-af40-43fd-bf86-e6fccc205dca/implementation_plan.md.resolved', LF will be replaced by CRLF the next time Git touches it
warning: in the working copy of 'docs/artifacts/ef946611-af40-43fd-bf86-e6fccc205dca/implementation_plan.md.resolved.0', LF will be replaced by CRLF the next time Git touches it
warning: in the working copy of 'docs/artifacts/ef946611-af40-43fd-bf86-e6fccc205dca/io_optimization_report.md', LF will be replaced by CRLF the next time Git touches it
warning: in the working copy of 'docs/artifacts/ef946611-af40-43fd-bf86-e6fccc205dca/io_optimization_report.md.metadata.json', LF will be replaced by CRLF the next time Git touches it
warning: in the working copy of 'docs/artifacts/ef946611-af40-43fd-bf86-e6fccc205dca/io_optimization_report.md.resolved', LF will be replaced by CRLF the next time Git touches it
warning: in the working copy of 'docs/artifacts/ef946611-af40-43fd-bf86-e6fccc205dca/io_optimization_report.md.resolved.0', LF will be replaced by CRLF the next time Git touches it
warning: in the working copy of 'docs/artifacts/ef946611-af40-43fd-bf86-e6fccc205dca/task.md', LF will be replaced by CRLF the next time Git touches it
warning: in the working copy of 'docs/artifacts/ef946611-af40-43fd-bf86-e6fccc205dca/task.md.metadata.json', LF will be replaced by CRLF the next time Git touches it
warning: in the working copy of 'docs/artifacts/ef946611-af40-43fd-bf86-e6fccc205dca/task.md.resolved', LF will be replaced by CRLF the next time Git touches it
warning: in the working copy of 'docs/artifacts/ef946611-af40-43fd-bf86-e6fccc205dca/task.md.resolved.0', LF will be replaced by CRLF the next time Git touches it
warning: in the working copy of 'docs/artifacts/f2dac644-195e-4a29-aa70-eb9b7743f5f4/.tempmediaStorage/dom_1779025911759.txt', LF will be replaced by CRLF the next time Git touches it
warning: in the working copy of 'docs/artifacts/f2dac644-195e-4a29-aa70-eb9b7743f5f4/.tempmediaStorage/dom_1779025917617.txt', LF will be replaced by CRLF the next time Git touches it
warning: in the working copy of 'docs/artifacts/f2dac644-195e-4a29-aa70-eb9b7743f5f4/.tempmediaStorage/dom_1779025920797.txt', LF will be replaced by CRLF the next time Git touches it
warning: in the working copy of 'docs/artifacts/f2dac644-195e-4a29-aa70-eb9b7743f5f4/.tempmediaStorage/dom_1779025924883.txt', LF will be replaced by CRLF the next time Git touches it
warning: in the working copy of 'docs/artifacts/f2dac644-195e-4a29-aa70-eb9b7743f5f4/.tempmediaStorage/dom_1779025928013.txt', LF will be replaced by CRLF the next time Git touches it
warning: in the working copy of 'docs/artifacts/f2dac644-195e-4a29-aa70-eb9b7743f5f4/.tempmediaStorage/dom_1779025930551.txt', LF will be replaced by CRLF the next time Git touches it
warning: in the working copy of 'docs/artifacts/f2dac644-195e-4a29-aa70-eb9b7743f5f4/.tempmediaStorage/dom_1779025934549.txt', LF will be replaced by CRLF the next time Git touches it
warning: in the working copy of 'docs/artifacts/f2dac644-195e-4a29-aa70-eb9b7743f5f4/.tempmediaStorage/dom_1779025938498.txt', LF will be replaced by CRLF the next time Git touches it
warning: in the working copy of 'docs/artifacts/f2dac644-195e-4a29-aa70-eb9b7743f5f4/.tempmediaStorage/dom_1779025941164.txt', LF will be replaced by CRLF the next time Git touches it
warning: in the working copy of 'docs/artifacts/f2dac644-195e-4a29-aa70-eb9b7743f5f4/.tempmediaStorage/dom_1779026038905.txt', LF will be replaced by CRLF the next time Git touches it
warning: in the working copy of 'docs/artifacts/f2dac644-195e-4a29-aa70-eb9b7743f5f4/.tempmediaStorage/dom_1779026041798.txt', LF will be replaced by CRLF the next time Git touches it
warning: in the working copy of 'docs/artifacts/f2dac644-195e-4a29-aa70-eb9b7743f5f4/.tempmediaStorage/dom_1779026045145.txt', LF will be replaced by CRLF the next time Git touches it
warning: in the working copy of 'docs/artifacts/f2dac644-195e-4a29-aa70-eb9b7743f5f4/.tempmediaStorage/dom_1779026048214.txt', LF will be replaced by CRLF the next time Git touches it
warning: in the working copy of 'docs/artifacts/f2dac644-195e-4a29-aa70-eb9b7743f5f4/.tempmediaStorage/dom_1779026052553.txt', LF will be replaced by CRLF the next time Git touches it
warning: in the working copy of 'docs/artifacts/f2dac644-195e-4a29-aa70-eb9b7743f5f4/.tempmediaStorage/dom_1779026052633.txt', LF will be replaced by CRLF the next time Git touches it
warning: in the working copy of 'docs/artifacts/f2dac644-195e-4a29-aa70-eb9b7743f5f4/.tempmediaStorage/dom_1779026057917.txt', LF will be replaced by CRLF the next time Git touches it
warning: in the working copy of 'docs/artifacts/f2dac644-195e-4a29-aa70-eb9b7743f5f4/.tempmediaStorage/dom_1779026063666.txt', LF will be replaced by CRLF the next time Git touches it
warning: in the working copy of 'docs/artifacts/f2dac644-195e-4a29-aa70-eb9b7743f5f4/.tempmediaStorage/dom_1779026068969.txt', LF will be replaced by CRLF the next time Git touches it
warning: in the working copy of 'docs/artifacts/f2dac644-195e-4a29-aa70-eb9b7743f5f4/.tempmediaStorage/dom_1779026074251.txt', LF will be replaced by CRLF the next time Git touches it
warning: in the working copy of 'docs/artifacts/f2dac644-195e-4a29-aa70-eb9b7743f5f4/.tempmediaStorage/dom_1779026078118.txt', LF will be replaced by CRLF the next time Git touches it
warning: in the working copy of 'docs/artifacts/f2dac644-195e-4a29-aa70-eb9b7743f5f4/.tempmediaStorage/dom_1779026081096.txt', LF will be replaced by CRLF the next time Git touches it
warning: in the working copy of 'docs/artifacts/f2dac644-195e-4a29-aa70-eb9b7743f5f4/.tempmediaStorage/dom_1779026084117.txt', LF will be replaced by CRLF the next time Git touches it
warning: in the working copy of 'docs/artifacts/f2dac644-195e-4a29-aa70-eb9b7743f5f4/.tempmediaStorage/dom_1779026089944.txt', LF will be replaced by CRLF the next time Git touches it
warning: in the working copy of 'docs/artifacts/f2dac644-195e-4a29-aa70-eb9b7743f5f4/.tempmediaStorage/dom_1779026092730.txt', LF will be replaced by CRLF the next time Git touches it
warning: in the working copy of 'docs/artifacts/f2dac644-195e-4a29-aa70-eb9b7743f5f4/.tempmediaStorage/dom_1779026095250.txt', LF will be replaced by CRLF the next time Git touches it
warning: in the working copy of 'docs/artifacts/f2dac644-195e-4a29-aa70-eb9b7743f5f4/.tempmediaStorage/dom_1779026098820.txt', LF will be replaced by CRLF the next time Git touches it
warning: in the working copy of 'docs/artifacts/f2dac644-195e-4a29-aa70-eb9b7743f5f4/.tempmediaStorage/dom_1779027372180.txt', LF will be replaced by CRLF the next time Git touches it
warning: in the working copy of 'docs/artifacts/f2dac644-195e-4a29-aa70-eb9b7743f5f4/.tempmediaStorage/dom_1779027378548.txt', LF will be replaced by CRLF the next time Git touches it
warning: in the working copy of 'docs/artifacts/f2dac644-195e-4a29-aa70-eb9b7743f5f4/.tempmediaStorage/dom_1779027384764.txt', LF will be replaced by CRLF the next time Git touches it
warning: in the working copy of 'docs/artifacts/f2dac644-195e-4a29-aa70-eb9b7743f5f4/.tempmediaStorage/dom_1779027390973.txt', LF will be replaced by CRLF the next time Git touches it
warning: in the working copy of 'docs/artifacts/f2dac644-195e-4a29-aa70-eb9b7743f5f4/.tempmediaStorage/dom_1779027398364.txt', LF will be replaced by CRLF the next time Git touches it
warning: in the working copy of 'docs/artifacts/f2dac644-195e-4a29-aa70-eb9b7743f5f4/.tempmediaStorage/dom_1779027402130.txt', LF will be replaced by CRLF the next time Git touches it
warning: in the working copy of 'docs/artifacts/f2dac644-195e-4a29-aa70-eb9b7743f5f4/.tempmediaStorage/dom_1779027410178.txt', LF will be replaced by CRLF the next time Git touches it
warning: in the working copy of 'docs/artifacts/f2dac644-195e-4a29-aa70-eb9b7743f5f4/.tempmediaStorage/dom_1779027410263.txt', LF will be replaced by CRLF the next time Git touches it
warning: in the working copy of 'docs/artifacts/f2dac644-195e-4a29-aa70-eb9b7743f5f4/.tempmediaStorage/dom_1779027415728.txt', LF will be replaced by CRLF the next time Git touches it
warning: in the working copy of 'docs/artifacts/f2dac644-195e-4a29-aa70-eb9b7743f5f4/.tempmediaStorage/dom_1779027423182.txt', LF will be replaced by CRLF the next time Git touches it
warning: in the working copy of 'docs/artifacts/f2dac644-195e-4a29-aa70-eb9b7743f5f4/.tempmediaStorage/dom_1779027432613.txt', LF will be replaced by CRLF the next time Git touches it
warning: in the working copy of 'docs/artifacts/f2dac644-195e-4a29-aa70-eb9b7743f5f4/.tempmediaStorage/dom_1779027439105.txt', LF will be replaced by CRLF the next time Git touches it
warning: in the working copy of 'docs/artifacts/f2dac644-195e-4a29-aa70-eb9b7743f5f4/.tempmediaStorage/dom_1779027451956.txt', LF will be replaced by CRLF the next time Git touches it
warning: in the working copy of 'docs/artifacts/f2dac644-195e-4a29-aa70-eb9b7743f5f4/.tempmediaStorage/dom_1779027456934.txt', LF will be replaced by CRLF the next time Git touches it
warning: in the working copy of 'docs/artifacts/f2dac644-195e-4a29-aa70-eb9b7743f5f4/.tempmediaStorage/dom_1779027487432.txt', LF will be replaced by CRLF the next time Git touches it
warning: in the working copy of 'docs/artifacts/f2dac644-195e-4a29-aa70-eb9b7743f5f4/.tempmediaStorage/dom_1779027492884.txt', LF will be replaced by CRLF the next time Git touches it
warning: in the working copy of 'docs/artifacts/f2dac644-195e-4a29-aa70-eb9b7743f5f4/.tempmediaStorage/dom_1779027497143.txt', LF will be replaced by CRLF the next time Git touches it
warning: in the working copy of 'docs/artifacts/f2dac644-195e-4a29-aa70-eb9b7743f5f4/.tempmediaStorage/dom_1779027504624.txt', LF will be replaced by CRLF the next time Git touches it
warning: in the working copy of 'docs/artifacts/f2dac644-195e-4a29-aa70-eb9b7743f5f4/.tempmediaStorage/dom_1779027510316.txt', LF will be replaced by CRLF the next time Git touches it
warning: in the working copy of 'docs/artifacts/f2dac644-195e-4a29-aa70-eb9b7743f5f4/.tempmediaStorage/dom_1779027515648.txt', LF will be replaced by CRLF the next time Git touches it
warning: in the working copy of 'docs/artifacts/f2dac644-195e-4a29-aa70-eb9b7743f5f4/.tempmediaStorage/dom_1779027521750.txt', LF will be replaced by CRLF the next time Git touches it
warning: in the working copy of 'docs/artifacts/f2dac644-195e-4a29-aa70-eb9b7743f5f4/.tempmediaStorage/dom_1779027527696.txt', LF will be replaced by CRLF the next time Git touches it
warning: in the working copy of 'docs/artifacts/f2dac644-195e-4a29-aa70-eb9b7743f5f4/.tempmediaStorage/dom_1779027538936.txt', LF will be replaced by CRLF the next time Git touches it
warning: in the working copy of 'docs/artifacts/f2dac644-195e-4a29-aa70-eb9b7743f5f4/.tempmediaStorage/dom_1779027545047.txt', LF will be replaced by CRLF the next time Git touches it
warning: in the working copy of 'docs/artifacts/f2dac644-195e-4a29-aa70-eb9b7743f5f4/.tempmediaStorage/dom_1779027555512.txt', LF will be replaced by CRLF the next time Git touches it
warning: in the working copy of 'docs/artifacts/f2dac644-195e-4a29-aa70-eb9b7743f5f4/.tempmediaStorage/dom_1779027562565.txt', LF will be replaced by CRLF the next time Git touches it
warning: in the working copy of 'docs/artifacts/f2dac644-195e-4a29-aa70-eb9b7743f5f4/.tempmediaStorage/dom_1779027568654.txt', LF will be replaced by CRLF the next time Git touches it
warning: in the working copy of 'docs/artifacts/f2dac644-195e-4a29-aa70-eb9b7743f5f4/.tempmediaStorage/dom_1779027575263.txt', LF will be replaced by CRLF the next time Git touches it
warning: in the working copy of 'docs/artifacts/f2dac644-195e-4a29-aa70-eb9b7743f5f4/artifacts/project_audit.md', LF will be replaced by CRLF the next time Git touches it
warning: in the working copy of 'docs/artifacts/f2dac644-195e-4a29-aa70-eb9b7743f5f4/artifacts/project_audit.md.metadata.json', LF will be replaced by CRLF the next time Git touches it
warning: in the working copy of 'docs/artifacts/f2dac644-195e-4a29-aa70-eb9b7743f5f4/artifacts/project_audit.md.resolved', LF will be replaced by CRLF the next time Git touches it
warning: in the working copy of 'docs/artifacts/f2dac644-195e-4a29-aa70-eb9b7743f5f4/artifacts/project_audit.md.resolved.0', LF will be replaced by CRLF the next time Git touches it
warning: in the working copy of 'docs/artifacts/f2dac644-195e-4a29-aa70-eb9b7743f5f4/artifacts/project_audit.md.resolved.1', LF will be replaced by CRLF the next time Git touches it
warning: in the working copy of 'docs/artifacts/f2dac644-195e-4a29-aa70-eb9b7743f5f4/artifacts/project_audit.md.resolved.2', LF will be replaced by CRLF the next time Git touches it
warning: in the working copy of 'docs/artifacts/f2dac644-195e-4a29-aa70-eb9b7743f5f4/artifacts/project_audit.md.resolved.3', LF will be replaced by CRLF the next time Git touches it
warning: in the working copy of 'docs/artifacts/f2dac644-195e-4a29-aa70-eb9b7743f5f4/browser/scratchpad_2bztnijr.md', LF will be replaced by CRLF the next time Git touches it
warning: in the working copy of 'docs/artifacts/f2dac644-195e-4a29-aa70-eb9b7743f5f4/browser/scratchpad_2bztnijr.md.resolved', LF will be replaced by CRLF the next time Git touches it
warning: in the working copy of 'docs/artifacts/f2dac644-195e-4a29-aa70-eb9b7743f5f4/browser/scratchpad_2bztnijr.md.resolved.0', LF will be replaced by CRLF the next time Git touches it
warning: in the working copy of 'docs/artifacts/f2dac644-195e-4a29-aa70-eb9b7743f5f4/browser/scratchpad_2bztnijr.md.resolved.1', LF will be replaced by CRLF the next time Git touches it
warning: in the working copy of 'docs/artifacts/f2dac644-195e-4a29-aa70-eb9b7743f5f4/browser/scratchpad_2bztnijr.md.resolved.2', LF will be replaced by CRLF the next time Git touches it
warning: in the working copy of 'docs/artifacts/f2dac644-195e-4a29-aa70-eb9b7743f5f4/browser/scratchpad_2bztnijr.md.resolved.3', LF will be replaced by CRLF the next time Git touches it
warning: in the working copy of 'docs/artifacts/f2dac644-195e-4a29-aa70-eb9b7743f5f4/browser/scratchpad_2bztnijr.md.resolved.4', LF will be replaced by CRLF the next time Git touches it
warning: in the working copy of 'docs/artifacts/f2dac644-195e-4a29-aa70-eb9b7743f5f4/browser/scratchpad_2yg6d5j8.md', LF will be replaced by CRLF the next time Git touches it
warning: in the working copy of 'docs/artifacts/f2dac644-195e-4a29-aa70-eb9b7743f5f4/browser/scratchpad_2yg6d5j8.md.resolved', LF will be replaced by CRLF the next time Git touches it
warning: in the working copy of 'docs/artifacts/f2dac644-195e-4a29-aa70-eb9b7743f5f4/browser/scratchpad_2yg6d5j8.md.resolved.0', LF will be replaced by CRLF the next time Git touches it
warning: in the working copy of 'docs/artifacts/f2dac644-195e-4a29-aa70-eb9b7743f5f4/browser/scratchpad_2yg6d5j8.md.resolved.1', LF will be replaced by CRLF the next time Git touches it
warning: in the working copy of 'docs/artifacts/f2dac644-195e-4a29-aa70-eb9b7743f5f4/browser/scratchpad_2yg6d5j8.md.resolved.2', LF will be replaced by CRLF the next time Git touches it
warning: in the working copy of 'docs/artifacts/f2dac644-195e-4a29-aa70-eb9b7743f5f4/browser/scratchpad_rwgjeql8.md', LF will be replaced by CRLF the next time Git touches it
warning: in the working copy of 'docs/artifacts/f2dac644-195e-4a29-aa70-eb9b7743f5f4/browser/scratchpad_rwgjeql8.md.resolved', LF will be replaced by CRLF the next time Git touches it
warning: in the working copy of 'docs/artifacts/f2dac644-195e-4a29-aa70-eb9b7743f5f4/browser/scratchpad_rwgjeql8.md.resolved.0', LF will be replaced by CRLF the next time Git touches it
warning: in the working copy of 'docs/artifacts/f2dac644-195e-4a29-aa70-eb9b7743f5f4/browser/scratchpad_rwgjeql8.md.resolved.1', LF will be replaced by CRLF the next time Git touches it
warning: in the working copy of 'docs/artifacts/f2dac644-195e-4a29-aa70-eb9b7743f5f4/browser/scratchpad_rwgjeql8.md.resolved.2', LF will be replaced by CRLF the next time Git touches it
warning: in the working copy of 'docs/artifacts/f2dac644-195e-4a29-aa70-eb9b7743f5f4/browser/scratchpad_rwgjeql8.md.resolved.3', LF will be replaced by CRLF the next time Git touches it
warning: in the working copy of 'docs/artifacts/f2dac644-195e-4a29-aa70-eb9b7743f5f4/browser/scratchpad_rwgjeql8.md.resolved.4', LF will be replaced by CRLF the next time Git touches it
warning: in the working copy of 'docs/artifacts/f2dac644-195e-4a29-aa70-eb9b7743f5f4/project_budget_signoff.md', LF will be replaced by CRLF the next time Git touches it
warning: in the working copy of 'docs/artifacts/f2dac644-195e-4a29-aa70-eb9b7743f5f4/project_budget_signoff.md.metadata.json', LF will be replaced by CRLF the next time Git touches it
warning: in the working copy of 'docs/artifacts/f2dac644-195e-4a29-aa70-eb9b7743f5f4/project_budget_signoff.md.resolved', LF will be replaced by CRLF the next time Git touches it
warning: in the working copy of 'docs/artifacts/f2dac644-195e-4a29-aa70-eb9b7743f5f4/project_budget_signoff.md.resolved.0', LF will be replaced by CRLF the next time Git touches it
warning: in the working copy of 'docs/artifacts/f6a96a24-3018-433b-a52c-80403535f52d/implementation_plan.md.metadata.json', LF will be replaced by CRLF the next time Git touches it
warning: in the working copy of 'docs/artifacts/f6a96a24-3018-433b-a52c-80403535f52d/implementation_plan.md.resolved', LF will be replaced by CRLF the next time Git touches it
warning: in the working copy of 'docs/artifacts/f6a96a24-3018-433b-a52c-80403535f52d/implementation_plan.md.resolved.0', LF will be replaced by CRLF the next time Git touches it
warning: in the working copy of 'docs/artifacts/f6a96a24-3018-433b-a52c-80403535f52d/implementation_plan.md.resolved.1', LF will be replaced by CRLF the next time Git touches it
warning: in the working copy of 'docs/artifacts/f6a96a24-3018-433b-a52c-80403535f52d/implementation_plan.md.resolved.2', LF will be replaced by CRLF the next time Git touches it
warning: in the working copy of 'docs/artifacts/f6a96a24-3018-433b-a52c-80403535f52d/implementation_plan.md.resolved.3', LF will be replaced by CRLF the next time Git touches it
warning: in the working copy of 'docs/artifacts/f6a96a24-3018-433b-a52c-80403535f52d/implementation_plan.md.resolved.4', LF will be replaced by CRLF the next time Git touches it
warning: in the working copy of 'docs/artifacts/f6a96a24-3018-433b-a52c-80403535f52d/implementation_plan.md.resolved.5', LF will be replaced by CRLF the next time Git touches it
warning: in the working copy of 'docs/artifacts/f6a96a24-3018-433b-a52c-80403535f52d/task.md', LF will be replaced by CRLF the next time Git touches it
warning: in the working copy of 'docs/artifacts/f6a96a24-3018-433b-a52c-80403535f52d/task.md.metadata.json', LF will be replaced by CRLF the next time Git touches it
warning: in the working copy of 'docs/artifacts/f6a96a24-3018-433b-a52c-80403535f52d/task.md.resolved', LF will be replaced by CRLF the next time Git touches it
warning: in the working copy of 'docs/artifacts/f6a96a24-3018-433b-a52c-80403535f52d/task.md.resolved.0', LF will be replaced by CRLF the next time Git touches it
warning: in the working copy of 'docs/artifacts/f6a96a24-3018-433b-a52c-80403535f52d/task.md.resolved.10', LF will be replaced by CRLF the next time Git touches it
warning: in the working copy of 'docs/artifacts/f6a96a24-3018-433b-a52c-80403535f52d/task.md.resolved.11', LF will be replaced by CRLF the next time Git touches it
warning: in the working copy of 'docs/artifacts/f6a96a24-3018-433b-a52c-80403535f52d/task.md.resolved.12', LF will be replaced by CRLF the next time Git touches it
warning: in the working copy of 'docs/artifacts/f6a96a24-3018-433b-a52c-80403535f52d/task.md.resolved.13', LF will be replaced by CRLF the next time Git touches it
warning: in the working copy of 'docs/artifacts/f6a96a24-3018-433b-a52c-80403535f52d/task.md.resolved.14', LF will be replaced by CRLF the next time Git touches it
warning: in the working copy of 'docs/artifacts/f6a96a24-3018-433b-a52c-80403535f52d/task.md.resolved.15', LF will be replaced by CRLF the next time Git touches it
warning: in the working copy of 'docs/artifacts/f6a96a24-3018-433b-a52c-80403535f52d/task.md.resolved.16', LF will be replaced by CRLF the next time Git touches it
warning: in the working copy of 'docs/artifacts/f6a96a24-3018-433b-a52c-80403535f52d/task.md.resolved.17', LF will be replaced by CRLF the next time Git touches it
warning: in the working copy of 'docs/artifacts/f6a96a24-3018-433b-a52c-80403535f52d/task.md.resolved.5', LF will be replaced by CRLF the next time Git touches it
warning: in the working copy of 'docs/artifacts/f6a96a24-3018-433b-a52c-80403535f52d/task.md.resolved.7', LF will be replaced by CRLF the next time Git touches it
warning: in the working copy of 'docs/artifacts/f6a96a24-3018-433b-a52c-80403535f52d/task.md.resolved.8', LF will be replaced by CRLF the next time Git touches it
warning: in the working copy of 'docs/artifacts/f6a96a24-3018-433b-a52c-80403535f52d/task.md.resolved.9', LF will be replaced by CRLF the next time Git touches it
warning: in the working copy of 'docs/artifacts/f6a96a24-3018-433b-a52c-80403535f52d/walkthrough.md.metadata.json', LF will be replaced by CRLF the next time Git touches it
warning: in the working copy of 'docs/artifacts/f6a96a24-3018-433b-a52c-80403535f52d/walkthrough.md.resolved', LF will be replaced by CRLF the next time Git touches it
warning: in the working copy of 'docs/artifacts/f6a96a24-3018-433b-a52c-80403535f52d/walkthrough.md.resolved.0', LF will be replaced by CRLF the next time Git touches it
warning: in the working copy of 'docs/artifacts/f6a96a24-3018-433b-a52c-80403535f52d/walkthrough.md.resolved.1', LF will be replaced by CRLF the next time Git touches it
warning: in the working copy of 'docs/artifacts/f6a96a24-3018-433b-a52c-80403535f52d/walkthrough.md.resolved.10', LF will be replaced by CRLF the next time Git touches it
warning: in the working copy of 'docs/artifacts/f6a96a24-3018-433b-a52c-80403535f52d/walkthrough.md.resolved.2', LF will be replaced by CRLF the next time Git touches it
warning: in the working copy of 'docs/artifacts/f6a96a24-3018-433b-a52c-80403535f52d/walkthrough.md.resolved.3', LF will be replaced by CRLF the next time Git touches it
warning: in the working copy of 'docs/artifacts/f6a96a24-3018-433b-a52c-80403535f52d/walkthrough.md.resolved.4', LF will be replaced by CRLF the next time Git touches it
warning: in the working copy of 'docs/artifacts/f6a96a24-3018-433b-a52c-80403535f52d/walkthrough.md.resolved.5', LF will be replaced by CRLF the next time Git touches it
warning: in the working copy of 'docs/artifacts/f6a96a24-3018-433b-a52c-80403535f52d/walkthrough.md.resolved.6', LF will be replaced by CRLF the next time Git touches it
warning: in the working copy of 'docs/artifacts/f6a96a24-3018-433b-a52c-80403535f52d/walkthrough.md.resolved.7', LF will be replaced by CRLF the next time Git touches it
warning: in the working copy of 'docs/artifacts/f6a96a24-3018-433b-a52c-80403535f52d/walkthrough.md.resolved.8', LF will be replaced by CRLF the next time Git touches it
warning: in the working copy of 'docs/artifacts/f6a96a24-3018-433b-a52c-80403535f52d/walkthrough.md.resolved.9', LF will be replaced by CRLF the next time Git touches it
[main 632aec4] Milestone 1: QFileInfo deferred loading, Mmap cache fixes, and UI tweaks
 4134 files changed, 405571 insertions(+), 139794 deletions(-)
 create mode 100644 application.log
 create mode 100644 docs/TODO.md
 create mode 100644 docs/artifacts/04a77c73-d054-4924-a2fe-1f015a5ec6e5/media__1775318721628.png
 create mode 100644 docs/artifacts/04a77c73-d054-4924-a2fe-1f015a5ec6e5/media__1775318821461.png
 create mode 100644 docs/artifacts/0746a316-b3e9-4445-b96a-2c006c85528f/implementation_plan.md
 create mode 100644 docs/artifacts/0746a316-b3e9-4445-b96a-2c006c85528f/implementation_plan.md.metadata.json
 create mode 100644 docs/artifacts/0746a316-b3e9-4445-b96a-2c006c85528f/implementation_plan.md.resolved
 create mode 100644 docs/artifacts/0746a316-b3e9-4445-b96a-2c006c85528f/implementation_plan.md.resolved.0
 create mode 100644 docs/artifacts/0746a316-b3e9-4445-b96a-2c006c85528f/implementation_plan.md.resolved.1
 create mode 100644 docs/artifacts/0746a316-b3e9-4445-b96a-2c006c85528f/task.md
 create mode 100644 docs/artifacts/0746a316-b3e9-4445-b96a-2c006c85528f/task.md.metadata.json
 create mode 100644 docs/artifacts/0746a316-b3e9-4445-b96a-2c006c85528f/task.md.resolved
 create mode 100644 docs/artifacts/0746a316-b3e9-4445-b96a-2c006c85528f/task.md.resolved.0
 create mode 100644 docs/artifacts/0746a316-b3e9-4445-b96a-2c006c85528f/task.md.resolved.1
 create mode 100644 docs/artifacts/0746a316-b3e9-4445-b96a-2c006c85528f/task.md.resolved.2
 create mode 100644 docs/artifacts/0746a316-b3e9-4445-b96a-2c006c85528f/task.md.resolved.3
 create mode 100644 docs/artifacts/0746a316-b3e9-4445-b96a-2c006c85528f/task.md.resolved.4
 create mode 100644 docs/artifacts/0746a316-b3e9-4445-b96a-2c006c85528f/task.md.resolved.5
 create mode 100644 docs/artifacts/0746a316-b3e9-4445-b96a-2c006c85528f/task.md.resolved.6
 create mode 100644 docs/artifacts/0746a316-b3e9-4445-b96a-2c006c85528f/walkthrough.md
 create mode 100644 docs/artifacts/0746a316-b3e9-4445-b96a-2c006c85528f/walkthrough.md.metadata.json
 create mode 100644 docs/artifacts/0746a316-b3e9-4445-b96a-2c006c85528f/walkthrough.md.resolved
 create mode 100644 docs/artifacts/0746a316-b3e9-4445-b96a-2c006c85528f/walkthrough.md.resolved.0
 create mode 100644 docs/artifacts/0746a316-b3e9-4445-b96a-2c006c85528f/walkthrough.md.resolved.1
 create mode 100644 docs/artifacts/0746a316-b3e9-4445-b96a-2c006c85528f/walkthrough.md.resolved.2
 create mode 100644 docs/artifacts/0746a316-b3e9-4445-b96a-2c006c85528f/walkthrough.md.resolved.3
 create mode 100644 docs/artifacts/21f6f814-c1e9-4b18-b36a-8e9a619f26ff/.system_generated/messages/00261d5b-822f-4e10-a6cc-42581f5a6a72.json
 create mode 100644 docs/artifacts/21f6f814-c1e9-4b18-b36a-8e9a619f26ff/.system_generated/messages/17da050d-f78c-4989-87fa-5542e57f3c99.json
 create mode 100644 docs/artifacts/21f6f814-c1e9-4b18-b36a-8e9a619f26ff/.system_generated/messages/25b05414-32dd-45c9-b8a8-26d8c58d2f89.json
 create mode 100644 docs/artifacts/21f6f814-c1e9-4b18-b36a-8e9a619f26ff/.system_generated/messages/2604fe38-7833-4897-b942-9c2ee3c3872c.json
 create mode 100644 docs/artifacts/21f6f814-c1e9-4b18-b36a-8e9a619f26ff/.system_generated/messages/27d7c48e-0cfb-44d2-9f23-4bbe576bd2b8.json
 create mode 100644 docs/artifacts/21f6f814-c1e9-4b18-b36a-8e9a619f26ff/.system_generated/messages/2f57dfc2-b57e-489a-86f3-4c06342bde5d.json
 create mode 100644 docs/artifacts/21f6f814-c1e9-4b18-b36a-8e9a619f26ff/.system_generated/messages/3f4fcc35-57ea-4c1f-aff8-475295041bae.json
 create mode 100644 docs/artifacts/21f6f814-c1e9-4b18-b36a-8e9a619f26ff/.system_generated/messages/42206a30-ccab-4fbb-b382-bdd2a498a2f2.json
 create mode 100644 docs/artifacts/21f6f814-c1e9-4b18-b36a-8e9a619f26ff/.system_generated/messages/46deb2ca-4182-46c1-8ca1-0be089316b3b.json
 create mode 100644 docs/artifacts/21f6f814-c1e9-4b18-b36a-8e9a619f26ff/.system_generated/messages/5af562c2-9b03-40d4-9a88-f068d2977e2c.json
 create mode 100644 docs/artifacts/21f6f814-c1e9-4b18-b36a-8e9a619f26ff/.system_generated/messages/5b57f4a5-fdae-4b8a-ab3b-351539fbb9cd.json
 create mode 100644 docs/artifacts/21f6f814-c1e9-4b18-b36a-8e9a619f26ff/.system_generated/messages/6edb77c0-4a36-4c4d-87a1-1c63f17e34fa.json
 create mode 100644 docs/artifacts/21f6f814-c1e9-4b18-b36a-8e9a619f26ff/.system_generated/messages/70266d40-094e-48c1-a2e6-2fe8d9698960.json
 create mode 100644 docs/artifacts/21f6f814-c1e9-4b18-b36a-8e9a619f26ff/.system_generated/messages/7bfcdc84-f638-414a-944b-71556b41e517.json
 create mode 100644 docs/artifacts/21f6f814-c1e9-4b18-b36a-8e9a619f26ff/.system_generated/messages/87c595e8-50f6-4ec3-9e25-f22a09a8484e.json
 create mode 100644 docs/artifacts/21f6f814-c1e9-4b18-b36a-8e9a619f26ff/.system_generated/messages/8e460473-f680-452e-bf6d-2713881e5b66.json
 create mode 100644 docs/artifacts/21f6f814-c1e9-4b18-b36a-8e9a619f26ff/.system_generated/messages/904ff67a-7d81-4006-87a3-f199a8539fd1.json
 create mode 100644 docs/artifacts/21f6f814-c1e9-4b18-b36a-8e9a619f26ff/.system_generated/messages/91e000ba-8821-46f9-bd26-b6c71658ccb2.json
 create mode 100644 docs/artifacts/21f6f814-c1e9-4b18-b36a-8e9a619f26ff/.system_generated/messages/97adde15-b8bd-4680-aee0-68d322fc2321.json
 create mode 100644 docs/artifacts/21f6f814-c1e9-4b18-b36a-8e9a619f26ff/.system_generated/messages/a97c4fb5-e3e8-4890-ba38-562d8fb3c63c.json
 create mode 100644 docs/artifacts/21f6f814-c1e9-4b18-b36a-8e9a619f26ff/.system_generated/messages/b42b3c83-9596-461f-bc79-67245be84f27.json
 create mode 100644 docs/artifacts/21f6f814-c1e9-4b18-b36a-8e9a619f26ff/.system_generated/messages/bf522d2d-9bdd-40b2-9411-70869ef8c0f7.json
 create mode 100644 docs/artifacts/21f6f814-c1e9-4b18-b36a-8e9a619f26ff/.system_generated/messages/cursor.json
 create mode 100644 docs/artifacts/21f6f814-c1e9-4b18-b36a-8e9a619f26ff/.system_generated/messages/d2580458-7c99-4ff8-9755-fd982818c358.json
 create mode 100644 docs/artifacts/21f6f814-c1e9-4b18-b36a-8e9a619f26ff/.system_generated/messages/d28adb1b-16de-4763-bffc-02c96056b1b7.json
 create mode 100644 docs/artifacts/21f6f814-c1e9-4b18-b36a-8e9a619f26ff/.system_generated/messages/dd9f82ff-90a7-46e7-807a-71a7a6df85a9.json
 create mode 100644 docs/artifacts/21f6f814-c1e9-4b18-b36a-8e9a619f26ff/.system_generated/messages/f358901d-3c99-46fc-bf7e-e8a82cd982cc.json
 create mode 100644 docs/artifacts/21f6f814-c1e9-4b18-b36a-8e9a619f26ff/.system_generated/messages/f81f95b9-0cb6-437f-a295-2b149892d100.json
 create mode 100644 docs/artifacts/21f6f814-c1e9-4b18-b36a-8e9a619f26ff/.system_generated/messages/read.json
 create mode 100644 docs/artifacts/21f6f814-c1e9-4b18-b36a-8e9a619f26ff/.system_generated/tasks/task-145.log
 create mode 100644 docs/artifacts/21f6f814-c1e9-4b18-b36a-8e9a619f26ff/.system_generated/tasks/task-149.log
 create mode 100644 docs/artifacts/21f6f814-c1e9-4b18-b36a-8e9a619f26ff/.system_generated/tasks/task-160.log
 create mode 100644 docs/artifacts/21f6f814-c1e9-4b18-b36a-8e9a619f26ff/.system_generated/tasks/task-162.log
 create mode 100644 docs/artifacts/21f6f814-c1e9-4b18-b36a-8e9a619f26ff/.system_generated/tasks/task-299.log
 create mode 100644 docs/artifacts/21f6f814-c1e9-4b18-b36a-8e9a619f26ff/.system_generated/tasks/task-311.log
 create mode 100644 docs/artifacts/21f6f814-c1e9-4b18-b36a-8e9a619f26ff/.system_generated/tasks/task-315.log
 create mode 100644 docs/artifacts/21f6f814-c1e9-4b18-b36a-8e9a619f26ff/.system_generated/tasks/task-327.log
 create mode 100644 docs/artifacts/21f6f814-c1e9-4b18-b36a-8e9a619f26ff/.system_generated/tasks/task-346.log
 create mode 100644 docs/artifacts/21f6f814-c1e9-4b18-b36a-8e9a619f26ff/.system_generated/tasks/task-351.log
 create mode 100644 docs/artifacts/21f6f814-c1e9-4b18-b36a-8e9a619f26ff/.system_generated/tasks/task-355.log
 create mode 100644 docs/artifacts/21f6f814-c1e9-4b18-b36a-8e9a619f26ff/.system_generated/tasks/task-371.log
 create mode 100644 docs/artifacts/21f6f814-c1e9-4b18-b36a-8e9a619f26ff/.system_generated/tasks/task-382.log
 create mode 100644 docs/artifacts/21f6f814-c1e9-4b18-b36a-8e9a619f26ff/.system_generated/tasks/task-427.log
 create mode 100644 docs/artifacts/21f6f814-c1e9-4b18-b36a-8e9a619f26ff/.system_generated/tasks/task-431.log
 create mode 100644 docs/artifacts/21f6f814-c1e9-4b18-b36a-8e9a619f26ff/.system_generated/tasks/task-437.log
 create mode 100644 docs/artifacts/21f6f814-c1e9-4b18-b36a-8e9a619f26ff/.system_generated/tasks/task-573.log
 create mode 100644 docs/artifacts/21f6f814-c1e9-4b18-b36a-8e9a619f26ff/.system_generated/tasks/task-582.log
 create mode 100644 docs/artifacts/21f6f814-c1e9-4b18-b36a-8e9a619f26ff/.system_generated/tasks/task-588.log
 create mode 100644 docs/artifacts/21f6f814-c1e9-4b18-b36a-8e9a619f26ff/.system_generated/tasks/task-594.log
 create mode 100644 docs/artifacts/21f6f814-c1e9-4b18-b36a-8e9a619f26ff/.system_generated/tasks/task-767.log
 create mode 100644 docs/artifacts/21f6f814-c1e9-4b18-b36a-8e9a619f26ff/ECSK_Cover_Letter.md
 create mode 100644 docs/artifacts/21f6f814-c1e9-4b18-b36a-8e9a619f26ff/ECSK_Cover_Letter.md.metadata.json
 create mode 100644 docs/artifacts/21f6f814-c1e9-4b18-b36a-8e9a619f26ff/ECSK_Derivations_and_Sources.md
 create mode 100644 docs/artifacts/21f6f814-c1e9-4b18-b36a-8e9a619f26ff/ECSK_Derivations_and_Sources.md.metadata.json
 create mode 100644 docs/artifacts/21f6f814-c1e9-4b18-b36a-8e9a619f26ff/ECSK_Manuscript_Markdown.md
 create mode 100644 docs/artifacts/21f6f814-c1e9-4b18-b36a-8e9a619f26ff/ECSK_Manuscript_Markdown.md.metadata.json
 create mode 100644 docs/artifacts/21f6f814-c1e9-4b18-b36a-8e9a619f26ff/ECSK_NotebookLM_Script.md
 create mode 100644 docs/artifacts/21f6f814-c1e9-4b18-b36a-8e9a619f26ff/ECSK_NotebookLM_Script.md.metadata.json
 create mode 100644 docs/artifacts/21f6f814-c1e9-4b18-b36a-8e9a619f26ff/ECSK_Paper_Plan.md
 create mode 100644 docs/artifacts/21f6f814-c1e9-4b18-b36a-8e9a619f26ff/ECSK_Paper_Plan.md.metadata.json
 create mode 100644 docs/artifacts/21f6f814-c1e9-4b18-b36a-8e9a619f26ff/ECSK_Pragmatic_Solutions.md
 create mode 100644 docs/artifacts/21f6f814-c1e9-4b18-b36a-8e9a619f26ff/ECSK_Pragmatic_Solutions.md.metadata.json
 create mode 100644 docs/artifacts/21f6f814-c1e9-4b18-b36a-8e9a619f26ff/ECSK_Research_Update.md
 create mode 100644 docs/artifacts/21f6f814-c1e9-4b18-b36a-8e9a619f26ff/ECSK_Research_Update.md.metadata.json
 create mode 100644 docs/artifacts/21f6f814-c1e9-4b18-b36a-8e9a619f26ff/ECSK_SWOT_Analysis.md
 create mode 100644 docs/artifacts/21f6f814-c1e9-4b18-b36a-8e9a619f26ff/ECSK_SWOT_Analysis.md.metadata.json
 create mode 100644 docs/artifacts/21f6f814-c1e9-4b18-b36a-8e9a619f26ff/ECSK_Theory_Tests.md
 create mode 100644 docs/artifacts/21f6f814-c1e9-4b18-b36a-8e9a619f26ff/ECSK_Theory_Tests.md.metadata.json
 create mode 100644 docs/artifacts/21f6f814-c1e9-4b18-b36a-8e9a619f26ff/NotebookLM_Deep_Dive_Briefing.md
 create mode 100644 docs/artifacts/21f6f814-c1e9-4b18-b36a-8e9a619f26ff/NotebookLM_Deep_Dive_Briefing.md.metadata.json
 create mode 100644 docs/artifacts/21f6f814-c1e9-4b18-b36a-8e9a619f26ff/ecsk_cmb_constraints.png
 create mode 100644 docs/artifacts/21f6f814-c1e9-4b18-b36a-8e9a619f26ff/ecsk_core_bounce_gw.png
 create mode 100644 docs/artifacts/21f6f814-c1e9-4b18-b36a-8e9a619f26ff/ecsk_observational_constraints.png
 create mode 100644 docs/artifacts/21f6f814-c1e9-4b18-b36a-8e9a619f26ff/ecsk_vs_gr_tov.png
 create mode 100644 docs/artifacts/21f6f814-c1e9-4b18-b36a-8e9a619f26ff/scratch/get_step_9.py
 create mode 100644 docs/artifacts/21f6f814-c1e9-4b18-b36a-8e9a619f26ff/scratch/get_step_9.py.metadata.json
 create mode 100644 docs/artifacts/21f6f814-c1e9-4b18-b36a-8e9a619f26ff/scratch/parse_transcript.py
 create mode 100644 docs/artifacts/21f6f814-c1e9-4b18-b36a-8e9a619f26ff/scratch/parse_transcript.py.metadata.json
 create mode 100644 docs/artifacts/21f6f814-c1e9-4b18-b36a-8e9a619f26ff/scratch/run_detect_incremental.py
 create mode 100644 docs/artifacts/21f6f814-c1e9-4b18-b36a-8e9a619f26ff/scratch/run_detect_incremental.py.metadata.json
 create mode 100644 docs/artifacts/21f6f814-c1e9-4b18-b36a-8e9a619f26ff/scratch/search_all_graphify.py
 create mode 100644 docs/artifacts/21f6f814-c1e9-4b18-b36a-8e9a619f26ff/scratch/search_all_graphify.py.metadata.json
 create mode 100644 docs/artifacts/21f6f814-c1e9-4b18-b36a-8e9a619f26ff/scratch/search_chunk_errors.py
 create mode 100644 docs/artifacts/21f6f814-c1e9-4b18-b36a-8e9a619f26ff/scratch/search_chunk_errors.py.metadata.json
 create mode 100644 docs/artifacts/21f6f814-c1e9-4b18-b36a-8e9a619f26ff/scratch/search_early_graphify.py
 create mode 100644 docs/artifacts/21f6f814-c1e9-4b18-b36a-8e9a619f26ff/scratch/search_early_graphify.py.metadata.json
 create mode 100644 docs/artifacts/21f6f814-c1e9-4b18-b36a-8e9a619f26ff/scratch/search_early_steps.py
 create mode 100644 docs/artifacts/21f6f814-c1e9-4b18-b36a-8e9a619f26ff/scratch/search_early_steps.py.metadata.json
 create mode 100644 docs/artifacts/21f6f814-c1e9-4b18-b36a-8e9a619f26ff/scratch/search_failed.py
 create mode 100644 docs/artifacts/21f6f814-c1e9-4b18-b36a-8e9a619f26ff/scratch/search_failed.py.metadata.json
 create mode 100644 docs/artifacts/21f6f814-c1e9-4b18-b36a-8e9a619f26ff/scratch/search_graphify_build.py
 create mode 100644 docs/artifacts/21f6f814-c1e9-4b18-b36a-8e9a619f26ff/scratch/search_graphify_build.py.metadata.json
 create mode 100644 docs/artifacts/21f6f814-c1e9-4b18-b36a-8e9a619f26ff/scratch/search_graphify_commands.py
 create mode 100644 docs/artifacts/21f6f814-c1e9-4b18-b36a-8e9a619f26ff/scratch/search_graphify_commands.py.metadata.json
 create mode 100644 docs/artifacts/21f6f814-c1e9-4b18-b36a-8e9a619f26ff/scratch/search_graphify_run.py
 create mode 100644 docs/artifacts/21f6f814-c1e9-4b18-b36a-8e9a619f26ff/scratch/search_graphify_run.py.metadata.json
 create mode 100644 docs/artifacts/21f6f814-c1e9-4b18-b36a-8e9a619f26ff/scratch/search_recent.py
 create mode 100644 docs/artifacts/21f6f814-c1e9-4b18-b36a-8e9a619f26ff/scratch/search_recent.py.metadata.json
 create mode 100644 docs/artifacts/21f6f814-c1e9-4b18-b36a-8e9a619f26ff/scratch/search_subagents.py
 create mode 100644 docs/artifacts/21f6f814-c1e9-4b18-b36a-8e9a619f26ff/scratch/search_subagents.py.metadata.json
 create mode 100644 docs/artifacts/21f6f814-c1e9-4b18-b36a-8e9a619f26ff/scratch/search_transcript.py
 create mode 100644 docs/artifacts/21f6f814-c1e9-4b18-b36a-8e9a619f26ff/scratch/search_transcript.py.metadata.json
 create mode 100644 docs/artifacts/21f6f814-c1e9-4b18-b36a-8e9a619f26ff/scratch/step_9_content.txt
 create mode 100644 docs/artifacts/2c098580-28bd-48f6-b4e3-121e13384f17/.system_generated/messages/00d1162a-bb38-4eec-8c28-f6daf73f60d5.json
 create mode 100644 docs/artifacts/2c098580-28bd-48f6-b4e3-121e13384f17/.system_generated/messages/01e62baf-8b3c-4fa7-9d30-654dc3c8d682.json
 create mode 100644 docs/artifacts/2c098580-28bd-48f6-b4e3-121e13384f17/.system_generated/messages/0de100f2-6979-4689-a3c6-07cb9f5178df.json
 create mode 100644 docs/artifacts/2c098580-28bd-48f6-b4e3-121e13384f17/.system_generated/messages/17fc7ad4-3811-463e-acfa-5ad96886f013.json
 create mode 100644 docs/artifacts/2c098580-28bd-48f6-b4e3-121e13384f17/.system_generated/messages/228d048d-6f31-41bc-8340-65aadcc75731.json
 create mode 100644 docs/artifacts/2c098580-28bd-48f6-b4e3-121e13384f17/.system_generated/messages/2411ca3d-f4b6-48c2-a10b-5be039e131da.json
 create mode 100644 docs/artifacts/2c098580-28bd-48f6-b4e3-121e13384f17/.system_generated/messages/2bd2a63f-62d7-4331-84dc-21b7ab791318.json
 create mode 100644 docs/artifacts/2c098580-28bd-48f6-b4e3-121e13384f17/.system_generated/messages/2fcfe2c7-7a01-4cca-959d-62bef78fb582.json
 create mode 100644 docs/artifacts/2c098580-28bd-48f6-b4e3-121e13384f17/.system_generated/messages/3408b98d-ca89-4dff-b502-0b32325628ee.json
 create mode 100644 docs/artifacts/2c098580-28bd-48f6-b4e3-121e13384f17/.system_generated/messages/34c636ac-e6e5-48f3-a92c-becd549b5b5d.json
 create mode 100644 docs/artifacts/2c098580-28bd-48f6-b4e3-121e13384f17/.system_generated/messages/3bc018f7-5a32-4151-9108-30db9f0fb7a9.json
 create mode 100644 docs/artifacts/2c098580-28bd-48f6-b4e3-121e13384f17/.system_generated/messages/3bd701b7-c096-433a-bbfb-356d5a9a876a.json
 create mode 100644 docs/artifacts/2c098580-28bd-48f6-b4e3-121e13384f17/.system_generated/messages/43d9297d-f725-4f6e-862e-58efa66bcd69.json
 create mode 100644 docs/artifacts/2c098580-28bd-48f6-b4e3-121e13384f17/.system_generated/messages/544f7de2-bb20-4e4a-862d-0504468e6db1.json
 create mode 100644 docs/artifacts/2c098580-28bd-48f6-b4e3-121e13384f17/.system_generated/messages/5bc7ffc1-0a3b-42b8-9b53-09eb9f270b13.json
 create mode 100644 docs/artifacts/2c098580-28bd-48f6-b4e3-121e13384f17/.system_generated/messages/5f7cdbef-177c-44ad-afc9-8147ddb79c1f.json
 create mode 100644 docs/artifacts/2c098580-28bd-48f6-b4e3-121e13384f17/.system_generated/messages/6300356a-2d18-4beb-a2b4-13702085a011.json
 create mode 100644 docs/artifacts/2c098580-28bd-48f6-b4e3-121e13384f17/.system_generated/messages/689c0d15-6dcc-4b0e-82c1-b1e92212f7f3.json
 create mode 100644 docs/artifacts/2c098580-28bd-48f6-b4e3-121e13384f17/.system_generated/messages/6a627772-ac99-477c-8d53-00b81edb9cfd.json
 create mode 100644 docs/artifacts/2c098580-28bd-48f6-b4e3-121e13384f17/.system_generated/messages/6db72168-dfc5-4364-9b4d-0add17cf4809.json
 create mode 100644 docs/artifacts/2c098580-28bd-48f6-b4e3-121e13384f17/.system_generated/messages/78c76bf9-1428-4801-84f1-bfbd4a3664d1.json
 create mode 100644 docs/artifacts/2c098580-28bd-48f6-b4e3-121e13384f17/.system_generated/messages/7a5b36c5-8064-4b13-b301-27f9eb147b48.json
 create mode 100644 docs/artifacts/2c098580-28bd-48f6-b4e3-121e13384f17/.system_generated/messages/81b3cf56-7a97-4814-8d0a-754b6de31581.json
 create mode 100644 docs/artifacts/2c098580-28bd-48f6-b4e3-121e13384f17/.system_generated/messages/840e8092-b90d-4817-95ac-3b0858e0f444.json
 create mode 100644 docs/artifacts/2c098580-28bd-48f6-b4e3-121e13384f17/.system_generated/messages/8509edc9-78a5-4814-ab6c-60010f6e84da.json
 create mode 100644 docs/artifacts/2c098580-28bd-48f6-b4e3-121e13384f17/.system_generated/messages/8affe2de-d148-448b-bee3-64f7a2719120.json
 create mode 100644 docs/artifacts/2c098580-28bd-48f6-b4e3-121e13384f17/.system_generated/messages/92d61328-0f46-4dff-a5d2-3409c80c880f.json
 create mode 100644 docs/artifacts/2c098580-28bd-48f6-b4e3-121e13384f17/.system_generated/messages/9b6108e4-6c4a-472c-a991-82a436bef257.json
 create mode 100644 docs/artifacts/2c098580-28bd-48f6-b4e3-121e13384f17/.system_generated/messages/9eb2e837-5d4f-47a8-8f49-cc40389bf7d1.json
 create mode 100644 docs/artifacts/2c098580-28bd-48f6-b4e3-121e13384f17/.system_generated/messages/9ec883c3-fcdd-4446-9f42-7575d470252f.json
 create mode 100644 docs/artifacts/2c098580-28bd-48f6-b4e3-121e13384f17/.system_generated/messages/a0cd2a65-be09-405e-b7c1-b0bf246bf54f.json
 create mode 100644 docs/artifacts/2c098580-28bd-48f6-b4e3-121e13384f17/.system_generated/messages/ab3c3559-1e06-4a0f-b9f4-52fd02fabd28.json
 create mode 100644 docs/artifacts/2c098580-28bd-48f6-b4e3-121e13384f17/.system_generated/messages/ac8846f0-ccf6-4c7f-ad5f-4ba048604b3f.json
 create mode 100644 docs/artifacts/2c098580-28bd-48f6-b4e3-121e13384f17/.system_generated/messages/b06e94b9-2268-40a5-8791-9f0d3a169072.json
 create mode 100644 docs/artifacts/2c098580-28bd-48f6-b4e3-121e13384f17/.system_generated/messages/b598faa4-416f-46d1-b2fc-eea63156ef55.json
 create mode 100644 docs/artifacts/2c098580-28bd-48f6-b4e3-121e13384f17/.system_generated/messages/b7ddb70c-34cc-405d-b92c-cc61b484716f.json
 create mode 100644 docs/artifacts/2c098580-28bd-48f6-b4e3-121e13384f17/.system_generated/messages/bc3d66b2-9fd9-4ce5-9780-4c37ad541eb0.json
 create mode 100644 docs/artifacts/2c098580-28bd-48f6-b4e3-121e13384f17/.system_generated/messages/be548eb1-51bc-41b0-b5a1-3c2575cbbd0c.json
 create mode 100644 docs/artifacts/2c098580-28bd-48f6-b4e3-121e13384f17/.system_generated/messages/bf13c5e5-ddd3-4414-81b4-573897cf57af.json
 create mode 100644 docs/artifacts/2c098580-28bd-48f6-b4e3-121e13384f17/.system_generated/messages/c82e55dd-a379-43f7-b0bf-d90d9b47d2d4.json
 create mode 100644 docs/artifacts/2c098580-28bd-48f6-b4e3-121e13384f17/.system_generated/messages/cbeefed4-b399-4bfa-ab26-3d99dfd9043f.json
 create mode 100644 docs/artifacts/2c098580-28bd-48f6-b4e3-121e13384f17/.system_generated/messages/cursor.json
 create mode 100644 docs/artifacts/2c098580-28bd-48f6-b4e3-121e13384f17/.system_generated/messages/da25a942-6420-4568-ad41-59bc638c93d6.json
 create mode 100644 docs/artifacts/2c098580-28bd-48f6-b4e3-121e13384f17/.system_generated/messages/dc10b9ae-061a-4757-ac8d-7d1432f8535f.json
 create mode 100644 docs/artifacts/2c098580-28bd-48f6-b4e3-121e13384f17/.system_generated/messages/e0a8c3e1-06af-48f1-92ce-0d6f72c9739c.json
 create mode 100644 docs/artifacts/2c098580-28bd-48f6-b4e3-121e13384f17/.system_generated/messages/f295bd9d-3e05-4af4-b132-fb1a3e5de807.json
 create mode 100644 docs/artifacts/2c098580-28bd-48f6-b4e3-121e13384f17/.system_generated/messages/fd7aeab2-397c-4256-9585-bb67ad3ee909.json
 create mode 100644 docs/artifacts/2c098580-28bd-48f6-b4e3-121e13384f17/.system_generated/messages/read.json
 create mode 100644 docs/artifacts/2c098580-28bd-48f6-b4e3-121e13384f17/.system_generated/tasks/task-104.log
 create mode 100644 docs/artifacts/2c098580-28bd-48f6-b4e3-121e13384f17/.system_generated/tasks/task-125.log
 create mode 100644 docs/artifacts/2c098580-28bd-48f6-b4e3-121e13384f17/.system_generated/tasks/task-150.log
 create mode 100644 docs/artifacts/2c098580-28bd-48f6-b4e3-121e13384f17/.system_generated/tasks/task-155.log
 create mode 100644 docs/artifacts/2c098580-28bd-48f6-b4e3-121e13384f17/.system_generated/tasks/task-167.log
 create mode 100644 docs/artifacts/2c098580-28bd-48f6-b4e3-121e13384f17/.system_generated/tasks/task-175.log
 create mode 100644 docs/artifacts/2c098580-28bd-48f6-b4e3-121e13384f17/.system_generated/tasks/task-183.log
 create mode 100644 docs/artifacts/2c098580-28bd-48f6-b4e3-121e13384f17/.system_generated/tasks/task-191.log
 create mode 100644 docs/artifacts/2c098580-28bd-48f6-b4e3-121e13384f17/.system_generated/tasks/task-201.log
 create mode 100644 docs/artifacts/2c098580-28bd-48f6-b4e3-121e13384f17/.system_generated/tasks/task-209.log
 create mode 100644 docs/artifacts/2c098580-28bd-48f6-b4e3-121e13384f17/.system_generated/tasks/task-214.log
 create mode 100644 docs/artifacts/2c098580-28bd-48f6-b4e3-121e13384f17/.system_generated/tasks/task-220.log
 create mode 100644 docs/artifacts/2c098580-28bd-48f6-b4e3-121e13384f17/.system_generated/tasks/task-225.log
 create mode 100644 docs/artifacts/2c098580-28bd-48f6-b4e3-121e13384f17/.system_generated/tasks/task-232.log
 create mode 100644 docs/artifacts/2c098580-28bd-48f6-b4e3-121e13384f17/.system_generated/tasks/task-241.log
 create mode 100644 docs/artifacts/2c098580-28bd-48f6-b4e3-121e13384f17/.system_generated/tasks/task-245.log
 create mode 100644 docs/artifacts/2c098580-28bd-48f6-b4e3-121e13384f17/.system_generated/tasks/task-257.log
 create mode 100644 docs/artifacts/2c098580-28bd-48f6-b4e3-121e13384f17/.system_generated/tasks/task-263.log
 create mode 100644 docs/artifacts/2c098580-28bd-48f6-b4e3-121e13384f17/.system_generated/tasks/task-287.log
 create mode 100644 docs/artifacts/2c098580-28bd-48f6-b4e3-121e13384f17/.system_generated/tasks/task-292.log
 create mode 100644 docs/artifacts/2c098580-28bd-48f6-b4e3-121e13384f17/.system_generated/tasks/task-298.log
 create mode 100644 docs/artifacts/2c098580-28bd-48f6-b4e3-121e13384f17/.system_generated/tasks/task-304.log
 create mode 100644 docs/artifacts/2c098580-28bd-48f6-b4e3-121e13384f17/.system_generated/tasks/task-312.log
 create mode 100644 docs/artifacts/2c098580-28bd-48f6-b4e3-121e13384f17/.system_generated/tasks/task-324.log
 create mode 100644 docs/artifacts/2c098580-28bd-48f6-b4e3-121e13384f17/.system_generated/tasks/task-341.log
 create mode 100644 docs/artifacts/2c098580-28bd-48f6-b4e3-121e13384f17/.system_generated/tasks/task-345.log
 create mode 100644 docs/artifacts/2c098580-28bd-48f6-b4e3-121e13384f17/.system_generated/tasks/task-353.log
 create mode 100644 docs/artifacts/2c098580-28bd-48f6-b4e3-121e13384f17/.system_generated/tasks/task-359.log
 create mode 100644 docs/artifacts/2c098580-28bd-48f6-b4e3-121e13384f17/.system_generated/tasks/task-365.log
 create mode 100644 docs/artifacts/2c098580-28bd-48f6-b4e3-121e13384f17/.system_generated/tasks/task-371.log
 create mode 100644 docs/artifacts/2c098580-28bd-48f6-b4e3-121e13384f17/.system_generated/tasks/task-397.log
 create mode 100644 docs/artifacts/2c098580-28bd-48f6-b4e3-121e13384f17/.system_generated/tasks/task-409.log
 create mode 100644 docs/artifacts/2c098580-28bd-48f6-b4e3-121e13384f17/.system_generated/tasks/task-436.log
 create mode 100644 docs/artifacts/2c098580-28bd-48f6-b4e3-121e13384f17/.system_generated/tasks/task-438.log
 create mode 100644 docs/artifacts/2c098580-28bd-48f6-b4e3-121e13384f17/.system_generated/tasks/task-446.log
 create mode 100644 docs/artifacts/2c098580-28bd-48f6-b4e3-121e13384f17/.system_generated/tasks/task-454.log
 create mode 100644 docs/artifacts/2c098580-28bd-48f6-b4e3-121e13384f17/.system_generated/tasks/task-462.log
 create mode 100644 docs/artifacts/2c098580-28bd-48f6-b4e3-121e13384f17/.system_generated/tasks/task-470.log
 create mode 100644 docs/artifacts/2c098580-28bd-48f6-b4e3-121e13384f17/.system_generated/tasks/task-482.log
 create mode 100644 docs/artifacts/2c098580-28bd-48f6-b4e3-121e13384f17/.system_generated/tasks/task-500.log
 create mode 100644 docs/artifacts/2c098580-28bd-48f6-b4e3-121e13384f17/.system_generated/tasks/task-503.log
 create mode 100644 docs/artifacts/2c098580-28bd-48f6-b4e3-121e13384f17/.system_generated/tasks/task-51.log
 create mode 100644 docs/artifacts/2c098580-28bd-48f6-b4e3-121e13384f17/.system_generated/tasks/task-511.log
 create mode 100644 docs/artifacts/2c098580-28bd-48f6-b4e3-121e13384f17/.system_generated/tasks/task-519.log
 create mode 100644 docs/artifacts/2c098580-28bd-48f6-b4e3-121e13384f17/.system_generated/tasks/task-94.log
 create mode 100644 docs/artifacts/2c098580-28bd-48f6-b4e3-121e13384f17/.tempmediaStorage/media_2c098580-28bd-48f6-b4e3-121e13384f17_1780417093398.png
 create mode 100644 docs/artifacts/2c098580-28bd-48f6-b4e3-121e13384f17/first_frame.png
 create mode 100644 docs/artifacts/2c098580-28bd-48f6-b4e3-121e13384f17/scratch/inspect_video.py
 create mode 100644 docs/artifacts/2c098580-28bd-48f6-b4e3-121e13384f17/scratch/inspect_video.py.metadata.json
 create mode 100644 docs/artifacts/2c098580-28bd-48f6-b4e3-121e13384f17/scratch/save_frame.py
 create mode 100644 docs/artifacts/2c098580-28bd-48f6-b4e3-121e13384f17/scratch/save_frame.py.metadata.json
 create mode 100644 docs/artifacts/2c098580-28bd-48f6-b4e3-121e13384f17/scratch/test_detect.py
 create mode 100644 docs/artifacts/2c098580-28bd-48f6-b4e3-121e13384f17/scratch/test_detect.py.metadata.json
 create mode 100644 docs/artifacts/31adfa0c-1a16-4956-87b1-ccfda52ae8f1/.system_generated/click_feedback/click_feedback_1774652222541.png
 create mode 100644 docs/artifacts/31adfa0c-1a16-4956-87b1-ccfda52ae8f1/.system_generated/click_feedback/click_feedback_1774652238533.png
 create mode 100644 docs/artifacts/31adfa0c-1a16-4956-87b1-ccfda52ae8f1/.system_generated/click_feedback/click_feedback_1774652244093.png
 create mode 100644 docs/artifacts/31adfa0c-1a16-4956-87b1-ccfda52ae8f1/.system_generated/click_feedback/click_feedback_1774652263807.png
 create mode 100644 docs/artifacts/31adfa0c-1a16-4956-87b1-ccfda52ae8f1/.system_generated/click_feedback/click_feedback_1774652283002.png
 create mode 100644 docs/artifacts/31adfa0c-1a16-4956-87b1-ccfda52ae8f1/.system_generated/click_feedback/click_feedback_1774652289426.png
 create mode 100644 docs/artifacts/31adfa0c-1a16-4956-87b1-ccfda52ae8f1/.system_generated/click_feedback/click_feedback_1774652950647.png
 create mode 100644 docs/artifacts/31adfa0c-1a16-4956-87b1-ccfda52ae8f1/.system_generated/click_feedback/click_feedback_1774652978834.png
 create mode 100644 docs/artifacts/31adfa0c-1a16-4956-87b1-ccfda52ae8f1/.system_generated/click_feedback/click_feedback_1774653051096.png
 create mode 100644 docs/artifacts/31adfa0c-1a16-4956-87b1-ccfda52ae8f1/.system_generated/click_feedback/click_feedback_1774653096764.png
 create mode 100644 docs/artifacts/31adfa0c-1a16-4956-87b1-ccfda52ae8f1/.system_generated/click_feedback/click_feedback_1774653107595.png
 create mode 100644 docs/artifacts/31adfa0c-1a16-4956-87b1-ccfda52ae8f1/.system_generated/click_feedback/click_feedback_1774653120821.png
 create mode 100644 docs/artifacts/31adfa0c-1a16-4956-87b1-ccfda52ae8f1/.system_generated/click_feedback/click_feedback_1774653129102.png
 create mode 100644 docs/artifacts/31adfa0c-1a16-4956-87b1-ccfda52ae8f1/.system_generated/click_feedback/click_feedback_1774653136722.png
 create mode 100644 docs/artifacts/31adfa0c-1a16-4956-87b1-ccfda52ae8f1/.system_generated/click_feedback/click_feedback_1774653178952.png
 create mode 100644 docs/artifacts/31adfa0c-1a16-4956-87b1-ccfda52ae8f1/.system_generated/click_feedback/click_feedback_1774653192064.png
 create mode 100644 docs/artifacts/31adfa0c-1a16-4956-87b1-ccfda52ae8f1/.system_generated/click_feedback/click_feedback_1774653199127.png
 create mode 100644 docs/artifacts/31adfa0c-1a16-4956-87b1-ccfda52ae8f1/.system_generated/click_feedback/click_feedback_1774653206119.png
 create mode 100644 docs/artifacts/31adfa0c-1a16-4956-87b1-ccfda52ae8f1/.system_generated/click_feedback/click_feedback_1774653248989.png
 create mode 100644 docs/artifacts/31adfa0c-1a16-4956-87b1-ccfda52ae8f1/.system_generated/click_feedback/click_feedback_1774653345663.png
 create mode 100644 docs/artifacts/31adfa0c-1a16-4956-87b1-ccfda52ae8f1/.system_generated/click_feedback/click_feedback_1774653438649.png
 create mode 100644 docs/artifacts/31adfa0c-1a16-4956-87b1-ccfda52ae8f1/.system_generated/click_feedback/click_feedback_1774653446472.png
 create mode 100644 docs/artifacts/31adfa0c-1a16-4956-87b1-ccfda52ae8f1/.system_generated/click_feedback/click_feedback_1774653464972.png
 create mode 100644 docs/artifacts/31adfa0c-1a16-4956-87b1-ccfda52ae8f1/.system_generated/click_feedback/click_feedback_1774653575982.png
 create mode 100644 docs/artifacts/31adfa0c-1a16-4956-87b1-ccfda52ae8f1/.system_generated/click_feedback/click_feedback_1774653583009.png
 create mode 100644 docs/artifacts/31adfa0c-1a16-4956-87b1-ccfda52ae8f1/.system_generated/click_feedback/click_feedback_1774653614522.png
 create mode 100644 docs/artifacts/31adfa0c-1a16-4956-87b1-ccfda52ae8f1/.system_generated/click_feedback/click_feedback_1774653704087.png
 create mode 100644 docs/artifacts/31adfa0c-1a16-4956-87b1-ccfda52ae8f1/.system_generated/click_feedback/click_feedback_1774654088196.png
 create mode 100644 docs/artifacts/31adfa0c-1a16-4956-87b1-ccfda52ae8f1/.system_generated/click_feedback/click_feedback_1774654096616.png
 create mode 100644 docs/artifacts/31adfa0c-1a16-4956-87b1-ccfda52ae8f1/.system_generated/click_feedback/click_feedback_1774654110080.png
 create mode 100644 docs/artifacts/31adfa0c-1a16-4956-87b1-ccfda52ae8f1/.system_generated/click_feedback/click_feedback_1774654120079.png
 create mode 100644 docs/artifacts/31adfa0c-1a16-4956-87b1-ccfda52ae8f1/.system_generated/click_feedback/click_feedback_1774654130046.png
 create mode 100644 docs/artifacts/31adfa0c-1a16-4956-87b1-ccfda52ae8f1/.system_generated/click_feedback/click_feedback_1774654138979.png
 create mode 100644 docs/artifacts/31adfa0c-1a16-4956-87b1-ccfda52ae8f1/.system_generated/click_feedback/click_feedback_1774654147918.png
 create mode 100644 docs/artifacts/31adfa0c-1a16-4956-87b1-ccfda52ae8f1/.system_generated/click_feedback/click_feedback_1774654156824.png
 create mode 100644 docs/artifacts/31adfa0c-1a16-4956-87b1-ccfda52ae8f1/.system_generated/click_feedback/click_feedback_1774654165841.png
 create mode 100644 docs/artifacts/31adfa0c-1a16-4956-87b1-ccfda52ae8f1/.system_generated/click_feedback/click_feedback_1774654183613.png
 create mode 100644 docs/artifacts/31adfa0c-1a16-4956-87b1-ccfda52ae8f1/.system_generated/click_feedback/click_feedback_1774654234380.png
 create mode 100644 docs/artifacts/31adfa0c-1a16-4956-87b1-ccfda52ae8f1/.system_generated/click_feedback/click_feedback_1774656486615.png
 create mode 100644 docs/artifacts/31adfa0c-1a16-4956-87b1-ccfda52ae8f1/.system_generated/click_feedback/click_feedback_1774656497258.png
 create mode 100644 docs/artifacts/31adfa0c-1a16-4956-87b1-ccfda52ae8f1/.system_generated/click_feedback/click_feedback_1774656527448.png
 create mode 100644 docs/artifacts/31adfa0c-1a16-4956-87b1-ccfda52ae8f1/.system_generated/click_feedback/click_feedback_1774656584957.png
 create mode 100644 docs/artifacts/31adfa0c-1a16-4956-87b1-ccfda52ae8f1/.system_generated/click_feedback/click_feedback_1774656594334.png
 create mode 100644 docs/artifacts/31adfa0c-1a16-4956-87b1-ccfda52ae8f1/.system_generated/click_feedback/click_feedback_1774656603535.png
 create mode 100644 docs/artifacts/31adfa0c-1a16-4956-87b1-ccfda52ae8f1/.system_generated/click_feedback/click_feedback_1774656608039.png
 create mode 100644 docs/artifacts/31adfa0c-1a16-4956-87b1-ccfda52ae8f1/.system_generated/click_feedback/click_feedback_1774656628155.png
 create mode 100644 docs/artifacts/31adfa0c-1a16-4956-87b1-ccfda52ae8f1/.system_generated/click_feedback/click_feedback_1774656630191.png
 create mode 100644 docs/artifacts/31adfa0c-1a16-4956-87b1-ccfda52ae8f1/.system_generated/click_feedback/click_feedback_1774656652586.png
 create mode 100644 docs/artifacts/31adfa0c-1a16-4956-87b1-ccfda52ae8f1/.system_generated/click_feedback/click_feedback_1774656702714.png
 create mode 100644 docs/artifacts/31adfa0c-1a16-4956-87b1-ccfda52ae8f1/.system_generated/click_feedback/click_feedback_1774656713516.png
 create mode 100644 docs/artifacts/31adfa0c-1a16-4956-87b1-ccfda52ae8f1/.system_generated/click_feedback/click_feedback_1774656723723.png
 create mode 100644 docs/artifacts/31adfa0c-1a16-4956-87b1-ccfda52ae8f1/.system_generated/click_feedback/click_feedback_1774656732877.png
 create mode 100644 docs/artifacts/31adfa0c-1a16-4956-87b1-ccfda52ae8f1/.system_generated/click_feedback/click_feedback_1774656742806.png
 create mode 100644 docs/artifacts/31adfa0c-1a16-4956-87b1-ccfda52ae8f1/.system_generated/click_feedback/click_feedback_1774656770553.png
 create mode 100644 docs/artifacts/31adfa0c-1a16-4956-87b1-ccfda52ae8f1/.system_generated/click_feedback/click_feedback_1774656816717.png
 create mode 100644 docs/artifacts/31adfa0c-1a16-4956-87b1-ccfda52ae8f1/.system_generated/click_feedback/click_feedback_1774656845512.png
 create mode 100644 docs/artifacts/31adfa0c-1a16-4956-87b1-ccfda52ae8f1/.system_generated/click_feedback/click_feedback_1774656855434.png
 create mode 100644 docs/artifacts/31adfa0c-1a16-4956-87b1-ccfda52ae8f1/.system_generated/click_feedback/click_feedback_1774656867813.png
 create mode 100644 docs/artifacts/31adfa0c-1a16-4956-87b1-ccfda52ae8f1/.system_generated/click_feedback/click_feedback_1774656917343.png
 create mode 100644 docs/artifacts/31adfa0c-1a16-4956-87b1-ccfda52ae8f1/.system_generated/click_feedback/click_feedback_1774656926494.png
 create mode 100644 docs/artifacts/31adfa0c-1a16-4956-87b1-ccfda52ae8f1/.system_generated/click_feedback/click_feedback_1774673749446.png
 create mode 100644 docs/artifacts/31adfa0c-1a16-4956-87b1-ccfda52ae8f1/.system_generated/click_feedback/click_feedback_1774674180822.png
 create mode 100644 docs/artifacts/31adfa0c-1a16-4956-87b1-ccfda52ae8f1/.system_generated/click_feedback/click_feedback_1774674363250.png
 create mode 100644 docs/artifacts/31adfa0c-1a16-4956-87b1-ccfda52ae8f1/.system_generated/messages/41161d9d-908a-4da7-9069-2a69f8f89e9e.json
 create mode 100644 docs/artifacts/31adfa0c-1a16-4956-87b1-ccfda52ae8f1/.system_generated/steps/114/content.md
 create mode 100644 docs/artifacts/31adfa0c-1a16-4956-87b1-ccfda52ae8f1/.system_generated/steps/115/content.md
 create mode 100644 docs/artifacts/31adfa0c-1a16-4956-87b1-ccfda52ae8f1/.system_generated/steps/116/content.md
 create mode 100644 docs/artifacts/31adfa0c-1a16-4956-87b1-ccfda52ae8f1/.system_generated/steps/123/content.md
 create mode 100644 docs/artifacts/31adfa0c-1a16-4956-87b1-ccfda52ae8f1/.system_generated/steps/124/content.md
 create mode 100644 docs/artifacts/31adfa0c-1a16-4956-87b1-ccfda52ae8f1/.system_generated/steps/129/content.md
 create mode 100644 docs/artifacts/31adfa0c-1a16-4956-87b1-ccfda52ae8f1/.system_generated/steps/130/content.md
 create mode 100644 docs/artifacts/31adfa0c-1a16-4956-87b1-ccfda52ae8f1/.tempmediaStorage/dom_1774652205245.txt
 create mode 100644 docs/artifacts/31adfa0c-1a16-4956-87b1-ccfda52ae8f1/.tempmediaStorage/dom_1774652214585.txt
 create mode 100644 docs/artifacts/31adfa0c-1a16-4956-87b1-ccfda52ae8f1/.tempmediaStorage/dom_1774652222931.txt
 create mode 100644 docs/artifacts/31adfa0c-1a16-4956-87b1-ccfda52ae8f1/.tempmediaStorage/dom_1774652231924.txt
 create mode 100644 docs/artifacts/31adfa0c-1a16-4956-87b1-ccfda52ae8f1/.tempmediaStorage/dom_1774652238875.txt
 create mode 100644 docs/artifacts/31adfa0c-1a16-4956-87b1-ccfda52ae8f1/.tempmediaStorage/dom_1774652244313.txt
 create mode 100644 docs/artifacts/31adfa0c-1a16-4956-87b1-ccfda52ae8f1/.tempmediaStorage/dom_1774652249601.txt
 create mode 100644 docs/artifacts/31adfa0c-1a16-4956-87b1-ccfda52ae8f1/.tempmediaStorage/dom_1774652255547.txt
 create mode 100644 docs/artifacts/31adfa0c-1a16-4956-87b1-ccfda52ae8f1/.tempmediaStorage/dom_1774652259764.txt
 create mode 100644 docs/artifacts/31adfa0c-1a16-4956-87b1-ccfda52ae8f1/.tempmediaStorage/dom_1774652264009.txt
 create mode 100644 docs/artifacts/31adfa0c-1a16-4956-87b1-ccfda52ae8f1/.tempmediaStorage/dom_1774652268870.txt
 create mode 100644 docs/artifacts/31adfa0c-1a16-4956-87b1-ccfda52ae8f1/.tempmediaStorage/dom_1774652273315.txt
 create mode 100644 docs/artifacts/31adfa0c-1a16-4956-87b1-ccfda52ae8f1/.tempmediaStorage/dom_1774652278581.txt
 create mode 100644 docs/artifacts/31adfa0c-1a16-4956-87b1-ccfda52ae8f1/.tempmediaStorage/dom_1774652283365.txt
 create mode 100644 docs/artifacts/31adfa0c-1a16-4956-87b1-ccfda52ae8f1/.tempmediaStorage/dom_1774652289693.txt
 create mode 100644 docs/artifacts/31adfa0c-1a16-4956-87b1-ccfda52ae8f1/.tempmediaStorage/dom_1774652945482.txt
 create mode 100644 docs/artifacts/31adfa0c-1a16-4956-87b1-ccfda52ae8f1/.tempmediaStorage/dom_1774652950808.txt
 create mode 100644 docs/artifacts/31adfa0c-1a16-4956-87b1-ccfda52ae8f1/.tempmediaStorage/dom_1774652959471.txt
 create mode 100644 docs/artifacts/31adfa0c-1a16-4956-87b1-ccfda52ae8f1/.tempmediaStorage/dom_1774652965995.txt
 create mode 100644 docs/artifacts/31adfa0c-1a16-4956-87b1-ccfda52ae8f1/.tempmediaStorage/dom_1774652971556.txt
 create mode 100644 docs/artifacts/31adfa0c-1a16-4956-87b1-ccfda52ae8f1/.tempmediaStorage/dom_1774652979073.txt
 create mode 100644 docs/artifacts/31adfa0c-1a16-4956-87b1-ccfda52ae8f1/.tempmediaStorage/dom_1774652985614.txt
 create mode 100644 docs/artifacts/31adfa0c-1a16-4956-87b1-ccfda52ae8f1/.tempmediaStorage/dom_1774652991651.txt
 create mode 100644 docs/artifacts/31adfa0c-1a16-4956-87b1-ccfda52ae8f1/.tempmediaStorage/dom_1774652998390.txt
 create mode 100644 docs/artifacts/31adfa0c-1a16-4956-87b1-ccfda52ae8f1/.tempmediaStorage/dom_1774653009397.txt
 create mode 100644 docs/artifacts/31adfa0c-1a16-4956-87b1-ccfda52ae8f1/.tempmediaStorage/dom_1774653051424.txt
 create mode 100644 docs/artifacts/31adfa0c-1a16-4956-87b1-ccfda52ae8f1/.tempmediaStorage/dom_1774653091129.txt
 create mode 100644 docs/artifacts/31adfa0c-1a16-4956-87b1-ccfda52ae8f1/.tempmediaStorage/dom_1774653091500.txt
 create mode 100644 docs/artifacts/31adfa0c-1a16-4956-87b1-ccfda52ae8f1/.tempmediaStorage/dom_1774653096966.txt
 create mode 100644 docs/artifacts/31adfa0c-1a16-4956-87b1-ccfda52ae8f1/.tempmediaStorage/dom_1774653102291.txt
 create mode 100644 docs/artifacts/31adfa0c-1a16-4956-87b1-ccfda52ae8f1/.tempmediaStorage/dom_1774653102461.txt
 create mode 100644 docs/artifacts/31adfa0c-1a16-4956-87b1-ccfda52ae8f1/.tempmediaStorage/dom_1774653108011.txt
 create mode 100644 docs/artifacts/31adfa0c-1a16-4956-87b1-ccfda52ae8f1/.tempmediaStorage/dom_1774653115084.txt
 create mode 100644 docs/artifacts/31adfa0c-1a16-4956-87b1-ccfda52ae8f1/.tempmediaStorage/dom_1774653121212.txt
 create mode 100644 docs/artifacts/31adfa0c-1a16-4956-87b1-ccfda52ae8f1/.tempmediaStorage/dom_1774653129404.txt
 create mode 100644 docs/artifacts/31adfa0c-1a16-4956-87b1-ccfda52ae8f1/.tempmediaStorage/dom_1774653137162.txt
 create mode 100644 docs/artifacts/31adfa0c-1a16-4956-87b1-ccfda52ae8f1/.tempmediaStorage/dom_1774653179143.txt
 create mode 100644 docs/artifacts/31adfa0c-1a16-4956-87b1-ccfda52ae8f1/.tempmediaStorage/dom_1774653186586.txt
 create mode 100644 docs/artifacts/31adfa0c-1a16-4956-87b1-ccfda52ae8f1/.tempmediaStorage/dom_1774653186699.txt
 create mode 100644 docs/artifacts/31adfa0c-1a16-4956-87b1-ccfda52ae8f1/.tempmediaStorage/dom_1774653192491.txt
 create mode 100644 docs/artifacts/31adfa0c-1a16-4956-87b1-ccfda52ae8f1/.tempmediaStorage/dom_1774653199655.txt
 create mode 100644 docs/artifacts/31adfa0c-1a16-4956-87b1-ccfda52ae8f1/.tempmediaStorage/dom_1774653206480.txt
 create mode 100644 docs/artifacts/31adfa0c-1a16-4956-87b1-ccfda52ae8f1/.tempmediaStorage/dom_1774653249365.txt
 create mode 100644 docs/artifacts/31adfa0c-1a16-4956-87b1-ccfda52ae8f1/.tempmediaStorage/dom_1774653346454.txt
 create mode 100644 docs/artifacts/31adfa0c-1a16-4956-87b1-ccfda52ae8f1/.tempmediaStorage/dom_1774653438991.txt
 create mode 100644 docs/artifacts/31adfa0c-1a16-4956-87b1-ccfda52ae8f1/.tempmediaStorage/dom_1774653446828.txt
 create mode 100644 docs/artifacts/31adfa0c-1a16-4956-87b1-ccfda52ae8f1/.tempmediaStorage/dom_1774653452073.txt
 create mode 100644 docs/artifacts/31adfa0c-1a16-4956-87b1-ccfda52ae8f1/.tempmediaStorage/dom_1774653458697.txt
 create mode 100644 docs/artifacts/31adfa0c-1a16-4956-87b1-ccfda52ae8f1/.tempmediaStorage/dom_1774653465749.txt
 create mode 100644 docs/artifacts/31adfa0c-1a16-4956-87b1-ccfda52ae8f1/.tempmediaStorage/dom_1774653576612.txt
 create mode 100644 docs/artifacts/31adfa0c-1a16-4956-87b1-ccfda52ae8f1/.tempmediaStorage/dom_1774653583475.txt
 create mode 100644 docs/artifacts/31adfa0c-1a16-4956-87b1-ccfda52ae8f1/.tempmediaStorage/dom_1774653606969.txt
 create mode 100644 docs/artifacts/31adfa0c-1a16-4956-87b1-ccfda52ae8f1/.tempmediaStorage/dom_1774653615021.txt
 create mode 100644 docs/artifacts/31adfa0c-1a16-4956-87b1-ccfda52ae8f1/.tempmediaStorage/dom_1774653622887.txt
 create mode 100644 docs/artifacts/31adfa0c-1a16-4956-87b1-ccfda52ae8f1/.tempmediaStorage/dom_1774653623125.txt
 create mode 100644 docs/artifacts/31adfa0c-1a16-4956-87b1-ccfda52ae8f1/.tempmediaStorage/dom_1774653704635.txt
 create mode 100644 docs/artifacts/31adfa0c-1a16-4956-87b1-ccfda52ae8f1/.tempmediaStorage/dom_1774653913186.txt
 create mode 100644 docs/artifacts/31adfa0c-1a16-4956-87b1-ccfda52ae8f1/.tempmediaStorage/dom_1774653913724.txt
 create mode 100644 docs/artifacts/31adfa0c-1a16-4956-87b1-ccfda52ae8f1/.tempmediaStorage/dom_1774653921978.txt
 create mode 100644 docs/artifacts/31adfa0c-1a16-4956-87b1-ccfda52ae8f1/.tempmediaStorage/dom_1774653922589.txt
 create mode 100644 docs/artifacts/31adfa0c-1a16-4956-87b1-ccfda52ae8f1/.tempmediaStorage/dom_1774653931955.txt
 create mode 100644 docs/artifacts/31adfa0c-1a16-4956-87b1-ccfda52ae8f1/.tempmediaStorage/dom_1774653932328.txt
 create mode 100644 docs/artifacts/31adfa0c-1a16-4956-87b1-ccfda52ae8f1/.tempmediaStorage/dom_1774653946405.txt
 create mode 100644 docs/artifacts/31adfa0c-1a16-4956-87b1-ccfda52ae8f1/.tempmediaStorage/dom_1774653955711.txt
 create mode 100644 docs/artifacts/31adfa0c-1a16-4956-87b1-ccfda52ae8f1/.tempmediaStorage/dom_1774653966047.txt
 create mode 100644 docs/artifacts/31adfa0c-1a16-4956-87b1-ccfda52ae8f1/.tempmediaStorage/dom_1774654078730.txt
 create mode 100644 docs/artifacts/31adfa0c-1a16-4956-87b1-ccfda52ae8f1/.tempmediaStorage/dom_1774654079139.txt
 create mode 100644 docs/artifacts/31adfa0c-1a16-4956-87b1-ccfda52ae8f1/.tempmediaStorage/dom_1774654089161.txt
 create mode 100644 docs/artifacts/31adfa0c-1a16-4956-87b1-ccfda52ae8f1/.tempmediaStorage/dom_1774654097520.txt
 create mode 100644 docs/artifacts/31adfa0c-1a16-4956-87b1-ccfda52ae8f1/.tempmediaStorage/dom_1774654110603.txt
 create mode 100644 docs/artifacts/31adfa0c-1a16-4956-87b1-ccfda52ae8f1/.tempmediaStorage/dom_1774654121586.txt
 create mode 100644 docs/artifacts/31adfa0c-1a16-4956-87b1-ccfda52ae8f1/.tempmediaStorage/dom_1774654130966.txt
 create mode 100644 docs/artifacts/31adfa0c-1a16-4956-87b1-ccfda52ae8f1/.tempmediaStorage/dom_1774654139749.txt
 create mode 100644 docs/artifacts/31adfa0c-1a16-4956-87b1-ccfda52ae8f1/.tempmediaStorage/dom_1774654148900.txt
 create mode 100644 docs/artifacts/31adfa0c-1a16-4956-87b1-ccfda52ae8f1/.tempmediaStorage/dom_1774654157644.txt
 create mode 100644 docs/artifacts/31adfa0c-1a16-4956-87b1-ccfda52ae8f1/.tempmediaStorage/dom_1774654166538.txt
 create mode 100644 docs/artifacts/31adfa0c-1a16-4956-87b1-ccfda52ae8f1/.tempmediaStorage/dom_1774654173444.txt
 create mode 100644 docs/artifacts/31adfa0c-1a16-4956-87b1-ccfda52ae8f1/.tempmediaStorage/dom_1774654174065.txt
 create mode 100644 docs/artifacts/31adfa0c-1a16-4956-87b1-ccfda52ae8f1/.tempmediaStorage/dom_1774654184416.txt
 create mode 100644 docs/artifacts/31adfa0c-1a16-4956-87b1-ccfda52ae8f1/.tempmediaStorage/dom_1774654225950.txt
 create mode 100644 docs/artifacts/31adfa0c-1a16-4956-87b1-ccfda52ae8f1/.tempmediaStorage/dom_1774654235180.txt
 create mode 100644 docs/artifacts/31adfa0c-1a16-4956-87b1-ccfda52ae8f1/.tempmediaStorage/dom_1774654246999.txt
 create mode 100644 docs/artifacts/31adfa0c-1a16-4956-87b1-ccfda52ae8f1/.tempmediaStorage/dom_1774654256539.txt
 create mode 100644 docs/artifacts/31adfa0c-1a16-4956-87b1-ccfda52ae8f1/.tempmediaStorage/dom_1774654274217.txt
 create mode 100644 docs/artifacts/31adfa0c-1a16-4956-87b1-ccfda52ae8f1/.tempmediaStorage/dom_1774656469563.txt
 create mode 100644 docs/artifacts/31adfa0c-1a16-4956-87b1-ccfda52ae8f1/.tempmediaStorage/dom_1774656478778.txt
 create mode 100644 docs/artifacts/31adfa0c-1a16-4956-87b1-ccfda52ae8f1/.tempmediaStorage/dom_1774656487863.txt
 create mode 100644 docs/artifacts/31adfa0c-1a16-4956-87b1-ccfda52ae8f1/.tempmediaStorage/dom_1774656500109.txt
 create mode 100644 docs/artifacts/31adfa0c-1a16-4956-87b1-ccfda52ae8f1/.tempmediaStorage/dom_1774656531550.txt
 create mode 100644 docs/artifacts/31adfa0c-1a16-4956-87b1-ccfda52ae8f1/.tempmediaStorage/dom_1774656539832.txt
 create mode 100644 docs/artifacts/31adfa0c-1a16-4956-87b1-ccfda52ae8f1/.tempmediaStorage/dom_1774656548289.txt
 create mode 100644 docs/artifacts/31adfa0c-1a16-4956-87b1-ccfda52ae8f1/.tempmediaStorage/dom_1774656557115.txt
 create mode 100644 docs/artifacts/31adfa0c-1a16-4956-87b1-ccfda52ae8f1/.tempmediaStorage/dom_1774656566427.txt
 create mode 100644 docs/artifacts/31adfa0c-1a16-4956-87b1-ccfda52ae8f1/.tempmediaStorage/dom_1774656566800.txt
 create mode 100644 docs/artifacts/31adfa0c-1a16-4956-87b1-ccfda52ae8f1/.tempmediaStorage/dom_1774656577611.txt
 create mode 100644 docs/artifacts/31adfa0c-1a16-4956-87b1-ccfda52ae8f1/.tempmediaStorage/dom_1774656586300.txt
 create mode 100644 docs/artifacts/31adfa0c-1a16-4956-87b1-ccfda52ae8f1/.tempmediaStorage/dom_1774656595553.txt
 create mode 100644 docs/artifacts/31adfa0c-1a16-4956-87b1-ccfda52ae8f1/.tempmediaStorage/dom_1774656608635.txt
 create mode 100644 docs/artifacts/31adfa0c-1a16-4956-87b1-ccfda52ae8f1/.tempmediaStorage/dom_1774656618068.txt
 create mode 100644 docs/artifacts/31adfa0c-1a16-4956-87b1-ccfda52ae8f1/.tempmediaStorage/dom_1774656632983.txt
 create mode 100644 docs/artifacts/31adfa0c-1a16-4956-87b1-ccfda52ae8f1/.tempmediaStorage/dom_1774656644452.txt
 create mode 100644 docs/artifacts/31adfa0c-1a16-4956-87b1-ccfda52ae8f1/.tempmediaStorage/dom_1774656654589.txt
 create mode 100644 docs/artifacts/31adfa0c-1a16-4956-87b1-ccfda52ae8f1/.tempmediaStorage/dom_1774656664501.txt
 create mode 100644 docs/artifacts/31adfa0c-1a16-4956-87b1-ccfda52ae8f1/.tempmediaStorage/dom_1774656673388.txt
 create mode 100644 docs/artifacts/31adfa0c-1a16-4956-87b1-ccfda52ae8f1/.tempmediaStorage/dom_1774656682080.txt
 create mode 100644 docs/artifacts/31adfa0c-1a16-4956-87b1-ccfda52ae8f1/.tempmediaStorage/dom_1774656691951.txt
 create mode 100644 docs/artifacts/31adfa0c-1a16-4956-87b1-ccfda52ae8f1/.tempmediaStorage/dom_1774656703262.txt
 create mode 100644 docs/artifacts/31adfa0c-1a16-4956-87b1-ccfda52ae8f1/.tempmediaStorage/dom_1774656714130.txt
 create mode 100644 docs/artifacts/31adfa0c-1a16-4956-87b1-ccfda52ae8f1/.tempmediaStorage/dom_1774656724305.txt
 create mode 100644 docs/artifacts/31adfa0c-1a16-4956-87b1-ccfda52ae8f1/.tempmediaStorage/dom_1774656733622.txt
 create mode 100644 docs/artifacts/31adfa0c-1a16-4956-87b1-ccfda52ae8f1/.tempmediaStorage/dom_1774656744491.txt
 create mode 100644 docs/artifacts/31adfa0c-1a16-4956-87b1-ccfda52ae8f1/.tempmediaStorage/dom_1774656751837.txt
 create mode 100644 docs/artifacts/31adfa0c-1a16-4956-87b1-ccfda52ae8f1/.tempmediaStorage/dom_1774656760150.txt
 create mode 100644 docs/artifacts/31adfa0c-1a16-4956-87b1-ccfda52ae8f1/.tempmediaStorage/dom_1774656807138.txt
 create mode 100644 docs/artifacts/31adfa0c-1a16-4956-87b1-ccfda52ae8f1/.tempmediaStorage/dom_1774656820213.txt
 create mode 100644 docs/artifacts/31adfa0c-1a16-4956-87b1-ccfda52ae8f1/.tempmediaStorage/dom_1774656829182.txt
 create mode 100644 docs/artifacts/31adfa0c-1a16-4956-87b1-ccfda52ae8f1/.tempmediaStorage/dom_1774656838673.txt
 create mode 100644 docs/artifacts/31adfa0c-1a16-4956-87b1-ccfda52ae8f1/.tempmediaStorage/dom_1774656847321.txt
 create mode 100644 docs/artifacts/31adfa0c-1a16-4956-87b1-ccfda52ae8f1/.tempmediaStorage/dom_1774656857202.txt
 create mode 100644 docs/artifacts/31adfa0c-1a16-4956-87b1-ccfda52ae8f1/.tempmediaStorage/dom_1774656918644.txt
 create mode 100644 docs/artifacts/31adfa0c-1a16-4956-87b1-ccfda52ae8f1/.tempmediaStorage/dom_1774656927913.txt
 create mode 100644 docs/artifacts/31adfa0c-1a16-4956-87b1-ccfda52ae8f1/.tempmediaStorage/dom_1774656936160.txt
 create mode 100644 docs/artifacts/31adfa0c-1a16-4956-87b1-ccfda52ae8f1/.tempmediaStorage/dom_1774673721053.txt
 create mode 100644 docs/artifacts/31adfa0c-1a16-4956-87b1-ccfda52ae8f1/.tempmediaStorage/dom_1774673739028.txt
 create mode 100644 docs/artifacts/31adfa0c-1a16-4956-87b1-ccfda52ae8f1/.tempmediaStorage/dom_1774673744155.txt
 create mode 100644 docs/artifacts/31adfa0c-1a16-4956-87b1-ccfda52ae8f1/.tempmediaStorage/dom_1774673751542.txt
 create mode 100644 docs/artifacts/31adfa0c-1a16-4956-87b1-ccfda52ae8f1/.tempmediaStorage/dom_1774674154901.txt
 create mode 100644 docs/artifacts/31adfa0c-1a16-4956-87b1-ccfda52ae8f1/.tempmediaStorage/dom_1774674161480.txt
 create mode 100644 docs/artifacts/31adfa0c-1a16-4956-87b1-ccfda52ae8f1/.tempmediaStorage/dom_1774674172507.txt
 create mode 100644 docs/artifacts/31adfa0c-1a16-4956-87b1-ccfda52ae8f1/.tempmediaStorage/dom_1774674182710.txt
 create mode 100644 docs/artifacts/31adfa0c-1a16-4956-87b1-ccfda52ae8f1/.tempmediaStorage/dom_1774674193139.txt
 create mode 100644 docs/artifacts/31adfa0c-1a16-4956-87b1-ccfda52ae8f1/.tempmediaStorage/dom_1774674345230.txt
 create mode 100644 docs/artifacts/31adfa0c-1a16-4956-87b1-ccfda52ae8f1/.tempmediaStorage/dom_1774674354960.txt
 create mode 100644 docs/artifacts/31adfa0c-1a16-4956-87b1-ccfda52ae8f1/.tempmediaStorage/media_31adfa0c-1a16-4956-87b1-ccfda52ae8f1_1774652206089.png
 create mode 100644 docs/artifacts/31adfa0c-1a16-4956-87b1-ccfda52ae8f1/.tempmediaStorage/media_31adfa0c-1a16-4956-87b1-ccfda52ae8f1_1774652214848.png
 create mode 100644 docs/artifacts/31adfa0c-1a16-4956-87b1-ccfda52ae8f1/.tempmediaStorage/media_31adfa0c-1a16-4956-87b1-ccfda52ae8f1_1774652223055.png
 create mode 100644 docs/artifacts/31adfa0c-1a16-4956-87b1-ccfda52ae8f1/.tempmediaStorage/media_31adfa0c-1a16-4956-87b1-ccfda52ae8f1_1774652232157.png
 create mode 100644 docs/artifacts/31adfa0c-1a16-4956-87b1-ccfda52ae8f1/.tempmediaStorage/media_31adfa0c-1a16-4956-87b1-ccfda52ae8f1_1774652239024.png
 create mode 100644 docs/artifacts/31adfa0c-1a16-4956-87b1-ccfda52ae8f1/.tempmediaStorage/media_31adfa0c-1a16-4956-87b1-ccfda52ae8f1_1774652244478.png
 create mode 100644 docs/artifacts/31adfa0c-1a16-4956-87b1-ccfda52ae8f1/.tempmediaStorage/media_31adfa0c-1a16-4956-87b1-ccfda52ae8f1_1774652249789.png
 create mode 100644 docs/artifacts/31adfa0c-1a16-4956-87b1-ccfda52ae8f1/.tempmediaStorage/media_31adfa0c-1a16-4956-87b1-ccfda52ae8f1_1774652255688.png
 create mode 100644 docs/artifacts/31adfa0c-1a16-4956-87b1-ccfda52ae8f1/.tempmediaStorage/media_31adfa0c-1a16-4956-87b1-ccfda52ae8f1_1774652259884.png
 create mode 100644 docs/artifacts/31adfa0c-1a16-4956-87b1-ccfda52ae8f1/.tempmediaStorage/media_31adfa0c-1a16-4956-87b1-ccfda52ae8f1_1774652264132.png
 create mode 100644 docs/artifacts/31adfa0c-1a16-4956-87b1-ccfda52ae8f1/.tempmediaStorage/media_31adfa0c-1a16-4956-87b1-ccfda52ae8f1_1774652269025.png
 create mode 100644 docs/artifacts/31adfa0c-1a16-4956-87b1-ccfda52ae8f1/.tempmediaStorage/media_31adfa0c-1a16-4956-87b1-ccfda52ae8f1_1774652273467.png
 create mode 100644 docs/artifacts/31adfa0c-1a16-4956-87b1-ccfda52ae8f1/.tempmediaStorage/media_31adfa0c-1a16-4956-87b1-ccfda52ae8f1_1774652278735.png
 create mode 100644 docs/artifacts/31adfa0c-1a16-4956-87b1-ccfda52ae8f1/.tempmediaStorage/media_31adfa0c-1a16-4956-87b1-ccfda52ae8f1_1774652283537.png
 create mode 100644 docs/artifacts/31adfa0c-1a16-4956-87b1-ccfda52ae8f1/.tempmediaStorage/media_31adfa0c-1a16-4956-87b1-ccfda52ae8f1_1774652289905.png
 create mode 100644 docs/artifacts/31adfa0c-1a16-4956-87b1-ccfda52ae8f1/.tempmediaStorage/media_31adfa0c-1a16-4956-87b1-ccfda52ae8f1_1774652945664.png
 create mode 100644 docs/artifacts/31adfa0c-1a16-4956-87b1-ccfda52ae8f1/.tempmediaStorage/media_31adfa0c-1a16-4956-87b1-ccfda52ae8f1_1774652950987.png
 create mode 100644 docs/artifacts/31adfa0c-1a16-4956-87b1-ccfda52ae8f1/.tempmediaStorage/media_31adfa0c-1a16-4956-87b1-ccfda52ae8f1_1774652959615.png
 create mode 100644 docs/artifacts/31adfa0c-1a16-4956-87b1-ccfda52ae8f1/.tempmediaStorage/media_31adfa0c-1a16-4956-87b1-ccfda52ae8f1_1774652966146.png
 create mode 100644 docs/artifacts/31adfa0c-1a16-4956-87b1-ccfda52ae8f1/.tempmediaStorage/media_31adfa0c-1a16-4956-87b1-ccfda52ae8f1_1774652971692.png
 create mode 100644 docs/artifacts/31adfa0c-1a16-4956-87b1-ccfda52ae8f1/.tempmediaStorage/media_31adfa0c-1a16-4956-87b1-ccfda52ae8f1_1774652979215.png
 create mode 100644 docs/artifacts/31adfa0c-1a16-4956-87b1-ccfda52ae8f1/.tempmediaStorage/media_31adfa0c-1a16-4956-87b1-ccfda52ae8f1_1774652985768.png
 create mode 100644 docs/artifacts/31adfa0c-1a16-4956-87b1-ccfda52ae8f1/.tempmediaStorage/media_31adfa0c-1a16-4956-87b1-ccfda52ae8f1_1774652991801.png
 create mode 100644 docs/artifacts/31adfa0c-1a16-4956-87b1-ccfda52ae8f1/.tempmediaStorage/media_31adfa0c-1a16-4956-87b1-ccfda52ae8f1_1774652998521.png
 create mode 100644 docs/artifacts/31adfa0c-1a16-4956-87b1-ccfda52ae8f1/.tempmediaStorage/media_31adfa0c-1a16-4956-87b1-ccfda52ae8f1_1774653009528.png
 create mode 100644 docs/artifacts/31adfa0c-1a16-4956-87b1-ccfda52ae8f1/.tempmediaStorage/media_31adfa0c-1a16-4956-87b1-ccfda52ae8f1_1774653051565.png
 create mode 100644 docs/artifacts/31adfa0c-1a16-4956-87b1-ccfda52ae8f1/.tempmediaStorage/media_31adfa0c-1a16-4956-87b1-ccfda52ae8f1_1774653091564.png
 create mode 100644 docs/artifacts/31adfa0c-1a16-4956-87b1-ccfda52ae8f1/.tempmediaStorage/media_31adfa0c-1a16-4956-87b1-ccfda52ae8f1_1774653097105.png
 create mode 100644 docs/artifacts/31adfa0c-1a16-4956-87b1-ccfda52ae8f1/.tempmediaStorage/media_31adfa0c-1a16-4956-87b1-ccfda52ae8f1_1774653102583.png
 create mode 100644 docs/artifacts/31adfa0c-1a16-4956-87b1-ccfda52ae8f1/.tempmediaStorage/media_31adfa0c-1a16-4956-87b1-ccfda52ae8f1_1774653108176.png
 create mode 100644 docs/artifacts/31adfa0c-1a16-4956-87b1-ccfda52ae8f1/.tempmediaStorage/media_31adfa0c-1a16-4956-87b1-ccfda52ae8f1_1774653115226.png
 create mode 100644 docs/artifacts/31adfa0c-1a16-4956-87b1-ccfda52ae8f1/.tempmediaStorage/media_31adfa0c-1a16-4956-87b1-ccfda52ae8f1_1774653121389.png
 create mode 100644 docs/artifacts/31adfa0c-1a16-4956-87b1-ccfda52ae8f1/.tempmediaStorage/media_31adfa0c-1a16-4956-87b1-ccfda52ae8f1_1774653129544.png
 create mode 100644 docs/artifacts/31adfa0c-1a16-4956-87b1-ccfda52ae8f1/.tempmediaStorage/media_31adfa0c-1a16-4956-87b1-ccfda52ae8f1_1774653137289.png
 create mode 100644 docs/artifacts/31adfa0c-1a16-4956-87b1-ccfda52ae8f1/.tempmediaStorage/media_31adfa0c-1a16-4956-87b1-ccfda52ae8f1_1774653179341.png
 create mode 100644 docs/artifacts/31adfa0c-1a16-4956-87b1-ccfda52ae8f1/.tempmediaStorage/media_31adfa0c-1a16-4956-87b1-ccfda52ae8f1_1774653186848.png
 create mode 100644 docs/artifacts/31adfa0c-1a16-4956-87b1-ccfda52ae8f1/.tempmediaStorage/media_31adfa0c-1a16-4956-87b1-ccfda52ae8f1_1774653192621.png
 create mode 100644 docs/artifacts/31adfa0c-1a16-4956-87b1-ccfda52ae8f1/.tempmediaStorage/media_31adfa0c-1a16-4956-87b1-ccfda52ae8f1_1774653199797.png
 create mode 100644 docs/artifacts/31adfa0c-1a16-4956-87b1-ccfda52ae8f1/.tempmediaStorage/media_31adfa0c-1a16-4956-87b1-ccfda52ae8f1_1774653206619.png
 create mode 100644 docs/artifacts/31adfa0c-1a16-4956-87b1-ccfda52ae8f1/.tempmediaStorage/media_31adfa0c-1a16-4956-87b1-ccfda52ae8f1_1774653249488.png
 create mode 100644 docs/artifacts/31adfa0c-1a16-4956-87b1-ccfda52ae8f1/.tempmediaStorage/media_31adfa0c-1a16-4956-87b1-ccfda52ae8f1_1774653346556.png
 create mode 100644 docs/artifacts/31adfa0c-1a16-4956-87b1-ccfda52ae8f1/.tempmediaStorage/media_31adfa0c-1a16-4956-87b1-ccfda52ae8f1_1774653439156.png
 create mode 100644 docs/artifacts/31adfa0c-1a16-4956-87b1-ccfda52ae8f1/.tempmediaStorage/media_31adfa0c-1a16-4956-87b1-ccfda52ae8f1_1774653446983.png
 create mode 100644 docs/artifacts/31adfa0c-1a16-4956-87b1-ccfda52ae8f1/.tempmediaStorage/media_31adfa0c-1a16-4956-87b1-ccfda52ae8f1_1774653452258.png
 create mode 100644 docs/artifacts/31adfa0c-1a16-4956-87b1-ccfda52ae8f1/.tempmediaStorage/media_31adfa0c-1a16-4956-87b1-ccfda52ae8f1_1774653458879.png
 create mode 100644 docs/artifacts/31adfa0c-1a16-4956-87b1-ccfda52ae8f1/.tempmediaStorage/media_31adfa0c-1a16-4956-87b1-ccfda52ae8f1_1774653465920.png
 create mode 100644 docs/artifacts/31adfa0c-1a16-4956-87b1-ccfda52ae8f1/.tempmediaStorage/media_31adfa0c-1a16-4956-87b1-ccfda52ae8f1_1774653576744.png
 create mode 100644 docs/artifacts/31adfa0c-1a16-4956-87b1-ccfda52ae8f1/.tempmediaStorage/media_31adfa0c-1a16-4956-87b1-ccfda52ae8f1_1774653583616.png
 create mode 100644 docs/artifacts/31adfa0c-1a16-4956-87b1-ccfda52ae8f1/.tempmediaStorage/media_31adfa0c-1a16-4956-87b1-ccfda52ae8f1_1774653607135.png
 create mode 100644 docs/artifacts/31adfa0c-1a16-4956-87b1-ccfda52ae8f1/.tempmediaStorage/media_31adfa0c-1a16-4956-87b1-ccfda52ae8f1_1774653615105.png
 create mode 100644 docs/artifacts/31adfa0c-1a16-4956-87b1-ccfda52ae8f1/.tempmediaStorage/media_31adfa0c-1a16-4956-87b1-ccfda52ae8f1_1774653623236.png
 create mode 100644 docs/artifacts/31adfa0c-1a16-4956-87b1-ccfda52ae8f1/.tempmediaStorage/media_31adfa0c-1a16-4956-87b1-ccfda52ae8f1_1774653704790.png
 create mode 100644 docs/artifacts/31adfa0c-1a16-4956-87b1-ccfda52ae8f1/.tempmediaStorage/media_31adfa0c-1a16-4956-87b1-ccfda52ae8f1_1774653912886.png
 create mode 100644 docs/artifacts/31adfa0c-1a16-4956-87b1-ccfda52ae8f1/.tempmediaStorage/media_31adfa0c-1a16-4956-87b1-ccfda52ae8f1_1774653913806.png
 create mode 100644 docs/artifacts/31adfa0c-1a16-4956-87b1-ccfda52ae8f1/.tempmediaStorage/media_31adfa0c-1a16-4956-87b1-ccfda52ae8f1_1774653921377.png
 create mode 100644 docs/artifacts/31adfa0c-1a16-4956-87b1-ccfda52ae8f1/.tempmediaStorage/media_31adfa0c-1a16-4956-87b1-ccfda52ae8f1_1774653922710.png
 create mode 100644 docs/artifacts/31adfa0c-1a16-4956-87b1-ccfda52ae8f1/.tempmediaStorage/media_31adfa0c-1a16-4956-87b1-ccfda52ae8f1_1774653931559.png
 create mode 100644 docs/artifacts/31adfa0c-1a16-4956-87b1-ccfda52ae8f1/.tempmediaStorage/media_31adfa0c-1a16-4956-87b1-ccfda52ae8f1_1774653932446.png
 create mode 100644 docs/artifacts/31adfa0c-1a16-4956-87b1-ccfda52ae8f1/.tempmediaStorage/media_31adfa0c-1a16-4956-87b1-ccfda52ae8f1_1774653945882.png
 create mode 100644 docs/artifacts/31adfa0c-1a16-4956-87b1-ccfda52ae8f1/.tempmediaStorage/media_31adfa0c-1a16-4956-87b1-ccfda52ae8f1_1774653946573.png
 create mode 100644 docs/artifacts/31adfa0c-1a16-4956-87b1-ccfda52ae8f1/.tempmediaStorage/media_31adfa0c-1a16-4956-87b1-ccfda52ae8f1_1774653954687.png
 create mode 100644 docs/artifacts/31adfa0c-1a16-4956-87b1-ccfda52ae8f1/.tempmediaStorage/media_31adfa0c-1a16-4956-87b1-ccfda52ae8f1_1774653955849.png
 create mode 100644 docs/artifacts/31adfa0c-1a16-4956-87b1-ccfda52ae8f1/.tempmediaStorage/media_31adfa0c-1a16-4956-87b1-ccfda52ae8f1_1774653965592.png
 create mode 100644 docs/artifacts/31adfa0c-1a16-4956-87b1-ccfda52ae8f1/.tempmediaStorage/media_31adfa0c-1a16-4956-87b1-ccfda52ae8f1_1774653966254.png
 create mode 100644 docs/artifacts/31adfa0c-1a16-4956-87b1-ccfda52ae8f1/.tempmediaStorage/media_31adfa0c-1a16-4956-87b1-ccfda52ae8f1_1774653988927.png
 create mode 100644 docs/artifacts/31adfa0c-1a16-4956-87b1-ccfda52ae8f1/.tempmediaStorage/media_31adfa0c-1a16-4956-87b1-ccfda52ae8f1_1774654079303.png
 create mode 100644 docs/artifacts/31adfa0c-1a16-4956-87b1-ccfda52ae8f1/.tempmediaStorage/media_31adfa0c-1a16-4956-87b1-ccfda52ae8f1_1774654089300.png
 create mode 100644 docs/artifacts/31adfa0c-1a16-4956-87b1-ccfda52ae8f1/.tempmediaStorage/media_31adfa0c-1a16-4956-87b1-ccfda52ae8f1_1774654097683.png
 create mode 100644 docs/artifacts/31adfa0c-1a16-4956-87b1-ccfda52ae8f1/.tempmediaStorage/media_31adfa0c-1a16-4956-87b1-ccfda52ae8f1_1774654110812.png
 create mode 100644 docs/artifacts/31adfa0c-1a16-4956-87b1-ccfda52ae8f1/.tempmediaStorage/media_31adfa0c-1a16-4956-87b1-ccfda52ae8f1_1774654121586.png
 create mode 100644 docs/artifacts/31adfa0c-1a16-4956-87b1-ccfda52ae8f1/.tempmediaStorage/media_31adfa0c-1a16-4956-87b1-ccfda52ae8f1_1774654131101.png
 create mode 100644 docs/artifacts/31adfa0c-1a16-4956-87b1-ccfda52ae8f1/.tempmediaStorage/media_31adfa0c-1a16-4956-87b1-ccfda52ae8f1_1774654140017.png
 create mode 100644 docs/artifacts/31adfa0c-1a16-4956-87b1-ccfda52ae8f1/.tempmediaStorage/media_31adfa0c-1a16-4956-87b1-ccfda52ae8f1_1774654149048.png
 create mode 100644 docs/artifacts/31adfa0c-1a16-4956-87b1-ccfda52ae8f1/.tempmediaStorage/media_31adfa0c-1a16-4956-87b1-ccfda52ae8f1_1774654157779.png
 create mode 100644 docs/artifacts/31adfa0c-1a16-4956-87b1-ccfda52ae8f1/.tempmediaStorage/media_31adfa0c-1a16-4956-87b1-ccfda52ae8f1_1774654166739.png
 create mode 100644 docs/artifacts/31adfa0c-1a16-4956-87b1-ccfda52ae8f1/.tempmediaStorage/media_31adfa0c-1a16-4956-87b1-ccfda52ae8f1_1774654174256.png
 create mode 100644 docs/artifacts/31adfa0c-1a16-4956-87b1-ccfda52ae8f1/.tempmediaStorage/media_31adfa0c-1a16-4956-87b1-ccfda52ae8f1_1774654184552.png
 create mode 100644 docs/artifacts/31adfa0c-1a16-4956-87b1-ccfda52ae8f1/.tempmediaStorage/media_31adfa0c-1a16-4956-87b1-ccfda52ae8f1_1774654226130.png
 create mode 100644 docs/artifacts/31adfa0c-1a16-4956-87b1-ccfda52ae8f1/.tempmediaStorage/media_31adfa0c-1a16-4956-87b1-ccfda52ae8f1_1774654235329.png
 create mode 100644 docs/artifacts/31adfa0c-1a16-4956-87b1-ccfda52ae8f1/.tempmediaStorage/media_31adfa0c-1a16-4956-87b1-ccfda52ae8f1_1774654247231.png
 create mode 100644 docs/artifacts/31adfa0c-1a16-4956-87b1-ccfda52ae8f1/.tempmediaStorage/media_31adfa0c-1a16-4956-87b1-ccfda52ae8f1_1774654256703.png
 create mode 100644 docs/artifacts/31adfa0c-1a16-4956-87b1-ccfda52ae8f1/.tempmediaStorage/media_31adfa0c-1a16-4956-87b1-ccfda52ae8f1_1774654274436.png
 create mode 100644 docs/artifacts/31adfa0c-1a16-4956-87b1-ccfda52ae8f1/.tempmediaStorage/media_31adfa0c-1a16-4956-87b1-ccfda52ae8f1_1774654293591.png
 create mode 100644 docs/artifacts/31adfa0c-1a16-4956-87b1-ccfda52ae8f1/.tempmediaStorage/media_31adfa0c-1a16-4956-87b1-ccfda52ae8f1_1774656469729.png
 create mode 100644 docs/artifacts/31adfa0c-1a16-4956-87b1-ccfda52ae8f1/.tempmediaStorage/media_31adfa0c-1a16-4956-87b1-ccfda52ae8f1_1774656478961.png
 create mode 100644 docs/artifacts/31adfa0c-1a16-4956-87b1-ccfda52ae8f1/.tempmediaStorage/media_31adfa0c-1a16-4956-87b1-ccfda52ae8f1_1774656487990.png
 create mode 100644 docs/artifacts/31adfa0c-1a16-4956-87b1-ccfda52ae8f1/.tempmediaStorage/media_31adfa0c-1a16-4956-87b1-ccfda52ae8f1_1774656500547.png
 create mode 100644 docs/artifacts/31adfa0c-1a16-4956-87b1-ccfda52ae8f1/.tempmediaStorage/media_31adfa0c-1a16-4956-87b1-ccfda52ae8f1_1774656531772.png
 create mode 100644 docs/artifacts/31adfa0c-1a16-4956-87b1-ccfda52ae8f1/.tempmediaStorage/media_31adfa0c-1a16-4956-87b1-ccfda52ae8f1_1774656540046.png
 create mode 100644 docs/artifacts/31adfa0c-1a16-4956-87b1-ccfda52ae8f1/.tempmediaStorage/media_31adfa0c-1a16-4956-87b1-ccfda52ae8f1_1774656548441.png
 create mode 100644 docs/artifacts/31adfa0c-1a16-4956-87b1-ccfda52ae8f1/.tempmediaStorage/media_31adfa0c-1a16-4956-87b1-ccfda52ae8f1_1774656557300.png
 create mode 100644 docs/artifacts/31adfa0c-1a16-4956-87b1-ccfda52ae8f1/.tempmediaStorage/media_31adfa0c-1a16-4956-87b1-ccfda52ae8f1_1774656567015.png
 create mode 100644 docs/artifacts/31adfa0c-1a16-4956-87b1-ccfda52ae8f1/.tempmediaStorage/media_31adfa0c-1a16-4956-87b1-ccfda52ae8f1_1774656577908.png
 create mode 100644 docs/artifacts/31adfa0c-1a16-4956-87b1-ccfda52ae8f1/.tempmediaStorage/media_31adfa0c-1a16-4956-87b1-ccfda52ae8f1_1774656586468.png
 create mode 100644 docs/artifacts/31adfa0c-1a16-4956-87b1-ccfda52ae8f1/.tempmediaStorage/media_31adfa0c-1a16-4956-87b1-ccfda52ae8f1_1774656595708.png
 create mode 100644 docs/artifacts/31adfa0c-1a16-4956-87b1-ccfda52ae8f1/.tempmediaStorage/media_31adfa0c-1a16-4956-87b1-ccfda52ae8f1_1774656608830.png
 create mode 100644 docs/artifacts/31adfa0c-1a16-4956-87b1-ccfda52ae8f1/.tempmediaStorage/media_31adfa0c-1a16-4956-87b1-ccfda52ae8f1_1774656618277.png
 create mode 100644 docs/artifacts/31adfa0c-1a16-4956-87b1-ccfda52ae8f1/.tempmediaStorage/media_31adfa0c-1a16-4956-87b1-ccfda52ae8f1_1774656633126.png
 create mode 100644 docs/artifacts/31adfa0c-1a16-4956-87b1-ccfda52ae8f1/.tempmediaStorage/media_31adfa0c-1a16-4956-87b1-ccfda52ae8f1_1774656643931.png
 create mode 100644 docs/artifacts/31adfa0c-1a16-4956-87b1-ccfda52ae8f1/.tempmediaStorage/media_31adfa0c-1a16-4956-87b1-ccfda52ae8f1_1774656644586.png
 create mode 100644 docs/artifacts/31adfa0c-1a16-4956-87b1-ccfda52ae8f1/.tempmediaStorage/media_31adfa0c-1a16-4956-87b1-ccfda52ae8f1_1774656654711.png
 create mode 100644 docs/artifacts/31adfa0c-1a16-4956-87b1-ccfda52ae8f1/.tempmediaStorage/media_31adfa0c-1a16-4956-87b1-ccfda52ae8f1_1774656664701.png
 create mode 100644 docs/artifacts/31adfa0c-1a16-4956-87b1-ccfda52ae8f1/.tempmediaStorage/media_31adfa0c-1a16-4956-87b1-ccfda52ae8f1_1774656673563.png
 create mode 100644 docs/artifacts/31adfa0c-1a16-4956-87b1-ccfda52ae8f1/.tempmediaStorage/media_31adfa0c-1a16-4956-87b1-ccfda52ae8f1_1774656682196.png
 create mode 100644 docs/artifacts/31adfa0c-1a16-4956-87b1-ccfda52ae8f1/.tempmediaStorage/media_31adfa0c-1a16-4956-87b1-ccfda52ae8f1_1774656692170.png
 create mode 100644 docs/artifacts/31adfa0c-1a16-4956-87b1-ccfda52ae8f1/.tempmediaStorage/media_31adfa0c-1a16-4956-87b1-ccfda52ae8f1_1774656703460.png
 create mode 100644 docs/artifacts/31adfa0c-1a16-4956-87b1-ccfda52ae8f1/.tempmediaStorage/media_31adfa0c-1a16-4956-87b1-ccfda52ae8f1_1774656714317.png
 create mode 100644 docs/artifacts/31adfa0c-1a16-4956-87b1-ccfda52ae8f1/.tempmediaStorage/media_31adfa0c-1a16-4956-87b1-ccfda52ae8f1_1774656724481.png
 create mode 100644 docs/artifacts/31adfa0c-1a16-4956-87b1-ccfda52ae8f1/.tempmediaStorage/media_31adfa0c-1a16-4956-87b1-ccfda52ae8f1_1774656733807.png
 create mode 100644 docs/artifacts/31adfa0c-1a16-4956-87b1-ccfda52ae8f1/.tempmediaStorage/media_31adfa0c-1a16-4956-87b1-ccfda52ae8f1_1774656744480.png
 create mode 100644 docs/artifacts/31adfa0c-1a16-4956-87b1-ccfda52ae8f1/.tempmediaStorage/media_31adfa0c-1a16-4956-87b1-ccfda52ae8f1_1774656751761.png
 create mode 100644 docs/artifacts/31adfa0c-1a16-4956-87b1-ccfda52ae8f1/.tempmediaStorage/media_31adfa0c-1a16-4956-87b1-ccfda52ae8f1_1774656760329.png
 create mode 100644 docs/artifacts/31adfa0c-1a16-4956-87b1-ccfda52ae8f1/.tempmediaStorage/media_31adfa0c-1a16-4956-87b1-ccfda52ae8f1_1774656806445.png
 create mode 100644 docs/artifacts/31adfa0c-1a16-4956-87b1-ccfda52ae8f1/.tempmediaStorage/media_31adfa0c-1a16-4956-87b1-ccfda52ae8f1_1774656807393.png
 create mode 100644 docs/artifacts/31adfa0c-1a16-4956-87b1-ccfda52ae8f1/.tempmediaStorage/media_31adfa0c-1a16-4956-87b1-ccfda52ae8f1_1774656820470.png
 create mode 100644 docs/artifacts/31adfa0c-1a16-4956-87b1-ccfda52ae8f1/.tempmediaStorage/media_31adfa0c-1a16-4956-87b1-ccfda52ae8f1_1774656829396.png
 create mode 100644 docs/artifacts/31adfa0c-1a16-4956-87b1-ccfda52ae8f1/.tempmediaStorage/media_31adfa0c-1a16-4956-87b1-ccfda52ae8f1_1774656838810.png
 create mode 100644 docs/artifacts/31adfa0c-1a16-4956-87b1-ccfda52ae8f1/.tempmediaStorage/media_31adfa0c-1a16-4956-87b1-ccfda52ae8f1_1774656847509.png
 create mode 100644 docs/artifacts/31adfa0c-1a16-4956-87b1-ccfda52ae8f1/.tempmediaStorage/media_31adfa0c-1a16-4956-87b1-ccfda52ae8f1_1774656857446.png
 create mode 100644 docs/artifacts/31adfa0c-1a16-4956-87b1-ccfda52ae8f1/.tempmediaStorage/media_31adfa0c-1a16-4956-87b1-ccfda52ae8f1_1774656918880.png
 create mode 100644 docs/artifacts/31adfa0c-1a16-4956-87b1-ccfda52ae8f1/.tempmediaStorage/media_31adfa0c-1a16-4956-87b1-ccfda52ae8f1_1774656928254.png
 create mode 100644 docs/artifacts/31adfa0c-1a16-4956-87b1-ccfda52ae8f1/.tempmediaStorage/media_31adfa0c-1a16-4956-87b1-ccfda52ae8f1_1774656934954.png
 create mode 100644 docs/artifacts/31adfa0c-1a16-4956-87b1-ccfda52ae8f1/.tempmediaStorage/media_31adfa0c-1a16-4956-87b1-ccfda52ae8f1_1774656936351.png
 create mode 100644 docs/artifacts/31adfa0c-1a16-4956-87b1-ccfda52ae8f1/.tempmediaStorage/media_31adfa0c-1a16-4956-87b1-ccfda52ae8f1_1774656961142.png
 create mode 100644 docs/artifacts/31adfa0c-1a16-4956-87b1-ccfda52ae8f1/.tempmediaStorage/media_31adfa0c-1a16-4956-87b1-ccfda52ae8f1_1774673721254.png
 create mode 100644 docs/artifacts/31adfa0c-1a16-4956-87b1-ccfda52ae8f1/.tempmediaStorage/media_31adfa0c-1a16-4956-87b1-ccfda52ae8f1_1774673739238.png
 create mode 100644 docs/artifacts/31adfa0c-1a16-4956-87b1-ccfda52ae8f1/.tempmediaStorage/media_31adfa0c-1a16-4956-87b1-ccfda52ae8f1_1774673744511.png
 create mode 100644 docs/artifacts/31adfa0c-1a16-4956-87b1-ccfda52ae8f1/.tempmediaStorage/media_31adfa0c-1a16-4956-87b1-ccfda52ae8f1_1774673751785.png
 create mode 100644 docs/artifacts/31adfa0c-1a16-4956-87b1-ccfda52ae8f1/.tempmediaStorage/media_31adfa0c-1a16-4956-87b1-ccfda52ae8f1_1774674155159.png
 create mode 100644 docs/artifacts/31adfa0c-1a16-4956-87b1-ccfda52ae8f1/.tempmediaStorage/media_31adfa0c-1a16-4956-87b1-ccfda52ae8f1_1774674161229.png
 create mode 100644 docs/artifacts/31adfa0c-1a16-4956-87b1-ccfda52ae8f1/.tempmediaStorage/media_31adfa0c-1a16-4956-87b1-ccfda52ae8f1_1774674161775.png
 create mode 100644 docs/artifacts/31adfa0c-1a16-4956-87b1-ccfda52ae8f1/.tempmediaStorage/media_31adfa0c-1a16-4956-87b1-ccfda52ae8f1_1774674172809.png
 create mode 100644 docs/artifacts/31adfa0c-1a16-4956-87b1-ccfda52ae8f1/.tempmediaStorage/media_31adfa0c-1a16-4956-87b1-ccfda52ae8f1_1774674183001.png
 create mode 100644 docs/artifacts/31adfa0c-1a16-4956-87b1-ccfda52ae8f1/.tempmediaStorage/media_31adfa0c-1a16-4956-87b1-ccfda52ae8f1_1774674193321.png
 create mode 100644 docs/artifacts/31adfa0c-1a16-4956-87b1-ccfda52ae8f1/.tempmediaStorage/media_31adfa0c-1a16-4956-87b1-ccfda52ae8f1_1774674345449.png
 create mode 100644 docs/artifacts/31adfa0c-1a16-4956-87b1-ccfda52ae8f1/.tempmediaStorage/media_31adfa0c-1a16-4956-87b1-ccfda52ae8f1_1774674355241.png
 create mode 100644 docs/artifacts/31adfa0c-1a16-4956-87b1-ccfda52ae8f1/browser/scratchpad_8v6kld8l.md
 create mode 100644 docs/artifacts/31adfa0c-1a16-4956-87b1-ccfda52ae8f1/browser/scratchpad_8v6kld8l.md.resolved
 create mode 100644 docs/artifacts/31adfa0c-1a16-4956-87b1-ccfda52ae8f1/browser/scratchpad_8v6kld8l.md.resolved.0
 create mode 100644 docs/artifacts/31adfa0c-1a16-4956-87b1-ccfda52ae8f1/browser/scratchpad_euazu0f2.md
 create mode 100644 docs/artifacts/31adfa0c-1a16-4956-87b1-ccfda52ae8f1/browser/scratchpad_euazu0f2.md.resolved
 create mode 100644 docs/artifacts/31adfa0c-1a16-4956-87b1-ccfda52ae8f1/browser/scratchpad_euazu0f2.md.resolved.0
 create mode 100644 docs/artifacts/31adfa0c-1a16-4956-87b1-ccfda52ae8f1/browser/scratchpad_euazu0f2.md.resolved.1
 create mode 100644 docs/artifacts/31adfa0c-1a16-4956-87b1-ccfda52ae8f1/browser/scratchpad_euazu0f2.md.resolved.2
 create mode 100644 docs/artifacts/31adfa0c-1a16-4956-87b1-ccfda52ae8f1/browser/scratchpad_k6iqik3w.md
 create mode 100644 docs/artifacts/31adfa0c-1a16-4956-87b1-ccfda52ae8f1/browser/scratchpad_pc0x2b8d.md
 create mode 100644 docs/artifacts/31adfa0c-1a16-4956-87b1-ccfda52ae8f1/browser/scratchpad_rpz434hk.md
 create mode 100644 docs/artifacts/31adfa0c-1a16-4956-87b1-ccfda52ae8f1/browser/scratchpad_w0epz1c0.md
 create mode 100644 docs/artifacts/31adfa0c-1a16-4956-87b1-ccfda52ae8f1/browser/scratchpad_w65co2ew.md
 create mode 100644 docs/artifacts/31adfa0c-1a16-4956-87b1-ccfda52ae8f1/browser/scratchpad_w65co2ew.md.resolved
 create mode 100644 docs/artifacts/31adfa0c-1a16-4956-87b1-ccfda52ae8f1/browser/scratchpad_w65co2ew.md.resolved.0
 create mode 100644 docs/artifacts/31adfa0c-1a16-4956-87b1-ccfda52ae8f1/deep_research_query_1774654065325.webp
 create mode 100644 docs/artifacts/31adfa0c-1a16-4956-87b1-ccfda52ae8f1/deep_research_running_1774656934978.png
 create mode 100644 docs/artifacts/31adfa0c-1a16-4956-87b1-ccfda52ae8f1/fiji_pdf_viewer_1774674161256.png
 create mode 100644 docs/artifacts/31adfa0c-1a16-4956-87b1-ccfda52ae8f1/implementation_plan.md
 create mode 100644 docs/artifacts/31adfa0c-1a16-4956-87b1-ccfda52ae8f1/implementation_plan.md.metadata.json
 create mode 100644 docs/artifacts/31adfa0c-1a16-4956-87b1-ccfda52ae8f1/implementation_plan.md.resolved
 create mode 100644 docs/artifacts/31adfa0c-1a16-4956-87b1-ccfda52ae8f1/implementation_plan.md.resolved.0
 create mode 100644 docs/artifacts/31adfa0c-1a16-4956-87b1-ccfda52ae8f1/implementation_plan.md.resolved.1
 create mode 100644 docs/artifacts/31adfa0c-1a16-4956-87b1-ccfda52ae8f1/implementation_plan.md.resolved.2
 create mode 100644 docs/artifacts/31adfa0c-1a16-4956-87b1-ccfda52ae8f1/implementation_plan.md.resolved.3
 create mode 100644 docs/artifacts/31adfa0c-1a16-4956-87b1-ccfda52ae8f1/media__1774655029592.png
 create mode 100644 docs/artifacts/31adfa0c-1a16-4956-87b1-ccfda52ae8f1/notebooklm_check_1774653896559.webp
 create mode 100644 docs/artifacts/31adfa0c-1a16-4956-87b1-ccfda52ae8f1/notebooklm_sources_bottom_1774653921391.png
 create mode 100644 docs/artifacts/31adfa0c-1a16-4956-87b1-ccfda52ae8f1/notebooklm_sources_check_1774653912893.png
 create mode 100644 docs/artifacts/31adfa0c-1a16-4956-87b1-ccfda52ae8f1/notebooklm_sources_list_bottom_1774653965611.png
 create mode 100644 docs/artifacts/31adfa0c-1a16-4956-87b1-ccfda52ae8f1/notebooklm_sources_list_full_1774653931582.png
 create mode 100644 docs/artifacts/31adfa0c-1a16-4956-87b1-ccfda52ae8f1/notebooklm_sources_list_middle_1774653954815.png
 create mode 100644 docs/artifacts/31adfa0c-1a16-4956-87b1-ccfda52ae8f1/notebooklm_sources_top_1774653945892.png
 create mode 100644 docs/artifacts/31adfa0c-1a16-4956-87b1-ccfda52ae8f1/notebooklm_upload_sids_1774656452160.webp
 create mode 100644 docs/artifacts/31adfa0c-1a16-4956-87b1-ccfda52ae8f1/query_typed_1774656806492.png
 create mode 100644 docs/artifacts/31adfa0c-1a16-4956-87b1-ccfda52ae8f1/sources_top_1774656643945.png
 create mode 100644 docs/artifacts/31adfa0c-1a16-4956-87b1-ccfda52ae8f1/task.md
 create mode 100644 docs/artifacts/31adfa0c-1a16-4956-87b1-ccfda52ae8f1/task.md.metadata.json
 create mode 100644 docs/artifacts/31adfa0c-1a16-4956-87b1-ccfda52ae8f1/task.md.resolved
 create mode 100644 docs/artifacts/31adfa0c-1a16-4956-87b1-ccfda52ae8f1/task.md.resolved.0
 create mode 100644 docs/artifacts/31adfa0c-1a16-4956-87b1-ccfda52ae8f1/task.md.resolved.1
 create mode 100644 docs/artifacts/31adfa0c-1a16-4956-87b1-ccfda52ae8f1/task.md.resolved.2
 create mode 100644 docs/artifacts/31adfa0c-1a16-4956-87b1-ccfda52ae8f1/task.md.resolved.3
 create mode 100644 docs/artifacts/31adfa0c-1a16-4956-87b1-ccfda52ae8f1/task.md.resolved.4
 create mode 100644 docs/artifacts/40f5f20c-2a21-4dc1-840b-ee8d8ffc09c1/.system_generated/messages/07698727-0a69-48f3-a8f4-6e351427beca.json
 create mode 100644 docs/artifacts/40f5f20c-2a21-4dc1-840b-ee8d8ffc09c1/.system_generated/messages/0d87870a-b704-4321-99da-41f0dd7e5371.json
 create mode 100644 docs/artifacts/40f5f20c-2a21-4dc1-840b-ee8d8ffc09c1/.system_generated/messages/0ecc8347-0601-44cf-ae95-fd9a519d55cd.json
 create mode 100644 docs/artifacts/40f5f20c-2a21-4dc1-840b-ee8d8ffc09c1/.system_generated/messages/11d52d93-e247-44f7-aab5-f4ab12651ddc.json
 create mode 100644 docs/artifacts/40f5f20c-2a21-4dc1-840b-ee8d8ffc09c1/.system_generated/messages/15b97b6d-b5a6-47a9-b78b-d99d11f9d877.json
 create mode 100644 docs/artifacts/40f5f20c-2a21-4dc1-840b-ee8d8ffc09c1/.system_generated/messages/1f4bddd9-9f2b-4304-aec2-4783a8669216.json
 create mode 100644 docs/artifacts/40f5f20c-2a21-4dc1-840b-ee8d8ffc09c1/.system_generated/messages/2101fa3a-a8aa-48b2-b9ae-c585eefef7af.json
 create mode 100644 docs/artifacts/40f5f20c-2a21-4dc1-840b-ee8d8ffc09c1/.system_generated/messages/289a44df-cba6-4f01-a2c6-2bda7e1cc800.json
 create mode 100644 docs/artifacts/40f5f20c-2a21-4dc1-840b-ee8d8ffc09c1/.system_generated/messages/3b082676-ecba-43cb-abdf-b0946e751f84.json
 create mode 100644 docs/artifacts/40f5f20c-2a21-4dc1-840b-ee8d8ffc09c1/.system_generated/messages/3b4dccaa-e86d-4e40-8adc-60f08783e383.json
 create mode 100644 docs/artifacts/40f5f20c-2a21-4dc1-840b-ee8d8ffc09c1/.system_generated/messages/3e830642-ac8e-4d28-a08b-d11827d1f5c1.json
 create mode 100644 docs/artifacts/40f5f20c-2a21-4dc1-840b-ee8d8ffc09c1/.system_generated/messages/434baf5c-cc88-4022-879a-393a68c06b67.json
 create mode 100644 docs/artifacts/40f5f20c-2a21-4dc1-840b-ee8d8ffc09c1/.system_generated/messages/463fc832-1b0b-4b84-b0b4-ad19dbd789bc.json
 create mode 100644 docs/artifacts/40f5f20c-2a21-4dc1-840b-ee8d8ffc09c1/.system_generated/messages/4ee072cd-8572-4bcd-afe2-e5fbc50d66c6.json
 create mode 100644 docs/artifacts/40f5f20c-2a21-4dc1-840b-ee8d8ffc09c1/.system_generated/messages/5008ce62-3fc3-40e5-9947-ed4c53f7e2e7.json
 create mode 100644 docs/artifacts/40f5f20c-2a21-4dc1-840b-ee8d8ffc09c1/.system_generated/messages/5988809e-4511-47c4-a6cf-f62faba1167b.json
 create mode 100644 docs/artifacts/40f5f20c-2a21-4dc1-840b-ee8d8ffc09c1/.system_generated/messages/6495eacc-5de5-40e7-8afd-db8b28a98d86.json
 create mode 100644 docs/artifacts/40f5f20c-2a21-4dc1-840b-ee8d8ffc09c1/.system_generated/messages/6f7d5ac8-adf8-44c3-82f1-a22f0b3c9d20.json
 create mode 100644 docs/artifacts/40f5f20c-2a21-4dc1-840b-ee8d8ffc09c1/.system_generated/messages/6fb0c4fd-1d67-4a11-8489-1b0139013844.json
 create mode 100644 docs/artifacts/40f5f20c-2a21-4dc1-840b-ee8d8ffc09c1/.system_generated/messages/7795b722-c109-493d-be6d-45b49a1966c9.json
 create mode 100644 docs/artifacts/40f5f20c-2a21-4dc1-840b-ee8d8ffc09c1/.system_generated/messages/7a2cb03a-fb4b-4bde-ac5d-a71ec664b825.json
 create mode 100644 docs/artifacts/40f5f20c-2a21-4dc1-840b-ee8d8ffc09c1/.system_generated/messages/7f35fbb6-6776-4d84-90ae-181e889de5cf.json
 create mode 100644 docs/artifacts/40f5f20c-2a21-4dc1-840b-ee8d8ffc09c1/.system_generated/messages/8033be6b-edef-4f77-bfc1-0fa1e6aa6631.json
 create mode 100644 docs/artifacts/40f5f20c-2a21-4dc1-840b-ee8d8ffc09c1/.system_generated/messages/914ae722-3217-46f6-a515-2dd1584ba568.json
 create mode 100644 docs/artifacts/40f5f20c-2a21-4dc1-840b-ee8d8ffc09c1/.system_generated/messages/932ea3d5-2fd8-4b38-8ad2-f09603f8b45e.json
 create mode 100644 docs/artifacts/40f5f20c-2a21-4dc1-840b-ee8d8ffc09c1/.system_generated/messages/9caa5bb8-d23d-4a05-9bce-79b4d0159b70.json
 create mode 100644 docs/artifacts/40f5f20c-2a21-4dc1-840b-ee8d8ffc09c1/.system_generated/messages/a196eb68-8e2a-4fe2-9a36-3d2b5915b193.json
 create mode 100644 docs/artifacts/40f5f20c-2a21-4dc1-840b-ee8d8ffc09c1/.system_generated/messages/a4e55dce-9645-4f78-935f-a402c7f7a994.json
 create mode 100644 docs/artifacts/40f5f20c-2a21-4dc1-840b-ee8d8ffc09c1/.system_generated/messages/aa373070-77c5-4a44-8322-3b28fc5bec01.json
 create mode 100644 docs/artifacts/40f5f20c-2a21-4dc1-840b-ee8d8ffc09c1/.system_generated/messages/ae242f16-73bb-426e-8642-c8dd2d52e80d.json
 create mode 100644 docs/artifacts/40f5f20c-2a21-4dc1-840b-ee8d8ffc09c1/.system_generated/messages/b1068997-2b4b-45a2-90d6-a8f2043b3f10.json
 create mode 100644 docs/artifacts/40f5f20c-2a21-4dc1-840b-ee8d8ffc09c1/.system_generated/messages/b74dc4f7-3f9f-4ddb-95ce-4f91046e38e5.json
 create mode 100644 docs/artifacts/40f5f20c-2a21-4dc1-840b-ee8d8ffc09c1/.system_generated/messages/b9974c69-1c94-4e41-a270-4874acc5bed9.json
 create mode 100644 docs/artifacts/40f5f20c-2a21-4dc1-840b-ee8d8ffc09c1/.system_generated/messages/c830f1f6-cbd6-4cc9-b3a4-0799bcb32add.json
 create mode 100644 docs/artifacts/40f5f20c-2a21-4dc1-840b-ee8d8ffc09c1/.system_generated/messages/c95b178c-6171-455a-99fc-8b9f4c2b7360.json
 create mode 100644 docs/artifacts/40f5f20c-2a21-4dc1-840b-ee8d8ffc09c1/.system_generated/messages/c98c6bdb-c3df-4e68-9362-52e60d3e0e67.json
 create mode 100644 docs/artifacts/40f5f20c-2a21-4dc1-840b-ee8d8ffc09c1/.system_generated/messages/cb08d14d-f71a-4c32-9131-fd26d6c2cf25.json
 create mode 100644 docs/artifacts/40f5f20c-2a21-4dc1-840b-ee8d8ffc09c1/.system_generated/messages/cursor.json
 create mode 100644 docs/artifacts/40f5f20c-2a21-4dc1-840b-ee8d8ffc09c1/.system_generated/messages/d1b460f4-a6fd-492a-995b-ae2756299773.json
 create mode 100644 docs/artifacts/40f5f20c-2a21-4dc1-840b-ee8d8ffc09c1/.system_generated/messages/e24f904e-663b-42aa-91cc-1c8251ed978e.json
 create mode 100644 docs/artifacts/40f5f20c-2a21-4dc1-840b-ee8d8ffc09c1/.system_generated/messages/e4681199-4a8f-42ab-ae1c-68556d821d78.json
 create mode 100644 docs/artifacts/40f5f20c-2a21-4dc1-840b-ee8d8ffc09c1/.system_generated/messages/f728f7a6-82b3-47d0-be2d-ae975b202ee8.json
 create mode 100644 docs/artifacts/40f5f20c-2a21-4dc1-840b-ee8d8ffc09c1/.system_generated/messages/ff461a9e-6ecc-4b34-aec4-60a21d5077b2.json
 create mode 100644 docs/artifacts/40f5f20c-2a21-4dc1-840b-ee8d8ffc09c1/.system_generated/messages/read.json
 create mode 100644 docs/artifacts/40f5f20c-2a21-4dc1-840b-ee8d8ffc09c1/.system_generated/tasks/task-1002.log
 create mode 100644 docs/artifacts/40f5f20c-2a21-4dc1-840b-ee8d8ffc09c1/.system_generated/tasks/task-105.log
 create mode 100644 docs/artifacts/40f5f20c-2a21-4dc1-840b-ee8d8ffc09c1/.system_generated/tasks/task-1060.log
 create mode 100644 docs/artifacts/40f5f20c-2a21-4dc1-840b-ee8d8ffc09c1/.system_generated/tasks/task-1209.log
 create mode 100644 docs/artifacts/40f5f20c-2a21-4dc1-840b-ee8d8ffc09c1/.system_generated/tasks/task-1318.log
 create mode 100644 docs/artifacts/40f5f20c-2a21-4dc1-840b-ee8d8ffc09c1/.system_generated/tasks/task-1332.log
 create mode 100644 docs/artifacts/40f5f20c-2a21-4dc1-840b-ee8d8ffc09c1/.system_generated/tasks/task-1437.log
 create mode 100644 docs/artifacts/40f5f20c-2a21-4dc1-840b-ee8d8ffc09c1/.system_generated/tasks/task-151.log
 create mode 100644 docs/artifacts/40f5f20c-2a21-4dc1-840b-ee8d8ffc09c1/.system_generated/tasks/task-1546.log
 create mode 100644 docs/artifacts/40f5f20c-2a21-4dc1-840b-ee8d8ffc09c1/.system_generated/tasks/task-1552.log
 create mode 100644 docs/artifacts/40f5f20c-2a21-4dc1-840b-ee8d8ffc09c1/.system_generated/tasks/task-157.log
 create mode 100644 docs/artifacts/40f5f20c-2a21-4dc1-840b-ee8d8ffc09c1/.system_generated/tasks/task-1596.log
 create mode 100644 docs/artifacts/40f5f20c-2a21-4dc1-840b-ee8d8ffc09c1/.system_generated/tasks/task-1604.log
 create mode 100644 docs/artifacts/40f5f20c-2a21-4dc1-840b-ee8d8ffc09c1/.system_generated/tasks/task-207.log
 create mode 100644 docs/artifacts/40f5f20c-2a21-4dc1-840b-ee8d8ffc09c1/.system_generated/tasks/task-222.log
 create mode 100644 docs/artifacts/40f5f20c-2a21-4dc1-840b-ee8d8ffc09c1/.system_generated/tasks/task-337.log
 create mode 100644 docs/artifacts/40f5f20c-2a21-4dc1-840b-ee8d8ffc09c1/.system_generated/tasks/task-362.log
 create mode 100644 docs/artifacts/40f5f20c-2a21-4dc1-840b-ee8d8ffc09c1/.system_generated/tasks/task-391.log
 create mode 100644 docs/artifacts/40f5f20c-2a21-4dc1-840b-ee8d8ffc09c1/.system_generated/tasks/task-422.log
 create mode 100644 docs/artifacts/40f5f20c-2a21-4dc1-840b-ee8d8ffc09c1/.system_generated/tasks/task-484.log
 create mode 100644 docs/artifacts/40f5f20c-2a21-4dc1-840b-ee8d8ffc09c1/.system_generated/tasks/task-499.log
 create mode 100644 docs/artifacts/40f5f20c-2a21-4dc1-840b-ee8d8ffc09c1/.system_generated/tasks/task-592.log
 create mode 100644 docs/artifacts/40f5f20c-2a21-4dc1-840b-ee8d8ffc09c1/.system_generated/tasks/task-622.log
 create mode 100644 docs/artifacts/40f5f20c-2a21-4dc1-840b-ee8d8ffc09c1/.system_generated/tasks/task-708.log
 create mode 100644 docs/artifacts/40f5f20c-2a21-4dc1-840b-ee8d8ffc09c1/.system_generated/tasks/task-720.log
 create mode 100644 docs/artifacts/40f5f20c-2a21-4dc1-840b-ee8d8ffc09c1/.system_generated/tasks/task-837.log
 create mode 100644 docs/artifacts/40f5f20c-2a21-4dc1-840b-ee8d8ffc09c1/.system_generated/tasks/task-849.log
 create mode 100644 docs/artifacts/40f5f20c-2a21-4dc1-840b-ee8d8ffc09c1/.system_generated/tasks/task-895.log
 create mode 100644 docs/artifacts/40f5f20c-2a21-4dc1-840b-ee8d8ffc09c1/.system_generated/tasks/task-93.log
 create mode 100644 docs/artifacts/40f5f20c-2a21-4dc1-840b-ee8d8ffc09c1/.system_generated/tasks/task-949.log
 create mode 100644 docs/artifacts/40f5f20c-2a21-4dc1-840b-ee8d8ffc09c1/.tempmediaStorage/media_40f5f20c-2a21-4dc1-840b-ee8d8ffc09c1_1782835372110.jpg
 create mode 100644 docs/artifacts/40f5f20c-2a21-4dc1-840b-ee8d8ffc09c1/100k_architecture_swot.md
 create mode 100644 docs/artifacts/40f5f20c-2a21-4dc1-840b-ee8d8ffc09c1/100k_architecture_swot.md.metadata.json
 create mode 100644 docs/artifacts/40f5f20c-2a21-4dc1-840b-ee8d8ffc09c1/10k_ui_responsiveness_and_architecture.md
 create mode 100644 docs/artifacts/40f5f20c-2a21-4dc1-840b-ee8d8ffc09c1/10k_ui_responsiveness_and_architecture.md.metadata.json
 create mode 100644 docs/artifacts/40f5f20c-2a21-4dc1-840b-ee8d8ffc09c1/cleanup_and_consolidation_plan.md
 create mode 100644 docs/artifacts/40f5f20c-2a21-4dc1-840b-ee8d8ffc09c1/cleanup_and_consolidation_plan.md.metadata.json
 create mode 100644 docs/artifacts/40f5f20c-2a21-4dc1-840b-ee8d8ffc09c1/database_cache_swot_analysis.md
 create mode 100644 docs/artifacts/40f5f20c-2a21-4dc1-840b-ee8d8ffc09c1/database_cache_swot_analysis.md.metadata.json
 create mode 100644 docs/artifacts/40f5f20c-2a21-4dc1-840b-ee8d8ffc09c1/media__1782844718056.png
 create mode 100644 docs/artifacts/40f5f20c-2a21-4dc1-840b-ee8d8ffc09c1/media__1782844762324.png
 create mode 100644 docs/artifacts/40f5f20c-2a21-4dc1-840b-ee8d8ffc09c1/media__1782845679328.png
 create mode 100644 docs/artifacts/40f5f20c-2a21-4dc1-840b-ee8d8ffc09c1/media__1782845698502.png
 create mode 100644 docs/artifacts/40f5f20c-2a21-4dc1-840b-ee8d8ffc09c1/media__1782845725445.png
 create mode 100644 docs/artifacts/40f5f20c-2a21-4dc1-840b-ee8d8ffc09c1/media__1782848418738.png
 create mode 100644 docs/artifacts/40f5f20c-2a21-4dc1-840b-ee8d8ffc09c1/media__1782849639125.png
 create mode 100644 docs/artifacts/40f5f20c-2a21-4dc1-840b-ee8d8ffc09c1/media__1782849737556.png
 create mode 100644 docs/artifacts/40f5f20c-2a21-4dc1-840b-ee8d8ffc09c1/multi_phase_implementation_plan.md
 create mode 100644 docs/artifacts/40f5f20c-2a21-4dc1-840b-ee8d8ffc09c1/multi_phase_implementation_plan.md.metadata.json
 create mode 100644 docs/artifacts/4de187c2-5407-42d9-9e6b-58d909c626ef/.system_generated/click_feedback/click_feedback_1780346035021.png
 create mode 100644 docs/artifacts/4de187c2-5407-42d9-9e6b-58d909c626ef/.system_generated/click_feedback/click_feedback_1780409873487.png
 create mode 100644 docs/artifacts/4de187c2-5407-42d9-9e6b-58d909c626ef/.system_generated/click_feedback/click_feedback_1780410103015.png
 create mode 100644 docs/artifacts/4de187c2-5407-42d9-9e6b-58d909c626ef/.system_generated/click_feedback/click_feedback_1780410354286.png
 create mode 100644 docs/artifacts/4de187c2-5407-42d9-9e6b-58d909c626ef/.system_generated/messages/049cff9a-c433-42d6-bb2c-00a707d0d444.json
 create mode 100644 docs/artifacts/4de187c2-5407-42d9-9e6b-58d909c626ef/.system_generated/messages/082d3055-b909-44dc-a264-69c615bb53c0.json
 create mode 100644 docs/artifacts/4de187c2-5407-42d9-9e6b-58d909c626ef/.system_generated/messages/0d9d641e-589f-40e0-968b-4b88249f1c58.json
 create mode 100644 docs/artifacts/4de187c2-5407-42d9-9e6b-58d909c626ef/.system_generated/messages/0ee0d303-e1dd-4df6-a760-0aa4a1ef23eb.json
 create mode 100644 docs/artifacts/4de187c2-5407-42d9-9e6b-58d909c626ef/.system_generated/messages/0fec1cfa-c155-4929-b69c-a352677f4ce2.json
 create mode 100644 docs/artifacts/4de187c2-5407-42d9-9e6b-58d909c626ef/.system_generated/messages/107b2db3-a240-49eb-a1eb-ddb891e298bf.json
 create mode 100644 docs/artifacts/4de187c2-5407-42d9-9e6b-58d909c626ef/.system_generated/messages/1475b46c-1bce-4f51-8372-bc4e9ab3e0a2.json
 create mode 100644 docs/artifacts/4de187c2-5407-42d9-9e6b-58d909c626ef/.system_generated/messages/18c0251e-008e-4b3c-b29a-869c4d091666.json
 create mode 100644 docs/artifacts/4de187c2-5407-42d9-9e6b-58d909c626ef/.system_generated/messages/1bacdd6c-1539-431d-8a95-4e967b952b23.json
 create mode 100644 docs/artifacts/4de187c2-5407-42d9-9e6b-58d909c626ef/.system_generated/messages/1ccaaa64-da4a-4f76-aa02-b628a7e3d0df.json
 create mode 100644 docs/artifacts/4de187c2-5407-42d9-9e6b-58d909c626ef/.system_generated/messages/210232bc-ea0a-41f8-9d31-f6d4cdf8debb.json
 create mode 100644 docs/artifacts/4de187c2-5407-42d9-9e6b-58d909c626ef/.system_generated/messages/3062b899-2d6b-4674-b1d3-e352ea4d6bc2.json
 create mode 100644 docs/artifacts/4de187c2-5407-42d9-9e6b-58d909c626ef/.system_generated/messages/30e8d3e0-1df2-497b-9983-188b5af14920.json
 create mode 100644 docs/artifacts/4de187c2-5407-42d9-9e6b-58d909c626ef/.system_generated/messages/3a5e73e9-9e1a-4021-87e2-4cf3dfa09ae2.json
 create mode 100644 docs/artifacts/4de187c2-5407-42d9-9e6b-58d909c626ef/.system_generated/messages/3c1c85d6-3c95-41eb-ad6c-df862607047b.json
 create mode 100644 docs/artifacts/4de187c2-5407-42d9-9e6b-58d909c626ef/.system_generated/messages/4035a639-1c28-4996-8c18-1594231d9a2b.json
 create mode 100644 docs/artifacts/4de187c2-5407-42d9-9e6b-58d909c626ef/.system_generated/messages/42e0e9b8-6f28-4146-9939-9a25b0cd508f.json
 create mode 100644 docs/artifacts/4de187c2-5407-42d9-9e6b-58d909c626ef/.system_generated/messages/44dcda2b-45da-4561-a274-85a7a2d9414d.json
 create mode 100644 docs/artifacts/4de187c2-5407-42d9-9e6b-58d909c626ef/.system_generated/messages/45a63a89-f065-404f-9425-11f2f998e4f3.json
 create mode 100644 docs/artifacts/4de187c2-5407-42d9-9e6b-58d909c626ef/.system_generated/messages/47d70fda-3353-4c3b-952c-c815084e790c.json
 create mode 100644 docs/artifacts/4de187c2-5407-42d9-9e6b-58d909c626ef/.system_generated/messages/49f917c2-ba2f-401c-a49a-a17d71a89678.json
 create mode 100644 docs/artifacts/4de187c2-5407-42d9-9e6b-58d909c626ef/.system_generated/messages/4a1716ba-b384-4c08-b30b-7ff28e309174.json
 create mode 100644 docs/artifacts/4de187c2-5407-42d9-9e6b-58d909c626ef/.system_generated/messages/4a1dfb60-9589-48d6-9d3e-265d8a1ff3b1.json
 create mode 100644 docs/artifacts/4de187c2-5407-42d9-9e6b-58d909c626ef/.system_generated/messages/4c6c9699-d2f6-44c9-977a-ead114ea8bc2.json
 create mode 100644 docs/artifacts/4de187c2-5407-42d9-9e6b-58d909c626ef/.system_generated/messages/4f0d5576-d5ad-434b-ad5d-939a2072d8e8.json
 create mode 100644 docs/artifacts/4de187c2-5407-42d9-9e6b-58d909c626ef/.system_generated/messages/56a77d0d-13f8-492a-8b27-9e2df911bb81.json
 create mode 100644 docs/artifacts/4de187c2-5407-42d9-9e6b-58d909c626ef/.system_generated/messages/59e1dd98-9c45-4994-99ce-16c7552480fe.json
 create mode 100644 docs/artifacts/4de187c2-5407-42d9-9e6b-58d909c626ef/.system_generated/messages/5a33c960-d368-4fd5-993d-f6973ed1dd36.json
 create mode 100644 docs/artifacts/4de187c2-5407-42d9-9e6b-58d909c626ef/.system_generated/messages/5a49af01-5ee0-4685-8134-441183eccfa7.json
 create mode 100644 docs/artifacts/4de187c2-5407-42d9-9e6b-58d909c626ef/.system_generated/messages/5be06819-258c-4520-94ef-06e7f5ffea2b.json
 create mode 100644 docs/artifacts/4de187c2-5407-42d9-9e6b-58d909c626ef/.system_generated/messages/5cd27732-47c1-42ee-8bdc-bbcd30f35bad.json
 create mode 100644 docs/artifacts/4de187c2-5407-42d9-9e6b-58d909c626ef/.system_generated/messages/5e26a388-2e01-4f4f-af7a-d07a7bce280f.json
 create mode 100644 docs/artifacts/4de187c2-5407-42d9-9e6b-58d909c626ef/.system_generated/messages/67913520-a0a4-4871-937d-185062c01887.json
 create mode 100644 docs/artifacts/4de187c2-5407-42d9-9e6b-58d909c626ef/.system_generated/messages/6cb6ac62-07e3-4664-a7e4-5bf56267c2d5.json
 create mode 100644 docs/artifacts/4de187c2-5407-42d9-9e6b-58d909c626ef/.system_generated/messages/6d907bb5-499b-489d-beb2-e3216ebe961b.json
 create mode 100644 docs/artifacts/4de187c2-5407-42d9-9e6b-58d909c626ef/.system_generated/messages/73bc5dea-9232-41b3-946a-284afbc4bdde.json
 create mode 100644 docs/artifacts/4de187c2-5407-42d9-9e6b-58d909c626ef/.system_generated/messages/76ae2cb8-dba1-4291-9cfb-f63a808f6ef6.json
 create mode 100644 docs/artifacts/4de187c2-5407-42d9-9e6b-58d909c626ef/.system_generated/messages/8812b62b-22fa-4a35-b424-200912607308.json
 create mode 100644 docs/artifacts/4de187c2-5407-42d9-9e6b-58d909c626ef/.system_generated/messages/943a6308-4d0d-4d5d-943a-1150972af65f.json
 create mode 100644 docs/artifacts/4de187c2-5407-42d9-9e6b-58d909c626ef/.system_generated/messages/98f15ef8-825d-4165-8179-93963d152529.json
 create mode 100644 docs/artifacts/4de187c2-5407-42d9-9e6b-58d909c626ef/.system_generated/messages/9bf948ba-6e32-4056-ac2f-b5c9a8452027.json
 create mode 100644 docs/artifacts/4de187c2-5407-42d9-9e6b-58d909c626ef/.system_generated/messages/a37fbf03-e87a-4b75-8377-bc3d3038e1e4.json
 create mode 100644 docs/artifacts/4de187c2-5407-42d9-9e6b-58d909c626ef/.system_generated/messages/ab7c54fd-7fe9-4902-97f7-a7fa611e2616.json
 create mode 100644 docs/artifacts/4de187c2-5407-42d9-9e6b-58d909c626ef/.system_generated/messages/abe3a7fd-5fd0-448c-be0b-296c51bea4d3.json
 create mode 100644 docs/artifacts/4de187c2-5407-42d9-9e6b-58d909c626ef/.system_generated/messages/ac3448dd-8e84-457f-bd7e-09d83c10c8ce.json
 create mode 100644 docs/artifacts/4de187c2-5407-42d9-9e6b-58d909c626ef/.system_generated/messages/b3405a49-1e21-4f4a-80ed-dbbb5747ac79.json
 create mode 100644 docs/artifacts/4de187c2-5407-42d9-9e6b-58d909c626ef/.system_generated/messages/ba78c172-395e-4d81-8909-be07c117d613.json
 create mode 100644 docs/artifacts/4de187c2-5407-42d9-9e6b-58d909c626ef/.system_generated/messages/bbfdbfb8-fd6c-48bd-9332-e7c1eb854f85.json
 create mode 100644 docs/artifacts/4de187c2-5407-42d9-9e6b-58d909c626ef/.system_generated/messages/be3a1fee-388f-49c5-9fc4-40efcd4372d1.json
 create mode 100644 docs/artifacts/4de187c2-5407-42d9-9e6b-58d909c626ef/.system_generated/messages/c1386ac2-313a-4bba-8d96-bea2ca6c40a6.json
 create mode 100644 docs/artifacts/4de187c2-5407-42d9-9e6b-58d909c626ef/.system_generated/messages/c162db12-78f6-412e-a91b-43931eb938eb.json
 create mode 100644 docs/artifacts/4de187c2-5407-42d9-9e6b-58d909c626ef/.system_generated/messages/c2a3a15a-7f7d-486a-ab72-492fa2f0df77.json
 create mode 100644 docs/artifacts/4de187c2-5407-42d9-9e6b-58d909c626ef/.system_generated/messages/c2f0a4d6-011c-4e0c-8f3f-bcb4d87888b5.json
 create mode 100644 docs/artifacts/4de187c2-5407-42d9-9e6b-58d909c626ef/.system_generated/messages/cursor.json
 create mode 100644 docs/artifacts/4de187c2-5407-42d9-9e6b-58d909c626ef/.system_generated/messages/d0a096aa-eb3b-4fd0-8d66-3672c4c73a54.json
 create mode 100644 docs/artifacts/4de187c2-5407-42d9-9e6b-58d909c626ef/.system_generated/messages/d621e819-ef98-4618-8881-fa6c79d98c67.json
 create mode 100644 docs/artifacts/4de187c2-5407-42d9-9e6b-58d909c626ef/.system_generated/messages/dd8b870c-8b79-43bd-a245-70ba147ee380.json
 create mode 100644 docs/artifacts/4de187c2-5407-42d9-9e6b-58d909c626ef/.system_generated/messages/e05e3cdf-c817-4852-a99b-b7715a07743c.json
 create mode 100644 docs/artifacts/4de187c2-5407-42d9-9e6b-58d909c626ef/.system_generated/messages/e4b625ae-45a3-4151-8662-4cc9e50d8166.json
 create mode 100644 docs/artifacts/4de187c2-5407-42d9-9e6b-58d909c626ef/.system_generated/messages/ebf55d68-99cd-44c6-b622-381345d08d95.json
 create mode 100644 docs/artifacts/4de187c2-5407-42d9-9e6b-58d909c626ef/.system_generated/messages/ef0038b4-0283-4ac9-b918-949e7443cd5d.json
 create mode 100644 docs/artifacts/4de187c2-5407-42d9-9e6b-58d909c626ef/.system_generated/messages/f462c0ba-a997-470a-a523-3d6e45210fc6.json
 create mode 100644 docs/artifacts/4de187c2-5407-42d9-9e6b-58d909c626ef/.system_generated/messages/f470a004-72f2-422a-928a-3ba28b1d37d8.json
 create mode 100644 docs/artifacts/4de187c2-5407-42d9-9e6b-58d909c626ef/.system_generated/messages/faab0d68-f742-479d-9110-561c1d4f0229.json
 create mode 100644 docs/artifacts/4de187c2-5407-42d9-9e6b-58d909c626ef/.system_generated/messages/fc9c09a6-a36d-4096-886a-bdf573b56aea.json
 create mode 100644 docs/artifacts/4de187c2-5407-42d9-9e6b-58d909c626ef/.system_generated/messages/fcb385a3-9ff0-4819-8262-52130ee6606b.json
 create mode 100644 docs/artifacts/4de187c2-5407-42d9-9e6b-58d909c626ef/.system_generated/messages/read.json
 create mode 100644 docs/artifacts/4de187c2-5407-42d9-9e6b-58d909c626ef/.system_generated/steps/3140/content.md
 create mode 100644 docs/artifacts/4de187c2-5407-42d9-9e6b-58d909c626ef/.system_generated/tasks/task-2907.log
 create mode 100644 docs/artifacts/4de187c2-5407-42d9-9e6b-58d909c626ef/.system_generated/tasks/task-2915.log
 create mode 100644 docs/artifacts/4de187c2-5407-42d9-9e6b-58d909c626ef/.system_generated/tasks/task-2926.log
 create mode 100644 docs/artifacts/4de187c2-5407-42d9-9e6b-58d909c626ef/.system_generated/tasks/task-2936.log
 create mode 100644 docs/artifacts/4de187c2-5407-42d9-9e6b-58d909c626ef/.system_generated/tasks/task-2982.log
 create mode 100644 docs/artifacts/4de187c2-5407-42d9-9e6b-58d909c626ef/.system_generated/tasks/task-3064.log
 create mode 100644 docs/artifacts/4de187c2-5407-42d9-9e6b-58d909c626ef/.system_generated/tasks/task-3076.log
 create mode 100644 docs/artifacts/4de187c2-5407-42d9-9e6b-58d909c626ef/.system_generated/tasks/task-3100.log
 create mode 100644 docs/artifacts/4de187c2-5407-42d9-9e6b-58d909c626ef/.system_generated/tasks/task-3102.log
 create mode 100644 docs/artifacts/4de187c2-5407-42d9-9e6b-58d909c626ef/.system_generated/tasks/task-3116.log
 create mode 100644 docs/artifacts/4de187c2-5407-42d9-9e6b-58d909c626ef/.system_generated/tasks/task-3129.log
 create mode 100644 docs/artifacts/4de187c2-5407-42d9-9e6b-58d909c626ef/.system_generated/tasks/task-3136.log
 create mode 100644 docs/artifacts/4de187c2-5407-42d9-9e6b-58d909c626ef/.system_generated/tasks/task-3147.log
 create mode 100644 docs/artifacts/4de187c2-5407-42d9-9e6b-58d909c626ef/.system_generated/tasks/task-3165.log
 create mode 100644 docs/artifacts/4de187c2-5407-42d9-9e6b-58d909c626ef/.system_generated/tasks/task-3191.log
 create mode 100644 docs/artifacts/4de187c2-5407-42d9-9e6b-58d909c626ef/.system_generated/tasks/task-3210.log
 create mode 100644 docs/artifacts/4de187c2-5407-42d9-9e6b-58d909c626ef/.system_generated/tasks/task-3267.log
 create mode 100644 docs/artifacts/4de187c2-5407-42d9-9e6b-58d909c626ef/.system_generated/tasks/task-3296.log
 create mode 100644 docs/artifacts/4de187c2-5407-42d9-9e6b-58d909c626ef/.system_generated/tasks/task-3305.log
 create mode 100644 docs/artifacts/4de187c2-5407-42d9-9e6b-58d909c626ef/.system_generated/tasks/task-3353.log
 create mode 100644 docs/artifacts/4de187c2-5407-42d9-9e6b-58d909c626ef/.system_generated/tasks/task-3367.log
 create mode 100644 docs/artifacts/4de187c2-5407-42d9-9e6b-58d909c626ef/.system_generated/tasks/task-3394.log
 create mode 100644 docs/artifacts/4de187c2-5407-42d9-9e6b-58d909c626ef/.system_generated/tasks/task-3400.log
 create mode 100644 docs/artifacts/4de187c2-5407-42d9-9e6b-58d909c626ef/.system_generated/tasks/task-3415.log
 create mode 100644 docs/artifacts/4de187c2-5407-42d9-9e6b-58d909c626ef/.system_generated/tasks/task-3430.log
 create mode 100644 docs/artifacts/4de187c2-5407-42d9-9e6b-58d909c626ef/.system_generated/tasks/task-3439.log
 create mode 100644 docs/artifacts/4de187c2-5407-42d9-9e6b-58d909c626ef/.system_generated/tasks/task-3449.log
 create mode 100644 docs/artifacts/4de187c2-5407-42d9-9e6b-58d909c626ef/.system_generated/tasks/task-3469.log
 create mode 100644 docs/artifacts/4de187c2-5407-42d9-9e6b-58d909c626ef/.system_generated/tasks/task-3534.log
 create mode 100644 docs/artifacts/4de187c2-5407-42d9-9e6b-58d909c626ef/.system_generated/tasks/task-3675.log
 create mode 100644 docs/artifacts/4de187c2-5407-42d9-9e6b-58d909c626ef/.system_generated/tasks/task-3703.log
 create mode 100644 docs/artifacts/4de187c2-5407-42d9-9e6b-58d909c626ef/.system_generated/tasks/task-3717.log
 create mode 100644 docs/artifacts/4de187c2-5407-42d9-9e6b-58d909c626ef/.system_generated/tasks/task-3745.log
 create mode 100644 docs/artifacts/4de187c2-5407-42d9-9e6b-58d909c626ef/.system_generated/tasks/task-3754.log
 create mode 100644 docs/artifacts/4de187c2-5407-42d9-9e6b-58d909c626ef/.system_generated/tasks/task-3769.log
 create mode 100644 docs/artifacts/4de187c2-5407-42d9-9e6b-58d909c626ef/.system_generated/tasks/task-3790.log
 create mode 100644 docs/artifacts/4de187c2-5407-42d9-9e6b-58d909c626ef/.tempmediaStorage/dom_1775562056032.txt
 create mode 100644 docs/artifacts/4de187c2-5407-42d9-9e6b-58d909c626ef/.tempmediaStorage/dom_1775562065624.txt
 create mode 100644 docs/artifacts/4de187c2-5407-42d9-9e6b-58d909c626ef/.tempmediaStorage/media_4de187c2-5407-42d9-9e6b-58d909c626ef_1775562056278.png
 create mode 100644 docs/artifacts/4de187c2-5407-42d9-9e6b-58d909c626ef/.tempmediaStorage/media_4de187c2-5407-42d9-9e6b-58d909c626ef_1775562065771.png
 create mode 100644 docs/artifacts/4de187c2-5407-42d9-9e6b-58d909c626ef/.tempmediaStorage/media_4de187c2-5407-42d9-9e6b-58d909c626ef_1780346023600.png
 create mode 100644 docs/artifacts/4de187c2-5407-42d9-9e6b-58d909c626ef/.tempmediaStorage/media_4de187c2-5407-42d9-9e6b-58d909c626ef_1780409837615.png
 create mode 100644 docs/artifacts/4de187c2-5407-42d9-9e6b-58d909c626ef/.tempmediaStorage/media_4de187c2-5407-42d9-9e6b-58d909c626ef_1780409858366.png
 create mode 100644 docs/artifacts/4de187c2-5407-42d9-9e6b-58d909c626ef/.tempmediaStorage/media_4de187c2-5407-42d9-9e6b-58d909c626ef_1780410093433.png
 create mode 100644 docs/artifacts/4de187c2-5407-42d9-9e6b-58d909c626ef/browser/scratchpad_8iukbqij.md
 create mode 100644 docs/artifacts/4de187c2-5407-42d9-9e6b-58d909c626ef/browser/scratchpad_hxphgvjy.md
 create mode 100644 docs/artifacts/4de187c2-5407-42d9-9e6b-58d909c626ef/browser/scratchpad_ou63e07z.md
 create mode 100644 docs/artifacts/4de187c2-5407-42d9-9e6b-58d909c626ef/implementation_plan.md
 create mode 100644 docs/artifacts/4de187c2-5407-42d9-9e6b-58d909c626ef/implementation_plan.md.metadata.json
 create mode 100644 docs/artifacts/4de187c2-5407-42d9-9e6b-58d909c626ef/implementation_plan.md.resolved
 create mode 100644 docs/artifacts/4de187c2-5407-42d9-9e6b-58d909c626ef/implementation_plan.md.resolved.0
 create mode 100644 docs/artifacts/4de187c2-5407-42d9-9e6b-58d909c626ef/implementation_plan.md.resolved.1
 create mode 100644 docs/artifacts/4de187c2-5407-42d9-9e6b-58d909c626ef/implementation_plan.md.resolved.2
 create mode 100644 docs/artifacts/4de187c2-5407-42d9-9e6b-58d909c626ef/implementation_plan.md.resolved.3
 create mode 100644 docs/artifacts/4de187c2-5407-42d9-9e6b-58d909c626ef/implementation_plan.md.resolved.4
 create mode 100644 docs/artifacts/4de187c2-5407-42d9-9e6b-58d909c626ef/initial_load_hub_1780346023622.png
 create mode 100644 docs/artifacts/4de187c2-5407-42d9-9e6b-58d909c626ef/initial_page_load_1780409838986.png
 create mode 100644 docs/artifacts/4de187c2-5407-42d9-9e6b-58d909c626ef/media__1775475759524.png
 create mode 100644 docs/artifacts/4de187c2-5407-42d9-9e6b-58d909c626ef/media__1775569197277.png
 create mode 100644 docs/artifacts/4de187c2-5407-42d9-9e6b-58d909c626ef/media__1775569600660.png
 create mode 100644 docs/artifacts/4de187c2-5407-42d9-9e6b-58d909c626ef/media__1775576676343.png
 create mode 100644 docs/artifacts/4de187c2-5407-42d9-9e6b-58d909c626ef/media__1775576974991.png
 create mode 100644 docs/artifacts/4de187c2-5407-42d9-9e6b-58d909c626ef/media__1775580893586.png
 create mode 100644 docs/artifacts/4de187c2-5407-42d9-9e6b-58d909c626ef/media__1775583841405.png
 create mode 100644 docs/artifacts/4de187c2-5407-42d9-9e6b-58d909c626ef/media__1775585349266.png
 create mode 100644 docs/artifacts/4de187c2-5407-42d9-9e6b-58d909c626ef/media__1775585450263.png
 create mode 100644 docs/artifacts/4de187c2-5407-42d9-9e6b-58d909c626ef/media__1775586756578.png
 create mode 100644 docs/artifacts/4de187c2-5407-42d9-9e6b-58d909c626ef/media__1775587365748.png
 create mode 100644 docs/artifacts/4de187c2-5407-42d9-9e6b-58d909c626ef/media__1775587516557.png
 create mode 100644 docs/artifacts/4de187c2-5407-42d9-9e6b-58d909c626ef/media__1775588403043.png
 create mode 100644 docs/artifacts/4de187c2-5407-42d9-9e6b-58d909c626ef/media__1775589255592.png
 create mode 100644 docs/artifacts/4de187c2-5407-42d9-9e6b-58d909c626ef/media__1775589380386.png
 create mode 100644 docs/artifacts/4de187c2-5407-42d9-9e6b-58d909c626ef/media__1775589408695.png
 create mode 100644 docs/artifacts/4de187c2-5407-42d9-9e6b-58d909c626ef/media__1775590787045.png
 create mode 100644 docs/artifacts/4de187c2-5407-42d9-9e6b-58d909c626ef/media__1775591412314.png
 create mode 100644 docs/artifacts/4de187c2-5407-42d9-9e6b-58d909c626ef/media__1775591682606.png
 create mode 100644 docs/artifacts/4de187c2-5407-42d9-9e6b-58d909c626ef/media__1775592550366.png
 create mode 100644 docs/artifacts/4de187c2-5407-42d9-9e6b-58d909c626ef/media__1775617668617.png
 create mode 100644 docs/artifacts/4de187c2-5407-42d9-9e6b-58d909c626ef/media__1780409697602.png
 create mode 100644 docs/artifacts/4de187c2-5407-42d9-9e6b-58d909c626ef/media__1780410878806.png
 create mode 100644 docs/artifacts/4de187c2-5407-42d9-9e6b-58d909c626ef/media__1780885999509.png
 create mode 100644 docs/artifacts/4de187c2-5407-42d9-9e6b-58d909c626ef/new_tab_load_1780410093488.png
 create mode 100644 docs/artifacts/4de187c2-5407-42d9-9e6b-58d909c626ef/scrolled_page_1780409858508.png
 create mode 100644 docs/artifacts/4de187c2-5407-42d9-9e6b-58d909c626ef/task.md
 create mode 100644 docs/artifacts/4de187c2-5407-42d9-9e6b-58d909c626ef/task.md.metadata.json
 create mode 100644 docs/artifacts/4de187c2-5407-42d9-9e6b-58d909c626ef/task.md.resolved
 create mode 100644 docs/artifacts/4de187c2-5407-42d9-9e6b-58d909c626ef/task.md.resolved.0
 create mode 100644 docs/artifacts/4de187c2-5407-42d9-9e6b-58d909c626ef/task.md.resolved.1
 create mode 100644 docs/artifacts/4de187c2-5407-42d9-9e6b-58d909c626ef/task_tracker.md
 create mode 100644 docs/artifacts/4de187c2-5407-42d9-9e6b-58d909c626ef/task_tracker.md.metadata.json
 create mode 100644 docs/artifacts/4de187c2-5407-42d9-9e6b-58d909c626ef/task_tracker.md.resolved
 create mode 100644 docs/artifacts/4de187c2-5407-42d9-9e6b-58d909c626ef/task_tracker.md.resolved.0
 create mode 100644 docs/artifacts/4de187c2-5407-42d9-9e6b-58d909c626ef/uploaded_media_1775584441567.png
 create mode 100644 docs/artifacts/6b90c4ea-d7ac-4e74-bde1-f62cec029443/.system_generated/messages/08a5cb58-149d-47a9-af2d-60d5f44261f5.json
 create mode 100644 docs/artifacts/6b90c4ea-d7ac-4e74-bde1-f62cec029443/.system_generated/messages/0b072c69-7ece-42a8-b1ed-0bb0aa95ff8c.json
 create mode 100644 docs/artifacts/6b90c4ea-d7ac-4e74-bde1-f62cec029443/.system_generated/messages/0c6595ef-96ad-49fa-b414-0d7aeeb70c08.json
 create mode 100644 docs/artifacts/6b90c4ea-d7ac-4e74-bde1-f62cec029443/.system_generated/messages/0e7d9a5a-3972-4079-8cae-8255663240dd.json
 create mode 100644 docs/artifacts/6b90c4ea-d7ac-4e74-bde1-f62cec029443/.system_generated/messages/2101664d-0d6e-46e3-9beb-fce7316ed6e4.json
 create mode 100644 docs/artifacts/6b90c4ea-d7ac-4e74-bde1-f62cec029443/.system_generated/messages/2e728312-b61a-437d-ac85-d1f7d880d730.json
 create mode 100644 docs/artifacts/6b90c4ea-d7ac-4e74-bde1-f62cec029443/.system_generated/messages/2fc75c29-c980-4db3-8201-a0ef307c6e29.json
 create mode 100644 docs/artifacts/6b90c4ea-d7ac-4e74-bde1-f62cec029443/.system_generated/messages/30a70f21-6577-4079-9d9d-c8c50d09f688.json
 create mode 100644 docs/artifacts/6b90c4ea-d7ac-4e74-bde1-f62cec029443/.system_generated/messages/31d54438-a2f9-4c09-8781-1d7328e76b39.json
 create mode 100644 docs/artifacts/6b90c4ea-d7ac-4e74-bde1-f62cec029443/.system_generated/messages/3fddd2e5-7d16-4577-908c-75fcff060c67.json
 create mode 100644 docs/artifacts/6b90c4ea-d7ac-4e74-bde1-f62cec029443/.system_generated/messages/40ec5c45-cde7-4fae-afad-f5c47ee6b552.json
 create mode 100644 docs/artifacts/6b90c4ea-d7ac-4e74-bde1-f62cec029443/.system_generated/messages/47812352-f827-419c-bbc5-00757acaac83.json
 create mode 100644 docs/artifacts/6b90c4ea-d7ac-4e74-bde1-f62cec029443/.system_generated/messages/4d2b5d5b-d92c-4ce4-b319-f6b9dad7b067.json
 create mode 100644 docs/artifacts/6b90c4ea-d7ac-4e74-bde1-f62cec029443/.system_generated/messages/4dfc2d23-c539-48b4-9eb3-0f23bcf8fdc0.json
 create mode 100644 docs/artifacts/6b90c4ea-d7ac-4e74-bde1-f62cec029443/.system_generated/messages/549251b0-c435-49c2-8859-cadf53008664.json
 create mode 100644 docs/artifacts/6b90c4ea-d7ac-4e74-bde1-f62cec029443/.system_generated/messages/5fd5b4d7-4999-4adb-8d8e-b13ba59f9f1e.json
 create mode 100644 docs/artifacts/6b90c4ea-d7ac-4e74-bde1-f62cec029443/.system_generated/messages/62854f08-b1d3-4101-966d-b85d2b15da76.json
 create mode 100644 docs/artifacts/6b90c4ea-d7ac-4e74-bde1-f62cec029443/.system_generated/messages/64c8368b-1d26-491d-8171-65e68efcc8cb.json
 create mode 100644 docs/artifacts/6b90c4ea-d7ac-4e74-bde1-f62cec029443/.system_generated/messages/680f9a01-402d-4e2b-abe5-754bb07a0ee3.json
 create mode 100644 docs/artifacts/6b90c4ea-d7ac-4e74-bde1-f62cec029443/.system_generated/messages/72a05002-366b-4548-a88d-6f6b67300da4.json
 create mode 100644 docs/artifacts/6b90c4ea-d7ac-4e74-bde1-f62cec029443/.system_generated/messages/7adb3d04-5cde-4e59-9b1a-489cc02912dc.json
 create mode 100644 docs/artifacts/6b90c4ea-d7ac-4e74-bde1-f62cec029443/.system_generated/messages/7b9b0e2c-d805-414f-9b5f-5da2af31466f.json
 create mode 100644 docs/artifacts/6b90c4ea-d7ac-4e74-bde1-f62cec029443/.system_generated/messages/90dde83e-58d4-4153-bb22-bc590dc9a0d8.json
 create mode 100644 docs/artifacts/6b90c4ea-d7ac-4e74-bde1-f62cec029443/.system_generated/messages/91dda52f-4cde-4fe2-8ac9-4b314872c240.json
 create mode 100644 docs/artifacts/6b90c4ea-d7ac-4e74-bde1-f62cec029443/.system_generated/messages/927a3c60-f5d7-403f-9894-e223a9bfb8a0.json
 create mode 100644 docs/artifacts/6b90c4ea-d7ac-4e74-bde1-f62cec029443/.system_generated/messages/978b160a-6f83-4047-822e-80ca4d5a7da3.json
 create mode 100644 docs/artifacts/6b90c4ea-d7ac-4e74-bde1-f62cec029443/.system_generated/messages/9c9648fb-07d6-483e-9433-993d9fe74166.json
 create mode 100644 docs/artifacts/6b90c4ea-d7ac-4e74-bde1-f62cec029443/.system_generated/messages/9cfec2a1-d59d-445e-baa5-0640391c24af.json
 create mode 100644 docs/artifacts/6b90c4ea-d7ac-4e74-bde1-f62cec029443/.system_generated/messages/9e461d11-efba-4533-924f-f8d9df837bfb.json
 create mode 100644 docs/artifacts/6b90c4ea-d7ac-4e74-bde1-f62cec029443/.system_generated/messages/a30fffdf-7cf7-49b5-b2c4-6764f6dbadb2.json
 create mode 100644 docs/artifacts/6b90c4ea-d7ac-4e74-bde1-f62cec029443/.system_generated/messages/b162f46e-4318-44e7-82d0-f87562fb1194.json
 create mode 100644 docs/artifacts/6b90c4ea-d7ac-4e74-bde1-f62cec029443/.system_generated/messages/b281620b-6708-4f76-8e41-4f64cc8cf292.json
 create mode 100644 docs/artifacts/6b90c4ea-d7ac-4e74-bde1-f62cec029443/.system_generated/messages/b2a89454-a5bd-4a49-b751-21506e3d0b67.json
 create mode 100644 docs/artifacts/6b90c4ea-d7ac-4e74-bde1-f62cec029443/.system_generated/messages/b73a2592-aca6-42b4-97dd-eb6bc6dea10e.json
 create mode 100644 docs/artifacts/6b90c4ea-d7ac-4e74-bde1-f62cec029443/.system_generated/messages/bb27f9f6-ffdf-4b86-af30-55fd5e120b69.json
 create mode 100644 docs/artifacts/6b90c4ea-d7ac-4e74-bde1-f62cec029443/.system_generated/messages/be281d12-ff56-4c51-a070-8315202615bf.json
 create mode 100644 docs/artifacts/6b90c4ea-d7ac-4e74-bde1-f62cec029443/.system_generated/messages/c00e4c3a-4619-446b-b2a3-7cd25056011c.json
 create mode 100644 docs/artifacts/6b90c4ea-d7ac-4e74-bde1-f62cec029443/.system_generated/messages/c2445fc6-2e54-4ad4-a110-097a0def5e20.json
 create mode 100644 docs/artifacts/6b90c4ea-d7ac-4e74-bde1-f62cec029443/.system_generated/messages/c8b52022-f602-4758-a4e7-b5a8857a274a.json
 create mode 100644 docs/artifacts/6b90c4ea-d7ac-4e74-bde1-f62cec029443/.system_generated/messages/cb813b35-8a30-4398-bf27-2973feb97d0b.json
 create mode 100644 docs/artifacts/6b90c4ea-d7ac-4e74-bde1-f62cec029443/.system_generated/messages/ce39e627-f8fe-465b-bad5-eff614698b6c.json
 create mode 100644 docs/artifacts/6b90c4ea-d7ac-4e74-bde1-f62cec029443/.system_generated/messages/cf0e5e57-e96b-402d-995f-9ee74657b857.json
 create mode 100644 docs/artifacts/6b90c4ea-d7ac-4e74-bde1-f62cec029443/.system_generated/messages/cursor.json
 create mode 100644 docs/artifacts/6b90c4ea-d7ac-4e74-bde1-f62cec029443/.system_generated/messages/d43c2142-ebcf-4780-ab36-f5b7526687f5.json
 create mode 100644 docs/artifacts/6b90c4ea-d7ac-4e74-bde1-f62cec029443/.system_generated/messages/dbc2a118-56bb-4463-904f-fe3d4005f39e.json
 create mode 100644 docs/artifacts/6b90c4ea-d7ac-4e74-bde1-f62cec029443/.system_generated/messages/dd59a7bc-bbf3-4c4a-ad0b-58ab6092c3d0.json
 create mode 100644 docs/artifacts/6b90c4ea-d7ac-4e74-bde1-f62cec029443/.system_generated/messages/dd5c401c-1694-482e-80a9-02bc7b476e33.json
 create mode 100644 docs/artifacts/6b90c4ea-d7ac-4e74-bde1-f62cec029443/.system_generated/messages/ee506684-0360-40fb-8107-3339d6fe5bd7.json
 create mode 100644 docs/artifacts/6b90c4ea-d7ac-4e74-bde1-f62cec029443/.system_generated/messages/f0ba56c0-b2e6-4a87-94da-5f4849db5819.json
 create mode 100644 docs/artifacts/6b90c4ea-d7ac-4e74-bde1-f62cec029443/.system_generated/messages/f22f9202-1a4f-4076-9655-fb2edfa166b9.json
 create mode 100644 docs/artifacts/6b90c4ea-d7ac-4e74-bde1-f62cec029443/.system_generated/messages/f463c562-c682-48e0-ad1a-7047bcaff81c.json
 create mode 100644 docs/artifacts/6b90c4ea-d7ac-4e74-bde1-f62cec029443/.system_generated/messages/f676308a-6a08-4097-9c2d-d9c36b71d51a.json
 create mode 100644 docs/artifacts/6b90c4ea-d7ac-4e74-bde1-f62cec029443/.system_generated/messages/read.json
 create mode 100644 docs/artifacts/6b90c4ea-d7ac-4e74-bde1-f62cec029443/.system_generated/tasks/task-1149.log
 create mode 100644 docs/artifacts/6b90c4ea-d7ac-4e74-bde1-f62cec029443/.system_generated/tasks/task-1182.log
 create mode 100644 docs/artifacts/6b90c4ea-d7ac-4e74-bde1-f62cec029443/.system_generated/tasks/task-1220.log
 create mode 100644 docs/artifacts/6b90c4ea-d7ac-4e74-bde1-f62cec029443/.system_generated/tasks/task-1223.log
 create mode 100644 docs/artifacts/6b90c4ea-d7ac-4e74-bde1-f62cec029443/.system_generated/tasks/task-1229.log
 create mode 100644 docs/artifacts/6b90c4ea-d7ac-4e74-bde1-f62cec029443/.system_generated/tasks/task-1233.log
 create mode 100644 docs/artifacts/6b90c4ea-d7ac-4e74-bde1-f62cec029443/.system_generated/tasks/task-125.log
 create mode 100644 docs/artifacts/6b90c4ea-d7ac-4e74-bde1-f62cec029443/.system_generated/tasks/task-1265.log
 create mode 100644 docs/artifacts/6b90c4ea-d7ac-4e74-bde1-f62cec029443/.system_generated/tasks/task-1295.log
 create mode 100644 docs/artifacts/6b90c4ea-d7ac-4e74-bde1-f62cec029443/.system_generated/tasks/task-1308.log
 create mode 100644 docs/artifacts/6b90c4ea-d7ac-4e74-bde1-f62cec029443/.system_generated/tasks/task-144.log
 create mode 100644 docs/artifacts/6b90c4ea-d7ac-4e74-bde1-f62cec029443/.system_generated/tasks/task-168.log
 create mode 100644 docs/artifacts/6b90c4ea-d7ac-4e74-bde1-f62cec029443/.system_generated/tasks/task-229.log
 create mode 100644 docs/artifacts/6b90c4ea-d7ac-4e74-bde1-f62cec029443/.system_generated/tasks/task-250.log
 create mode 100644 docs/artifacts/6b90c4ea-d7ac-4e74-bde1-f62cec029443/.system_generated/tasks/task-253.log
 create mode 100644 docs/artifacts/6b90c4ea-d7ac-4e74-bde1-f62cec029443/.system_generated/tasks/task-299.log
 create mode 100644 docs/artifacts/6b90c4ea-d7ac-4e74-bde1-f62cec029443/.system_generated/tasks/task-322.log
 create mode 100644 docs/artifacts/6b90c4ea-d7ac-4e74-bde1-f62cec029443/.system_generated/tasks/task-331.log
 create mode 100644 docs/artifacts/6b90c4ea-d7ac-4e74-bde1-f62cec029443/.system_generated/tasks/task-348.log
 create mode 100644 docs/artifacts/6b90c4ea-d7ac-4e74-bde1-f62cec029443/.system_generated/tasks/task-366.log
 create mode 100644 docs/artifacts/6b90c4ea-d7ac-4e74-bde1-f62cec029443/.system_generated/tasks/task-375.log
 create mode 100644 docs/artifacts/6b90c4ea-d7ac-4e74-bde1-f62cec029443/.system_generated/tasks/task-387.log
 create mode 100644 docs/artifacts/6b90c4ea-d7ac-4e74-bde1-f62cec029443/.system_generated/tasks/task-45.log
 create mode 100644 docs/artifacts/6b90c4ea-d7ac-4e74-bde1-f62cec029443/.system_generated/tasks/task-488.log
 create mode 100644 docs/artifacts/6b90c4ea-d7ac-4e74-bde1-f62cec029443/.system_generated/tasks/task-507.log
 create mode 100644 docs/artifacts/6b90c4ea-d7ac-4e74-bde1-f62cec029443/.system_generated/tasks/task-514.log
 create mode 100644 docs/artifacts/6b90c4ea-d7ac-4e74-bde1-f62cec029443/.system_generated/tasks/task-517.log
 create mode 100644 docs/artifacts/6b90c4ea-d7ac-4e74-bde1-f62cec029443/.system_generated/tasks/task-530.log
 create mode 100644 docs/artifacts/6b90c4ea-d7ac-4e74-bde1-f62cec029443/.system_generated/tasks/task-539.log
 create mode 100644 docs/artifacts/6b90c4ea-d7ac-4e74-bde1-f62cec029443/.system_generated/tasks/task-577.log
 create mode 100644 docs/artifacts/6b90c4ea-d7ac-4e74-bde1-f62cec029443/.system_generated/tasks/task-653.log
 create mode 100644 docs/artifacts/6b90c4ea-d7ac-4e74-bde1-f62cec029443/.system_generated/tasks/task-728.log
 create mode 100644 docs/artifacts/6b90c4ea-d7ac-4e74-bde1-f62cec029443/.system_generated/tasks/task-735.log
 create mode 100644 docs/artifacts/6b90c4ea-d7ac-4e74-bde1-f62cec029443/.system_generated/tasks/task-745.log
 create mode 100644 docs/artifacts/6b90c4ea-d7ac-4e74-bde1-f62cec029443/.system_generated/tasks/task-75.log
 create mode 100644 docs/artifacts/6b90c4ea-d7ac-4e74-bde1-f62cec029443/.system_generated/tasks/task-751.log
 create mode 100644 docs/artifacts/6b90c4ea-d7ac-4e74-bde1-f62cec029443/.system_generated/tasks/task-769.log
 create mode 100644 docs/artifacts/6b90c4ea-d7ac-4e74-bde1-f62cec029443/.system_generated/tasks/task-776.log
 create mode 100644 docs/artifacts/6b90c4ea-d7ac-4e74-bde1-f62cec029443/.system_generated/tasks/task-803.log
 create mode 100644 docs/artifacts/6b90c4ea-d7ac-4e74-bde1-f62cec029443/.system_generated/tasks/task-81.log
 create mode 100644 docs/artifacts/6b90c4ea-d7ac-4e74-bde1-f62cec029443/.system_generated/tasks/task-93.log
 create mode 100644 docs/artifacts/6b90c4ea-d7ac-4e74-bde1-f62cec029443/.tempmediaStorage/media_6b90c4ea-d7ac-4e74-bde1-f62cec029443_1781021008679.png
 create mode 100644 docs/artifacts/6b90c4ea-d7ac-4e74-bde1-f62cec029443/disk_space_swot_analysis.md
 create mode 100644 docs/artifacts/6b90c4ea-d7ac-4e74-bde1-f62cec029443/disk_space_swot_analysis.md.metadata.json
 create mode 100644 docs/artifacts/6b90c4ea-d7ac-4e74-bde1-f62cec029443/faceswap_ensemble_spec.md
 create mode 100644 docs/artifacts/6b90c4ea-d7ac-4e74-bde1-f62cec029443/faceswap_ensemble_spec.md.metadata.json
 create mode 100644 docs/artifacts/6b90c4ea-d7ac-4e74-bde1-f62cec029443/faceswap_progress_plan.md
 create mode 100644 docs/artifacts/6b90c4ea-d7ac-4e74-bde1-f62cec029443/faceswap_progress_plan.md.metadata.json
 create mode 100644 docs/artifacts/6b90c4ea-d7ac-4e74-bde1-f62cec029443/media__1780974634071.png
 create mode 100644 docs/artifacts/6b90c4ea-d7ac-4e74-bde1-f62cec029443/media__1780974676354.png
 create mode 100644 docs/artifacts/6b90c4ea-d7ac-4e74-bde1-f62cec029443/media__1780974970039.png
 create mode 100644 docs/artifacts/6b90c4ea-d7ac-4e74-bde1-f62cec029443/media__1780981948996.png
 create mode 100644 docs/artifacts/6b90c4ea-d7ac-4e74-bde1-f62cec029443/media__1780984189678.png
 create mode 100644 docs/artifacts/6b90c4ea-d7ac-4e74-bde1-f62cec029443/media__1780987586504.png
 create mode 100644 docs/artifacts/6b90c4ea-d7ac-4e74-bde1-f62cec029443/media__1781022010746.png
 create mode 100644 docs/artifacts/6b90c4ea-d7ac-4e74-bde1-f62cec029443/temporal_coherency_strategies.md
 create mode 100644 docs/artifacts/6b90c4ea-d7ac-4e74-bde1-f62cec029443/temporal_coherency_strategies.md.metadata.json
 create mode 100644 docs/artifacts/6b90c4ea-d7ac-4e74-bde1-f62cec029443/ui_architecture_plan.md
 create mode 100644 docs/artifacts/6b90c4ea-d7ac-4e74-bde1-f62cec029443/ui_architecture_plan.md.metadata.json
 create mode 100644 docs/artifacts/6d5de2be-0d01-41bd-bb8b-316d23a8055f/audit_evidence_pack.md
 create mode 100644 docs/artifacts/6d5de2be-0d01-41bd-bb8b-316d23a8055f/audit_evidence_pack.md.metadata.json
 create mode 100644 docs/artifacts/6d5de2be-0d01-41bd-bb8b-316d23a8055f/audit_evidence_pack.md.resolved
 create mode 100644 docs/artifacts/6d5de2be-0d01-41bd-bb8b-316d23a8055f/audit_evidence_pack.md.resolved.0
 create mode 100644 docs/artifacts/6d5de2be-0d01-41bd-bb8b-316d23a8055f/detailed_bom_addendum.md
 create mode 100644 docs/artifacts/6d5de2be-0d01-41bd-bb8b-316d23a8055f/detailed_bom_addendum.md.metadata.json
 create mode 100644 docs/artifacts/6d5de2be-0d01-41bd-bb8b-316d23a8055f/detailed_bom_addendum.md.resolved
 create mode 100644 docs/artifacts/6d5de2be-0d01-41bd-bb8b-316d23a8055f/detailed_bom_addendum.md.resolved.0
 create mode 100644 docs/artifacts/6d5de2be-0d01-41bd-bb8b-316d23a8055f/inventory_discrepancy_report.md
 create mode 100644 docs/artifacts/6d5de2be-0d01-41bd-bb8b-316d23a8055f/inventory_discrepancy_report.md.metadata.json
 create mode 100644 docs/artifacts/6d5de2be-0d01-41bd-bb8b-316d23a8055f/inventory_discrepancy_report.md.resolved
 create mode 100644 docs/artifacts/6d5de2be-0d01-41bd-bb8b-316d23a8055f/inventory_discrepancy_report.md.resolved.0
 create mode 100644 docs/artifacts/755f5bef-45be-4a87-a2ff-a4f40750846e/.system_generated/messages/0067d097-2653-43ea-9234-9ef93df078cd.json
 create mode 100644 docs/artifacts/755f5bef-45be-4a87-a2ff-a4f40750846e/.system_generated/messages/007c321f-bf43-4eb6-a0ef-d0f69f9d8ef7.json
 create mode 100644 docs/artifacts/755f5bef-45be-4a87-a2ff-a4f40750846e/.system_generated/messages/017ff96d-ce26-464c-9e65-3bc6af36f09a.json
 create mode 100644 docs/artifacts/755f5bef-45be-4a87-a2ff-a4f40750846e/.system_generated/messages/04d7182a-08c6-4bf0-b7ca-08c1960c7524.json
 create mode 100644 docs/artifacts/755f5bef-45be-4a87-a2ff-a4f40750846e/.system_generated/messages/0663bae6-02c6-4f01-a7f9-55915cbf1750.json
 create mode 100644 docs/artifacts/755f5bef-45be-4a87-a2ff-a4f40750846e/.system_generated/messages/07500355-75e4-4629-bb9e-b094a2feac1c.json
 create mode 100644 docs/artifacts/755f5bef-45be-4a87-a2ff-a4f40750846e/.system_generated/messages/0813a258-7fb3-432d-88d7-ebab22e858bb.json
 create mode 100644 docs/artifacts/755f5bef-45be-4a87-a2ff-a4f40750846e/.system_generated/messages/09e18082-bf74-48a5-9b06-dbe32bb22654.json
 create mode 100644 docs/artifacts/755f5bef-45be-4a87-a2ff-a4f40750846e/.system_generated/messages/0cb949c4-03f7-4a14-b137-de3ed4a0b8fb.json
 create mode 100644 docs/artifacts/755f5bef-45be-4a87-a2ff-a4f40750846e/.system_generated/messages/0d1a0daa-fda8-4e71-a4a2-fd95bf628121.json
 create mode 100644 docs/artifacts/755f5bef-45be-4a87-a2ff-a4f40750846e/.system_generated/messages/0dfd4218-04cf-4e7f-8fae-e3a6ef0b0754.json
 create mode 100644 docs/artifacts/755f5bef-45be-4a87-a2ff-a4f40750846e/.system_generated/messages/0fd71bea-8637-415b-a5cc-43a4acb7e2f4.json
 create mode 100644 docs/artifacts/755f5bef-45be-4a87-a2ff-a4f40750846e/.system_generated/messages/0fd76554-eec8-4613-bed5-3b6a30cdc363.json
 create mode 100644 docs/artifacts/755f5bef-45be-4a87-a2ff-a4f40750846e/.system_generated/messages/1034a68c-7366-4530-b571-d434992d3ca8.json
 create mode 100644 docs/artifacts/755f5bef-45be-4a87-a2ff-a4f40750846e/.system_generated/messages/111c760b-9c48-4746-91ab-e1dd5b7d2b1c.json
 create mode 100644 docs/artifacts/755f5bef-45be-4a87-a2ff-a4f40750846e/.system_generated/messages/12013fd0-09a9-4107-bf2d-5b7cfe760c50.json
 create mode 100644 docs/artifacts/755f5bef-45be-4a87-a2ff-a4f40750846e/.system_generated/messages/128d0332-3ddc-4ac6-91bd-75ccb97fb353.json
 create mode 100644 docs/artifacts/755f5bef-45be-4a87-a2ff-a4f40750846e/.system_generated/messages/130913f2-aa41-488b-80b6-bbd2be81000b.json
 create mode 100644 docs/artifacts/755f5bef-45be-4a87-a2ff-a4f40750846e/.system_generated/messages/1311d7fe-c75f-4daa-a8f9-889473bda158.json
 create mode 100644 docs/artifacts/755f5bef-45be-4a87-a2ff-a4f40750846e/.system_generated/messages/13eed701-0d6b-42e1-b614-bbae89bb7638.json
 create mode 100644 docs/artifacts/755f5bef-45be-4a87-a2ff-a4f40750846e/.system_generated/messages/140b10b2-9e38-410b-b92b-6a8d03019629.json
 create mode 100644 docs/artifacts/755f5bef-45be-4a87-a2ff-a4f40750846e/.system_generated/messages/14d868b7-2dba-47c9-81a9-2dde18df438b.json
 create mode 100644 docs/artifacts/755f5bef-45be-4a87-a2ff-a4f40750846e/.system_generated/messages/15d6e0f6-b1da-4971-9118-f7212f96285f.json
 create mode 100644 docs/artifacts/755f5bef-45be-4a87-a2ff-a4f40750846e/.system_generated/messages/17bf5794-98e5-41db-bed9-09187638d277.json
 create mode 100644 docs/artifacts/755f5bef-45be-4a87-a2ff-a4f40750846e/.system_generated/messages/192fe6a0-342d-44e5-b4e1-7d37130b4769.json
 create mode 100644 docs/artifacts/755f5bef-45be-4a87-a2ff-a4f40750846e/.system_generated/messages/21749627-1d2c-4874-937a-27306426065f.json
 create mode 100644 docs/artifacts/755f5bef-45be-4a87-a2ff-a4f40750846e/.system_generated/messages/236c980c-664e-48d4-a84b-f9a5194967f3.json
 create mode 100644 docs/artifacts/755f5bef-45be-4a87-a2ff-a4f40750846e/.system_generated/messages/253556f1-c225-4aba-8ce4-0e0b0acc64e2.json
 create mode 100644 docs/artifacts/755f5bef-45be-4a87-a2ff-a4f40750846e/.system_generated/messages/25d796b5-b516-4075-b33e-a84e64ccd26e.json
 create mode 100644 docs/artifacts/755f5bef-45be-4a87-a2ff-a4f40750846e/.system_generated/messages/272104e5-b5af-4de3-a8ab-767ef51fe838.json
 create mode 100644 docs/artifacts/755f5bef-45be-4a87-a2ff-a4f40750846e/.system_generated/messages/28821372-7577-46c4-aea7-9496896ba119.json
 create mode 100644 docs/artifacts/755f5bef-45be-4a87-a2ff-a4f40750846e/.system_generated/messages/293afb2e-9b0f-4350-b937-2589067d4238.json
 create mode 100644 docs/artifacts/755f5bef-45be-4a87-a2ff-a4f40750846e/.system_generated/messages/2a6180d9-3855-422e-9610-9c4cfce830da.json
 create mode 100644 docs/artifacts/755f5bef-45be-4a87-a2ff-a4f40750846e/.system_generated/messages/2cd4e0ff-7d27-4f07-b68c-4236d9eaffd3.json
 create mode 100644 docs/artifacts/755f5bef-45be-4a87-a2ff-a4f40750846e/.system_generated/messages/2d389754-5af4-474a-8962-3bffb4c6bc64.json
 create mode 100644 docs/artifacts/755f5bef-45be-4a87-a2ff-a4f40750846e/.system_generated/messages/32565495-ace2-4495-a6fd-253e76dbade7.json
 create mode 100644 docs/artifacts/755f5bef-45be-4a87-a2ff-a4f40750846e/.system_generated/messages/333352d5-0172-47bd-b884-7b67a34b53e3.json
 create mode 100644 docs/artifacts/755f5bef-45be-4a87-a2ff-a4f40750846e/.system_generated/messages/34eb335e-0908-4cd6-a6a8-4091323818b4.json
 create mode 100644 docs/artifacts/755f5bef-45be-4a87-a2ff-a4f40750846e/.system_generated/messages/3597bdae-3388-40bd-9532-88d8c64af95a.json
 create mode 100644 docs/artifacts/755f5bef-45be-4a87-a2ff-a4f40750846e/.system_generated/messages/35d2400f-32fb-4b9f-93ac-2698ff6dc49e.json
 create mode 100644 docs/artifacts/755f5bef-45be-4a87-a2ff-a4f40750846e/.system_generated/messages/38a49342-203a-4926-96c2-ece6fa7db481.json
 create mode 100644 docs/artifacts/755f5bef-45be-4a87-a2ff-a4f40750846e/.system_generated/messages/3a87b249-006c-4b2a-9d7c-ba68ef38f1fa.json
 create mode 100644 docs/artifacts/755f5bef-45be-4a87-a2ff-a4f40750846e/.system_generated/messages/3b380acc-ab05-45c3-aecb-dfff053c7826.json
 create mode 100644 docs/artifacts/755f5bef-45be-4a87-a2ff-a4f40750846e/.system_generated/messages/3c45dbc1-0be2-40c0-847d-33cd5df56fa8.json
 create mode 100644 docs/artifacts/755f5bef-45be-4a87-a2ff-a4f40750846e/.system_generated/messages/3db2a8cb-a118-4c46-a801-a2217b28f47c.json
 create mode 100644 docs/artifacts/755f5bef-45be-4a87-a2ff-a4f40750846e/.system_generated/messages/3e5a8bcb-c8d5-4b2f-94e3-9f4d7697d029.json
 create mode 100644 docs/artifacts/755f5bef-45be-4a87-a2ff-a4f40750846e/.system_generated/messages/3f068f44-ddb5-47eb-8419-cfcacaa844ca.json
 create mode 100644 docs/artifacts/755f5bef-45be-4a87-a2ff-a4f40750846e/.system_generated/messages/40c105c8-aab4-4837-a24a-9462abb767b6.json
 create mode 100644 docs/artifacts/755f5bef-45be-4a87-a2ff-a4f40750846e/.system_generated/messages/40d95422-ed7e-4e9f-bff1-6f9bfbeda7bc.json
 create mode 100644 docs/artifacts/755f5bef-45be-4a87-a2ff-a4f40750846e/.system_generated/messages/40e2ddb4-7c28-45eb-8fa4-d2504f9e9ee1.json
 create mode 100644 docs/artifacts/755f5bef-45be-4a87-a2ff-a4f40750846e/.system_generated/messages/40fb2f71-8ccb-4958-a88a-7ee1405234d2.json
 create mode 100644 docs/artifacts/755f5bef-45be-4a87-a2ff-a4f40750846e/.system_generated/messages/4155bf5b-d97a-44b3-b508-6716f26d05c2.json
 create mode 100644 docs/artifacts/755f5bef-45be-4a87-a2ff-a4f40750846e/.system_generated/messages/4215031e-dcdb-46b8-84fe-01c99ec323d1.json
 create mode 100644 docs/artifacts/755f5bef-45be-4a87-a2ff-a4f40750846e/.system_generated/messages/45585071-f260-4335-820a-9ffcfacf83bc.json
 create mode 100644 docs/artifacts/755f5bef-45be-4a87-a2ff-a4f40750846e/.system_generated/messages/47ea84e3-bb3c-443c-8100-e209c756019a.json
 create mode 100644 docs/artifacts/755f5bef-45be-4a87-a2ff-a4f40750846e/.system_generated/messages/48585b94-1016-480e-bbd3-912fd201c5de.json
 create mode 100644 docs/artifacts/755f5bef-45be-4a87-a2ff-a4f40750846e/.system_generated/messages/489c61b5-2e39-42a4-8f03-1d98ac3d2238.json
 create mode 100644 docs/artifacts/755f5bef-45be-4a87-a2ff-a4f40750846e/.system_generated/messages/49724f34-7336-46bf-9458-d1b552f01385.json
 create mode 100644 docs/artifacts/755f5bef-45be-4a87-a2ff-a4f40750846e/.system_generated/messages/498155e5-408d-4f7c-893b-6adc39f0efd3.json
 create mode 100644 docs/artifacts/755f5bef-45be-4a87-a2ff-a4f40750846e/.system_generated/messages/49ec718f-8de6-4a49-b3c6-547395e025df.json
 create mode 100644 docs/artifacts/755f5bef-45be-4a87-a2ff-a4f40750846e/.system_generated/messages/4ad90f1a-eaa4-435f-bcbc-4e704e18b2b7.json
 create mode 100644 docs/artifacts/755f5bef-45be-4a87-a2ff-a4f40750846e/.system_generated/messages/4b5ee6b5-720c-4d9d-a436-7dbe26d5177b.json
 create mode 100644 docs/artifacts/755f5bef-45be-4a87-a2ff-a4f40750846e/.system_generated/messages/4e7011d8-1108-482b-a73c-4d861744bdfd.json
 create mode 100644 docs/artifacts/755f5bef-45be-4a87-a2ff-a4f40750846e/.system_generated/messages/4e8dfcad-f709-427c-afda-b2ca3cf78c75.json
 create mode 100644 docs/artifacts/755f5bef-45be-4a87-a2ff-a4f40750846e/.system_generated/messages/51260b11-d5dd-4ba1-8111-33880b67386e.json
 create mode 100644 docs/artifacts/755f5bef-45be-4a87-a2ff-a4f40750846e/.system_generated/messages/519dccf4-8818-4fd7-8b71-2afc7860db87.json
 create mode 100644 docs/artifacts/755f5bef-45be-4a87-a2ff-a4f40750846e/.system_generated/messages/52a1bc84-bf8e-4ebd-9275-7783f142d592.json
 create mode 100644 docs/artifacts/755f5bef-45be-4a87-a2ff-a4f40750846e/.system_generated/messages/5338f963-fc48-4dc3-9b88-1cf84ed173d5.json
 create mode 100644 docs/artifacts/755f5bef-45be-4a87-a2ff-a4f40750846e/.system_generated/messages/543e76b0-03d6-4c79-beda-824382900b80.json
 create mode 100644 docs/artifacts/755f5bef-45be-4a87-a2ff-a4f40750846e/.system_generated/messages/5561d7a1-24ae-4baa-80a7-a55d58ef2e91.json
 create mode 100644 docs/artifacts/755f5bef-45be-4a87-a2ff-a4f40750846e/.system_generated/messages/55a6ecc4-f5d6-429d-b0c8-facceb265ed2.json
 create mode 100644 docs/artifacts/755f5bef-45be-4a87-a2ff-a4f40750846e/.system_generated/messages/56637b06-e7a1-4a40-b574-0a91a3ccd5be.json
 create mode 100644 docs/artifacts/755f5bef-45be-4a87-a2ff-a4f40750846e/.system_generated/messages/57b2e3fc-c027-45c1-8e06-ad10d8afabdb.json
 create mode 100644 docs/artifacts/755f5bef-45be-4a87-a2ff-a4f40750846e/.system_generated/messages/5804b8f3-0770-41ec-be35-d6a1041467ad.json
 create mode 100644 docs/artifacts/755f5bef-45be-4a87-a2ff-a4f40750846e/.system_generated/messages/5836bd1b-8f8e-4871-a803-4f742203ff62.json
 create mode 100644 docs/artifacts/755f5bef-45be-4a87-a2ff-a4f40750846e/.system_generated/messages/5a29d1ac-ba76-4c0e-a3ea-7d39d1b2abea.json
 create mode 100644 docs/artifacts/755f5bef-45be-4a87-a2ff-a4f40750846e/.system_generated/messages/5b3bc237-2769-402c-9966-8db651654812.json
 create mode 100644 docs/artifacts/755f5bef-45be-4a87-a2ff-a4f40750846e/.system_generated/messages/5beb0da8-6622-4428-8ea9-157b7e73cd99.json
 create mode 100644 docs/artifacts/755f5bef-45be-4a87-a2ff-a4f40750846e/.system_generated/messages/5c761070-f9ea-4c99-9bcb-ff8077cd5316.json
 create mode 100644 docs/artifacts/755f5bef-45be-4a87-a2ff-a4f40750846e/.system_generated/messages/5cfd4798-503b-4ea4-8fa9-90127ef81f9e.json
 create mode 100644 docs/artifacts/755f5bef-45be-4a87-a2ff-a4f40750846e/.system_generated/messages/5d5e274e-8bb7-4e87-b526-cb498cbdc4ac.json
 create mode 100644 docs/artifacts/755f5bef-45be-4a87-a2ff-a4f40750846e/.system_generated/messages/5d979f63-bd6f-408f-9b93-d671e9cd494e.json
 create mode 100644 docs/artifacts/755f5bef-45be-4a87-a2ff-a4f40750846e/.system_generated/messages/5ef9abd6-c047-40c0-9d7a-d325cbae6ba5.json
 create mode 100644 docs/artifacts/755f5bef-45be-4a87-a2ff-a4f40750846e/.system_generated/messages/5f71b157-b7b0-47b5-b56f-17c2906a6ca4.json
 create mode 100644 docs/artifacts/755f5bef-45be-4a87-a2ff-a4f40750846e/.system_generated/messages/622b109a-67e8-4347-8679-7392fbc6b049.json
 create mode 100644 docs/artifacts/755f5bef-45be-4a87-a2ff-a4f40750846e/.system_generated/messages/63411beb-3d28-42cf-9497-72cbf89f9496.json
 create mode 100644 docs/artifacts/755f5bef-45be-4a87-a2ff-a4f40750846e/.system_generated/messages/6577c378-d0a2-400d-b69d-f43b984a35df.json
 create mode 100644 docs/artifacts/755f5bef-45be-4a87-a2ff-a4f40750846e/.system_generated/messages/6618494e-fd46-427e-bead-a9c56e97d546.json
 create mode 100644 docs/artifacts/755f5bef-45be-4a87-a2ff-a4f40750846e/.system_generated/messages/685e859e-7512-441b-a45b-30343cefeb3b.json
 create mode 100644 docs/artifacts/755f5bef-45be-4a87-a2ff-a4f40750846e/.system_generated/messages/690134b7-8887-4f5d-a2e2-e3ddb5a275bd.json
 create mode 100644 docs/artifacts/755f5bef-45be-4a87-a2ff-a4f40750846e/.system_generated/messages/6cd8b94b-3f86-431d-a725-25fece08bc7a.json
 create mode 100644 docs/artifacts/755f5bef-45be-4a87-a2ff-a4f40750846e/.system_generated/messages/6d5f9231-5c51-4653-8275-56aa62d19775.json
 create mode 100644 docs/artifacts/755f5bef-45be-4a87-a2ff-a4f40750846e/.system_generated/messages/7096bde4-5330-4b0c-a841-795e7ffdccae.json
 create mode 100644 docs/artifacts/755f5bef-45be-4a87-a2ff-a4f40750846e/.system_generated/messages/71c93bd2-c3fb-425f-854e-e3d91e104765.json
 create mode 100644 docs/artifacts/755f5bef-45be-4a87-a2ff-a4f40750846e/.system_generated/messages/72b1f336-96ca-4a75-a81b-25920e00cda8.json
 create mode 100644 docs/artifacts/755f5bef-45be-4a87-a2ff-a4f40750846e/.system_generated/messages/73637f33-52b9-4fda-a9ec-d4fcb9fb8b3d.json
 create mode 100644 docs/artifacts/755f5bef-45be-4a87-a2ff-a4f40750846e/.system_generated/messages/736c2022-bf86-4e4b-8fb6-ada4a2888051.json
 create mode 100644 docs/artifacts/755f5bef-45be-4a87-a2ff-a4f40750846e/.system_generated/messages/73ade374-9879-4150-9ca5-4596e38bb7cd.json
 create mode 100644 docs/artifacts/755f5bef-45be-4a87-a2ff-a4f40750846e/.system_generated/messages/74610385-e675-4efd-9248-731689d8ec10.json
 create mode 100644 docs/artifacts/755f5bef-45be-4a87-a2ff-a4f40750846e/.system_generated/messages/77686ee2-ba81-407f-8cd5-3848b89e81ef.json
 create mode 100644 docs/artifacts/755f5bef-45be-4a87-a2ff-a4f40750846e/.system_generated/messages/77c8b818-7fc7-4a75-9151-46ad1241faa6.json
 create mode 100644 docs/artifacts/755f5bef-45be-4a87-a2ff-a4f40750846e/.system_generated/messages/7834a418-735f-4907-bfa2-fb16f9877e65.json
 create mode 100644 docs/artifacts/755f5bef-45be-4a87-a2ff-a4f40750846e/.system_generated/messages/79868e09-17cb-4f4a-ba14-d26dab30b750.json
 create mode 100644 docs/artifacts/755f5bef-45be-4a87-a2ff-a4f40750846e/.system_generated/messages/7b7200c9-ffca-4ac3-824c-63089e278aef.json
 create mode 100644 docs/artifacts/755f5bef-45be-4a87-a2ff-a4f40750846e/.system_generated/messages/7db36c71-68d0-49a3-a94f-964e33a28f1e.json
 create mode 100644 docs/artifacts/755f5bef-45be-4a87-a2ff-a4f40750846e/.system_generated/messages/7eeb2337-51d4-4156-832e-69c0e926404b.json
 create mode 100644 docs/artifacts/755f5bef-45be-4a87-a2ff-a4f40750846e/.system_generated/messages/8216ac95-564f-4975-b88e-c7ba00e1de52.json
 create mode 100644 docs/artifacts/755f5bef-45be-4a87-a2ff-a4f40750846e/.system_generated/messages/83e80bed-e1f6-4f53-bfd9-bbe77d1e4066.json
 create mode 100644 docs/artifacts/755f5bef-45be-4a87-a2ff-a4f40750846e/.system_generated/messages/8413442d-8985-47c0-a222-f6cd36967900.json
 create mode 100644 docs/artifacts/755f5bef-45be-4a87-a2ff-a4f40750846e/.system_generated/messages/84fa4a0a-e31b-471c-b108-2b72cacbccc3.json
 create mode 100644 docs/artifacts/755f5bef-45be-4a87-a2ff-a4f40750846e/.system_generated/messages/88738bb2-817d-46cf-b690-facca9cfb685.json
 create mode 100644 docs/artifacts/755f5bef-45be-4a87-a2ff-a4f40750846e/.system_generated/messages/89d9aa28-9296-4bff-93f1-96432af3fe78.json
 create mode 100644 docs/artifacts/755f5bef-45be-4a87-a2ff-a4f40750846e/.system_generated/messages/8a93525f-d815-4f1c-b2c7-ed5bec44f83b.json
 create mode 100644 docs/artifacts/755f5bef-45be-4a87-a2ff-a4f40750846e/.system_generated/messages/8ad8715f-c37b-45ec-8659-84ce653aefb9.json
 create mode 100644 docs/artifacts/755f5bef-45be-4a87-a2ff-a4f40750846e/.system_generated/messages/8b296930-1696-4b33-a5e5-f34e6e0f0659.json
 create mode 100644 docs/artifacts/755f5bef-45be-4a87-a2ff-a4f40750846e/.system_generated/messages/8b9554ec-252f-422b-92bd-36fd1368610f.json
 create mode 100644 docs/artifacts/755f5bef-45be-4a87-a2ff-a4f40750846e/.system_generated/messages/8d987dff-6f9e-48a3-9c1a-5051b4ed3f04.json
 create mode 100644 docs/artifacts/755f5bef-45be-4a87-a2ff-a4f40750846e/.system_generated/messages/8f13f034-dec1-4f48-af53-be7110384566.json
 create mode 100644 docs/artifacts/755f5bef-45be-4a87-a2ff-a4f40750846e/.system_generated/messages/8f5ce525-96a5-4fb2-9feb-8905f47e0510.json
 create mode 100644 docs/artifacts/755f5bef-45be-4a87-a2ff-a4f40750846e/.system_generated/messages/8f88a44b-5cda-4c74-9ed6-cfd7260f3489.json
 create mode 100644 docs/artifacts/755f5bef-45be-4a87-a2ff-a4f40750846e/.system_generated/messages/9185f1a9-50d8-4489-9ffb-493181a0664a.json
 create mode 100644 docs/artifacts/755f5bef-45be-4a87-a2ff-a4f40750846e/.system_generated/messages/92913049-b2f3-4848-84df-9cf36482cd7e.json
 create mode 100644 docs/artifacts/755f5bef-45be-4a87-a2ff-a4f40750846e/.system_generated/messages/93fd370d-85d6-495b-8514-ddc6e4890ade.json
 create mode 100644 docs/artifacts/755f5bef-45be-4a87-a2ff-a4f40750846e/.system_generated/messages/944426c9-6e14-429a-b44f-b65d5baa493f.json
 create mode 100644 docs/artifacts/755f5bef-45be-4a87-a2ff-a4f40750846e/.system_generated/messages/975aa9ee-5b53-4d6d-8351-0f592c80f19a.json
 create mode 100644 docs/artifacts/755f5bef-45be-4a87-a2ff-a4f40750846e/.system_generated/messages/9840d0d7-09a5-4e02-9997-7b0ba90e9c1d.json
 create mode 100644 docs/artifacts/755f5bef-45be-4a87-a2ff-a4f40750846e/.system_generated/messages/990e74a0-fa93-4f69-856f-c0099f8c2130.json
 create mode 100644 docs/artifacts/755f5bef-45be-4a87-a2ff-a4f40750846e/.system_generated/messages/99e05170-1035-4316-93d6-016d6b8f3b2f.json
 create mode 100644 docs/artifacts/755f5bef-45be-4a87-a2ff-a4f40750846e/.system_generated/messages/9d42d0a9-76fd-43d4-bf69-e7887b4d7161.json
 create mode 100644 docs/artifacts/755f5bef-45be-4a87-a2ff-a4f40750846e/.system_generated/messages/9f3956ac-f6f3-4066-8f5e-b725e82d9fae.json
 create mode 100644 docs/artifacts/755f5bef-45be-4a87-a2ff-a4f40750846e/.system_generated/messages/9fc521ed-fa00-4582-9ffc-0666efefe7a5.json
 create mode 100644 docs/artifacts/755f5bef-45be-4a87-a2ff-a4f40750846e/.system_generated/messages/a0da5b2b-19f4-4fb7-a305-84ac91f6cc98.json
 create mode 100644 docs/artifacts/755f5bef-45be-4a87-a2ff-a4f40750846e/.system_generated/messages/a2f41826-a605-4cc0-b32b-ab4ea0f43f23.json
 create mode 100644 docs/artifacts/755f5bef-45be-4a87-a2ff-a4f40750846e/.system_generated/messages/a30e6956-9976-4e91-9c70-e966464a10cf.json
 create mode 100644 docs/artifacts/755f5bef-45be-4a87-a2ff-a4f40750846e/.system_generated/messages/a410ae91-3a57-4257-9252-e65480ad0f9e.json
 create mode 100644 docs/artifacts/755f5bef-45be-4a87-a2ff-a4f40750846e/.system_generated/messages/a5266fdd-bd74-4010-9be8-a540f2775ee1.json
 create mode 100644 docs/artifacts/755f5bef-45be-4a87-a2ff-a4f40750846e/.system_generated/messages/a68a80f0-6071-491c-8e2b-0c19a675a1f9.json
 create mode 100644 docs/artifacts/755f5bef-45be-4a87-a2ff-a4f40750846e/.system_generated/messages/a6ecdac6-39d7-4780-8003-46c7fa86f944.json
 create mode 100644 docs/artifacts/755f5bef-45be-4a87-a2ff-a4f40750846e/.system_generated/messages/ab75d399-501d-459c-96f1-e310bda3e38f.json
 create mode 100644 docs/artifacts/755f5bef-45be-4a87-a2ff-a4f40750846e/.system_generated/messages/ae18e16d-db5b-48ab-b2f7-14919999ca8f.json
 create mode 100644 docs/artifacts/755f5bef-45be-4a87-a2ff-a4f40750846e/.system_generated/messages/af10b0a5-1e6a-4fa5-a909-cd44e3fe8fa9.json
 create mode 100644 docs/artifacts/755f5bef-45be-4a87-a2ff-a4f40750846e/.system_generated/messages/b234db03-b7d0-4afa-99db-aefd741807bb.json
 create mode 100644 docs/artifacts/755f5bef-45be-4a87-a2ff-a4f40750846e/.system_generated/messages/b3451bc1-0d23-4d4e-a675-d0b942cb39f2.json
 create mode 100644 docs/artifacts/755f5bef-45be-4a87-a2ff-a4f40750846e/.system_generated/messages/b4bafe20-c1cf-4144-a9de-f878d7997772.json
 create mode 100644 docs/artifacts/755f5bef-45be-4a87-a2ff-a4f40750846e/.system_generated/messages/b639c39d-3dc8-4fdc-977e-db29762619dc.json
 create mode 100644 docs/artifacts/755f5bef-45be-4a87-a2ff-a4f40750846e/.system_generated/messages/b6d1f48e-1cab-4534-b058-35452459d5fe.json
 create mode 100644 docs/artifacts/755f5bef-45be-4a87-a2ff-a4f40750846e/.system_generated/messages/b78fdd02-4678-4cdb-949b-eb68a2b1250c.json
 create mode 100644 docs/artifacts/755f5bef-45be-4a87-a2ff-a4f40750846e/.system_generated/messages/b7f7b2e6-d845-4de4-865d-1a30ac558f25.json
 create mode 100644 docs/artifacts/755f5bef-45be-4a87-a2ff-a4f40750846e/.system_generated/messages/b99f3e68-401b-4ffd-b78a-857ce14219f4.json
 create mode 100644 docs/artifacts/755f5bef-45be-4a87-a2ff-a4f40750846e/.system_generated/messages/ba3603d1-d0e9-4b5e-9b8c-90f014b86bb4.json
 create mode 100644 docs/artifacts/755f5bef-45be-4a87-a2ff-a4f40750846e/.system_generated/messages/bbb48aa1-9c95-4ac9-80aa-238987d14651.json
 create mode 100644 docs/artifacts/755f5bef-45be-4a87-a2ff-a4f40750846e/.system_generated/messages/bbf098ef-07bb-4b20-8a6d-7a0dc80cb452.json
 create mode 100644 docs/artifacts/755f5bef-45be-4a87-a2ff-a4f40750846e/.system_generated/messages/bc4bb3f0-87de-4c19-b92a-f707cc9281dd.json
 create mode 100644 docs/artifacts/755f5bef-45be-4a87-a2ff-a4f40750846e/.system_generated/messages/c0a4784f-5d07-4d0c-b42a-2f594061a89d.json
 create mode 100644 docs/artifacts/755f5bef-45be-4a87-a2ff-a4f40750846e/.system_generated/messages/c14cd0ca-8d3b-4a06-9fe0-c479ddb5f6f4.json
 create mode 100644 docs/artifacts/755f5bef-45be-4a87-a2ff-a4f40750846e/.system_generated/messages/c312534b-802e-48b2-b952-3cfb9efe0437.json
 create mode 100644 docs/artifacts/755f5bef-45be-4a87-a2ff-a4f40750846e/.system_generated/messages/c4cebf22-3c23-489d-9ccc-46b1015406fe.json
 create mode 100644 docs/artifacts/755f5bef-45be-4a87-a2ff-a4f40750846e/.system_generated/messages/c695b71e-4f84-4d10-839d-29c656596cec.json
 create mode 100644 docs/artifacts/755f5bef-45be-4a87-a2ff-a4f40750846e/.system_generated/messages/c75531f0-329d-4abc-afd9-952f091faa2b.json
 create mode 100644 docs/artifacts/755f5bef-45be-4a87-a2ff-a4f40750846e/.system_generated/messages/c7e9f035-a3ce-40fb-a94c-154fe5b5f3c5.json
 create mode 100644 docs/artifacts/755f5bef-45be-4a87-a2ff-a4f40750846e/.system_generated/messages/c8e79bfa-d587-4a85-ac35-3d62ae1665d9.json
 create mode 100644 docs/artifacts/755f5bef-45be-4a87-a2ff-a4f40750846e/.system_generated/messages/c98921a6-e449-49db-bdcc-1eba5f8b09f5.json
 create mode 100644 docs/artifacts/755f5bef-45be-4a87-a2ff-a4f40750846e/.system_generated/messages/ca75bd37-9c04-4fbb-a220-e8b1985eb147.json
 create mode 100644 docs/artifacts/755f5bef-45be-4a87-a2ff-a4f40750846e/.system_generated/messages/ccfa508c-6868-444c-8902-c9e18df0c72e.json
 create mode 100644 docs/artifacts/755f5bef-45be-4a87-a2ff-a4f40750846e/.system_generated/messages/ce1e3a41-b0df-44cc-af4a-800b8a38fb7c.json
 create mode 100644 docs/artifacts/755f5bef-45be-4a87-a2ff-a4f40750846e/.system_generated/messages/cf2c3d45-7343-4bcc-be86-0d5a668c308c.json
 create mode 100644 docs/artifacts/755f5bef-45be-4a87-a2ff-a4f40750846e/.system_generated/messages/cursor.json
 create mode 100644 docs/artifacts/755f5bef-45be-4a87-a2ff-a4f40750846e/.system_generated/messages/d14c8722-5f6b-4c34-a271-d8e697cd1620.json
 create mode 100644 docs/artifacts/755f5bef-45be-4a87-a2ff-a4f40750846e/.system_generated/messages/d2c7ecaf-925d-4757-9a1b-1c474e9803e5.json
 create mode 100644 docs/artifacts/755f5bef-45be-4a87-a2ff-a4f40750846e/.system_generated/messages/d3bcbda4-bbc6-4dd1-8b28-86621fb9a53c.json
 create mode 100644 docs/artifacts/755f5bef-45be-4a87-a2ff-a4f40750846e/.system_generated/messages/d3c1d618-330f-498c-a453-97f0cb001bc9.json
 create mode 100644 docs/artifacts/755f5bef-45be-4a87-a2ff-a4f40750846e/.system_generated/messages/d4f0b8ce-6e6c-4681-a6eb-fed5aa292f43.json
 create mode 100644 docs/artifacts/755f5bef-45be-4a87-a2ff-a4f40750846e/.system_generated/messages/d5c445d9-48bf-4270-aa72-b00aec0baa11.json
 create mode 100644 docs/artifacts/755f5bef-45be-4a87-a2ff-a4f40750846e/.system_generated/messages/d66c9000-41f7-457a-814c-53f5a579b24c.json
 create mode 100644 docs/artifacts/755f5bef-45be-4a87-a2ff-a4f40750846e/.system_generated/messages/d7ba5f59-60c8-4b67-af3d-9baec0f0c021.json
 create mode 100644 docs/artifacts/755f5bef-45be-4a87-a2ff-a4f40750846e/.system_generated/messages/d81b2736-6551-4eac-808c-277f5f3ddbc6.json
 create mode 100644 docs/artifacts/755f5bef-45be-4a87-a2ff-a4f40750846e/.system_generated/messages/da7a4356-cc17-412a-967d-2590e07ee7cf.json
 create mode 100644 docs/artifacts/755f5bef-45be-4a87-a2ff-a4f40750846e/.system_generated/messages/dab1950a-887a-4484-90a2-dc55b40e175d.json
 create mode 100644 docs/artifacts/755f5bef-45be-4a87-a2ff-a4f40750846e/.system_generated/messages/dde97568-424a-4a80-9e3e-66496667f171.json
 create mode 100644 docs/artifacts/755f5bef-45be-4a87-a2ff-a4f40750846e/.system_generated/messages/dee88af2-f758-4c8b-87ca-1d32dc2f8560.json
 create mode 100644 docs/artifacts/755f5bef-45be-4a87-a2ff-a4f40750846e/.system_generated/messages/df5dc6a3-9503-42ed-9e54-22386cd7a43c.json
 create mode 100644 docs/artifacts/755f5bef-45be-4a87-a2ff-a4f40750846e/.system_generated/messages/e02a2c74-8f25-4319-85bd-7c4ecd1d5a13.json
 create mode 100644 docs/artifacts/755f5bef-45be-4a87-a2ff-a4f40750846e/.system_generated/messages/e0e7b819-e17c-447d-bbde-81b11438d45b.json
 create mode 100644 docs/artifacts/755f5bef-45be-4a87-a2ff-a4f40750846e/.system_generated/messages/e129a528-a2e3-4e0c-81ff-c97108621cb2.json
 create mode 100644 docs/artifacts/755f5bef-45be-4a87-a2ff-a4f40750846e/.system_generated/messages/e32533fc-08df-4ed1-9f7b-5d8ab4435a93.json
 create mode 100644 docs/artifacts/755f5bef-45be-4a87-a2ff-a4f40750846e/.system_generated/messages/e4e739fe-9030-4f56-9c4f-950c17a1d52b.json
 create mode 100644 docs/artifacts/755f5bef-45be-4a87-a2ff-a4f40750846e/.system_generated/messages/e4f0b4f0-ba68-46d5-bea2-25ead8906982.json
 create mode 100644 docs/artifacts/755f5bef-45be-4a87-a2ff-a4f40750846e/.system_generated/messages/e54d1ae6-038a-4f80-a504-9c40fb107341.json
 create mode 100644 docs/artifacts/755f5bef-45be-4a87-a2ff-a4f40750846e/.system_generated/messages/e65f401e-4115-4d94-a1e2-39655f90146a.json
 create mode 100644 docs/artifacts/755f5bef-45be-4a87-a2ff-a4f40750846e/.system_generated/messages/e69d95bc-fae6-4dfa-ac92-b7f10a312866.json
 create mode 100644 docs/artifacts/755f5bef-45be-4a87-a2ff-a4f40750846e/.system_generated/messages/e75bc75e-5d13-4146-b30f-3c6d6f575e2a.json
 create mode 100644 docs/artifacts/755f5bef-45be-4a87-a2ff-a4f40750846e/.system_generated/messages/e863f846-2b10-45f8-be34-a5bbbe5f16d7.json
 create mode 100644 docs/artifacts/755f5bef-45be-4a87-a2ff-a4f40750846e/.system_generated/messages/eaac7004-d91a-4244-a8e9-930884d5f000.json
 create mode 100644 docs/artifacts/755f5bef-45be-4a87-a2ff-a4f40750846e/.system_generated/messages/eb48f91c-73fa-4478-ab57-691c1311512f.json
 create mode 100644 docs/artifacts/755f5bef-45be-4a87-a2ff-a4f40750846e/.system_generated/messages/eceddc54-fa17-44e2-90ff-271912c33f5a.json
 create mode 100644 docs/artifacts/755f5bef-45be-4a87-a2ff-a4f40750846e/.system_generated/messages/ed48e024-7de3-4a17-a0ba-51870f54224b.json
 create mode 100644 docs/artifacts/755f5bef-45be-4a87-a2ff-a4f40750846e/.system_generated/messages/ede44042-442b-4f80-ab2c-63dd7d7b200d.json
 create mode 100644 docs/artifacts/755f5bef-45be-4a87-a2ff-a4f40750846e/.system_generated/messages/eea834ef-05a1-46ce-9c25-d9f749cb6c49.json
 create mode 100644 docs/artifacts/755f5bef-45be-4a87-a2ff-a4f40750846e/.system_generated/messages/eee63e31-6437-488b-8f5a-f37fffa14290.json
 create mode 100644 docs/artifacts/755f5bef-45be-4a87-a2ff-a4f40750846e/.system_generated/messages/efd9fbd7-3560-4405-9b44-c76ec2c206d4.json
 create mode 100644 docs/artifacts/755f5bef-45be-4a87-a2ff-a4f40750846e/.system_generated/messages/efeadc6f-73af-4dad-a911-4e016d5c3a9c.json
 create mode 100644 docs/artifacts/755f5bef-45be-4a87-a2ff-a4f40750846e/.system_generated/messages/f12b5c64-627e-4921-9e10-6f3079d8ca0e.json
 create mode 100644 docs/artifacts/755f5bef-45be-4a87-a2ff-a4f40750846e/.system_generated/messages/f14e8357-2c4d-4abc-94e3-47d63488924b.json
 create mode 100644 docs/artifacts/755f5bef-45be-4a87-a2ff-a4f40750846e/.system_generated/messages/f17b4d27-3255-4f8d-84a3-cb538ddef959.json
 create mode 100644 docs/artifacts/755f5bef-45be-4a87-a2ff-a4f40750846e/.system_generated/messages/f4db8ba7-0eb9-4811-b8bb-edae091d7f23.json
 create mode 100644 docs/artifacts/755f5bef-45be-4a87-a2ff-a4f40750846e/.system_generated/messages/f560701f-eb1e-4471-8ffa-1dfbbe41d3da.json
 create mode 100644 docs/artifacts/755f5bef-45be-4a87-a2ff-a4f40750846e/.system_generated/messages/f5b09a55-6ed9-4c16-ae41-6bb5f493f357.json
 create mode 100644 docs/artifacts/755f5bef-45be-4a87-a2ff-a4f40750846e/.system_generated/messages/f6ac66d5-173c-4191-99c3-4179506f21a6.json
 create mode 100644 docs/artifacts/755f5bef-45be-4a87-a2ff-a4f40750846e/.system_generated/messages/f74710ee-cf79-41b7-928b-bef6e60dc0e9.json
 create mode 100644 docs/artifacts/755f5bef-45be-4a87-a2ff-a4f40750846e/.system_generated/messages/f824db58-0dc4-412a-bdcb-b9bc0d27e9d4.json
 create mode 100644 docs/artifacts/755f5bef-45be-4a87-a2ff-a4f40750846e/.system_generated/messages/f9de263c-144b-4911-a59d-2fa918880047.json
 create mode 100644 docs/artifacts/755f5bef-45be-4a87-a2ff-a4f40750846e/.system_generated/messages/fb93b82a-adbd-4611-8b8c-3b1d18b49fc7.json
 create mode 100644 docs/artifacts/755f5bef-45be-4a87-a2ff-a4f40750846e/.system_generated/messages/fc887d5c-2f12-48f3-8da1-89bd117351a0.json
 create mode 100644 docs/artifacts/755f5bef-45be-4a87-a2ff-a4f40750846e/.system_generated/messages/fd229151-17de-4aff-b3b6-f0b54ac98e3e.json
 create mode 100644 docs/artifacts/755f5bef-45be-4a87-a2ff-a4f40750846e/.system_generated/messages/fe5cf595-e742-4481-b354-62a03810db1f.json
 create mode 100644 docs/artifacts/755f5bef-45be-4a87-a2ff-a4f40750846e/.system_generated/messages/ffdff2b6-d1fe-4b45-ab01-269043f82fe3.json
 create mode 100644 docs/artifacts/755f5bef-45be-4a87-a2ff-a4f40750846e/.system_generated/messages/read.json
 create mode 100644 docs/artifacts/755f5bef-45be-4a87-a2ff-a4f40750846e/.system_generated/tasks/task-1033.log
 create mode 100644 docs/artifacts/755f5bef-45be-4a87-a2ff-a4f40750846e/.system_generated/tasks/task-1086.log
 create mode 100644 docs/artifacts/755f5bef-45be-4a87-a2ff-a4f40750846e/.system_generated/tasks/task-1159.log
 create mode 100644 docs/artifacts/755f5bef-45be-4a87-a2ff-a4f40750846e/.system_generated/tasks/task-1211.log
 create mode 100644 docs/artifacts/755f5bef-45be-4a87-a2ff-a4f40750846e/.system_generated/tasks/task-1235.log
 create mode 100644 docs/artifacts/755f5bef-45be-4a87-a2ff-a4f40750846e/.system_generated/tasks/task-132.log
 create mode 100644 docs/artifacts/755f5bef-45be-4a87-a2ff-a4f40750846e/.system_generated/tasks/task-1425.log
 create mode 100644 docs/artifacts/755f5bef-45be-4a87-a2ff-a4f40750846e/.system_generated/tasks/task-1545.log
 create mode 100644 docs/artifacts/755f5bef-45be-4a87-a2ff-a4f40750846e/.system_generated/tasks/task-1551.log
 create mode 100644 docs/artifacts/755f5bef-45be-4a87-a2ff-a4f40750846e/.system_generated/tasks/task-1640.log
 create mode 100644 docs/artifacts/755f5bef-45be-4a87-a2ff-a4f40750846e/.system_generated/tasks/task-1717.log
 create mode 100644 docs/artifacts/755f5bef-45be-4a87-a2ff-a4f40750846e/.system_generated/tasks/task-1818.log
 create mode 100644 docs/artifacts/755f5bef-45be-4a87-a2ff-a4f40750846e/.system_generated/tasks/task-1839.log
 create mode 100644 docs/artifacts/755f5bef-45be-4a87-a2ff-a4f40750846e/.system_generated/tasks/task-1845.log
 create mode 100644 docs/artifacts/755f5bef-45be-4a87-a2ff-a4f40750846e/.system_generated/tasks/task-1854.log
 create mode 100644 docs/artifacts/755f5bef-45be-4a87-a2ff-a4f40750846e/.system_generated/tasks/task-1876.log
 create mode 100644 docs/artifacts/755f5bef-45be-4a87-a2ff-a4f40750846e/.system_generated/tasks/task-1884.log
 create mode 100644 docs/artifacts/755f5bef-45be-4a87-a2ff-a4f40750846e/.system_generated/tasks/task-1890.log
 create mode 100644 docs/artifacts/755f5bef-45be-4a87-a2ff-a4f40750846e/.system_generated/tasks/task-1896.log
 create mode 100644 docs/artifacts/755f5bef-45be-4a87-a2ff-a4f40750846e/.system_generated/tasks/task-1900.log
 create mode 100644 docs/artifacts/755f5bef-45be-4a87-a2ff-a4f40750846e/.system_generated/tasks/task-193.log
 create mode 100644 docs/artifacts/755f5bef-45be-4a87-a2ff-a4f40750846e/.system_generated/tasks/task-1940.log
 create mode 100644 docs/artifacts/755f5bef-45be-4a87-a2ff-a4f40750846e/.system_generated/tasks/task-1946.log
 create mode 100644 docs/artifacts/755f5bef-45be-4a87-a2ff-a4f40750846e/.system_generated/tasks/task-1956.log
 create mode 100644 docs/artifacts/755f5bef-45be-4a87-a2ff-a4f40750846e/.system_generated/tasks/task-201.log
 create mode 100644 docs/artifacts/755f5bef-45be-4a87-a2ff-a4f40750846e/.system_generated/tasks/task-2060.log
 create mode 100644 docs/artifacts/755f5bef-45be-4a87-a2ff-a4f40750846e/.system_generated/tasks/task-2069.log
 create mode 100644 docs/artifacts/755f5bef-45be-4a87-a2ff-a4f40750846e/.system_generated/tasks/task-2087.log
 create mode 100644 docs/artifacts/755f5bef-45be-4a87-a2ff-a4f40750846e/.system_generated/tasks/task-2090.log
 create mode 100644 docs/artifacts/755f5bef-45be-4a87-a2ff-a4f40750846e/.system_generated/tasks/task-212.log
 create mode 100644 docs/artifacts/755f5bef-45be-4a87-a2ff-a4f40750846e/.system_generated/tasks/task-2139.log
 create mode 100644 docs/artifacts/755f5bef-45be-4a87-a2ff-a4f40750846e/.system_generated/tasks/task-216.log
 create mode 100644 docs/artifacts/755f5bef-45be-4a87-a2ff-a4f40750846e/.system_generated/tasks/task-2181.log
 create mode 100644 docs/artifacts/755f5bef-45be-4a87-a2ff-a4f40750846e/.system_generated/tasks/task-2242.log
 create mode 100644 docs/artifacts/755f5bef-45be-4a87-a2ff-a4f40750846e/.system_generated/tasks/task-2269.log
 create mode 100644 docs/artifacts/755f5bef-45be-4a87-a2ff-a4f40750846e/.system_generated/tasks/task-2309.log
 create mode 100644 docs/artifacts/755f5bef-45be-4a87-a2ff-a4f40750846e/.system_generated/tasks/task-236.log
 create mode 100644 docs/artifacts/755f5bef-45be-4a87-a2ff-a4f40750846e/.system_generated/tasks/task-2459.log
 create mode 100644 docs/artifacts/755f5bef-45be-4a87-a2ff-a4f40750846e/.system_generated/tasks/task-2489.log
 create mode 100644 docs/artifacts/755f5bef-45be-4a87-a2ff-a4f40750846e/.system_generated/tasks/task-250.log
 create mode 100644 docs/artifacts/755f5bef-45be-4a87-a2ff-a4f40750846e/.system_generated/tasks/task-2516.log
 create mode 100644 docs/artifacts/755f5bef-45be-4a87-a2ff-a4f40750846e/.system_generated/tasks/task-2548.log
 create mode 100644 docs/artifacts/755f5bef-45be-4a87-a2ff-a4f40750846e/.system_generated/tasks/task-255.log
 create mode 100644 docs/artifacts/755f5bef-45be-4a87-a2ff-a4f40750846e/.system_generated/tasks/task-2550.log
 create mode 100644 docs/artifacts/755f5bef-45be-4a87-a2ff-a4f40750846e/.system_generated/tasks/task-2554.log
 create mode 100644 docs/artifacts/755f5bef-45be-4a87-a2ff-a4f40750846e/.system_generated/tasks/task-2572.log
 create mode 100644 docs/artifacts/755f5bef-45be-4a87-a2ff-a4f40750846e/.system_generated/tasks/task-2573.log
 create mode 100644 docs/artifacts/755f5bef-45be-4a87-a2ff-a4f40750846e/.system_generated/tasks/task-2579.log
 create mode 100644 docs/artifacts/755f5bef-45be-4a87-a2ff-a4f40750846e/.system_generated/tasks/task-259.log
 create mode 100644 docs/artifacts/755f5bef-45be-4a87-a2ff-a4f40750846e/.system_generated/tasks/task-2592.log
 create mode 100644 docs/artifacts/755f5bef-45be-4a87-a2ff-a4f40750846e/.system_generated/tasks/task-2593.log
 create mode 100644 docs/artifacts/755f5bef-45be-4a87-a2ff-a4f40750846e/.system_generated/tasks/task-2645.log
 create mode 100644 docs/artifacts/755f5bef-45be-4a87-a2ff-a4f40750846e/.system_generated/tasks/task-2653.log
 create mode 100644 docs/artifacts/755f5bef-45be-4a87-a2ff-a4f40750846e/.system_generated/tasks/task-2658.log
 create mode 100644 docs/artifacts/755f5bef-45be-4a87-a2ff-a4f40750846e/.system_generated/tasks/task-2665.log
 create mode 100644 docs/artifacts/755f5bef-45be-4a87-a2ff-a4f40750846e/.system_generated/tasks/task-2692.log
 create mode 100644 docs/artifacts/755f5bef-45be-4a87-a2ff-a4f40750846e/.system_generated/tasks/task-2696.log
 create mode 100644 docs/artifacts/755f5bef-45be-4a87-a2ff-a4f40750846e/.system_generated/tasks/task-2710.log
 create mode 100644 docs/artifacts/755f5bef-45be-4a87-a2ff-a4f40750846e/.system_generated/tasks/task-2711.log
 create mode 100644 docs/artifacts/755f5bef-45be-4a87-a2ff-a4f40750846e/.system_generated/tasks/task-2715.log
 create mode 100644 docs/artifacts/755f5bef-45be-4a87-a2ff-a4f40750846e/.system_generated/tasks/task-2743.log
 create mode 100644 docs/artifacts/755f5bef-45be-4a87-a2ff-a4f40750846e/.system_generated/tasks/task-2754.log
 create mode 100644 docs/artifacts/755f5bef-45be-4a87-a2ff-a4f40750846e/.system_generated/tasks/task-2755.log
 create mode 100644 docs/artifacts/755f5bef-45be-4a87-a2ff-a4f40750846e/.system_generated/tasks/task-2768.log
 create mode 100644 docs/artifacts/755f5bef-45be-4a87-a2ff-a4f40750846e/.system_generated/tasks/task-2774.log
 create mode 100644 docs/artifacts/755f5bef-45be-4a87-a2ff-a4f40750846e/.system_generated/tasks/task-2819.log
 create mode 100644 docs/artifacts/755f5bef-45be-4a87-a2ff-a4f40750846e/.system_generated/tasks/task-2824.log
 create mode 100644 docs/artifacts/755f5bef-45be-4a87-a2ff-a4f40750846e/.system_generated/tasks/task-2829.log
 create mode 100644 docs/artifacts/755f5bef-45be-4a87-a2ff-a4f40750846e/.system_generated/tasks/task-2839.log
 create mode 100644 docs/artifacts/755f5bef-45be-4a87-a2ff-a4f40750846e/.system_generated/tasks/task-2843.log
 create mode 100644 docs/artifacts/755f5bef-45be-4a87-a2ff-a4f40750846e/.system_generated/tasks/task-2853.log
 create mode 100644 docs/artifacts/755f5bef-45be-4a87-a2ff-a4f40750846e/.system_generated/tasks/task-2854.log
 create mode 100644 docs/artifacts/755f5bef-45be-4a87-a2ff-a4f40750846e/.system_generated/tasks/task-2870.log
 create mode 100644 docs/artifacts/755f5bef-45be-4a87-a2ff-a4f40750846e/.system_generated/tasks/task-2877.log
 create mode 100644 docs/artifacts/755f5bef-45be-4a87-a2ff-a4f40750846e/.system_generated/tasks/task-2888.log
 create mode 100644 docs/artifacts/755f5bef-45be-4a87-a2ff-a4f40750846e/.system_generated/tasks/task-2896.log
 create mode 100644 docs/artifacts/755f5bef-45be-4a87-a2ff-a4f40750846e/.system_generated/tasks/task-2921.log
 create mode 100644 docs/artifacts/755f5bef-45be-4a87-a2ff-a4f40750846e/.system_generated/tasks/task-2933.log
 create mode 100644 docs/artifacts/755f5bef-45be-4a87-a2ff-a4f40750846e/.system_generated/tasks/task-2946.log
 create mode 100644 docs/artifacts/755f5bef-45be-4a87-a2ff-a4f40750846e/.system_generated/tasks/task-2950.log
 create mode 100644 docs/artifacts/755f5bef-45be-4a87-a2ff-a4f40750846e/.system_generated/tasks/task-2954.log
 create mode 100644 docs/artifacts/755f5bef-45be-4a87-a2ff-a4f40750846e/.system_generated/tasks/task-2958.log
 create mode 100644 docs/artifacts/755f5bef-45be-4a87-a2ff-a4f40750846e/.system_generated/tasks/task-2959.log
 create mode 100644 docs/artifacts/755f5bef-45be-4a87-a2ff-a4f40750846e/.system_generated/tasks/task-2968.log
 create mode 100644 docs/artifacts/755f5bef-45be-4a87-a2ff-a4f40750846e/.system_generated/tasks/task-2986.log
 create mode 100644 docs/artifacts/755f5bef-45be-4a87-a2ff-a4f40750846e/.system_generated/tasks/task-3006.log
 create mode 100644 docs/artifacts/755f5bef-45be-4a87-a2ff-a4f40750846e/.system_generated/tasks/task-3016.log
 create mode 100644 docs/artifacts/755f5bef-45be-4a87-a2ff-a4f40750846e/.system_generated/tasks/task-3020.log
 create mode 100644 docs/artifacts/755f5bef-45be-4a87-a2ff-a4f40750846e/.system_generated/tasks/task-3024.log
 create mode 100644 docs/artifacts/755f5bef-45be-4a87-a2ff-a4f40750846e/.system_generated/tasks/task-3028.log
 create mode 100644 docs/artifacts/755f5bef-45be-4a87-a2ff-a4f40750846e/.system_generated/tasks/task-3032.log
 create mode 100644 docs/artifacts/755f5bef-45be-4a87-a2ff-a4f40750846e/.system_generated/tasks/task-3065.log
 create mode 100644 docs/artifacts/755f5bef-45be-4a87-a2ff-a4f40750846e/.system_generated/tasks/task-3078.log
 create mode 100644 docs/artifacts/755f5bef-45be-4a87-a2ff-a4f40750846e/.system_generated/tasks/task-3085.log
 create mode 100644 docs/artifacts/755f5bef-45be-4a87-a2ff-a4f40750846e/.system_generated/tasks/task-3089.log
 create mode 100644 docs/artifacts/755f5bef-45be-4a87-a2ff-a4f40750846e/.system_generated/tasks/task-3093.log
 create mode 100644 docs/artifacts/755f5bef-45be-4a87-a2ff-a4f40750846e/.system_generated/tasks/task-3097.log
 create mode 100644 docs/artifacts/755f5bef-45be-4a87-a2ff-a4f40750846e/.system_generated/tasks/task-3101.log
 create mode 100644 docs/artifacts/755f5bef-45be-4a87-a2ff-a4f40750846e/.system_generated/tasks/task-3140.log
 create mode 100644 docs/artifacts/755f5bef-45be-4a87-a2ff-a4f40750846e/.system_generated/tasks/task-3144.log
 create mode 100644 docs/artifacts/755f5bef-45be-4a87-a2ff-a4f40750846e/.system_generated/tasks/task-3148.log
 create mode 100644 docs/artifacts/755f5bef-45be-4a87-a2ff-a4f40750846e/.system_generated/tasks/task-3157.log
 create mode 100644 docs/artifacts/755f5bef-45be-4a87-a2ff-a4f40750846e/.system_generated/tasks/task-3164.log
 create mode 100644 docs/artifacts/755f5bef-45be-4a87-a2ff-a4f40750846e/.system_generated/tasks/task-3170.log
 create mode 100644 docs/artifacts/755f5bef-45be-4a87-a2ff-a4f40750846e/.system_generated/tasks/task-3192.log
 create mode 100644 docs/artifacts/755f5bef-45be-4a87-a2ff-a4f40750846e/.system_generated/tasks/task-3198.log
 create mode 100644 docs/artifacts/755f5bef-45be-4a87-a2ff-a4f40750846e/.system_generated/tasks/task-3203.log
 create mode 100644 docs/artifacts/755f5bef-45be-4a87-a2ff-a4f40750846e/.system_generated/tasks/task-321.log
 create mode 100644 docs/artifacts/755f5bef-45be-4a87-a2ff-a4f40750846e/.system_generated/tasks/task-3214.log
 create mode 100644 docs/artifacts/755f5bef-45be-4a87-a2ff-a4f40750846e/.system_generated/tasks/task-3218.log
 create mode 100644 docs/artifacts/755f5bef-45be-4a87-a2ff-a4f40750846e/.system_generated/tasks/task-323.log
 create mode 100644 docs/artifacts/755f5bef-45be-4a87-a2ff-a4f40750846e/.system_generated/tasks/task-3238.log
 create mode 100644 docs/artifacts/755f5bef-45be-4a87-a2ff-a4f40750846e/.system_generated/tasks/task-3257.log
 create mode 100644 docs/artifacts/755f5bef-45be-4a87-a2ff-a4f40750846e/.system_generated/tasks/task-3280.log
 create mode 100644 docs/artifacts/755f5bef-45be-4a87-a2ff-a4f40750846e/.system_generated/tasks/task-3284.log
 create mode 100644 docs/artifacts/755f5bef-45be-4a87-a2ff-a4f40750846e/.system_generated/tasks/task-329.log
 create mode 100644 docs/artifacts/755f5bef-45be-4a87-a2ff-a4f40750846e/.system_generated/tasks/task-3294.log
 create mode 100644 docs/artifacts/755f5bef-45be-4a87-a2ff-a4f40750846e/.system_generated/tasks/task-3307.log
 create mode 100644 docs/artifacts/755f5bef-45be-4a87-a2ff-a4f40750846e/.system_generated/tasks/task-3311.log
 create mode 100644 docs/artifacts/755f5bef-45be-4a87-a2ff-a4f40750846e/.system_generated/tasks/task-3315.log
 create mode 100644 docs/artifacts/755f5bef-45be-4a87-a2ff-a4f40750846e/.system_generated/tasks/task-334.log
 create mode 100644 docs/artifacts/755f5bef-45be-4a87-a2ff-a4f40750846e/.system_generated/tasks/task-3340.log
 create mode 100644 docs/artifacts/755f5bef-45be-4a87-a2ff-a4f40750846e/.system_generated/tasks/task-3348.log
 create mode 100644 docs/artifacts/755f5bef-45be-4a87-a2ff-a4f40750846e/.system_generated/tasks/task-3358.log
 create mode 100644 docs/artifacts/755f5bef-45be-4a87-a2ff-a4f40750846e/.system_generated/tasks/task-336.log
 create mode 100644 docs/artifacts/755f5bef-45be-4a87-a2ff-a4f40750846e/.system_generated/tasks/task-3362.log
 create mode 100644 docs/artifacts/755f5bef-45be-4a87-a2ff-a4f40750846e/.system_generated/tasks/task-3366.log
 create mode 100644 docs/artifacts/755f5bef-45be-4a87-a2ff-a4f40750846e/.system_generated/tasks/task-3403.log
 create mode 100644 docs/artifacts/755f5bef-45be-4a87-a2ff-a4f40750846e/.system_generated/tasks/task-3410.log
 create mode 100644 docs/artifacts/755f5bef-45be-4a87-a2ff-a4f40750846e/.system_generated/tasks/task-3432.log
 create mode 100644 docs/artifacts/755f5bef-45be-4a87-a2ff-a4f40750846e/.system_generated/tasks/task-3438.log
 create mode 100644 docs/artifacts/755f5bef-45be-4a87-a2ff-a4f40750846e/.system_generated/tasks/task-3449.log
 create mode 100644 docs/artifacts/755f5bef-45be-4a87-a2ff-a4f40750846e/.system_generated/tasks/task-3455.log
 create mode 100644 docs/artifacts/755f5bef-45be-4a87-a2ff-a4f40750846e/.system_generated/tasks/task-3466.log
 create mode 100644 docs/artifacts/755f5bef-45be-4a87-a2ff-a4f40750846e/.system_generated/tasks/task-3487.log
 create mode 100644 docs/artifacts/755f5bef-45be-4a87-a2ff-a4f40750846e/.system_generated/tasks/task-3494.log
 create mode 100644 docs/artifacts/755f5bef-45be-4a87-a2ff-a4f40750846e/.system_generated/tasks/task-35.log
 create mode 100644 docs/artifacts/755f5bef-45be-4a87-a2ff-a4f40750846e/.system_generated/tasks/task-352.log
 create mode 100644 docs/artifacts/755f5bef-45be-4a87-a2ff-a4f40750846e/.system_generated/tasks/task-3610.log
 create mode 100644 docs/artifacts/755f5bef-45be-4a87-a2ff-a4f40750846e/.system_generated/tasks/task-3716.log
 create mode 100644 docs/artifacts/755f5bef-45be-4a87-a2ff-a4f40750846e/.system_generated/tasks/task-3720.log
 create mode 100644 docs/artifacts/755f5bef-45be-4a87-a2ff-a4f40750846e/.system_generated/tasks/task-3721.log
 create mode 100644 docs/artifacts/755f5bef-45be-4a87-a2ff-a4f40750846e/.system_generated/tasks/task-3745.log
 create mode 100644 docs/artifacts/755f5bef-45be-4a87-a2ff-a4f40750846e/.system_generated/tasks/task-396.log
 create mode 100644 docs/artifacts/755f5bef-45be-4a87-a2ff-a4f40750846e/.system_generated/tasks/task-400.log
 create mode 100644 docs/artifacts/755f5bef-45be-4a87-a2ff-a4f40750846e/.system_generated/tasks/task-477.log
 create mode 100644 docs/artifacts/755f5bef-45be-4a87-a2ff-a4f40750846e/.system_generated/tasks/task-481.log
 create mode 100644 docs/artifacts/755f5bef-45be-4a87-a2ff-a4f40750846e/.system_generated/tasks/task-498.log
 create mode 100644 docs/artifacts/755f5bef-45be-4a87-a2ff-a4f40750846e/.system_generated/tasks/task-502.log
 create mode 100644 docs/artifacts/755f5bef-45be-4a87-a2ff-a4f40750846e/.system_generated/tasks/task-511.log
 create mode 100644 docs/artifacts/755f5bef-45be-4a87-a2ff-a4f40750846e/.system_generated/tasks/task-521.log
 create mode 100644 docs/artifacts/755f5bef-45be-4a87-a2ff-a4f40750846e/.system_generated/tasks/task-525.log
 create mode 100644 docs/artifacts/755f5bef-45be-4a87-a2ff-a4f40750846e/.system_generated/tasks/task-546.log
 create mode 100644 docs/artifacts/755f5bef-45be-4a87-a2ff-a4f40750846e/.system_generated/tasks/task-548.log
 create mode 100644 docs/artifacts/755f5bef-45be-4a87-a2ff-a4f40750846e/.system_generated/tasks/task-553.log
 create mode 100644 docs/artifacts/755f5bef-45be-4a87-a2ff-a4f40750846e/.system_generated/tasks/task-667.log
 create mode 100644 docs/artifacts/755f5bef-45be-4a87-a2ff-a4f40750846e/.system_generated/tasks/task-688.log
 create mode 100644 docs/artifacts/755f5bef-45be-4a87-a2ff-a4f40750846e/.system_generated/tasks/task-720.log
 create mode 100644 docs/artifacts/755f5bef-45be-4a87-a2ff-a4f40750846e/.system_generated/tasks/task-744.log
 create mode 100644 docs/artifacts/755f5bef-45be-4a87-a2ff-a4f40750846e/.system_generated/tasks/task-791.log
 create mode 100644 docs/artifacts/755f5bef-45be-4a87-a2ff-a4f40750846e/.system_generated/tasks/task-813.log
 create mode 100644 docs/artifacts/755f5bef-45be-4a87-a2ff-a4f40750846e/.system_generated/tasks/task-820.log
 create mode 100644 docs/artifacts/755f5bef-45be-4a87-a2ff-a4f40750846e/.system_generated/tasks/task-862.log
 create mode 100644 docs/artifacts/755f5bef-45be-4a87-a2ff-a4f40750846e/.system_generated/tasks/task-889.log
 create mode 100644 docs/artifacts/755f5bef-45be-4a87-a2ff-a4f40750846e/.system_generated/tasks/task-91.log
 create mode 100644 docs/artifacts/755f5bef-45be-4a87-a2ff-a4f40750846e/.system_generated/tasks/task-910.log
 create mode 100644 docs/artifacts/755f5bef-45be-4a87-a2ff-a4f40750846e/.system_generated/tasks/task-938.log
 create mode 100644 docs/artifacts/755f5bef-45be-4a87-a2ff-a4f40750846e/.system_generated/tasks/task-942.log
 create mode 100644 docs/artifacts/755f5bef-45be-4a87-a2ff-a4f40750846e/.system_generated/tasks/task-952.log
 create mode 100644 docs/artifacts/755f5bef-45be-4a87-a2ff-a4f40750846e/.system_generated/tasks/task-97.log
 create mode 100644 docs/artifacts/755f5bef-45be-4a87-a2ff-a4f40750846e/.tempmediaStorage/media_755f5bef-45be-4a87-a2ff-a4f40750846e_1782035172716.jpg
 create mode 100644 docs/artifacts/755f5bef-45be-4a87-a2ff-a4f40750846e/.tempmediaStorage/media_755f5bef-45be-4a87-a2ff-a4f40750846e_1782035254896.jpg
 create mode 100644 docs/artifacts/755f5bef-45be-4a87-a2ff-a4f40750846e/.tempmediaStorage/media_755f5bef-45be-4a87-a2ff-a4f40750846e_1782036721133.jpg
 create mode 100644 docs/artifacts/755f5bef-45be-4a87-a2ff-a4f40750846e/.tempmediaStorage/media_755f5bef-45be-4a87-a2ff-a4f40750846e_1782072737155.jpg
 create mode 100644 docs/artifacts/755f5bef-45be-4a87-a2ff-a4f40750846e/.tempmediaStorage/media_755f5bef-45be-4a87-a2ff-a4f40750846e_1782072847026.jpg
 create mode 100644 docs/artifacts/755f5bef-45be-4a87-a2ff-a4f40750846e/artifacts/architecture_thumbnail_loading.md
 create mode 100644 docs/artifacts/755f5bef-45be-4a87-a2ff-a4f40750846e/artifacts/architecture_thumbnail_loading.md.metadata.json
 create mode 100644 docs/artifacts/755f5bef-45be-4a87-a2ff-a4f40750846e/artifacts/implementation_plan_hw_accel.md
 create mode 100644 docs/artifacts/755f5bef-45be-4a87-a2ff-a4f40750846e/artifacts/implementation_plan_hw_accel.md.metadata.json
 create mode 100644 docs/artifacts/755f5bef-45be-4a87-a2ff-a4f40750846e/artifacts/implementation_plan_task_ratio.md
 create mode 100644 docs/artifacts/755f5bef-45be-4a87-a2ff-a4f40750846e/artifacts/implementation_plan_task_ratio.md.metadata.json
 create mode 100644 docs/artifacts/755f5bef-45be-4a87-a2ff-a4f40750846e/artifacts/ui_responsiveness_plan.md
 create mode 100644 docs/artifacts/755f5bef-45be-4a87-a2ff-a4f40750846e/artifacts/ui_responsiveness_plan.md.metadata.json
 create mode 100644 docs/artifacts/755f5bef-45be-4a87-a2ff-a4f40750846e/media__1782024137056.png
 create mode 100644 docs/artifacts/755f5bef-45be-4a87-a2ff-a4f40750846e/media__1782024525132.png
 create mode 100644 docs/artifacts/755f5bef-45be-4a87-a2ff-a4f40750846e/media__1782024809997.png
 create mode 100644 docs/artifacts/755f5bef-45be-4a87-a2ff-a4f40750846e/media__1782024943255.png
 create mode 100644 docs/artifacts/755f5bef-45be-4a87-a2ff-a4f40750846e/media__1782039421467.png
 create mode 100644 docs/artifacts/755f5bef-45be-4a87-a2ff-a4f40750846e/media__1782039561616.png
 create mode 100644 docs/artifacts/755f5bef-45be-4a87-a2ff-a4f40750846e/media__1782056377087.png
 create mode 100644 docs/artifacts/755f5bef-45be-4a87-a2ff-a4f40750846e/media__1782069779218.png
 create mode 100644 docs/artifacts/755f5bef-45be-4a87-a2ff-a4f40750846e/media__1782074685468.png
 create mode 100644 docs/artifacts/755f5bef-45be-4a87-a2ff-a4f40750846e/media__1782077107066.png
 create mode 100644 docs/artifacts/755f5bef-45be-4a87-a2ff-a4f40750846e/media__1782078358180.png
 create mode 100644 docs/artifacts/755f5bef-45be-4a87-a2ff-a4f40750846e/scrollbench_architectural_swot.md
 create mode 100644 docs/artifacts/755f5bef-45be-4a87-a2ff-a4f40750846e/scrollbench_architectural_swot.md.metadata.json
 create mode 100644 docs/artifacts/84bcdcfa-db43-4495-9499-8c61a3eafd31/implementation_plan.md
 create mode 100644 docs/artifacts/84bcdcfa-db43-4495-9499-8c61a3eafd31/implementation_plan.md.metadata.json
 create mode 100644 docs/artifacts/84bcdcfa-db43-4495-9499-8c61a3eafd31/implementation_plan.md.resolved
 create mode 100644 docs/artifacts/84bcdcfa-db43-4495-9499-8c61a3eafd31/implementation_plan.md.resolved.0
 create mode 100644 docs/artifacts/84bcdcfa-db43-4495-9499-8c61a3eafd31/implementation_plan.md.resolved.1
 create mode 100644 docs/artifacts/84bcdcfa-db43-4495-9499-8c61a3eafd31/implementation_plan.md.resolved.2
 create mode 100644 docs/artifacts/84bcdcfa-db43-4495-9499-8c61a3eafd31/implementation_plan.md.resolved.3
 create mode 100644 docs/artifacts/84bcdcfa-db43-4495-9499-8c61a3eafd31/implementation_plan.md.resolved.4
 create mode 100644 docs/artifacts/84bcdcfa-db43-4495-9499-8c61a3eafd31/implementation_plan.md.resolved.5
 create mode 100644 docs/artifacts/84bcdcfa-db43-4495-9499-8c61a3eafd31/implementation_plan.md.resolved.6
 create mode 100644 docs/artifacts/84bcdcfa-db43-4495-9499-8c61a3eafd31/implementation_plan.md.resolved.7
 create mode 100644 docs/artifacts/84bcdcfa-db43-4495-9499-8c61a3eafd31/implementation_plan.md.resolved.8
 create mode 100644 docs/artifacts/84bcdcfa-db43-4495-9499-8c61a3eafd31/implementation_plan.md.resolved.9
 create mode 100644 docs/artifacts/84bcdcfa-db43-4495-9499-8c61a3eafd31/task.md
 create mode 100644 docs/artifacts/84bcdcfa-db43-4495-9499-8c61a3eafd31/task.md.metadata.json
 create mode 100644 docs/artifacts/84bcdcfa-db43-4495-9499-8c61a3eafd31/task.md.resolved
 create mode 100644 docs/artifacts/84bcdcfa-db43-4495-9499-8c61a3eafd31/task.md.resolved.0
 create mode 100644 docs/artifacts/84bcdcfa-db43-4495-9499-8c61a3eafd31/task.md.resolved.1
 create mode 100644 docs/artifacts/84bcdcfa-db43-4495-9499-8c61a3eafd31/task.md.resolved.2
 create mode 100644 docs/artifacts/84bcdcfa-db43-4495-9499-8c61a3eafd31/task.md.resolved.3
 create mode 100644 docs/artifacts/84bcdcfa-db43-4495-9499-8c61a3eafd31/task.md.resolved.4
 create mode 100644 docs/artifacts/84bcdcfa-db43-4495-9499-8c61a3eafd31/task.md.resolved.5
 create mode 100644 docs/artifacts/84bcdcfa-db43-4495-9499-8c61a3eafd31/task.md.resolved.6
 create mode 100644 docs/artifacts/84bcdcfa-db43-4495-9499-8c61a3eafd31/task.md.resolved.7
 create mode 100644 docs/artifacts/84bcdcfa-db43-4495-9499-8c61a3eafd31/task.md.resolved.8
 create mode 100644 docs/artifacts/862e2547-fe09-47d2-a0b8-b84308d25655/implementation_plan.md
 create mode 100644 docs/artifacts/862e2547-fe09-47d2-a0b8-b84308d25655/implementation_plan.md.metadata.json
 create mode 100644 docs/artifacts/862e2547-fe09-47d2-a0b8-b84308d25655/implementation_plan.md.resolved
 create mode 100644 docs/artifacts/862e2547-fe09-47d2-a0b8-b84308d25655/implementation_plan.md.resolved.0
 create mode 100644 docs/artifacts/862e2547-fe09-47d2-a0b8-b84308d25655/implementation_plan.md.resolved.1
 create mode 100644 docs/artifacts/862e2547-fe09-47d2-a0b8-b84308d25655/task.md
 create mode 100644 docs/artifacts/862e2547-fe09-47d2-a0b8-b84308d25655/task.md.metadata.json
 create mode 100644 docs/artifacts/862e2547-fe09-47d2-a0b8-b84308d25655/task.md.resolved
 create mode 100644 docs/artifacts/862e2547-fe09-47d2-a0b8-b84308d25655/task.md.resolved.0
 create mode 100644 docs/artifacts/862e2547-fe09-47d2-a0b8-b84308d25655/task.md.resolved.1
 create mode 100644 docs/artifacts/862e2547-fe09-47d2-a0b8-b84308d25655/task.md.resolved.2
 create mode 100644 docs/artifacts/862e2547-fe09-47d2-a0b8-b84308d25655/task.md.resolved.3
 create mode 100644 docs/artifacts/862e2547-fe09-47d2-a0b8-b84308d25655/task.md.resolved.4
 create mode 100644 docs/artifacts/93c6be5b-ccd0-41ef-ba82-0ff8b8b05c9e/uploaded_image_1764702211170.png
 create mode 100644 docs/artifacts/93c6be5b-ccd0-41ef-ba82-0ff8b8b05c9e/uploaded_image_1764729686740.png
 create mode 100644 docs/artifacts/93c6be5b-ccd0-41ef-ba82-0ff8b8b05c9e/uploaded_image_1764731932782.png
 create mode 100644 docs/artifacts/93c6be5b-ccd0-41ef-ba82-0ff8b8b05c9e/uploaded_image_1764732321380.png
 create mode 100644 docs/artifacts/93c6be5b-ccd0-41ef-ba82-0ff8b8b05c9e/uploaded_image_1764733111273.png
 create mode 100644 docs/artifacts/93c6be5b-ccd0-41ef-ba82-0ff8b8b05c9e/uploaded_image_1764797259052.png
 create mode 100644 docs/artifacts/98d45fa1-e779-4606-aae7-2e26ba900c65/dependency_manual_and_swot_analysis.md
 create mode 100644 docs/artifacts/98d45fa1-e779-4606-aae7-2e26ba900c65/dependency_manual_and_swot_analysis.md.metadata.json
 create mode 100644 docs/artifacts/9abe0a4b-823c-4c8a-91b9-f2cd941bff0a/.system_generated/messages/022a35d9-eea4-43f2-8517-0590ee28997f.json
 create mode 100644 docs/artifacts/9abe0a4b-823c-4c8a-91b9-f2cd941bff0a/.system_generated/messages/086ccaa6-4178-4b19-9cc7-5489ab98aee6.json
 create mode 100644 docs/artifacts/9abe0a4b-823c-4c8a-91b9-f2cd941bff0a/.system_generated/messages/0a7c7444-55da-4b07-8d59-f41b615eeaf7.json
 create mode 100644 docs/artifacts/9abe0a4b-823c-4c8a-91b9-f2cd941bff0a/.system_generated/messages/0b7a51aa-31d7-481d-a7fa-e4d39a2dd307.json
 create mode 100644 docs/artifacts/9abe0a4b-823c-4c8a-91b9-f2cd941bff0a/.system_generated/messages/0de601e6-ad55-4c12-a2bb-15e6a43c8aeb.json
 create mode 100644 docs/artifacts/9abe0a4b-823c-4c8a-91b9-f2cd941bff0a/.system_generated/messages/115be2bd-eb9b-4190-bf6f-e081bbe47aa7.json
 create mode 100644 docs/artifacts/9abe0a4b-823c-4c8a-91b9-f2cd941bff0a/.system_generated/messages/18283f4b-32a2-4b01-94bd-d2de81b997a8.json
 create mode 100644 docs/artifacts/9abe0a4b-823c-4c8a-91b9-f2cd941bff0a/.system_generated/messages/19273ea9-ca32-40b5-b8e2-0f0cbd5a77d2.json
 create mode 100644 docs/artifacts/9abe0a4b-823c-4c8a-91b9-f2cd941bff0a/.system_generated/messages/1d2eaacf-bc51-46b8-a93a-aeddb3fac1c7.json
 create mode 100644 docs/artifacts/9abe0a4b-823c-4c8a-91b9-f2cd941bff0a/.system_generated/messages/253ad3aa-b1e1-4865-8021-68badc462b7c.json
 create mode 100644 docs/artifacts/9abe0a4b-823c-4c8a-91b9-f2cd941bff0a/.system_generated/messages/2662d111-1169-44b1-bb9b-9bd17015f8f7.json
 create mode 100644 docs/artifacts/9abe0a4b-823c-4c8a-91b9-f2cd941bff0a/.system_generated/messages/2682ae84-1186-447a-939c-47e22816b8ae.json
 create mode 100644 docs/artifacts/9abe0a4b-823c-4c8a-91b9-f2cd941bff0a/.system_generated/messages/2c6da58f-ad57-4416-9500-4fd7f7e17c58.json
 create mode 100644 docs/artifacts/9abe0a4b-823c-4c8a-91b9-f2cd941bff0a/.system_generated/messages/2fd0d006-90e2-44d8-b49e-f01ccfe2be0b.json
 create mode 100644 docs/artifacts/9abe0a4b-823c-4c8a-91b9-f2cd941bff0a/.system_generated/messages/30764213-2eae-4583-a066-276e712f8347.json
 create mode 100644 docs/artifacts/9abe0a4b-823c-4c8a-91b9-f2cd941bff0a/.system_generated/messages/3138aaf5-e3c4-4563-9125-8ba128678c7c.json
 create mode 100644 docs/artifacts/9abe0a4b-823c-4c8a-91b9-f2cd941bff0a/.system_generated/messages/32ca831c-7086-47c3-ab54-145610998556.json
 create mode 100644 docs/artifacts/9abe0a4b-823c-4c8a-91b9-f2cd941bff0a/.system_generated/messages/377cea5b-141c-49a5-a44d-cf6d53e2d1b8.json
 create mode 100644 docs/artifacts/9abe0a4b-823c-4c8a-91b9-f2cd941bff0a/.system_generated/messages/38ec02c7-f262-467d-b1bc-ae0a0114974a.json
 create mode 100644 docs/artifacts/9abe0a4b-823c-4c8a-91b9-f2cd941bff0a/.system_generated/messages/3b4f4b6d-f05a-4ad4-a1e6-c56542dee430.json
 create mode 100644 docs/artifacts/9abe0a4b-823c-4c8a-91b9-f2cd941bff0a/.system_generated/messages/41a3b6a3-7f30-47ca-8205-1f46c1596f7a.json
 create mode 100644 docs/artifacts/9abe0a4b-823c-4c8a-91b9-f2cd941bff0a/.system_generated/messages/4d312773-3f09-4eba-bb89-6a8b3f8cbfaf.json
 create mode 100644 docs/artifacts/9abe0a4b-823c-4c8a-91b9-f2cd941bff0a/.system_generated/messages/5248cd4b-e56d-490e-a95b-49a756dafcab.json
 create mode 100644 docs/artifacts/9abe0a4b-823c-4c8a-91b9-f2cd941bff0a/.system_generated/messages/5280b28f-8b03-4b59-ab61-8e967e633d0e.json
 create mode 100644 docs/artifacts/9abe0a4b-823c-4c8a-91b9-f2cd941bff0a/.system_generated/messages/53f5282b-db05-484e-b866-a9c775aa0c2b.json
 create mode 100644 docs/artifacts/9abe0a4b-823c-4c8a-91b9-f2cd941bff0a/.system_generated/messages/58b87bcc-a583-4f04-aee1-402fe2bb3a50.json
 create mode 100644 docs/artifacts/9abe0a4b-823c-4c8a-91b9-f2cd941bff0a/.system_generated/messages/5b8e4ba6-d3c4-47cb-a42c-ce52650b0531.json
 create mode 100644 docs/artifacts/9abe0a4b-823c-4c8a-91b9-f2cd941bff0a/.system_generated/messages/68b8696a-6297-4414-8338-a2a64da6efcc.json
 create mode 100644 docs/artifacts/9abe0a4b-823c-4c8a-91b9-f2cd941bff0a/.system_generated/messages/69b0a480-e259-454f-8b80-1bda459f6572.json
 create mode 100644 docs/artifacts/9abe0a4b-823c-4c8a-91b9-f2cd941bff0a/.system_generated/messages/69b40ee0-28ac-4b2a-b65b-585d8162d01e.json
 create mode 100644 docs/artifacts/9abe0a4b-823c-4c8a-91b9-f2cd941bff0a/.system_generated/messages/6a55b16c-191a-44de-a2c6-4e2b7a7f1d77.json
 create mode 100644 docs/artifacts/9abe0a4b-823c-4c8a-91b9-f2cd941bff0a/.system_generated/messages/6caf6460-5916-4ede-b0c0-839c781201e2.json
 create mode 100644 docs/artifacts/9abe0a4b-823c-4c8a-91b9-f2cd941bff0a/.system_generated/messages/6d928e95-0a25-4379-a888-2b0ce08df453.json
 create mode 100644 docs/artifacts/9abe0a4b-823c-4c8a-91b9-f2cd941bff0a/.system_generated/messages/706195a8-49d6-45ee-9ffb-22a99542647a.json
 create mode 100644 docs/artifacts/9abe0a4b-823c-4c8a-91b9-f2cd941bff0a/.system_generated/messages/78847057-8236-4147-8a40-524f379f1dde.json
 create mode 100644 docs/artifacts/9abe0a4b-823c-4c8a-91b9-f2cd941bff0a/.system_generated/messages/7abfbc01-fb67-44a5-9cf6-9becacb3c3cd.json
 create mode 100644 docs/artifacts/9abe0a4b-823c-4c8a-91b9-f2cd941bff0a/.system_generated/messages/7eddbe00-d105-4396-be14-3cb9098acd94.json
 create mode 100644 docs/artifacts/9abe0a4b-823c-4c8a-91b9-f2cd941bff0a/.system_generated/messages/897e404c-3809-40c6-9530-8488d7c4aa74.json
 create mode 100644 docs/artifacts/9abe0a4b-823c-4c8a-91b9-f2cd941bff0a/.system_generated/messages/8b231c0c-d974-412c-bd36-804a0ac4ca0e.json
 create mode 100644 docs/artifacts/9abe0a4b-823c-4c8a-91b9-f2cd941bff0a/.system_generated/messages/8e127a64-4d28-42e4-90ea-39b46a4cf498.json
 create mode 100644 docs/artifacts/9abe0a4b-823c-4c8a-91b9-f2cd941bff0a/.system_generated/messages/930cce48-f159-486e-9cfa-86ec8b6956b4.json
 create mode 100644 docs/artifacts/9abe0a4b-823c-4c8a-91b9-f2cd941bff0a/.system_generated/messages/974b972a-3f89-4623-8e36-bd8ff0ebfe15.json
 create mode 100644 docs/artifacts/9abe0a4b-823c-4c8a-91b9-f2cd941bff0a/.system_generated/messages/9a2c5a06-0bab-4e52-896a-2f8dcfb969d7.json
 create mode 100644 docs/artifacts/9abe0a4b-823c-4c8a-91b9-f2cd941bff0a/.system_generated/messages/9c4919cb-fc9d-4fab-b0a0-6aea4452614c.json
 create mode 100644 docs/artifacts/9abe0a4b-823c-4c8a-91b9-f2cd941bff0a/.system_generated/messages/9e471b11-9087-4b47-b53a-8415ca0da294.json
 create mode 100644 docs/artifacts/9abe0a4b-823c-4c8a-91b9-f2cd941bff0a/.system_generated/messages/9ecaff4a-1804-40eb-b764-d5d6ffcdc5d0.json
 create mode 100644 docs/artifacts/9abe0a4b-823c-4c8a-91b9-f2cd941bff0a/.system_generated/messages/9f7d0b92-17c9-4712-81b3-0befd3508877.json
 create mode 100644 docs/artifacts/9abe0a4b-823c-4c8a-91b9-f2cd941bff0a/.system_generated/messages/a3ca30f4-9542-4b74-9e6a-7a5cf757360e.json
 create mode 100644 docs/artifacts/9abe0a4b-823c-4c8a-91b9-f2cd941bff0a/.system_generated/messages/a7ed8144-0055-4ef1-98c8-65dca7b09bb3.json
 create mode 100644 docs/artifacts/9abe0a4b-823c-4c8a-91b9-f2cd941bff0a/.system_generated/messages/b04955ab-dc0c-40c6-b5e6-b201337ed854.json
 create mode 100644 docs/artifacts/9abe0a4b-823c-4c8a-91b9-f2cd941bff0a/.system_generated/messages/b1076a01-1b91-49d8-ad4e-d45ea701fbab.json
 create mode 100644 docs/artifacts/9abe0a4b-823c-4c8a-91b9-f2cd941bff0a/.system_generated/messages/b618f32e-b4b0-444d-ac37-cbc29aea6578.json
 create mode 100644 docs/artifacts/9abe0a4b-823c-4c8a-91b9-f2cd941bff0a/.system_generated/messages/b8d3ffc0-2e1f-4943-931c-54fbf8bc0e7a.json
 create mode 100644 docs/artifacts/9abe0a4b-823c-4c8a-91b9-f2cd941bff0a/.system_generated/messages/bca0637a-72eb-4968-9a49-7bc094fcd695.json
 create mode 100644 docs/artifacts/9abe0a4b-823c-4c8a-91b9-f2cd941bff0a/.system_generated/messages/bee6aa71-a714-40da-9964-9bbc7bf32a09.json
 create mode 100644 docs/artifacts/9abe0a4b-823c-4c8a-91b9-f2cd941bff0a/.system_generated/messages/c23f0348-566c-4e6a-8bd4-1ee51497e71b.json
 create mode 100644 docs/artifacts/9abe0a4b-823c-4c8a-91b9-f2cd941bff0a/.system_generated/messages/c4fc2877-3f7b-4782-a7d8-e06d18684210.json
 create mode 100644 docs/artifacts/9abe0a4b-823c-4c8a-91b9-f2cd941bff0a/.system_generated/messages/c8209a12-5e40-4a0c-8091-fe0a0c5b2903.json
 create mode 100644 docs/artifacts/9abe0a4b-823c-4c8a-91b9-f2cd941bff0a/.system_generated/messages/cc9a65b0-b3dc-406b-b403-38a311845d5c.json
 create mode 100644 docs/artifacts/9abe0a4b-823c-4c8a-91b9-f2cd941bff0a/.system_generated/messages/cursor.json
 create mode 100644 docs/artifacts/9abe0a4b-823c-4c8a-91b9-f2cd941bff0a/.system_generated/messages/d940c37a-a2b6-45c1-b292-28556e940778.json
 create mode 100644 docs/artifacts/9abe0a4b-823c-4c8a-91b9-f2cd941bff0a/.system_generated/messages/dbb04fe1-4ff8-4941-99f3-0494d47ffcc8.json
 create mode 100644 docs/artifacts/9abe0a4b-823c-4c8a-91b9-f2cd941bff0a/.system_generated/messages/e0f11644-d92e-4068-b588-a6b351ce5686.json
 create mode 100644 docs/artifacts/9abe0a4b-823c-4c8a-91b9-f2cd941bff0a/.system_generated/messages/e66c4455-60dd-4314-8b61-67ae5f985f2f.json
 create mode 100644 docs/artifacts/9abe0a4b-823c-4c8a-91b9-f2cd941bff0a/.system_generated/messages/e7295107-4b55-4688-94d8-a583ef586d8d.json
 create mode 100644 docs/artifacts/9abe0a4b-823c-4c8a-91b9-f2cd941bff0a/.system_generated/messages/e7ee89fd-e8a7-43ff-aaa6-783229ef26aa.json
 create mode 100644 docs/artifacts/9abe0a4b-823c-4c8a-91b9-f2cd941bff0a/.system_generated/messages/e81a5170-f08d-40d1-bd68-8182d0abfb30.json
 create mode 100644 docs/artifacts/9abe0a4b-823c-4c8a-91b9-f2cd941bff0a/.system_generated/messages/e8efcb2d-1416-4730-ba81-9da04e098378.json
 create mode 100644 docs/artifacts/9abe0a4b-823c-4c8a-91b9-f2cd941bff0a/.system_generated/messages/fa8ddf71-a7dc-4bf4-a47c-0f2756b03e75.json
 create mode 100644 docs/artifacts/9abe0a4b-823c-4c8a-91b9-f2cd941bff0a/.system_generated/messages/read.json
 create mode 100644 docs/artifacts/9abe0a4b-823c-4c8a-91b9-f2cd941bff0a/.system_generated/tasks/task-1012.log
 create mode 100644 docs/artifacts/9abe0a4b-823c-4c8a-91b9-f2cd941bff0a/.system_generated/tasks/task-1015.log
 create mode 100644 docs/artifacts/9abe0a4b-823c-4c8a-91b9-f2cd941bff0a/.system_generated/tasks/task-1024.log
 create mode 100644 docs/artifacts/9abe0a4b-823c-4c8a-91b9-f2cd941bff0a/.system_generated/tasks/task-1034.log
 create mode 100644 docs/artifacts/9abe0a4b-823c-4c8a-91b9-f2cd941bff0a/.system_generated/tasks/task-1110.log
 create mode 100644 docs/artifacts/9abe0a4b-823c-4c8a-91b9-f2cd941bff0a/.system_generated/tasks/task-1120.log
 create mode 100644 docs/artifacts/9abe0a4b-823c-4c8a-91b9-f2cd941bff0a/.system_generated/tasks/task-1157.log
 create mode 100644 docs/artifacts/9abe0a4b-823c-4c8a-91b9-f2cd941bff0a/.system_generated/tasks/task-1314.log
 create mode 100644 docs/artifacts/9abe0a4b-823c-4c8a-91b9-f2cd941bff0a/.system_generated/tasks/task-1333.log
 create mode 100644 docs/artifacts/9abe0a4b-823c-4c8a-91b9-f2cd941bff0a/.system_generated/tasks/task-1349.log
 create mode 100644 docs/artifacts/9abe0a4b-823c-4c8a-91b9-f2cd941bff0a/.system_generated/tasks/task-1355.log
 create mode 100644 docs/artifacts/9abe0a4b-823c-4c8a-91b9-f2cd941bff0a/.system_generated/tasks/task-1370.log
 create mode 100644 docs/artifacts/9abe0a4b-823c-4c8a-91b9-f2cd941bff0a/.system_generated/tasks/task-1402.log
 create mode 100644 docs/artifacts/9abe0a4b-823c-4c8a-91b9-f2cd941bff0a/.system_generated/tasks/task-1465.log
 create mode 100644 docs/artifacts/9abe0a4b-823c-4c8a-91b9-f2cd941bff0a/.system_generated/tasks/task-1471.log
 create mode 100644 docs/artifacts/9abe0a4b-823c-4c8a-91b9-f2cd941bff0a/.system_generated/tasks/task-1488.log
 create mode 100644 docs/artifacts/9abe0a4b-823c-4c8a-91b9-f2cd941bff0a/.system_generated/tasks/task-1542.log
 create mode 100644 docs/artifacts/9abe0a4b-823c-4c8a-91b9-f2cd941bff0a/.system_generated/tasks/task-1553.log
 create mode 100644 docs/artifacts/9abe0a4b-823c-4c8a-91b9-f2cd941bff0a/.system_generated/tasks/task-1571.log
 create mode 100644 docs/artifacts/9abe0a4b-823c-4c8a-91b9-f2cd941bff0a/.system_generated/tasks/task-1661.log
 create mode 100644 docs/artifacts/9abe0a4b-823c-4c8a-91b9-f2cd941bff0a/.system_generated/tasks/task-1667.log
 create mode 100644 docs/artifacts/9abe0a4b-823c-4c8a-91b9-f2cd941bff0a/.system_generated/tasks/task-1682.log
 create mode 100644 docs/artifacts/9abe0a4b-823c-4c8a-91b9-f2cd941bff0a/.system_generated/tasks/task-1767.log
 create mode 100644 docs/artifacts/9abe0a4b-823c-4c8a-91b9-f2cd941bff0a/.system_generated/tasks/task-347.log
 create mode 100644 docs/artifacts/9abe0a4b-823c-4c8a-91b9-f2cd941bff0a/.system_generated/tasks/task-413.log
 create mode 100644 docs/artifacts/9abe0a4b-823c-4c8a-91b9-f2cd941bff0a/.system_generated/tasks/task-421.log
 create mode 100644 docs/artifacts/9abe0a4b-823c-4c8a-91b9-f2cd941bff0a/.system_generated/tasks/task-460.log
 create mode 100644 docs/artifacts/9abe0a4b-823c-4c8a-91b9-f2cd941bff0a/.system_generated/tasks/task-463.log
 create mode 100644 docs/artifacts/9abe0a4b-823c-4c8a-91b9-f2cd941bff0a/.system_generated/tasks/task-473.log
 create mode 100644 docs/artifacts/9abe0a4b-823c-4c8a-91b9-f2cd941bff0a/.system_generated/tasks/task-510.log
 create mode 100644 docs/artifacts/9abe0a4b-823c-4c8a-91b9-f2cd941bff0a/.system_generated/tasks/task-516.log
 create mode 100644 docs/artifacts/9abe0a4b-823c-4c8a-91b9-f2cd941bff0a/.system_generated/tasks/task-523.log
 create mode 100644 docs/artifacts/9abe0a4b-823c-4c8a-91b9-f2cd941bff0a/.system_generated/tasks/task-545.log
 create mode 100644 docs/artifacts/9abe0a4b-823c-4c8a-91b9-f2cd941bff0a/.system_generated/tasks/task-552.log
 create mode 100644 docs/artifacts/9abe0a4b-823c-4c8a-91b9-f2cd941bff0a/.system_generated/tasks/task-559.log
 create mode 100644 docs/artifacts/9abe0a4b-823c-4c8a-91b9-f2cd941bff0a/.system_generated/tasks/task-575.log
 create mode 100644 docs/artifacts/9abe0a4b-823c-4c8a-91b9-f2cd941bff0a/.system_generated/tasks/task-636.log
 create mode 100644 docs/artifacts/9abe0a4b-823c-4c8a-91b9-f2cd941bff0a/.system_generated/tasks/task-662.log
 create mode 100644 docs/artifacts/9abe0a4b-823c-4c8a-91b9-f2cd941bff0a/.system_generated/tasks/task-668.log
 create mode 100644 docs/artifacts/9abe0a4b-823c-4c8a-91b9-f2cd941bff0a/.system_generated/tasks/task-676.log
 create mode 100644 docs/artifacts/9abe0a4b-823c-4c8a-91b9-f2cd941bff0a/.system_generated/tasks/task-706.log
 create mode 100644 docs/artifacts/9abe0a4b-823c-4c8a-91b9-f2cd941bff0a/.system_generated/tasks/task-710.log
 create mode 100644 docs/artifacts/9abe0a4b-823c-4c8a-91b9-f2cd941bff0a/.system_generated/tasks/task-719.log
 create mode 100644 docs/artifacts/9abe0a4b-823c-4c8a-91b9-f2cd941bff0a/.system_generated/tasks/task-729.log
 create mode 100644 docs/artifacts/9abe0a4b-823c-4c8a-91b9-f2cd941bff0a/.system_generated/tasks/task-738.log
 create mode 100644 docs/artifacts/9abe0a4b-823c-4c8a-91b9-f2cd941bff0a/.system_generated/tasks/task-751.log
 create mode 100644 docs/artifacts/9abe0a4b-823c-4c8a-91b9-f2cd941bff0a/.system_generated/tasks/task-759.log
 create mode 100644 docs/artifacts/9abe0a4b-823c-4c8a-91b9-f2cd941bff0a/.system_generated/tasks/task-890.log
 create mode 100644 docs/artifacts/9abe0a4b-823c-4c8a-91b9-f2cd941bff0a/.system_generated/tasks/task-900.log
 create mode 100644 docs/artifacts/9abe0a4b-823c-4c8a-91b9-f2cd941bff0a/.system_generated/tasks/task-911.log
 create mode 100644 docs/artifacts/9abe0a4b-823c-4c8a-91b9-f2cd941bff0a/.system_generated/tasks/task-918.log
 create mode 100644 docs/artifacts/9abe0a4b-823c-4c8a-91b9-f2cd941bff0a/.system_generated/tasks/task-939.log
 create mode 100644 docs/artifacts/9abe0a4b-823c-4c8a-91b9-f2cd941bff0a/.system_generated/tasks/task-947.log
 create mode 100644 docs/artifacts/9abe0a4b-823c-4c8a-91b9-f2cd941bff0a/.system_generated/tasks/task-995.log
 create mode 100644 docs/artifacts/9abe0a4b-823c-4c8a-91b9-f2cd941bff0a/100k_scale_analysis.md
 create mode 100644 docs/artifacts/9abe0a4b-823c-4c8a-91b9-f2cd941bff0a/100k_scale_analysis.md.metadata.json
 create mode 100644 docs/artifacts/9abe0a4b-823c-4c8a-91b9-f2cd941bff0a/implementation_plan.md
 create mode 100644 docs/artifacts/9abe0a4b-823c-4c8a-91b9-f2cd941bff0a/implementation_plan.md.metadata.json
 create mode 100644 docs/artifacts/9abe0a4b-823c-4c8a-91b9-f2cd941bff0a/implementation_plan.md.resolved
 create mode 100644 docs/artifacts/9abe0a4b-823c-4c8a-91b9-f2cd941bff0a/implementation_plan.md.resolved.0
 create mode 100644 docs/artifacts/9abe0a4b-823c-4c8a-91b9-f2cd941bff0a/io_swot_analysis.md
 create mode 100644 docs/artifacts/9abe0a4b-823c-4c8a-91b9-f2cd941bff0a/io_swot_analysis.md.metadata.json
 create mode 100644 docs/artifacts/9abe0a4b-823c-4c8a-91b9-f2cd941bff0a/media__1772907786183.png
 create mode 100644 docs/artifacts/9abe0a4b-823c-4c8a-91b9-f2cd941bff0a/media__1783167505627.png
 create mode 100644 docs/artifacts/9abe0a4b-823c-4c8a-91b9-f2cd941bff0a/media__1783170551467.png
 create mode 100644 docs/artifacts/9abe0a4b-823c-4c8a-91b9-f2cd941bff0a/media__1783179775417.png
 create mode 100644 docs/artifacts/9abe0a4b-823c-4c8a-91b9-f2cd941bff0a/media__1783199265958.png
 create mode 100644 docs/artifacts/9abe0a4b-823c-4c8a-91b9-f2cd941bff0a/task.md
 create mode 100644 docs/artifacts/9abe0a4b-823c-4c8a-91b9-f2cd941bff0a/task.md.metadata.json
 create mode 100644 docs/artifacts/9abe0a4b-823c-4c8a-91b9-f2cd941bff0a/task.md.resolved
 create mode 100644 docs/artifacts/9abe0a4b-823c-4c8a-91b9-f2cd941bff0a/task.md.resolved.0
 create mode 100644 docs/artifacts/9abe0a4b-823c-4c8a-91b9-f2cd941bff0a/task.md.resolved.1
 create mode 100644 docs/artifacts/9abe0a4b-823c-4c8a-91b9-f2cd941bff0a/task.md.resolved.2
 create mode 100644 docs/artifacts/9abe0a4b-823c-4c8a-91b9-f2cd941bff0a/task.md.resolved.3
 create mode 100644 docs/artifacts/9abe0a4b-823c-4c8a-91b9-f2cd941bff0a/task.md.resolved.4
 create mode 100644 docs/artifacts/9abe0a4b-823c-4c8a-91b9-f2cd941bff0a/task.md.resolved.5
 create mode 100644 docs/artifacts/9abe0a4b-823c-4c8a-91b9-f2cd941bff0a/updated_priority_plan.md
 create mode 100644 docs/artifacts/9abe0a4b-823c-4c8a-91b9-f2cd941bff0a/updated_priority_plan.md.metadata.json
 create mode 100644 docs/artifacts/9abe0a4b-823c-4c8a-91b9-f2cd941bff0a/walkthrough.md
 create mode 100644 docs/artifacts/9abe0a4b-823c-4c8a-91b9-f2cd941bff0a/walkthrough.md.metadata.json
 create mode 100644 docs/artifacts/9abe0a4b-823c-4c8a-91b9-f2cd941bff0a/walkthrough.md.resolved
 create mode 100644 docs/artifacts/9abe0a4b-823c-4c8a-91b9-f2cd941bff0a/walkthrough.md.resolved.0
 create mode 100644 docs/artifacts/9abe0a4b-823c-4c8a-91b9-f2cd941bff0a/walkthrough.md.resolved.1
 create mode 100644 docs/artifacts/a4f59cef-2076-46b7-91d7-1bd601f6c8de/.system_generated/messages/0c84a9ba-05ca-43f9-ae95-3814c985f3bb.json
 create mode 100644 docs/artifacts/a4f59cef-2076-46b7-91d7-1bd601f6c8de/.system_generated/messages/2806ff06-7dd5-4b4c-a6bf-217a3d82e757.json
 create mode 100644 docs/artifacts/a4f59cef-2076-46b7-91d7-1bd601f6c8de/.system_generated/messages/4b758426-21b1-4a9b-a38d-52aa2a965e0c.json
 create mode 100644 docs/artifacts/a4f59cef-2076-46b7-91d7-1bd601f6c8de/.system_generated/messages/4cd01ccb-779b-4d28-a119-a7ba9c36abb5.json
 create mode 100644 docs/artifacts/a4f59cef-2076-46b7-91d7-1bd601f6c8de/.system_generated/messages/4dfeaf49-e01f-4e7a-b1d3-c403e0af642d.json
 create mode 100644 docs/artifacts/a4f59cef-2076-46b7-91d7-1bd601f6c8de/.system_generated/messages/66a6a68b-3fdf-4d10-89bd-3d85764be15d.json
 create mode 100644 docs/artifacts/a4f59cef-2076-46b7-91d7-1bd601f6c8de/.system_generated/messages/7f28204f-185d-4db4-aba0-3e421f1effac.json
 create mode 100644 docs/artifacts/a4f59cef-2076-46b7-91d7-1bd601f6c8de/.system_generated/messages/8479a9ba-79e0-4264-9f8f-0dc1b66fd615.json
 create mode 100644 docs/artifacts/a4f59cef-2076-46b7-91d7-1bd601f6c8de/.system_generated/messages/88363642-190b-46e7-884b-8789ca00f27b.json
 create mode 100644 docs/artifacts/a4f59cef-2076-46b7-91d7-1bd601f6c8de/.system_generated/messages/970b2fd3-2037-40ad-9a09-50abbdb24e1b.json
 create mode 100644 docs/artifacts/a4f59cef-2076-46b7-91d7-1bd601f6c8de/.system_generated/messages/9f9ef2ba-0a2e-4fb2-8b0b-b13deec02f2c.json
 create mode 100644 docs/artifacts/a4f59cef-2076-46b7-91d7-1bd601f6c8de/.system_generated/messages/a3344017-b7e1-4c05-8b08-d89bd160201b.json
 create mode 100644 docs/artifacts/a4f59cef-2076-46b7-91d7-1bd601f6c8de/.system_generated/messages/a7299310-a7ab-4809-a29e-87de5bc11114.json
 create mode 100644 docs/artifacts/a4f59cef-2076-46b7-91d7-1bd601f6c8de/.system_generated/messages/b2a0ef1b-4689-4d5a-ae02-5041c8ce11b2.json
 create mode 100644 docs/artifacts/a4f59cef-2076-46b7-91d7-1bd601f6c8de/.system_generated/messages/bc5324d7-6d75-470e-9674-ff31fa71a1db.json
 create mode 100644 docs/artifacts/a4f59cef-2076-46b7-91d7-1bd601f6c8de/.system_generated/messages/bd95ec06-a190-4093-81b1-fdc181a6146b.json
 create mode 100644 docs/artifacts/a4f59cef-2076-46b7-91d7-1bd601f6c8de/.system_generated/messages/bf70d275-28c7-474c-a31f-66f65b463f95.json
 create mode 100644 docs/artifacts/a4f59cef-2076-46b7-91d7-1bd601f6c8de/.system_generated/messages/c46fa89a-10bd-4256-b7b1-c547a97462fb.json
 create mode 100644 docs/artifacts/a4f59cef-2076-46b7-91d7-1bd601f6c8de/.system_generated/messages/c7065b3f-2a81-43bb-8da7-1e50c06f94c8.json
 create mode 100644 docs/artifacts/a4f59cef-2076-46b7-91d7-1bd601f6c8de/.system_generated/messages/cursor.json
 create mode 100644 docs/artifacts/a4f59cef-2076-46b7-91d7-1bd601f6c8de/.system_generated/messages/d5b2ba8b-609e-4e16-a256-fad687de3e6e.json
 create mode 100644 docs/artifacts/a4f59cef-2076-46b7-91d7-1bd601f6c8de/.system_generated/messages/d9baf110-5dc6-4f8e-ae31-5e3700033858.json
 create mode 100644 docs/artifacts/a4f59cef-2076-46b7-91d7-1bd601f6c8de/.system_generated/messages/dab1320b-be8f-4e10-bfe3-e0dae45061c6.json
 create mode 100644 docs/artifacts/a4f59cef-2076-46b7-91d7-1bd601f6c8de/.system_generated/messages/e2ef7286-29f1-4180-9740-7deff0d8bb44.json
 create mode 100644 docs/artifacts/a4f59cef-2076-46b7-91d7-1bd601f6c8de/.system_generated/messages/e8887dfa-a786-4f60-9d45-bd4ea7c9b426.json
 create mode 100644 docs/artifacts/a4f59cef-2076-46b7-91d7-1bd601f6c8de/.system_generated/messages/ee40e6ce-34e9-403f-ba10-2b91624c6b6e.json
 create mode 100644 docs/artifacts/a4f59cef-2076-46b7-91d7-1bd601f6c8de/.system_generated/messages/fe7647ae-05bb-4b8c-85b5-cd8b2d2ce660.json
 create mode 100644 docs/artifacts/a4f59cef-2076-46b7-91d7-1bd601f6c8de/.system_generated/messages/read.json
 create mode 100644 docs/artifacts/a4f59cef-2076-46b7-91d7-1bd601f6c8de/.system_generated/tasks/task-109.log
 create mode 100644 docs/artifacts/a4f59cef-2076-46b7-91d7-1bd601f6c8de/.system_generated/tasks/task-119.log
 create mode 100644 docs/artifacts/a4f59cef-2076-46b7-91d7-1bd601f6c8de/.system_generated/tasks/task-193.log
 create mode 100644 docs/artifacts/a4f59cef-2076-46b7-91d7-1bd601f6c8de/.system_generated/tasks/task-206.log
 create mode 100644 docs/artifacts/a4f59cef-2076-46b7-91d7-1bd601f6c8de/.system_generated/tasks/task-232.log
 create mode 100644 docs/artifacts/a4f59cef-2076-46b7-91d7-1bd601f6c8de/.system_generated/tasks/task-238.log
 create mode 100644 docs/artifacts/a4f59cef-2076-46b7-91d7-1bd601f6c8de/.system_generated/tasks/task-278.log
 create mode 100644 docs/artifacts/a4f59cef-2076-46b7-91d7-1bd601f6c8de/.system_generated/tasks/task-288.log
 create mode 100644 docs/artifacts/a4f59cef-2076-46b7-91d7-1bd601f6c8de/.system_generated/tasks/task-298.log
 create mode 100644 docs/artifacts/a4f59cef-2076-46b7-91d7-1bd601f6c8de/.system_generated/tasks/task-449.log
 create mode 100644 docs/artifacts/a4f59cef-2076-46b7-91d7-1bd601f6c8de/.system_generated/tasks/task-463.log
 create mode 100644 docs/artifacts/a4f59cef-2076-46b7-91d7-1bd601f6c8de/.system_generated/tasks/task-475.log
 create mode 100644 docs/artifacts/a4f59cef-2076-46b7-91d7-1bd601f6c8de/.system_generated/tasks/task-485.log
 create mode 100644 docs/artifacts/a4f59cef-2076-46b7-91d7-1bd601f6c8de/.system_generated/tasks/task-610.log
 create mode 100644 docs/artifacts/a4f59cef-2076-46b7-91d7-1bd601f6c8de/.system_generated/tasks/task-64.log
 create mode 100644 docs/artifacts/a4f59cef-2076-46b7-91d7-1bd601f6c8de/.system_generated/tasks/task-715.log
 create mode 100644 docs/artifacts/a4f59cef-2076-46b7-91d7-1bd601f6c8de/.system_generated/tasks/task-74.log
 create mode 100644 docs/artifacts/a4f59cef-2076-46b7-91d7-1bd601f6c8de/.system_generated/tasks/task-897.log
 create mode 100644 docs/artifacts/a4f59cef-2076-46b7-91d7-1bd601f6c8de/.system_generated/tasks/task-900.log
 create mode 100644 docs/artifacts/a4f59cef-2076-46b7-91d7-1bd601f6c8de/.system_generated/tasks/task-913.log
 create mode 100644 docs/artifacts/a4f59cef-2076-46b7-91d7-1bd601f6c8de/media__1782852461389.png
 create mode 100644 docs/artifacts/a4f59cef-2076-46b7-91d7-1bd601f6c8de/media__1782876632798.png
 create mode 100644 docs/artifacts/a4f59cef-2076-46b7-91d7-1bd601f6c8de/media__1782876832876.png
 create mode 100644 docs/artifacts/a4f59cef-2076-46b7-91d7-1bd601f6c8de/media__1782876860440.png
 create mode 100644 docs/artifacts/a4f59cef-2076-46b7-91d7-1bd601f6c8de/media__1782910371842.png
 create mode 100644 docs/artifacts/a4f59cef-2076-46b7-91d7-1bd601f6c8de/media__1782910577308.png
 create mode 100644 docs/artifacts/a4f59cef-2076-46b7-91d7-1bd601f6c8de/media__1782932116779.png
 create mode 100644 docs/artifacts/a851af6f-1b45-4cb6-8df8-2c6af7e7d499/reshade_guide.md
 create mode 100644 docs/artifacts/a851af6f-1b45-4cb6-8df8-2c6af7e7d499/reshade_guide.md.metadata.json
 create mode 100644 docs/artifacts/a851af6f-1b45-4cb6-8df8-2c6af7e7d499/reshade_guide.md.resolved
 create mode 100644 docs/artifacts/a851af6f-1b45-4cb6-8df8-2c6af7e7d499/reshade_guide.md.resolved.0
 create mode 100644 docs/artifacts/a851af6f-1b45-4cb6-8df8-2c6af7e7d499/task.md
 create mode 100644 docs/artifacts/a851af6f-1b45-4cb6-8df8-2c6af7e7d499/task.md.metadata.json
 create mode 100644 docs/artifacts/a851af6f-1b45-4cb6-8df8-2c6af7e7d499/task.md.resolved
 create mode 100644 docs/artifacts/a851af6f-1b45-4cb6-8df8-2c6af7e7d499/task.md.resolved.0
 create mode 100644 docs/artifacts/a851af6f-1b45-4cb6-8df8-2c6af7e7d499/task.md.resolved.1
 create mode 100644 docs/artifacts/a851af6f-1b45-4cb6-8df8-2c6af7e7d499/task.md.resolved.2
 create mode 100644 docs/artifacts/a851af6f-1b45-4cb6-8df8-2c6af7e7d499/task.md.resolved.3
 create mode 100644 docs/artifacts/a851af6f-1b45-4cb6-8df8-2c6af7e7d499/task.md.resolved.4
 create mode 100644 docs/artifacts/a851af6f-1b45-4cb6-8df8-2c6af7e7d499/task.md.resolved.5
 create mode 100644 docs/artifacts/a851af6f-1b45-4cb6-8df8-2c6af7e7d499/walkthrough.md
 create mode 100644 docs/artifacts/a851af6f-1b45-4cb6-8df8-2c6af7e7d499/walkthrough.md.metadata.json
 create mode 100644 docs/artifacts/a851af6f-1b45-4cb6-8df8-2c6af7e7d499/walkthrough.md.resolved
 create mode 100644 docs/artifacts/a851af6f-1b45-4cb6-8df8-2c6af7e7d499/walkthrough.md.resolved.0
 create mode 100644 docs/artifacts/af3f789b-a632-464b-b583-d323ae4b03fe/.system_generated/messages/32a57b46-024b-4b9e-a162-8ba9f7c9909a.json
 create mode 100644 docs/artifacts/af3f789b-a632-464b-b583-d323ae4b03fe/.system_generated/messages/c5a98f36-fc4b-4778-84fd-d6549ecae951.json
 create mode 100644 docs/artifacts/af3f789b-a632-464b-b583-d323ae4b03fe/.system_generated/messages/cursor.json
 create mode 100644 docs/artifacts/af3f789b-a632-464b-b583-d323ae4b03fe/.system_generated/messages/read.json
 create mode 100644 docs/artifacts/af3f789b-a632-464b-b583-d323ae4b03fe/.system_generated/tasks/task-122.log
 create mode 100644 docs/artifacts/b1de6987-8646-48b9-9681-3196b59aa11b/implementation_plan.md
 create mode 100644 docs/artifacts/b1de6987-8646-48b9-9681-3196b59aa11b/implementation_plan.md.metadata.json
 create mode 100644 docs/artifacts/b1de6987-8646-48b9-9681-3196b59aa11b/implementation_plan.md.resolved
 create mode 100644 docs/artifacts/b1de6987-8646-48b9-9681-3196b59aa11b/implementation_plan.md.resolved.0
 create mode 100644 docs/artifacts/b1de6987-8646-48b9-9681-3196b59aa11b/implementation_plan.md.resolved.1
 create mode 100644 docs/artifacts/b1de6987-8646-48b9-9681-3196b59aa11b/implementation_plan.md.resolved.2
 create mode 100644 docs/artifacts/b1de6987-8646-48b9-9681-3196b59aa11b/implementation_plan.md.resolved.3
 create mode 100644 docs/artifacts/b1de6987-8646-48b9-9681-3196b59aa11b/implementation_plan.md.resolved.4
 create mode 100644 docs/artifacts/b1de6987-8646-48b9-9681-3196b59aa11b/task.md
 create mode 100644 docs/artifacts/b1de6987-8646-48b9-9681-3196b59aa11b/task.md.metadata.json
 create mode 100644 docs/artifacts/b1de6987-8646-48b9-9681-3196b59aa11b/task.md.resolved
 create mode 100644 docs/artifacts/b1de6987-8646-48b9-9681-3196b59aa11b/task.md.resolved.0
 create mode 100644 docs/artifacts/b1de6987-8646-48b9-9681-3196b59aa11b/task.md.resolved.1
 create mode 100644 docs/artifacts/b1de6987-8646-48b9-9681-3196b59aa11b/task.md.resolved.10
 create mode 100644 docs/artifacts/b1de6987-8646-48b9-9681-3196b59aa11b/task.md.resolved.11
 create mode 100644 docs/artifacts/b1de6987-8646-48b9-9681-3196b59aa11b/task.md.resolved.12
 create mode 100644 docs/artifacts/b1de6987-8646-48b9-9681-3196b59aa11b/task.md.resolved.13
 create mode 100644 docs/artifacts/b1de6987-8646-48b9-9681-3196b59aa11b/task.md.resolved.14
 create mode 100644 docs/artifacts/b1de6987-8646-48b9-9681-3196b59aa11b/task.md.resolved.15
 create mode 100644 docs/artifacts/b1de6987-8646-48b9-9681-3196b59aa11b/task.md.resolved.16
 create mode 100644 docs/artifacts/b1de6987-8646-48b9-9681-3196b59aa11b/task.md.resolved.17
 create mode 100644 docs/artifacts/b1de6987-8646-48b9-9681-3196b59aa11b/task.md.resolved.18
 create mode 100644 docs/artifacts/b1de6987-8646-48b9-9681-3196b59aa11b/task.md.resolved.19
 create mode 100644 docs/artifacts/b1de6987-8646-48b9-9681-3196b59aa11b/task.md.resolved.2
 create mode 100644 docs/artifacts/b1de6987-8646-48b9-9681-3196b59aa11b/task.md.resolved.20
 create mode 100644 docs/artifacts/b1de6987-8646-48b9-9681-3196b59aa11b/task.md.resolved.21
 create mode 100644 docs/artifacts/b1de6987-8646-48b9-9681-3196b59aa11b/task.md.resolved.22
 create mode 100644 docs/artifacts/b1de6987-8646-48b9-9681-3196b59aa11b/task.md.resolved.23
 create mode 100644 docs/artifacts/b1de6987-8646-48b9-9681-3196b59aa11b/task.md.resolved.24
 create mode 100644 docs/artifacts/b1de6987-8646-48b9-9681-3196b59aa11b/task.md.resolved.25
 create mode 100644 docs/artifacts/b1de6987-8646-48b9-9681-3196b59aa11b/task.md.resolved.3
 create mode 100644 docs/artifacts/b1de6987-8646-48b9-9681-3196b59aa11b/task.md.resolved.4
 create mode 100644 docs/artifacts/b1de6987-8646-48b9-9681-3196b59aa11b/task.md.resolved.5
 create mode 100644 docs/artifacts/b1de6987-8646-48b9-9681-3196b59aa11b/task.md.resolved.6
 create mode 100644 docs/artifacts/b1de6987-8646-48b9-9681-3196b59aa11b/task.md.resolved.7
 create mode 100644 docs/artifacts/b1de6987-8646-48b9-9681-3196b59aa11b/task.md.resolved.8
 create mode 100644 docs/artifacts/b1de6987-8646-48b9-9681-3196b59aa11b/task.md.resolved.9
 create mode 100644 docs/artifacts/b1de6987-8646-48b9-9681-3196b59aa11b/uploaded_image_1766900884743.png
 create mode 100644 docs/artifacts/b1de6987-8646-48b9-9681-3196b59aa11b/walkthrough.md
 create mode 100644 docs/artifacts/b1de6987-8646-48b9-9681-3196b59aa11b/walkthrough.md.metadata.json
 create mode 100644 docs/artifacts/b1de6987-8646-48b9-9681-3196b59aa11b/walkthrough.md.resolved
 create mode 100644 docs/artifacts/b1de6987-8646-48b9-9681-3196b59aa11b/walkthrough.md.resolved.0
 create mode 100644 docs/artifacts/b1de6987-8646-48b9-9681-3196b59aa11b/walkthrough.md.resolved.1
 create mode 100644 docs/artifacts/b1de6987-8646-48b9-9681-3196b59aa11b/walkthrough.md.resolved.10
 create mode 100644 docs/artifacts/b1de6987-8646-48b9-9681-3196b59aa11b/walkthrough.md.resolved.11
 create mode 100644 docs/artifacts/b1de6987-8646-48b9-9681-3196b59aa11b/walkthrough.md.resolved.12
 create mode 100644 docs/artifacts/b1de6987-8646-48b9-9681-3196b59aa11b/walkthrough.md.resolved.2
 create mode 100644 docs/artifacts/b1de6987-8646-48b9-9681-3196b59aa11b/walkthrough.md.resolved.3
 create mode 100644 docs/artifacts/b1de6987-8646-48b9-9681-3196b59aa11b/walkthrough.md.resolved.4
 create mode 100644 docs/artifacts/b1de6987-8646-48b9-9681-3196b59aa11b/walkthrough.md.resolved.5
 create mode 100644 docs/artifacts/b1de6987-8646-48b9-9681-3196b59aa11b/walkthrough.md.resolved.6
 create mode 100644 docs/artifacts/b1de6987-8646-48b9-9681-3196b59aa11b/walkthrough.md.resolved.7
 create mode 100644 docs/artifacts/b1de6987-8646-48b9-9681-3196b59aa11b/walkthrough.md.resolved.8
 create mode 100644 docs/artifacts/b1de6987-8646-48b9-9681-3196b59aa11b/walkthrough.md.resolved.9
 create mode 100644 docs/artifacts/b4794c20-9def-408c-bfce-3f177584f172/implementation_plan.md
 create mode 100644 docs/artifacts/b4794c20-9def-408c-bfce-3f177584f172/implementation_plan.md.metadata.json
 create mode 100644 docs/artifacts/b4794c20-9def-408c-bfce-3f177584f172/implementation_plan.md.resolved
 create mode 100644 docs/artifacts/b4794c20-9def-408c-bfce-3f177584f172/implementation_plan.md.resolved.0
 create mode 100644 docs/artifacts/b4794c20-9def-408c-bfce-3f177584f172/implementation_plan.md.resolved.1
 create mode 100644 docs/artifacts/b4794c20-9def-408c-bfce-3f177584f172/implementation_plan.md.resolved.2
 create mode 100644 docs/artifacts/b4794c20-9def-408c-bfce-3f177584f172/implementation_plan.md.resolved.3
 create mode 100644 docs/artifacts/b4794c20-9def-408c-bfce-3f177584f172/implementation_plan.md.resolved.4
 create mode 100644 docs/artifacts/b4794c20-9def-408c-bfce-3f177584f172/implementation_plan.md.resolved.5
 create mode 100644 docs/artifacts/b4794c20-9def-408c-bfce-3f177584f172/implementation_plan.md.resolved.6
 create mode 100644 docs/artifacts/b4794c20-9def-408c-bfce-3f177584f172/implementation_plan.md.resolved.7
 create mode 100644 docs/artifacts/b4794c20-9def-408c-bfce-3f177584f172/implementation_plan.md.resolved.8
 create mode 100644 docs/artifacts/b4794c20-9def-408c-bfce-3f177584f172/implementation_plan.md.resolved.9
 create mode 100644 docs/artifacts/b4794c20-9def-408c-bfce-3f177584f172/task.md
 create mode 100644 docs/artifacts/b4794c20-9def-408c-bfce-3f177584f172/task.md.metadata.json
 create mode 100644 docs/artifacts/b4794c20-9def-408c-bfce-3f177584f172/task.md.resolved
 create mode 100644 docs/artifacts/b4794c20-9def-408c-bfce-3f177584f172/task.md.resolved.0
 create mode 100644 docs/artifacts/b4794c20-9def-408c-bfce-3f177584f172/task.md.resolved.1
 create mode 100644 docs/artifacts/b4794c20-9def-408c-bfce-3f177584f172/task.md.resolved.10
 create mode 100644 docs/artifacts/b4794c20-9def-408c-bfce-3f177584f172/task.md.resolved.11
 create mode 100644 docs/artifacts/b4794c20-9def-408c-bfce-3f177584f172/task.md.resolved.12
 create mode 100644 docs/artifacts/b4794c20-9def-408c-bfce-3f177584f172/task.md.resolved.13
 create mode 100644 docs/artifacts/b4794c20-9def-408c-bfce-3f177584f172/task.md.resolved.14
 create mode 100644 docs/artifacts/b4794c20-9def-408c-bfce-3f177584f172/task.md.resolved.15
 create mode 100644 docs/artifacts/b4794c20-9def-408c-bfce-3f177584f172/task.md.resolved.16
 create mode 100644 docs/artifacts/b4794c20-9def-408c-bfce-3f177584f172/task.md.resolved.17
 create mode 100644 docs/artifacts/b4794c20-9def-408c-bfce-3f177584f172/task.md.resolved.18
 create mode 100644 docs/artifacts/b4794c20-9def-408c-bfce-3f177584f172/task.md.resolved.19
 create mode 100644 docs/artifacts/b4794c20-9def-408c-bfce-3f177584f172/task.md.resolved.2
 create mode 100644 docs/artifacts/b4794c20-9def-408c-bfce-3f177584f172/task.md.resolved.20
 create mode 100644 docs/artifacts/b4794c20-9def-408c-bfce-3f177584f172/task.md.resolved.21
 create mode 100644 docs/artifacts/b4794c20-9def-408c-bfce-3f177584f172/task.md.resolved.22
 create mode 100644 docs/artifacts/b4794c20-9def-408c-bfce-3f177584f172/task.md.resolved.23
 create mode 100644 docs/artifacts/b4794c20-9def-408c-bfce-3f177584f172/task.md.resolved.24
 create mode 100644 docs/artifacts/b4794c20-9def-408c-bfce-3f177584f172/task.md.resolved.25
 create mode 100644 docs/artifacts/b4794c20-9def-408c-bfce-3f177584f172/task.md.resolved.26
 create mode 100644 docs/artifacts/b4794c20-9def-408c-bfce-3f177584f172/task.md.resolved.27
 create mode 100644 docs/artifacts/b4794c20-9def-408c-bfce-3f177584f172/task.md.resolved.28
 create mode 100644 docs/artifacts/b4794c20-9def-408c-bfce-3f177584f172/task.md.resolved.29
 create mode 100644 docs/artifacts/b4794c20-9def-408c-bfce-3f177584f172/task.md.resolved.3
 create mode 100644 docs/artifacts/b4794c20-9def-408c-bfce-3f177584f172/task.md.resolved.30
 create mode 100644 docs/artifacts/b4794c20-9def-408c-bfce-3f177584f172/task.md.resolved.31
 create mode 100644 docs/artifacts/b4794c20-9def-408c-bfce-3f177584f172/task.md.resolved.32
 create mode 100644 docs/artifacts/b4794c20-9def-408c-bfce-3f177584f172/task.md.resolved.33
 create mode 100644 docs/artifacts/b4794c20-9def-408c-bfce-3f177584f172/task.md.resolved.34
 create mode 100644 docs/artifacts/b4794c20-9def-408c-bfce-3f177584f172/task.md.resolved.35
 create mode 100644 docs/artifacts/b4794c20-9def-408c-bfce-3f177584f172/task.md.resolved.36
 create mode 100644 docs/artifacts/b4794c20-9def-408c-bfce-3f177584f172/task.md.resolved.37
 create mode 100644 docs/artifacts/b4794c20-9def-408c-bfce-3f177584f172/task.md.resolved.38
 create mode 100644 docs/artifacts/b4794c20-9def-408c-bfce-3f177584f172/task.md.resolved.39
 create mode 100644 docs/artifacts/b4794c20-9def-408c-bfce-3f177584f172/task.md.resolved.4
 create mode 100644 docs/artifacts/b4794c20-9def-408c-bfce-3f177584f172/task.md.resolved.40
 create mode 100644 docs/artifacts/b4794c20-9def-408c-bfce-3f177584f172/task.md.resolved.41
 create mode 100644 docs/artifacts/b4794c20-9def-408c-bfce-3f177584f172/task.md.resolved.42
 create mode 100644 docs/artifacts/b4794c20-9def-408c-bfce-3f177584f172/task.md.resolved.43
 create mode 100644 docs/artifacts/b4794c20-9def-408c-bfce-3f177584f172/task.md.resolved.44
 create mode 100644 docs/artifacts/b4794c20-9def-408c-bfce-3f177584f172/task.md.resolved.45
 create mode 100644 docs/artifacts/b4794c20-9def-408c-bfce-3f177584f172/task.md.resolved.46
 create mode 100644 docs/artifacts/b4794c20-9def-408c-bfce-3f177584f172/task.md.resolved.47
 create mode 100644 docs/artifacts/b4794c20-9def-408c-bfce-3f177584f172/task.md.resolved.48
 create mode 100644 docs/artifacts/b4794c20-9def-408c-bfce-3f177584f172/task.md.resolved.49
 create mode 100644 docs/artifacts/b4794c20-9def-408c-bfce-3f177584f172/task.md.resolved.5
 create mode 100644 docs/artifacts/b4794c20-9def-408c-bfce-3f177584f172/task.md.resolved.50
 create mode 100644 docs/artifacts/b4794c20-9def-408c-bfce-3f177584f172/task.md.resolved.51
 create mode 100644 docs/artifacts/b4794c20-9def-408c-bfce-3f177584f172/task.md.resolved.52
 create mode 100644 docs/artifacts/b4794c20-9def-408c-bfce-3f177584f172/task.md.resolved.53
 create mode 100644 docs/artifacts/b4794c20-9def-408c-bfce-3f177584f172/task.md.resolved.54
 create mode 100644 docs/artifacts/b4794c20-9def-408c-bfce-3f177584f172/task.md.resolved.6
 create mode 100644 docs/artifacts/b4794c20-9def-408c-bfce-3f177584f172/task.md.resolved.7
 create mode 100644 docs/artifacts/b4794c20-9def-408c-bfce-3f177584f172/task.md.resolved.8
 create mode 100644 docs/artifacts/b4794c20-9def-408c-bfce-3f177584f172/task.md.resolved.9
 create mode 100644 docs/artifacts/b4794c20-9def-408c-bfce-3f177584f172/uploaded_image_0_1765753810267.jpg
 create mode 100644 docs/artifacts/b4794c20-9def-408c-bfce-3f177584f172/uploaded_image_0_1765779344812.png
 create mode 100644 docs/artifacts/b4794c20-9def-408c-bfce-3f177584f172/uploaded_image_0_1765784877522.png
 create mode 100644 docs/artifacts/b4794c20-9def-408c-bfce-3f177584f172/uploaded_image_1765769405482.png
 create mode 100644 docs/artifacts/b4794c20-9def-408c-bfce-3f177584f172/uploaded_image_1765769575929.png
 create mode 100644 docs/artifacts/b4794c20-9def-408c-bfce-3f177584f172/uploaded_image_1765769606546.png
 create mode 100644 docs/artifacts/b4794c20-9def-408c-bfce-3f177584f172/uploaded_image_1765770358447.png
 create mode 100644 docs/artifacts/b4794c20-9def-408c-bfce-3f177584f172/uploaded_image_1765777261765.png
 create mode 100644 docs/artifacts/b4794c20-9def-408c-bfce-3f177584f172/uploaded_image_1765777716776.png
 create mode 100644 docs/artifacts/b4794c20-9def-408c-bfce-3f177584f172/uploaded_image_1765779731712.png
 create mode 100644 docs/artifacts/b4794c20-9def-408c-bfce-3f177584f172/uploaded_image_1765784212229.png
 create mode 100644 docs/artifacts/b4794c20-9def-408c-bfce-3f177584f172/uploaded_image_1765797952723.png
 create mode 100644 docs/artifacts/b4794c20-9def-408c-bfce-3f177584f172/uploaded_image_1_1765753810267.jpg
 create mode 100644 docs/artifacts/b4794c20-9def-408c-bfce-3f177584f172/uploaded_image_1_1765779344812.png
 create mode 100644 docs/artifacts/b4794c20-9def-408c-bfce-3f177584f172/uploaded_image_1_1765784877522.png
 create mode 100644 docs/artifacts/b4794c20-9def-408c-bfce-3f177584f172/uploaded_image_2_1765753810267.jpg
 create mode 100644 docs/artifacts/b4794c20-9def-408c-bfce-3f177584f172/uploaded_image_3_1765753810267.jpg
 create mode 100644 docs/artifacts/b4794c20-9def-408c-bfce-3f177584f172/uploaded_image_4_1765753810267.jpg
 create mode 100644 docs/artifacts/b4794c20-9def-408c-bfce-3f177584f172/walkthrough.md
 create mode 100644 docs/artifacts/b4794c20-9def-408c-bfce-3f177584f172/walkthrough.md.metadata.json
 create mode 100644 docs/artifacts/b4794c20-9def-408c-bfce-3f177584f172/walkthrough.md.resolved
 create mode 100644 docs/artifacts/b4794c20-9def-408c-bfce-3f177584f172/walkthrough.md.resolved.0
 create mode 100644 docs/artifacts/b4794c20-9def-408c-bfce-3f177584f172/walkthrough.md.resolved.1
 create mode 100644 docs/artifacts/b4794c20-9def-408c-bfce-3f177584f172/walkthrough.md.resolved.2
 create mode 100644 docs/artifacts/b4794c20-9def-408c-bfce-3f177584f172/walkthrough.md.resolved.3
 create mode 100644 docs/artifacts/b4794c20-9def-408c-bfce-3f177584f172/walkthrough.md.resolved.4
 create mode 100644 docs/artifacts/b4794c20-9def-408c-bfce-3f177584f172/walkthrough.md.resolved.5
 create mode 100644 docs/artifacts/b4794c20-9def-408c-bfce-3f177584f172/walkthrough.md.resolved.6
 create mode 100644 docs/artifacts/b4794c20-9def-408c-bfce-3f177584f172/walkthrough.md.resolved.7
 create mode 100644 docs/artifacts/b4794c20-9def-408c-bfce-3f177584f172/walkthrough.md.resolved.8
 create mode 100644 docs/artifacts/ba05441d-55ba-4be1-8c39-8d5eeb4e137e/implementation_plan.md
 create mode 100644 docs/artifacts/ba05441d-55ba-4be1-8c39-8d5eeb4e137e/implementation_plan.md.metadata.json
 create mode 100644 docs/artifacts/ba05441d-55ba-4be1-8c39-8d5eeb4e137e/implementation_plan.md.resolved
 create mode 100644 docs/artifacts/ba05441d-55ba-4be1-8c39-8d5eeb4e137e/implementation_plan.md.resolved.0
 create mode 100644 docs/artifacts/ba05441d-55ba-4be1-8c39-8d5eeb4e137e/implementation_plan.md.resolved.1
 create mode 100644 docs/artifacts/ba05441d-55ba-4be1-8c39-8d5eeb4e137e/implementation_plan.md.resolved.2
 create mode 100644 docs/artifacts/ba05441d-55ba-4be1-8c39-8d5eeb4e137e/implementation_plan.md.resolved.3
 create mode 100644 docs/artifacts/ba05441d-55ba-4be1-8c39-8d5eeb4e137e/implementation_plan.md.resolved.4
 create mode 100644 docs/artifacts/ba05441d-55ba-4be1-8c39-8d5eeb4e137e/implementation_plan.md.resolved.5
 create mode 100644 docs/artifacts/ba05441d-55ba-4be1-8c39-8d5eeb4e137e/implementation_plan.md.resolved.6
 create mode 100644 docs/artifacts/ba05441d-55ba-4be1-8c39-8d5eeb4e137e/implementation_plan.md.resolved.7
 create mode 100644 docs/artifacts/ba05441d-55ba-4be1-8c39-8d5eeb4e137e/implementation_plan.md.resolved.8
 create mode 100644 docs/artifacts/ba05441d-55ba-4be1-8c39-8d5eeb4e137e/optimization_test_plan.md
 create mode 100644 docs/artifacts/ba05441d-55ba-4be1-8c39-8d5eeb4e137e/optimization_test_plan.md.metadata.json
 create mode 100644 docs/artifacts/ba05441d-55ba-4be1-8c39-8d5eeb4e137e/optimization_test_plan.md.resolved
 create mode 100644 docs/artifacts/ba05441d-55ba-4be1-8c39-8d5eeb4e137e/optimization_test_plan.md.resolved.0
 create mode 100644 docs/artifacts/ba05441d-55ba-4be1-8c39-8d5eeb4e137e/task.md
 create mode 100644 docs/artifacts/ba05441d-55ba-4be1-8c39-8d5eeb4e137e/task.md.metadata.json
 create mode 100644 docs/artifacts/ba05441d-55ba-4be1-8c39-8d5eeb4e137e/task.md.resolved
 create mode 100644 docs/artifacts/ba05441d-55ba-4be1-8c39-8d5eeb4e137e/task.md.resolved.0
 create mode 100644 docs/artifacts/ba05441d-55ba-4be1-8c39-8d5eeb4e137e/task.md.resolved.1
 create mode 100644 docs/artifacts/ba05441d-55ba-4be1-8c39-8d5eeb4e137e/task.md.resolved.10
 create mode 100644 docs/artifacts/ba05441d-55ba-4be1-8c39-8d5eeb4e137e/task.md.resolved.11
 create mode 100644 docs/artifacts/ba05441d-55ba-4be1-8c39-8d5eeb4e137e/task.md.resolved.12
 create mode 100644 docs/artifacts/ba05441d-55ba-4be1-8c39-8d5eeb4e137e/task.md.resolved.13
 create mode 100644 docs/artifacts/ba05441d-55ba-4be1-8c39-8d5eeb4e137e/task.md.resolved.14
 create mode 100644 docs/artifacts/ba05441d-55ba-4be1-8c39-8d5eeb4e137e/task.md.resolved.15
 create mode 100644 docs/artifacts/ba05441d-55ba-4be1-8c39-8d5eeb4e137e/task.md.resolved.16
 create mode 100644 docs/artifacts/ba05441d-55ba-4be1-8c39-8d5eeb4e137e/task.md.resolved.17
 create mode 100644 docs/artifacts/ba05441d-55ba-4be1-8c39-8d5eeb4e137e/task.md.resolved.18
 create mode 100644 docs/artifacts/ba05441d-55ba-4be1-8c39-8d5eeb4e137e/task.md.resolved.19
 create mode 100644 docs/artifacts/ba05441d-55ba-4be1-8c39-8d5eeb4e137e/task.md.resolved.2
 create mode 100644 docs/artifacts/ba05441d-55ba-4be1-8c39-8d5eeb4e137e/task.md.resolved.20
 create mode 100644 docs/artifacts/ba05441d-55ba-4be1-8c39-8d5eeb4e137e/task.md.resolved.21
 create mode 100644 docs/artifacts/ba05441d-55ba-4be1-8c39-8d5eeb4e137e/task.md.resolved.22
 create mode 100644 docs/artifacts/ba05441d-55ba-4be1-8c39-8d5eeb4e137e/task.md.resolved.23
 create mode 100644 docs/artifacts/ba05441d-55ba-4be1-8c39-8d5eeb4e137e/task.md.resolved.24
 create mode 100644 docs/artifacts/ba05441d-55ba-4be1-8c39-8d5eeb4e137e/task.md.resolved.25
 create mode 100644 docs/artifacts/ba05441d-55ba-4be1-8c39-8d5eeb4e137e/task.md.resolved.26
 create mode 100644 docs/artifacts/ba05441d-55ba-4be1-8c39-8d5eeb4e137e/task.md.resolved.27
 create mode 100644 docs/artifacts/ba05441d-55ba-4be1-8c39-8d5eeb4e137e/task.md.resolved.28
 create mode 100644 docs/artifacts/ba05441d-55ba-4be1-8c39-8d5eeb4e137e/task.md.resolved.29
 create mode 100644 docs/artifacts/ba05441d-55ba-4be1-8c39-8d5eeb4e137e/task.md.resolved.3
 create mode 100644 docs/artifacts/ba05441d-55ba-4be1-8c39-8d5eeb4e137e/task.md.resolved.30
 create mode 100644 docs/artifacts/ba05441d-55ba-4be1-8c39-8d5eeb4e137e/task.md.resolved.31
 create mode 100644 docs/artifacts/ba05441d-55ba-4be1-8c39-8d5eeb4e137e/task.md.resolved.32
 create mode 100644 docs/artifacts/ba05441d-55ba-4be1-8c39-8d5eeb4e137e/task.md.resolved.33
 create mode 100644 docs/artifacts/ba05441d-55ba-4be1-8c39-8d5eeb4e137e/task.md.resolved.34
 create mode 100644 docs/artifacts/ba05441d-55ba-4be1-8c39-8d5eeb4e137e/task.md.resolved.35
 create mode 100644 docs/artifacts/ba05441d-55ba-4be1-8c39-8d5eeb4e137e/task.md.resolved.36
 create mode 100644 docs/artifacts/ba05441d-55ba-4be1-8c39-8d5eeb4e137e/task.md.resolved.37
 create mode 100644 docs/artifacts/ba05441d-55ba-4be1-8c39-8d5eeb4e137e/task.md.resolved.38
 create mode 100644 docs/artifacts/ba05441d-55ba-4be1-8c39-8d5eeb4e137e/task.md.resolved.39
 create mode 100644 docs/artifacts/ba05441d-55ba-4be1-8c39-8d5eeb4e137e/task.md.resolved.4
 create mode 100644 docs/artifacts/ba05441d-55ba-4be1-8c39-8d5eeb4e137e/task.md.resolved.40
 create mode 100644 docs/artifacts/ba05441d-55ba-4be1-8c39-8d5eeb4e137e/task.md.resolved.5
 create mode 100644 docs/artifacts/ba05441d-55ba-4be1-8c39-8d5eeb4e137e/task.md.resolved.6
 create mode 100644 docs/artifacts/ba05441d-55ba-4be1-8c39-8d5eeb4e137e/task.md.resolved.7
 create mode 100644 docs/artifacts/ba05441d-55ba-4be1-8c39-8d5eeb4e137e/task.md.resolved.8
 create mode 100644 docs/artifacts/ba05441d-55ba-4be1-8c39-8d5eeb4e137e/task.md.resolved.9
 create mode 100644 docs/artifacts/ba05441d-55ba-4be1-8c39-8d5eeb4e137e/uploaded_image_0_1764432835186.png
 create mode 100644 docs/artifacts/ba05441d-55ba-4be1-8c39-8d5eeb4e137e/uploaded_image_0_1764486751765.png
 create mode 100644 docs/artifacts/ba05441d-55ba-4be1-8c39-8d5eeb4e137e/uploaded_image_0_1764498640519.jpg
 create mode 100644 docs/artifacts/ba05441d-55ba-4be1-8c39-8d5eeb4e137e/uploaded_image_0_1764618202696.png
 create mode 100644 docs/artifacts/ba05441d-55ba-4be1-8c39-8d5eeb4e137e/uploaded_image_1764335115144.png
 create mode 100644 docs/artifacts/ba05441d-55ba-4be1-8c39-8d5eeb4e137e/uploaded_image_1764395755033.png
 create mode 100644 docs/artifacts/ba05441d-55ba-4be1-8c39-8d5eeb4e137e/uploaded_image_1764430390011.png
 create mode 100644 docs/artifacts/ba05441d-55ba-4be1-8c39-8d5eeb4e137e/uploaded_image_1764430997710.png
 create mode 100644 docs/artifacts/ba05441d-55ba-4be1-8c39-8d5eeb4e137e/uploaded_image_1764431595943.png
 create mode 100644 docs/artifacts/ba05441d-55ba-4be1-8c39-8d5eeb4e137e/uploaded_image_1764485796008.png
 create mode 100644 docs/artifacts/ba05441d-55ba-4be1-8c39-8d5eeb4e137e/uploaded_image_1764492471965.png
 create mode 100644 docs/artifacts/ba05441d-55ba-4be1-8c39-8d5eeb4e137e/uploaded_image_1764618519103.png
 create mode 100644 docs/artifacts/ba05441d-55ba-4be1-8c39-8d5eeb4e137e/uploaded_image_1_1764432835186.png
 create mode 100644 docs/artifacts/ba05441d-55ba-4be1-8c39-8d5eeb4e137e/uploaded_image_1_1764486751765.png
 create mode 100644 docs/artifacts/ba05441d-55ba-4be1-8c39-8d5eeb4e137e/uploaded_image_1_1764498640519.jpg
 create mode 100644 docs/artifacts/ba05441d-55ba-4be1-8c39-8d5eeb4e137e/uploaded_image_1_1764618202696.png
 create mode 100644 docs/artifacts/ba05441d-55ba-4be1-8c39-8d5eeb4e137e/uploaded_image_2_1764498640519.jpg
 create mode 100644 docs/artifacts/ba05441d-55ba-4be1-8c39-8d5eeb4e137e/uploaded_image_3_1764498640519.jpg
 create mode 100644 docs/artifacts/ba05441d-55ba-4be1-8c39-8d5eeb4e137e/uploaded_image_4_1764498640519.jpg
 create mode 100644 docs/artifacts/ba05441d-55ba-4be1-8c39-8d5eeb4e137e/walkthrough.md
 create mode 100644 docs/artifacts/ba05441d-55ba-4be1-8c39-8d5eeb4e137e/walkthrough.md.metadata.json
 create mode 100644 docs/artifacts/ba05441d-55ba-4be1-8c39-8d5eeb4e137e/walkthrough.md.resolved
 create mode 100644 docs/artifacts/ba05441d-55ba-4be1-8c39-8d5eeb4e137e/walkthrough.md.resolved.0
 create mode 100644 docs/artifacts/ba05441d-55ba-4be1-8c39-8d5eeb4e137e/walkthrough.md.resolved.1
 create mode 100644 docs/artifacts/ba05441d-55ba-4be1-8c39-8d5eeb4e137e/walkthrough.md.resolved.2
 create mode 100644 docs/artifacts/ba05441d-55ba-4be1-8c39-8d5eeb4e137e/walkthrough.md.resolved.3
 create mode 100644 docs/artifacts/ba05441d-55ba-4be1-8c39-8d5eeb4e137e/walkthrough.md.resolved.4
 create mode 100644 docs/artifacts/c3e1fd7e-17df-4f91-91ce-18af4123e908/.system_generated/messages/1031b2d8-37ca-401b-b931-b9037159b673.json
 create mode 100644 docs/artifacts/c3e1fd7e-17df-4f91-91ce-18af4123e908/.system_generated/messages/67dd5de3-32a0-4cd5-bddd-acef57a293fa.json
 create mode 100644 docs/artifacts/c3e1fd7e-17df-4f91-91ce-18af4123e908/.system_generated/messages/acbeb1b9-e034-4c48-afcc-8ff8fd79f9df.json
 create mode 100644 docs/artifacts/c3e1fd7e-17df-4f91-91ce-18af4123e908/.system_generated/messages/adf6b601-0ec0-4167-a612-d781b1fe37ef.json
 create mode 100644 docs/artifacts/c3e1fd7e-17df-4f91-91ce-18af4123e908/.system_generated/messages/beb39001-d342-409a-bf47-d84117d80424.json
 create mode 100644 docs/artifacts/c3e1fd7e-17df-4f91-91ce-18af4123e908/.system_generated/messages/cursor.json
 create mode 100644 docs/artifacts/c3e1fd7e-17df-4f91-91ce-18af4123e908/.system_generated/messages/read.json
 create mode 100644 docs/artifacts/c3e1fd7e-17df-4f91-91ce-18af4123e908/.system_generated/steps/13/content.md
 create mode 100644 docs/artifacts/c3e1fd7e-17df-4f91-91ce-18af4123e908/.system_generated/steps/14/content.md
 create mode 100644 docs/artifacts/c3e1fd7e-17df-4f91-91ce-18af4123e908/.system_generated/steps/27/content.md
 create mode 100644 docs/artifacts/c3e1fd7e-17df-4f91-91ce-18af4123e908/.system_generated/steps/28/content.md
 create mode 100644 docs/artifacts/c3e1fd7e-17df-4f91-91ce-18af4123e908/.system_generated/steps/5/content.md
 create mode 100644 docs/artifacts/c3e1fd7e-17df-4f91-91ce-18af4123e908/.system_generated/tasks/task-139.log
 create mode 100644 docs/artifacts/c3e1fd7e-17df-4f91-91ce-18af4123e908/.system_generated/tasks/task-183.log
 create mode 100644 docs/artifacts/c3e1fd7e-17df-4f91-91ce-18af4123e908/.system_generated/tasks/task-192.log
 create mode 100644 docs/artifacts/c3e1fd7e-17df-4f91-91ce-18af4123e908/.system_generated/tasks/task-325.log
 create mode 100644 docs/artifacts/c3e1fd7e-17df-4f91-91ce-18af4123e908/fixes_applied.md
 create mode 100644 docs/artifacts/c3e1fd7e-17df-4f91-91ce-18af4123e908/fixes_applied.md.metadata.json
 create mode 100644 docs/artifacts/c3e1fd7e-17df-4f91-91ce-18af4123e908/media__1780337986372.png
 create mode 100644 docs/artifacts/c3e1fd7e-17df-4f91-91ce-18af4123e908/media__1780338048331.png
 create mode 100644 docs/artifacts/c3e1fd7e-17df-4f91-91ce-18af4123e908/project_audit_report.md
 create mode 100644 docs/artifacts/c3e1fd7e-17df-4f91-91ce-18af4123e908/project_audit_report.md.metadata.json
 create mode 100644 docs/artifacts/c3e1fd7e-17df-4f91-91ce-18af4123e908/ui_audit_report.md
 create mode 100644 docs/artifacts/c3e1fd7e-17df-4f91-91ce-18af4123e908/ui_audit_report.md.metadata.json
 create mode 100644 docs/artifacts/c79cb5ff-50a2-4d4f-9b13-277f8633835b/.system_generated/click_feedback/click_feedback_1772389059481.png
 create mode 100644 docs/artifacts/c79cb5ff-50a2-4d4f-9b13-277f8633835b/.system_generated/click_feedback/click_feedback_1772389197806.png
 create mode 100644 docs/artifacts/c79cb5ff-50a2-4d4f-9b13-277f8633835b/.system_generated/click_feedback/click_feedback_1772389420318.png
 create mode 100644 docs/artifacts/c79cb5ff-50a2-4d4f-9b13-277f8633835b/.system_generated/click_feedback/click_feedback_1772390119848.png
 create mode 100644 docs/artifacts/c79cb5ff-50a2-4d4f-9b13-277f8633835b/.system_generated/click_feedback/click_feedback_1772390136610.png
 create mode 100644 docs/artifacts/c79cb5ff-50a2-4d4f-9b13-277f8633835b/.tempmediaStorage/dom_1772388947404.txt
 create mode 100644 docs/artifacts/c79cb5ff-50a2-4d4f-9b13-277f8633835b/.tempmediaStorage/dom_1772388957300.txt
 create mode 100644 docs/artifacts/c79cb5ff-50a2-4d4f-9b13-277f8633835b/.tempmediaStorage/dom_1772388961921.txt
 create mode 100644 docs/artifacts/c79cb5ff-50a2-4d4f-9b13-277f8633835b/.tempmediaStorage/dom_1772388968395.txt
 create mode 100644 docs/artifacts/c79cb5ff-50a2-4d4f-9b13-277f8633835b/.tempmediaStorage/dom_1772389050952.txt
 create mode 100644 docs/artifacts/c79cb5ff-50a2-4d4f-9b13-277f8633835b/.tempmediaStorage/dom_1772389053190.txt
 create mode 100644 docs/artifacts/c79cb5ff-50a2-4d4f-9b13-277f8633835b/.tempmediaStorage/dom_1772389061358.txt
 create mode 100644 docs/artifacts/c79cb5ff-50a2-4d4f-9b13-277f8633835b/.tempmediaStorage/dom_1772389183259.txt
 create mode 100644 docs/artifacts/c79cb5ff-50a2-4d4f-9b13-277f8633835b/.tempmediaStorage/dom_1772389191316.txt
 create mode 100644 docs/artifacts/c79cb5ff-50a2-4d4f-9b13-277f8633835b/.tempmediaStorage/dom_1772389199450.txt
 create mode 100644 docs/artifacts/c79cb5ff-50a2-4d4f-9b13-277f8633835b/.tempmediaStorage/dom_1772389245789.txt
 create mode 100644 docs/artifacts/c79cb5ff-50a2-4d4f-9b13-277f8633835b/.tempmediaStorage/dom_1772389251577.txt
 create mode 100644 docs/artifacts/c79cb5ff-50a2-4d4f-9b13-277f8633835b/.tempmediaStorage/dom_1772389377676.txt
 create mode 100644 docs/artifacts/c79cb5ff-50a2-4d4f-9b13-277f8633835b/.tempmediaStorage/dom_1772389386333.txt
 create mode 100644 docs/artifacts/c79cb5ff-50a2-4d4f-9b13-277f8633835b/.tempmediaStorage/dom_1772389394311.txt
 create mode 100644 docs/artifacts/c79cb5ff-50a2-4d4f-9b13-277f8633835b/.tempmediaStorage/dom_1772389403679.txt
 create mode 100644 docs/artifacts/c79cb5ff-50a2-4d4f-9b13-277f8633835b/.tempmediaStorage/dom_1772389412356.txt
 create mode 100644 docs/artifacts/c79cb5ff-50a2-4d4f-9b13-277f8633835b/.tempmediaStorage/dom_1772389422269.txt
 create mode 100644 docs/artifacts/c79cb5ff-50a2-4d4f-9b13-277f8633835b/.tempmediaStorage/dom_1772389449699.txt
 create mode 100644 docs/artifacts/c79cb5ff-50a2-4d4f-9b13-277f8633835b/.tempmediaStorage/dom_1772389470595.txt
 create mode 100644 docs/artifacts/c79cb5ff-50a2-4d4f-9b13-277f8633835b/.tempmediaStorage/dom_1772389481418.txt
 create mode 100644 docs/artifacts/c79cb5ff-50a2-4d4f-9b13-277f8633835b/.tempmediaStorage/dom_1772389795335.txt
 create mode 100644 docs/artifacts/c79cb5ff-50a2-4d4f-9b13-277f8633835b/.tempmediaStorage/dom_1772389804808.txt
 create mode 100644 docs/artifacts/c79cb5ff-50a2-4d4f-9b13-277f8633835b/.tempmediaStorage/dom_1772389816430.txt
 create mode 100644 docs/artifacts/c79cb5ff-50a2-4d4f-9b13-277f8633835b/.tempmediaStorage/dom_1772389831683.txt
 create mode 100644 docs/artifacts/c79cb5ff-50a2-4d4f-9b13-277f8633835b/.tempmediaStorage/dom_1772389836463.txt
 create mode 100644 docs/artifacts/c79cb5ff-50a2-4d4f-9b13-277f8633835b/.tempmediaStorage/dom_1772389842481.txt
 create mode 100644 docs/artifacts/c79cb5ff-50a2-4d4f-9b13-277f8633835b/.tempmediaStorage/dom_1772389850643.txt
 create mode 100644 docs/artifacts/c79cb5ff-50a2-4d4f-9b13-277f8633835b/.tempmediaStorage/dom_1772390100185.txt
 create mode 100644 docs/artifacts/c79cb5ff-50a2-4d4f-9b13-277f8633835b/.tempmediaStorage/dom_1772390112568.txt
 create mode 100644 docs/artifacts/c79cb5ff-50a2-4d4f-9b13-277f8633835b/.tempmediaStorage/dom_1772390121656.txt
 create mode 100644 docs/artifacts/c79cb5ff-50a2-4d4f-9b13-277f8633835b/.tempmediaStorage/dom_1772390129305.txt
 create mode 100644 docs/artifacts/c79cb5ff-50a2-4d4f-9b13-277f8633835b/.tempmediaStorage/dom_1772390138293.txt
 create mode 100644 docs/artifacts/c79cb5ff-50a2-4d4f-9b13-277f8633835b/.tempmediaStorage/media_c79cb5ff-50a2-4d4f-9b13-277f8633835b_1772388947631.png
 create mode 100644 docs/artifacts/c79cb5ff-50a2-4d4f-9b13-277f8633835b/.tempmediaStorage/media_c79cb5ff-50a2-4d4f-9b13-277f8633835b_1772388957526.png
 create mode 100644 docs/artifacts/c79cb5ff-50a2-4d4f-9b13-277f8633835b/.tempmediaStorage/media_c79cb5ff-50a2-4d4f-9b13-277f8633835b_1772388962144.png
 create mode 100644 docs/artifacts/c79cb5ff-50a2-4d4f-9b13-277f8633835b/.tempmediaStorage/media_c79cb5ff-50a2-4d4f-9b13-277f8633835b_1772388968611.png
 create mode 100644 docs/artifacts/c79cb5ff-50a2-4d4f-9b13-277f8633835b/.tempmediaStorage/media_c79cb5ff-50a2-4d4f-9b13-277f8633835b_1772389053271.png
 create mode 100644 docs/artifacts/c79cb5ff-50a2-4d4f-9b13-277f8633835b/.tempmediaStorage/media_c79cb5ff-50a2-4d4f-9b13-277f8633835b_1772389061508.png
 create mode 100644 docs/artifacts/c79cb5ff-50a2-4d4f-9b13-277f8633835b/.tempmediaStorage/media_c79cb5ff-50a2-4d4f-9b13-277f8633835b_1772389183391.png
 create mode 100644 docs/artifacts/c79cb5ff-50a2-4d4f-9b13-277f8633835b/.tempmediaStorage/media_c79cb5ff-50a2-4d4f-9b13-277f8633835b_1772389191401.png
 create mode 100644 docs/artifacts/c79cb5ff-50a2-4d4f-9b13-277f8633835b/.tempmediaStorage/media_c79cb5ff-50a2-4d4f-9b13-277f8633835b_1772389199527.png
 create mode 100644 docs/artifacts/c79cb5ff-50a2-4d4f-9b13-277f8633835b/.tempmediaStorage/media_c79cb5ff-50a2-4d4f-9b13-277f8633835b_1772389245905.png
 create mode 100644 docs/artifacts/c79cb5ff-50a2-4d4f-9b13-277f8633835b/.tempmediaStorage/media_c79cb5ff-50a2-4d4f-9b13-277f8633835b_1772389251562.png
 create mode 100644 docs/artifacts/c79cb5ff-50a2-4d4f-9b13-277f8633835b/.tempmediaStorage/media_c79cb5ff-50a2-4d4f-9b13-277f8633835b_1772389377797.png
 create mode 100644 docs/artifacts/c79cb5ff-50a2-4d4f-9b13-277f8633835b/.tempmediaStorage/media_c79cb5ff-50a2-4d4f-9b13-277f8633835b_1772389386397.png
 create mode 100644 docs/artifacts/c79cb5ff-50a2-4d4f-9b13-277f8633835b/.tempmediaStorage/media_c79cb5ff-50a2-4d4f-9b13-277f8633835b_1772389394432.png
 create mode 100644 docs/artifacts/c79cb5ff-50a2-4d4f-9b13-277f8633835b/.tempmediaStorage/media_c79cb5ff-50a2-4d4f-9b13-277f8633835b_1772389403837.png
 create mode 100644 docs/artifacts/c79cb5ff-50a2-4d4f-9b13-277f8633835b/.tempmediaStorage/media_c79cb5ff-50a2-4d4f-9b13-277f8633835b_1772389412436.png
 create mode 100644 docs/artifacts/c79cb5ff-50a2-4d4f-9b13-277f8633835b/.tempmediaStorage/media_c79cb5ff-50a2-4d4f-9b13-277f8633835b_1772389422269.png
 create mode 100644 docs/artifacts/c79cb5ff-50a2-4d4f-9b13-277f8633835b/.tempmediaStorage/media_c79cb5ff-50a2-4d4f-9b13-277f8633835b_1772389449800.png
 create mode 100644 docs/artifacts/c79cb5ff-50a2-4d4f-9b13-277f8633835b/.tempmediaStorage/media_c79cb5ff-50a2-4d4f-9b13-277f8633835b_1772389470779.png
 create mode 100644 docs/artifacts/c79cb5ff-50a2-4d4f-9b13-277f8633835b/.tempmediaStorage/media_c79cb5ff-50a2-4d4f-9b13-277f8633835b_1772389481499.png
 create mode 100644 docs/artifacts/c79cb5ff-50a2-4d4f-9b13-277f8633835b/.tempmediaStorage/media_c79cb5ff-50a2-4d4f-9b13-277f8633835b_1772389795510.png
 create mode 100644 docs/artifacts/c79cb5ff-50a2-4d4f-9b13-277f8633835b/.tempmediaStorage/media_c79cb5ff-50a2-4d4f-9b13-277f8633835b_1772389804938.png
 create mode 100644 docs/artifacts/c79cb5ff-50a2-4d4f-9b13-277f8633835b/.tempmediaStorage/media_c79cb5ff-50a2-4d4f-9b13-277f8633835b_1772389816562.png
 create mode 100644 docs/artifacts/c79cb5ff-50a2-4d4f-9b13-277f8633835b/.tempmediaStorage/media_c79cb5ff-50a2-4d4f-9b13-277f8633835b_1772389831965.png
 create mode 100644 docs/artifacts/c79cb5ff-50a2-4d4f-9b13-277f8633835b/.tempmediaStorage/media_c79cb5ff-50a2-4d4f-9b13-277f8633835b_1772389836683.png
 create mode 100644 docs/artifacts/c79cb5ff-50a2-4d4f-9b13-277f8633835b/.tempmediaStorage/media_c79cb5ff-50a2-4d4f-9b13-277f8633835b_1772389842616.png
 create mode 100644 docs/artifacts/c79cb5ff-50a2-4d4f-9b13-277f8633835b/.tempmediaStorage/media_c79cb5ff-50a2-4d4f-9b13-277f8633835b_1772389850758.png
 create mode 100644 docs/artifacts/c79cb5ff-50a2-4d4f-9b13-277f8633835b/.tempmediaStorage/media_c79cb5ff-50a2-4d4f-9b13-277f8633835b_1772390100370.png
 create mode 100644 docs/artifacts/c79cb5ff-50a2-4d4f-9b13-277f8633835b/.tempmediaStorage/media_c79cb5ff-50a2-4d4f-9b13-277f8633835b_1772390112568.png
 create mode 100644 docs/artifacts/c79cb5ff-50a2-4d4f-9b13-277f8633835b/.tempmediaStorage/media_c79cb5ff-50a2-4d4f-9b13-277f8633835b_1772390121628.png
 create mode 100644 docs/artifacts/c79cb5ff-50a2-4d4f-9b13-277f8633835b/.tempmediaStorage/media_c79cb5ff-50a2-4d4f-9b13-277f8633835b_1772390129415.png
 create mode 100644 docs/artifacts/c79cb5ff-50a2-4d4f-9b13-277f8633835b/.tempmediaStorage/media_c79cb5ff-50a2-4d4f-9b13-277f8633835b_1772390138447.png
 create mode 100644 docs/artifacts/c79cb5ff-50a2-4d4f-9b13-277f8633835b/browser/scratchpad_3gl9y4v0.md
 create mode 100644 docs/artifacts/c79cb5ff-50a2-4d4f-9b13-277f8633835b/browser/scratchpad_3gl9y4v0.md.resolved
 create mode 100644 docs/artifacts/c79cb5ff-50a2-4d4f-9b13-277f8633835b/browser/scratchpad_3gl9y4v0.md.resolved.0
 create mode 100644 docs/artifacts/c79cb5ff-50a2-4d4f-9b13-277f8633835b/browser/scratchpad_97jwenay.md
 create mode 100644 docs/artifacts/c79cb5ff-50a2-4d4f-9b13-277f8633835b/browser/scratchpad_97jwenay.md.resolved
 create mode 100644 docs/artifacts/c79cb5ff-50a2-4d4f-9b13-277f8633835b/browser/scratchpad_97jwenay.md.resolved.0
 create mode 100644 docs/artifacts/c79cb5ff-50a2-4d4f-9b13-277f8633835b/browser/scratchpad_97jwenay.md.resolved.1
 create mode 100644 docs/artifacts/c79cb5ff-50a2-4d4f-9b13-277f8633835b/browser/scratchpad_97jwenay.md.resolved.2
 create mode 100644 docs/artifacts/c79cb5ff-50a2-4d4f-9b13-277f8633835b/browser/scratchpad_97jwenay.md.resolved.3
 create mode 100644 docs/artifacts/c79cb5ff-50a2-4d4f-9b13-277f8633835b/download_reshade_shaders_1772388928923.webp
 create mode 100644 docs/artifacts/c79cb5ff-50a2-4d4f-9b13-277f8633835b/implementation_plan.md
 create mode 100644 docs/artifacts/c79cb5ff-50a2-4d4f-9b13-277f8633835b/implementation_plan.md.metadata.json
 create mode 100644 docs/artifacts/c79cb5ff-50a2-4d4f-9b13-277f8633835b/implementation_plan.md.resolved
 create mode 100644 docs/artifacts/c79cb5ff-50a2-4d4f-9b13-277f8633835b/implementation_plan.md.resolved.0
 create mode 100644 docs/artifacts/c79cb5ff-50a2-4d4f-9b13-277f8633835b/implementation_plan.md.resolved.1
 create mode 100644 docs/artifacts/c79cb5ff-50a2-4d4f-9b13-277f8633835b/task.md
 create mode 100644 docs/artifacts/c79cb5ff-50a2-4d4f-9b13-277f8633835b/task.md.metadata.json
 create mode 100644 docs/artifacts/c79cb5ff-50a2-4d4f-9b13-277f8633835b/task.md.resolved
 create mode 100644 docs/artifacts/c79cb5ff-50a2-4d4f-9b13-277f8633835b/task.md.resolved.0
 create mode 100644 docs/artifacts/c79cb5ff-50a2-4d4f-9b13-277f8633835b/task.md.resolved.1
 create mode 100644 docs/artifacts/c79cb5ff-50a2-4d4f-9b13-277f8633835b/task.md.resolved.2
 create mode 100644 docs/artifacts/c79cb5ff-50a2-4d4f-9b13-277f8633835b/task.md.resolved.3
 create mode 100644 docs/artifacts/c79cb5ff-50a2-4d4f-9b13-277f8633835b/task.md.resolved.4
 create mode 100644 docs/artifacts/c79cb5ff-50a2-4d4f-9b13-277f8633835b/task.md.resolved.5
 create mode 100644 docs/artifacts/c79cb5ff-50a2-4d4f-9b13-277f8633835b/walkthrough.md
 create mode 100644 docs/artifacts/c79cb5ff-50a2-4d4f-9b13-277f8633835b/walkthrough.md.metadata.json
 create mode 100644 docs/artifacts/c79cb5ff-50a2-4d4f-9b13-277f8633835b/walkthrough.md.resolved
 create mode 100644 docs/artifacts/c79cb5ff-50a2-4d4f-9b13-277f8633835b/walkthrough.md.resolved.0
 create mode 100644 docs/artifacts/c79cb5ff-50a2-4d4f-9b13-277f8633835b/walkthrough.md.resolved.1
 create mode 100644 docs/artifacts/c79cb5ff-50a2-4d4f-9b13-277f8633835b/walkthrough.md.resolved.2
 create mode 100644 docs/artifacts/c79cb5ff-50a2-4d4f-9b13-277f8633835b/walkthrough.md.resolved.3
 create mode 100644 docs/artifacts/c79cb5ff-50a2-4d4f-9b13-277f8633835b/walkthrough.md.resolved.4
 create mode 100644 docs/artifacts/c79cb5ff-50a2-4d4f-9b13-277f8633835b/walkthrough.md.resolved.5
 create mode 100644 docs/artifacts/c79cb5ff-50a2-4d4f-9b13-277f8633835b/walkthrough.md.resolved.6
 create mode 100644 docs/artifacts/c79cb5ff-50a2-4d4f-9b13-277f8633835b/walkthrough.md.resolved.7
 create mode 100644 docs/artifacts/c79cb5ff-50a2-4d4f-9b13-277f8633835b/walkthrough.md.resolved.8
 create mode 100644 docs/artifacts/c84cb3de-0a68-46db-9e41-58093bae406d/comfyui_interface_1767864638492.webp
 create mode 100644 docs/artifacts/c84cb3de-0a68-46db-9e41-58093bae406d/uploaded_image_1767979352234.png
 create mode 100644 docs/artifacts/c84cb3de-0a68-46db-9e41-58093bae406d/uploaded_image_1767979607419.png
 create mode 100644 docs/artifacts/c8dbdcea-e3fd-4540-a515-b7d53be73e18/.system_generated/click_feedback/click_feedback_1776113182331.png
 create mode 100644 docs/artifacts/c8dbdcea-e3fd-4540-a515-b7d53be73e18/.system_generated/messages/a787e27c-f8e6-4845-a81b-6c17576d0a01.json
 create mode 100644 docs/artifacts/c8dbdcea-e3fd-4540-a515-b7d53be73e18/.system_generated/messages/b03a8aa4-aed2-43eb-9e90-4ece0e6b3dcc.json
 create mode 100644 docs/artifacts/c8dbdcea-e3fd-4540-a515-b7d53be73e18/.system_generated/messages/dd8e5987-1ec3-44b7-a593-8ff645470120.json
 create mode 100644 docs/artifacts/c8dbdcea-e3fd-4540-a515-b7d53be73e18/.tempmediaStorage/dom_1775505489928.txt
 create mode 100644 docs/artifacts/c8dbdcea-e3fd-4540-a515-b7d53be73e18/.tempmediaStorage/dom_1775505499437.txt
 create mode 100644 docs/artifacts/c8dbdcea-e3fd-4540-a515-b7d53be73e18/.tempmediaStorage/dom_1775505513284.txt
 create mode 100644 docs/artifacts/c8dbdcea-e3fd-4540-a515-b7d53be73e18/.tempmediaStorage/dom_1775505520365.txt
 create mode 100644 docs/artifacts/c8dbdcea-e3fd-4540-a515-b7d53be73e18/.tempmediaStorage/dom_1776113111153.txt
 create mode 100644 docs/artifacts/c8dbdcea-e3fd-4540-a515-b7d53be73e18/.tempmediaStorage/dom_1776113119636.txt
 create mode 100644 docs/artifacts/c8dbdcea-e3fd-4540-a515-b7d53be73e18/.tempmediaStorage/dom_1776113132219.txt
 create mode 100644 docs/artifacts/c8dbdcea-e3fd-4540-a515-b7d53be73e18/.tempmediaStorage/dom_1776113142915.txt
 create mode 100644 docs/artifacts/c8dbdcea-e3fd-4540-a515-b7d53be73e18/.tempmediaStorage/dom_1776113154451.txt
 create mode 100644 docs/artifacts/c8dbdcea-e3fd-4540-a515-b7d53be73e18/.tempmediaStorage/dom_1776113174587.txt
 create mode 100644 docs/artifacts/c8dbdcea-e3fd-4540-a515-b7d53be73e18/.tempmediaStorage/dom_1776338700464.txt
 create mode 100644 docs/artifacts/c8dbdcea-e3fd-4540-a515-b7d53be73e18/.tempmediaStorage/dom_1776341201915.txt
 create mode 100644 docs/artifacts/c8dbdcea-e3fd-4540-a515-b7d53be73e18/.tempmediaStorage/dom_1776341209515.txt
 create mode 100644 docs/artifacts/c8dbdcea-e3fd-4540-a515-b7d53be73e18/.tempmediaStorage/dom_1776341216797.txt
 create mode 100644 docs/artifacts/c8dbdcea-e3fd-4540-a515-b7d53be73e18/.tempmediaStorage/dom_1776341224333.txt
 create mode 100644 docs/artifacts/c8dbdcea-e3fd-4540-a515-b7d53be73e18/.tempmediaStorage/media_c8dbdcea-e3fd-4540-a515-b7d53be73e18_1775505490186.png
 create mode 100644 docs/artifacts/c8dbdcea-e3fd-4540-a515-b7d53be73e18/.tempmediaStorage/media_c8dbdcea-e3fd-4540-a515-b7d53be73e18_1775505499667.png
 create mode 100644 docs/artifacts/c8dbdcea-e3fd-4540-a515-b7d53be73e18/.tempmediaStorage/media_c8dbdcea-e3fd-4540-a515-b7d53be73e18_1775505513509.png
 create mode 100644 docs/artifacts/c8dbdcea-e3fd-4540-a515-b7d53be73e18/.tempmediaStorage/media_c8dbdcea-e3fd-4540-a515-b7d53be73e18_1775505520955.png
 create mode 100644 docs/artifacts/c8dbdcea-e3fd-4540-a515-b7d53be73e18/.tempmediaStorage/media_c8dbdcea-e3fd-4540-a515-b7d53be73e18_1775505531980.webp
 create mode 100644 docs/artifacts/c8dbdcea-e3fd-4540-a515-b7d53be73e18/.tempmediaStorage/media_c8dbdcea-e3fd-4540-a515-b7d53be73e18_1776113111362.png
 create mode 100644 docs/artifacts/c8dbdcea-e3fd-4540-a515-b7d53be73e18/.tempmediaStorage/media_c8dbdcea-e3fd-4540-a515-b7d53be73e18_1776113119833.png
 create mode 100644 docs/artifacts/c8dbdcea-e3fd-4540-a515-b7d53be73e18/.tempmediaStorage/media_c8dbdcea-e3fd-4540-a515-b7d53be73e18_1776113133201.png
 create mode 100644 docs/artifacts/c8dbdcea-e3fd-4540-a515-b7d53be73e18/.tempmediaStorage/media_c8dbdcea-e3fd-4540-a515-b7d53be73e18_1776113143093.png
 create mode 100644 docs/artifacts/c8dbdcea-e3fd-4540-a515-b7d53be73e18/.tempmediaStorage/media_c8dbdcea-e3fd-4540-a515-b7d53be73e18_1776113154655.png
 create mode 100644 docs/artifacts/c8dbdcea-e3fd-4540-a515-b7d53be73e18/.tempmediaStorage/media_c8dbdcea-e3fd-4540-a515-b7d53be73e18_1776113174772.png
 create mode 100644 docs/artifacts/c8dbdcea-e3fd-4540-a515-b7d53be73e18/.tempmediaStorage/media_c8dbdcea-e3fd-4540-a515-b7d53be73e18_1776338700716.png
 create mode 100644 docs/artifacts/c8dbdcea-e3fd-4540-a515-b7d53be73e18/.tempmediaStorage/media_c8dbdcea-e3fd-4540-a515-b7d53be73e18_1776341202054.png
 create mode 100644 docs/artifacts/c8dbdcea-e3fd-4540-a515-b7d53be73e18/.tempmediaStorage/media_c8dbdcea-e3fd-4540-a515-b7d53be73e18_1776341209693.png
 create mode 100644 docs/artifacts/c8dbdcea-e3fd-4540-a515-b7d53be73e18/.tempmediaStorage/media_c8dbdcea-e3fd-4540-a515-b7d53be73e18_1776341217035.png
 create mode 100644 docs/artifacts/c8dbdcea-e3fd-4540-a515-b7d53be73e18/.tempmediaStorage/media_c8dbdcea-e3fd-4540-a515-b7d53be73e18_1776341223858.png
 create mode 100644 docs/artifacts/c8dbdcea-e3fd-4540-a515-b7d53be73e18/.tempmediaStorage/media_c8dbdcea-e3fd-4540-a515-b7d53be73e18_1776341224512.png
 create mode 100644 docs/artifacts/c8dbdcea-e3fd-4540-a515-b7d53be73e18/analysis_results.md
 create mode 100644 docs/artifacts/c8dbdcea-e3fd-4540-a515-b7d53be73e18/analysis_results.md.metadata.json
 create mode 100644 docs/artifacts/c8dbdcea-e3fd-4540-a515-b7d53be73e18/analysis_results.md.resolved
 create mode 100644 docs/artifacts/c8dbdcea-e3fd-4540-a515-b7d53be73e18/analysis_results.md.resolved.0
 create mode 100644 docs/artifacts/c8dbdcea-e3fd-4540-a515-b7d53be73e18/audio_ram_optimization_plan.md
 create mode 100644 docs/artifacts/c8dbdcea-e3fd-4540-a515-b7d53be73e18/audio_ram_optimization_plan.md.metadata.json
 create mode 100644 docs/artifacts/c8dbdcea-e3fd-4540-a515-b7d53be73e18/audio_ram_optimization_plan.md.resolved
 create mode 100644 docs/artifacts/c8dbdcea-e3fd-4540-a515-b7d53be73e18/audio_ram_optimization_plan.md.resolved.0
 create mode 100644 docs/artifacts/c8dbdcea-e3fd-4540-a515-b7d53be73e18/audit_triage.md
 create mode 100644 docs/artifacts/c8dbdcea-e3fd-4540-a515-b7d53be73e18/audit_triage.md.metadata.json
 create mode 100644 docs/artifacts/c8dbdcea-e3fd-4540-a515-b7d53be73e18/audit_triage.md.resolved
 create mode 100644 docs/artifacts/c8dbdcea-e3fd-4540-a515-b7d53be73e18/audit_triage.md.resolved.0
 create mode 100644 docs/artifacts/c8dbdcea-e3fd-4540-a515-b7d53be73e18/blending_acceleration_plan.md
 create mode 100644 docs/artifacts/c8dbdcea-e3fd-4540-a515-b7d53be73e18/blending_acceleration_plan.md.metadata.json
 create mode 100644 docs/artifacts/c8dbdcea-e3fd-4540-a515-b7d53be73e18/blending_acceleration_plan.md.resolved
 create mode 100644 docs/artifacts/c8dbdcea-e3fd-4540-a515-b7d53be73e18/blending_acceleration_plan.md.resolved.0
 create mode 100644 docs/artifacts/c8dbdcea-e3fd-4540-a515-b7d53be73e18/browser/scratchpad_1g1p4o70.md
 create mode 100644 docs/artifacts/c8dbdcea-e3fd-4540-a515-b7d53be73e18/browser/scratchpad_7myf3cab.md
 create mode 100644 docs/artifacts/c8dbdcea-e3fd-4540-a515-b7d53be73e18/browser/scratchpad_bm78amjf.md
 create mode 100644 docs/artifacts/c8dbdcea-e3fd-4540-a515-b7d53be73e18/browser/scratchpad_luos079w.md
 create mode 100644 docs/artifacts/c8dbdcea-e3fd-4540-a515-b7d53be73e18/browser/scratchpad_yq3b5i6y.md
 create mode 100644 docs/artifacts/c8dbdcea-e3fd-4540-a515-b7d53be73e18/browser/scratchpad_yq3b5i6y.md.resolved
 create mode 100644 docs/artifacts/c8dbdcea-e3fd-4540-a515-b7d53be73e18/browser/scratchpad_yq3b5i6y.md.resolved.0
 create mode 100644 docs/artifacts/c8dbdcea-e3fd-4540-a515-b7d53be73e18/browser/scratchpad_yq3b5i6y.md.resolved.1
 create mode 100644 docs/artifacts/c8dbdcea-e3fd-4540-a515-b7d53be73e18/brute_force_ignition_plan.md
 create mode 100644 docs/artifacts/c8dbdcea-e3fd-4540-a515-b7d53be73e18/brute_force_ignition_plan.md.metadata.json
 create mode 100644 docs/artifacts/c8dbdcea-e3fd-4540-a515-b7d53be73e18/brute_force_ignition_plan.md.resolved
 create mode 100644 docs/artifacts/c8dbdcea-e3fd-4540-a515-b7d53be73e18/brute_force_ignition_plan.md.resolved.0
 create mode 100644 docs/artifacts/c8dbdcea-e3fd-4540-a515-b7d53be73e18/calibration_fix_plan.md
 create mode 100644 docs/artifacts/c8dbdcea-e3fd-4540-a515-b7d53be73e18/calibration_fix_plan.md.metadata.json
 create mode 100644 docs/artifacts/c8dbdcea-e3fd-4540-a515-b7d53be73e18/calibration_fix_plan.md.resolved
 create mode 100644 docs/artifacts/c8dbdcea-e3fd-4540-a515-b7d53be73e18/calibration_fix_plan.md.resolved.0
 create mode 100644 docs/artifacts/c8dbdcea-e3fd-4540-a515-b7d53be73e18/chunk_integrity_audit.md
 create mode 100644 docs/artifacts/c8dbdcea-e3fd-4540-a515-b7d53be73e18/chunk_integrity_audit.md.metadata.json
 create mode 100644 docs/artifacts/c8dbdcea-e3fd-4540-a515-b7d53be73e18/chunk_integrity_audit.md.resolved
 create mode 100644 docs/artifacts/c8dbdcea-e3fd-4540-a515-b7d53be73e18/chunk_integrity_audit.md.resolved.0
 create mode 100644 docs/artifacts/c8dbdcea-e3fd-4540-a515-b7d53be73e18/claude_consultation_1775504971408.webp
 create mode 100644 docs/artifacts/c8dbdcea-e3fd-4540-a515-b7d53be73e18/clean_room_production_plan.md
 create mode 100644 docs/artifacts/c8dbdcea-e3fd-4540-a515-b7d53be73e18/clean_room_production_plan.md.metadata.json
 create mode 100644 docs/artifacts/c8dbdcea-e3fd-4540-a515-b7d53be73e18/clean_room_production_plan.md.resolved
 create mode 100644 docs/artifacts/c8dbdcea-e3fd-4540-a515-b7d53be73e18/clean_room_production_plan.md.resolved.0
 create mode 100644 docs/artifacts/c8dbdcea-e3fd-4540-a515-b7d53be73e18/cleansing_plan.md
 create mode 100644 docs/artifacts/c8dbdcea-e3fd-4540-a515-b7d53be73e18/cleansing_plan.md.metadata.json
 create mode 100644 docs/artifacts/c8dbdcea-e3fd-4540-a515-b7d53be73e18/cleansing_plan.md.resolved
 create mode 100644 docs/artifacts/c8dbdcea-e3fd-4540-a515-b7d53be73e18/cleansing_plan.md.resolved.0
 create mode 100644 docs/artifacts/c8dbdcea-e3fd-4540-a515-b7d53be73e18/deep_purge_recovery_plan.md
 create mode 100644 docs/artifacts/c8dbdcea-e3fd-4540-a515-b7d53be73e18/deep_purge_recovery_plan.md.metadata.json
 create mode 100644 docs/artifacts/c8dbdcea-e3fd-4540-a515-b7d53be73e18/deep_purge_recovery_plan.md.resolved
 create mode 100644 docs/artifacts/c8dbdcea-e3fd-4540-a515-b7d53be73e18/deep_purge_recovery_plan.md.resolved.0
 create mode 100644 docs/artifacts/c8dbdcea-e3fd-4540-a515-b7d53be73e18/efficiency_ledger.md
 create mode 100644 docs/artifacts/c8dbdcea-e3fd-4540-a515-b7d53be73e18/efficiency_ledger.md.metadata.json
 create mode 100644 docs/artifacts/c8dbdcea-e3fd-4540-a515-b7d53be73e18/efficiency_ledger.md.resolved
 create mode 100644 docs/artifacts/c8dbdcea-e3fd-4540-a515-b7d53be73e18/efficiency_ledger.md.resolved.0
 create mode 100644 docs/artifacts/c8dbdcea-e3fd-4540-a515-b7d53be73e18/engine_recovery_plan.md
 create mode 100644 docs/artifacts/c8dbdcea-e3fd-4540-a515-b7d53be73e18/engine_recovery_plan.md.metadata.json
 create mode 100644 docs/artifacts/c8dbdcea-e3fd-4540-a515-b7d53be73e18/engine_recovery_plan.md.resolved
 create mode 100644 docs/artifacts/c8dbdcea-e3fd-4540-a515-b7d53be73e18/engine_recovery_plan.md.resolved.0
 create mode 100644 docs/artifacts/c8dbdcea-e3fd-4540-a515-b7d53be73e18/final_cleansing_plan.md
 create mode 100644 docs/artifacts/c8dbdcea-e3fd-4540-a515-b7d53be73e18/final_cleansing_plan.md.metadata.json
 create mode 100644 docs/artifacts/c8dbdcea-e3fd-4540-a515-b7d53be73e18/final_cleansing_plan.md.resolved
 create mode 100644 docs/artifacts/c8dbdcea-e3fd-4540-a515-b7d53be73e18/final_cleansing_plan.md.resolved.0
 create mode 100644 docs/artifacts/c8dbdcea-e3fd-4540-a515-b7d53be73e18/final_integrity_plan.md
 create mode 100644 docs/artifacts/c8dbdcea-e3fd-4540-a515-b7d53be73e18/final_integrity_plan.md.metadata.json
 create mode 100644 docs/artifacts/c8dbdcea-e3fd-4540-a515-b7d53be73e18/final_integrity_plan.md.resolved
 create mode 100644 docs/artifacts/c8dbdcea-e3fd-4540-a515-b7d53be73e18/final_integrity_plan.md.resolved.0
 create mode 100644 docs/artifacts/c8dbdcea-e3fd-4540-a515-b7d53be73e18/gpu_migration_plan.md
 create mode 100644 docs/artifacts/c8dbdcea-e3fd-4540-a515-b7d53be73e18/gpu_migration_plan.md.metadata.json
 create mode 100644 docs/artifacts/c8dbdcea-e3fd-4540-a515-b7d53be73e18/gpu_migration_plan.md.resolved
 create mode 100644 docs/artifacts/c8dbdcea-e3fd-4540-a515-b7d53be73e18/gpu_migration_plan.md.resolved.0
 create mode 100644 docs/artifacts/c8dbdcea-e3fd-4540-a515-b7d53be73e18/hardware_restoration_plan.md
 create mode 100644 docs/artifacts/c8dbdcea-e3fd-4540-a515-b7d53be73e18/hardware_restoration_plan.md.metadata.json
 create mode 100644 docs/artifacts/c8dbdcea-e3fd-4540-a515-b7d53be73e18/hardware_restoration_plan.md.resolved
 create mode 100644 docs/artifacts/c8dbdcea-e3fd-4540-a515-b7d53be73e18/hardware_restoration_plan.md.resolved.0
 create mode 100644 docs/artifacts/c8dbdcea-e3fd-4540-a515-b7d53be73e18/hybrid_metadata_plan.md
 create mode 100644 docs/artifacts/c8dbdcea-e3fd-4540-a515-b7d53be73e18/hybrid_metadata_plan.md.metadata.json
 create mode 100644 docs/artifacts/c8dbdcea-e3fd-4540-a515-b7d53be73e18/hybrid_metadata_plan.md.resolved
 create mode 100644 docs/artifacts/c8dbdcea-e3fd-4540-a515-b7d53be73e18/hybrid_metadata_plan.md.resolved.0
 create mode 100644 docs/artifacts/c8dbdcea-e3fd-4540-a515-b7d53be73e18/implementation_plan.md
 create mode 100644 docs/artifacts/c8dbdcea-e3fd-4540-a515-b7d53be73e18/implementation_plan.md.metadata.json
 create mode 100644 docs/artifacts/c8dbdcea-e3fd-4540-a515-b7d53be73e18/implementation_plan.md.resolved
 create mode 100644 docs/artifacts/c8dbdcea-e3fd-4540-a515-b7d53be73e18/implementation_plan.md.resolved.0
 create mode 100644 docs/artifacts/c8dbdcea-e3fd-4540-a515-b7d53be73e18/implementation_plan.md.resolved.1
 create mode 100644 docs/artifacts/c8dbdcea-e3fd-4540-a515-b7d53be73e18/implementation_plan.md.resolved.10
 create mode 100644 docs/artifacts/c8dbdcea-e3fd-4540-a515-b7d53be73e18/implementation_plan.md.resolved.11
 create mode 100644 docs/artifacts/c8dbdcea-e3fd-4540-a515-b7d53be73e18/implementation_plan.md.resolved.12
 create mode 100644 docs/artifacts/c8dbdcea-e3fd-4540-a515-b7d53be73e18/implementation_plan.md.resolved.13
 create mode 100644 docs/artifacts/c8dbdcea-e3fd-4540-a515-b7d53be73e18/implementation_plan.md.resolved.14
 create mode 100644 docs/artifacts/c8dbdcea-e3fd-4540-a515-b7d53be73e18/implementation_plan.md.resolved.15
 create mode 100644 docs/artifacts/c8dbdcea-e3fd-4540-a515-b7d53be73e18/implementation_plan.md.resolved.16
 create mode 100644 docs/artifacts/c8dbdcea-e3fd-4540-a515-b7d53be73e18/implementation_plan.md.resolved.17
 create mode 100644 docs/artifacts/c8dbdcea-e3fd-4540-a515-b7d53be73e18/implementation_plan.md.resolved.18
 create mode 100644 docs/artifacts/c8dbdcea-e3fd-4540-a515-b7d53be73e18/implementation_plan.md.resolved.19
 create mode 100644 docs/artifacts/c8dbdcea-e3fd-4540-a515-b7d53be73e18/implementation_plan.md.resolved.2
 create mode 100644 docs/artifacts/c8dbdcea-e3fd-4540-a515-b7d53be73e18/implementation_plan.md.resolved.20
 create mode 100644 docs/artifacts/c8dbdcea-e3fd-4540-a515-b7d53be73e18/implementation_plan.md.resolved.21
 create mode 100644 docs/artifacts/c8dbdcea-e3fd-4540-a515-b7d53be73e18/implementation_plan.md.resolved.22
 create mode 100644 docs/artifacts/c8dbdcea-e3fd-4540-a515-b7d53be73e18/implementation_plan.md.resolved.23
 create mode 100644 docs/artifacts/c8dbdcea-e3fd-4540-a515-b7d53be73e18/implementation_plan.md.resolved.24
 create mode 100644 docs/artifacts/c8dbdcea-e3fd-4540-a515-b7d53be73e18/implementation_plan.md.resolved.25
 create mode 100644 docs/artifacts/c8dbdcea-e3fd-4540-a515-b7d53be73e18/implementation_plan.md.resolved.26
 create mode 100644 docs/artifacts/c8dbdcea-e3fd-4540-a515-b7d53be73e18/implementation_plan.md.resolved.3
 create mode 100644 docs/artifacts/c8dbdcea-e3fd-4540-a515-b7d53be73e18/implementation_plan.md.resolved.4
 create mode 100644 docs/artifacts/c8dbdcea-e3fd-4540-a515-b7d53be73e18/implementation_plan.md.resolved.5
 create mode 100644 docs/artifacts/c8dbdcea-e3fd-4540-a515-b7d53be73e18/implementation_plan.md.resolved.6
 create mode 100644 docs/artifacts/c8dbdcea-e3fd-4540-a515-b7d53be73e18/implementation_plan.md.resolved.7
 create mode 100644 docs/artifacts/c8dbdcea-e3fd-4540-a515-b7d53be73e18/implementation_plan.md.resolved.8
 create mode 100644 docs/artifacts/c8dbdcea-e3fd-4540-a515-b7d53be73e18/implementation_plan.md.resolved.9
 create mode 100644 docs/artifacts/c8dbdcea-e3fd-4540-a515-b7d53be73e18/landmark_acceleration_plan.md
 create mode 100644 docs/artifacts/c8dbdcea-e3fd-4540-a515-b7d53be73e18/landmark_acceleration_plan.md.metadata.json
 create mode 100644 docs/artifacts/c8dbdcea-e3fd-4540-a515-b7d53be73e18/landmark_acceleration_plan.md.resolved
 create mode 100644 docs/artifacts/c8dbdcea-e3fd-4540-a515-b7d53be73e18/landmark_acceleration_plan.md.resolved.0
 create mode 100644 docs/artifacts/c8dbdcea-e3fd-4540-a515-b7d53be73e18/landmark_acceleration_plan.md.resolved.1
 create mode 100644 docs/artifacts/c8dbdcea-e3fd-4540-a515-b7d53be73e18/media__1775507006408.png
 create mode 100644 docs/artifacts/c8dbdcea-e3fd-4540-a515-b7d53be73e18/media__1775507600906.png
 create mode 100644 docs/artifacts/c8dbdcea-e3fd-4540-a515-b7d53be73e18/media__1775507872754.png
 create mode 100644 docs/artifacts/c8dbdcea-e3fd-4540-a515-b7d53be73e18/media__1775508677964.png
 create mode 100644 docs/artifacts/c8dbdcea-e3fd-4540-a515-b7d53be73e18/media__1775508914094.png
 create mode 100644 docs/artifacts/c8dbdcea-e3fd-4540-a515-b7d53be73e18/media__1775508964943.png
 create mode 100644 docs/artifacts/c8dbdcea-e3fd-4540-a515-b7d53be73e18/media__1776014921241.png
 create mode 100644 docs/artifacts/c8dbdcea-e3fd-4540-a515-b7d53be73e18/media__1776015778279.png
 create mode 100644 docs/artifacts/c8dbdcea-e3fd-4540-a515-b7d53be73e18/media__1776018804774.png
 create mode 100644 docs/artifacts/c8dbdcea-e3fd-4540-a515-b7d53be73e18/media__1776024298855.png
 create mode 100644 docs/artifacts/c8dbdcea-e3fd-4540-a515-b7d53be73e18/media__1776048914894.png
 create mode 100644 docs/artifacts/c8dbdcea-e3fd-4540-a515-b7d53be73e18/media__1776090390170.png
 create mode 100644 docs/artifacts/c8dbdcea-e3fd-4540-a515-b7d53be73e18/media__1776096086400.png
 create mode 100644 docs/artifacts/c8dbdcea-e3fd-4540-a515-b7d53be73e18/media__1776102596808.png
 create mode 100644 docs/artifacts/c8dbdcea-e3fd-4540-a515-b7d53be73e18/media__1776102777889.png
 create mode 100644 docs/artifacts/c8dbdcea-e3fd-4540-a515-b7d53be73e18/media__1776102877908.png
 create mode 100644 docs/artifacts/c8dbdcea-e3fd-4540-a515-b7d53be73e18/media__1776103261701.png
 create mode 100644 docs/artifacts/c8dbdcea-e3fd-4540-a515-b7d53be73e18/media__1776104386710.png
 create mode 100644 docs/artifacts/c8dbdcea-e3fd-4540-a515-b7d53be73e18/media__1776104728836.png
 create mode 100644 docs/artifacts/c8dbdcea-e3fd-4540-a515-b7d53be73e18/media__1776108147651.png
 create mode 100644 docs/artifacts/c8dbdcea-e3fd-4540-a515-b7d53be73e18/media__1776111314829.png
 create mode 100644 docs/artifacts/c8dbdcea-e3fd-4540-a515-b7d53be73e18/media__1776111347839.png
 create mode 100644 docs/artifacts/c8dbdcea-e3fd-4540-a515-b7d53be73e18/media__1776134993237.png
 create mode 100644 docs/artifacts/c8dbdcea-e3fd-4540-a515-b7d53be73e18/media__1776135486146.png
 create mode 100644 docs/artifacts/c8dbdcea-e3fd-4540-a515-b7d53be73e18/media__1776168131442.png
 create mode 100644 docs/artifacts/c8dbdcea-e3fd-4540-a515-b7d53be73e18/media__1776169100442.png
 create mode 100644 docs/artifacts/c8dbdcea-e3fd-4540-a515-b7d53be73e18/media__1776173089591.png
 create mode 100644 docs/artifacts/c8dbdcea-e3fd-4540-a515-b7d53be73e18/media__1776173606683.png
 create mode 100644 docs/artifacts/c8dbdcea-e3fd-4540-a515-b7d53be73e18/media__1776222115611.png
 create mode 100644 docs/artifacts/c8dbdcea-e3fd-4540-a515-b7d53be73e18/media__1776222673014.png
 create mode 100644 docs/artifacts/c8dbdcea-e3fd-4540-a515-b7d53be73e18/media__1776222710883.png
 create mode 100644 docs/artifacts/c8dbdcea-e3fd-4540-a515-b7d53be73e18/media__1776262170281.png
 create mode 100644 docs/artifacts/c8dbdcea-e3fd-4540-a515-b7d53be73e18/media__1776271897275.png
 create mode 100644 docs/artifacts/c8dbdcea-e3fd-4540-a515-b7d53be73e18/media__1776308276398.png
 create mode 100644 docs/artifacts/c8dbdcea-e3fd-4540-a515-b7d53be73e18/media__1776347260239.png
 create mode 100644 docs/artifacts/c8dbdcea-e3fd-4540-a515-b7d53be73e18/parallel_production_plan.md
 create mode 100644 docs/artifacts/c8dbdcea-e3fd-4540-a515-b7d53be73e18/parallel_production_plan.md.metadata.json
 create mode 100644 docs/artifacts/c8dbdcea-e3fd-4540-a515-b7d53be73e18/parallel_production_plan.md.resolved
 create mode 100644 docs/artifacts/c8dbdcea-e3fd-4540-a515-b7d53be73e18/parallel_production_plan.md.resolved.0
 create mode 100644 docs/artifacts/c8dbdcea-e3fd-4540-a515-b7d53be73e18/production_ledger_status_1776341223875.png
 create mode 100644 docs/artifacts/c8dbdcea-e3fd-4540-a515-b7d53be73e18/segmented_lipsync_plan.md
 create mode 100644 docs/artifacts/c8dbdcea-e3fd-4540-a515-b7d53be73e18/segmented_lipsync_plan.md.metadata.json
 create mode 100644 docs/artifacts/c8dbdcea-e3fd-4540-a515-b7d53be73e18/segmented_lipsync_plan.md.resolved
 create mode 100644 docs/artifacts/c8dbdcea-e3fd-4540-a515-b7d53be73e18/segmented_lipsync_plan.md.resolved.0
 create mode 100644 docs/artifacts/c8dbdcea-e3fd-4540-a515-b7d53be73e18/segmented_recovery_plan.md
 create mode 100644 docs/artifacts/c8dbdcea-e3fd-4540-a515-b7d53be73e18/segmented_recovery_plan.md.metadata.json
 create mode 100644 docs/artifacts/c8dbdcea-e3fd-4540-a515-b7d53be73e18/segmented_recovery_plan.md.resolved
 create mode 100644 docs/artifacts/c8dbdcea-e3fd-4540-a515-b7d53be73e18/segmented_recovery_plan.md.resolved.0
 create mode 100644 docs/artifacts/c8dbdcea-e3fd-4540-a515-b7d53be73e18/surgical_loader_plan.md
 create mode 100644 docs/artifacts/c8dbdcea-e3fd-4540-a515-b7d53be73e18/surgical_loader_plan.md.metadata.json
 create mode 100644 docs/artifacts/c8dbdcea-e3fd-4540-a515-b7d53be73e18/surgical_loader_plan.md.resolved
 create mode 100644 docs/artifacts/c8dbdcea-e3fd-4540-a515-b7d53be73e18/surgical_loader_plan.md.resolved.0
 create mode 100644 docs/artifacts/c8dbdcea-e3fd-4540-a515-b7d53be73e18/task.md
 create mode 100644 docs/artifacts/c8dbdcea-e3fd-4540-a515-b7d53be73e18/task.md.metadata.json
 create mode 100644 docs/artifacts/c8dbdcea-e3fd-4540-a515-b7d53be73e18/task.md.resolved
 create mode 100644 docs/artifacts/c8dbdcea-e3fd-4540-a515-b7d53be73e18/task.md.resolved.0
 create mode 100644 docs/artifacts/c8dbdcea-e3fd-4540-a515-b7d53be73e18/task.md.resolved.1
 create mode 100644 docs/artifacts/c8dbdcea-e3fd-4540-a515-b7d53be73e18/task.md.resolved.10
 create mode 100644 docs/artifacts/c8dbdcea-e3fd-4540-a515-b7d53be73e18/task.md.resolved.11
 create mode 100644 docs/artifacts/c8dbdcea-e3fd-4540-a515-b7d53be73e18/task.md.resolved.12
 create mode 100644 docs/artifacts/c8dbdcea-e3fd-4540-a515-b7d53be73e18/task.md.resolved.13
 create mode 100644 docs/artifacts/c8dbdcea-e3fd-4540-a515-b7d53be73e18/task.md.resolved.14
 create mode 100644 docs/artifacts/c8dbdcea-e3fd-4540-a515-b7d53be73e18/task.md.resolved.15
 create mode 100644 docs/artifacts/c8dbdcea-e3fd-4540-a515-b7d53be73e18/task.md.resolved.16
 create mode 100644 docs/artifacts/c8dbdcea-e3fd-4540-a515-b7d53be73e18/task.md.resolved.17
 create mode 100644 docs/artifacts/c8dbdcea-e3fd-4540-a515-b7d53be73e18/task.md.resolved.18
 create mode 100644 docs/artifacts/c8dbdcea-e3fd-4540-a515-b7d53be73e18/task.md.resolved.19
 create mode 100644 docs/artifacts/c8dbdcea-e3fd-4540-a515-b7d53be73e18/task.md.resolved.2
 create mode 100644 docs/artifacts/c8dbdcea-e3fd-4540-a515-b7d53be73e18/task.md.resolved.20
 create mode 100644 docs/artifacts/c8dbdcea-e3fd-4540-a515-b7d53be73e18/task.md.resolved.3
 create mode 100644 docs/artifacts/c8dbdcea-e3fd-4540-a515-b7d53be73e18/task.md.resolved.4
 create mode 100644 docs/artifacts/c8dbdcea-e3fd-4540-a515-b7d53be73e18/task.md.resolved.5
 create mode 100644 docs/artifacts/c8dbdcea-e3fd-4540-a515-b7d53be73e18/task.md.resolved.6
 create mode 100644 docs/artifacts/c8dbdcea-e3fd-4540-a515-b7d53be73e18/task.md.resolved.7
 create mode 100644 docs/artifacts/c8dbdcea-e3fd-4540-a515-b7d53be73e18/task.md.resolved.8
 create mode 100644 docs/artifacts/c8dbdcea-e3fd-4540-a515-b7d53be73e18/task.md.resolved.9
 create mode 100644 docs/artifacts/c8dbdcea-e3fd-4540-a515-b7d53be73e18/ui_responsiveness_plan.md
 create mode 100644 docs/artifacts/c8dbdcea-e3fd-4540-a515-b7d53be73e18/ui_responsiveness_plan.md.metadata.json
 create mode 100644 docs/artifacts/c8dbdcea-e3fd-4540-a515-b7d53be73e18/ui_responsiveness_plan.md.resolved
 create mode 100644 docs/artifacts/c8dbdcea-e3fd-4540-a515-b7d53be73e18/ui_responsiveness_plan.md.resolved.0
 create mode 100644 docs/artifacts/c8dbdcea-e3fd-4540-a515-b7d53be73e18/vram_compression_plan.md
 create mode 100644 docs/artifacts/c8dbdcea-e3fd-4540-a515-b7d53be73e18/vram_compression_plan.md.metadata.json
 create mode 100644 docs/artifacts/c8dbdcea-e3fd-4540-a515-b7d53be73e18/vram_compression_plan.md.resolved
 create mode 100644 docs/artifacts/c8dbdcea-e3fd-4540-a515-b7d53be73e18/vram_compression_plan.md.resolved.0
 create mode 100644 docs/artifacts/c8dbdcea-e3fd-4540-a515-b7d53be73e18/vram_disarmament_plan.md
 create mode 100644 docs/artifacts/c8dbdcea-e3fd-4540-a515-b7d53be73e18/vram_disarmament_plan.md.metadata.json
 create mode 100644 docs/artifacts/c8dbdcea-e3fd-4540-a515-b7d53be73e18/vram_disarmament_plan.md.resolved
 create mode 100644 docs/artifacts/c8dbdcea-e3fd-4540-a515-b7d53be73e18/vram_disarmament_plan.md.resolved.0
 create mode 100644 docs/artifacts/c8dbdcea-e3fd-4540-a515-b7d53be73e18/walkthrough.md
 create mode 100644 docs/artifacts/c8dbdcea-e3fd-4540-a515-b7d53be73e18/walkthrough.md.metadata.json
 create mode 100644 docs/artifacts/c8dbdcea-e3fd-4540-a515-b7d53be73e18/walkthrough.md.resolved
 create mode 100644 docs/artifacts/c8dbdcea-e3fd-4540-a515-b7d53be73e18/walkthrough.md.resolved.0
 create mode 100644 docs/artifacts/c8dbdcea-e3fd-4540-a515-b7d53be73e18/walkthrough.md.resolved.1
 create mode 100644 docs/artifacts/c8dbdcea-e3fd-4540-a515-b7d53be73e18/walkthrough.md.resolved.2
 create mode 100644 docs/artifacts/c8dbdcea-e3fd-4540-a515-b7d53be73e18/walkthrough.md.resolved.3
 create mode 100644 docs/artifacts/cb3a3af6-94b1-431a-888e-8f0e7a17e962/architecture_comparison.md
 create mode 100644 docs/artifacts/cb3a3af6-94b1-431a-888e-8f0e7a17e962/architecture_comparison.md.metadata.json
 create mode 100644 docs/artifacts/cb3a3af6-94b1-431a-888e-8f0e7a17e962/architecture_comparison.md.resolved
 create mode 100644 docs/artifacts/cb3a3af6-94b1-431a-888e-8f0e7a17e962/architecture_comparison.md.resolved.0
 create mode 100644 docs/artifacts/cb3a3af6-94b1-431a-888e-8f0e7a17e962/architecture_comparison.md.resolved.1
 create mode 100644 docs/artifacts/cb3a3af6-94b1-431a-888e-8f0e7a17e962/architecture_v2.md
 create mode 100644 docs/artifacts/cb3a3af6-94b1-431a-888e-8f0e7a17e962/architecture_v2.md.metadata.json
 create mode 100644 docs/artifacts/cb3a3af6-94b1-431a-888e-8f0e7a17e962/architecture_v2.md.resolved
 create mode 100644 docs/artifacts/cb3a3af6-94b1-431a-888e-8f0e7a17e962/architecture_v2.md.resolved.0
 create mode 100644 docs/artifacts/cb3a3af6-94b1-431a-888e-8f0e7a17e962/implementation_plan.md
 create mode 100644 docs/artifacts/cb3a3af6-94b1-431a-888e-8f0e7a17e962/implementation_plan.md.metadata.json
 create mode 100644 docs/artifacts/cb3a3af6-94b1-431a-888e-8f0e7a17e962/implementation_plan.md.resolved
 create mode 100644 docs/artifacts/cb3a3af6-94b1-431a-888e-8f0e7a17e962/implementation_plan.md.resolved.0
 create mode 100644 docs/artifacts/cb3a3af6-94b1-431a-888e-8f0e7a17e962/implementation_plan.md.resolved.1
 create mode 100644 docs/artifacts/cb3a3af6-94b1-431a-888e-8f0e7a17e962/implementation_plan.md.resolved.10
 create mode 100644 docs/artifacts/cb3a3af6-94b1-431a-888e-8f0e7a17e962/implementation_plan.md.resolved.11
 create mode 100644 docs/artifacts/cb3a3af6-94b1-431a-888e-8f0e7a17e962/implementation_plan.md.resolved.12
 create mode 100644 docs/artifacts/cb3a3af6-94b1-431a-888e-8f0e7a17e962/implementation_plan.md.resolved.13
 create mode 100644 docs/artifacts/cb3a3af6-94b1-431a-888e-8f0e7a17e962/implementation_plan.md.resolved.14
 create mode 100644 docs/artifacts/cb3a3af6-94b1-431a-888e-8f0e7a17e962/implementation_plan.md.resolved.2
 create mode 100644 docs/artifacts/cb3a3af6-94b1-431a-888e-8f0e7a17e962/implementation_plan.md.resolved.3
 create mode 100644 docs/artifacts/cb3a3af6-94b1-431a-888e-8f0e7a17e962/implementation_plan.md.resolved.4
 create mode 100644 docs/artifacts/cb3a3af6-94b1-431a-888e-8f0e7a17e962/implementation_plan.md.resolved.5
 create mode 100644 docs/artifacts/cb3a3af6-94b1-431a-888e-8f0e7a17e962/implementation_plan.md.resolved.6
 create mode 100644 docs/artifacts/cb3a3af6-94b1-431a-888e-8f0e7a17e962/implementation_plan.md.resolved.7
 create mode 100644 docs/artifacts/cb3a3af6-94b1-431a-888e-8f0e7a17e962/implementation_plan.md.resolved.8
 create mode 100644 docs/artifacts/cb3a3af6-94b1-431a-888e-8f0e7a17e962/implementation_plan.md.resolved.9
 create mode 100644 docs/artifacts/cb3a3af6-94b1-431a-888e-8f0e7a17e962/task.md
 create mode 100644 docs/artifacts/cb3a3af6-94b1-431a-888e-8f0e7a17e962/task.md.metadata.json
 create mode 100644 docs/artifacts/cb3a3af6-94b1-431a-888e-8f0e7a17e962/task.md.resolved
 create mode 100644 docs/artifacts/cb3a3af6-94b1-431a-888e-8f0e7a17e962/task.md.resolved.0
 create mode 100644 docs/artifacts/cb3a3af6-94b1-431a-888e-8f0e7a17e962/task.md.resolved.1
 create mode 100644 docs/artifacts/cb3a3af6-94b1-431a-888e-8f0e7a17e962/task.md.resolved.10
 create mode 100644 docs/artifacts/cb3a3af6-94b1-431a-888e-8f0e7a17e962/task.md.resolved.11
 create mode 100644 docs/artifacts/cb3a3af6-94b1-431a-888e-8f0e7a17e962/task.md.resolved.12
 create mode 100644 docs/artifacts/cb3a3af6-94b1-431a-888e-8f0e7a17e962/task.md.resolved.13
 create mode 100644 docs/artifacts/cb3a3af6-94b1-431a-888e-8f0e7a17e962/task.md.resolved.14
 create mode 100644 docs/artifacts/cb3a3af6-94b1-431a-888e-8f0e7a17e962/task.md.resolved.15
 create mode 100644 docs/artifacts/cb3a3af6-94b1-431a-888e-8f0e7a17e962/task.md.resolved.16
 create mode 100644 docs/artifacts/cb3a3af6-94b1-431a-888e-8f0e7a17e962/task.md.resolved.17
 create mode 100644 docs/artifacts/cb3a3af6-94b1-431a-888e-8f0e7a17e962/task.md.resolved.18
 create mode 100644 docs/artifacts/cb3a3af6-94b1-431a-888e-8f0e7a17e962/task.md.resolved.19
 create mode 100644 docs/artifacts/cb3a3af6-94b1-431a-888e-8f0e7a17e962/task.md.resolved.2
 create mode 100644 docs/artifacts/cb3a3af6-94b1-431a-888e-8f0e7a17e962/task.md.resolved.20
 create mode 100644 docs/artifacts/cb3a3af6-94b1-431a-888e-8f0e7a17e962/task.md.resolved.21
 create mode 100644 docs/artifacts/cb3a3af6-94b1-431a-888e-8f0e7a17e962/task.md.resolved.22
 create mode 100644 docs/artifacts/cb3a3af6-94b1-431a-888e-8f0e7a17e962/task.md.resolved.23
 create mode 100644 docs/artifacts/cb3a3af6-94b1-431a-888e-8f0e7a17e962/task.md.resolved.24
 create mode 100644 docs/artifacts/cb3a3af6-94b1-431a-888e-8f0e7a17e962/task.md.resolved.25
 create mode 100644 docs/artifacts/cb3a3af6-94b1-431a-888e-8f0e7a17e962/task.md.resolved.26
 create mode 100644 docs/artifacts/cb3a3af6-94b1-431a-888e-8f0e7a17e962/task.md.resolved.27
 create mode 100644 docs/artifacts/cb3a3af6-94b1-431a-888e-8f0e7a17e962/task.md.resolved.28
 create mode 100644 docs/artifacts/cb3a3af6-94b1-431a-888e-8f0e7a17e962/task.md.resolved.29
 create mode 100644 docs/artifacts/cb3a3af6-94b1-431a-888e-8f0e7a17e962/task.md.resolved.3
 create mode 100644 docs/artifacts/cb3a3af6-94b1-431a-888e-8f0e7a17e962/task.md.resolved.30
 create mode 100644 docs/artifacts/cb3a3af6-94b1-431a-888e-8f0e7a17e962/task.md.resolved.31
 create mode 100644 docs/artifacts/cb3a3af6-94b1-431a-888e-8f0e7a17e962/task.md.resolved.32
 create mode 100644 docs/artifacts/cb3a3af6-94b1-431a-888e-8f0e7a17e962/task.md.resolved.33
 create mode 100644 docs/artifacts/cb3a3af6-94b1-431a-888e-8f0e7a17e962/task.md.resolved.34
 create mode 100644 docs/artifacts/cb3a3af6-94b1-431a-888e-8f0e7a17e962/task.md.resolved.35
 create mode 100644 docs/artifacts/cb3a3af6-94b1-431a-888e-8f0e7a17e962/task.md.resolved.36
 create mode 100644 docs/artifacts/cb3a3af6-94b1-431a-888e-8f0e7a17e962/task.md.resolved.37
 create mode 100644 docs/artifacts/cb3a3af6-94b1-431a-888e-8f0e7a17e962/task.md.resolved.38
 create mode 100644 docs/artifacts/cb3a3af6-94b1-431a-888e-8f0e7a17e962/task.md.resolved.39
 create mode 100644 docs/artifacts/cb3a3af6-94b1-431a-888e-8f0e7a17e962/task.md.resolved.4
 create mode 100644 docs/artifacts/cb3a3af6-94b1-431a-888e-8f0e7a17e962/task.md.resolved.40
 create mode 100644 docs/artifacts/cb3a3af6-94b1-431a-888e-8f0e7a17e962/task.md.resolved.41
 create mode 100644 docs/artifacts/cb3a3af6-94b1-431a-888e-8f0e7a17e962/task.md.resolved.42
 create mode 100644 docs/artifacts/cb3a3af6-94b1-431a-888e-8f0e7a17e962/task.md.resolved.43
 create mode 100644 docs/artifacts/cb3a3af6-94b1-431a-888e-8f0e7a17e962/task.md.resolved.44
 create mode 100644 docs/artifacts/cb3a3af6-94b1-431a-888e-8f0e7a17e962/task.md.resolved.45
 create mode 100644 docs/artifacts/cb3a3af6-94b1-431a-888e-8f0e7a17e962/task.md.resolved.46
 create mode 100644 docs/artifacts/cb3a3af6-94b1-431a-888e-8f0e7a17e962/task.md.resolved.47
 create mode 100644 docs/artifacts/cb3a3af6-94b1-431a-888e-8f0e7a17e962/task.md.resolved.48
 create mode 100644 docs/artifacts/cb3a3af6-94b1-431a-888e-8f0e7a17e962/task.md.resolved.49
 create mode 100644 docs/artifacts/cb3a3af6-94b1-431a-888e-8f0e7a17e962/task.md.resolved.5
 create mode 100644 docs/artifacts/cb3a3af6-94b1-431a-888e-8f0e7a17e962/task.md.resolved.50
 create mode 100644 docs/artifacts/cb3a3af6-94b1-431a-888e-8f0e7a17e962/task.md.resolved.6
 create mode 100644 docs/artifacts/cb3a3af6-94b1-431a-888e-8f0e7a17e962/task.md.resolved.7
 create mode 100644 docs/artifacts/cb3a3af6-94b1-431a-888e-8f0e7a17e962/task.md.resolved.8
 create mode 100644 docs/artifacts/cb3a3af6-94b1-431a-888e-8f0e7a17e962/task.md.resolved.9
 create mode 100644 docs/artifacts/cb3a3af6-94b1-431a-888e-8f0e7a17e962/uploaded_image_0_1764967089153.png
 create mode 100644 docs/artifacts/cb3a3af6-94b1-431a-888e-8f0e7a17e962/uploaded_image_0_1764968219648.png
 create mode 100644 docs/artifacts/cb3a3af6-94b1-431a-888e-8f0e7a17e962/uploaded_image_0_1764968446629.png
 create mode 100644 docs/artifacts/cb3a3af6-94b1-431a-888e-8f0e7a17e962/uploaded_image_0_1765000847596.png
 create mode 100644 docs/artifacts/cb3a3af6-94b1-431a-888e-8f0e7a17e962/uploaded_image_1764962870866.png
 create mode 100644 docs/artifacts/cb3a3af6-94b1-431a-888e-8f0e7a17e962/uploaded_image_1764963779780.png
 create mode 100644 docs/artifacts/cb3a3af6-94b1-431a-888e-8f0e7a17e962/uploaded_image_1764964002494.png
 create mode 100644 docs/artifacts/cb3a3af6-94b1-431a-888e-8f0e7a17e962/uploaded_image_1764964102393.png
 create mode 100644 docs/artifacts/cb3a3af6-94b1-431a-888e-8f0e7a17e962/uploaded_image_1764965012268.png
 create mode 100644 docs/artifacts/cb3a3af6-94b1-431a-888e-8f0e7a17e962/uploaded_image_1764965442427.png
 create mode 100644 docs/artifacts/cb3a3af6-94b1-431a-888e-8f0e7a17e962/uploaded_image_1764965962757.png
 create mode 100644 docs/artifacts/cb3a3af6-94b1-431a-888e-8f0e7a17e962/uploaded_image_1764966317797.png
 create mode 100644 docs/artifacts/cb3a3af6-94b1-431a-888e-8f0e7a17e962/uploaded_image_1764966620424.png
 create mode 100644 docs/artifacts/cb3a3af6-94b1-431a-888e-8f0e7a17e962/uploaded_image_1764967715511.png
 create mode 100644 docs/artifacts/cb3a3af6-94b1-431a-888e-8f0e7a17e962/uploaded_image_1764999398734.png
 create mode 100644 docs/artifacts/cb3a3af6-94b1-431a-888e-8f0e7a17e962/uploaded_image_1765001265883.png
 create mode 100644 docs/artifacts/cb3a3af6-94b1-431a-888e-8f0e7a17e962/uploaded_image_1765002619145.png
 create mode 100644 docs/artifacts/cb3a3af6-94b1-431a-888e-8f0e7a17e962/uploaded_image_1765004104136.png
 create mode 100644 docs/artifacts/cb3a3af6-94b1-431a-888e-8f0e7a17e962/uploaded_image_1765020600739.jpg
 create mode 100644 docs/artifacts/cb3a3af6-94b1-431a-888e-8f0e7a17e962/uploaded_image_1765034906415.png
 create mode 100644 docs/artifacts/cb3a3af6-94b1-431a-888e-8f0e7a17e962/uploaded_image_1765035691257.png
 create mode 100644 docs/artifacts/cb3a3af6-94b1-431a-888e-8f0e7a17e962/uploaded_image_1765052305930.png
 create mode 100644 docs/artifacts/cb3a3af6-94b1-431a-888e-8f0e7a17e962/uploaded_image_1765053238886.png
 create mode 100644 docs/artifacts/cb3a3af6-94b1-431a-888e-8f0e7a17e962/uploaded_image_1765057349156.png
 create mode 100644 docs/artifacts/cb3a3af6-94b1-431a-888e-8f0e7a17e962/uploaded_image_1765087101139.png
 create mode 100644 docs/artifacts/cb3a3af6-94b1-431a-888e-8f0e7a17e962/uploaded_image_1765094288909.png
 create mode 100644 docs/artifacts/cb3a3af6-94b1-431a-888e-8f0e7a17e962/uploaded_image_1765097988583.png
 create mode 100644 docs/artifacts/cb3a3af6-94b1-431a-888e-8f0e7a17e962/uploaded_image_1765099207427.jpg
 create mode 100644 docs/artifacts/cb3a3af6-94b1-431a-888e-8f0e7a17e962/uploaded_image_1765099869884.jpg
 create mode 100644 docs/artifacts/cb3a3af6-94b1-431a-888e-8f0e7a17e962/uploaded_image_1_1764967089153.png
 create mode 100644 docs/artifacts/cb3a3af6-94b1-431a-888e-8f0e7a17e962/uploaded_image_1_1764968219648.png
 create mode 100644 docs/artifacts/cb3a3af6-94b1-431a-888e-8f0e7a17e962/uploaded_image_1_1764968446629.png
 create mode 100644 docs/artifacts/cb3a3af6-94b1-431a-888e-8f0e7a17e962/uploaded_image_1_1765000847596.png
 create mode 100644 docs/artifacts/cb3a3af6-94b1-431a-888e-8f0e7a17e962/uploaded_image_2_1765000847596.png
 create mode 100644 docs/artifacts/cb3a3af6-94b1-431a-888e-8f0e7a17e962/walkthrough.md
 create mode 100644 docs/artifacts/cb3a3af6-94b1-431a-888e-8f0e7a17e962/walkthrough.md.metadata.json
 create mode 100644 docs/artifacts/cb3a3af6-94b1-431a-888e-8f0e7a17e962/walkthrough.md.resolved
 create mode 100644 docs/artifacts/cb3a3af6-94b1-431a-888e-8f0e7a17e962/walkthrough.md.resolved.0
 create mode 100644 docs/artifacts/cb3a3af6-94b1-431a-888e-8f0e7a17e962/walkthrough.md.resolved.1
 create mode 100644 docs/artifacts/cb3a3af6-94b1-431a-888e-8f0e7a17e962/walkthrough.md.resolved.2
 create mode 100644 docs/artifacts/cb3a3af6-94b1-431a-888e-8f0e7a17e962/walkthrough.md.resolved.3
 create mode 100644 docs/artifacts/cb3a3af6-94b1-431a-888e-8f0e7a17e962/walkthrough.md.resolved.4
 create mode 100644 docs/artifacts/cb3a3af6-94b1-431a-888e-8f0e7a17e962/walkthrough.md.resolved.5
 create mode 100644 docs/artifacts/cb3a3af6-94b1-431a-888e-8f0e7a17e962/walkthrough.md.resolved.6
 create mode 100644 docs/artifacts/cb3a3af6-94b1-431a-888e-8f0e7a17e962/walkthrough.md.resolved.7
 create mode 100644 docs/artifacts/cb3a3af6-94b1-431a-888e-8f0e7a17e962/walkthrough.md.resolved.8
 create mode 100644 docs/artifacts/cb3a3af6-94b1-431a-888e-8f0e7a17e962/walkthrough.md.resolved.9
 create mode 100644 docs/artifacts/cfa6683e-239f-47b9-85b6-e3d4e206b494/.tempmediaStorage/media_cfa6683e-239f-47b9-85b6-e3d4e206b494_1770581574919.jpg
 create mode 100644 docs/artifacts/cfa6683e-239f-47b9-85b6-e3d4e206b494/implementation_plan.md
 create mode 100644 docs/artifacts/cfa6683e-239f-47b9-85b6-e3d4e206b494/implementation_plan.md.metadata.json
 create mode 100644 docs/artifacts/cfa6683e-239f-47b9-85b6-e3d4e206b494/implementation_plan.md.resolved
 create mode 100644 docs/artifacts/cfa6683e-239f-47b9-85b6-e3d4e206b494/implementation_plan.md.resolved.0
 create mode 100644 docs/artifacts/cfa6683e-239f-47b9-85b6-e3d4e206b494/implementation_plan.md.resolved.1
 create mode 100644 docs/artifacts/cfa6683e-239f-47b9-85b6-e3d4e206b494/implementation_plan.md.resolved.2
 create mode 100644 docs/artifacts/cfa6683e-239f-47b9-85b6-e3d4e206b494/implementation_plan.md.resolved.3
 create mode 100644 docs/artifacts/cfa6683e-239f-47b9-85b6-e3d4e206b494/media__1770494886000.png
 create mode 100644 docs/artifacts/cfa6683e-239f-47b9-85b6-e3d4e206b494/media__1770494955073.png
 create mode 100644 docs/artifacts/cfa6683e-239f-47b9-85b6-e3d4e206b494/media__1770495028910.png
 create mode 100644 docs/artifacts/cfa6683e-239f-47b9-85b6-e3d4e206b494/media__1770495680205.png
 create mode 100644 docs/artifacts/cfa6683e-239f-47b9-85b6-e3d4e206b494/media__1770556073568.png
 create mode 100644 docs/artifacts/cfa6683e-239f-47b9-85b6-e3d4e206b494/media__1770556571152.png
 create mode 100644 docs/artifacts/cfa6683e-239f-47b9-85b6-e3d4e206b494/media__1770556722680.png
 create mode 100644 docs/artifacts/cfa6683e-239f-47b9-85b6-e3d4e206b494/media__1770557591168.png
 create mode 100644 docs/artifacts/cfa6683e-239f-47b9-85b6-e3d4e206b494/media__1770559339730.png
 create mode 100644 docs/artifacts/cfa6683e-239f-47b9-85b6-e3d4e206b494/media__1770561408780.png
 create mode 100644 docs/artifacts/cfa6683e-239f-47b9-85b6-e3d4e206b494/media__1770629651245.png
 create mode 100644 docs/artifacts/cfa6683e-239f-47b9-85b6-e3d4e206b494/media__1770631897763.png
 create mode 100644 docs/artifacts/cfa6683e-239f-47b9-85b6-e3d4e206b494/media__1770631950021.png
 create mode 100644 docs/artifacts/cfa6683e-239f-47b9-85b6-e3d4e206b494/media__1770633134274.png
 create mode 100644 docs/artifacts/cfa6683e-239f-47b9-85b6-e3d4e206b494/media__1770641303472.png
 create mode 100644 docs/artifacts/cfa6683e-239f-47b9-85b6-e3d4e206b494/media__1770708195582.jpg
 create mode 100644 docs/artifacts/cfa6683e-239f-47b9-85b6-e3d4e206b494/media__1770708386449.png
 create mode 100644 docs/artifacts/cfa6683e-239f-47b9-85b6-e3d4e206b494/scrollbench_image_test_1770632904529.webp
 create mode 100644 docs/artifacts/cfa6683e-239f-47b9-85b6-e3d4e206b494/task.md
 create mode 100644 docs/artifacts/cfa6683e-239f-47b9-85b6-e3d4e206b494/task.md.metadata.json
 create mode 100644 docs/artifacts/cfa6683e-239f-47b9-85b6-e3d4e206b494/task.md.resolved
 create mode 100644 docs/artifacts/cfa6683e-239f-47b9-85b6-e3d4e206b494/task.md.resolved.0
 create mode 100644 docs/artifacts/cfa6683e-239f-47b9-85b6-e3d4e206b494/task.md.resolved.1
 create mode 100644 docs/artifacts/cfa6683e-239f-47b9-85b6-e3d4e206b494/task.md.resolved.2
 create mode 100644 docs/artifacts/cfa6683e-239f-47b9-85b6-e3d4e206b494/task.md.resolved.3
 create mode 100644 docs/artifacts/cfa6683e-239f-47b9-85b6-e3d4e206b494/task.md.resolved.4
 create mode 100644 docs/artifacts/cfa6683e-239f-47b9-85b6-e3d4e206b494/task.md.resolved.5
 create mode 100644 docs/artifacts/cfa6683e-239f-47b9-85b6-e3d4e206b494/walkthrough.md
 create mode 100644 docs/artifacts/cfa6683e-239f-47b9-85b6-e3d4e206b494/walkthrough.md.metadata.json
 create mode 100644 docs/artifacts/cfa6683e-239f-47b9-85b6-e3d4e206b494/walkthrough.md.resolved
 create mode 100644 docs/artifacts/cfa6683e-239f-47b9-85b6-e3d4e206b494/walkthrough.md.resolved.0
 create mode 100644 docs/artifacts/cfa6683e-239f-47b9-85b6-e3d4e206b494/walkthrough.md.resolved.1
 create mode 100644 docs/artifacts/cfa6683e-239f-47b9-85b6-e3d4e206b494/walkthrough.md.resolved.2
 create mode 100644 docs/artifacts/d1570d4a-7e77-4943-be86-03b12ead8792/.system_generated/click_feedback/click_feedback_1782019176180.png
 create mode 100644 docs/artifacts/d1570d4a-7e77-4943-be86-03b12ead8792/.system_generated/click_feedback/click_feedback_1782019181957.png
 create mode 100644 docs/artifacts/d1570d4a-7e77-4943-be86-03b12ead8792/.system_generated/click_feedback/click_feedback_1782019199242.png
 create mode 100644 docs/artifacts/d1570d4a-7e77-4943-be86-03b12ead8792/.system_generated/click_feedback/click_feedback_1782445150877.png
 create mode 100644 docs/artifacts/d1570d4a-7e77-4943-be86-03b12ead8792/.system_generated/messages/022edef2-1529-426e-90c1-ae13a6945446.json
 create mode 100644 docs/artifacts/d1570d4a-7e77-4943-be86-03b12ead8792/.system_generated/messages/0f249f4c-2084-44aa-9181-b2460ee20133.json
 create mode 100644 docs/artifacts/d1570d4a-7e77-4943-be86-03b12ead8792/.system_generated/messages/1142c502-de7b-40cf-8605-22aa3cfd7640.json
 create mode 100644 docs/artifacts/d1570d4a-7e77-4943-be86-03b12ead8792/.system_generated/messages/14882fb6-0e30-4eca-aada-48b3e9f70ae9.json
 create mode 100644 docs/artifacts/d1570d4a-7e77-4943-be86-03b12ead8792/.system_generated/messages/1ac01787-0b42-4805-95ee-957f6de905b2.json
 create mode 100644 docs/artifacts/d1570d4a-7e77-4943-be86-03b12ead8792/.system_generated/messages/1eea06a7-8c20-4cb9-8df9-21bb5e5cf231.json
 create mode 100644 docs/artifacts/d1570d4a-7e77-4943-be86-03b12ead8792/.system_generated/messages/1f1d0e40-6083-4d55-8e39-010f3caeb47d.json
 create mode 100644 docs/artifacts/d1570d4a-7e77-4943-be86-03b12ead8792/.system_generated/messages/1fe3e94f-168e-472b-920f-e5c28f69d7fe.json
 create mode 100644 docs/artifacts/d1570d4a-7e77-4943-be86-03b12ead8792/.system_generated/messages/21e70ddf-5d39-4b6a-bcc3-99ca90451dfb.json
 create mode 100644 docs/artifacts/d1570d4a-7e77-4943-be86-03b12ead8792/.system_generated/messages/2205c76c-5b49-4404-a230-833ff29ca565.json
 create mode 100644 docs/artifacts/d1570d4a-7e77-4943-be86-03b12ead8792/.system_generated/messages/2ac67e36-5c8d-4e2b-8942-661f10bb6f86.json
 create mode 100644 docs/artifacts/d1570d4a-7e77-4943-be86-03b12ead8792/.system_generated/messages/2cd18afe-6b39-4c7c-aaf9-fd420f03d1b6.json
 create mode 100644 docs/artifacts/d1570d4a-7e77-4943-be86-03b12ead8792/.system_generated/messages/2eb10b77-6b24-4f23-97ea-16ec1e3b344a.json
 create mode 100644 docs/artifacts/d1570d4a-7e77-4943-be86-03b12ead8792/.system_generated/messages/2f1b38c9-5f4b-48d6-a2b6-e2f5303bd407.json
 create mode 100644 docs/artifacts/d1570d4a-7e77-4943-be86-03b12ead8792/.system_generated/messages/32222464-006d-4a38-8255-3fe0d4e08712.json
 create mode 100644 docs/artifacts/d1570d4a-7e77-4943-be86-03b12ead8792/.system_generated/messages/32a7e8af-71cd-448a-a76d-b25f03bc1ac6.json
 create mode 100644 docs/artifacts/d1570d4a-7e77-4943-be86-03b12ead8792/.system_generated/messages/344f7ce4-b88c-499f-975d-65d708e70c62.json
 create mode 100644 docs/artifacts/d1570d4a-7e77-4943-be86-03b12ead8792/.system_generated/messages/3475d5b9-2396-47e3-bad8-3c598d01cd11.json
 create mode 100644 docs/artifacts/d1570d4a-7e77-4943-be86-03b12ead8792/.system_generated/messages/36d7c610-15b2-45c4-bbc1-cff72f7ff1b2.json
 create mode 100644 docs/artifacts/d1570d4a-7e77-4943-be86-03b12ead8792/.system_generated/messages/3729c58b-f3fd-451f-940f-28de228811a7.json
 create mode 100644 docs/artifacts/d1570d4a-7e77-4943-be86-03b12ead8792/.system_generated/messages/37adcb43-587f-497f-8626-8d5773937b40.json
 create mode 100644 docs/artifacts/d1570d4a-7e77-4943-be86-03b12ead8792/.system_generated/messages/38442be4-100c-4866-bc6e-d6d242a3d39c.json
 create mode 100644 docs/artifacts/d1570d4a-7e77-4943-be86-03b12ead8792/.system_generated/messages/3a5e9904-65c5-4698-8510-449e44696744.json
 create mode 100644 docs/artifacts/d1570d4a-7e77-4943-be86-03b12ead8792/.system_generated/messages/3a88676c-5828-45d4-bf36-cff65d31abf0.json
 create mode 100644 docs/artifacts/d1570d4a-7e77-4943-be86-03b12ead8792/.system_generated/messages/3cde80c3-bb5a-4d42-a4e6-1649ef4a9c7c.json
 create mode 100644 docs/artifacts/d1570d4a-7e77-4943-be86-03b12ead8792/.system_generated/messages/4087252e-a015-4cec-9c51-d1f48f3dc95d.json
 create mode 100644 docs/artifacts/d1570d4a-7e77-4943-be86-03b12ead8792/.system_generated/messages/40cb1d67-0ca2-4c36-9a79-55aec51e4b6d.json
 create mode 100644 docs/artifacts/d1570d4a-7e77-4943-be86-03b12ead8792/.system_generated/messages/44581b1b-5fca-4700-9fd1-35c99d9560c9.json
 create mode 100644 docs/artifacts/d1570d4a-7e77-4943-be86-03b12ead8792/.system_generated/messages/45dff0dd-c279-49f1-b9f9-229944c53622.json
 create mode 100644 docs/artifacts/d1570d4a-7e77-4943-be86-03b12ead8792/.system_generated/messages/46127319-5f8f-4298-8875-fd16e97164e9.json
 create mode 100644 docs/artifacts/d1570d4a-7e77-4943-be86-03b12ead8792/.system_generated/messages/4742b05c-0ebd-4be5-b416-c27085c7d83a.json
 create mode 100644 docs/artifacts/d1570d4a-7e77-4943-be86-03b12ead8792/.system_generated/messages/479c7d47-aafd-40d3-9de3-24e7c4c8ad42.json
 create mode 100644 docs/artifacts/d1570d4a-7e77-4943-be86-03b12ead8792/.system_generated/messages/49a3bfa9-e6b9-4a91-b817-36bee0144ae9.json
 create mode 100644 docs/artifacts/d1570d4a-7e77-4943-be86-03b12ead8792/.system_generated/messages/501caf64-77ca-4f37-bb5f-fc84946751a9.json
 create mode 100644 docs/artifacts/d1570d4a-7e77-4943-be86-03b12ead8792/.system_generated/messages/53e8c96b-493a-4bdd-9208-f40268ba8d41.json
 create mode 100644 docs/artifacts/d1570d4a-7e77-4943-be86-03b12ead8792/.system_generated/messages/543667b2-82b5-40fa-822b-372e163506ac.json
 create mode 100644 docs/artifacts/d1570d4a-7e77-4943-be86-03b12ead8792/.system_generated/messages/5bc733d2-8868-478c-bbf8-cf8b26a6c111.json
 create mode 100644 docs/artifacts/d1570d4a-7e77-4943-be86-03b12ead8792/.system_generated/messages/5ceb16bb-1fac-4f3c-8791-ae1b7a449b4b.json
 create mode 100644 docs/artifacts/d1570d4a-7e77-4943-be86-03b12ead8792/.system_generated/messages/5f383fe7-927a-4294-8145-ee4352cb3337.json
 create mode 100644 docs/artifacts/d1570d4a-7e77-4943-be86-03b12ead8792/.system_generated/messages/6027e696-8d1b-41a9-828a-9baefac38055.json
 create mode 100644 docs/artifacts/d1570d4a-7e77-4943-be86-03b12ead8792/.system_generated/messages/63561416-20f1-49a7-8ef7-ca0df36464ef.json
 create mode 100644 docs/artifacts/d1570d4a-7e77-4943-be86-03b12ead8792/.system_generated/messages/63a791ca-e89f-42cb-a531-146e7cd48d4a.json
 create mode 100644 docs/artifacts/d1570d4a-7e77-4943-be86-03b12ead8792/.system_generated/messages/63fdeba1-c05a-4c03-ac80-35c07841b0d8.json
 create mode 100644 docs/artifacts/d1570d4a-7e77-4943-be86-03b12ead8792/.system_generated/messages/652a5a98-3282-43eb-bf75-8b8a4693c1ec.json
 create mode 100644 docs/artifacts/d1570d4a-7e77-4943-be86-03b12ead8792/.system_generated/messages/65f6eba3-c4e3-4cfc-a328-f5b95bbdf5e6.json
 create mode 100644 docs/artifacts/d1570d4a-7e77-4943-be86-03b12ead8792/.system_generated/messages/66e3571b-cb20-4037-bec2-da05621bc658.json
 create mode 100644 docs/artifacts/d1570d4a-7e77-4943-be86-03b12ead8792/.system_generated/messages/679fb763-4b18-424e-8794-4f57ddeb3174.json
 create mode 100644 docs/artifacts/d1570d4a-7e77-4943-be86-03b12ead8792/.system_generated/messages/68facf31-5431-4173-85c6-df5a1361a4bd.json
 create mode 100644 docs/artifacts/d1570d4a-7e77-4943-be86-03b12ead8792/.system_generated/messages/6d9ba3cc-45de-42dd-ac99-e4b6d237441b.json
 create mode 100644 docs/artifacts/d1570d4a-7e77-4943-be86-03b12ead8792/.system_generated/messages/755a2cee-42e5-4665-869a-c53277e6eba5.json
 create mode 100644 docs/artifacts/d1570d4a-7e77-4943-be86-03b12ead8792/.system_generated/messages/755c4c55-3c4f-4dbd-96eb-8be6309ed1f1.json
 create mode 100644 docs/artifacts/d1570d4a-7e77-4943-be86-03b12ead8792/.system_generated/messages/76a3f023-db31-440e-aca0-a96d671312b2.json
 create mode 100644 docs/artifacts/d1570d4a-7e77-4943-be86-03b12ead8792/.system_generated/messages/7aa38fe4-55ff-4165-94cb-c6e9a89e69e5.json
 create mode 100644 docs/artifacts/d1570d4a-7e77-4943-be86-03b12ead8792/.system_generated/messages/7aee62e4-c0a9-458a-b55c-ff4350b9513b.json
 create mode 100644 docs/artifacts/d1570d4a-7e77-4943-be86-03b12ead8792/.system_generated/messages/7ca18378-029d-4260-9033-518d4825836a.json
 create mode 100644 docs/artifacts/d1570d4a-7e77-4943-be86-03b12ead8792/.system_generated/messages/815902c0-8812-4742-84d8-b19dc1eb7ee3.json
 create mode 100644 docs/artifacts/d1570d4a-7e77-4943-be86-03b12ead8792/.system_generated/messages/82a3bcb6-9e4d-4f1f-9dc7-1500bb5f9105.json
 create mode 100644 docs/artifacts/d1570d4a-7e77-4943-be86-03b12ead8792/.system_generated/messages/836a4812-5b22-4db4-bed0-e0481a02166e.json
 create mode 100644 docs/artifacts/d1570d4a-7e77-4943-be86-03b12ead8792/.system_generated/messages/893339ff-f809-40b4-9229-3346fce72747.json
 create mode 100644 docs/artifacts/d1570d4a-7e77-4943-be86-03b12ead8792/.system_generated/messages/89cf73c0-dc9d-4db0-a9b9-4a3fa6b77431.json
 create mode 100644 docs/artifacts/d1570d4a-7e77-4943-be86-03b12ead8792/.system_generated/messages/8db6bd35-5d81-41e3-ae23-91b9279a78b6.json
 create mode 100644 docs/artifacts/d1570d4a-7e77-4943-be86-03b12ead8792/.system_generated/messages/8dfe010b-cecb-4bc6-a065-dac22f701af2.json
 create mode 100644 docs/artifacts/d1570d4a-7e77-4943-be86-03b12ead8792/.system_generated/messages/8f05a754-1cac-45c2-a01d-6234c31af01c.json
 create mode 100644 docs/artifacts/d1570d4a-7e77-4943-be86-03b12ead8792/.system_generated/messages/90108166-9efe-4e1c-aa3f-80255b6c8b27.json
 create mode 100644 docs/artifacts/d1570d4a-7e77-4943-be86-03b12ead8792/.system_generated/messages/91c20e0b-baab-4115-b04f-76658f40b1f2.json
 create mode 100644 docs/artifacts/d1570d4a-7e77-4943-be86-03b12ead8792/.system_generated/messages/9238671c-43b2-4e52-9ba9-4b9e79cf4961.json
 create mode 100644 docs/artifacts/d1570d4a-7e77-4943-be86-03b12ead8792/.system_generated/messages/93eabd08-cc67-48ca-a692-58a80fd9cf0c.json
 create mode 100644 docs/artifacts/d1570d4a-7e77-4943-be86-03b12ead8792/.system_generated/messages/94542532-ddb9-4a8b-8184-38066762edc6.json
 create mode 100644 docs/artifacts/d1570d4a-7e77-4943-be86-03b12ead8792/.system_generated/messages/95f2e069-979b-4222-8ff2-4bf9390b9283.json
 create mode 100644 docs/artifacts/d1570d4a-7e77-4943-be86-03b12ead8792/.system_generated/messages/985f3e48-8bdf-423b-a784-5b76ef4dcd53.json
 create mode 100644 docs/artifacts/d1570d4a-7e77-4943-be86-03b12ead8792/.system_generated/messages/9901de2a-55a4-413b-bdfc-3aabc1696f6a.json
 create mode 100644 docs/artifacts/d1570d4a-7e77-4943-be86-03b12ead8792/.system_generated/messages/9b46c08f-ef88-4dd2-80d5-bde2ff5e2a4e.json
 create mode 100644 docs/artifacts/d1570d4a-7e77-4943-be86-03b12ead8792/.system_generated/messages/9eb33a04-3664-4b7b-9f77-2a0e8053786f.json
 create mode 100644 docs/artifacts/d1570d4a-7e77-4943-be86-03b12ead8792/.system_generated/messages/9f951191-50ee-4fe4-9391-21c65574cc56.json
 create mode 100644 docs/artifacts/d1570d4a-7e77-4943-be86-03b12ead8792/.system_generated/messages/9ff23137-324c-41bf-bb3a-fe5f0b9fc865.json
 create mode 100644 docs/artifacts/d1570d4a-7e77-4943-be86-03b12ead8792/.system_generated/messages/a35526c1-dcc3-48d7-a779-f267b930888d.json
 create mode 100644 docs/artifacts/d1570d4a-7e77-4943-be86-03b12ead8792/.system_generated/messages/a521850a-9c5e-459f-bc14-01afb840e3ac.json
 create mode 100644 docs/artifacts/d1570d4a-7e77-4943-be86-03b12ead8792/.system_generated/messages/a87019a1-8370-4f31-9e68-08723caa2741.json
 create mode 100644 docs/artifacts/d1570d4a-7e77-4943-be86-03b12ead8792/.system_generated/messages/ac5f13a2-945f-442d-816b-b29427114230.json
 create mode 100644 docs/artifacts/d1570d4a-7e77-4943-be86-03b12ead8792/.system_generated/messages/ad1d7265-c904-4ee3-9caf-d82191ae4011.json
 create mode 100644 docs/artifacts/d1570d4a-7e77-4943-be86-03b12ead8792/.system_generated/messages/add39de2-8426-4231-aa29-153b03eaa294.json
 create mode 100644 docs/artifacts/d1570d4a-7e77-4943-be86-03b12ead8792/.system_generated/messages/aeadff98-3154-4617-af61-b4004004f283.json
 create mode 100644 docs/artifacts/d1570d4a-7e77-4943-be86-03b12ead8792/.system_generated/messages/b3c78a4b-536d-42e0-8650-74945a97e4b7.json
 create mode 100644 docs/artifacts/d1570d4a-7e77-4943-be86-03b12ead8792/.system_generated/messages/b5cf6243-e31c-4779-81fa-58f2a5a25e88.json
 create mode 100644 docs/artifacts/d1570d4a-7e77-4943-be86-03b12ead8792/.system_generated/messages/bd34633d-15a6-46a7-9c3b-30c2f1afcb63.json
 create mode 100644 docs/artifacts/d1570d4a-7e77-4943-be86-03b12ead8792/.system_generated/messages/beffce18-8735-4505-8481-b5a9f170ea7b.json
 create mode 100644 docs/artifacts/d1570d4a-7e77-4943-be86-03b12ead8792/.system_generated/messages/c0f461db-de92-4adf-aa4d-75339c8556b0.json
 create mode 100644 docs/artifacts/d1570d4a-7e77-4943-be86-03b12ead8792/.system_generated/messages/c2d7f198-88b8-49ec-b2a9-f8baa3e81d06.json
 create mode 100644 docs/artifacts/d1570d4a-7e77-4943-be86-03b12ead8792/.system_generated/messages/c4607abd-c598-41d2-ad23-d99ea3317202.json
 create mode 100644 docs/artifacts/d1570d4a-7e77-4943-be86-03b12ead8792/.system_generated/messages/c55eff66-a60d-43ab-80c2-d8971eac6276.json
 create mode 100644 docs/artifacts/d1570d4a-7e77-4943-be86-03b12ead8792/.system_generated/messages/c64ba117-4518-4a28-bbbb-d91f2640b608.json
 create mode 100644 docs/artifacts/d1570d4a-7e77-4943-be86-03b12ead8792/.system_generated/messages/cb2e01b2-55b8-4963-a0d1-559aae3e9d98.json
 create mode 100644 docs/artifacts/d1570d4a-7e77-4943-be86-03b12ead8792/.system_generated/messages/cd0ee8e1-b563-4afe-a549-efc97cddf163.json
 create mode 100644 docs/artifacts/d1570d4a-7e77-4943-be86-03b12ead8792/.system_generated/messages/cursor.json
 create mode 100644 docs/artifacts/d1570d4a-7e77-4943-be86-03b12ead8792/.system_generated/messages/d155dc3b-47f3-4851-82ca-6d86e9efce28.json
 create mode 100644 docs/artifacts/d1570d4a-7e77-4943-be86-03b12ead8792/.system_generated/messages/d5a5be93-215b-4c7f-b96b-553818b12a4c.json
 create mode 100644 docs/artifacts/d1570d4a-7e77-4943-be86-03b12ead8792/.system_generated/messages/d6e0be51-bce3-4615-9a98-9f7cf2166429.json
 create mode 100644 docs/artifacts/d1570d4a-7e77-4943-be86-03b12ead8792/.system_generated/messages/d7f5daf0-a2a5-494e-a5cc-0ec8cb35f6ba.json
 create mode 100644 docs/artifacts/d1570d4a-7e77-4943-be86-03b12ead8792/.system_generated/messages/dbe6e2c5-01cf-4c5b-abbc-3e1a66863024.json
 create mode 100644 docs/artifacts/d1570d4a-7e77-4943-be86-03b12ead8792/.system_generated/messages/dc17ce5f-42ed-4313-bf66-8563f2189e7e.json
 create mode 100644 docs/artifacts/d1570d4a-7e77-4943-be86-03b12ead8792/.system_generated/messages/ddcfed50-222c-4c23-b992-97e976f12c43.json
 create mode 100644 docs/artifacts/d1570d4a-7e77-4943-be86-03b12ead8792/.system_generated/messages/de3d7a1e-e6ce-4ce6-ade5-c6042f320691.json
 create mode 100644 docs/artifacts/d1570d4a-7e77-4943-be86-03b12ead8792/.system_generated/messages/ded1b27a-9f7f-46a3-9cb1-0bd5c3e96fd8.json
 create mode 100644 docs/artifacts/d1570d4a-7e77-4943-be86-03b12ead8792/.system_generated/messages/e295fe5e-186f-4835-9dc4-4f158084ae36.json
 create mode 100644 docs/artifacts/d1570d4a-7e77-4943-be86-03b12ead8792/.system_generated/messages/e2b07dff-b3a3-4aaf-9355-885b4fc1bc61.json
 create mode 100644 docs/artifacts/d1570d4a-7e77-4943-be86-03b12ead8792/.system_generated/messages/e4cd7473-e73f-499a-b01e-94a2fd0e25e0.json
 create mode 100644 docs/artifacts/d1570d4a-7e77-4943-be86-03b12ead8792/.system_generated/messages/e4f2b66a-2e7b-4830-993e-fcaed774663d.json
 create mode 100644 docs/artifacts/d1570d4a-7e77-4943-be86-03b12ead8792/.system_generated/messages/e6696e9a-9792-467b-9a29-4cffc6c2884b.json
 create mode 100644 docs/artifacts/d1570d4a-7e77-4943-be86-03b12ead8792/.system_generated/messages/e775a793-be4d-4b09-8a5b-9a9ae3f657bb.json
 create mode 100644 docs/artifacts/d1570d4a-7e77-4943-be86-03b12ead8792/.system_generated/messages/f72b1f45-30b5-4257-b7a7-7005b75d3440.json
 create mode 100644 docs/artifacts/d1570d4a-7e77-4943-be86-03b12ead8792/.system_generated/messages/f8247c02-6ee5-4af0-9d3d-4bb32f510ae3.json
 create mode 100644 docs/artifacts/d1570d4a-7e77-4943-be86-03b12ead8792/.system_generated/messages/fa76a265-e1ee-492d-9178-2016c8a73b53.json
 create mode 100644 docs/artifacts/d1570d4a-7e77-4943-be86-03b12ead8792/.system_generated/messages/ff91048e-0394-4af5-8006-0c9e82440c95.json
 create mode 100644 docs/artifacts/d1570d4a-7e77-4943-be86-03b12ead8792/.system_generated/messages/read.json
 create mode 100644 docs/artifacts/d1570d4a-7e77-4943-be86-03b12ead8792/.system_generated/steps/20/content.md
 create mode 100644 docs/artifacts/d1570d4a-7e77-4943-be86-03b12ead8792/.system_generated/steps/27/content.md
 create mode 100644 docs/artifacts/d1570d4a-7e77-4943-be86-03b12ead8792/.system_generated/tasks/task-101.log
 create mode 100644 docs/artifacts/d1570d4a-7e77-4943-be86-03b12ead8792/.system_generated/tasks/task-1015.log
 create mode 100644 docs/artifacts/d1570d4a-7e77-4943-be86-03b12ead8792/.system_generated/tasks/task-1021.log
 create mode 100644 docs/artifacts/d1570d4a-7e77-4943-be86-03b12ead8792/.system_generated/tasks/task-1036.log
 create mode 100644 docs/artifacts/d1570d4a-7e77-4943-be86-03b12ead8792/.system_generated/tasks/task-1116.log
 create mode 100644 docs/artifacts/d1570d4a-7e77-4943-be86-03b12ead8792/.system_generated/tasks/task-1117.log
 create mode 100644 docs/artifacts/d1570d4a-7e77-4943-be86-03b12ead8792/.system_generated/tasks/task-1143.log
 create mode 100644 docs/artifacts/d1570d4a-7e77-4943-be86-03b12ead8792/.system_generated/tasks/task-1159.log
 create mode 100644 docs/artifacts/d1570d4a-7e77-4943-be86-03b12ead8792/.system_generated/tasks/task-118.log
 create mode 100644 docs/artifacts/d1570d4a-7e77-4943-be86-03b12ead8792/.system_generated/tasks/task-1190.log
 create mode 100644 docs/artifacts/d1570d4a-7e77-4943-be86-03b12ead8792/.system_generated/tasks/task-1221.log
 create mode 100644 docs/artifacts/d1570d4a-7e77-4943-be86-03b12ead8792/.system_generated/tasks/task-128.log
 create mode 100644 docs/artifacts/d1570d4a-7e77-4943-be86-03b12ead8792/.system_generated/tasks/task-1294.log
 create mode 100644 docs/artifacts/d1570d4a-7e77-4943-be86-03b12ead8792/.system_generated/tasks/task-1343.log
 create mode 100644 docs/artifacts/d1570d4a-7e77-4943-be86-03b12ead8792/.system_generated/tasks/task-145.log
 create mode 100644 docs/artifacts/d1570d4a-7e77-4943-be86-03b12ead8792/.system_generated/tasks/task-1483.log
 create mode 100644 docs/artifacts/d1570d4a-7e77-4943-be86-03b12ead8792/.system_generated/tasks/task-1505.log
 create mode 100644 docs/artifacts/d1570d4a-7e77-4943-be86-03b12ead8792/.system_generated/tasks/task-1517.log
 create mode 100644 docs/artifacts/d1570d4a-7e77-4943-be86-03b12ead8792/.system_generated/tasks/task-1542.log
 create mode 100644 docs/artifacts/d1570d4a-7e77-4943-be86-03b12ead8792/.system_generated/tasks/task-1600.log
 create mode 100644 docs/artifacts/d1570d4a-7e77-4943-be86-03b12ead8792/.system_generated/tasks/task-1607.log
 create mode 100644 docs/artifacts/d1570d4a-7e77-4943-be86-03b12ead8792/.system_generated/tasks/task-1614.log
 create mode 100644 docs/artifacts/d1570d4a-7e77-4943-be86-03b12ead8792/.system_generated/tasks/task-1636.log
 create mode 100644 docs/artifacts/d1570d4a-7e77-4943-be86-03b12ead8792/.system_generated/tasks/task-1657.log
 create mode 100644 docs/artifacts/d1570d4a-7e77-4943-be86-03b12ead8792/.system_generated/tasks/task-166.log
 create mode 100644 docs/artifacts/d1570d4a-7e77-4943-be86-03b12ead8792/.system_generated/tasks/task-1682.log
 create mode 100644 docs/artifacts/d1570d4a-7e77-4943-be86-03b12ead8792/.system_generated/tasks/task-1705.log
 create mode 100644 docs/artifacts/d1570d4a-7e77-4943-be86-03b12ead8792/.system_generated/tasks/task-172.log
 create mode 100644 docs/artifacts/d1570d4a-7e77-4943-be86-03b12ead8792/.system_generated/tasks/task-1746.log
 create mode 100644 docs/artifacts/d1570d4a-7e77-4943-be86-03b12ead8792/.system_generated/tasks/task-1759.log
 create mode 100644 docs/artifacts/d1570d4a-7e77-4943-be86-03b12ead8792/.system_generated/tasks/task-1768.log
 create mode 100644 docs/artifacts/d1570d4a-7e77-4943-be86-03b12ead8792/.system_generated/tasks/task-1804.log
 create mode 100644 docs/artifacts/d1570d4a-7e77-4943-be86-03b12ead8792/.system_generated/tasks/task-1824.log
 create mode 100644 docs/artifacts/d1570d4a-7e77-4943-be86-03b12ead8792/.system_generated/tasks/task-189.log
 create mode 100644 docs/artifacts/d1570d4a-7e77-4943-be86-03b12ead8792/.system_generated/tasks/task-1975.log
 create mode 100644 docs/artifacts/d1570d4a-7e77-4943-be86-03b12ead8792/.system_generated/tasks/task-198.log
 create mode 100644 docs/artifacts/d1570d4a-7e77-4943-be86-03b12ead8792/.system_generated/tasks/task-2024.log
 create mode 100644 docs/artifacts/d1570d4a-7e77-4943-be86-03b12ead8792/.system_generated/tasks/task-2105.log
 create mode 100644 docs/artifacts/d1570d4a-7e77-4943-be86-03b12ead8792/.system_generated/tasks/task-2234.log
 create mode 100644 docs/artifacts/d1570d4a-7e77-4943-be86-03b12ead8792/.system_generated/tasks/task-228.log
 create mode 100644 docs/artifacts/d1570d4a-7e77-4943-be86-03b12ead8792/.system_generated/tasks/task-2286.log
 create mode 100644 docs/artifacts/d1570d4a-7e77-4943-be86-03b12ead8792/.system_generated/tasks/task-2326.log
 create mode 100644 docs/artifacts/d1570d4a-7e77-4943-be86-03b12ead8792/.system_generated/tasks/task-2345.log
 create mode 100644 docs/artifacts/d1570d4a-7e77-4943-be86-03b12ead8792/.system_generated/tasks/task-2358.log
 create mode 100644 docs/artifacts/d1570d4a-7e77-4943-be86-03b12ead8792/.system_generated/tasks/task-2392.log
 create mode 100644 docs/artifacts/d1570d4a-7e77-4943-be86-03b12ead8792/.system_generated/tasks/task-2427.log
 create mode 100644 docs/artifacts/d1570d4a-7e77-4943-be86-03b12ead8792/.system_generated/tasks/task-243.log
 create mode 100644 docs/artifacts/d1570d4a-7e77-4943-be86-03b12ead8792/.system_generated/tasks/task-2473.log
 create mode 100644 docs/artifacts/d1570d4a-7e77-4943-be86-03b12ead8792/.system_generated/tasks/task-2500.log
 create mode 100644 docs/artifacts/d1570d4a-7e77-4943-be86-03b12ead8792/.system_generated/tasks/task-252.log
 create mode 100644 docs/artifacts/d1570d4a-7e77-4943-be86-03b12ead8792/.system_generated/tasks/task-2526.log
 create mode 100644 docs/artifacts/d1570d4a-7e77-4943-be86-03b12ead8792/.system_generated/tasks/task-2553.log
 create mode 100644 docs/artifacts/d1570d4a-7e77-4943-be86-03b12ead8792/.system_generated/tasks/task-2663.log
 create mode 100644 docs/artifacts/d1570d4a-7e77-4943-be86-03b12ead8792/.system_generated/tasks/task-2688.log
 create mode 100644 docs/artifacts/d1570d4a-7e77-4943-be86-03b12ead8792/.system_generated/tasks/task-2694.log
 create mode 100644 docs/artifacts/d1570d4a-7e77-4943-be86-03b12ead8792/.system_generated/tasks/task-270.log
 create mode 100644 docs/artifacts/d1570d4a-7e77-4943-be86-03b12ead8792/.system_generated/tasks/task-290.log
 create mode 100644 docs/artifacts/d1570d4a-7e77-4943-be86-03b12ead8792/.system_generated/tasks/task-304.log
 create mode 100644 docs/artifacts/d1570d4a-7e77-4943-be86-03b12ead8792/.system_generated/tasks/task-34.log
 create mode 100644 docs/artifacts/d1570d4a-7e77-4943-be86-03b12ead8792/.system_generated/tasks/task-359.log
 create mode 100644 docs/artifacts/d1570d4a-7e77-4943-be86-03b12ead8792/.system_generated/tasks/task-373.log
 create mode 100644 docs/artifacts/d1570d4a-7e77-4943-be86-03b12ead8792/.system_generated/tasks/task-381.log
 create mode 100644 docs/artifacts/d1570d4a-7e77-4943-be86-03b12ead8792/.system_generated/tasks/task-397.log
 create mode 100644 docs/artifacts/d1570d4a-7e77-4943-be86-03b12ead8792/.system_generated/tasks/task-422.log
 create mode 100644 docs/artifacts/d1570d4a-7e77-4943-be86-03b12ead8792/.system_generated/tasks/task-455.log
 create mode 100644 docs/artifacts/d1570d4a-7e77-4943-be86-03b12ead8792/.system_generated/tasks/task-463.log
 create mode 100644 docs/artifacts/d1570d4a-7e77-4943-be86-03b12ead8792/.system_generated/tasks/task-477.log
 create mode 100644 docs/artifacts/d1570d4a-7e77-4943-be86-03b12ead8792/.system_generated/tasks/task-489.log
 create mode 100644 docs/artifacts/d1570d4a-7e77-4943-be86-03b12ead8792/.system_generated/tasks/task-511.log
 create mode 100644 docs/artifacts/d1570d4a-7e77-4943-be86-03b12ead8792/.system_generated/tasks/task-530.log
 create mode 100644 docs/artifacts/d1570d4a-7e77-4943-be86-03b12ead8792/.system_generated/tasks/task-569.log
 create mode 100644 docs/artifacts/d1570d4a-7e77-4943-be86-03b12ead8792/.system_generated/tasks/task-57.log
 create mode 100644 docs/artifacts/d1570d4a-7e77-4943-be86-03b12ead8792/.system_generated/tasks/task-584.log
 create mode 100644 docs/artifacts/d1570d4a-7e77-4943-be86-03b12ead8792/.system_generated/tasks/task-607.log
 create mode 100644 docs/artifacts/d1570d4a-7e77-4943-be86-03b12ead8792/.system_generated/tasks/task-632.log
 create mode 100644 docs/artifacts/d1570d4a-7e77-4943-be86-03b12ead8792/.system_generated/tasks/task-705.log
 create mode 100644 docs/artifacts/d1570d4a-7e77-4943-be86-03b12ead8792/.system_generated/tasks/task-720.log
 create mode 100644 docs/artifacts/d1570d4a-7e77-4943-be86-03b12ead8792/.system_generated/tasks/task-740.log
 create mode 100644 docs/artifacts/d1570d4a-7e77-4943-be86-03b12ead8792/.system_generated/tasks/task-779.log
 create mode 100644 docs/artifacts/d1570d4a-7e77-4943-be86-03b12ead8792/.system_generated/tasks/task-835.log
 create mode 100644 docs/artifacts/d1570d4a-7e77-4943-be86-03b12ead8792/.system_generated/tasks/task-88.log
 create mode 100644 docs/artifacts/d1570d4a-7e77-4943-be86-03b12ead8792/.system_generated/tasks/task-94.log
 create mode 100644 docs/artifacts/d1570d4a-7e77-4943-be86-03b12ead8792/.system_generated/tasks/task-956.log
 create mode 100644 docs/artifacts/d1570d4a-7e77-4943-be86-03b12ead8792/.tempmediaStorage/media_d1570d4a-7e77-4943-be86-03b12ead8792_1782019216893.png
 create mode 100644 docs/artifacts/d1570d4a-7e77-4943-be86-03b12ead8792/.tempmediaStorage/media_d1570d4a-7e77-4943-be86-03b12ead8792_1782444743281.png
 create mode 100644 docs/artifacts/d1570d4a-7e77-4943-be86-03b12ead8792/.tempmediaStorage/media_d1570d4a-7e77-4943-be86-03b12ead8792_1782444911862.png
 create mode 100644 docs/artifacts/d1570d4a-7e77-4943-be86-03b12ead8792/.tempmediaStorage/media_d1570d4a-7e77-4943-be86-03b12ead8792_1782445078266.png
 create mode 100644 docs/artifacts/d1570d4a-7e77-4943-be86-03b12ead8792/.tempmediaStorage/media_d1570d4a-7e77-4943-be86-03b12ead8792_1782445212989.png
 create mode 100644 docs/artifacts/d1570d4a-7e77-4943-be86-03b12ead8792/.tempmediaStorage/media_d1570d4a-7e77-4943-be86-03b12ead8792_1782445240442.png
 create mode 100644 docs/artifacts/d1570d4a-7e77-4943-be86-03b12ead8792/browser/scratchpad_2e07b444.md
 create mode 100644 docs/artifacts/d1570d4a-7e77-4943-be86-03b12ead8792/browser/scratchpad_35qmfv2b.md
 create mode 100644 docs/artifacts/d1570d4a-7e77-4943-be86-03b12ead8792/browser/scratchpad_b06zdqlq.md
 create mode 100644 docs/artifacts/d1570d4a-7e77-4943-be86-03b12ead8792/browser/scratchpad_d8uqt4pk.md
 create mode 100644 docs/artifacts/d1570d4a-7e77-4943-be86-03b12ead8792/browser/scratchpad_h06zxf49.md
 create mode 100644 docs/artifacts/d1570d4a-7e77-4943-be86-03b12ead8792/check_command_tab_1782444686470.webp
 create mode 100644 docs/artifacts/d1570d4a-7e77-4943-be86-03b12ead8792/command_tab_after_refresh_1782445085325.png
 create mode 100644 docs/artifacts/d1570d4a-7e77-4943-be86-03b12ead8792/command_tab_empty_1782444912081.png
 create mode 100644 docs/artifacts/d1570d4a-7e77-4943-be86-03b12ead8792/command_tab_empty_view_1782445215587.png
 create mode 100644 docs/artifacts/d1570d4a-7e77-4943-be86-03b12ead8792/create_gemini_api_key_1782019144438.webp
 create mode 100644 docs/artifacts/d1570d4a-7e77-4943-be86-03b12ead8792/graphify_batch_plan.md
 create mode 100644 docs/artifacts/d1570d4a-7e77-4943-be86-03b12ead8792/graphify_batch_plan.md.metadata.json
 create mode 100644 docs/artifacts/d1570d4a-7e77-4943-be86-03b12ead8792/hermes_first_launch_1782272743126.webp
 create mode 100644 docs/artifacts/d1570d4a-7e77-4943-be86-03b12ead8792/hermes_ui_load_1782272980443.webp
 create mode 100644 docs/artifacts/d1570d4a-7e77-4943-be86-03b12ead8792/hermes_ui_load_1782308387039.webp
 create mode 100644 docs/artifacts/d1570d4a-7e77-4943-be86-03b12ead8792/home_page_1782444745487.png
 create mode 100644 docs/artifacts/d1570d4a-7e77-4943-be86-03b12ead8792/media__1781810135375.png
 create mode 100644 docs/artifacts/d1570d4a-7e77-4943-be86-03b12ead8792/media__1781810231852.png
 create mode 100644 docs/artifacts/d1570d4a-7e77-4943-be86-03b12ead8792/media__1781810631882.png
 create mode 100644 docs/artifacts/d1570d4a-7e77-4943-be86-03b12ead8792/media__1781810745801.png
 create mode 100644 docs/artifacts/d1570d4a-7e77-4943-be86-03b12ead8792/media__1781811730540.png
 create mode 100644 docs/artifacts/d1570d4a-7e77-4943-be86-03b12ead8792/media__1781812341930.png
 create mode 100644 docs/artifacts/d1570d4a-7e77-4943-be86-03b12ead8792/media__1781812370901.png
 create mode 100644 docs/artifacts/d1570d4a-7e77-4943-be86-03b12ead8792/media__1781812792682.png
 create mode 100644 docs/artifacts/d1570d4a-7e77-4943-be86-03b12ead8792/media__1781813520269.png
 create mode 100644 docs/artifacts/d1570d4a-7e77-4943-be86-03b12ead8792/media__1781814064370.png
 create mode 100644 docs/artifacts/d1570d4a-7e77-4943-be86-03b12ead8792/media__1781814307448.png
 create mode 100644 docs/artifacts/d1570d4a-7e77-4943-be86-03b12ead8792/media__1781879881272.png
 create mode 100644 docs/artifacts/d1570d4a-7e77-4943-be86-03b12ead8792/media__1781879935005.png
 create mode 100644 docs/artifacts/d1570d4a-7e77-4943-be86-03b12ead8792/media__1781880954579.png
 create mode 100644 docs/artifacts/d1570d4a-7e77-4943-be86-03b12ead8792/media__1781881290334.png
 create mode 100644 docs/artifacts/d1570d4a-7e77-4943-be86-03b12ead8792/media__1781881446256.png
 create mode 100644 docs/artifacts/d1570d4a-7e77-4943-be86-03b12ead8792/media__1781881468139.png
 create mode 100644 docs/artifacts/d1570d4a-7e77-4943-be86-03b12ead8792/media__1781881869711.png
 create mode 100644 docs/artifacts/d1570d4a-7e77-4943-be86-03b12ead8792/media__1781894129760.png
 create mode 100644 docs/artifacts/d1570d4a-7e77-4943-be86-03b12ead8792/media__1781931721045.png
 create mode 100644 docs/artifacts/d1570d4a-7e77-4943-be86-03b12ead8792/media__1781984325709.png
 create mode 100644 docs/artifacts/d1570d4a-7e77-4943-be86-03b12ead8792/media__1782021298976.png
 create mode 100644 docs/artifacts/d1570d4a-7e77-4943-be86-03b12ead8792/media__1782357212461.png
 create mode 100644 docs/artifacts/d1570d4a-7e77-4943-be86-03b12ead8792/media__1782445817056.png
 create mode 100644 docs/artifacts/d1570d4a-7e77-4943-be86-03b12ead8792/media__1782449432136.png
 create mode 100644 docs/artifacts/d1570d4a-7e77-4943-be86-03b12ead8792/media__1782521953133.png
 create mode 100644 docs/artifacts/d1570d4a-7e77-4943-be86-03b12ead8792/media__1782521975844.png
 create mode 100644 docs/artifacts/d1570d4a-7e77-4943-be86-03b12ead8792/media__1782524255111.png
 create mode 100644 docs/artifacts/d1570d4a-7e77-4943-be86-03b12ead8792/media__1782524285887.png
 create mode 100644 docs/artifacts/d1570d4a-7e77-4943-be86-03b12ead8792/media__1782717171569.png
 create mode 100644 docs/artifacts/d1570d4a-7e77-4943-be86-03b12ead8792/media__1782718561777.png
 create mode 100644 docs/artifacts/d1570d4a-7e77-4943-be86-03b12ead8792/media__1782719497817.png
 create mode 100644 docs/artifacts/d1570d4a-7e77-4943-be86-03b12ead8792/media__1782719545998.png
 create mode 100644 docs/artifacts/d1570d4a-7e77-4943-be86-03b12ead8792/media__1782724162432.png
 create mode 100644 docs/artifacts/d1570d4a-7e77-4943-be86-03b12ead8792/media__1782742289753.png
 create mode 100644 docs/artifacts/d1570d4a-7e77-4943-be86-03b12ead8792/media__1782748052096.png
 create mode 100644 docs/artifacts/d1570d4a-7e77-4943-be86-03b12ead8792/uploaded_media_1781811536981.png
 create mode 100644 docs/artifacts/d4315882-d6f8-4019-8995-a65ccb637909/.tempmediaStorage/dom_1772254987778.txt
 create mode 100644 docs/artifacts/d4315882-d6f8-4019-8995-a65ccb637909/.tempmediaStorage/dom_1772254996106.txt
 create mode 100644 docs/artifacts/d4315882-d6f8-4019-8995-a65ccb637909/.tempmediaStorage/dom_1772255003409.txt
 create mode 100644 docs/artifacts/d4315882-d6f8-4019-8995-a65ccb637909/.tempmediaStorage/dom_1772255185350.txt
 create mode 100644 docs/artifacts/d4315882-d6f8-4019-8995-a65ccb637909/.tempmediaStorage/dom_1772255190885.txt
 create mode 100644 docs/artifacts/d4315882-d6f8-4019-8995-a65ccb637909/.tempmediaStorage/media_d4315882-d6f8-4019-8995-a65ccb637909_1772254988477.png
 create mode 100644 docs/artifacts/d4315882-d6f8-4019-8995-a65ccb637909/.tempmediaStorage/media_d4315882-d6f8-4019-8995-a65ccb637909_1772254995954.png
 create mode 100644 docs/artifacts/d4315882-d6f8-4019-8995-a65ccb637909/.tempmediaStorage/media_d4315882-d6f8-4019-8995-a65ccb637909_1772254996383.png
 create mode 100644 docs/artifacts/d4315882-d6f8-4019-8995-a65ccb637909/.tempmediaStorage/media_d4315882-d6f8-4019-8995-a65ccb637909_1772255003202.png
 create mode 100644 docs/artifacts/d4315882-d6f8-4019-8995-a65ccb637909/.tempmediaStorage/media_d4315882-d6f8-4019-8995-a65ccb637909_1772255003621.png
 create mode 100644 docs/artifacts/d4315882-d6f8-4019-8995-a65ccb637909/.tempmediaStorage/media_d4315882-d6f8-4019-8995-a65ccb637909_1772255185611.png
 create mode 100644 docs/artifacts/d4315882-d6f8-4019-8995-a65ccb637909/.tempmediaStorage/media_d4315882-d6f8-4019-8995-a65ccb637909_1772255190652.png
 create mode 100644 docs/artifacts/d4315882-d6f8-4019-8995-a65ccb637909/.tempmediaStorage/media_d4315882-d6f8-4019-8995-a65ccb637909_1772255191123.png
 create mode 100644 docs/artifacts/d4315882-d6f8-4019-8995-a65ccb637909/.tempmediaStorage/media_d4315882-d6f8-4019-8995-a65ccb637909_1772255203713.png
 create mode 100644 docs/artifacts/d4315882-d6f8-4019-8995-a65ccb637909/browser/scratchpad_2659n5r3.md
 create mode 100644 docs/artifacts/d4315882-d6f8-4019-8995-a65ccb637909/browser/scratchpad_2659n5r3.md.resolved
 create mode 100644 docs/artifacts/d4315882-d6f8-4019-8995-a65ccb637909/browser/scratchpad_2659n5r3.md.resolved.0
 create mode 100644 docs/artifacts/d4315882-d6f8-4019-8995-a65ccb637909/browser/scratchpad_2659n5r3.md.resolved.1
 create mode 100644 docs/artifacts/d4315882-d6f8-4019-8995-a65ccb637909/browser/scratchpad_zro05dlz.md
 create mode 100644 docs/artifacts/d4315882-d6f8-4019-8995-a65ccb637909/full_page_ui_verify_1772255003217.png
 create mode 100644 docs/artifacts/d4315882-d6f8-4019-8995-a65ccb637909/implementation_plan.md
 create mode 100644 docs/artifacts/d4315882-d6f8-4019-8995-a65ccb637909/implementation_plan.md.metadata.json
 create mode 100644 docs/artifacts/d4315882-d6f8-4019-8995-a65ccb637909/implementation_plan.md.resolved
 create mode 100644 docs/artifacts/d4315882-d6f8-4019-8995-a65ccb637909/implementation_plan.md.resolved.0
 create mode 100644 docs/artifacts/d4315882-d6f8-4019-8995-a65ccb637909/implementation_plan.md.resolved.1
 create mode 100644 docs/artifacts/d4315882-d6f8-4019-8995-a65ccb637909/implementation_plan.md.resolved.10
 create mode 100644 docs/artifacts/d4315882-d6f8-4019-8995-a65ccb637909/implementation_plan.md.resolved.11
 create mode 100644 docs/artifacts/d4315882-d6f8-4019-8995-a65ccb637909/implementation_plan.md.resolved.12
 create mode 100644 docs/artifacts/d4315882-d6f8-4019-8995-a65ccb637909/implementation_plan.md.resolved.2
 create mode 100644 docs/artifacts/d4315882-d6f8-4019-8995-a65ccb637909/implementation_plan.md.resolved.3
 create mode 100644 docs/artifacts/d4315882-d6f8-4019-8995-a65ccb637909/implementation_plan.md.resolved.4
 create mode 100644 docs/artifacts/d4315882-d6f8-4019-8995-a65ccb637909/implementation_plan.md.resolved.5
 create mode 100644 docs/artifacts/d4315882-d6f8-4019-8995-a65ccb637909/implementation_plan.md.resolved.6
 create mode 100644 docs/artifacts/d4315882-d6f8-4019-8995-a65ccb637909/implementation_plan.md.resolved.7
 create mode 100644 docs/artifacts/d4315882-d6f8-4019-8995-a65ccb637909/implementation_plan.md.resolved.8
 create mode 100644 docs/artifacts/d4315882-d6f8-4019-8995-a65ccb637909/implementation_plan.md.resolved.9
 create mode 100644 docs/artifacts/d4315882-d6f8-4019-8995-a65ccb637909/initial_ui_verify_1772254995971.png
 create mode 100644 docs/artifacts/d4315882-d6f8-4019-8995-a65ccb637909/job_status_area_refined_1772255190667.png
 create mode 100644 docs/artifacts/d4315882-d6f8-4019-8995-a65ccb637909/local_first_analysis.md
 create mode 100644 docs/artifacts/d4315882-d6f8-4019-8995-a65ccb637909/local_first_analysis.md.metadata.json
 create mode 100644 docs/artifacts/d4315882-d6f8-4019-8995-a65ccb637909/local_first_analysis.md.resolved
 create mode 100644 docs/artifacts/d4315882-d6f8-4019-8995-a65ccb637909/local_first_analysis.md.resolved.0
 create mode 100644 docs/artifacts/d4315882-d6f8-4019-8995-a65ccb637909/media__1771440503999.png
 create mode 100644 docs/artifacts/d4315882-d6f8-4019-8995-a65ccb637909/media__1771440717577.png
 create mode 100644 docs/artifacts/d4315882-d6f8-4019-8995-a65ccb637909/media__1772254849559.png
 create mode 100644 docs/artifacts/d4315882-d6f8-4019-8995-a65ccb637909/media__1772642721488.png
 create mode 100644 docs/artifacts/d4315882-d6f8-4019-8995-a65ccb637909/resume.md
 create mode 100644 docs/artifacts/d4315882-d6f8-4019-8995-a65ccb637909/resume.md.metadata.json
 create mode 100644 docs/artifacts/d4315882-d6f8-4019-8995-a65ccb637909/resume.md.resolved
 create mode 100644 docs/artifacts/d4315882-d6f8-4019-8995-a65ccb637909/resume.md.resolved.0
 create mode 100644 docs/artifacts/d4315882-d6f8-4019-8995-a65ccb637909/task.md
 create mode 100644 docs/artifacts/d4315882-d6f8-4019-8995-a65ccb637909/task.md.metadata.json
 create mode 100644 docs/artifacts/d4315882-d6f8-4019-8995-a65ccb637909/task.md.resolved
 create mode 100644 docs/artifacts/d4315882-d6f8-4019-8995-a65ccb637909/task.md.resolved.0
 create mode 100644 docs/artifacts/d4315882-d6f8-4019-8995-a65ccb637909/task.md.resolved.1
 create mode 100644 docs/artifacts/d4315882-d6f8-4019-8995-a65ccb637909/task.md.resolved.10
 create mode 100644 docs/artifacts/d4315882-d6f8-4019-8995-a65ccb637909/task.md.resolved.11
 create mode 100644 docs/artifacts/d4315882-d6f8-4019-8995-a65ccb637909/task.md.resolved.12
 create mode 100644 docs/artifacts/d4315882-d6f8-4019-8995-a65ccb637909/task.md.resolved.13
 create mode 100644 docs/artifacts/d4315882-d6f8-4019-8995-a65ccb637909/task.md.resolved.14
 create mode 100644 docs/artifacts/d4315882-d6f8-4019-8995-a65ccb637909/task.md.resolved.15
 create mode 100644 docs/artifacts/d4315882-d6f8-4019-8995-a65ccb637909/task.md.resolved.16
 create mode 100644 docs/artifacts/d4315882-d6f8-4019-8995-a65ccb637909/task.md.resolved.17
 create mode 100644 docs/artifacts/d4315882-d6f8-4019-8995-a65ccb637909/task.md.resolved.18
 create mode 100644 docs/artifacts/d4315882-d6f8-4019-8995-a65ccb637909/task.md.resolved.19
 create mode 100644 docs/artifacts/d4315882-d6f8-4019-8995-a65ccb637909/task.md.resolved.2
 create mode 100644 docs/artifacts/d4315882-d6f8-4019-8995-a65ccb637909/task.md.resolved.20
 create mode 100644 docs/artifacts/d4315882-d6f8-4019-8995-a65ccb637909/task.md.resolved.21
 create mode 100644 docs/artifacts/d4315882-d6f8-4019-8995-a65ccb637909/task.md.resolved.22
 create mode 100644 docs/artifacts/d4315882-d6f8-4019-8995-a65ccb637909/task.md.resolved.23
 create mode 100644 docs/artifacts/d4315882-d6f8-4019-8995-a65ccb637909/task.md.resolved.24
 create mode 100644 docs/artifacts/d4315882-d6f8-4019-8995-a65ccb637909/task.md.resolved.25
 create mode 100644 docs/artifacts/d4315882-d6f8-4019-8995-a65ccb637909/task.md.resolved.26
 create mode 100644 docs/artifacts/d4315882-d6f8-4019-8995-a65ccb637909/task.md.resolved.27
 create mode 100644 docs/artifacts/d4315882-d6f8-4019-8995-a65ccb637909/task.md.resolved.28
 create mode 100644 docs/artifacts/d4315882-d6f8-4019-8995-a65ccb637909/task.md.resolved.29
 create mode 100644 docs/artifacts/d4315882-d6f8-4019-8995-a65ccb637909/task.md.resolved.3
 create mode 100644 docs/artifacts/d4315882-d6f8-4019-8995-a65ccb637909/task.md.resolved.30
 create mode 100644 docs/artifacts/d4315882-d6f8-4019-8995-a65ccb637909/task.md.resolved.31
 create mode 100644 docs/artifacts/d4315882-d6f8-4019-8995-a65ccb637909/task.md.resolved.32
 create mode 100644 docs/artifacts/d4315882-d6f8-4019-8995-a65ccb637909/task.md.resolved.33
 create mode 100644 docs/artifacts/d4315882-d6f8-4019-8995-a65ccb637909/task.md.resolved.34
 create mode 100644 docs/artifacts/d4315882-d6f8-4019-8995-a65ccb637909/task.md.resolved.35
 create mode 100644 docs/artifacts/d4315882-d6f8-4019-8995-a65ccb637909/task.md.resolved.36
 create mode 100644 docs/artifacts/d4315882-d6f8-4019-8995-a65ccb637909/task.md.resolved.37
 create mode 100644 docs/artifacts/d4315882-d6f8-4019-8995-a65ccb637909/task.md.resolved.38
 create mode 100644 docs/artifacts/d4315882-d6f8-4019-8995-a65ccb637909/task.md.resolved.39
 create mode 100644 docs/artifacts/d4315882-d6f8-4019-8995-a65ccb637909/task.md.resolved.4
 create mode 100644 docs/artifacts/d4315882-d6f8-4019-8995-a65ccb637909/task.md.resolved.40
 create mode 100644 docs/artifacts/d4315882-d6f8-4019-8995-a65ccb637909/task.md.resolved.5
 create mode 100644 docs/artifacts/d4315882-d6f8-4019-8995-a65ccb637909/task.md.resolved.6
 create mode 100644 docs/artifacts/d4315882-d6f8-4019-8995-a65ccb637909/task.md.resolved.7
 create mode 100644 docs/artifacts/d4315882-d6f8-4019-8995-a65ccb637909/task.md.resolved.8
 create mode 100644 docs/artifacts/d4315882-d6f8-4019-8995-a65ccb637909/task.md.resolved.9
 create mode 100644 docs/artifacts/d4315882-d6f8-4019-8995-a65ccb637909/ui_refinement_verification_1772254983430.webp
 create mode 100644 docs/artifacts/d4315882-d6f8-4019-8995-a65ccb637909/ui_sharp_aesthetic_verification_1771441531324.webp
 create mode 100644 docs/artifacts/d4315882-d6f8-4019-8995-a65ccb637909/walkthrough.md
 create mode 100644 docs/artifacts/d4315882-d6f8-4019-8995-a65ccb637909/walkthrough.md.metadata.json
 create mode 100644 docs/artifacts/d4315882-d6f8-4019-8995-a65ccb637909/walkthrough.md.resolved
 create mode 100644 docs/artifacts/d4315882-d6f8-4019-8995-a65ccb637909/walkthrough.md.resolved.0
 create mode 100644 docs/artifacts/d4315882-d6f8-4019-8995-a65ccb637909/walkthrough.md.resolved.1
 create mode 100644 docs/artifacts/d4315882-d6f8-4019-8995-a65ccb637909/walkthrough.md.resolved.10
 create mode 100644 docs/artifacts/d4315882-d6f8-4019-8995-a65ccb637909/walkthrough.md.resolved.11
 create mode 100644 docs/artifacts/d4315882-d6f8-4019-8995-a65ccb637909/walkthrough.md.resolved.12
 create mode 100644 docs/artifacts/d4315882-d6f8-4019-8995-a65ccb637909/walkthrough.md.resolved.13
 create mode 100644 docs/artifacts/d4315882-d6f8-4019-8995-a65ccb637909/walkthrough.md.resolved.14
 create mode 100644 docs/artifacts/d4315882-d6f8-4019-8995-a65ccb637909/walkthrough.md.resolved.15
 create mode 100644 docs/artifacts/d4315882-d6f8-4019-8995-a65ccb637909/walkthrough.md.resolved.16
 create mode 100644 docs/artifacts/d4315882-d6f8-4019-8995-a65ccb637909/walkthrough.md.resolved.2
 create mode 100644 docs/artifacts/d4315882-d6f8-4019-8995-a65ccb637909/walkthrough.md.resolved.3
 create mode 100644 docs/artifacts/d4315882-d6f8-4019-8995-a65ccb637909/walkthrough.md.resolved.4
 create mode 100644 docs/artifacts/d4315882-d6f8-4019-8995-a65ccb637909/walkthrough.md.resolved.5
 create mode 100644 docs/artifacts/d4315882-d6f8-4019-8995-a65ccb637909/walkthrough.md.resolved.6
 create mode 100644 docs/artifacts/d4315882-d6f8-4019-8995-a65ccb637909/walkthrough.md.resolved.7
 create mode 100644 docs/artifacts/d4315882-d6f8-4019-8995-a65ccb637909/walkthrough.md.resolved.8
 create mode 100644 docs/artifacts/d4315882-d6f8-4019-8995-a65ccb637909/walkthrough.md.resolved.9
 create mode 100644 docs/artifacts/d7172ece-0a5b-4342-961a-849ca94bb746/YOLO_apk_patch.md
 create mode 100644 docs/artifacts/d7172ece-0a5b-4342-961a-849ca94bb746/YOLO_apk_patch.md.metadata.json
 create mode 100644 docs/artifacts/d7172ece-0a5b-4342-961a-849ca94bb746/YOLO_apk_patch.md.resolved
 create mode 100644 docs/artifacts/d7172ece-0a5b-4342-961a-849ca94bb746/YOLO_apk_patch.md.resolved.0
 create mode 100644 docs/artifacts/d7172ece-0a5b-4342-961a-849ca94bb746/hitman_report.md
 create mode 100644 docs/artifacts/d7172ece-0a5b-4342-961a-849ca94bb746/hitman_report.md.metadata.json
 create mode 100644 docs/artifacts/d7172ece-0a5b-4342-961a-849ca94bb746/hitman_report.md.resolved
 create mode 100644 docs/artifacts/d7172ece-0a5b-4342-961a-849ca94bb746/hitman_report.md.resolved.0
 create mode 100644 docs/artifacts/d7172ece-0a5b-4342-961a-849ca94bb746/implementation_plan.md
 create mode 100644 docs/artifacts/d7172ece-0a5b-4342-961a-849ca94bb746/implementation_plan.md.metadata.json
 create mode 100644 docs/artifacts/d7172ece-0a5b-4342-961a-849ca94bb746/implementation_plan.md.resolved
 create mode 100644 docs/artifacts/d7172ece-0a5b-4342-961a-849ca94bb746/implementation_plan.md.resolved.0
 create mode 100644 docs/artifacts/d7172ece-0a5b-4342-961a-849ca94bb746/implementation_plan.md.resolved.1
 create mode 100644 docs/artifacts/d7172ece-0a5b-4342-961a-849ca94bb746/implementation_plan.md.resolved.2
 create mode 100644 docs/artifacts/d7172ece-0a5b-4342-961a-849ca94bb746/implementation_plan.md.resolved.3
 create mode 100644 docs/artifacts/d7172ece-0a5b-4342-961a-849ca94bb746/implementation_plan.md.resolved.4
 create mode 100644 docs/artifacts/d7172ece-0a5b-4342-961a-849ca94bb746/task.md
 create mode 100644 docs/artifacts/d7172ece-0a5b-4342-961a-849ca94bb746/task.md.metadata.json
 create mode 100644 docs/artifacts/d7172ece-0a5b-4342-961a-849ca94bb746/task.md.resolved
 create mode 100644 docs/artifacts/d7172ece-0a5b-4342-961a-849ca94bb746/task.md.resolved.0
 create mode 100644 docs/artifacts/d7172ece-0a5b-4342-961a-849ca94bb746/task.md.resolved.1
 create mode 100644 docs/artifacts/d7172ece-0a5b-4342-961a-849ca94bb746/task.md.resolved.10
 create mode 100644 docs/artifacts/d7172ece-0a5b-4342-961a-849ca94bb746/task.md.resolved.11
 create mode 100644 docs/artifacts/d7172ece-0a5b-4342-961a-849ca94bb746/task.md.resolved.12
 create mode 100644 docs/artifacts/d7172ece-0a5b-4342-961a-849ca94bb746/task.md.resolved.13
 create mode 100644 docs/artifacts/d7172ece-0a5b-4342-961a-849ca94bb746/task.md.resolved.14
 create mode 100644 docs/artifacts/d7172ece-0a5b-4342-961a-849ca94bb746/task.md.resolved.15
 create mode 100644 docs/artifacts/d7172ece-0a5b-4342-961a-849ca94bb746/task.md.resolved.2
 create mode 100644 docs/artifacts/d7172ece-0a5b-4342-961a-849ca94bb746/task.md.resolved.3
 create mode 100644 docs/artifacts/d7172ece-0a5b-4342-961a-849ca94bb746/task.md.resolved.4
 create mode 100644 docs/artifacts/d7172ece-0a5b-4342-961a-849ca94bb746/task.md.resolved.5
 create mode 100644 docs/artifacts/d7172ece-0a5b-4342-961a-849ca94bb746/task.md.resolved.6
 create mode 100644 docs/artifacts/d7172ece-0a5b-4342-961a-849ca94bb746/task.md.resolved.7
 create mode 100644 docs/artifacts/d7172ece-0a5b-4342-961a-849ca94bb746/task.md.resolved.8
 create mode 100644 docs/artifacts/d7172ece-0a5b-4342-961a-849ca94bb746/task.md.resolved.9
 create mode 100644 docs/artifacts/d7172ece-0a5b-4342-961a-849ca94bb746/walkthrough.md
 create mode 100644 docs/artifacts/d7172ece-0a5b-4342-961a-849ca94bb746/walkthrough.md.metadata.json
 create mode 100644 docs/artifacts/d7172ece-0a5b-4342-961a-849ca94bb746/walkthrough.md.resolved
 create mode 100644 docs/artifacts/d7172ece-0a5b-4342-961a-849ca94bb746/walkthrough.md.resolved.0
 create mode 100644 docs/artifacts/d7172ece-0a5b-4342-961a-849ca94bb746/walkthrough.md.resolved.1
 create mode 100644 docs/artifacts/d7172ece-0a5b-4342-961a-849ca94bb746/walkthrough.md.resolved.2
 create mode 100644 docs/artifacts/d88c2400-e421-4a33-aa1b-49cb7f2b7852/.system_generated/click_feedback/click_feedback_1774126015125.png
 create mode 100644 docs/artifacts/d88c2400-e421-4a33-aa1b-49cb7f2b7852/.system_generated/click_feedback/click_feedback_1774126752705.png
 create mode 100644 docs/artifacts/d88c2400-e421-4a33-aa1b-49cb7f2b7852/.system_generated/click_feedback/click_feedback_1774126785257.png
 create mode 100644 docs/artifacts/d88c2400-e421-4a33-aa1b-49cb7f2b7852/.system_generated/click_feedback/click_feedback_1774127194796.png
 create mode 100644 docs/artifacts/d88c2400-e421-4a33-aa1b-49cb7f2b7852/.system_generated/click_feedback/click_feedback_1774127207619.png
 create mode 100644 docs/artifacts/d88c2400-e421-4a33-aa1b-49cb7f2b7852/.system_generated/click_feedback/click_feedback_1774127213289.png
 create mode 100644 docs/artifacts/d88c2400-e421-4a33-aa1b-49cb7f2b7852/.system_generated/click_feedback/click_feedback_1774127224227.png
 create mode 100644 docs/artifacts/d88c2400-e421-4a33-aa1b-49cb7f2b7852/.system_generated/click_feedback/click_feedback_1774127229528.png
 create mode 100644 docs/artifacts/d88c2400-e421-4a33-aa1b-49cb7f2b7852/.system_generated/click_feedback/click_feedback_1774127249529.png
 create mode 100644 docs/artifacts/d88c2400-e421-4a33-aa1b-49cb7f2b7852/.system_generated/click_feedback/click_feedback_1774127257149.png
 create mode 100644 docs/artifacts/d88c2400-e421-4a33-aa1b-49cb7f2b7852/.system_generated/click_feedback/click_feedback_1774127285557.png
 create mode 100644 docs/artifacts/d88c2400-e421-4a33-aa1b-49cb7f2b7852/.system_generated/click_feedback/click_feedback_1774127344279.png
 create mode 100644 docs/artifacts/d88c2400-e421-4a33-aa1b-49cb7f2b7852/.system_generated/click_feedback/click_feedback_1774127398384.png
 create mode 100644 docs/artifacts/d88c2400-e421-4a33-aa1b-49cb7f2b7852/.system_generated/click_feedback/click_feedback_1774127541923.png
 create mode 100644 docs/artifacts/d88c2400-e421-4a33-aa1b-49cb7f2b7852/.system_generated/click_feedback/click_feedback_1774127611739.png
 create mode 100644 docs/artifacts/d88c2400-e421-4a33-aa1b-49cb7f2b7852/.system_generated/click_feedback/click_feedback_1774127619068.png
 create mode 100644 docs/artifacts/d88c2400-e421-4a33-aa1b-49cb7f2b7852/.system_generated/click_feedback/click_feedback_1774127638957.png
 create mode 100644 docs/artifacts/d88c2400-e421-4a33-aa1b-49cb7f2b7852/.system_generated/click_feedback/click_feedback_1774127798268.png
 create mode 100644 docs/artifacts/d88c2400-e421-4a33-aa1b-49cb7f2b7852/.system_generated/click_feedback/click_feedback_1774127822986.png
 create mode 100644 docs/artifacts/d88c2400-e421-4a33-aa1b-49cb7f2b7852/.system_generated/click_feedback/click_feedback_1774127837962.png
 create mode 100644 docs/artifacts/d88c2400-e421-4a33-aa1b-49cb7f2b7852/.system_generated/click_feedback/click_feedback_1774127880513.png
 create mode 100644 docs/artifacts/d88c2400-e421-4a33-aa1b-49cb7f2b7852/.system_generated/click_feedback/click_feedback_1774127896865.png
 create mode 100644 docs/artifacts/d88c2400-e421-4a33-aa1b-49cb7f2b7852/.system_generated/click_feedback/click_feedback_1774127928593.png
 create mode 100644 docs/artifacts/d88c2400-e421-4a33-aa1b-49cb7f2b7852/.system_generated/click_feedback/click_feedback_1774128039982.png
 create mode 100644 docs/artifacts/d88c2400-e421-4a33-aa1b-49cb7f2b7852/.system_generated/click_feedback/click_feedback_1774128074033.png
 create mode 100644 docs/artifacts/d88c2400-e421-4a33-aa1b-49cb7f2b7852/.system_generated/click_feedback/click_feedback_1774128083413.png
 create mode 100644 docs/artifacts/d88c2400-e421-4a33-aa1b-49cb7f2b7852/.system_generated/click_feedback/click_feedback_1774128108710.png
 create mode 100644 docs/artifacts/d88c2400-e421-4a33-aa1b-49cb7f2b7852/.tempmediaStorage/dom_1774125178097.txt
 create mode 100644 docs/artifacts/d88c2400-e421-4a33-aa1b-49cb7f2b7852/.tempmediaStorage/dom_1774125185775.txt
 create mode 100644 docs/artifacts/d88c2400-e421-4a33-aa1b-49cb7f2b7852/.tempmediaStorage/dom_1774125191350.txt
 create mode 100644 docs/artifacts/d88c2400-e421-4a33-aa1b-49cb7f2b7852/.tempmediaStorage/dom_1774125197916.txt
 create mode 100644 docs/artifacts/d88c2400-e421-4a33-aa1b-49cb7f2b7852/.tempmediaStorage/dom_1774125205541.txt
 create mode 100644 docs/artifacts/d88c2400-e421-4a33-aa1b-49cb7f2b7852/.tempmediaStorage/dom_1774125210491.txt
 create mode 100644 docs/artifacts/d88c2400-e421-4a33-aa1b-49cb7f2b7852/.tempmediaStorage/dom_1774125218260.txt
 create mode 100644 docs/artifacts/d88c2400-e421-4a33-aa1b-49cb7f2b7852/.tempmediaStorage/dom_1774125223431.txt
 create mode 100644 docs/artifacts/d88c2400-e421-4a33-aa1b-49cb7f2b7852/.tempmediaStorage/dom_1774125229225.txt
 create mode 100644 docs/artifacts/d88c2400-e421-4a33-aa1b-49cb7f2b7852/.tempmediaStorage/dom_1774125236010.txt
 create mode 100644 docs/artifacts/d88c2400-e421-4a33-aa1b-49cb7f2b7852/.tempmediaStorage/dom_1774125236032.txt
 create mode 100644 docs/artifacts/d88c2400-e421-4a33-aa1b-49cb7f2b7852/.tempmediaStorage/dom_1774125243840.txt
 create mode 100644 docs/artifacts/d88c2400-e421-4a33-aa1b-49cb7f2b7852/.tempmediaStorage/dom_1774125249992.txt
 create mode 100644 docs/artifacts/d88c2400-e421-4a33-aa1b-49cb7f2b7852/.tempmediaStorage/dom_1774125257159.txt
 create mode 100644 docs/artifacts/d88c2400-e421-4a33-aa1b-49cb7f2b7852/.tempmediaStorage/dom_1774125677988.txt
 create mode 100644 docs/artifacts/d88c2400-e421-4a33-aa1b-49cb7f2b7852/.tempmediaStorage/dom_1774125683684.txt
 create mode 100644 docs/artifacts/d88c2400-e421-4a33-aa1b-49cb7f2b7852/.tempmediaStorage/dom_1774125693810.txt
 create mode 100644 docs/artifacts/d88c2400-e421-4a33-aa1b-49cb7f2b7852/.tempmediaStorage/dom_1774125700383.txt
 create mode 100644 docs/artifacts/d88c2400-e421-4a33-aa1b-49cb7f2b7852/.tempmediaStorage/dom_1774125976639.txt
 create mode 100644 docs/artifacts/d88c2400-e421-4a33-aa1b-49cb7f2b7852/.tempmediaStorage/dom_1774125983587.txt
 create mode 100644 docs/artifacts/d88c2400-e421-4a33-aa1b-49cb7f2b7852/.tempmediaStorage/dom_1774125983649.txt
 create mode 100644 docs/artifacts/d88c2400-e421-4a33-aa1b-49cb7f2b7852/.tempmediaStorage/dom_1774125992786.txt
 create mode 100644 docs/artifacts/d88c2400-e421-4a33-aa1b-49cb7f2b7852/.tempmediaStorage/dom_1774125999077.txt
 create mode 100644 docs/artifacts/d88c2400-e421-4a33-aa1b-49cb7f2b7852/.tempmediaStorage/dom_1774126007414.txt
 create mode 100644 docs/artifacts/d88c2400-e421-4a33-aa1b-49cb7f2b7852/.tempmediaStorage/dom_1774126016524.txt
 create mode 100644 docs/artifacts/d88c2400-e421-4a33-aa1b-49cb7f2b7852/.tempmediaStorage/dom_1774126024927.txt
 create mode 100644 docs/artifacts/d88c2400-e421-4a33-aa1b-49cb7f2b7852/.tempmediaStorage/dom_1774126032943.txt
 create mode 100644 docs/artifacts/d88c2400-e421-4a33-aa1b-49cb7f2b7852/.tempmediaStorage/dom_1774126037877.txt
 create mode 100644 docs/artifacts/d88c2400-e421-4a33-aa1b-49cb7f2b7852/.tempmediaStorage/dom_1774126046368.txt
 create mode 100644 docs/artifacts/d88c2400-e421-4a33-aa1b-49cb7f2b7852/.tempmediaStorage/dom_1774126747195.txt
 create mode 100644 docs/artifacts/d88c2400-e421-4a33-aa1b-49cb7f2b7852/.tempmediaStorage/dom_1774126777468.txt
 create mode 100644 docs/artifacts/d88c2400-e421-4a33-aa1b-49cb7f2b7852/.tempmediaStorage/dom_1774126786790.txt
 create mode 100644 docs/artifacts/d88c2400-e421-4a33-aa1b-49cb7f2b7852/.tempmediaStorage/dom_1774126802857.txt
 create mode 100644 docs/artifacts/d88c2400-e421-4a33-aa1b-49cb7f2b7852/.tempmediaStorage/dom_1774126810511.txt
 create mode 100644 docs/artifacts/d88c2400-e421-4a33-aa1b-49cb7f2b7852/.tempmediaStorage/dom_1774126817266.txt
 create mode 100644 docs/artifacts/d88c2400-e421-4a33-aa1b-49cb7f2b7852/.tempmediaStorage/dom_1774126824004.txt
 create mode 100644 docs/artifacts/d88c2400-e421-4a33-aa1b-49cb7f2b7852/.tempmediaStorage/dom_1774126829654.txt
 create mode 100644 docs/artifacts/d88c2400-e421-4a33-aa1b-49cb7f2b7852/.tempmediaStorage/dom_1774127189390.txt
 create mode 100644 docs/artifacts/d88c2400-e421-4a33-aa1b-49cb7f2b7852/.tempmediaStorage/dom_1774127189612.txt
 create mode 100644 docs/artifacts/d88c2400-e421-4a33-aa1b-49cb7f2b7852/.tempmediaStorage/dom_1774127195258.txt
 create mode 100644 docs/artifacts/d88c2400-e421-4a33-aa1b-49cb7f2b7852/.tempmediaStorage/dom_1774127200832.txt
 create mode 100644 docs/artifacts/d88c2400-e421-4a33-aa1b-49cb7f2b7852/.tempmediaStorage/dom_1774127201246.txt
 create mode 100644 docs/artifacts/d88c2400-e421-4a33-aa1b-49cb7f2b7852/.tempmediaStorage/dom_1774127208008.txt
 create mode 100644 docs/artifacts/d88c2400-e421-4a33-aa1b-49cb7f2b7852/.tempmediaStorage/dom_1774127213613.txt
 create mode 100644 docs/artifacts/d88c2400-e421-4a33-aa1b-49cb7f2b7852/.tempmediaStorage/dom_1774127218831.txt
 create mode 100644 docs/artifacts/d88c2400-e421-4a33-aa1b-49cb7f2b7852/.tempmediaStorage/dom_1774127224529.txt
 create mode 100644 docs/artifacts/d88c2400-e421-4a33-aa1b-49cb7f2b7852/.tempmediaStorage/dom_1774127230142.txt
 create mode 100644 docs/artifacts/d88c2400-e421-4a33-aa1b-49cb7f2b7852/.tempmediaStorage/dom_1774127236907.txt
 create mode 100644 docs/artifacts/d88c2400-e421-4a33-aa1b-49cb7f2b7852/.tempmediaStorage/dom_1774127243821.txt
 create mode 100644 docs/artifacts/d88c2400-e421-4a33-aa1b-49cb7f2b7852/.tempmediaStorage/dom_1774127250360.txt
 create mode 100644 docs/artifacts/d88c2400-e421-4a33-aa1b-49cb7f2b7852/.tempmediaStorage/dom_1774127257539.txt
 create mode 100644 docs/artifacts/d88c2400-e421-4a33-aa1b-49cb7f2b7852/.tempmediaStorage/dom_1774127279983.txt
 create mode 100644 docs/artifacts/d88c2400-e421-4a33-aa1b-49cb7f2b7852/.tempmediaStorage/dom_1774127286490.txt
 create mode 100644 docs/artifacts/d88c2400-e421-4a33-aa1b-49cb7f2b7852/.tempmediaStorage/dom_1774127296682.txt
 create mode 100644 docs/artifacts/d88c2400-e421-4a33-aa1b-49cb7f2b7852/.tempmediaStorage/dom_1774127311690.txt
 create mode 100644 docs/artifacts/d88c2400-e421-4a33-aa1b-49cb7f2b7852/.tempmediaStorage/dom_1774127337393.txt
 create mode 100644 docs/artifacts/d88c2400-e421-4a33-aa1b-49cb7f2b7852/.tempmediaStorage/dom_1774127344801.txt
 create mode 100644 docs/artifacts/d88c2400-e421-4a33-aa1b-49cb7f2b7852/.tempmediaStorage/dom_1774127358730.txt
 create mode 100644 docs/artifacts/d88c2400-e421-4a33-aa1b-49cb7f2b7852/.tempmediaStorage/dom_1774127364424.txt
 create mode 100644 docs/artifacts/d88c2400-e421-4a33-aa1b-49cb7f2b7852/.tempmediaStorage/dom_1774127369549.txt
 create mode 100644 docs/artifacts/d88c2400-e421-4a33-aa1b-49cb7f2b7852/.tempmediaStorage/dom_1774127391053.txt
 create mode 100644 docs/artifacts/d88c2400-e421-4a33-aa1b-49cb7f2b7852/.tempmediaStorage/dom_1774127399321.txt
 create mode 100644 docs/artifacts/d88c2400-e421-4a33-aa1b-49cb7f2b7852/.tempmediaStorage/dom_1774127424315.txt
 create mode 100644 docs/artifacts/d88c2400-e421-4a33-aa1b-49cb7f2b7852/.tempmediaStorage/dom_1774127449166.txt
 create mode 100644 docs/artifacts/d88c2400-e421-4a33-aa1b-49cb7f2b7852/.tempmediaStorage/dom_1774127455769.txt
 create mode 100644 docs/artifacts/d88c2400-e421-4a33-aa1b-49cb7f2b7852/.tempmediaStorage/dom_1774127462951.txt
 create mode 100644 docs/artifacts/d88c2400-e421-4a33-aa1b-49cb7f2b7852/.tempmediaStorage/dom_1774127526138.txt
 create mode 100644 docs/artifacts/d88c2400-e421-4a33-aa1b-49cb7f2b7852/.tempmediaStorage/dom_1774127526333.txt
 create mode 100644 docs/artifacts/d88c2400-e421-4a33-aa1b-49cb7f2b7852/.tempmediaStorage/dom_1774127534957.txt
 create mode 100644 docs/artifacts/d88c2400-e421-4a33-aa1b-49cb7f2b7852/.tempmediaStorage/dom_1774127542374.txt
 create mode 100644 docs/artifacts/d88c2400-e421-4a33-aa1b-49cb7f2b7852/.tempmediaStorage/dom_1774127548873.txt
 create mode 100644 docs/artifacts/d88c2400-e421-4a33-aa1b-49cb7f2b7852/.tempmediaStorage/dom_1774127554684.txt
 create mode 100644 docs/artifacts/d88c2400-e421-4a33-aa1b-49cb7f2b7852/.tempmediaStorage/dom_1774127555110.txt
 create mode 100644 docs/artifacts/d88c2400-e421-4a33-aa1b-49cb7f2b7852/.tempmediaStorage/dom_1774127561571.txt
 create mode 100644 docs/artifacts/d88c2400-e421-4a33-aa1b-49cb7f2b7852/.tempmediaStorage/dom_1774127570738.txt
 create mode 100644 docs/artifacts/d88c2400-e421-4a33-aa1b-49cb7f2b7852/.tempmediaStorage/dom_1774127579422.txt
 create mode 100644 docs/artifacts/d88c2400-e421-4a33-aa1b-49cb7f2b7852/.tempmediaStorage/dom_1774127590007.txt
 create mode 100644 docs/artifacts/d88c2400-e421-4a33-aa1b-49cb7f2b7852/.tempmediaStorage/dom_1774127598982.txt
 create mode 100644 docs/artifacts/d88c2400-e421-4a33-aa1b-49cb7f2b7852/.tempmediaStorage/dom_1774127605274.txt
 create mode 100644 docs/artifacts/d88c2400-e421-4a33-aa1b-49cb7f2b7852/.tempmediaStorage/dom_1774127612162.txt
 create mode 100644 docs/artifacts/d88c2400-e421-4a33-aa1b-49cb7f2b7852/.tempmediaStorage/dom_1774127619587.txt
 create mode 100644 docs/artifacts/d88c2400-e421-4a33-aa1b-49cb7f2b7852/.tempmediaStorage/dom_1774127628827.txt
 create mode 100644 docs/artifacts/d88c2400-e421-4a33-aa1b-49cb7f2b7852/.tempmediaStorage/dom_1774127633859.txt
 create mode 100644 docs/artifacts/d88c2400-e421-4a33-aa1b-49cb7f2b7852/.tempmediaStorage/dom_1774127634056.txt
 create mode 100644 docs/artifacts/d88c2400-e421-4a33-aa1b-49cb7f2b7852/.tempmediaStorage/dom_1774127639235.txt
 create mode 100644 docs/artifacts/d88c2400-e421-4a33-aa1b-49cb7f2b7852/.tempmediaStorage/dom_1774127646821.txt
 create mode 100644 docs/artifacts/d88c2400-e421-4a33-aa1b-49cb7f2b7852/.tempmediaStorage/dom_1774127662744.txt
 create mode 100644 docs/artifacts/d88c2400-e421-4a33-aa1b-49cb7f2b7852/.tempmediaStorage/dom_1774127667728.txt
 create mode 100644 docs/artifacts/d88c2400-e421-4a33-aa1b-49cb7f2b7852/.tempmediaStorage/dom_1774127678599.txt
 create mode 100644 docs/artifacts/d88c2400-e421-4a33-aa1b-49cb7f2b7852/.tempmediaStorage/dom_1774127687341.txt
 create mode 100644 docs/artifacts/d88c2400-e421-4a33-aa1b-49cb7f2b7852/.tempmediaStorage/dom_1774127695845.txt
 create mode 100644 docs/artifacts/d88c2400-e421-4a33-aa1b-49cb7f2b7852/.tempmediaStorage/dom_1774127710557.txt
 create mode 100644 docs/artifacts/d88c2400-e421-4a33-aa1b-49cb7f2b7852/.tempmediaStorage/dom_1774127721316.txt
 create mode 100644 docs/artifacts/d88c2400-e421-4a33-aa1b-49cb7f2b7852/.tempmediaStorage/dom_1774127730159.txt
 create mode 100644 docs/artifacts/d88c2400-e421-4a33-aa1b-49cb7f2b7852/.tempmediaStorage/dom_1774127741130.txt
 create mode 100644 docs/artifacts/d88c2400-e421-4a33-aa1b-49cb7f2b7852/.tempmediaStorage/dom_1774127741411.txt
 create mode 100644 docs/artifacts/d88c2400-e421-4a33-aa1b-49cb7f2b7852/.tempmediaStorage/dom_1774127746171.txt
 create mode 100644 docs/artifacts/d88c2400-e421-4a33-aa1b-49cb7f2b7852/.tempmediaStorage/dom_1774127752671.txt
 create mode 100644 docs/artifacts/d88c2400-e421-4a33-aa1b-49cb7f2b7852/.tempmediaStorage/dom_1774127762420.txt
 create mode 100644 docs/artifacts/d88c2400-e421-4a33-aa1b-49cb7f2b7852/.tempmediaStorage/dom_1774127780400.txt
 create mode 100644 docs/artifacts/d88c2400-e421-4a33-aa1b-49cb7f2b7852/.tempmediaStorage/dom_1774127790457.txt
 create mode 100644 docs/artifacts/d88c2400-e421-4a33-aa1b-49cb7f2b7852/.tempmediaStorage/dom_1774127798749.txt
 create mode 100644 docs/artifacts/d88c2400-e421-4a33-aa1b-49cb7f2b7852/.tempmediaStorage/dom_1774127807246.txt
 create mode 100644 docs/artifacts/d88c2400-e421-4a33-aa1b-49cb7f2b7852/.tempmediaStorage/dom_1774127811885.txt
 create mode 100644 docs/artifacts/d88c2400-e421-4a33-aa1b-49cb7f2b7852/.tempmediaStorage/dom_1774127817511.txt
 create mode 100644 docs/artifacts/d88c2400-e421-4a33-aa1b-49cb7f2b7852/.tempmediaStorage/dom_1774127823397.txt
 create mode 100644 docs/artifacts/d88c2400-e421-4a33-aa1b-49cb7f2b7852/.tempmediaStorage/dom_1774127831300.txt
 create mode 100644 docs/artifacts/d88c2400-e421-4a33-aa1b-49cb7f2b7852/.tempmediaStorage/dom_1774127838498.txt
 create mode 100644 docs/artifacts/d88c2400-e421-4a33-aa1b-49cb7f2b7852/.tempmediaStorage/dom_1774127849429.txt
 create mode 100644 docs/artifacts/d88c2400-e421-4a33-aa1b-49cb7f2b7852/.tempmediaStorage/dom_1774127857316.txt
 create mode 100644 docs/artifacts/d88c2400-e421-4a33-aa1b-49cb7f2b7852/.tempmediaStorage/dom_1774127867778.txt
 create mode 100644 docs/artifacts/d88c2400-e421-4a33-aa1b-49cb7f2b7852/.tempmediaStorage/dom_1774127873611.txt
 create mode 100644 docs/artifacts/d88c2400-e421-4a33-aa1b-49cb7f2b7852/.tempmediaStorage/dom_1774127880801.txt
 create mode 100644 docs/artifacts/d88c2400-e421-4a33-aa1b-49cb7f2b7852/.tempmediaStorage/dom_1774127890148.txt
 create mode 100644 docs/artifacts/d88c2400-e421-4a33-aa1b-49cb7f2b7852/.tempmediaStorage/dom_1774127897385.txt
 create mode 100644 docs/artifacts/d88c2400-e421-4a33-aa1b-49cb7f2b7852/.tempmediaStorage/dom_1774127902916.txt
 create mode 100644 docs/artifacts/d88c2400-e421-4a33-aa1b-49cb7f2b7852/.tempmediaStorage/dom_1774127911912.txt
 create mode 100644 docs/artifacts/d88c2400-e421-4a33-aa1b-49cb7f2b7852/.tempmediaStorage/dom_1774127922851.txt
 create mode 100644 docs/artifacts/d88c2400-e421-4a33-aa1b-49cb7f2b7852/.tempmediaStorage/dom_1774127929405.txt
 create mode 100644 docs/artifacts/d88c2400-e421-4a33-aa1b-49cb7f2b7852/.tempmediaStorage/dom_1774127940267.txt
 create mode 100644 docs/artifacts/d88c2400-e421-4a33-aa1b-49cb7f2b7852/.tempmediaStorage/dom_1774127947325.txt
 create mode 100644 docs/artifacts/d88c2400-e421-4a33-aa1b-49cb7f2b7852/.tempmediaStorage/dom_1774127960048.txt
 create mode 100644 docs/artifacts/d88c2400-e421-4a33-aa1b-49cb7f2b7852/.tempmediaStorage/dom_1774127967689.txt
 create mode 100644 docs/artifacts/d88c2400-e421-4a33-aa1b-49cb7f2b7852/.tempmediaStorage/dom_1774127975452.txt
 create mode 100644 docs/artifacts/d88c2400-e421-4a33-aa1b-49cb7f2b7852/.tempmediaStorage/dom_1774127986140.txt
 create mode 100644 docs/artifacts/d88c2400-e421-4a33-aa1b-49cb7f2b7852/.tempmediaStorage/dom_1774127993389.txt
 create mode 100644 docs/artifacts/d88c2400-e421-4a33-aa1b-49cb7f2b7852/.tempmediaStorage/dom_1774128014674.txt
 create mode 100644 docs/artifacts/d88c2400-e421-4a33-aa1b-49cb7f2b7852/.tempmediaStorage/dom_1774128022152.txt
 create mode 100644 docs/artifacts/d88c2400-e421-4a33-aa1b-49cb7f2b7852/.tempmediaStorage/dom_1774128033787.txt
 create mode 100644 docs/artifacts/d88c2400-e421-4a33-aa1b-49cb7f2b7852/.tempmediaStorage/dom_1774128040587.txt
 create mode 100644 docs/artifacts/d88c2400-e421-4a33-aa1b-49cb7f2b7852/.tempmediaStorage/dom_1774128052870.txt
 create mode 100644 docs/artifacts/d88c2400-e421-4a33-aa1b-49cb7f2b7852/.tempmediaStorage/dom_1774128065385.txt
 create mode 100644 docs/artifacts/d88c2400-e421-4a33-aa1b-49cb7f2b7852/.tempmediaStorage/dom_1774128075066.txt
 create mode 100644 docs/artifacts/d88c2400-e421-4a33-aa1b-49cb7f2b7852/.tempmediaStorage/dom_1774128083903.txt
 create mode 100644 docs/artifacts/d88c2400-e421-4a33-aa1b-49cb7f2b7852/.tempmediaStorage/dom_1774128102027.txt
 create mode 100644 docs/artifacts/d88c2400-e421-4a33-aa1b-49cb7f2b7852/.tempmediaStorage/dom_1774128109943.txt
 create mode 100644 docs/artifacts/d88c2400-e421-4a33-aa1b-49cb7f2b7852/.tempmediaStorage/dom_1774128126846.txt
 create mode 100644 docs/artifacts/d88c2400-e421-4a33-aa1b-49cb7f2b7852/.tempmediaStorage/dom_1774128134552.txt
 create mode 100644 docs/artifacts/d88c2400-e421-4a33-aa1b-49cb7f2b7852/.tempmediaStorage/dom_1774128142038.txt
 create mode 100644 docs/artifacts/d88c2400-e421-4a33-aa1b-49cb7f2b7852/.tempmediaStorage/media_d88c2400-e421-4a33-aa1b-49cb7f2b7852_1774125178413.png
 create mode 100644 docs/artifacts/d88c2400-e421-4a33-aa1b-49cb7f2b7852/.tempmediaStorage/media_d88c2400-e421-4a33-aa1b-49cb7f2b7852_1774125186313.png
 create mode 100644 docs/artifacts/d88c2400-e421-4a33-aa1b-49cb7f2b7852/.tempmediaStorage/media_d88c2400-e421-4a33-aa1b-49cb7f2b7852_1774125191651.png
 create mode 100644 docs/artifacts/d88c2400-e421-4a33-aa1b-49cb7f2b7852/.tempmediaStorage/media_d88c2400-e421-4a33-aa1b-49cb7f2b7852_1774125198192.png
 create mode 100644 docs/artifacts/d88c2400-e421-4a33-aa1b-49cb7f2b7852/.tempmediaStorage/media_d88c2400-e421-4a33-aa1b-49cb7f2b7852_1774125205797.png
 create mode 100644 docs/artifacts/d88c2400-e421-4a33-aa1b-49cb7f2b7852/.tempmediaStorage/media_d88c2400-e421-4a33-aa1b-49cb7f2b7852_1774125210765.png
 create mode 100644 docs/artifacts/d88c2400-e421-4a33-aa1b-49cb7f2b7852/.tempmediaStorage/media_d88c2400-e421-4a33-aa1b-49cb7f2b7852_1774125218543.png
 create mode 100644 docs/artifacts/d88c2400-e421-4a33-aa1b-49cb7f2b7852/.tempmediaStorage/media_d88c2400-e421-4a33-aa1b-49cb7f2b7852_1774125223747.png
 create mode 100644 docs/artifacts/d88c2400-e421-4a33-aa1b-49cb7f2b7852/.tempmediaStorage/media_d88c2400-e421-4a33-aa1b-49cb7f2b7852_1774125229514.png
 create mode 100644 docs/artifacts/d88c2400-e421-4a33-aa1b-49cb7f2b7852/.tempmediaStorage/media_d88c2400-e421-4a33-aa1b-49cb7f2b7852_1774125236345.png
 create mode 100644 docs/artifacts/d88c2400-e421-4a33-aa1b-49cb7f2b7852/.tempmediaStorage/media_d88c2400-e421-4a33-aa1b-49cb7f2b7852_1774125243807.png
 create mode 100644 docs/artifacts/d88c2400-e421-4a33-aa1b-49cb7f2b7852/.tempmediaStorage/media_d88c2400-e421-4a33-aa1b-49cb7f2b7852_1774125244168.png
 create mode 100644 docs/artifacts/d88c2400-e421-4a33-aa1b-49cb7f2b7852/.tempmediaStorage/media_d88c2400-e421-4a33-aa1b-49cb7f2b7852_1774125250271.png
 create mode 100644 docs/artifacts/d88c2400-e421-4a33-aa1b-49cb7f2b7852/.tempmediaStorage/media_d88c2400-e421-4a33-aa1b-49cb7f2b7852_1774125257546.png
 create mode 100644 docs/artifacts/d88c2400-e421-4a33-aa1b-49cb7f2b7852/.tempmediaStorage/media_d88c2400-e421-4a33-aa1b-49cb7f2b7852_1774125273641.png
 create mode 100644 docs/artifacts/d88c2400-e421-4a33-aa1b-49cb7f2b7852/.tempmediaStorage/media_d88c2400-e421-4a33-aa1b-49cb7f2b7852_1774125676033.png
 create mode 100644 docs/artifacts/d88c2400-e421-4a33-aa1b-49cb7f2b7852/.tempmediaStorage/media_d88c2400-e421-4a33-aa1b-49cb7f2b7852_1774125678338.png
 create mode 100644 docs/artifacts/d88c2400-e421-4a33-aa1b-49cb7f2b7852/.tempmediaStorage/media_d88c2400-e421-4a33-aa1b-49cb7f2b7852_1774125683834.png
 create mode 100644 docs/artifacts/d88c2400-e421-4a33-aa1b-49cb7f2b7852/.tempmediaStorage/media_d88c2400-e421-4a33-aa1b-49cb7f2b7852_1774125693721.png
 create mode 100644 docs/artifacts/d88c2400-e421-4a33-aa1b-49cb7f2b7852/.tempmediaStorage/media_d88c2400-e421-4a33-aa1b-49cb7f2b7852_1774125694017.png
 create mode 100644 docs/artifacts/d88c2400-e421-4a33-aa1b-49cb7f2b7852/.tempmediaStorage/media_d88c2400-e421-4a33-aa1b-49cb7f2b7852_1774125700572.png
 create mode 100644 docs/artifacts/d88c2400-e421-4a33-aa1b-49cb7f2b7852/.tempmediaStorage/media_d88c2400-e421-4a33-aa1b-49cb7f2b7852_1774125718888.png
 create mode 100644 docs/artifacts/d88c2400-e421-4a33-aa1b-49cb7f2b7852/.tempmediaStorage/media_d88c2400-e421-4a33-aa1b-49cb7f2b7852_1774125718910.png
 create mode 100644 docs/artifacts/d88c2400-e421-4a33-aa1b-49cb7f2b7852/.tempmediaStorage/media_d88c2400-e421-4a33-aa1b-49cb7f2b7852_1774125976510.png
 create mode 100644 docs/artifacts/d88c2400-e421-4a33-aa1b-49cb7f2b7852/.tempmediaStorage/media_d88c2400-e421-4a33-aa1b-49cb7f2b7852_1774125976812.png
 create mode 100644 docs/artifacts/d88c2400-e421-4a33-aa1b-49cb7f2b7852/.tempmediaStorage/media_d88c2400-e421-4a33-aa1b-49cb7f2b7852_1774125983931.png
 create mode 100644 docs/artifacts/d88c2400-e421-4a33-aa1b-49cb7f2b7852/.tempmediaStorage/media_d88c2400-e421-4a33-aa1b-49cb7f2b7852_1774125993117.png
 create mode 100644 docs/artifacts/d88c2400-e421-4a33-aa1b-49cb7f2b7852/.tempmediaStorage/media_d88c2400-e421-4a33-aa1b-49cb7f2b7852_1774125999300.png
 create mode 100644 docs/artifacts/d88c2400-e421-4a33-aa1b-49cb7f2b7852/.tempmediaStorage/media_d88c2400-e421-4a33-aa1b-49cb7f2b7852_1774126007617.png
 create mode 100644 docs/artifacts/d88c2400-e421-4a33-aa1b-49cb7f2b7852/.tempmediaStorage/media_d88c2400-e421-4a33-aa1b-49cb7f2b7852_1774126016770.png
 create mode 100644 docs/artifacts/d88c2400-e421-4a33-aa1b-49cb7f2b7852/.tempmediaStorage/media_d88c2400-e421-4a33-aa1b-49cb7f2b7852_1774126025905.png
 create mode 100644 docs/artifacts/d88c2400-e421-4a33-aa1b-49cb7f2b7852/.tempmediaStorage/media_d88c2400-e421-4a33-aa1b-49cb7f2b7852_1774126033146.png
 create mode 100644 docs/artifacts/d88c2400-e421-4a33-aa1b-49cb7f2b7852/.tempmediaStorage/media_d88c2400-e421-4a33-aa1b-49cb7f2b7852_1774126037784.png
 create mode 100644 docs/artifacts/d88c2400-e421-4a33-aa1b-49cb7f2b7852/.tempmediaStorage/media_d88c2400-e421-4a33-aa1b-49cb7f2b7852_1774126038152.png
 create mode 100644 docs/artifacts/d88c2400-e421-4a33-aa1b-49cb7f2b7852/.tempmediaStorage/media_d88c2400-e421-4a33-aa1b-49cb7f2b7852_1774126046561.png
 create mode 100644 docs/artifacts/d88c2400-e421-4a33-aa1b-49cb7f2b7852/.tempmediaStorage/media_d88c2400-e421-4a33-aa1b-49cb7f2b7852_1774126067903.png
 create mode 100644 docs/artifacts/d88c2400-e421-4a33-aa1b-49cb7f2b7852/.tempmediaStorage/media_d88c2400-e421-4a33-aa1b-49cb7f2b7852_1774126067925.png
 create mode 100644 docs/artifacts/d88c2400-e421-4a33-aa1b-49cb7f2b7852/.tempmediaStorage/media_d88c2400-e421-4a33-aa1b-49cb7f2b7852_1774126747360.png
 create mode 100644 docs/artifacts/d88c2400-e421-4a33-aa1b-49cb7f2b7852/.tempmediaStorage/media_d88c2400-e421-4a33-aa1b-49cb7f2b7852_1774126778369.png
 create mode 100644 docs/artifacts/d88c2400-e421-4a33-aa1b-49cb7f2b7852/.tempmediaStorage/media_d88c2400-e421-4a33-aa1b-49cb7f2b7852_1774126787016.png
 create mode 100644 docs/artifacts/d88c2400-e421-4a33-aa1b-49cb7f2b7852/.tempmediaStorage/media_d88c2400-e421-4a33-aa1b-49cb7f2b7852_1774126803019.png
 create mode 100644 docs/artifacts/d88c2400-e421-4a33-aa1b-49cb7f2b7852/.tempmediaStorage/media_d88c2400-e421-4a33-aa1b-49cb7f2b7852_1774126810713.png
 create mode 100644 docs/artifacts/d88c2400-e421-4a33-aa1b-49cb7f2b7852/.tempmediaStorage/media_d88c2400-e421-4a33-aa1b-49cb7f2b7852_1774126817406.png
 create mode 100644 docs/artifacts/d88c2400-e421-4a33-aa1b-49cb7f2b7852/.tempmediaStorage/media_d88c2400-e421-4a33-aa1b-49cb7f2b7852_1774126824317.png
 create mode 100644 docs/artifacts/d88c2400-e421-4a33-aa1b-49cb7f2b7852/.tempmediaStorage/media_d88c2400-e421-4a33-aa1b-49cb7f2b7852_1774126829796.png
 create mode 100644 docs/artifacts/d88c2400-e421-4a33-aa1b-49cb7f2b7852/.tempmediaStorage/media_d88c2400-e421-4a33-aa1b-49cb7f2b7852_1774127189792.png
 create mode 100644 docs/artifacts/d88c2400-e421-4a33-aa1b-49cb7f2b7852/.tempmediaStorage/media_d88c2400-e421-4a33-aa1b-49cb7f2b7852_1774127195472.png
 create mode 100644 docs/artifacts/d88c2400-e421-4a33-aa1b-49cb7f2b7852/.tempmediaStorage/media_d88c2400-e421-4a33-aa1b-49cb7f2b7852_1774127201372.png
 create mode 100644 docs/artifacts/d88c2400-e421-4a33-aa1b-49cb7f2b7852/.tempmediaStorage/media_d88c2400-e421-4a33-aa1b-49cb7f2b7852_1774127208203.png
 create mode 100644 docs/artifacts/d88c2400-e421-4a33-aa1b-49cb7f2b7852/.tempmediaStorage/media_d88c2400-e421-4a33-aa1b-49cb7f2b7852_1774127213815.png
 create mode 100644 docs/artifacts/d88c2400-e421-4a33-aa1b-49cb7f2b7852/.tempmediaStorage/media_d88c2400-e421-4a33-aa1b-49cb7f2b7852_1774127219012.png
 create mode 100644 docs/artifacts/d88c2400-e421-4a33-aa1b-49cb7f2b7852/.tempmediaStorage/media_d88c2400-e421-4a33-aa1b-49cb7f2b7852_1774127224698.png
 create mode 100644 docs/artifacts/d88c2400-e421-4a33-aa1b-49cb7f2b7852/.tempmediaStorage/media_d88c2400-e421-4a33-aa1b-49cb7f2b7852_1774127230319.png
 create mode 100644 docs/artifacts/d88c2400-e421-4a33-aa1b-49cb7f2b7852/.tempmediaStorage/media_d88c2400-e421-4a33-aa1b-49cb7f2b7852_1774127237047.png
 create mode 100644 docs/artifacts/d88c2400-e421-4a33-aa1b-49cb7f2b7852/.tempmediaStorage/media_d88c2400-e421-4a33-aa1b-49cb7f2b7852_1774127243977.png
 create mode 100644 docs/artifacts/d88c2400-e421-4a33-aa1b-49cb7f2b7852/.tempmediaStorage/media_d88c2400-e421-4a33-aa1b-49cb7f2b7852_1774127250537.png
 create mode 100644 docs/artifacts/d88c2400-e421-4a33-aa1b-49cb7f2b7852/.tempmediaStorage/media_d88c2400-e421-4a33-aa1b-49cb7f2b7852_1774127257692.png
 create mode 100644 docs/artifacts/d88c2400-e421-4a33-aa1b-49cb7f2b7852/.tempmediaStorage/media_d88c2400-e421-4a33-aa1b-49cb7f2b7852_1774127280142.png
 create mode 100644 docs/artifacts/d88c2400-e421-4a33-aa1b-49cb7f2b7852/.tempmediaStorage/media_d88c2400-e421-4a33-aa1b-49cb7f2b7852_1774127286955.png
 create mode 100644 docs/artifacts/d88c2400-e421-4a33-aa1b-49cb7f2b7852/.tempmediaStorage/media_d88c2400-e421-4a33-aa1b-49cb7f2b7852_1774127296838.png
 create mode 100644 docs/artifacts/d88c2400-e421-4a33-aa1b-49cb7f2b7852/.tempmediaStorage/media_d88c2400-e421-4a33-aa1b-49cb7f2b7852_1774127311869.png
 create mode 100644 docs/artifacts/d88c2400-e421-4a33-aa1b-49cb7f2b7852/.tempmediaStorage/media_d88c2400-e421-4a33-aa1b-49cb7f2b7852_1774127337663.png
 create mode 100644 docs/artifacts/d88c2400-e421-4a33-aa1b-49cb7f2b7852/.tempmediaStorage/media_d88c2400-e421-4a33-aa1b-49cb7f2b7852_1774127344903.png
 create mode 100644 docs/artifacts/d88c2400-e421-4a33-aa1b-49cb7f2b7852/.tempmediaStorage/media_d88c2400-e421-4a33-aa1b-49cb7f2b7852_1774127358880.png
 create mode 100644 docs/artifacts/d88c2400-e421-4a33-aa1b-49cb7f2b7852/.tempmediaStorage/media_d88c2400-e421-4a33-aa1b-49cb7f2b7852_1774127364567.png
 create mode 100644 docs/artifacts/d88c2400-e421-4a33-aa1b-49cb7f2b7852/.tempmediaStorage/media_d88c2400-e421-4a33-aa1b-49cb7f2b7852_1774127369718.png
 create mode 100644 docs/artifacts/d88c2400-e421-4a33-aa1b-49cb7f2b7852/.tempmediaStorage/media_d88c2400-e421-4a33-aa1b-49cb7f2b7852_1774127391868.png
 create mode 100644 docs/artifacts/d88c2400-e421-4a33-aa1b-49cb7f2b7852/.tempmediaStorage/media_d88c2400-e421-4a33-aa1b-49cb7f2b7852_1774127399677.png
 create mode 100644 docs/artifacts/d88c2400-e421-4a33-aa1b-49cb7f2b7852/.tempmediaStorage/media_d88c2400-e421-4a33-aa1b-49cb7f2b7852_1774127424483.png
 create mode 100644 docs/artifacts/d88c2400-e421-4a33-aa1b-49cb7f2b7852/.tempmediaStorage/media_d88c2400-e421-4a33-aa1b-49cb7f2b7852_1774127449306.png
 create mode 100644 docs/artifacts/d88c2400-e421-4a33-aa1b-49cb7f2b7852/.tempmediaStorage/media_d88c2400-e421-4a33-aa1b-49cb7f2b7852_1774127455919.png
 create mode 100644 docs/artifacts/d88c2400-e421-4a33-aa1b-49cb7f2b7852/.tempmediaStorage/media_d88c2400-e421-4a33-aa1b-49cb7f2b7852_1774127463098.png
 create mode 100644 docs/artifacts/d88c2400-e421-4a33-aa1b-49cb7f2b7852/.tempmediaStorage/media_d88c2400-e421-4a33-aa1b-49cb7f2b7852_1774127526477.png
 create mode 100644 docs/artifacts/d88c2400-e421-4a33-aa1b-49cb7f2b7852/.tempmediaStorage/media_d88c2400-e421-4a33-aa1b-49cb7f2b7852_1774127535093.png
 create mode 100644 docs/artifacts/d88c2400-e421-4a33-aa1b-49cb7f2b7852/.tempmediaStorage/media_d88c2400-e421-4a33-aa1b-49cb7f2b7852_1774127542523.png
 create mode 100644 docs/artifacts/d88c2400-e421-4a33-aa1b-49cb7f2b7852/.tempmediaStorage/media_d88c2400-e421-4a33-aa1b-49cb7f2b7852_1774127549027.png
 create mode 100644 docs/artifacts/d88c2400-e421-4a33-aa1b-49cb7f2b7852/.tempmediaStorage/media_d88c2400-e421-4a33-aa1b-49cb7f2b7852_1774127555224.png
 create mode 100644 docs/artifacts/d88c2400-e421-4a33-aa1b-49cb7f2b7852/.tempmediaStorage/media_d88c2400-e421-4a33-aa1b-49cb7f2b7852_1774127561758.png
 create mode 100644 docs/artifacts/d88c2400-e421-4a33-aa1b-49cb7f2b7852/.tempmediaStorage/media_d88c2400-e421-4a33-aa1b-49cb7f2b7852_1774127571002.png
 create mode 100644 docs/artifacts/d88c2400-e421-4a33-aa1b-49cb7f2b7852/.tempmediaStorage/media_d88c2400-e421-4a33-aa1b-49cb7f2b7852_1774127579705.png
 create mode 100644 docs/artifacts/d88c2400-e421-4a33-aa1b-49cb7f2b7852/.tempmediaStorage/media_d88c2400-e421-4a33-aa1b-49cb7f2b7852_1774127590482.png
 create mode 100644 docs/artifacts/d88c2400-e421-4a33-aa1b-49cb7f2b7852/.tempmediaStorage/media_d88c2400-e421-4a33-aa1b-49cb7f2b7852_1774127599132.png
 create mode 100644 docs/artifacts/d88c2400-e421-4a33-aa1b-49cb7f2b7852/.tempmediaStorage/media_d88c2400-e421-4a33-aa1b-49cb7f2b7852_1774127605340.png
 create mode 100644 docs/artifacts/d88c2400-e421-4a33-aa1b-49cb7f2b7852/.tempmediaStorage/media_d88c2400-e421-4a33-aa1b-49cb7f2b7852_1774127612313.png
 create mode 100644 docs/artifacts/d88c2400-e421-4a33-aa1b-49cb7f2b7852/.tempmediaStorage/media_d88c2400-e421-4a33-aa1b-49cb7f2b7852_1774127619745.png
 create mode 100644 docs/artifacts/d88c2400-e421-4a33-aa1b-49cb7f2b7852/.tempmediaStorage/media_d88c2400-e421-4a33-aa1b-49cb7f2b7852_1774127628966.png
 create mode 100644 docs/artifacts/d88c2400-e421-4a33-aa1b-49cb7f2b7852/.tempmediaStorage/media_d88c2400-e421-4a33-aa1b-49cb7f2b7852_1774127634196.png
 create mode 100644 docs/artifacts/d88c2400-e421-4a33-aa1b-49cb7f2b7852/.tempmediaStorage/media_d88c2400-e421-4a33-aa1b-49cb7f2b7852_1774127639400.png
 create mode 100644 docs/artifacts/d88c2400-e421-4a33-aa1b-49cb7f2b7852/.tempmediaStorage/media_d88c2400-e421-4a33-aa1b-49cb7f2b7852_1774127646952.png
 create mode 100644 docs/artifacts/d88c2400-e421-4a33-aa1b-49cb7f2b7852/.tempmediaStorage/media_d88c2400-e421-4a33-aa1b-49cb7f2b7852_1774127662925.png
 create mode 100644 docs/artifacts/d88c2400-e421-4a33-aa1b-49cb7f2b7852/.tempmediaStorage/media_d88c2400-e421-4a33-aa1b-49cb7f2b7852_1774127667901.png
 create mode 100644 docs/artifacts/d88c2400-e421-4a33-aa1b-49cb7f2b7852/.tempmediaStorage/media_d88c2400-e421-4a33-aa1b-49cb7f2b7852_1774127678761.png
 create mode 100644 docs/artifacts/d88c2400-e421-4a33-aa1b-49cb7f2b7852/.tempmediaStorage/media_d88c2400-e421-4a33-aa1b-49cb7f2b7852_1774127687519.png
 create mode 100644 docs/artifacts/d88c2400-e421-4a33-aa1b-49cb7f2b7852/.tempmediaStorage/media_d88c2400-e421-4a33-aa1b-49cb7f2b7852_1774127696060.png
 create mode 100644 docs/artifacts/d88c2400-e421-4a33-aa1b-49cb7f2b7852/.tempmediaStorage/media_d88c2400-e421-4a33-aa1b-49cb7f2b7852_1774127710777.png
 create mode 100644 docs/artifacts/d88c2400-e421-4a33-aa1b-49cb7f2b7852/.tempmediaStorage/media_d88c2400-e421-4a33-aa1b-49cb7f2b7852_1774127721487.png
 create mode 100644 docs/artifacts/d88c2400-e421-4a33-aa1b-49cb7f2b7852/.tempmediaStorage/media_d88c2400-e421-4a33-aa1b-49cb7f2b7852_1774127730412.png
 create mode 100644 docs/artifacts/d88c2400-e421-4a33-aa1b-49cb7f2b7852/.tempmediaStorage/media_d88c2400-e421-4a33-aa1b-49cb7f2b7852_1774127741595.png
 create mode 100644 docs/artifacts/d88c2400-e421-4a33-aa1b-49cb7f2b7852/.tempmediaStorage/media_d88c2400-e421-4a33-aa1b-49cb7f2b7852_1774127746296.png
 create mode 100644 docs/artifacts/d88c2400-e421-4a33-aa1b-49cb7f2b7852/.tempmediaStorage/media_d88c2400-e421-4a33-aa1b-49cb7f2b7852_1774127752847.png
 create mode 100644 docs/artifacts/d88c2400-e421-4a33-aa1b-49cb7f2b7852/.tempmediaStorage/media_d88c2400-e421-4a33-aa1b-49cb7f2b7852_1774127762574.png
 create mode 100644 docs/artifacts/d88c2400-e421-4a33-aa1b-49cb7f2b7852/.tempmediaStorage/media_d88c2400-e421-4a33-aa1b-49cb7f2b7852_1774127780554.png
 create mode 100644 docs/artifacts/d88c2400-e421-4a33-aa1b-49cb7f2b7852/.tempmediaStorage/media_d88c2400-e421-4a33-aa1b-49cb7f2b7852_1774127790634.png
 create mode 100644 docs/artifacts/d88c2400-e421-4a33-aa1b-49cb7f2b7852/.tempmediaStorage/media_d88c2400-e421-4a33-aa1b-49cb7f2b7852_1774127798916.png
 create mode 100644 docs/artifacts/d88c2400-e421-4a33-aa1b-49cb7f2b7852/.tempmediaStorage/media_d88c2400-e421-4a33-aa1b-49cb7f2b7852_1774127807376.png
 create mode 100644 docs/artifacts/d88c2400-e421-4a33-aa1b-49cb7f2b7852/.tempmediaStorage/media_d88c2400-e421-4a33-aa1b-49cb7f2b7852_1774127812170.png
 create mode 100644 docs/artifacts/d88c2400-e421-4a33-aa1b-49cb7f2b7852/.tempmediaStorage/media_d88c2400-e421-4a33-aa1b-49cb7f2b7852_1774127817668.png
 create mode 100644 docs/artifacts/d88c2400-e421-4a33-aa1b-49cb7f2b7852/.tempmediaStorage/media_d88c2400-e421-4a33-aa1b-49cb7f2b7852_1774127823516.png
 create mode 100644 docs/artifacts/d88c2400-e421-4a33-aa1b-49cb7f2b7852/.tempmediaStorage/media_d88c2400-e421-4a33-aa1b-49cb7f2b7852_1774127831468.png
 create mode 100644 docs/artifacts/d88c2400-e421-4a33-aa1b-49cb7f2b7852/.tempmediaStorage/media_d88c2400-e421-4a33-aa1b-49cb7f2b7852_1774127838668.png
 create mode 100644 docs/artifacts/d88c2400-e421-4a33-aa1b-49cb7f2b7852/.tempmediaStorage/media_d88c2400-e421-4a33-aa1b-49cb7f2b7852_1774127849564.png
 create mode 100644 docs/artifacts/d88c2400-e421-4a33-aa1b-49cb7f2b7852/.tempmediaStorage/media_d88c2400-e421-4a33-aa1b-49cb7f2b7852_1774127857432.png
 create mode 100644 docs/artifacts/d88c2400-e421-4a33-aa1b-49cb7f2b7852/.tempmediaStorage/media_d88c2400-e421-4a33-aa1b-49cb7f2b7852_1774127867915.png
 create mode 100644 docs/artifacts/d88c2400-e421-4a33-aa1b-49cb7f2b7852/.tempmediaStorage/media_d88c2400-e421-4a33-aa1b-49cb7f2b7852_1774127873780.png
 create mode 100644 docs/artifacts/d88c2400-e421-4a33-aa1b-49cb7f2b7852/.tempmediaStorage/media_d88c2400-e421-4a33-aa1b-49cb7f2b7852_1774127881219.png
 create mode 100644 docs/artifacts/d88c2400-e421-4a33-aa1b-49cb7f2b7852/.tempmediaStorage/media_d88c2400-e421-4a33-aa1b-49cb7f2b7852_1774127890587.png
 create mode 100644 docs/artifacts/d88c2400-e421-4a33-aa1b-49cb7f2b7852/.tempmediaStorage/media_d88c2400-e421-4a33-aa1b-49cb7f2b7852_1774127897685.png
 create mode 100644 docs/artifacts/d88c2400-e421-4a33-aa1b-49cb7f2b7852/.tempmediaStorage/media_d88c2400-e421-4a33-aa1b-49cb7f2b7852_1774127903070.png
 create mode 100644 docs/artifacts/d88c2400-e421-4a33-aa1b-49cb7f2b7852/.tempmediaStorage/media_d88c2400-e421-4a33-aa1b-49cb7f2b7852_1774127912032.png
 create mode 100644 docs/artifacts/d88c2400-e421-4a33-aa1b-49cb7f2b7852/.tempmediaStorage/media_d88c2400-e421-4a33-aa1b-49cb7f2b7852_1774127922986.png
 create mode 100644 docs/artifacts/d88c2400-e421-4a33-aa1b-49cb7f2b7852/.tempmediaStorage/media_d88c2400-e421-4a33-aa1b-49cb7f2b7852_1774127929522.png
 create mode 100644 docs/artifacts/d88c2400-e421-4a33-aa1b-49cb7f2b7852/.tempmediaStorage/media_d88c2400-e421-4a33-aa1b-49cb7f2b7852_1774127940632.png
 create mode 100644 docs/artifacts/d88c2400-e421-4a33-aa1b-49cb7f2b7852/.tempmediaStorage/media_d88c2400-e421-4a33-aa1b-49cb7f2b7852_1774127947480.png
 create mode 100644 docs/artifacts/d88c2400-e421-4a33-aa1b-49cb7f2b7852/.tempmediaStorage/media_d88c2400-e421-4a33-aa1b-49cb7f2b7852_1774127960161.png
 create mode 100644 docs/artifacts/d88c2400-e421-4a33-aa1b-49cb7f2b7852/.tempmediaStorage/media_d88c2400-e421-4a33-aa1b-49cb7f2b7852_1774127967840.png
 create mode 100644 docs/artifacts/d88c2400-e421-4a33-aa1b-49cb7f2b7852/.tempmediaStorage/media_d88c2400-e421-4a33-aa1b-49cb7f2b7852_1774127975612.png
 create mode 100644 docs/artifacts/d88c2400-e421-4a33-aa1b-49cb7f2b7852/.tempmediaStorage/media_d88c2400-e421-4a33-aa1b-49cb7f2b7852_1774127986262.png
 create mode 100644 docs/artifacts/d88c2400-e421-4a33-aa1b-49cb7f2b7852/.tempmediaStorage/media_d88c2400-e421-4a33-aa1b-49cb7f2b7852_1774127993562.png
 create mode 100644 docs/artifacts/d88c2400-e421-4a33-aa1b-49cb7f2b7852/.tempmediaStorage/media_d88c2400-e421-4a33-aa1b-49cb7f2b7852_1774128014788.png
 create mode 100644 docs/artifacts/d88c2400-e421-4a33-aa1b-49cb7f2b7852/.tempmediaStorage/media_d88c2400-e421-4a33-aa1b-49cb7f2b7852_1774128022312.png
 create mode 100644 docs/artifacts/d88c2400-e421-4a33-aa1b-49cb7f2b7852/.tempmediaStorage/media_d88c2400-e421-4a33-aa1b-49cb7f2b7852_1774128033925.png
 create mode 100644 docs/artifacts/d88c2400-e421-4a33-aa1b-49cb7f2b7852/.tempmediaStorage/media_d88c2400-e421-4a33-aa1b-49cb7f2b7852_1774128040738.png
 create mode 100644 docs/artifacts/d88c2400-e421-4a33-aa1b-49cb7f2b7852/.tempmediaStorage/media_d88c2400-e421-4a33-aa1b-49cb7f2b7852_1774128053028.png
 create mode 100644 docs/artifacts/d88c2400-e421-4a33-aa1b-49cb7f2b7852/.tempmediaStorage/media_d88c2400-e421-4a33-aa1b-49cb7f2b7852_1774128065543.png
 create mode 100644 docs/artifacts/d88c2400-e421-4a33-aa1b-49cb7f2b7852/.tempmediaStorage/media_d88c2400-e421-4a33-aa1b-49cb7f2b7852_1774128075221.png
 create mode 100644 docs/artifacts/d88c2400-e421-4a33-aa1b-49cb7f2b7852/.tempmediaStorage/media_d88c2400-e421-4a33-aa1b-49cb7f2b7852_1774128084095.png
 create mode 100644 docs/artifacts/d88c2400-e421-4a33-aa1b-49cb7f2b7852/.tempmediaStorage/media_d88c2400-e421-4a33-aa1b-49cb7f2b7852_1774128102183.png
 create mode 100644 docs/artifacts/d88c2400-e421-4a33-aa1b-49cb7f2b7852/.tempmediaStorage/media_d88c2400-e421-4a33-aa1b-49cb7f2b7852_1774128110234.png
 create mode 100644 docs/artifacts/d88c2400-e421-4a33-aa1b-49cb7f2b7852/.tempmediaStorage/media_d88c2400-e421-4a33-aa1b-49cb7f2b7852_1774128127007.png
 create mode 100644 docs/artifacts/d88c2400-e421-4a33-aa1b-49cb7f2b7852/.tempmediaStorage/media_d88c2400-e421-4a33-aa1b-49cb7f2b7852_1774128134693.png
 create mode 100644 docs/artifacts/d88c2400-e421-4a33-aa1b-49cb7f2b7852/.tempmediaStorage/media_d88c2400-e421-4a33-aa1b-49cb7f2b7852_1774128142188.png
 create mode 100644 docs/artifacts/d88c2400-e421-4a33-aa1b-49cb7f2b7852/.tempmediaStorage/media_d88c2400-e421-4a33-aa1b-49cb7f2b7852_1774130091722.png
 create mode 100644 docs/artifacts/d88c2400-e421-4a33-aa1b-49cb7f2b7852/.tempmediaStorage/media_d88c2400-e421-4a33-aa1b-49cb7f2b7852_1774130546569.png
 create mode 100644 docs/artifacts/d88c2400-e421-4a33-aa1b-49cb7f2b7852/aistudio_governance_reasoning_1774127169937.webp
 create mode 100644 docs/artifacts/d88c2400-e421-4a33-aa1b-49cb7f2b7852/blank_dashboard_error_1774125243815.png
 create mode 100644 docs/artifacts/d88c2400-e421-4a33-aa1b-49cb7f2b7852/board_screenshot.png
 create mode 100644 docs/artifacts/d88c2400-e421-4a33-aa1b-49cb7f2b7852/browser/scratchpad_5o02be6q.md
 create mode 100644 docs/artifacts/d88c2400-e421-4a33-aa1b-49cb7f2b7852/browser/scratchpad_5o02be6q.md.resolved
 create mode 100644 docs/artifacts/d88c2400-e421-4a33-aa1b-49cb7f2b7852/browser/scratchpad_5o02be6q.md.resolved.0
 create mode 100644 docs/artifacts/d88c2400-e421-4a33-aa1b-49cb7f2b7852/browser/scratchpad_5o02be6q.md.resolved.1
 create mode 100644 docs/artifacts/d88c2400-e421-4a33-aa1b-49cb7f2b7852/browser/scratchpad_5ou6f3eo.md
 create mode 100644 docs/artifacts/d88c2400-e421-4a33-aa1b-49cb7f2b7852/browser/scratchpad_gj0lywot.md
 create mode 100644 docs/artifacts/d88c2400-e421-4a33-aa1b-49cb7f2b7852/browser/scratchpad_gj0lywot.md.resolved
 create mode 100644 docs/artifacts/d88c2400-e421-4a33-aa1b-49cb7f2b7852/browser/scratchpad_gj0lywot.md.resolved.0
 create mode 100644 docs/artifacts/d88c2400-e421-4a33-aa1b-49cb7f2b7852/browser/scratchpad_gj0lywot.md.resolved.1
 create mode 100644 docs/artifacts/d88c2400-e421-4a33-aa1b-49cb7f2b7852/browser/scratchpad_gj0lywot.md.resolved.2
 create mode 100644 docs/artifacts/d88c2400-e421-4a33-aa1b-49cb7f2b7852/browser/scratchpad_jp6mkp1x.md
 create mode 100644 docs/artifacts/d88c2400-e421-4a33-aa1b-49cb7f2b7852/browser/scratchpad_nyg8zsk3.md
 create mode 100644 docs/artifacts/d88c2400-e421-4a33-aa1b-49cb7f2b7852/browser/scratchpad_q8hqs6jm.md
 create mode 100644 docs/artifacts/d88c2400-e421-4a33-aa1b-49cb7f2b7852/browser/scratchpad_qw83tx1b.md
 create mode 100644 docs/artifacts/d88c2400-e421-4a33-aa1b-49cb7f2b7852/browser/scratchpad_qw83tx1b.md.resolved
 create mode 100644 docs/artifacts/d88c2400-e421-4a33-aa1b-49cb7f2b7852/browser/scratchpad_qw83tx1b.md.resolved.0
 create mode 100644 docs/artifacts/d88c2400-e421-4a33-aa1b-49cb7f2b7852/browser/scratchpad_qw83tx1b.md.resolved.1
 create mode 100644 docs/artifacts/d88c2400-e421-4a33-aa1b-49cb7f2b7852/browser/scratchpad_qw83tx1b.md.resolved.2
 create mode 100644 docs/artifacts/d88c2400-e421-4a33-aa1b-49cb7f2b7852/browser/scratchpad_scco55r3.md
 create mode 100644 docs/artifacts/d88c2400-e421-4a33-aa1b-49cb7f2b7852/browser/scratchpad_scco55r3.md.resolved
 create mode 100644 docs/artifacts/d88c2400-e421-4a33-aa1b-49cb7f2b7852/browser/scratchpad_scco55r3.md.resolved.0
 create mode 100644 docs/artifacts/d88c2400-e421-4a33-aa1b-49cb7f2b7852/browser/scratchpad_uqikbmpo.md
 create mode 100644 docs/artifacts/d88c2400-e421-4a33-aa1b-49cb7f2b7852/dashboard_first_look_1774125163029.webp
 create mode 100644 docs/artifacts/d88c2400-e421-4a33-aa1b-49cb7f2b7852/dashboard_screenshot.png
 create mode 100644 docs/artifacts/d88c2400-e421-4a33-aa1b-49cb7f2b7852/dashboard_with_tailwind_1774125652629.webp
 create mode 100644 docs/artifacts/d88c2400-e421-4a33-aa1b-49cb7f2b7852/gemini_contract_gen_1774126720308.webp
 create mode 100644 docs/artifacts/d88c2400-e421-4a33-aa1b-49cb7f2b7852/gis_detail_screenshot.png
 create mode 100644 docs/artifacts/d88c2400-e421-4a33-aa1b-49cb7f2b7852/gis_map_screenshot.png
 create mode 100644 docs/artifacts/d88c2400-e421-4a33-aa1b-49cb7f2b7852/gis_map_verification_1774125951974.webp
 create mode 100644 docs/artifacts/d88c2400-e421-4a33-aa1b-49cb7f2b7852/implementation_plan.md
 create mode 100644 docs/artifacts/d88c2400-e421-4a33-aa1b-49cb7f2b7852/implementation_plan.md.metadata.json
 create mode 100644 docs/artifacts/d88c2400-e421-4a33-aa1b-49cb7f2b7852/implementation_plan.md.resolved
 create mode 100644 docs/artifacts/d88c2400-e421-4a33-aa1b-49cb7f2b7852/implementation_plan.md.resolved.0
 create mode 100644 docs/artifacts/d88c2400-e421-4a33-aa1b-49cb7f2b7852/implementation_plan.md.resolved.1
 create mode 100644 docs/artifacts/d88c2400-e421-4a33-aa1b-49cb7f2b7852/implementation_plan.md.resolved.2
 create mode 100644 docs/artifacts/d88c2400-e421-4a33-aa1b-49cb7f2b7852/media__1774131245796.png
 create mode 100644 docs/artifacts/d88c2400-e421-4a33-aa1b-49cb7f2b7852/notebooklm_sia_research_1774127515266.webp
 create mode 100644 docs/artifacts/d88c2400-e421-4a33-aa1b-49cb7f2b7852/prototype_walkthrough.md
 create mode 100644 docs/artifacts/d88c2400-e421-4a33-aa1b-49cb7f2b7852/prototype_walkthrough.md.metadata.json
 create mode 100644 docs/artifacts/d88c2400-e421-4a33-aa1b-49cb7f2b7852/prototype_walkthrough.md.resolved
 create mode 100644 docs/artifacts/d88c2400-e421-4a33-aa1b-49cb7f2b7852/prototype_walkthrough.md.resolved.0
 create mode 100644 docs/artifacts/d88c2400-e421-4a33-aa1b-49cb7f2b7852/prototype_walkthrough.md.resolved.1
 create mode 100644 docs/artifacts/d88c2400-e421-4a33-aa1b-49cb7f2b7852/prototype_walkthrough.md.resolved.2
 create mode 100644 docs/artifacts/d88c2400-e421-4a33-aa1b-49cb7f2b7852/prototype_walkthrough.md.resolved.3
 create mode 100644 docs/artifacts/d88c2400-e421-4a33-aa1b-49cb7f2b7852/prototype_walkthrough.md.resolved.4
 create mode 100644 docs/artifacts/d88c2400-e421-4a33-aa1b-49cb7f2b7852/prototype_walkthrough.md.resolved.5
 create mode 100644 docs/artifacts/d88c2400-e421-4a33-aa1b-49cb7f2b7852/prototype_walkthrough.md.resolved.6
 create mode 100644 docs/artifacts/d88c2400-e421-4a33-aa1b-49cb7f2b7852/sia_dashboard_initial_1774125676657.png
 create mode 100644 docs/artifacts/d88c2400-e421-4a33-aa1b-49cb7f2b7852/sia_map_initial_view_1774125976526.png
 create mode 100644 docs/artifacts/d88c2400-e421-4a33-aa1b-49cb7f2b7852/sia_map_project_details_1774126037794.png
 create mode 100644 docs/artifacts/d88c2400-e421-4a33-aa1b-49cb7f2b7852/sia_project_board_1774125693737.png
 create mode 100644 docs/artifacts/d88c2400-e421-4a33-aa1b-49cb7f2b7852/task.md
 create mode 100644 docs/artifacts/d88c2400-e421-4a33-aa1b-49cb7f2b7852/task.md.metadata.json
 create mode 100644 docs/artifacts/d88c2400-e421-4a33-aa1b-49cb7f2b7852/task.md.resolved
 create mode 100644 docs/artifacts/d88c2400-e421-4a33-aa1b-49cb7f2b7852/task.md.resolved.0
 create mode 100644 docs/artifacts/d88c2400-e421-4a33-aa1b-49cb7f2b7852/task.md.resolved.1
 create mode 100644 docs/artifacts/d88c2400-e421-4a33-aa1b-49cb7f2b7852/task.md.resolved.10
 create mode 100644 docs/artifacts/d88c2400-e421-4a33-aa1b-49cb7f2b7852/task.md.resolved.11
 create mode 100644 docs/artifacts/d88c2400-e421-4a33-aa1b-49cb7f2b7852/task.md.resolved.12
 create mode 100644 docs/artifacts/d88c2400-e421-4a33-aa1b-49cb7f2b7852/task.md.resolved.13
 create mode 100644 docs/artifacts/d88c2400-e421-4a33-aa1b-49cb7f2b7852/task.md.resolved.2
 create mode 100644 docs/artifacts/d88c2400-e421-4a33-aa1b-49cb7f2b7852/task.md.resolved.3
 create mode 100644 docs/artifacts/d88c2400-e421-4a33-aa1b-49cb7f2b7852/task.md.resolved.4
 create mode 100644 docs/artifacts/d88c2400-e421-4a33-aa1b-49cb7f2b7852/task.md.resolved.5
 create mode 100644 docs/artifacts/d88c2400-e421-4a33-aa1b-49cb7f2b7852/task.md.resolved.6
 create mode 100644 docs/artifacts/d88c2400-e421-4a33-aa1b-49cb7f2b7852/task.md.resolved.7
 create mode 100644 docs/artifacts/d88c2400-e421-4a33-aa1b-49cb7f2b7852/task.md.resolved.8
 create mode 100644 docs/artifacts/d88c2400-e421-4a33-aa1b-49cb7f2b7852/task.md.resolved.9
 create mode 100644 docs/artifacts/d88c2400-e421-4a33-aa1b-49cb7f2b7852/task_list.md
 create mode 100644 docs/artifacts/d88c2400-e421-4a33-aa1b-49cb7f2b7852/task_list.md.metadata.json
 create mode 100644 docs/artifacts/d88c2400-e421-4a33-aa1b-49cb7f2b7852/task_list.md.resolved
 create mode 100644 docs/artifacts/d88c2400-e421-4a33-aa1b-49cb7f2b7852/task_list.md.resolved.0
 create mode 100644 docs/artifacts/d88c2400-e421-4a33-aa1b-49cb7f2b7852/task_list.md.resolved.1
 create mode 100644 docs/artifacts/dcc9ff4d-4b04-4edc-8c8c-deb15065f65e/implementation_plan.md
 create mode 100644 docs/artifacts/dcc9ff4d-4b04-4edc-8c8c-deb15065f65e/implementation_plan.md.metadata.json
 create mode 100644 docs/artifacts/dcc9ff4d-4b04-4edc-8c8c-deb15065f65e/implementation_plan.md.resolved
 create mode 100644 docs/artifacts/dcc9ff4d-4b04-4edc-8c8c-deb15065f65e/implementation_plan.md.resolved.0
 create mode 100644 docs/artifacts/dcc9ff4d-4b04-4edc-8c8c-deb15065f65e/task.md
 create mode 100644 docs/artifacts/dcc9ff4d-4b04-4edc-8c8c-deb15065f65e/task.md.metadata.json
 create mode 100644 docs/artifacts/dcc9ff4d-4b04-4edc-8c8c-deb15065f65e/task.md.resolved
 create mode 100644 docs/artifacts/dcc9ff4d-4b04-4edc-8c8c-deb15065f65e/task.md.resolved.0
 create mode 100644 docs/artifacts/dcc9ff4d-4b04-4edc-8c8c-deb15065f65e/task.md.resolved.1
 create mode 100644 docs/artifacts/dcc9ff4d-4b04-4edc-8c8c-deb15065f65e/walkthrough.md
 create mode 100644 docs/artifacts/dcc9ff4d-4b04-4edc-8c8c-deb15065f65e/walkthrough.md.metadata.json
 create mode 100644 docs/artifacts/dcc9ff4d-4b04-4edc-8c8c-deb15065f65e/walkthrough.md.resolved
 create mode 100644 docs/artifacts/dcc9ff4d-4b04-4edc-8c8c-deb15065f65e/walkthrough.md.resolved.0
 create mode 100644 docs/artifacts/ea60dabf-45cb-4b04-a2ba-61c1b1b597da/task.md
 create mode 100644 docs/artifacts/ea60dabf-45cb-4b04-a2ba-61c1b1b597da/task.md.metadata.json
 create mode 100644 docs/artifacts/ea60dabf-45cb-4b04-a2ba-61c1b1b597da/task.md.resolved
 create mode 100644 docs/artifacts/ea60dabf-45cb-4b04-a2ba-61c1b1b597da/task.md.resolved.0
 create mode 100644 docs/artifacts/ea60dabf-45cb-4b04-a2ba-61c1b1b597da/task.md.resolved.1
 create mode 100644 docs/artifacts/ea60dabf-45cb-4b04-a2ba-61c1b1b597da/walkthrough.md
 create mode 100644 docs/artifacts/ea60dabf-45cb-4b04-a2ba-61c1b1b597da/walkthrough.md.metadata.json
 create mode 100644 docs/artifacts/ea60dabf-45cb-4b04-a2ba-61c1b1b597da/walkthrough.md.resolved
 create mode 100644 docs/artifacts/ea60dabf-45cb-4b04-a2ba-61c1b1b597da/walkthrough.md.resolved.0
 create mode 100644 docs/artifacts/ec5aab09-1b37-4477-8767-7a1854223810/.system_generated/messages/343d2fe6-f088-4185-b701-85c9861cccda.json
 create mode 100644 docs/artifacts/ec5aab09-1b37-4477-8767-7a1854223810/.system_generated/messages/518da8c0-49e8-4361-8b74-f2f5ea3e9de1.json
 create mode 100644 docs/artifacts/ec5aab09-1b37-4477-8767-7a1854223810/.system_generated/messages/5cab18bb-cc62-484c-852b-5978fe4c2ea3.json
 create mode 100644 docs/artifacts/ec5aab09-1b37-4477-8767-7a1854223810/.system_generated/messages/6e243148-eb37-454c-88f6-4ab3b7a3173f.json
 create mode 100644 docs/artifacts/ec5aab09-1b37-4477-8767-7a1854223810/.system_generated/messages/7b0bfdde-6f00-4689-86aa-2fd62cd6a3e1.json
 create mode 100644 docs/artifacts/ec5aab09-1b37-4477-8767-7a1854223810/.system_generated/messages/7fbce817-9236-49ce-8b31-15f01ef2d801.json
 create mode 100644 docs/artifacts/ec5aab09-1b37-4477-8767-7a1854223810/.system_generated/messages/8d912060-362d-4251-832a-5e903673aaa2.json
 create mode 100644 docs/artifacts/ec5aab09-1b37-4477-8767-7a1854223810/.system_generated/messages/a2d0ff92-aaa1-4d94-83a0-1953e6428ad8.json
 create mode 100644 docs/artifacts/ec5aab09-1b37-4477-8767-7a1854223810/.system_generated/messages/a6b79151-7e0b-4af4-868b-25b828850c4f.json
 create mode 100644 docs/artifacts/ec5aab09-1b37-4477-8767-7a1854223810/.system_generated/messages/a81d9a7d-8fab-4666-9c01-b59e193bfbf8.json
 create mode 100644 docs/artifacts/ec5aab09-1b37-4477-8767-7a1854223810/.system_generated/messages/b03ad699-78bc-4b81-a84b-3e6ee87e3923.json
 create mode 100644 docs/artifacts/ec5aab09-1b37-4477-8767-7a1854223810/.system_generated/messages/bbcbcdbf-97eb-4db1-b6a7-7eb73cc31dad.json
 create mode 100644 docs/artifacts/ec5aab09-1b37-4477-8767-7a1854223810/.system_generated/messages/cec6c656-2738-402d-9b70-27f06cea5e3f.json
 create mode 100644 docs/artifacts/ec5aab09-1b37-4477-8767-7a1854223810/.system_generated/messages/cursor.json
 create mode 100644 docs/artifacts/ec5aab09-1b37-4477-8767-7a1854223810/.system_generated/messages/e9a4a52d-230a-417c-be0e-43e8e9398f69.json
 create mode 100644 docs/artifacts/ec5aab09-1b37-4477-8767-7a1854223810/.system_generated/messages/e9e90ad5-6a49-48a6-be1c-887fb84cfe4d.json
 create mode 100644 docs/artifacts/ec5aab09-1b37-4477-8767-7a1854223810/.system_generated/messages/read.json
 create mode 100644 docs/artifacts/ec5aab09-1b37-4477-8767-7a1854223810/.system_generated/tasks/task-11.log
 create mode 100644 docs/artifacts/ec5aab09-1b37-4477-8767-7a1854223810/.system_generated/tasks/task-126.log
 create mode 100644 docs/artifacts/ec5aab09-1b37-4477-8767-7a1854223810/.system_generated/tasks/task-156.log
 create mode 100644 docs/artifacts/ec5aab09-1b37-4477-8767-7a1854223810/.system_generated/tasks/task-170.log
 create mode 100644 docs/artifacts/ec5aab09-1b37-4477-8767-7a1854223810/.system_generated/tasks/task-176.log
 create mode 100644 docs/artifacts/ec5aab09-1b37-4477-8767-7a1854223810/.system_generated/tasks/task-221.log
 create mode 100644 docs/artifacts/ec5aab09-1b37-4477-8767-7a1854223810/.system_generated/tasks/task-225.log
 create mode 100644 docs/artifacts/ec5aab09-1b37-4477-8767-7a1854223810/.system_generated/tasks/task-326.log
 create mode 100644 docs/artifacts/ec5aab09-1b37-4477-8767-7a1854223810/.system_generated/tasks/task-333.log
 create mode 100644 docs/artifacts/ec5aab09-1b37-4477-8767-7a1854223810/.system_generated/tasks/task-35.log
 create mode 100644 docs/artifacts/ec5aab09-1b37-4477-8767-7a1854223810/.system_generated/tasks/task-42.log
 create mode 100644 docs/artifacts/ec5aab09-1b37-4477-8767-7a1854223810/.system_generated/tasks/task-49.log
 create mode 100644 docs/artifacts/ec5aab09-1b37-4477-8767-7a1854223810/.system_generated/tasks/task-83.log
 create mode 100644 docs/artifacts/ec5aab09-1b37-4477-8767-7a1854223810/deployment_report.md
 create mode 100644 docs/artifacts/ec5aab09-1b37-4477-8767-7a1854223810/deployment_report.md.metadata.json
 create mode 100644 docs/artifacts/ec5aab09-1b37-4477-8767-7a1854223810/media__1779566361228.png
 create mode 100644 docs/artifacts/ec5aab09-1b37-4477-8767-7a1854223810/media__1779569498130.png
 create mode 100644 docs/artifacts/ef946611-af40-43fd-bf86-e6fccc205dca/.system_generated/click_feedback/click_feedback_1774119746947.png
 create mode 100644 docs/artifacts/ef946611-af40-43fd-bf86-e6fccc205dca/.system_generated/click_feedback/click_feedback_1774119768208.png
 create mode 100644 docs/artifacts/ef946611-af40-43fd-bf86-e6fccc205dca/.system_generated/click_feedback/click_feedback_1774119783270.png
 create mode 100644 docs/artifacts/ef946611-af40-43fd-bf86-e6fccc205dca/.system_generated/click_feedback/click_feedback_1774119798553.png
 create mode 100644 docs/artifacts/ef946611-af40-43fd-bf86-e6fccc205dca/.system_generated/click_feedback/click_feedback_1774119823584.png
 create mode 100644 docs/artifacts/ef946611-af40-43fd-bf86-e6fccc205dca/.system_generated/click_feedback/click_feedback_1774119830505.png
 create mode 100644 docs/artifacts/ef946611-af40-43fd-bf86-e6fccc205dca/.system_generated/click_feedback/click_feedback_1774119837065.png
 create mode 100644 docs/artifacts/ef946611-af40-43fd-bf86-e6fccc205dca/.system_generated/click_feedback/click_feedback_1774119844169.png
 create mode 100644 docs/artifacts/ef946611-af40-43fd-bf86-e6fccc205dca/.system_generated/click_feedback/click_feedback_1774119857147.png
 create mode 100644 docs/artifacts/ef946611-af40-43fd-bf86-e6fccc205dca/.system_generated/click_feedback/click_feedback_1774119875165.png
 create mode 100644 docs/artifacts/ef946611-af40-43fd-bf86-e6fccc205dca/.system_generated/click_feedback/click_feedback_1774119881936.png
 create mode 100644 docs/artifacts/ef946611-af40-43fd-bf86-e6fccc205dca/.system_generated/click_feedback/click_feedback_1774119890422.png
 create mode 100644 docs/artifacts/ef946611-af40-43fd-bf86-e6fccc205dca/.system_generated/click_feedback/click_feedback_1774119956692.png
 create mode 100644 docs/artifacts/ef946611-af40-43fd-bf86-e6fccc205dca/.system_generated/click_feedback/click_feedback_1774120035839.png
 create mode 100644 docs/artifacts/ef946611-af40-43fd-bf86-e6fccc205dca/.system_generated/click_feedback/click_feedback_1774120043428.png
 create mode 100644 docs/artifacts/ef946611-af40-43fd-bf86-e6fccc205dca/.system_generated/click_feedback/click_feedback_1774120050973.png
 create mode 100644 docs/artifacts/ef946611-af40-43fd-bf86-e6fccc205dca/.system_generated/click_feedback/click_feedback_1774120078533.png
 create mode 100644 docs/artifacts/ef946611-af40-43fd-bf86-e6fccc205dca/.system_generated/click_feedback/click_feedback_1774120131245.png
 create mode 100644 docs/artifacts/ef946611-af40-43fd-bf86-e6fccc205dca/.system_generated/click_feedback/click_feedback_1774120257770.png
 create mode 100644 docs/artifacts/ef946611-af40-43fd-bf86-e6fccc205dca/.system_generated/click_feedback/click_feedback_1774121949590.png
 create mode 100644 docs/artifacts/ef946611-af40-43fd-bf86-e6fccc205dca/.system_generated/click_feedback/click_feedback_1774158294418.png
 create mode 100644 docs/artifacts/ef946611-af40-43fd-bf86-e6fccc205dca/.system_generated/click_feedback/click_feedback_1774158305674.png
 create mode 100644 docs/artifacts/ef946611-af40-43fd-bf86-e6fccc205dca/.tempmediaStorage/dom_1774119724869.txt
 create mode 100644 docs/artifacts/ef946611-af40-43fd-bf86-e6fccc205dca/.tempmediaStorage/dom_1774119734016.txt
 create mode 100644 docs/artifacts/ef946611-af40-43fd-bf86-e6fccc205dca/.tempmediaStorage/dom_1774119748824.txt
 create mode 100644 docs/artifacts/ef946611-af40-43fd-bf86-e6fccc205dca/.tempmediaStorage/dom_1774119755208.txt
 create mode 100644 docs/artifacts/ef946611-af40-43fd-bf86-e6fccc205dca/.tempmediaStorage/dom_1774119761377.txt
 create mode 100644 docs/artifacts/ef946611-af40-43fd-bf86-e6fccc205dca/.tempmediaStorage/dom_1774119769610.txt
 create mode 100644 docs/artifacts/ef946611-af40-43fd-bf86-e6fccc205dca/.tempmediaStorage/dom_1774119776916.txt
 create mode 100644 docs/artifacts/ef946611-af40-43fd-bf86-e6fccc205dca/.tempmediaStorage/dom_1774119784953.txt
 create mode 100644 docs/artifacts/ef946611-af40-43fd-bf86-e6fccc205dca/.tempmediaStorage/dom_1774119793268.txt
 create mode 100644 docs/artifacts/ef946611-af40-43fd-bf86-e6fccc205dca/.tempmediaStorage/dom_1774119800317.txt
 create mode 100644 docs/artifacts/ef946611-af40-43fd-bf86-e6fccc205dca/.tempmediaStorage/dom_1774119809397.txt
 create mode 100644 docs/artifacts/ef946611-af40-43fd-bf86-e6fccc205dca/.tempmediaStorage/dom_1774119817871.txt
 create mode 100644 docs/artifacts/ef946611-af40-43fd-bf86-e6fccc205dca/.tempmediaStorage/dom_1774119825352.txt
 create mode 100644 docs/artifacts/ef946611-af40-43fd-bf86-e6fccc205dca/.tempmediaStorage/dom_1774119832066.txt
 create mode 100644 docs/artifacts/ef946611-af40-43fd-bf86-e6fccc205dca/.tempmediaStorage/dom_1774119838761.txt
 create mode 100644 docs/artifacts/ef946611-af40-43fd-bf86-e6fccc205dca/.tempmediaStorage/dom_1774119845986.txt
 create mode 100644 docs/artifacts/ef946611-af40-43fd-bf86-e6fccc205dca/.tempmediaStorage/dom_1774119852495.txt
 create mode 100644 docs/artifacts/ef946611-af40-43fd-bf86-e6fccc205dca/.tempmediaStorage/dom_1774119858739.txt
 create mode 100644 docs/artifacts/ef946611-af40-43fd-bf86-e6fccc205dca/.tempmediaStorage/dom_1774119864091.txt
 create mode 100644 docs/artifacts/ef946611-af40-43fd-bf86-e6fccc205dca/.tempmediaStorage/dom_1774119870650.txt
 create mode 100644 docs/artifacts/ef946611-af40-43fd-bf86-e6fccc205dca/.tempmediaStorage/dom_1774119876876.txt
 create mode 100644 docs/artifacts/ef946611-af40-43fd-bf86-e6fccc205dca/.tempmediaStorage/dom_1774119883859.txt
 create mode 100644 docs/artifacts/ef946611-af40-43fd-bf86-e6fccc205dca/.tempmediaStorage/dom_1774119892200.txt
 create mode 100644 docs/artifacts/ef946611-af40-43fd-bf86-e6fccc205dca/.tempmediaStorage/dom_1774119899652.txt
 create mode 100644 docs/artifacts/ef946611-af40-43fd-bf86-e6fccc205dca/.tempmediaStorage/dom_1774119907787.txt
 create mode 100644 docs/artifacts/ef946611-af40-43fd-bf86-e6fccc205dca/.tempmediaStorage/dom_1774119914701.txt
 create mode 100644 docs/artifacts/ef946611-af40-43fd-bf86-e6fccc205dca/.tempmediaStorage/dom_1774119921677.txt
 create mode 100644 docs/artifacts/ef946611-af40-43fd-bf86-e6fccc205dca/.tempmediaStorage/dom_1774119927191.txt
 create mode 100644 docs/artifacts/ef946611-af40-43fd-bf86-e6fccc205dca/.tempmediaStorage/dom_1774119927553.txt
 create mode 100644 docs/artifacts/ef946611-af40-43fd-bf86-e6fccc205dca/.tempmediaStorage/dom_1774119934585.txt
 create mode 100644 docs/artifacts/ef946611-af40-43fd-bf86-e6fccc205dca/.tempmediaStorage/dom_1774119943174.txt
 create mode 100644 docs/artifacts/ef946611-af40-43fd-bf86-e6fccc205dca/.tempmediaStorage/dom_1774119949901.txt
 create mode 100644 docs/artifacts/ef946611-af40-43fd-bf86-e6fccc205dca/.tempmediaStorage/dom_1774119958530.txt
 create mode 100644 docs/artifacts/ef946611-af40-43fd-bf86-e6fccc205dca/.tempmediaStorage/dom_1774119964738.txt
 create mode 100644 docs/artifacts/ef946611-af40-43fd-bf86-e6fccc205dca/.tempmediaStorage/dom_1774119991426.txt
 create mode 100644 docs/artifacts/ef946611-af40-43fd-bf86-e6fccc205dca/.tempmediaStorage/dom_1774120000342.txt
 create mode 100644 docs/artifacts/ef946611-af40-43fd-bf86-e6fccc205dca/.tempmediaStorage/dom_1774120008008.txt
 create mode 100644 docs/artifacts/ef946611-af40-43fd-bf86-e6fccc205dca/.tempmediaStorage/dom_1774120015174.txt
 create mode 100644 docs/artifacts/ef946611-af40-43fd-bf86-e6fccc205dca/.tempmediaStorage/dom_1774120022244.txt
 create mode 100644 docs/artifacts/ef946611-af40-43fd-bf86-e6fccc205dca/.tempmediaStorage/dom_1774120029342.txt
 create mode 100644 docs/artifacts/ef946611-af40-43fd-bf86-e6fccc205dca/.tempmediaStorage/dom_1774120037673.txt
 create mode 100644 docs/artifacts/ef946611-af40-43fd-bf86-e6fccc205dca/.tempmediaStorage/dom_1774120045377.txt
 create mode 100644 docs/artifacts/ef946611-af40-43fd-bf86-e6fccc205dca/.tempmediaStorage/dom_1774120053541.txt
 create mode 100644 docs/artifacts/ef946611-af40-43fd-bf86-e6fccc205dca/.tempmediaStorage/dom_1774120060714.txt
 create mode 100644 docs/artifacts/ef946611-af40-43fd-bf86-e6fccc205dca/.tempmediaStorage/dom_1774120066083.txt
 create mode 100644 docs/artifacts/ef946611-af40-43fd-bf86-e6fccc205dca/.tempmediaStorage/dom_1774120073978.txt
 create mode 100644 docs/artifacts/ef946611-af40-43fd-bf86-e6fccc205dca/.tempmediaStorage/dom_1774120080186.txt
 create mode 100644 docs/artifacts/ef946611-af40-43fd-bf86-e6fccc205dca/.tempmediaStorage/dom_1774120084987.txt
 create mode 100644 docs/artifacts/ef946611-af40-43fd-bf86-e6fccc205dca/.tempmediaStorage/dom_1774120093361.txt
 create mode 100644 docs/artifacts/ef946611-af40-43fd-bf86-e6fccc205dca/.tempmediaStorage/dom_1774120101248.txt
 create mode 100644 docs/artifacts/ef946611-af40-43fd-bf86-e6fccc205dca/.tempmediaStorage/dom_1774120119482.txt
 create mode 100644 docs/artifacts/ef946611-af40-43fd-bf86-e6fccc205dca/.tempmediaStorage/dom_1774120126278.txt
 create mode 100644 docs/artifacts/ef946611-af40-43fd-bf86-e6fccc205dca/.tempmediaStorage/dom_1774120132992.txt
 create mode 100644 docs/artifacts/ef946611-af40-43fd-bf86-e6fccc205dca/.tempmediaStorage/dom_1774120142328.txt
 create mode 100644 docs/artifacts/ef946611-af40-43fd-bf86-e6fccc205dca/.tempmediaStorage/dom_1774120149232.txt
 create mode 100644 docs/artifacts/ef946611-af40-43fd-bf86-e6fccc205dca/.tempmediaStorage/dom_1774120155661.txt
 create mode 100644 docs/artifacts/ef946611-af40-43fd-bf86-e6fccc205dca/.tempmediaStorage/dom_1774120161970.txt
 create mode 100644 docs/artifacts/ef946611-af40-43fd-bf86-e6fccc205dca/.tempmediaStorage/dom_1774120168621.txt
 create mode 100644 docs/artifacts/ef946611-af40-43fd-bf86-e6fccc205dca/.tempmediaStorage/dom_1774120175742.txt
 create mode 100644 docs/artifacts/ef946611-af40-43fd-bf86-e6fccc205dca/.tempmediaStorage/dom_1774120181933.txt
 create mode 100644 docs/artifacts/ef946611-af40-43fd-bf86-e6fccc205dca/.tempmediaStorage/dom_1774120188470.txt
 create mode 100644 docs/artifacts/ef946611-af40-43fd-bf86-e6fccc205dca/.tempmediaStorage/dom_1774120194585.txt
 create mode 100644 docs/artifacts/ef946611-af40-43fd-bf86-e6fccc205dca/.tempmediaStorage/dom_1774120201862.txt
 create mode 100644 docs/artifacts/ef946611-af40-43fd-bf86-e6fccc205dca/.tempmediaStorage/dom_1774120209499.txt
 create mode 100644 docs/artifacts/ef946611-af40-43fd-bf86-e6fccc205dca/.tempmediaStorage/dom_1774120215805.txt
 create mode 100644 docs/artifacts/ef946611-af40-43fd-bf86-e6fccc205dca/.tempmediaStorage/dom_1774120222152.txt
 create mode 100644 docs/artifacts/ef946611-af40-43fd-bf86-e6fccc205dca/.tempmediaStorage/dom_1774120229890.txt
 create mode 100644 docs/artifacts/ef946611-af40-43fd-bf86-e6fccc205dca/.tempmediaStorage/dom_1774120236120.txt
 create mode 100644 docs/artifacts/ef946611-af40-43fd-bf86-e6fccc205dca/.tempmediaStorage/dom_1774120243084.txt
 create mode 100644 docs/artifacts/ef946611-af40-43fd-bf86-e6fccc205dca/.tempmediaStorage/dom_1774120251985.txt
 create mode 100644 docs/artifacts/ef946611-af40-43fd-bf86-e6fccc205dca/.tempmediaStorage/dom_1774120266241.txt
 create mode 100644 docs/artifacts/ef946611-af40-43fd-bf86-e6fccc205dca/.tempmediaStorage/dom_1774120273648.txt
 create mode 100644 docs/artifacts/ef946611-af40-43fd-bf86-e6fccc205dca/.tempmediaStorage/dom_1774120281925.txt
 create mode 100644 docs/artifacts/ef946611-af40-43fd-bf86-e6fccc205dca/.tempmediaStorage/dom_1774120292034.txt
 create mode 100644 docs/artifacts/ef946611-af40-43fd-bf86-e6fccc205dca/.tempmediaStorage/dom_1774120421374.txt
 create mode 100644 docs/artifacts/ef946611-af40-43fd-bf86-e6fccc205dca/.tempmediaStorage/dom_1774120421577.txt
 create mode 100644 docs/artifacts/ef946611-af40-43fd-bf86-e6fccc205dca/.tempmediaStorage/dom_1774120429514.txt
 create mode 100644 docs/artifacts/ef946611-af40-43fd-bf86-e6fccc205dca/.tempmediaStorage/dom_1774120434081.txt
 create mode 100644 docs/artifacts/ef946611-af40-43fd-bf86-e6fccc205dca/.tempmediaStorage/dom_1774120462708.txt
 create mode 100644 docs/artifacts/ef946611-af40-43fd-bf86-e6fccc205dca/.tempmediaStorage/dom_1774120472892.txt
 create mode 100644 docs/artifacts/ef946611-af40-43fd-bf86-e6fccc205dca/.tempmediaStorage/dom_1774120479676.txt
 create mode 100644 docs/artifacts/ef946611-af40-43fd-bf86-e6fccc205dca/.tempmediaStorage/dom_1774120480220.txt
 create mode 100644 docs/artifacts/ef946611-af40-43fd-bf86-e6fccc205dca/.tempmediaStorage/dom_1774120500187.txt
 create mode 100644 docs/artifacts/ef946611-af40-43fd-bf86-e6fccc205dca/.tempmediaStorage/dom_1774120510574.txt
 create mode 100644 docs/artifacts/ef946611-af40-43fd-bf86-e6fccc205dca/.tempmediaStorage/dom_1774120517523.txt
 create mode 100644 docs/artifacts/ef946611-af40-43fd-bf86-e6fccc205dca/.tempmediaStorage/dom_1774120561147.txt
 create mode 100644 docs/artifacts/ef946611-af40-43fd-bf86-e6fccc205dca/.tempmediaStorage/dom_1774120565216.txt
 create mode 100644 docs/artifacts/ef946611-af40-43fd-bf86-e6fccc205dca/.tempmediaStorage/dom_1774120576449.txt
 create mode 100644 docs/artifacts/ef946611-af40-43fd-bf86-e6fccc205dca/.tempmediaStorage/dom_1774120585368.txt
 create mode 100644 docs/artifacts/ef946611-af40-43fd-bf86-e6fccc205dca/.tempmediaStorage/dom_1774120617788.txt
 create mode 100644 docs/artifacts/ef946611-af40-43fd-bf86-e6fccc205dca/.tempmediaStorage/dom_1774120697767.txt
 create mode 100644 docs/artifacts/ef946611-af40-43fd-bf86-e6fccc205dca/.tempmediaStorage/dom_1774120709236.txt
 create mode 100644 docs/artifacts/ef946611-af40-43fd-bf86-e6fccc205dca/.tempmediaStorage/dom_1774120719229.txt
 create mode 100644 docs/artifacts/ef946611-af40-43fd-bf86-e6fccc205dca/.tempmediaStorage/dom_1774120728235.txt
 create mode 100644 docs/artifacts/ef946611-af40-43fd-bf86-e6fccc205dca/.tempmediaStorage/dom_1774120754230.txt
 create mode 100644 docs/artifacts/ef946611-af40-43fd-bf86-e6fccc205dca/.tempmediaStorage/dom_1774120768789.txt
 create mode 100644 docs/artifacts/ef946611-af40-43fd-bf86-e6fccc205dca/.tempmediaStorage/dom_1774121314492.txt
 create mode 100644 docs/artifacts/ef946611-af40-43fd-bf86-e6fccc205dca/.tempmediaStorage/dom_1774121314522.txt
 create mode 100644 docs/artifacts/ef946611-af40-43fd-bf86-e6fccc205dca/.tempmediaStorage/dom_1774121321636.txt
 create mode 100644 docs/artifacts/ef946611-af40-43fd-bf86-e6fccc205dca/.tempmediaStorage/dom_1774121327928.txt
 create mode 100644 docs/artifacts/ef946611-af40-43fd-bf86-e6fccc205dca/.tempmediaStorage/dom_1774121336785.txt
 create mode 100644 docs/artifacts/ef946611-af40-43fd-bf86-e6fccc205dca/.tempmediaStorage/dom_1774121681019.txt
 create mode 100644 docs/artifacts/ef946611-af40-43fd-bf86-e6fccc205dca/.tempmediaStorage/dom_1774121684986.txt
 create mode 100644 docs/artifacts/ef946611-af40-43fd-bf86-e6fccc205dca/.tempmediaStorage/dom_1774121689026.txt
 create mode 100644 docs/artifacts/ef946611-af40-43fd-bf86-e6fccc205dca/.tempmediaStorage/dom_1774121723695.txt
 create mode 100644 docs/artifacts/ef946611-af40-43fd-bf86-e6fccc205dca/.tempmediaStorage/dom_1774121758739.txt
 create mode 100644 docs/artifacts/ef946611-af40-43fd-bf86-e6fccc205dca/.tempmediaStorage/dom_1774121764129.txt
 create mode 100644 docs/artifacts/ef946611-af40-43fd-bf86-e6fccc205dca/.tempmediaStorage/dom_1774121799155.txt
 create mode 100644 docs/artifacts/ef946611-af40-43fd-bf86-e6fccc205dca/.tempmediaStorage/dom_1774121806508.txt
 create mode 100644 docs/artifacts/ef946611-af40-43fd-bf86-e6fccc205dca/.tempmediaStorage/dom_1774121811403.txt
 create mode 100644 docs/artifacts/ef946611-af40-43fd-bf86-e6fccc205dca/.tempmediaStorage/dom_1774121819619.txt
 create mode 100644 docs/artifacts/ef946611-af40-43fd-bf86-e6fccc205dca/.tempmediaStorage/dom_1774121828390.txt
 create mode 100644 docs/artifacts/ef946611-af40-43fd-bf86-e6fccc205dca/.tempmediaStorage/dom_1774121832632.txt
 create mode 100644 docs/artifacts/ef946611-af40-43fd-bf86-e6fccc205dca/.tempmediaStorage/dom_1774121838059.txt
 create mode 100644 docs/artifacts/ef946611-af40-43fd-bf86-e6fccc205dca/.tempmediaStorage/dom_1774121845257.txt
 create mode 100644 docs/artifacts/ef946611-af40-43fd-bf86-e6fccc205dca/.tempmediaStorage/dom_1774121849540.txt
 create mode 100644 docs/artifacts/ef946611-af40-43fd-bf86-e6fccc205dca/.tempmediaStorage/dom_1774121854407.txt
 create mode 100644 docs/artifacts/ef946611-af40-43fd-bf86-e6fccc205dca/.tempmediaStorage/dom_1774121854620.txt
 create mode 100644 docs/artifacts/ef946611-af40-43fd-bf86-e6fccc205dca/.tempmediaStorage/dom_1774121861793.txt
 create mode 100644 docs/artifacts/ef946611-af40-43fd-bf86-e6fccc205dca/.tempmediaStorage/dom_1774121869437.txt
 create mode 100644 docs/artifacts/ef946611-af40-43fd-bf86-e6fccc205dca/.tempmediaStorage/dom_1774121875408.txt
 create mode 100644 docs/artifacts/ef946611-af40-43fd-bf86-e6fccc205dca/.tempmediaStorage/dom_1774121888285.txt
 create mode 100644 docs/artifacts/ef946611-af40-43fd-bf86-e6fccc205dca/.tempmediaStorage/dom_1774121894854.txt
 create mode 100644 docs/artifacts/ef946611-af40-43fd-bf86-e6fccc205dca/.tempmediaStorage/dom_1774121901797.txt
 create mode 100644 docs/artifacts/ef946611-af40-43fd-bf86-e6fccc205dca/.tempmediaStorage/dom_1774121907770.txt
 create mode 100644 docs/artifacts/ef946611-af40-43fd-bf86-e6fccc205dca/.tempmediaStorage/dom_1774121915156.txt
 create mode 100644 docs/artifacts/ef946611-af40-43fd-bf86-e6fccc205dca/.tempmediaStorage/dom_1774121922481.txt
 create mode 100644 docs/artifacts/ef946611-af40-43fd-bf86-e6fccc205dca/.tempmediaStorage/dom_1774121931073.txt
 create mode 100644 docs/artifacts/ef946611-af40-43fd-bf86-e6fccc205dca/.tempmediaStorage/dom_1774121937869.txt
 create mode 100644 docs/artifacts/ef946611-af40-43fd-bf86-e6fccc205dca/.tempmediaStorage/dom_1774121943307.txt
 create mode 100644 docs/artifacts/ef946611-af40-43fd-bf86-e6fccc205dca/.tempmediaStorage/dom_1774121951207.txt
 create mode 100644 docs/artifacts/ef946611-af40-43fd-bf86-e6fccc205dca/.tempmediaStorage/dom_1774121959895.txt
 create mode 100644 docs/artifacts/ef946611-af40-43fd-bf86-e6fccc205dca/.tempmediaStorage/dom_1774121967821.txt
 create mode 100644 docs/artifacts/ef946611-af40-43fd-bf86-e6fccc205dca/.tempmediaStorage/dom_1774121975134.txt
 create mode 100644 docs/artifacts/ef946611-af40-43fd-bf86-e6fccc205dca/.tempmediaStorage/dom_1774121981324.txt
 create mode 100644 docs/artifacts/ef946611-af40-43fd-bf86-e6fccc205dca/.tempmediaStorage/dom_1774121993226.txt
 create mode 100644 docs/artifacts/ef946611-af40-43fd-bf86-e6fccc205dca/.tempmediaStorage/dom_1774122059383.txt
 create mode 100644 docs/artifacts/ef946611-af40-43fd-bf86-e6fccc205dca/.tempmediaStorage/dom_1774122065313.txt
 create mode 100644 docs/artifacts/ef946611-af40-43fd-bf86-e6fccc205dca/.tempmediaStorage/dom_1774122071830.txt
 create mode 100644 docs/artifacts/ef946611-af40-43fd-bf86-e6fccc205dca/.tempmediaStorage/dom_1774122124849.txt
 create mode 100644 docs/artifacts/ef946611-af40-43fd-bf86-e6fccc205dca/.tempmediaStorage/dom_1774122132923.txt
 create mode 100644 docs/artifacts/ef946611-af40-43fd-bf86-e6fccc205dca/.tempmediaStorage/dom_1774122133145.txt
 create mode 100644 docs/artifacts/ef946611-af40-43fd-bf86-e6fccc205dca/.tempmediaStorage/dom_1774122152968.txt
 create mode 100644 docs/artifacts/ef946611-af40-43fd-bf86-e6fccc205dca/.tempmediaStorage/dom_1774122159337.txt
 create mode 100644 docs/artifacts/ef946611-af40-43fd-bf86-e6fccc205dca/.tempmediaStorage/dom_1774122179162.txt
 create mode 100644 docs/artifacts/ef946611-af40-43fd-bf86-e6fccc205dca/.tempmediaStorage/dom_1774122186696.txt
 create mode 100644 docs/artifacts/ef946611-af40-43fd-bf86-e6fccc205dca/.tempmediaStorage/dom_1774122194036.txt
 create mode 100644 docs/artifacts/ef946611-af40-43fd-bf86-e6fccc205dca/.tempmediaStorage/dom_1774122200060.txt
 create mode 100644 docs/artifacts/ef946611-af40-43fd-bf86-e6fccc205dca/.tempmediaStorage/dom_1774122204955.txt
 create mode 100644 docs/artifacts/ef946611-af40-43fd-bf86-e6fccc205dca/.tempmediaStorage/dom_1774122214660.txt
 create mode 100644 docs/artifacts/ef946611-af40-43fd-bf86-e6fccc205dca/.tempmediaStorage/dom_1774122222036.txt
 create mode 100644 docs/artifacts/ef946611-af40-43fd-bf86-e6fccc205dca/.tempmediaStorage/dom_1774122230104.txt
 create mode 100644 docs/artifacts/ef946611-af40-43fd-bf86-e6fccc205dca/.tempmediaStorage/dom_1774122242239.txt
 create mode 100644 docs/artifacts/ef946611-af40-43fd-bf86-e6fccc205dca/.tempmediaStorage/dom_1774122251138.txt
 create mode 100644 docs/artifacts/ef946611-af40-43fd-bf86-e6fccc205dca/.tempmediaStorage/dom_1774122259560.txt
 create mode 100644 docs/artifacts/ef946611-af40-43fd-bf86-e6fccc205dca/.tempmediaStorage/dom_1774122270166.txt
 create mode 100644 docs/artifacts/ef946611-af40-43fd-bf86-e6fccc205dca/.tempmediaStorage/dom_1774122275669.txt
 create mode 100644 docs/artifacts/ef946611-af40-43fd-bf86-e6fccc205dca/.tempmediaStorage/dom_1774122288416.txt
 create mode 100644 docs/artifacts/ef946611-af40-43fd-bf86-e6fccc205dca/.tempmediaStorage/dom_1774122297170.txt
 create mode 100644 docs/artifacts/ef946611-af40-43fd-bf86-e6fccc205dca/.tempmediaStorage/dom_1774122307625.txt
 create mode 100644 docs/artifacts/ef946611-af40-43fd-bf86-e6fccc205dca/.tempmediaStorage/dom_1774123139887.txt
 create mode 100644 docs/artifacts/ef946611-af40-43fd-bf86-e6fccc205dca/.tempmediaStorage/dom_1774157912071.txt
 create mode 100644 docs/artifacts/ef946611-af40-43fd-bf86-e6fccc205dca/.tempmediaStorage/dom_1774158014759.txt
 create mode 100644 docs/artifacts/ef946611-af40-43fd-bf86-e6fccc205dca/.tempmediaStorage/dom_1774158019315.txt
 create mode 100644 docs/artifacts/ef946611-af40-43fd-bf86-e6fccc205dca/.tempmediaStorage/dom_1774158024082.txt
 create mode 100644 docs/artifacts/ef946611-af40-43fd-bf86-e6fccc205dca/.tempmediaStorage/dom_1774158028454.txt
 create mode 100644 docs/artifacts/ef946611-af40-43fd-bf86-e6fccc205dca/.tempmediaStorage/dom_1774158032780.txt
 create mode 100644 docs/artifacts/ef946611-af40-43fd-bf86-e6fccc205dca/.tempmediaStorage/dom_1774158037841.txt
 create mode 100644 docs/artifacts/ef946611-af40-43fd-bf86-e6fccc205dca/.tempmediaStorage/dom_1774158043510.txt
 create mode 100644 docs/artifacts/ef946611-af40-43fd-bf86-e6fccc205dca/.tempmediaStorage/dom_1774158052094.txt
 create mode 100644 docs/artifacts/ef946611-af40-43fd-bf86-e6fccc205dca/.tempmediaStorage/dom_1774158052253.txt
 create mode 100644 docs/artifacts/ef946611-af40-43fd-bf86-e6fccc205dca/.tempmediaStorage/dom_1774158058010.txt
 create mode 100644 docs/artifacts/ef946611-af40-43fd-bf86-e6fccc205dca/.tempmediaStorage/dom_1774158063944.txt
 create mode 100644 docs/artifacts/ef946611-af40-43fd-bf86-e6fccc205dca/.tempmediaStorage/dom_1774158070848.txt
 create mode 100644 docs/artifacts/ef946611-af40-43fd-bf86-e6fccc205dca/.tempmediaStorage/dom_1774158071021.txt
 create mode 100644 docs/artifacts/ef946611-af40-43fd-bf86-e6fccc205dca/.tempmediaStorage/dom_1774158282784.txt
 create mode 100644 docs/artifacts/ef946611-af40-43fd-bf86-e6fccc205dca/.tempmediaStorage/dom_1774158288468.txt
 create mode 100644 docs/artifacts/ef946611-af40-43fd-bf86-e6fccc205dca/.tempmediaStorage/dom_1774158296040.txt
 create mode 100644 docs/artifacts/ef946611-af40-43fd-bf86-e6fccc205dca/.tempmediaStorage/dom_1774158300986.txt
 create mode 100644 docs/artifacts/ef946611-af40-43fd-bf86-e6fccc205dca/.tempmediaStorage/dom_1774158301258.txt
 create mode 100644 docs/artifacts/ef946611-af40-43fd-bf86-e6fccc205dca/.tempmediaStorage/dom_1774158307225.txt
 create mode 100644 docs/artifacts/ef946611-af40-43fd-bf86-e6fccc205dca/.tempmediaStorage/dom_1774158311206.txt
 create mode 100644 docs/artifacts/ef946611-af40-43fd-bf86-e6fccc205dca/.tempmediaStorage/dom_1774158317717.txt
 create mode 100644 docs/artifacts/ef946611-af40-43fd-bf86-e6fccc205dca/.tempmediaStorage/dom_1774158324230.txt
 create mode 100644 docs/artifacts/ef946611-af40-43fd-bf86-e6fccc205dca/.tempmediaStorage/dom_1774158329418.txt
 create mode 100644 docs/artifacts/ef946611-af40-43fd-bf86-e6fccc205dca/.tempmediaStorage/dom_1774158338399.txt
 create mode 100644 docs/artifacts/ef946611-af40-43fd-bf86-e6fccc205dca/.tempmediaStorage/dom_1774158347211.txt
 create mode 100644 docs/artifacts/ef946611-af40-43fd-bf86-e6fccc205dca/.tempmediaStorage/dom_1774159165529.txt
 create mode 100644 docs/artifacts/ef946611-af40-43fd-bf86-e6fccc205dca/.tempmediaStorage/dom_1774159190627.txt
 create mode 100644 docs/artifacts/ef946611-af40-43fd-bf86-e6fccc205dca/.tempmediaStorage/dom_1774159200157.txt
 create mode 100644 docs/artifacts/ef946611-af40-43fd-bf86-e6fccc205dca/.tempmediaStorage/dom_1774159244151.txt
 create mode 100644 docs/artifacts/ef946611-af40-43fd-bf86-e6fccc205dca/.tempmediaStorage/dom_1774159244236.txt
 create mode 100644 docs/artifacts/ef946611-af40-43fd-bf86-e6fccc205dca/.tempmediaStorage/dom_1774159250587.txt
 create mode 100644 docs/artifacts/ef946611-af40-43fd-bf86-e6fccc205dca/.tempmediaStorage/dom_1774159257196.txt
 create mode 100644 docs/artifacts/ef946611-af40-43fd-bf86-e6fccc205dca/.tempmediaStorage/dom_1774159257322.txt
 create mode 100644 docs/artifacts/ef946611-af40-43fd-bf86-e6fccc205dca/.tempmediaStorage/dom_1774159264192.txt
 create mode 100644 docs/artifacts/ef946611-af40-43fd-bf86-e6fccc205dca/.tempmediaStorage/dom_1774159264283.txt
 create mode 100644 docs/artifacts/ef946611-af40-43fd-bf86-e6fccc205dca/.tempmediaStorage/dom_1774159272703.txt
 create mode 100644 docs/artifacts/ef946611-af40-43fd-bf86-e6fccc205dca/.tempmediaStorage/dom_1774159281045.txt
 create mode 100644 docs/artifacts/ef946611-af40-43fd-bf86-e6fccc205dca/.tempmediaStorage/dom_1774159810952.txt
 create mode 100644 docs/artifacts/ef946611-af40-43fd-bf86-e6fccc205dca/.tempmediaStorage/dom_1774159816488.txt
 create mode 100644 docs/artifacts/ef946611-af40-43fd-bf86-e6fccc205dca/.tempmediaStorage/dom_1774159820851.txt
 create mode 100644 docs/artifacts/ef946611-af40-43fd-bf86-e6fccc205dca/.tempmediaStorage/dom_1774159826272.txt
 create mode 100644 docs/artifacts/ef946611-af40-43fd-bf86-e6fccc205dca/.tempmediaStorage/dom_1774159832007.txt
 create mode 100644 docs/artifacts/ef946611-af40-43fd-bf86-e6fccc205dca/.tempmediaStorage/dom_1774159839914.txt
 create mode 100644 docs/artifacts/ef946611-af40-43fd-bf86-e6fccc205dca/.tempmediaStorage/dom_1774159846791.txt
 create mode 100644 docs/artifacts/ef946611-af40-43fd-bf86-e6fccc205dca/.tempmediaStorage/dom_1774159852137.txt
 create mode 100644 docs/artifacts/ef946611-af40-43fd-bf86-e6fccc205dca/.tempmediaStorage/dom_1774159857348.txt
 create mode 100644 docs/artifacts/ef946611-af40-43fd-bf86-e6fccc205dca/.tempmediaStorage/dom_1774159867018.txt
 create mode 100644 docs/artifacts/ef946611-af40-43fd-bf86-e6fccc205dca/.tempmediaStorage/dom_1774159871170.txt
 create mode 100644 docs/artifacts/ef946611-af40-43fd-bf86-e6fccc205dca/.tempmediaStorage/dom_1774159878787.txt
 create mode 100644 docs/artifacts/ef946611-af40-43fd-bf86-e6fccc205dca/.tempmediaStorage/dom_1774159886025.txt
 create mode 100644 docs/artifacts/ef946611-af40-43fd-bf86-e6fccc205dca/.tempmediaStorage/dom_1774159894098.txt
 create mode 100644 docs/artifacts/ef946611-af40-43fd-bf86-e6fccc205dca/.tempmediaStorage/dom_1774159899191.txt
 create mode 100644 docs/artifacts/ef946611-af40-43fd-bf86-e6fccc205dca/.tempmediaStorage/dom_1774159906160.txt
 create mode 100644 docs/artifacts/ef946611-af40-43fd-bf86-e6fccc205dca/.tempmediaStorage/dom_1774159912500.txt
 create mode 100644 docs/artifacts/ef946611-af40-43fd-bf86-e6fccc205dca/.tempmediaStorage/dom_1774159919011.txt
 create mode 100644 docs/artifacts/ef946611-af40-43fd-bf86-e6fccc205dca/.tempmediaStorage/dom_1774159927938.txt
 create mode 100644 docs/artifacts/ef946611-af40-43fd-bf86-e6fccc205dca/.tempmediaStorage/dom_1774160063477.txt
 create mode 100644 docs/artifacts/ef946611-af40-43fd-bf86-e6fccc205dca/.tempmediaStorage/dom_1774160072187.txt
 create mode 100644 docs/artifacts/ef946611-af40-43fd-bf86-e6fccc205dca/.tempmediaStorage/dom_1774160080957.txt
 create mode 100644 docs/artifacts/ef946611-af40-43fd-bf86-e6fccc205dca/.tempmediaStorage/dom_1774160097578.txt
 create mode 100644 docs/artifacts/ef946611-af40-43fd-bf86-e6fccc205dca/.tempmediaStorage/dom_1774160234065.txt
 create mode 100644 docs/artifacts/ef946611-af40-43fd-bf86-e6fccc205dca/.tempmediaStorage/dom_1774160240171.txt
 create mode 100644 docs/artifacts/ef946611-af40-43fd-bf86-e6fccc205dca/.tempmediaStorage/dom_1774160244883.txt
 create mode 100644 docs/artifacts/ef946611-af40-43fd-bf86-e6fccc205dca/.tempmediaStorage/dom_1774160245169.txt
 create mode 100644 docs/artifacts/ef946611-af40-43fd-bf86-e6fccc205dca/.tempmediaStorage/dom_1774160249723.txt
 create mode 100644 docs/artifacts/ef946611-af40-43fd-bf86-e6fccc205dca/.tempmediaStorage/dom_1774161360822.txt
 create mode 100644 docs/artifacts/ef946611-af40-43fd-bf86-e6fccc205dca/.tempmediaStorage/media_ef946611-af40-43fd-bf86-e6fccc205dca_1774119711468.png
 create mode 100644 docs/artifacts/ef946611-af40-43fd-bf86-e6fccc205dca/.tempmediaStorage/media_ef946611-af40-43fd-bf86-e6fccc205dca_1774119724868.png
 create mode 100644 docs/artifacts/ef946611-af40-43fd-bf86-e6fccc205dca/.tempmediaStorage/media_ef946611-af40-43fd-bf86-e6fccc205dca_1774119734157.png
 create mode 100644 docs/artifacts/ef946611-af40-43fd-bf86-e6fccc205dca/.tempmediaStorage/media_ef946611-af40-43fd-bf86-e6fccc205dca_1774119748979.png
 create mode 100644 docs/artifacts/ef946611-af40-43fd-bf86-e6fccc205dca/.tempmediaStorage/media_ef946611-af40-43fd-bf86-e6fccc205dca_1774119755365.png
 create mode 100644 docs/artifacts/ef946611-af40-43fd-bf86-e6fccc205dca/.tempmediaStorage/media_ef946611-af40-43fd-bf86-e6fccc205dca_1774119761502.png
 create mode 100644 docs/artifacts/ef946611-af40-43fd-bf86-e6fccc205dca/.tempmediaStorage/media_ef946611-af40-43fd-bf86-e6fccc205dca_1774119769747.png
 create mode 100644 docs/artifacts/ef946611-af40-43fd-bf86-e6fccc205dca/.tempmediaStorage/media_ef946611-af40-43fd-bf86-e6fccc205dca_1774119776915.png
 create mode 100644 docs/artifacts/ef946611-af40-43fd-bf86-e6fccc205dca/.tempmediaStorage/media_ef946611-af40-43fd-bf86-e6fccc205dca_1774119785080.png
 create mode 100644 docs/artifacts/ef946611-af40-43fd-bf86-e6fccc205dca/.tempmediaStorage/media_ef946611-af40-43fd-bf86-e6fccc205dca_1774119793363.png
 create mode 100644 docs/artifacts/ef946611-af40-43fd-bf86-e6fccc205dca/.tempmediaStorage/media_ef946611-af40-43fd-bf86-e6fccc205dca_1774119800424.png
 create mode 100644 docs/artifacts/ef946611-af40-43fd-bf86-e6fccc205dca/.tempmediaStorage/media_ef946611-af40-43fd-bf86-e6fccc205dca_1774119809557.png
 create mode 100644 docs/artifacts/ef946611-af40-43fd-bf86-e6fccc205dca/.tempmediaStorage/media_ef946611-af40-43fd-bf86-e6fccc205dca_1774119817953.png
 create mode 100644 docs/artifacts/ef946611-af40-43fd-bf86-e6fccc205dca/.tempmediaStorage/media_ef946611-af40-43fd-bf86-e6fccc205dca_1774119825452.png
 create mode 100644 docs/artifacts/ef946611-af40-43fd-bf86-e6fccc205dca/.tempmediaStorage/media_ef946611-af40-43fd-bf86-e6fccc205dca_1774119832148.png
 create mode 100644 docs/artifacts/ef946611-af40-43fd-bf86-e6fccc205dca/.tempmediaStorage/media_ef946611-af40-43fd-bf86-e6fccc205dca_1774119838824.png
 create mode 100644 docs/artifacts/ef946611-af40-43fd-bf86-e6fccc205dca/.tempmediaStorage/media_ef946611-af40-43fd-bf86-e6fccc205dca_1774119845962.png
 create mode 100644 docs/artifacts/ef946611-af40-43fd-bf86-e6fccc205dca/.tempmediaStorage/media_ef946611-af40-43fd-bf86-e6fccc205dca_1774119852598.png
 create mode 100644 docs/artifacts/ef946611-af40-43fd-bf86-e6fccc205dca/.tempmediaStorage/media_ef946611-af40-43fd-bf86-e6fccc205dca_1774119858821.png
 create mode 100644 docs/artifacts/ef946611-af40-43fd-bf86-e6fccc205dca/.tempmediaStorage/media_ef946611-af40-43fd-bf86-e6fccc205dca_1774119864180.png
 create mode 100644 docs/artifacts/ef946611-af40-43fd-bf86-e6fccc205dca/.tempmediaStorage/media_ef946611-af40-43fd-bf86-e6fccc205dca_1774119870771.png
 create mode 100644 docs/artifacts/ef946611-af40-43fd-bf86-e6fccc205dca/.tempmediaStorage/media_ef946611-af40-43fd-bf86-e6fccc205dca_1774119876991.png
 create mode 100644 docs/artifacts/ef946611-af40-43fd-bf86-e6fccc205dca/.tempmediaStorage/media_ef946611-af40-43fd-bf86-e6fccc205dca_1774119883932.png
 create mode 100644 docs/artifacts/ef946611-af40-43fd-bf86-e6fccc205dca/.tempmediaStorage/media_ef946611-af40-43fd-bf86-e6fccc205dca_1774119892200.png
 create mode 100644 docs/artifacts/ef946611-af40-43fd-bf86-e6fccc205dca/.tempmediaStorage/media_ef946611-af40-43fd-bf86-e6fccc205dca_1774119899737.png
 create mode 100644 docs/artifacts/ef946611-af40-43fd-bf86-e6fccc205dca/.tempmediaStorage/media_ef946611-af40-43fd-bf86-e6fccc205dca_1774119907879.png
 create mode 100644 docs/artifacts/ef946611-af40-43fd-bf86-e6fccc205dca/.tempmediaStorage/media_ef946611-af40-43fd-bf86-e6fccc205dca_1774119914801.png
 create mode 100644 docs/artifacts/ef946611-af40-43fd-bf86-e6fccc205dca/.tempmediaStorage/media_ef946611-af40-43fd-bf86-e6fccc205dca_1774119921677.png
 create mode 100644 docs/artifacts/ef946611-af40-43fd-bf86-e6fccc205dca/.tempmediaStorage/media_ef946611-af40-43fd-bf86-e6fccc205dca_1774119927650.png
 create mode 100644 docs/artifacts/ef946611-af40-43fd-bf86-e6fccc205dca/.tempmediaStorage/media_ef946611-af40-43fd-bf86-e6fccc205dca_1774119934667.png
 create mode 100644 docs/artifacts/ef946611-af40-43fd-bf86-e6fccc205dca/.tempmediaStorage/media_ef946611-af40-43fd-bf86-e6fccc205dca_1774119943106.png
 create mode 100644 docs/artifacts/ef946611-af40-43fd-bf86-e6fccc205dca/.tempmediaStorage/media_ef946611-af40-43fd-bf86-e6fccc205dca_1774119950063.png
 create mode 100644 docs/artifacts/ef946611-af40-43fd-bf86-e6fccc205dca/.tempmediaStorage/media_ef946611-af40-43fd-bf86-e6fccc205dca_1774119958647.png
 create mode 100644 docs/artifacts/ef946611-af40-43fd-bf86-e6fccc205dca/.tempmediaStorage/media_ef946611-af40-43fd-bf86-e6fccc205dca_1774119964845.png
 create mode 100644 docs/artifacts/ef946611-af40-43fd-bf86-e6fccc205dca/.tempmediaStorage/media_ef946611-af40-43fd-bf86-e6fccc205dca_1774119991601.png
 create mode 100644 docs/artifacts/ef946611-af40-43fd-bf86-e6fccc205dca/.tempmediaStorage/media_ef946611-af40-43fd-bf86-e6fccc205dca_1774120000487.png
 create mode 100644 docs/artifacts/ef946611-af40-43fd-bf86-e6fccc205dca/.tempmediaStorage/media_ef946611-af40-43fd-bf86-e6fccc205dca_1774120008165.png
 create mode 100644 docs/artifacts/ef946611-af40-43fd-bf86-e6fccc205dca/.tempmediaStorage/media_ef946611-af40-43fd-bf86-e6fccc205dca_1774120015311.png
 create mode 100644 docs/artifacts/ef946611-af40-43fd-bf86-e6fccc205dca/.tempmediaStorage/media_ef946611-af40-43fd-bf86-e6fccc205dca_1774120022407.png
 create mode 100644 docs/artifacts/ef946611-af40-43fd-bf86-e6fccc205dca/.tempmediaStorage/media_ef946611-af40-43fd-bf86-e6fccc205dca_1774120029495.png
 create mode 100644 docs/artifacts/ef946611-af40-43fd-bf86-e6fccc205dca/.tempmediaStorage/media_ef946611-af40-43fd-bf86-e6fccc205dca_1774120037775.png
 create mode 100644 docs/artifacts/ef946611-af40-43fd-bf86-e6fccc205dca/.tempmediaStorage/media_ef946611-af40-43fd-bf86-e6fccc205dca_1774120045460.png
 create mode 100644 docs/artifacts/ef946611-af40-43fd-bf86-e6fccc205dca/.tempmediaStorage/media_ef946611-af40-43fd-bf86-e6fccc205dca_1774120053682.png
 create mode 100644 docs/artifacts/ef946611-af40-43fd-bf86-e6fccc205dca/.tempmediaStorage/media_ef946611-af40-43fd-bf86-e6fccc205dca_1774120060762.png
 create mode 100644 docs/artifacts/ef946611-af40-43fd-bf86-e6fccc205dca/.tempmediaStorage/media_ef946611-af40-43fd-bf86-e6fccc205dca_1774120066162.png
 create mode 100644 docs/artifacts/ef946611-af40-43fd-bf86-e6fccc205dca/.tempmediaStorage/media_ef946611-af40-43fd-bf86-e6fccc205dca_1774120074061.png
 create mode 100644 docs/artifacts/ef946611-af40-43fd-bf86-e6fccc205dca/.tempmediaStorage/media_ef946611-af40-43fd-bf86-e6fccc205dca_1774120080314.png
 create mode 100644 docs/artifacts/ef946611-af40-43fd-bf86-e6fccc205dca/.tempmediaStorage/media_ef946611-af40-43fd-bf86-e6fccc205dca_1774120085098.png
 create mode 100644 docs/artifacts/ef946611-af40-43fd-bf86-e6fccc205dca/.tempmediaStorage/media_ef946611-af40-43fd-bf86-e6fccc205dca_1774120093521.png
 create mode 100644 docs/artifacts/ef946611-af40-43fd-bf86-e6fccc205dca/.tempmediaStorage/media_ef946611-af40-43fd-bf86-e6fccc205dca_1774120101480.png
 create mode 100644 docs/artifacts/ef946611-af40-43fd-bf86-e6fccc205dca/.tempmediaStorage/media_ef946611-af40-43fd-bf86-e6fccc205dca_1774120119603.png
 create mode 100644 docs/artifacts/ef946611-af40-43fd-bf86-e6fccc205dca/.tempmediaStorage/media_ef946611-af40-43fd-bf86-e6fccc205dca_1774120126457.png
 create mode 100644 docs/artifacts/ef946611-af40-43fd-bf86-e6fccc205dca/.tempmediaStorage/media_ef946611-af40-43fd-bf86-e6fccc205dca_1774120133088.png
 create mode 100644 docs/artifacts/ef946611-af40-43fd-bf86-e6fccc205dca/.tempmediaStorage/media_ef946611-af40-43fd-bf86-e6fccc205dca_1774120142426.png
 create mode 100644 docs/artifacts/ef946611-af40-43fd-bf86-e6fccc205dca/.tempmediaStorage/media_ef946611-af40-43fd-bf86-e6fccc205dca_1774120149337.png
 create mode 100644 docs/artifacts/ef946611-af40-43fd-bf86-e6fccc205dca/.tempmediaStorage/media_ef946611-af40-43fd-bf86-e6fccc205dca_1774120155799.png
 create mode 100644 docs/artifacts/ef946611-af40-43fd-bf86-e6fccc205dca/.tempmediaStorage/media_ef946611-af40-43fd-bf86-e6fccc205dca_1774120162110.png
 create mode 100644 docs/artifacts/ef946611-af40-43fd-bf86-e6fccc205dca/.tempmediaStorage/media_ef946611-af40-43fd-bf86-e6fccc205dca_1774120168768.png
 create mode 100644 docs/artifacts/ef946611-af40-43fd-bf86-e6fccc205dca/.tempmediaStorage/media_ef946611-af40-43fd-bf86-e6fccc205dca_1774120175885.png
 create mode 100644 docs/artifacts/ef946611-af40-43fd-bf86-e6fccc205dca/.tempmediaStorage/media_ef946611-af40-43fd-bf86-e6fccc205dca_1774120182071.png
 create mode 100644 docs/artifacts/ef946611-af40-43fd-bf86-e6fccc205dca/.tempmediaStorage/media_ef946611-af40-43fd-bf86-e6fccc205dca_1774120188589.png
 create mode 100644 docs/artifacts/ef946611-af40-43fd-bf86-e6fccc205dca/.tempmediaStorage/media_ef946611-af40-43fd-bf86-e6fccc205dca_1774120194706.png
 create mode 100644 docs/artifacts/ef946611-af40-43fd-bf86-e6fccc205dca/.tempmediaStorage/media_ef946611-af40-43fd-bf86-e6fccc205dca_1774120201988.png
 create mode 100644 docs/artifacts/ef946611-af40-43fd-bf86-e6fccc205dca/.tempmediaStorage/media_ef946611-af40-43fd-bf86-e6fccc205dca_1774120209647.png
 create mode 100644 docs/artifacts/ef946611-af40-43fd-bf86-e6fccc205dca/.tempmediaStorage/media_ef946611-af40-43fd-bf86-e6fccc205dca_1774120215926.png
 create mode 100644 docs/artifacts/ef946611-af40-43fd-bf86-e6fccc205dca/.tempmediaStorage/media_ef946611-af40-43fd-bf86-e6fccc205dca_1774120222294.png
 create mode 100644 docs/artifacts/ef946611-af40-43fd-bf86-e6fccc205dca/.tempmediaStorage/media_ef946611-af40-43fd-bf86-e6fccc205dca_1774120230068.png
 create mode 100644 docs/artifacts/ef946611-af40-43fd-bf86-e6fccc205dca/.tempmediaStorage/media_ef946611-af40-43fd-bf86-e6fccc205dca_1774120236239.png
 create mode 100644 docs/artifacts/ef946611-af40-43fd-bf86-e6fccc205dca/.tempmediaStorage/media_ef946611-af40-43fd-bf86-e6fccc205dca_1774120243252.png
 create mode 100644 docs/artifacts/ef946611-af40-43fd-bf86-e6fccc205dca/.tempmediaStorage/media_ef946611-af40-43fd-bf86-e6fccc205dca_1774120252139.png
 create mode 100644 docs/artifacts/ef946611-af40-43fd-bf86-e6fccc205dca/.tempmediaStorage/media_ef946611-af40-43fd-bf86-e6fccc205dca_1774120260364.png
 create mode 100644 docs/artifacts/ef946611-af40-43fd-bf86-e6fccc205dca/.tempmediaStorage/media_ef946611-af40-43fd-bf86-e6fccc205dca_1774120266365.png
 create mode 100644 docs/artifacts/ef946611-af40-43fd-bf86-e6fccc205dca/.tempmediaStorage/media_ef946611-af40-43fd-bf86-e6fccc205dca_1774120273800.png
 create mode 100644 docs/artifacts/ef946611-af40-43fd-bf86-e6fccc205dca/.tempmediaStorage/media_ef946611-af40-43fd-bf86-e6fccc205dca_1774120282547.png
 create mode 100644 docs/artifacts/ef946611-af40-43fd-bf86-e6fccc205dca/.tempmediaStorage/media_ef946611-af40-43fd-bf86-e6fccc205dca_1774120292237.png
 create mode 100644 docs/artifacts/ef946611-af40-43fd-bf86-e6fccc205dca/.tempmediaStorage/media_ef946611-af40-43fd-bf86-e6fccc205dca_1774120421796.png
 create mode 100644 docs/artifacts/ef946611-af40-43fd-bf86-e6fccc205dca/.tempmediaStorage/media_ef946611-af40-43fd-bf86-e6fccc205dca_1774120429644.png
 create mode 100644 docs/artifacts/ef946611-af40-43fd-bf86-e6fccc205dca/.tempmediaStorage/media_ef946611-af40-43fd-bf86-e6fccc205dca_1774120434234.png
 create mode 100644 docs/artifacts/ef946611-af40-43fd-bf86-e6fccc205dca/.tempmediaStorage/media_ef946611-af40-43fd-bf86-e6fccc205dca_1774120462915.png
 create mode 100644 docs/artifacts/ef946611-af40-43fd-bf86-e6fccc205dca/.tempmediaStorage/media_ef946611-af40-43fd-bf86-e6fccc205dca_1774120473041.png
 create mode 100644 docs/artifacts/ef946611-af40-43fd-bf86-e6fccc205dca/.tempmediaStorage/media_ef946611-af40-43fd-bf86-e6fccc205dca_1774120480303.png
 create mode 100644 docs/artifacts/ef946611-af40-43fd-bf86-e6fccc205dca/.tempmediaStorage/media_ef946611-af40-43fd-bf86-e6fccc205dca_1774120500252.png
 create mode 100644 docs/artifacts/ef946611-af40-43fd-bf86-e6fccc205dca/.tempmediaStorage/media_ef946611-af40-43fd-bf86-e6fccc205dca_1774120510718.png
 create mode 100644 docs/artifacts/ef946611-af40-43fd-bf86-e6fccc205dca/.tempmediaStorage/media_ef946611-af40-43fd-bf86-e6fccc205dca_1774120517673.png
 create mode 100644 docs/artifacts/ef946611-af40-43fd-bf86-e6fccc205dca/.tempmediaStorage/media_ef946611-af40-43fd-bf86-e6fccc205dca_1774120561287.png
 create mode 100644 docs/artifacts/ef946611-af40-43fd-bf86-e6fccc205dca/.tempmediaStorage/media_ef946611-af40-43fd-bf86-e6fccc205dca_1774120565386.png
 create mode 100644 docs/artifacts/ef946611-af40-43fd-bf86-e6fccc205dca/.tempmediaStorage/media_ef946611-af40-43fd-bf86-e6fccc205dca_1774120576598.png
 create mode 100644 docs/artifacts/ef946611-af40-43fd-bf86-e6fccc205dca/.tempmediaStorage/media_ef946611-af40-43fd-bf86-e6fccc205dca_1774120585799.png
 create mode 100644 docs/artifacts/ef946611-af40-43fd-bf86-e6fccc205dca/.tempmediaStorage/media_ef946611-af40-43fd-bf86-e6fccc205dca_1774120617946.png
 create mode 100644 docs/artifacts/ef946611-af40-43fd-bf86-e6fccc205dca/.tempmediaStorage/media_ef946611-af40-43fd-bf86-e6fccc205dca_1774120697930.png
 create mode 100644 docs/artifacts/ef946611-af40-43fd-bf86-e6fccc205dca/.tempmediaStorage/media_ef946611-af40-43fd-bf86-e6fccc205dca_1774120709296.png
 create mode 100644 docs/artifacts/ef946611-af40-43fd-bf86-e6fccc205dca/.tempmediaStorage/media_ef946611-af40-43fd-bf86-e6fccc205dca_1774120719353.png
 create mode 100644 docs/artifacts/ef946611-af40-43fd-bf86-e6fccc205dca/.tempmediaStorage/media_ef946611-af40-43fd-bf86-e6fccc205dca_1774120728369.png
 create mode 100644 docs/artifacts/ef946611-af40-43fd-bf86-e6fccc205dca/.tempmediaStorage/media_ef946611-af40-43fd-bf86-e6fccc205dca_1774120754410.png
 create mode 100644 docs/artifacts/ef946611-af40-43fd-bf86-e6fccc205dca/.tempmediaStorage/media_ef946611-af40-43fd-bf86-e6fccc205dca_1774120768979.png
 create mode 100644 docs/artifacts/ef946611-af40-43fd-bf86-e6fccc205dca/.tempmediaStorage/media_ef946611-af40-43fd-bf86-e6fccc205dca_1774121314726.png
 create mode 100644 docs/artifacts/ef946611-af40-43fd-bf86-e6fccc205dca/.tempmediaStorage/media_ef946611-af40-43fd-bf86-e6fccc205dca_1774121321809.png
 create mode 100644 docs/artifacts/ef946611-af40-43fd-bf86-e6fccc205dca/.tempmediaStorage/media_ef946611-af40-43fd-bf86-e6fccc205dca_1774121328039.png
 create mode 100644 docs/artifacts/ef946611-af40-43fd-bf86-e6fccc205dca/.tempmediaStorage/media_ef946611-af40-43fd-bf86-e6fccc205dca_1774121336932.png
 create mode 100644 docs/artifacts/ef946611-af40-43fd-bf86-e6fccc205dca/.tempmediaStorage/media_ef946611-af40-43fd-bf86-e6fccc205dca_1774121681250.png
 create mode 100644 docs/artifacts/ef946611-af40-43fd-bf86-e6fccc205dca/.tempmediaStorage/media_ef946611-af40-43fd-bf86-e6fccc205dca_1774121685199.png
 create mode 100644 docs/artifacts/ef946611-af40-43fd-bf86-e6fccc205dca/.tempmediaStorage/media_ef946611-af40-43fd-bf86-e6fccc205dca_1774121688936.png
 create mode 100644 docs/artifacts/ef946611-af40-43fd-bf86-e6fccc205dca/.tempmediaStorage/media_ef946611-af40-43fd-bf86-e6fccc205dca_1774121689199.png
 create mode 100644 docs/artifacts/ef946611-af40-43fd-bf86-e6fccc205dca/.tempmediaStorage/media_ef946611-af40-43fd-bf86-e6fccc205dca_1774121723873.png
 create mode 100644 docs/artifacts/ef946611-af40-43fd-bf86-e6fccc205dca/.tempmediaStorage/media_ef946611-af40-43fd-bf86-e6fccc205dca_1774121758927.png
 create mode 100644 docs/artifacts/ef946611-af40-43fd-bf86-e6fccc205dca/.tempmediaStorage/media_ef946611-af40-43fd-bf86-e6fccc205dca_1774121764322.png
 create mode 100644 docs/artifacts/ef946611-af40-43fd-bf86-e6fccc205dca/.tempmediaStorage/media_ef946611-af40-43fd-bf86-e6fccc205dca_1774121799408.png
 create mode 100644 docs/artifacts/ef946611-af40-43fd-bf86-e6fccc205dca/.tempmediaStorage/media_ef946611-af40-43fd-bf86-e6fccc205dca_1774121806668.png
 create mode 100644 docs/artifacts/ef946611-af40-43fd-bf86-e6fccc205dca/.tempmediaStorage/media_ef946611-af40-43fd-bf86-e6fccc205dca_1774121811624.png
 create mode 100644 docs/artifacts/ef946611-af40-43fd-bf86-e6fccc205dca/.tempmediaStorage/media_ef946611-af40-43fd-bf86-e6fccc205dca_1774121819898.png
 create mode 100644 docs/artifacts/ef946611-af40-43fd-bf86-e6fccc205dca/.tempmediaStorage/media_ef946611-af40-43fd-bf86-e6fccc205dca_1774121828541.png
 create mode 100644 docs/artifacts/ef946611-af40-43fd-bf86-e6fccc205dca/.tempmediaStorage/media_ef946611-af40-43fd-bf86-e6fccc205dca_1774121832889.png
 create mode 100644 docs/artifacts/ef946611-af40-43fd-bf86-e6fccc205dca/.tempmediaStorage/media_ef946611-af40-43fd-bf86-e6fccc205dca_1774121838222.png
 create mode 100644 docs/artifacts/ef946611-af40-43fd-bf86-e6fccc205dca/.tempmediaStorage/media_ef946611-af40-43fd-bf86-e6fccc205dca_1774121845466.png
 create mode 100644 docs/artifacts/ef946611-af40-43fd-bf86-e6fccc205dca/.tempmediaStorage/media_ef946611-af40-43fd-bf86-e6fccc205dca_1774121849747.png
 create mode 100644 docs/artifacts/ef946611-af40-43fd-bf86-e6fccc205dca/.tempmediaStorage/media_ef946611-af40-43fd-bf86-e6fccc205dca_1774121854739.png
 create mode 100644 docs/artifacts/ef946611-af40-43fd-bf86-e6fccc205dca/.tempmediaStorage/media_ef946611-af40-43fd-bf86-e6fccc205dca_1774121861923.png
 create mode 100644 docs/artifacts/ef946611-af40-43fd-bf86-e6fccc205dca/.tempmediaStorage/media_ef946611-af40-43fd-bf86-e6fccc205dca_1774121869588.png
 create mode 100644 docs/artifacts/ef946611-af40-43fd-bf86-e6fccc205dca/.tempmediaStorage/media_ef946611-af40-43fd-bf86-e6fccc205dca_1774121875529.png
 create mode 100644 docs/artifacts/ef946611-af40-43fd-bf86-e6fccc205dca/.tempmediaStorage/media_ef946611-af40-43fd-bf86-e6fccc205dca_1774121888510.png
 create mode 100644 docs/artifacts/ef946611-af40-43fd-bf86-e6fccc205dca/.tempmediaStorage/media_ef946611-af40-43fd-bf86-e6fccc205dca_1774121894985.png
 create mode 100644 docs/artifacts/ef946611-af40-43fd-bf86-e6fccc205dca/.tempmediaStorage/media_ef946611-af40-43fd-bf86-e6fccc205dca_1774121901879.png
 create mode 100644 docs/artifacts/ef946611-af40-43fd-bf86-e6fccc205dca/.tempmediaStorage/media_ef946611-af40-43fd-bf86-e6fccc205dca_1774121907913.png
 create mode 100644 docs/artifacts/ef946611-af40-43fd-bf86-e6fccc205dca/.tempmediaStorage/media_ef946611-af40-43fd-bf86-e6fccc205dca_1774121915292.png
 create mode 100644 docs/artifacts/ef946611-af40-43fd-bf86-e6fccc205dca/.tempmediaStorage/media_ef946611-af40-43fd-bf86-e6fccc205dca_1774121922651.png
 create mode 100644 docs/artifacts/ef946611-af40-43fd-bf86-e6fccc205dca/.tempmediaStorage/media_ef946611-af40-43fd-bf86-e6fccc205dca_1774121931209.png
 create mode 100644 docs/artifacts/ef946611-af40-43fd-bf86-e6fccc205dca/.tempmediaStorage/media_ef946611-af40-43fd-bf86-e6fccc205dca_1774121938026.png
 create mode 100644 docs/artifacts/ef946611-af40-43fd-bf86-e6fccc205dca/.tempmediaStorage/media_ef946611-af40-43fd-bf86-e6fccc205dca_1774121943436.png
 create mode 100644 docs/artifacts/ef946611-af40-43fd-bf86-e6fccc205dca/.tempmediaStorage/media_ef946611-af40-43fd-bf86-e6fccc205dca_1774121951410.png
 create mode 100644 docs/artifacts/ef946611-af40-43fd-bf86-e6fccc205dca/.tempmediaStorage/media_ef946611-af40-43fd-bf86-e6fccc205dca_1774121960098.png
 create mode 100644 docs/artifacts/ef946611-af40-43fd-bf86-e6fccc205dca/.tempmediaStorage/media_ef946611-af40-43fd-bf86-e6fccc205dca_1774121968045.png
 create mode 100644 docs/artifacts/ef946611-af40-43fd-bf86-e6fccc205dca/.tempmediaStorage/media_ef946611-af40-43fd-bf86-e6fccc205dca_1774121975359.png
 create mode 100644 docs/artifacts/ef946611-af40-43fd-bf86-e6fccc205dca/.tempmediaStorage/media_ef946611-af40-43fd-bf86-e6fccc205dca_1774121981564.png
 create mode 100644 docs/artifacts/ef946611-af40-43fd-bf86-e6fccc205dca/.tempmediaStorage/media_ef946611-af40-43fd-bf86-e6fccc205dca_1774121993226.png
 create mode 100644 docs/artifacts/ef946611-af40-43fd-bf86-e6fccc205dca/.tempmediaStorage/media_ef946611-af40-43fd-bf86-e6fccc205dca_1774122059515.png
 create mode 100644 docs/artifacts/ef946611-af40-43fd-bf86-e6fccc205dca/.tempmediaStorage/media_ef946611-af40-43fd-bf86-e6fccc205dca_1774122065391.png
 create mode 100644 docs/artifacts/ef946611-af40-43fd-bf86-e6fccc205dca/.tempmediaStorage/media_ef946611-af40-43fd-bf86-e6fccc205dca_1774122071922.png
 create mode 100644 docs/artifacts/ef946611-af40-43fd-bf86-e6fccc205dca/.tempmediaStorage/media_ef946611-af40-43fd-bf86-e6fccc205dca_1774122125186.png
 create mode 100644 docs/artifacts/ef946611-af40-43fd-bf86-e6fccc205dca/.tempmediaStorage/media_ef946611-af40-43fd-bf86-e6fccc205dca_1774122133458.png
 create mode 100644 docs/artifacts/ef946611-af40-43fd-bf86-e6fccc205dca/.tempmediaStorage/media_ef946611-af40-43fd-bf86-e6fccc205dca_1774122153144.png
 create mode 100644 docs/artifacts/ef946611-af40-43fd-bf86-e6fccc205dca/.tempmediaStorage/media_ef946611-af40-43fd-bf86-e6fccc205dca_1774122159451.png
 create mode 100644 docs/artifacts/ef946611-af40-43fd-bf86-e6fccc205dca/.tempmediaStorage/media_ef946611-af40-43fd-bf86-e6fccc205dca_1774122179417.png
 create mode 100644 docs/artifacts/ef946611-af40-43fd-bf86-e6fccc205dca/.tempmediaStorage/media_ef946611-af40-43fd-bf86-e6fccc205dca_1774122186963.png
 create mode 100644 docs/artifacts/ef946611-af40-43fd-bf86-e6fccc205dca/.tempmediaStorage/media_ef946611-af40-43fd-bf86-e6fccc205dca_1774122194166.png
 create mode 100644 docs/artifacts/ef946611-af40-43fd-bf86-e6fccc205dca/.tempmediaStorage/media_ef946611-af40-43fd-bf86-e6fccc205dca_1774122200054.png
 create mode 100644 docs/artifacts/ef946611-af40-43fd-bf86-e6fccc205dca/.tempmediaStorage/media_ef946611-af40-43fd-bf86-e6fccc205dca_1774122205239.png
 create mode 100644 docs/artifacts/ef946611-af40-43fd-bf86-e6fccc205dca/.tempmediaStorage/media_ef946611-af40-43fd-bf86-e6fccc205dca_1774122214778.png
 create mode 100644 docs/artifacts/ef946611-af40-43fd-bf86-e6fccc205dca/.tempmediaStorage/media_ef946611-af40-43fd-bf86-e6fccc205dca_1774122222108.png
 create mode 100644 docs/artifacts/ef946611-af40-43fd-bf86-e6fccc205dca/.tempmediaStorage/media_ef946611-af40-43fd-bf86-e6fccc205dca_1774122230213.png
 create mode 100644 docs/artifacts/ef946611-af40-43fd-bf86-e6fccc205dca/.tempmediaStorage/media_ef946611-af40-43fd-bf86-e6fccc205dca_1774122242404.png
 create mode 100644 docs/artifacts/ef946611-af40-43fd-bf86-e6fccc205dca/.tempmediaStorage/media_ef946611-af40-43fd-bf86-e6fccc205dca_1774122251192.png
 create mode 100644 docs/artifacts/ef946611-af40-43fd-bf86-e6fccc205dca/.tempmediaStorage/media_ef946611-af40-43fd-bf86-e6fccc205dca_1774122259629.png
 create mode 100644 docs/artifacts/ef946611-af40-43fd-bf86-e6fccc205dca/.tempmediaStorage/media_ef946611-af40-43fd-bf86-e6fccc205dca_1774122270245.png
 create mode 100644 docs/artifacts/ef946611-af40-43fd-bf86-e6fccc205dca/.tempmediaStorage/media_ef946611-af40-43fd-bf86-e6fccc205dca_1774122275763.png
 create mode 100644 docs/artifacts/ef946611-af40-43fd-bf86-e6fccc205dca/.tempmediaStorage/media_ef946611-af40-43fd-bf86-e6fccc205dca_1774122288639.png
 create mode 100644 docs/artifacts/ef946611-af40-43fd-bf86-e6fccc205dca/.tempmediaStorage/media_ef946611-af40-43fd-bf86-e6fccc205dca_1774122297286.png
 create mode 100644 docs/artifacts/ef946611-af40-43fd-bf86-e6fccc205dca/.tempmediaStorage/media_ef946611-af40-43fd-bf86-e6fccc205dca_1774122307763.png
 create mode 100644 docs/artifacts/ef946611-af40-43fd-bf86-e6fccc205dca/.tempmediaStorage/media_ef946611-af40-43fd-bf86-e6fccc205dca_1774123140050.png
 create mode 100644 docs/artifacts/ef946611-af40-43fd-bf86-e6fccc205dca/.tempmediaStorage/media_ef946611-af40-43fd-bf86-e6fccc205dca_1774157912407.png
 create mode 100644 docs/artifacts/ef946611-af40-43fd-bf86-e6fccc205dca/.tempmediaStorage/media_ef946611-af40-43fd-bf86-e6fccc205dca_1774158014991.png
 create mode 100644 docs/artifacts/ef946611-af40-43fd-bf86-e6fccc205dca/.tempmediaStorage/media_ef946611-af40-43fd-bf86-e6fccc205dca_1774158019546.png
 create mode 100644 docs/artifacts/ef946611-af40-43fd-bf86-e6fccc205dca/.tempmediaStorage/media_ef946611-af40-43fd-bf86-e6fccc205dca_1774158024349.png
 create mode 100644 docs/artifacts/ef946611-af40-43fd-bf86-e6fccc205dca/.tempmediaStorage/media_ef946611-af40-43fd-bf86-e6fccc205dca_1774158028665.png
 create mode 100644 docs/artifacts/ef946611-af40-43fd-bf86-e6fccc205dca/.tempmediaStorage/media_ef946611-af40-43fd-bf86-e6fccc205dca_1774158033112.png
 create mode 100644 docs/artifacts/ef946611-af40-43fd-bf86-e6fccc205dca/.tempmediaStorage/media_ef946611-af40-43fd-bf86-e6fccc205dca_1774158038079.png
 create mode 100644 docs/artifacts/ef946611-af40-43fd-bf86-e6fccc205dca/.tempmediaStorage/media_ef946611-af40-43fd-bf86-e6fccc205dca_1774158044172.png
 create mode 100644 docs/artifacts/ef946611-af40-43fd-bf86-e6fccc205dca/.tempmediaStorage/media_ef946611-af40-43fd-bf86-e6fccc205dca_1774158052423.png
 create mode 100644 docs/artifacts/ef946611-af40-43fd-bf86-e6fccc205dca/.tempmediaStorage/media_ef946611-af40-43fd-bf86-e6fccc205dca_1774158058096.png
 create mode 100644 docs/artifacts/ef946611-af40-43fd-bf86-e6fccc205dca/.tempmediaStorage/media_ef946611-af40-43fd-bf86-e6fccc205dca_1774158064237.png
 create mode 100644 docs/artifacts/ef946611-af40-43fd-bf86-e6fccc205dca/.tempmediaStorage/media_ef946611-af40-43fd-bf86-e6fccc205dca_1774158071177.png
 create mode 100644 docs/artifacts/ef946611-af40-43fd-bf86-e6fccc205dca/.tempmediaStorage/media_ef946611-af40-43fd-bf86-e6fccc205dca_1774158282869.png
 create mode 100644 docs/artifacts/ef946611-af40-43fd-bf86-e6fccc205dca/.tempmediaStorage/media_ef946611-af40-43fd-bf86-e6fccc205dca_1774158288593.png
 create mode 100644 docs/artifacts/ef946611-af40-43fd-bf86-e6fccc205dca/.tempmediaStorage/media_ef946611-af40-43fd-bf86-e6fccc205dca_1774158296145.png
 create mode 100644 docs/artifacts/ef946611-af40-43fd-bf86-e6fccc205dca/.tempmediaStorage/media_ef946611-af40-43fd-bf86-e6fccc205dca_1774158301373.png
 create mode 100644 docs/artifacts/ef946611-af40-43fd-bf86-e6fccc205dca/.tempmediaStorage/media_ef946611-af40-43fd-bf86-e6fccc205dca_1774158307297.png
 create mode 100644 docs/artifacts/ef946611-af40-43fd-bf86-e6fccc205dca/.tempmediaStorage/media_ef946611-af40-43fd-bf86-e6fccc205dca_1774158311378.png
 create mode 100644 docs/artifacts/ef946611-af40-43fd-bf86-e6fccc205dca/.tempmediaStorage/media_ef946611-af40-43fd-bf86-e6fccc205dca_1774158317795.png
 create mode 100644 docs/artifacts/ef946611-af40-43fd-bf86-e6fccc205dca/.tempmediaStorage/media_ef946611-af40-43fd-bf86-e6fccc205dca_1774158324329.png
 create mode 100644 docs/artifacts/ef946611-af40-43fd-bf86-e6fccc205dca/.tempmediaStorage/media_ef946611-af40-43fd-bf86-e6fccc205dca_1774158329548.png
 create mode 100644 docs/artifacts/ef946611-af40-43fd-bf86-e6fccc205dca/.tempmediaStorage/media_ef946611-af40-43fd-bf86-e6fccc205dca_1774158338514.png
 create mode 100644 docs/artifacts/ef946611-af40-43fd-bf86-e6fccc205dca/.tempmediaStorage/media_ef946611-af40-43fd-bf86-e6fccc205dca_1774158347284.png
 create mode 100644 docs/artifacts/ef946611-af40-43fd-bf86-e6fccc205dca/.tempmediaStorage/media_ef946611-af40-43fd-bf86-e6fccc205dca_1774159165700.png
 create mode 100644 docs/artifacts/ef946611-af40-43fd-bf86-e6fccc205dca/.tempmediaStorage/media_ef946611-af40-43fd-bf86-e6fccc205dca_1774159190823.png
 create mode 100644 docs/artifacts/ef946611-af40-43fd-bf86-e6fccc205dca/.tempmediaStorage/media_ef946611-af40-43fd-bf86-e6fccc205dca_1774159200249.png
 create mode 100644 docs/artifacts/ef946611-af40-43fd-bf86-e6fccc205dca/.tempmediaStorage/media_ef946611-af40-43fd-bf86-e6fccc205dca_1774159240005.png
 create mode 100644 docs/artifacts/ef946611-af40-43fd-bf86-e6fccc205dca/.tempmediaStorage/media_ef946611-af40-43fd-bf86-e6fccc205dca_1774159244470.png
 create mode 100644 docs/artifacts/ef946611-af40-43fd-bf86-e6fccc205dca/.tempmediaStorage/media_ef946611-af40-43fd-bf86-e6fccc205dca_1774159250768.png
 create mode 100644 docs/artifacts/ef946611-af40-43fd-bf86-e6fccc205dca/.tempmediaStorage/media_ef946611-af40-43fd-bf86-e6fccc205dca_1774159257489.png
 create mode 100644 docs/artifacts/ef946611-af40-43fd-bf86-e6fccc205dca/.tempmediaStorage/media_ef946611-af40-43fd-bf86-e6fccc205dca_1774159264468.png
 create mode 100644 docs/artifacts/ef946611-af40-43fd-bf86-e6fccc205dca/.tempmediaStorage/media_ef946611-af40-43fd-bf86-e6fccc205dca_1774159272884.png
 create mode 100644 docs/artifacts/ef946611-af40-43fd-bf86-e6fccc205dca/.tempmediaStorage/media_ef946611-af40-43fd-bf86-e6fccc205dca_1774159281231.png
 create mode 100644 docs/artifacts/ef946611-af40-43fd-bf86-e6fccc205dca/.tempmediaStorage/media_ef946611-af40-43fd-bf86-e6fccc205dca_1774159811078.png
 create mode 100644 docs/artifacts/ef946611-af40-43fd-bf86-e6fccc205dca/.tempmediaStorage/media_ef946611-af40-43fd-bf86-e6fccc205dca_1774159816552.png
 create mode 100644 docs/artifacts/ef946611-af40-43fd-bf86-e6fccc205dca/.tempmediaStorage/media_ef946611-af40-43fd-bf86-e6fccc205dca_1774159821071.png
 create mode 100644 docs/artifacts/ef946611-af40-43fd-bf86-e6fccc205dca/.tempmediaStorage/media_ef946611-af40-43fd-bf86-e6fccc205dca_1774159826401.png
 create mode 100644 docs/artifacts/ef946611-af40-43fd-bf86-e6fccc205dca/.tempmediaStorage/media_ef946611-af40-43fd-bf86-e6fccc205dca_1774159832121.png
 create mode 100644 docs/artifacts/ef946611-af40-43fd-bf86-e6fccc205dca/.tempmediaStorage/media_ef946611-af40-43fd-bf86-e6fccc205dca_1774159839987.png
 create mode 100644 docs/artifacts/ef946611-af40-43fd-bf86-e6fccc205dca/.tempmediaStorage/media_ef946611-af40-43fd-bf86-e6fccc205dca_1774159846878.png
 create mode 100644 docs/artifacts/ef946611-af40-43fd-bf86-e6fccc205dca/.tempmediaStorage/media_ef946611-af40-43fd-bf86-e6fccc205dca_1774159852218.png
 create mode 100644 docs/artifacts/ef946611-af40-43fd-bf86-e6fccc205dca/.tempmediaStorage/media_ef946611-af40-43fd-bf86-e6fccc205dca_1774159857525.png
 create mode 100644 docs/artifacts/ef946611-af40-43fd-bf86-e6fccc205dca/.tempmediaStorage/media_ef946611-af40-43fd-bf86-e6fccc205dca_1774159867217.png
 create mode 100644 docs/artifacts/ef946611-af40-43fd-bf86-e6fccc205dca/.tempmediaStorage/media_ef946611-af40-43fd-bf86-e6fccc205dca_1774159871352.png
 create mode 100644 docs/artifacts/ef946611-af40-43fd-bf86-e6fccc205dca/.tempmediaStorage/media_ef946611-af40-43fd-bf86-e6fccc205dca_1774159878958.png
 create mode 100644 docs/artifacts/ef946611-af40-43fd-bf86-e6fccc205dca/.tempmediaStorage/media_ef946611-af40-43fd-bf86-e6fccc205dca_1774159886177.png
 create mode 100644 docs/artifacts/ef946611-af40-43fd-bf86-e6fccc205dca/.tempmediaStorage/media_ef946611-af40-43fd-bf86-e6fccc205dca_1774159894293.png
 create mode 100644 docs/artifacts/ef946611-af40-43fd-bf86-e6fccc205dca/.tempmediaStorage/media_ef946611-af40-43fd-bf86-e6fccc205dca_1774159899401.png
 create mode 100644 docs/artifacts/ef946611-af40-43fd-bf86-e6fccc205dca/.tempmediaStorage/media_ef946611-af40-43fd-bf86-e6fccc205dca_1774159906331.png
 create mode 100644 docs/artifacts/ef946611-af40-43fd-bf86-e6fccc205dca/.tempmediaStorage/media_ef946611-af40-43fd-bf86-e6fccc205dca_1774159912614.png
 create mode 100644 docs/artifacts/ef946611-af40-43fd-bf86-e6fccc205dca/.tempmediaStorage/media_ef946611-af40-43fd-bf86-e6fccc205dca_1774159919117.png
 create mode 100644 docs/artifacts/ef946611-af40-43fd-bf86-e6fccc205dca/.tempmediaStorage/media_ef946611-af40-43fd-bf86-e6fccc205dca_1774159928006.png
 create mode 100644 docs/artifacts/ef946611-af40-43fd-bf86-e6fccc205dca/.tempmediaStorage/media_ef946611-af40-43fd-bf86-e6fccc205dca_1774160063780.png
 create mode 100644 docs/artifacts/ef946611-af40-43fd-bf86-e6fccc205dca/.tempmediaStorage/media_ef946611-af40-43fd-bf86-e6fccc205dca_1774160072480.png
 create mode 100644 docs/artifacts/ef946611-af40-43fd-bf86-e6fccc205dca/.tempmediaStorage/media_ef946611-af40-43fd-bf86-e6fccc205dca_1774160081343.png
 create mode 100644 docs/artifacts/ef946611-af40-43fd-bf86-e6fccc205dca/.tempmediaStorage/media_ef946611-af40-43fd-bf86-e6fccc205dca_1774160097713.png
 create mode 100644 docs/artifacts/ef946611-af40-43fd-bf86-e6fccc205dca/.tempmediaStorage/media_ef946611-af40-43fd-bf86-e6fccc205dca_1774160234265.png
 create mode 100644 docs/artifacts/ef946611-af40-43fd-bf86-e6fccc205dca/.tempmediaStorage/media_ef946611-af40-43fd-bf86-e6fccc205dca_1774160240321.png
 create mode 100644 docs/artifacts/ef946611-af40-43fd-bf86-e6fccc205dca/.tempmediaStorage/media_ef946611-af40-43fd-bf86-e6fccc205dca_1774160245267.png
 create mode 100644 docs/artifacts/ef946611-af40-43fd-bf86-e6fccc205dca/.tempmediaStorage/media_ef946611-af40-43fd-bf86-e6fccc205dca_1774160249793.png
 create mode 100644 docs/artifacts/ef946611-af40-43fd-bf86-e6fccc205dca/.tempmediaStorage/media_ef946611-af40-43fd-bf86-e6fccc205dca_1774161360986.png
 create mode 100644 docs/artifacts/ef946611-af40-43fd-bf86-e6fccc205dca/browser/scratchpad_1rlgmljd.md
 create mode 100644 docs/artifacts/ef946611-af40-43fd-bf86-e6fccc205dca/browser/scratchpad_1xdxl5t7.md
 create mode 100644 docs/artifacts/ef946611-af40-43fd-bf86-e6fccc205dca/browser/scratchpad_1xdxl5t7.md.resolved
 create mode 100644 docs/artifacts/ef946611-af40-43fd-bf86-e6fccc205dca/browser/scratchpad_1xdxl5t7.md.resolved.0
 create mode 100644 docs/artifacts/ef946611-af40-43fd-bf86-e6fccc205dca/browser/scratchpad_4vypqorv.md
 create mode 100644 docs/artifacts/ef946611-af40-43fd-bf86-e6fccc205dca/browser/scratchpad_4vypqorv.md.resolved
 create mode 100644 docs/artifacts/ef946611-af40-43fd-bf86-e6fccc205dca/browser/scratchpad_4vypqorv.md.resolved.0
 create mode 100644 docs/artifacts/ef946611-af40-43fd-bf86-e6fccc205dca/browser/scratchpad_78cnqzzx.md
 create mode 100644 docs/artifacts/ef946611-af40-43fd-bf86-e6fccc205dca/browser/scratchpad_ckry81co.md
 create mode 100644 docs/artifacts/ef946611-af40-43fd-bf86-e6fccc205dca/browser/scratchpad_ckry81co.md.resolved
 create mode 100644 docs/artifacts/ef946611-af40-43fd-bf86-e6fccc205dca/browser/scratchpad_ckry81co.md.resolved.0
 create mode 100644 docs/artifacts/ef946611-af40-43fd-bf86-e6fccc205dca/browser/scratchpad_kc8u36cs.md
 create mode 100644 docs/artifacts/ef946611-af40-43fd-bf86-e6fccc205dca/browser/scratchpad_kc8u36cs.md.resolved
 create mode 100644 docs/artifacts/ef946611-af40-43fd-bf86-e6fccc205dca/browser/scratchpad_kc8u36cs.md.resolved.0
 create mode 100644 docs/artifacts/ef946611-af40-43fd-bf86-e6fccc205dca/browser/scratchpad_kc8u36cs.md.resolved.1
 create mode 100644 docs/artifacts/ef946611-af40-43fd-bf86-e6fccc205dca/browser/scratchpad_m19h4d98.md
 create mode 100644 docs/artifacts/ef946611-af40-43fd-bf86-e6fccc205dca/browser/scratchpad_m19h4d98.md.resolved
 create mode 100644 docs/artifacts/ef946611-af40-43fd-bf86-e6fccc205dca/browser/scratchpad_m19h4d98.md.resolved.0
 create mode 100644 docs/artifacts/ef946611-af40-43fd-bf86-e6fccc205dca/browser/scratchpad_m19h4d98.md.resolved.1
 create mode 100644 docs/artifacts/ef946611-af40-43fd-bf86-e6fccc205dca/browser/scratchpad_m19h4d98.md.resolved.2
 create mode 100644 docs/artifacts/ef946611-af40-43fd-bf86-e6fccc205dca/browser/scratchpad_qib7eshg.md
 create mode 100644 docs/artifacts/ef946611-af40-43fd-bf86-e6fccc205dca/browser/scratchpad_t38h3kdg.md
 create mode 100644 docs/artifacts/ef946611-af40-43fd-bf86-e6fccc205dca/browser/scratchpad_v7hj5lso.md
 create mode 100644 docs/artifacts/ef946611-af40-43fd-bf86-e6fccc205dca/browser/scratchpad_yb0jgvys.md
 create mode 100644 docs/artifacts/ef946611-af40-43fd-bf86-e6fccc205dca/check_1337x_structure_1774122034755.webp
 create mode 100644 docs/artifacts/ef946611-af40-43fd-bf86-e6fccc205dca/check_bitsearch_structure_1774159229480.webp
 create mode 100644 docs/artifacts/ef946611-af40-43fd-bf86-e6fccc205dca/check_dodi_site_1774120795247.webp
 create mode 100644 docs/artifacts/ef946611-af40-43fd-bf86-e6fccc205dca/check_lightdestory_engines_1774158264175.webp
 create mode 100644 docs/artifacts/ef946611-af40-43fd-bf86-e6fccc205dca/check_magnetdl_up_1774159083119.webp
 create mode 100644 docs/artifacts/ef946611-af40-43fd-bf86-e6fccc205dca/fetch_dodi_icon_1774159800717.webp
 create mode 100644 docs/artifacts/ef946611-af40-43fd-bf86-e6fccc205dca/fetch_missing_sources_1774157902027.webp
 create mode 100644 docs/artifacts/ef946611-af40-43fd-bf86-e6fccc205dca/github_search_plugins_retry_1774120399521.webp
 create mode 100644 docs/artifacts/ef946611-af40-43fd-bf86-e6fccc205dca/implementation_plan.md
 create mode 100644 docs/artifacts/ef946611-af40-43fd-bf86-e6fccc205dca/implementation_plan.md.metadata.json
 create mode 100644 docs/artifacts/ef946611-af40-43fd-bf86-e6fccc205dca/implementation_plan.md.resolved
 create mode 100644 docs/artifacts/ef946611-af40-43fd-bf86-e6fccc205dca/implementation_plan.md.resolved.0
 create mode 100644 docs/artifacts/ef946611-af40-43fd-bf86-e6fccc205dca/io_optimization_report.md
 create mode 100644 docs/artifacts/ef946611-af40-43fd-bf86-e6fccc205dca/io_optimization_report.md.metadata.json
 create mode 100644 docs/artifacts/ef946611-af40-43fd-bf86-e6fccc205dca/io_optimization_report.md.resolved
 create mode 100644 docs/artifacts/ef946611-af40-43fd-bf86-e6fccc205dca/io_optimization_report.md.resolved.0
 create mode 100644 docs/artifacts/ef946611-af40-43fd-bf86-e6fccc205dca/media__1774157553804.png
 create mode 100644 docs/artifacts/ef946611-af40-43fd-bf86-e6fccc205dca/media__1774159612209.png
 create mode 100644 docs/artifacts/ef946611-af40-43fd-bf86-e6fccc205dca/media__1774160354603.png
 create mode 100644 docs/artifacts/ef946611-af40-43fd-bf86-e6fccc205dca/media__1774160495108.png
 create mode 100644 docs/artifacts/ef946611-af40-43fd-bf86-e6fccc205dca/media__1774161014839.png
 create mode 100644 docs/artifacts/ef946611-af40-43fd-bf86-e6fccc205dca/media__1774161033529.png
 create mode 100644 docs/artifacts/ef946611-af40-43fd-bf86-e6fccc205dca/media__1774190777867.png
 create mode 100644 docs/artifacts/ef946611-af40-43fd-bf86-e6fccc205dca/media__1774191055802.png
 create mode 100644 docs/artifacts/ef946611-af40-43fd-bf86-e6fccc205dca/media__1774191140236.png
 create mode 100644 docs/artifacts/ef946611-af40-43fd-bf86-e6fccc205dca/media__1774191765693.png
 create mode 100644 docs/artifacts/ef946611-af40-43fd-bf86-e6fccc205dca/media__1774630523017.png
 create mode 100644 docs/artifacts/ef946611-af40-43fd-bf86-e6fccc205dca/task.md
 create mode 100644 docs/artifacts/ef946611-af40-43fd-bf86-e6fccc205dca/task.md.metadata.json
 create mode 100644 docs/artifacts/ef946611-af40-43fd-bf86-e6fccc205dca/task.md.resolved
 create mode 100644 docs/artifacts/ef946611-af40-43fd-bf86-e6fccc205dca/task.md.resolved.0
 create mode 100644 docs/artifacts/f2dac644-195e-4a29-aa70-eb9b7743f5f4/.system_generated/click_feedback/click_feedback_1779026067713.png
 create mode 100644 docs/artifacts/f2dac644-195e-4a29-aa70-eb9b7743f5f4/.system_generated/messages/39cda311-e522-47db-b43f-60ddb52b9684.json
 create mode 100644 docs/artifacts/f2dac644-195e-4a29-aa70-eb9b7743f5f4/.tempmediaStorage/dom_1779025911759.txt
 create mode 100644 docs/artifacts/f2dac644-195e-4a29-aa70-eb9b7743f5f4/.tempmediaStorage/dom_1779025917617.txt
 create mode 100644 docs/artifacts/f2dac644-195e-4a29-aa70-eb9b7743f5f4/.tempmediaStorage/dom_1779025920797.txt
 create mode 100644 docs/artifacts/f2dac644-195e-4a29-aa70-eb9b7743f5f4/.tempmediaStorage/dom_1779025924883.txt
 create mode 100644 docs/artifacts/f2dac644-195e-4a29-aa70-eb9b7743f5f4/.tempmediaStorage/dom_1779025928013.txt
 create mode 100644 docs/artifacts/f2dac644-195e-4a29-aa70-eb9b7743f5f4/.tempmediaStorage/dom_1779025930551.txt
 create mode 100644 docs/artifacts/f2dac644-195e-4a29-aa70-eb9b7743f5f4/.tempmediaStorage/dom_1779025934549.txt
 create mode 100644 docs/artifacts/f2dac644-195e-4a29-aa70-eb9b7743f5f4/.tempmediaStorage/dom_1779025938498.txt
 create mode 100644 docs/artifacts/f2dac644-195e-4a29-aa70-eb9b7743f5f4/.tempmediaStorage/dom_1779025941164.txt
 create mode 100644 docs/artifacts/f2dac644-195e-4a29-aa70-eb9b7743f5f4/.tempmediaStorage/dom_1779026038905.txt
 create mode 100644 docs/artifacts/f2dac644-195e-4a29-aa70-eb9b7743f5f4/.tempmediaStorage/dom_1779026041798.txt
 create mode 100644 docs/artifacts/f2dac644-195e-4a29-aa70-eb9b7743f5f4/.tempmediaStorage/dom_1779026045145.txt
 create mode 100644 docs/artifacts/f2dac644-195e-4a29-aa70-eb9b7743f5f4/.tempmediaStorage/dom_1779026048214.txt
 create mode 100644 docs/artifacts/f2dac644-195e-4a29-aa70-eb9b7743f5f4/.tempmediaStorage/dom_1779026052553.txt
 create mode 100644 docs/artifacts/f2dac644-195e-4a29-aa70-eb9b7743f5f4/.tempmediaStorage/dom_1779026052633.txt
 create mode 100644 docs/artifacts/f2dac644-195e-4a29-aa70-eb9b7743f5f4/.tempmediaStorage/dom_1779026057917.txt
 create mode 100644 docs/artifacts/f2dac644-195e-4a29-aa70-eb9b7743f5f4/.tempmediaStorage/dom_1779026063666.txt
 create mode 100644 docs/artifacts/f2dac644-195e-4a29-aa70-eb9b7743f5f4/.tempmediaStorage/dom_1779026068969.txt
 create mode 100644 docs/artifacts/f2dac644-195e-4a29-aa70-eb9b7743f5f4/.tempmediaStorage/dom_1779026074251.txt
 create mode 100644 docs/artifacts/f2dac644-195e-4a29-aa70-eb9b7743f5f4/.tempmediaStorage/dom_1779026078118.txt
 create mode 100644 docs/artifacts/f2dac644-195e-4a29-aa70-eb9b7743f5f4/.tempmediaStorage/dom_1779026081096.txt
 create mode 100644 docs/artifacts/f2dac644-195e-4a29-aa70-eb9b7743f5f4/.tempmediaStorage/dom_1779026084117.txt
 create mode 100644 docs/artifacts/f2dac644-195e-4a29-aa70-eb9b7743f5f4/.tempmediaStorage/dom_1779026089944.txt
 create mode 100644 docs/artifacts/f2dac644-195e-4a29-aa70-eb9b7743f5f4/.tempmediaStorage/dom_1779026092730.txt
 create mode 100644 docs/artifacts/f2dac644-195e-4a29-aa70-eb9b7743f5f4/.tempmediaStorage/dom_1779026095250.txt
 create mode 100644 docs/artifacts/f2dac644-195e-4a29-aa70-eb9b7743f5f4/.tempmediaStorage/dom_1779026098820.txt
 create mode 100644 docs/artifacts/f2dac644-195e-4a29-aa70-eb9b7743f5f4/.tempmediaStorage/dom_1779027372180.txt
 create mode 100644 docs/artifacts/f2dac644-195e-4a29-aa70-eb9b7743f5f4/.tempmediaStorage/dom_1779027378548.txt
 create mode 100644 docs/artifacts/f2dac644-195e-4a29-aa70-eb9b7743f5f4/.tempmediaStorage/dom_1779027384764.txt
 create mode 100644 docs/artifacts/f2dac644-195e-4a29-aa70-eb9b7743f5f4/.tempmediaStorage/dom_1779027390973.txt
 create mode 100644 docs/artifacts/f2dac644-195e-4a29-aa70-eb9b7743f5f4/.tempmediaStorage/dom_1779027398364.txt
 create mode 100644 docs/artifacts/f2dac644-195e-4a29-aa70-eb9b7743f5f4/.tempmediaStorage/dom_1779027402130.txt
 create mode 100644 docs/artifacts/f2dac644-195e-4a29-aa70-eb9b7743f5f4/.tempmediaStorage/dom_1779027410178.txt
 create mode 100644 docs/artifacts/f2dac644-195e-4a29-aa70-eb9b7743f5f4/.tempmediaStorage/dom_1779027410263.txt
 create mode 100644 docs/artifacts/f2dac644-195e-4a29-aa70-eb9b7743f5f4/.tempmediaStorage/dom_1779027415728.txt
 create mode 100644 docs/artifacts/f2dac644-195e-4a29-aa70-eb9b7743f5f4/.tempmediaStorage/dom_1779027423182.txt
 create mode 100644 docs/artifacts/f2dac644-195e-4a29-aa70-eb9b7743f5f4/.tempmediaStorage/dom_1779027432613.txt
 create mode 100644 docs/artifacts/f2dac644-195e-4a29-aa70-eb9b7743f5f4/.tempmediaStorage/dom_1779027439105.txt
 create mode 100644 docs/artifacts/f2dac644-195e-4a29-aa70-eb9b7743f5f4/.tempmediaStorage/dom_1779027451956.txt
 create mode 100644 docs/artifacts/f2dac644-195e-4a29-aa70-eb9b7743f5f4/.tempmediaStorage/dom_1779027456934.txt
 create mode 100644 docs/artifacts/f2dac644-195e-4a29-aa70-eb9b7743f5f4/.tempmediaStorage/dom_1779027487432.txt
 create mode 100644 docs/artifacts/f2dac644-195e-4a29-aa70-eb9b7743f5f4/.tempmediaStorage/dom_1779027492884.txt
 create mode 100644 docs/artifacts/f2dac644-195e-4a29-aa70-eb9b7743f5f4/.tempmediaStorage/dom_1779027497143.txt
 create mode 100644 docs/artifacts/f2dac644-195e-4a29-aa70-eb9b7743f5f4/.tempmediaStorage/dom_1779027504624.txt
 create mode 100644 docs/artifacts/f2dac644-195e-4a29-aa70-eb9b7743f5f4/.tempmediaStorage/dom_1779027510316.txt
 create mode 100644 docs/artifacts/f2dac644-195e-4a29-aa70-eb9b7743f5f4/.tempmediaStorage/dom_1779027515648.txt
 create mode 100644 docs/artifacts/f2dac644-195e-4a29-aa70-eb9b7743f5f4/.tempmediaStorage/dom_1779027521750.txt
 create mode 100644 docs/artifacts/f2dac644-195e-4a29-aa70-eb9b7743f5f4/.tempmediaStorage/dom_1779027527696.txt
 create mode 100644 docs/artifacts/f2dac644-195e-4a29-aa70-eb9b7743f5f4/.tempmediaStorage/dom_1779027538936.txt
 create mode 100644 docs/artifacts/f2dac644-195e-4a29-aa70-eb9b7743f5f4/.tempmediaStorage/dom_1779027545047.txt
 create mode 100644 docs/artifacts/f2dac644-195e-4a29-aa70-eb9b7743f5f4/.tempmediaStorage/dom_1779027555512.txt
 create mode 100644 docs/artifacts/f2dac644-195e-4a29-aa70-eb9b7743f5f4/.tempmediaStorage/dom_1779027562565.txt
 create mode 100644 docs/artifacts/f2dac644-195e-4a29-aa70-eb9b7743f5f4/.tempmediaStorage/dom_1779027568654.txt
 create mode 100644 docs/artifacts/f2dac644-195e-4a29-aa70-eb9b7743f5f4/.tempmediaStorage/dom_1779027575263.txt
 create mode 100644 docs/artifacts/f2dac644-195e-4a29-aa70-eb9b7743f5f4/.tempmediaStorage/media_f2dac644-195e-4a29-aa70-eb9b7743f5f4_1779025912346.png
 create mode 100644 docs/artifacts/f2dac644-195e-4a29-aa70-eb9b7743f5f4/.tempmediaStorage/media_f2dac644-195e-4a29-aa70-eb9b7743f5f4_1779025917916.png
 create mode 100644 docs/artifacts/f2dac644-195e-4a29-aa70-eb9b7743f5f4/.tempmediaStorage/media_f2dac644-195e-4a29-aa70-eb9b7743f5f4_1779025920982.png
 create mode 100644 docs/artifacts/f2dac644-195e-4a29-aa70-eb9b7743f5f4/.tempmediaStorage/media_f2dac644-195e-4a29-aa70-eb9b7743f5f4_1779025925018.png
 create mode 100644 docs/artifacts/f2dac644-195e-4a29-aa70-eb9b7743f5f4/.tempmediaStorage/media_f2dac644-195e-4a29-aa70-eb9b7743f5f4_1779025928198.png
 create mode 100644 docs/artifacts/f2dac644-195e-4a29-aa70-eb9b7743f5f4/.tempmediaStorage/media_f2dac644-195e-4a29-aa70-eb9b7743f5f4_1779025931112.png
 create mode 100644 docs/artifacts/f2dac644-195e-4a29-aa70-eb9b7743f5f4/.tempmediaStorage/media_f2dac644-195e-4a29-aa70-eb9b7743f5f4_1779025935101.png
 create mode 100644 docs/artifacts/f2dac644-195e-4a29-aa70-eb9b7743f5f4/.tempmediaStorage/media_f2dac644-195e-4a29-aa70-eb9b7743f5f4_1779025938949.png
 create mode 100644 docs/artifacts/f2dac644-195e-4a29-aa70-eb9b7743f5f4/.tempmediaStorage/media_f2dac644-195e-4a29-aa70-eb9b7743f5f4_1779025941465.png
 create mode 100644 docs/artifacts/f2dac644-195e-4a29-aa70-eb9b7743f5f4/.tempmediaStorage/media_f2dac644-195e-4a29-aa70-eb9b7743f5f4_1779026038768.png
 create mode 100644 docs/artifacts/f2dac644-195e-4a29-aa70-eb9b7743f5f4/.tempmediaStorage/media_f2dac644-195e-4a29-aa70-eb9b7743f5f4_1779026039182.png
 create mode 100644 docs/artifacts/f2dac644-195e-4a29-aa70-eb9b7743f5f4/.tempmediaStorage/media_f2dac644-195e-4a29-aa70-eb9b7743f5f4_1779026041952.png
 create mode 100644 docs/artifacts/f2dac644-195e-4a29-aa70-eb9b7743f5f4/.tempmediaStorage/media_f2dac644-195e-4a29-aa70-eb9b7743f5f4_1779026045339.png
 create mode 100644 docs/artifacts/f2dac644-195e-4a29-aa70-eb9b7743f5f4/.tempmediaStorage/media_f2dac644-195e-4a29-aa70-eb9b7743f5f4_1779026048410.png
 create mode 100644 docs/artifacts/f2dac644-195e-4a29-aa70-eb9b7743f5f4/.tempmediaStorage/media_f2dac644-195e-4a29-aa70-eb9b7743f5f4_1779026052823.png
 create mode 100644 docs/artifacts/f2dac644-195e-4a29-aa70-eb9b7743f5f4/.tempmediaStorage/media_f2dac644-195e-4a29-aa70-eb9b7743f5f4_1779026058052.png
 create mode 100644 docs/artifacts/f2dac644-195e-4a29-aa70-eb9b7743f5f4/.tempmediaStorage/media_f2dac644-195e-4a29-aa70-eb9b7743f5f4_1779026063909.png
 create mode 100644 docs/artifacts/f2dac644-195e-4a29-aa70-eb9b7743f5f4/.tempmediaStorage/media_f2dac644-195e-4a29-aa70-eb9b7743f5f4_1779026069254.png
 create mode 100644 docs/artifacts/f2dac644-195e-4a29-aa70-eb9b7743f5f4/.tempmediaStorage/media_f2dac644-195e-4a29-aa70-eb9b7743f5f4_1779026074593.png
 create mode 100644 docs/artifacts/f2dac644-195e-4a29-aa70-eb9b7743f5f4/.tempmediaStorage/media_f2dac644-195e-4a29-aa70-eb9b7743f5f4_1779026078423.png
 create mode 100644 docs/artifacts/f2dac644-195e-4a29-aa70-eb9b7743f5f4/.tempmediaStorage/media_f2dac644-195e-4a29-aa70-eb9b7743f5f4_1779026081355.png
 create mode 100644 docs/artifacts/f2dac644-195e-4a29-aa70-eb9b7743f5f4/.tempmediaStorage/media_f2dac644-195e-4a29-aa70-eb9b7743f5f4_1779026084342.png
 create mode 100644 docs/artifacts/f2dac644-195e-4a29-aa70-eb9b7743f5f4/.tempmediaStorage/media_f2dac644-195e-4a29-aa70-eb9b7743f5f4_1779026090195.png
 create mode 100644 docs/artifacts/f2dac644-195e-4a29-aa70-eb9b7743f5f4/.tempmediaStorage/media_f2dac644-195e-4a29-aa70-eb9b7743f5f4_1779026093130.png
 create mode 100644 docs/artifacts/f2dac644-195e-4a29-aa70-eb9b7743f5f4/.tempmediaStorage/media_f2dac644-195e-4a29-aa70-eb9b7743f5f4_1779026095459.png
 create mode 100644 docs/artifacts/f2dac644-195e-4a29-aa70-eb9b7743f5f4/.tempmediaStorage/media_f2dac644-195e-4a29-aa70-eb9b7743f5f4_1779026098957.png
 create mode 100644 docs/artifacts/f2dac644-195e-4a29-aa70-eb9b7743f5f4/.tempmediaStorage/media_f2dac644-195e-4a29-aa70-eb9b7743f5f4_1779027372986.png
 create mode 100644 docs/artifacts/f2dac644-195e-4a29-aa70-eb9b7743f5f4/.tempmediaStorage/media_f2dac644-195e-4a29-aa70-eb9b7743f5f4_1779027379671.png
 create mode 100644 docs/artifacts/f2dac644-195e-4a29-aa70-eb9b7743f5f4/.tempmediaStorage/media_f2dac644-195e-4a29-aa70-eb9b7743f5f4_1779027385186.png
 create mode 100644 docs/artifacts/f2dac644-195e-4a29-aa70-eb9b7743f5f4/.tempmediaStorage/media_f2dac644-195e-4a29-aa70-eb9b7743f5f4_1779027391410.png
 create mode 100644 docs/artifacts/f2dac644-195e-4a29-aa70-eb9b7743f5f4/.tempmediaStorage/media_f2dac644-195e-4a29-aa70-eb9b7743f5f4_1779027398237.png
 create mode 100644 docs/artifacts/f2dac644-195e-4a29-aa70-eb9b7743f5f4/.tempmediaStorage/media_f2dac644-195e-4a29-aa70-eb9b7743f5f4_1779027402596.png
 create mode 100644 docs/artifacts/f2dac644-195e-4a29-aa70-eb9b7743f5f4/.tempmediaStorage/media_f2dac644-195e-4a29-aa70-eb9b7743f5f4_1779027410647.png
 create mode 100644 docs/artifacts/f2dac644-195e-4a29-aa70-eb9b7743f5f4/.tempmediaStorage/media_f2dac644-195e-4a29-aa70-eb9b7743f5f4_1779027416248.png
 create mode 100644 docs/artifacts/f2dac644-195e-4a29-aa70-eb9b7743f5f4/.tempmediaStorage/media_f2dac644-195e-4a29-aa70-eb9b7743f5f4_1779027423656.png
 create mode 100644 docs/artifacts/f2dac644-195e-4a29-aa70-eb9b7743f5f4/.tempmediaStorage/media_f2dac644-195e-4a29-aa70-eb9b7743f5f4_1779027433080.png
 create mode 100644 docs/artifacts/f2dac644-195e-4a29-aa70-eb9b7743f5f4/.tempmediaStorage/media_f2dac644-195e-4a29-aa70-eb9b7743f5f4_1779027439712.png
 create mode 100644 docs/artifacts/f2dac644-195e-4a29-aa70-eb9b7743f5f4/.tempmediaStorage/media_f2dac644-195e-4a29-aa70-eb9b7743f5f4_1779027452442.png
 create mode 100644 docs/artifacts/f2dac644-195e-4a29-aa70-eb9b7743f5f4/.tempmediaStorage/media_f2dac644-195e-4a29-aa70-eb9b7743f5f4_1779027457187.png
 create mode 100644 docs/artifacts/f2dac644-195e-4a29-aa70-eb9b7743f5f4/.tempmediaStorage/media_f2dac644-195e-4a29-aa70-eb9b7743f5f4_1779027488041.png
 create mode 100644 docs/artifacts/f2dac644-195e-4a29-aa70-eb9b7743f5f4/.tempmediaStorage/media_f2dac644-195e-4a29-aa70-eb9b7743f5f4_1779027493041.png
 create mode 100644 docs/artifacts/f2dac644-195e-4a29-aa70-eb9b7743f5f4/.tempmediaStorage/media_f2dac644-195e-4a29-aa70-eb9b7743f5f4_1779027497746.png
 create mode 100644 docs/artifacts/f2dac644-195e-4a29-aa70-eb9b7743f5f4/.tempmediaStorage/media_f2dac644-195e-4a29-aa70-eb9b7743f5f4_1779027505505.png
 create mode 100644 docs/artifacts/f2dac644-195e-4a29-aa70-eb9b7743f5f4/.tempmediaStorage/media_f2dac644-195e-4a29-aa70-eb9b7743f5f4_1779027510709.png
 create mode 100644 docs/artifacts/f2dac644-195e-4a29-aa70-eb9b7743f5f4/.tempmediaStorage/media_f2dac644-195e-4a29-aa70-eb9b7743f5f4_1779027516171.png
 create mode 100644 docs/artifacts/f2dac644-195e-4a29-aa70-eb9b7743f5f4/.tempmediaStorage/media_f2dac644-195e-4a29-aa70-eb9b7743f5f4_1779027522318.png
 create mode 100644 docs/artifacts/f2dac644-195e-4a29-aa70-eb9b7743f5f4/.tempmediaStorage/media_f2dac644-195e-4a29-aa70-eb9b7743f5f4_1779027528159.png
 create mode 100644 docs/artifacts/f2dac644-195e-4a29-aa70-eb9b7743f5f4/.tempmediaStorage/media_f2dac644-195e-4a29-aa70-eb9b7743f5f4_1779027540214.png
 create mode 100644 docs/artifacts/f2dac644-195e-4a29-aa70-eb9b7743f5f4/.tempmediaStorage/media_f2dac644-195e-4a29-aa70-eb9b7743f5f4_1779027545657.png
 create mode 100644 docs/artifacts/f2dac644-195e-4a29-aa70-eb9b7743f5f4/.tempmediaStorage/media_f2dac644-195e-4a29-aa70-eb9b7743f5f4_1779027555931.png
 create mode 100644 docs/artifacts/f2dac644-195e-4a29-aa70-eb9b7743f5f4/.tempmediaStorage/media_f2dac644-195e-4a29-aa70-eb9b7743f5f4_1779027563118.png
 create mode 100644 docs/artifacts/f2dac644-195e-4a29-aa70-eb9b7743f5f4/.tempmediaStorage/media_f2dac644-195e-4a29-aa70-eb9b7743f5f4_1779027569171.png
 create mode 100644 docs/artifacts/f2dac644-195e-4a29-aa70-eb9b7743f5f4/.tempmediaStorage/media_f2dac644-195e-4a29-aa70-eb9b7743f5f4_1779027574955.png
 create mode 100644 docs/artifacts/f2dac644-195e-4a29-aa70-eb9b7743f5f4/.tempmediaStorage/media_f2dac644-195e-4a29-aa70-eb9b7743f5f4_1779027575775.png
 create mode 100644 docs/artifacts/f2dac644-195e-4a29-aa70-eb9b7743f5f4/artifacts/project_audit.md
 create mode 100644 docs/artifacts/f2dac644-195e-4a29-aa70-eb9b7743f5f4/artifacts/project_audit.md.metadata.json
 create mode 100644 docs/artifacts/f2dac644-195e-4a29-aa70-eb9b7743f5f4/artifacts/project_audit.md.resolved
 create mode 100644 docs/artifacts/f2dac644-195e-4a29-aa70-eb9b7743f5f4/artifacts/project_audit.md.resolved.0
 create mode 100644 docs/artifacts/f2dac644-195e-4a29-aa70-eb9b7743f5f4/artifacts/project_audit.md.resolved.1
 create mode 100644 docs/artifacts/f2dac644-195e-4a29-aa70-eb9b7743f5f4/artifacts/project_audit.md.resolved.2
 create mode 100644 docs/artifacts/f2dac644-195e-4a29-aa70-eb9b7743f5f4/artifacts/project_audit.md.resolved.3
 create mode 100644 docs/artifacts/f2dac644-195e-4a29-aa70-eb9b7743f5f4/browser/scratchpad_2bztnijr.md
 create mode 100644 docs/artifacts/f2dac644-195e-4a29-aa70-eb9b7743f5f4/browser/scratchpad_2bztnijr.md.resolved
 create mode 100644 docs/artifacts/f2dac644-195e-4a29-aa70-eb9b7743f5f4/browser/scratchpad_2bztnijr.md.resolved.0
 create mode 100644 docs/artifacts/f2dac644-195e-4a29-aa70-eb9b7743f5f4/browser/scratchpad_2bztnijr.md.resolved.1
 create mode 100644 docs/artifacts/f2dac644-195e-4a29-aa70-eb9b7743f5f4/browser/scratchpad_2bztnijr.md.resolved.2
 create mode 100644 docs/artifacts/f2dac644-195e-4a29-aa70-eb9b7743f5f4/browser/scratchpad_2bztnijr.md.resolved.3
 create mode 100644 docs/artifacts/f2dac644-195e-4a29-aa70-eb9b7743f5f4/browser/scratchpad_2bztnijr.md.resolved.4
 create mode 100644 docs/artifacts/f2dac644-195e-4a29-aa70-eb9b7743f5f4/browser/scratchpad_2yg6d5j8.md
 create mode 100644 docs/artifacts/f2dac644-195e-4a29-aa70-eb9b7743f5f4/browser/scratchpad_2yg6d5j8.md.resolved
 create mode 100644 docs/artifacts/f2dac644-195e-4a29-aa70-eb9b7743f5f4/browser/scratchpad_2yg6d5j8.md.resolved.0
 create mode 100644 docs/artifacts/f2dac644-195e-4a29-aa70-eb9b7743f5f4/browser/scratchpad_2yg6d5j8.md.resolved.1
 create mode 100644 docs/artifacts/f2dac644-195e-4a29-aa70-eb9b7743f5f4/browser/scratchpad_2yg6d5j8.md.resolved.2
 create mode 100644 docs/artifacts/f2dac644-195e-4a29-aa70-eb9b7743f5f4/browser/scratchpad_rwgjeql8.md
 create mode 100644 docs/artifacts/f2dac644-195e-4a29-aa70-eb9b7743f5f4/browser/scratchpad_rwgjeql8.md.resolved
 create mode 100644 docs/artifacts/f2dac644-195e-4a29-aa70-eb9b7743f5f4/browser/scratchpad_rwgjeql8.md.resolved.0
 create mode 100644 docs/artifacts/f2dac644-195e-4a29-aa70-eb9b7743f5f4/browser/scratchpad_rwgjeql8.md.resolved.1
 create mode 100644 docs/artifacts/f2dac644-195e-4a29-aa70-eb9b7743f5f4/browser/scratchpad_rwgjeql8.md.resolved.2
 create mode 100644 docs/artifacts/f2dac644-195e-4a29-aa70-eb9b7743f5f4/browser/scratchpad_rwgjeql8.md.resolved.3
 create mode 100644 docs/artifacts/f2dac644-195e-4a29-aa70-eb9b7743f5f4/browser/scratchpad_rwgjeql8.md.resolved.4
 create mode 100644 docs/artifacts/f2dac644-195e-4a29-aa70-eb9b7743f5f4/browser_dev_view_1779026032465.webp
 create mode 100644 docs/artifacts/f2dac644-195e-4a29-aa70-eb9b7743f5f4/debug_ledger_edit_1779027367605.webp
 create mode 100644 docs/artifacts/f2dac644-195e-4a29-aa70-eb9b7743f5f4/desktop_launcher_required_1779027574987.png
 create mode 100644 docs/artifacts/f2dac644-195e-4a29-aa70-eb9b7743f5f4/initial_dashboard_view_1779026038835.png
 create mode 100644 docs/artifacts/f2dac644-195e-4a29-aa70-eb9b7743f5f4/media__1779025684042.png
 create mode 100644 docs/artifacts/f2dac644-195e-4a29-aa70-eb9b7743f5f4/media__1779026782040.png
 create mode 100644 docs/artifacts/f2dac644-195e-4a29-aa70-eb9b7743f5f4/media__1779026971059.png
 create mode 100644 docs/artifacts/f2dac644-195e-4a29-aa70-eb9b7743f5f4/media__1779027799974.png
 create mode 100644 docs/artifacts/f2dac644-195e-4a29-aa70-eb9b7743f5f4/media__1779028112212.png
 create mode 100644 docs/artifacts/f2dac644-195e-4a29-aa70-eb9b7743f5f4/media__1779028487194.png
 create mode 100644 docs/artifacts/f2dac644-195e-4a29-aa70-eb9b7743f5f4/media__1779029573383.png
 create mode 100644 docs/artifacts/f2dac644-195e-4a29-aa70-eb9b7743f5f4/media__1779398182426.png
 create mode 100644 docs/artifacts/f2dac644-195e-4a29-aa70-eb9b7743f5f4/ocr_debug_1779025904449.webp
 create mode 100644 docs/artifacts/f2dac644-195e-4a29-aa70-eb9b7743f5f4/project_budget_signoff.md
 create mode 100644 docs/artifacts/f2dac644-195e-4a29-aa70-eb9b7743f5f4/project_budget_signoff.md.metadata.json
 create mode 100644 docs/artifacts/f2dac644-195e-4a29-aa70-eb9b7743f5f4/project_budget_signoff.md.resolved
 create mode 100644 docs/artifacts/f2dac644-195e-4a29-aa70-eb9b7743f5f4/project_budget_signoff.md.resolved.0
 create mode 100644 docs/artifacts/f563018f-586a-4df6-a3c8-791f656e4a7c/uploaded_image_0_1766648140743.png
 create mode 100644 docs/artifacts/f563018f-586a-4df6-a3c8-791f656e4a7c/uploaded_image_1766612742787.png
 create mode 100644 docs/artifacts/f563018f-586a-4df6-a3c8-791f656e4a7c/uploaded_image_1766650325089.png
 create mode 100644 docs/artifacts/f563018f-586a-4df6-a3c8-791f656e4a7c/uploaded_image_1766652424170.png
 create mode 100644 docs/artifacts/f563018f-586a-4df6-a3c8-791f656e4a7c/uploaded_image_1766654851225.png
 create mode 100644 docs/artifacts/f563018f-586a-4df6-a3c8-791f656e4a7c/uploaded_image_1_1766648140743.png
 create mode 100644 docs/artifacts/f6a96a24-3018-433b-a52c-80403535f52d/implementation_plan.md
 create mode 100644 docs/artifacts/f6a96a24-3018-433b-a52c-80403535f52d/implementation_plan.md.metadata.json
 create mode 100644 docs/artifacts/f6a96a24-3018-433b-a52c-80403535f52d/implementation_plan.md.resolved
 create mode 100644 docs/artifacts/f6a96a24-3018-433b-a52c-80403535f52d/implementation_plan.md.resolved.0
 create mode 100644 docs/artifacts/f6a96a24-3018-433b-a52c-80403535f52d/implementation_plan.md.resolved.1
 create mode 100644 docs/artifacts/f6a96a24-3018-433b-a52c-80403535f52d/implementation_plan.md.resolved.2
 create mode 100644 docs/artifacts/f6a96a24-3018-433b-a52c-80403535f52d/implementation_plan.md.resolved.3
 create mode 100644 docs/artifacts/f6a96a24-3018-433b-a52c-80403535f52d/implementation_plan.md.resolved.4
 create mode 100644 docs/artifacts/f6a96a24-3018-433b-a52c-80403535f52d/implementation_plan.md.resolved.5
 create mode 100644 docs/artifacts/f6a96a24-3018-433b-a52c-80403535f52d/task.md
 create mode 100644 docs/artifacts/f6a96a24-3018-433b-a52c-80403535f52d/task.md.metadata.json
 create mode 100644 docs/artifacts/f6a96a24-3018-433b-a52c-80403535f52d/task.md.resolved
 create mode 100644 docs/artifacts/f6a96a24-3018-433b-a52c-80403535f52d/task.md.resolved.0
 create mode 100644 docs/artifacts/f6a96a24-3018-433b-a52c-80403535f52d/task.md.resolved.1
 create mode 100644 docs/artifacts/f6a96a24-3018-433b-a52c-80403535f52d/task.md.resolved.10
 create mode 100644 docs/artifacts/f6a96a24-3018-433b-a52c-80403535f52d/task.md.resolved.11
 create mode 100644 docs/artifacts/f6a96a24-3018-433b-a52c-80403535f52d/task.md.resolved.12
 create mode 100644 docs/artifacts/f6a96a24-3018-433b-a52c-80403535f52d/task.md.resolved.13
 create mode 100644 docs/artifacts/f6a96a24-3018-433b-a52c-80403535f52d/task.md.resolved.14
 create mode 100644 docs/artifacts/f6a96a24-3018-433b-a52c-80403535f52d/task.md.resolved.15
 create mode 100644 docs/artifacts/f6a96a24-3018-433b-a52c-80403535f52d/task.md.resolved.16
 create mode 100644 docs/artifacts/f6a96a24-3018-433b-a52c-80403535f52d/task.md.resolved.17
 create mode 100644 docs/artifacts/f6a96a24-3018-433b-a52c-80403535f52d/task.md.resolved.2
 create mode 100644 docs/artifacts/f6a96a24-3018-433b-a52c-80403535f52d/task.md.resolved.3
 create mode 100644 docs/artifacts/f6a96a24-3018-433b-a52c-80403535f52d/task.md.resolved.4
 create mode 100644 docs/artifacts/f6a96a24-3018-433b-a52c-80403535f52d/task.md.resolved.5
 create mode 100644 docs/artifacts/f6a96a24-3018-433b-a52c-80403535f52d/task.md.resolved.6
 create mode 100644 docs/artifacts/f6a96a24-3018-433b-a52c-80403535f52d/task.md.resolved.7
 create mode 100644 docs/artifacts/f6a96a24-3018-433b-a52c-80403535f52d/task.md.resolved.8
 create mode 100644 docs/artifacts/f6a96a24-3018-433b-a52c-80403535f52d/task.md.resolved.9
 create mode 100644 docs/artifacts/f6a96a24-3018-433b-a52c-80403535f52d/uploaded_image_1765219743490.png
 create mode 100644 docs/artifacts/f6a96a24-3018-433b-a52c-80403535f52d/uploaded_image_1765220698354.png
 create mode 100644 docs/artifacts/f6a96a24-3018-433b-a52c-80403535f52d/uploaded_image_1765220860278.png
 create mode 100644 docs/artifacts/f6a96a24-3018-433b-a52c-80403535f52d/uploaded_image_1765221135213.png
 create mode 100644 docs/artifacts/f6a96a24-3018-433b-a52c-80403535f52d/uploaded_image_1765221275589.png
 create mode 100644 docs/artifacts/f6a96a24-3018-433b-a52c-80403535f52d/uploaded_image_1765222410045.png
 create mode 100644 docs/artifacts/f6a96a24-3018-433b-a52c-80403535f52d/uploaded_image_1765224737649.png
 create mode 100644 docs/artifacts/f6a96a24-3018-433b-a52c-80403535f52d/uploaded_image_1765224977883.png
 create mode 100644 docs/artifacts/f6a96a24-3018-433b-a52c-80403535f52d/walkthrough.md
 create mode 100644 docs/artifacts/f6a96a24-3018-433b-a52c-80403535f52d/walkthrough.md.metadata.json
 create mode 100644 docs/artifacts/f6a96a24-3018-433b-a52c-80403535f52d/walkthrough.md.resolved
 create mode 100644 docs/artifacts/f6a96a24-3018-433b-a52c-80403535f52d/walkthrough.md.resolved.0
 create mode 100644 docs/artifacts/f6a96a24-3018-433b-a52c-80403535f52d/walkthrough.md.resolved.1
 create mode 100644 docs/artifacts/f6a96a24-3018-433b-a52c-80403535f52d/walkthrough.md.resolved.10
 create mode 100644 docs/artifacts/f6a96a24-3018-433b-a52c-80403535f52d/walkthrough.md.resolved.2
 create mode 100644 docs/artifacts/f6a96a24-3018-433b-a52c-80403535f52d/walkthrough.md.resolved.3
 create mode 100644 docs/artifacts/f6a96a24-3018-433b-a52c-80403535f52d/walkthrough.md.resolved.4
 create mode 100644 docs/artifacts/f6a96a24-3018-433b-a52c-80403535f52d/walkthrough.md.resolved.5
 create mode 100644 docs/artifacts/f6a96a24-3018-433b-a52c-80403535f52d/walkthrough.md.resolved.6
 create mode 100644 docs/artifacts/f6a96a24-3018-433b-a52c-80403535f52d/walkthrough.md.resolved.7
 create mode 100644 docs/artifacts/f6a96a24-3018-433b-a52c-80403535f52d/walkthrough.md.resolved.8
 create mode 100644 docs/artifacts/f6a96a24-3018-433b-a52c-80403535f52d/walkthrough.md.resolved.9
 create mode 100644 docs/artifacts/tempmediaStorage/media__1772642687470.png
 create mode 100644 docs/artifacts/tempmediaStorage/media__1775584441525.png
 create mode 100644 docs/artifacts/tempmediaStorage/media__1781811536970.png
 delete mode 100644 graphify-out/.graphify_ast.json
 delete mode 100644 graphify-out/.graphify_detect.json
 create mode 100644 graphify-out/2026-07-04/.graphify_labels.json
 create mode 100644 graphify-out/2026-07-04/.graphify_semantic_marker
 create mode 100644 graphify-out/2026-07-04/GRAPH_REPORT.md
 create mode 100644 graphify-out/2026-07-04/cost.json
 create mode 100644 graphify-out/2026-07-04/graph.json
 create mode 100644 graphify-out/2026-07-04/manifest.json
 create mode 100644 graphify-out/cache/ast/v0.9.3/0e795aba645b19a25b952b1e95153c0bc41bc14ee12192f16f5f73976dc501c7.json
 create mode 100644 graphify-out/cache/ast/v0.9.3/1d8f8113adc7c13527fee59493fa80285bc069b4e2b0ad8dcf843a8096720c4e.json
 create mode 100644 graphify-out/cache/ast/v0.9.3/35c95c7555ee500b1f9cf677faae4b1e9f50f10a95d89541f486392c275ce075.json
 create mode 100644 graphify-out/cache/ast/v0.9.3/372673200c33c588acd9b61856e08b50a460bfb50e9004229d8ccf7c32689a8c.json
 create mode 100644 graphify-out/cache/ast/v0.9.3/420dd2c4467c43f7fe283ea939fd20ba5574b76eca6b1df0e285d02f893a781a.json
 create mode 100644 graphify-out/cache/ast/v0.9.3/425b7ca4848a98c68b3b1c66f0032a473dc530e504d6f67b625ff5b755bdba49.json
 create mode 100644 graphify-out/cache/ast/v0.9.3/63f171606dbf79cc77947a32fd04544934d27fa23f338b366eb19baaf136ed49.json
 create mode 100644 graphify-out/cache/ast/v0.9.3/718a933eba8524ce933f7be3a3e8010b5525b135df22ec4a4efef88e6a59dfd5.json
 create mode 100644 graphify-out/cache/ast/v0.9.3/b57ceea9a45336b33b4299d3653c8103d6c6b6eceaa6a4835b3bad479f0997a5.json
 create mode 100644 graphify-out/cache/ast/v0.9.3/c4222ccf768d7f00c188ac99a855142ec978051ae38b52362448230a813111bc.json
 create mode 100644 graphify-out/cache/ast/v0.9.3/d6dbc51113b982f050e76dec7e738df3bde96cf0f3dcf9689a3e7199df179f82.json
 create mode 100644 graphify-out/cache/ast/v0.9.3/dd649c11d76ebdacb3c9a4da0e31247d01e6ef3f63e765acfd0422e6201c0aa4.json
 create mode 100644 graphify-out/cache/ast/v0.9.3/e4775345e3c510d53d9b19f57ca57c9ad86a2f9cc54b286eed50bc2b9215dbc6.json
 create mode 100644 graphify-out/cost.json
To https://github.com/cdrivex4/antigravity.git
   d01c917..632aec4  main -> main
