ERROR: The process "appScrollBench.exe" not found.
Stopping any running instances...
Copying executable...
Executable already in deploy folder.
Deploying Qt dependencies...
Adding local dependencyD:/Dev/antigravity/test_scrollbench/deploy/avcodec-62.dll
Adding local dependencyD:/Dev/antigravity/test_scrollbench/deploy/avformat-62.dll
Adding local dependencyD:/Dev/antigravity/test_scrollbench/deploy/avutil-60.dll
Adding local dependencyD:/Dev/antigravity/test_scrollbench/deploy/swscale-9.dll
Adding local dependencyD:/Dev/antigravity/test_scrollbench/deploy/libgcc_s_seh-1.dll
Adding local dependencyD:/Dev/antigravity/test_scrollbench/deploy/libwinpthread-1.dll
Adding local dependencyD:/Dev/antigravity/test_scrollbench/deploy/libstdc++-6.dll
Adding local dependencyD:/Dev/antigravity/test_scrollbench/deploy/swresample-6.dll
D:\Dev\antigravity\test_scrollbench\deploy\appScrollBench.exe 64 bit, release executable [QML]
Scanning qml:
QML imports:
  'QtQuick' D:\Qt\6.9.3\mingw_64\qml\QtQuick
  'QtQml' D:\Qt\6.9.3\mingw_64\qml\QtQml
  'QML' D:\Qt\6.9.3\mingw_64\qml\QML
  'QtQml.Models' D:\Qt\6.9.3\mingw_64\qml\QtQml\Models
  'QtQml.WorkerScript' D:\Qt\6.9.3\mingw_64\qml\QtQml\WorkerScript
  'QtQuick.Controls' D:\Qt\6.9.3\mingw_64\qml\QtQuick\Controls
  'QtQuick.Controls.Fusion' D:\Qt\6.9.3\mingw_64\qml\QtQuick\Controls\Fusion
  'QtQuick.Controls.Material' D:\Qt\6.9.3\mingw_64\qml\QtQuick\Controls\Material
  'QtQuick.Controls.Imagine' D:\Qt\6.9.3\mingw_64\qml\QtQuick\Controls\Imagine
  'QtQuick.Controls.Universal' D:\Qt\6.9.3\mingw_64\qml\QtQuick\Controls\Universal
  'QtQuick.Controls.FluentWinUI3' D:\Qt\6.9.3\mingw_64\qml\QtQuick\Controls\FluentWinUI3
  'QtQuick.Controls.Windows' D:\Qt\6.9.3\mingw_64\qml\QtQuick\Controls\Windows
  'QtQuick.Controls.Basic' D:\Qt\6.9.3\mingw_64\qml\QtQuick\Controls\Basic
  'QtQuick.Templates' D:\Qt\6.9.3\mingw_64\qml\QtQuick\Templates
  'QtQuick.Controls.impl' D:\Qt\6.9.3\mingw_64\qml\QtQuick\Controls\impl
  'QtQuick.Controls.Fusion.impl' D:\Qt\6.9.3\mingw_64\qml\QtQuick\Controls\Fusion\impl
  'QtQuick.Window' D:\Qt\6.9.3\mingw_64\qml\QtQuick\Window
  'QtQuick.Controls.Material.impl' D:\Qt\6.9.3\mingw_64\qml\QtQuick\Controls\Material\impl
  'QtQuick.Controls.Imagine.impl' D:\Qt\6.9.3\mingw_64\qml\QtQuick\Controls\Imagine\impl
  'QtQuick.Controls.Universal.impl' D:\Qt\6.9.3\mingw_64\qml\QtQuick\Controls\Universal\impl
  'QtQuick.Controls.FluentWinUI3.impl' D:\Qt\6.9.3\mingw_64\qml\QtQuick\Controls\FluentWinUI3\impl
  'QtQuick.Effects' D:\Qt\6.9.3\mingw_64\qml\QtQuick\Effects
  'QtQuick.Layouts' D:\Qt\6.9.3\mingw_64\qml\QtQuick\Layouts
  'QtQuick.Shapes' D:\Qt\6.9.3\mingw_64\qml\QtQuick\Shapes
  'QtQuick.NativeStyle' D:\Qt\6.9.3\mingw_64\qml\QtQuick\NativeStyle
  'QtQuick.Controls.Windows.impl' D:\Qt\6.9.3\mingw_64\qml\QtQuick\Controls\Windows\impl
  'QtQuick.Controls.Basic.impl' D:\Qt\6.9.3\mingw_64\qml\QtQuick\Controls\Basic\impl
  'Qt.labs.qmlmodels' D:\Qt\6.9.3\mingw_64\qml\Qt\labs\qmlmodels
  'QtQuick.Dialogs' D:\Qt\6.9.3\mingw_64\qml\QtQuick\Dialogs
  'QtQuick.Dialogs.quickimpl' D:\Qt\6.9.3\mingw_64\qml\QtQuick\Dialogs\quickimpl
  'Qt.labs.folderlistmodel' D:\Qt\6.9.3\mingw_64\qml\Qt\labs\folderlistmodel
  'Qt.labs.settings' D:\Qt\6.9.3\mingw_64\qml\Qt\labs\settings
  'QtMultimedia' D:\Qt\6.9.3\mingw_64\qml\QtMultimedia
Adding in plugin type generic for module: Qt6Gui
Adding in plugin type iconengines for module: Qt6Gui
Adding Qt6Svg for qsvgicon.dll from plugin type: iconengines
Adding in plugin type imageformats for module: Qt6Gui
Adding in plugin type multimedia for module: Qt6Multimedia
Adding in plugin type networkinformation for module: Qt6Network
Adding in plugin type platforms for module: Qt6Gui
Adding in plugin type qmltooling for module: Qt6Qml
Adding Qt6Quick3DUtils for qmldbg_quick3dprofiler.dll from plugin type: qmltooling
Adding in plugin type tls for module: Qt6Network
Skipping plugin qopensslbackend.dll. Use -force-openssl or specify -openssl-root if you want to use it.
Direct dependencies: Qt6Core Qt6Gui Qt6Network Qt6OpenGL Qt6Qml Qt6QmlMeta Qt6QmlModels Qt6QmlWorkerScript Qt6Quick Qt6QuickControls2 Qt6QuickTemplates2
All dependencies   : Qt6Core Qt6Gui Qt6LabsFolderListModel Qt6LabsQmlModels Qt6LabsSettings Qt6Multimedia Qt6MultimediaQuick Qt6Network Qt6OpenGL Qt6Qml Qt6QmlMeta Qt6QmlModels Qt6QmlWorkerScript Qt6Quick Qt6QuickControls2 Qt6QuickControls2Basic Qt6QuickControls2BasicStyleImpl Qt6QuickControls2FluentWinUI3StyleImpl Qt6QuickControls2Fusion Qt6QuickControls2FusionStyleImpl Qt6QuickControls2Imagine Qt6QuickControls2ImagineStyleImpl Qt6QuickControls2Impl Qt6QuickControls2Material Qt6QuickControls2MaterialStyleImpl Qt6QuickControls2Universal Qt6QuickControls2UniversalStyleImpl Qt6QuickControls2WindowsStyleImpl Qt6QuickDialogs2 Qt6QuickDialogs2QuickImpl Qt6QuickDialogs2Utils Qt6QuickEffects Qt6QuickLayouts Qt6QuickShapes Qt6QuickTemplates2
To be deployed     : Qt6Core Qt6Gui Qt6LabsFolderListModel Qt6LabsQmlModels Qt6LabsSettings Qt6Multimedia Qt6MultimediaQuick Qt6Network Qt6OpenGL Qt6Qml Qt6QmlMeta Qt6QmlModels Qt6QmlWorkerScript Qt6Quick Qt6Quick3DUtils Qt6QuickControls2 Qt6QuickControls2Basic Qt6QuickControls2BasicStyleImpl Qt6QuickControls2FluentWinUI3StyleImpl Qt6QuickControls2Fusion Qt6QuickControls2FusionStyleImpl Qt6QuickControls2Imagine Qt6QuickControls2ImagineStyleImpl Qt6QuickControls2Impl Qt6QuickControls2Material Qt6QuickControls2MaterialStyleImpl Qt6QuickControls2Universal Qt6QuickControls2UniversalStyleImpl Qt6QuickControls2WindowsStyleImpl Qt6QuickDialogs2 Qt6QuickDialogs2QuickImpl Qt6QuickDialogs2Utils Qt6QuickEffects Qt6QuickLayouts Qt6QuickShapes Qt6QuickTemplates2 Qt6Svg
Qt6Core.dll is up to date.
Qt6Gui.dll is up to date.
Qt6LabsFolderListModel.dll is up to date.
Qt6LabsQmlModels.dll is up to date.
Qt6LabsSettings.dll is up to date.
Qt6Multimedia.dll is up to date.
Qt6MultimediaQuick.dll is up to date.
Qt6Network.dll is up to date.
Qt6OpenGL.dll is up to date.
Qt6Qml.dll is up to date.
Qt6QmlMeta.dll is up to date.
Qt6QmlModels.dll is up to date.
Qt6QmlWorkerScript.dll is up to date.
Qt6Quick.dll is up to date.
Qt6Quick3DUtils.dll is up to date.
Qt6QuickControls2.dll is up to date.
Qt6QuickControls2Basic.dll is up to date.
Qt6QuickControls2BasicStyleImpl.dll is up to date.
Qt6QuickControls2FluentWinUI3StyleImpl.dll is up to date.
Qt6QuickControls2Fusion.dll is up to date.
Qt6QuickControls2FusionStyleImpl.dll is up to date.
Qt6QuickControls2Imagine.dll is up to date.
Qt6QuickControls2ImagineStyleImpl.dll is up to date.
Qt6QuickControls2Impl.dll is up to date.
Qt6QuickControls2Material.dll is up to date.
Qt6QuickControls2MaterialStyleImpl.dll is up to date.
Qt6QuickControls2Universal.dll is up to date.
Qt6QuickControls2UniversalStyleImpl.dll is up to date.
Qt6QuickControls2WindowsStyleImpl.dll is up to date.
Qt6QuickDialogs2.dll is up to date.
Qt6QuickDialogs2QuickImpl.dll is up to date.
Qt6QuickDialogs2Utils.dll is up to date.
Qt6QuickEffects.dll is up to date.
Qt6QuickLayouts.dll is up to date.
Qt6QuickShapes.dll is up to date.
Qt6QuickTemplates2.dll is up to date.
Qt6Svg.dll is up to date.
opengl32sw.dll is up to date.
D3Dcompiler_47.dll is up to date.
dxcompiler.dll is up to date.
avcodec-61.dll is up to date.
avformat-61.dll is up to date.
avutil-59.dll is up to date.
swresample-5.dll is up to date.
swscale-8.dll is up to date.
libgcc_s_seh-1.dll is up to date.
libstdc++-6.dll is up to date.
libwinpthread-1.dll is up to date.
qtuiotouchplugin.dll is up to date.
qsvgicon.dll is up to date.
qgif.dll is up to date.
qicns.dll is up to date.
qico.dll is up to date.
qjpeg.dll is up to date.
qsvg.dll is up to date.
qtga.dll is up to date.
qtiff.dll is up to date.
qwbmp.dll is up to date.
qwebp.dll is up to date.
ffmpegmediaplugin.dll is up to date.
windowsmediaplugin.dll is up to date.
qnetworklistmanager.dll is up to date.
qwindows.dll is up to date.
qmldbg_debugger.dll is up to date.
qmldbg_inspector.dll is up to date.
qmldbg_local.dll is up to date.
qmldbg_messages.dll is up to date.
qmldbg_native.dll is up to date.
qmldbg_nativedebugger.dll is up to date.
qmldbg_preview.dll is up to date.
qmldbg_profiler.dll is up to date.
qmldbg_quick3dprofiler.dll is up to date.
qmldbg_quickprofiler.dll is up to date.
qmldbg_server.dll is up to date.
qmldbg_tcp.dll is up to date.
qcertonlybackend.dll is up to date.
qschannelbackend.dll is up to date.
qtquick2plugin.dll is up to date.
plugins.qmltypes is up to date.
qmldir is up to date.
Skipping D:\Qt\6.9.3\mingw_64\qml\QtQuick\Controls\designer.
qmlplugin.dll is up to date.
plugins.qmltypes is up to date.
qmldir is up to date.
plugins.qmltypes is up to date.
qmldir is up to date.
modelsplugin.dll is up to date.
plugins.qmltypes is up to date.
qmldir is up to date.
workerscriptplugin.dll is up to date.
plugins.qmltypes is up to date.
qmldir is up to date.
qtquickcontrols2plugin.dll is up to date.
plugins.qmltypes is up to date.
qmldir is up to date.
Skipping D:\Qt\6.9.3\mingw_64\qml\QtQuick\Controls\designer.
qtquickcontrols2fusionstyleplugin.dll is up to date.
ApplicationWindow.qml is up to date.
BusyIndicator.qml is up to date.
Button.qml is up to date.
CheckBox.qml is up to date.
CheckDelegate.qml is up to date.
ComboBox.qml is up to date.
DelayButton.qml is up to date.
Dial.qml is up to date.
Dialog.qml is up to date.
DialogButtonBox.qml is up to date.
Drawer.qml is up to date.
Frame.qml is up to date.
GroupBox.qml is up to date.
HorizontalHeaderView.qml is up to date.
ItemDelegate.qml is up to date.
Label.qml is up to date.
Menu.qml is up to date.
MenuBar.qml is up to date.
MenuBarItem.qml is up to date.
MenuItem.qml is up to date.
MenuSeparator.qml is up to date.
Page.qml is up to date.
PageIndicator.qml is up to date.
Pane.qml is up to date.
plugins.qmltypes is up to date.
Popup.qml is up to date.
ProgressBar.qml is up to date.
qmldir is up to date.
RadioButton.qml is up to date.
RadioDelegate.qml is up to date.
RangeSlider.qml is up to date.
RoundButton.qml is up to date.
ScrollBar.qml is up to date.
ScrollIndicator.qml is up to date.
ScrollView.qml is up to date.
SelectionRectangle.qml is up to date.
Slider.qml is up to date.
SpinBox.qml is up to date.
SplitView.qml is up to date.
SwipeDelegate.qml is up to date.
Switch.qml is up to date.
SwitchDelegate.qml is up to date.
TabBar.qml is up to date.
TabButton.qml is up to date.
TextArea.qml is up to date.
TextField.qml is up to date.
ToolBar.qml is up to date.
ToolButton.qml is up to date.
ToolSeparator.qml is up to date.
ToolTip.qml is up to date.
TreeViewDelegate.qml is up to date.
Tumbler.qml is up to date.
VerticalHeaderView.qml is up to date.
qtquickcontrols2materialstyleplugin.dll is up to date.
ApplicationWindow.qml is up to date.
BusyIndicator.qml is up to date.
Button.qml is up to date.
CheckBox.qml is up to date.
CheckDelegate.qml is up to date.
ComboBox.qml is up to date.
DelayButton.qml is up to date.
Dial.qml is up to date.
Dialog.qml is up to date.
DialogButtonBox.qml is up to date.
Drawer.qml is up to date.
Frame.qml is up to date.
GroupBox.qml is up to date.
HorizontalHeaderView.qml is up to date.
ItemDelegate.qml is up to date.
Label.qml is up to date.
Menu.qml is up to date.
MenuBar.qml is up to date.
MenuBarItem.qml is up to date.
MenuItem.qml is up to date.
MenuSeparator.qml is up to date.
Page.qml is up to date.
PageIndicator.qml is up to date.
Pane.qml is up to date.
plugins.qmltypes is up to date.
Popup.qml is up to date.
ProgressBar.qml is up to date.
qmldir is up to date.
RadioButton.qml is up to date.
RadioDelegate.qml is up to date.
RangeSlider.qml is up to date.
RoundButton.qml is up to date.
ScrollBar.qml is up to date.
ScrollIndicator.qml is up to date.
ScrollView.qml is up to date.
SelectionRectangle.qml is up to date.
Slider.qml is up to date.
SpinBox.qml is up to date.
SplitView.qml is up to date.
StackView.qml is up to date.
SwipeDelegate.qml is up to date.
SwipeView.qml is up to date.
Switch.qml is up to date.
SwitchDelegate.qml is up to date.
TabBar.qml is up to date.
TabButton.qml is up to date.
TextArea.qml is up to date.
TextField.qml is up to date.
ToolBar.qml is up to date.
ToolButton.qml is up to date.
ToolSeparator.qml is up to date.
ToolTip.qml is up to date.
TreeViewDelegate.qml is up to date.
Tumbler.qml is up to date.
VerticalHeaderView.qml is up to date.
qtquickcontrols2imaginestyleplugin.dll is up to date.
ApplicationWindow.qml is up to date.
BusyIndicator.qml is up to date.
Button.qml is up to date.
CheckBox.qml is up to date.
CheckDelegate.qml is up to date.
ComboBox.qml is up to date.
DelayButton.qml is up to date.
Dial.qml is up to date.
Dialog.qml is up to date.
DialogButtonBox.qml is up to date.
Drawer.qml is up to date.
Frame.qml is up to date.
GroupBox.qml is up to date.
HorizontalHeaderView.qml is up to date.
ItemDelegate.qml is up to date.
Label.qml is up to date.
Menu.qml is up to date.
MenuItem.qml is up to date.
MenuSeparator.qml is up to date.
Page.qml is up to date.
PageIndicator.qml is up to date.
Pane.qml is up to date.
plugins.qmltypes is up to date.
Popup.qml is up to date.
ProgressBar.qml is up to date.
qmldir is up to date.
RadioButton.qml is up to date.
RadioDelegate.qml is up to date.
RangeSlider.qml is up to date.
RoundButton.qml is up to date.
ScrollBar.qml is up to date.
ScrollIndicator.qml is up to date.
ScrollView.qml is up to date.
SelectionRectangle.qml is up to date.
Slider.qml is up to date.
SpinBox.qml is up to date.
SplitView.qml is up to date.
StackView.qml is up to date.
SwipeDelegate.qml is up to date.
SwipeView.qml is up to date.
Switch.qml is up to date.
SwitchDelegate.qml is up to date.
TabBar.qml is up to date.
TabButton.qml is up to date.
TextArea.qml is up to date.
TextField.qml is up to date.
ToolBar.qml is up to date.
ToolButton.qml is up to date.
ToolSeparator.qml is up to date.
ToolTip.qml is up to date.
Tumbler.qml is up to date.
VerticalHeaderView.qml is up to date.
qtquickcontrols2universalstyleplugin.dll is up to date.
ApplicationWindow.qml is up to date.
BusyIndicator.qml is up to date.
Button.qml is up to date.
CheckBox.qml is up to date.
CheckDelegate.qml is up to date.
ComboBox.qml is up to date.
DelayButton.qml is up to date.
Dial.qml is up to date.
Dialog.qml is up to date.
DialogButtonBox.qml is up to date.
Drawer.qml is up to date.
Frame.qml is up to date.
GroupBox.qml is up to date.
HorizontalHeaderView.qml is up to date.
ItemDelegate.qml is up to date.
Label.qml is up to date.
Menu.qml is up to date.
MenuBar.qml is up to date.
MenuBarItem.qml is up to date.
MenuItem.qml is up to date.
MenuSeparator.qml is up to date.
Page.qml is up to date.
PageIndicator.qml is up to date.
Pane.qml is up to date.
plugins.qmltypes is up to date.
Popup.qml is up to date.
ProgressBar.qml is up to date.
qmldir is up to date.
RadioButton.qml is up to date.
RadioDelegate.qml is up to date.
RangeSlider.qml is up to date.
RoundButton.qml is up to date.
ScrollBar.qml is up to date.
ScrollIndicator.qml is up to date.
ScrollView.qml is up to date.
SelectionRectangle.qml is up to date.
Slider.qml is up to date.
SpinBox.qml is up to date.
SplitView.qml is up to date.
StackView.qml is up to date.
SwipeDelegate.qml is up to date.
Switch.qml is up to date.
SwitchDelegate.qml is up to date.
TabBar.qml is up to date.
TabButton.qml is up to date.
TextArea.qml is up to date.
TextField.qml is up to date.
ToolBar.qml is up to date.
ToolButton.qml is up to date.
ToolSeparator.qml is up to date.
ToolTip.qml is up to date.
Tumbler.qml is up to date.
VerticalHeaderView.qml is up to date.
qtquickcontrols2fluentwinui3styleplugin.dll is up to date.
ApplicationWindow.qml is up to date.
BusyIndicator.qml is up to date.
Button.qml is up to date.
CheckBox.qml is up to date.
CheckDelegate.qml is up to date.
ComboBox.qml is up to date.
Config.qml is up to date.
DelayButton.qml is up to date.
Dialog.qml is up to date.
DialogButtonBox.qml is up to date.
FocusFrame.qml is up to date.
Frame.qml is up to date.
GroupBox.qml is up to date.
ItemDelegate.qml is up to date.
Menu.qml is up to date.
MenuBar.qml is up to date.
MenuBarItem.qml is up to date.
MenuItem.qml is up to date.
MenuSeparator.qml is up to date.
PageIndicator.qml is up to date.
plugins.qmltypes is up to date.
Popup.qml is up to date.
ProgressBar.qml is up to date.
qmldir is up to date.
RadioButton.qml is up to date.
RadioDelegate.qml is up to date.
RangeSlider.qml is up to date.
RoundButton.qml is up to date.
Slider.qml is up to date.
SpinBox.qml is up to date.
StyleImage.qml is up to date.
SwipeDelegate.qml is up to date.
Switch.qml is up to date.
SwitchDelegate.qml is up to date.
TabBar.qml is up to date.
TabButton.qml is up to date.
TextArea.qml is up to date.
TextField.qml is up to date.
ToolBar.qml is up to date.
ToolButton.qml is up to date.
ToolSeparator.qml is up to date.
ToolTip.qml is up to date.
checkbox-indicator-checked-disabled.png is up to date.
checkbox-indicator-checked-disabled@2x.png is up to date.
checkbox-indicator-checked-disabled@3x.png is up to date.
checkbox-indicator-checked-hovered.png is up to date.
checkbox-indicator-checked-hovered@2x.png is up to date.
checkbox-indicator-checked-hovered@3x.png is up to date.
checkbox-indicator-checked-pressed.png is up to date.
checkbox-indicator-checked-pressed@2x.png is up to date.
checkbox-indicator-checked-pressed@3x.png is up to date.
checkbox-indicator-checked.png is up to date.
checkbox-indicator-checked@2x.png is up to date.
checkbox-indicator-checked@3x.png is up to date.
checkbox-indicator-disabled-partiallyChecked.png is up to date.
checkbox-indicator-disabled-partiallyChecked@2x.png is up to date.
checkbox-indicator-disabled-partiallyChecked@3x.png is up to date.
checkbox-indicator-disabled.png is up to date.
checkbox-indicator-disabled@2x.png is up to date.
checkbox-indicator-disabled@3x.png is up to date.
checkbox-indicator-hovered-partiallyChecked.png is up to date.
checkbox-indicator-hovered-partiallyChecked@2x.png is up to date.
checkbox-indicator-hovered-partiallyChecked@3x.png is up to date.
checkbox-indicator-hovered.png is up to date.
checkbox-indicator-hovered@2x.png is up to date.
checkbox-indicator-hovered@3x.png is up to date.
checkbox-indicator-partiallyChecked-pressed.png is up to date.
checkbox-indicator-partiallyChecked-pressed@2x.png is up to date.
checkbox-indicator-partiallyChecked-pressed@3x.png is up to date.
checkbox-indicator-partiallyChecked.png is up to date.
checkbox-indicator-partiallyChecked@2x.png is up to date.
checkbox-indicator-partiallyChecked@3x.png is up to date.
checkbox-indicator-pressed.png is up to date.
checkbox-indicator-pressed@2x.png is up to date.
checkbox-indicator-pressed@3x.png is up to date.
checkbox-indicator.png is up to date.
checkbox-indicator@2x.png is up to date.
checkbox-indicator@3x.png is up to date.
combobox-background-disabled.png is up to date.
combobox-background-disabled@2x.png is up to date.
combobox-background-disabled@3x.png is up to date.
combobox-background-focused.png is up to date.
combobox-background-focused@2x.png is up to date.
combobox-background-focused@3x.png is up to date.
combobox-background-hovered-open.png is up to date.
combobox-background-hovered-open@2x.png is up to date.
combobox-background-hovered-open@3x.png is up to date.
combobox-background-hovered.png is up to date.
combobox-background-hovered@2x.png is up to date.
combobox-background-hovered@3x.png is up to date.
combobox-background-open-pressed.png is up to date.
combobox-background-open-pressed@2x.png is up to date.
combobox-background-open-pressed@3x.png is up to date.
combobox-background-open.png is up to date.
combobox-background-open@2x.png is up to date.
combobox-background-open@3x.png is up to date.
combobox-background-pressed.png is up to date.
combobox-background-pressed@2x.png is up to date.
combobox-background-pressed@3x.png is up to date.
combobox-background.png is up to date.
combobox-background@2x.png is up to date.
combobox-background@3x.png is up to date.
combobox-indicator-disabled.png is up to date.
combobox-indicator-disabled@2x.png is up to date.
combobox-indicator-disabled@3x.png is up to date.
combobox-indicator-focused.png is up to date.
combobox-indicator-focused@2x.png is up to date.
combobox-indicator-focused@3x.png is up to date.
combobox-indicator-hovered-open.png is up to date.
combobox-indicator-hovered-open@2x.png is up to date.
combobox-indicator-hovered-open@3x.png is up to date.
combobox-indicator-hovered.png is up to date.
combobox-indicator-hovered@2x.png is up to date.
combobox-indicator-hovered@3x.png is up to date.
combobox-indicator-open-pressed.png is up to date.
combobox-indicator-open-pressed@2x.png is up to date.
combobox-indicator-open-pressed@3x.png is up to date.
combobox-indicator-open.png is up to date.
combobox-indicator-open@2x.png is up to date.
combobox-indicator-open@3x.png is up to date.
combobox-indicator-pressed.png is up to date.
combobox-indicator-pressed@2x.png is up to date.
combobox-indicator-pressed@3x.png is up to date.
combobox-indicator.png is up to date.
combobox-indicator@2x.png is up to date.
combobox-indicator@3x.png is up to date.
editablecombobox-background-hovered-open.png is up to date.
editablecombobox-background-hovered-open@2x.png is up to date.
editablecombobox-background-hovered-open@3x.png is up to date.
editablecombobox-background-open-pressed.png is up to date.
editablecombobox-background-open-pressed@2x.png is up to date.
editablecombobox-background-open-pressed@3x.png is up to date.
editablecombobox-background-open.png is up to date.
editablecombobox-background-open@2x.png is up to date.
editablecombobox-background-open@3x.png is up to date.
editablecombobox-indicator-hovered-open.png is up to date.
editablecombobox-indicator-hovered-open@2x.png is up to date.
editablecombobox-indicator-hovered-open@3x.png is up to date.
editablecombobox-indicator-open-pressed.png is up to date.
editablecombobox-indicator-open-pressed@2x.png is up to date.
editablecombobox-indicator-open-pressed@3x.png is up to date.
editablecombobox-indicator-open.png is up to date.
editablecombobox-indicator-open@2x.png is up to date.
editablecombobox-indicator-open@3x.png is up to date.
editablecombobox-popup-background-hovered-open.png is up to date.
editablecombobox-popup-background-hovered-open@2x.png is up to date.
editablecombobox-popup-background-hovered-open@3x.png is up to date.
editablecombobox-popup-background-open-pressed.png is up to date.
editablecombobox-popup-background-open-pressed@2x.png is up to date.
editablecombobox-popup-background-open-pressed@3x.png is up to date.
editablecombobox-popup-background-open.png is up to date.
editablecombobox-popup-background-open@2x.png is up to date.
editablecombobox-popup-background-open@3x.png is up to date.
frame-background-disabled.png is up to date.
frame-background-disabled@2x.png is up to date.
frame-background-disabled@3x.png is up to date.
frame-background.png is up to date.
frame-background@2x.png is up to date.
frame-background@3x.png is up to date.
itemdelegate-background-highlighted-hovered.png is up to date.
itemdelegate-background-highlighted-hovered@2x.png is up to date.
itemdelegate-background-highlighted-hovered@3x.png is up to date.
itemdelegate-background-highlighted-pressed.png is up to date.
itemdelegate-background-highlighted-pressed@2x.png is up to date.
itemdelegate-background-highlighted-pressed@3x.png is up to date.
itemdelegate-background-highlighted.png is up to date.
itemdelegate-background-highlighted@2x.png is up to date.
itemdelegate-background-highlighted@3x.png is up to date.
itemdelegate-background-hovered.png is up to date.
itemdelegate-background-hovered@2x.png is up to date.
itemdelegate-background-hovered@3x.png is up to date.
itemdelegate-background-pressed.png is up to date.
itemdelegate-background-pressed@2x.png is up to date.
itemdelegate-background-pressed@3x.png is up to date.
pageindicatordelegate-indicator-delegate-current-hovered.png is up to date.
pageindicatordelegate-indicator-delegate-current-hovered@2x.png is up to date.
pageindicatordelegate-indicator-delegate-current-hovered@3x.png is up to date.
pageindicatordelegate-indicator-delegate-current-pressed.png is up to date.
pageindicatordelegate-indicator-delegate-current-pressed@2x.png is up to date.
pageindicatordelegate-indicator-delegate-current-pressed@3x.png is up to date.
pageindicatordelegate-indicator-delegate-current.png is up to date.
pageindicatordelegate-indicator-delegate-current@2x.png is up to date.
pageindicatordelegate-indicator-delegate-current@3x.png is up to date.
pageindicatordelegate-indicator-delegate-pressed.png is up to date.
pageindicatordelegate-indicator-delegate-pressed@2x.png is up to date.
pageindicatordelegate-indicator-delegate-pressed@3x.png is up to date.
pageindicatordelegate-indicator-disabled.png is up to date.
pageindicatordelegate-indicator-disabled@2x.png is up to date.
pageindicatordelegate-indicator-disabled@3x.png is up to date.
pageindicatordelegate-indicator-hovered.png is up to date.
pageindicatordelegate-indicator-hovered@2x.png is up to date.
pageindicatordelegate-indicator-hovered@3x.png is up to date.
pageindicatordelegate-indicator.png is up to date.
pageindicatordelegate-indicator@2x.png is up to date.
pageindicatordelegate-indicator@3x.png is up to date.
popup-background.png is up to date.
popup-background@2x.png is up to date.
popup-background@3x.png is up to date.
progressbar-groove-disabled.png is up to date.
progressbar-groove-disabled@2x.png is up to date.
progressbar-groove-disabled@3x.png is up to date.
progressbar-groove.png is up to date.
progressbar-groove@2x.png is up to date.
progressbar-groove@3x.png is up to date.
radiobutton-indicator-checked-disabled.png is up to date.
radiobutton-indicator-checked-disabled@2x.png is up to date.
radiobutton-indicator-checked-disabled@3x.png is up to date.
radiobutton-indicator-checked-hovered.png is up to date.
radiobutton-indicator-checked-hovered@2x.png is up to date.
radiobutton-indicator-checked-hovered@3x.png is up to date.
radiobutton-indicator-checked-pressed.png is up to date.
radiobutton-indicator-checked-pressed@2x.png is up to date.
radiobutton-indicator-checked-pressed@3x.png is up to date.
radiobutton-indicator-checked.png is up to date.
radiobutton-indicator-checked@2x.png is up to date.
radiobutton-indicator-checked@3x.png is up to date.
radiobutton-indicator-disabled.png is up to date.
radiobutton-indicator-disabled@2x.png is up to date.
radiobutton-indicator-disabled@3x.png is up to date.
radiobutton-indicator-hovered.png is up to date.
radiobutton-indicator-hovered@2x.png is up to date.
radiobutton-indicator-hovered@3x.png is up to date.
radiobutton-indicator-pressed.png is up to date.
radiobutton-indicator-pressed@2x.png is up to date.
radiobutton-indicator-pressed@3x.png is up to date.
radiobutton-indicator.png is up to date.
radiobutton-indicator@2x.png is up to date.
radiobutton-indicator@3x.png is up to date.
rangeslider-first-handle-disabled.png is up to date.
rangeslider-first-handle-disabled@2x.png is up to date.
rangeslider-first-handle-disabled@3x.png is up to date.
rangeslider-first-handle-handle-pressed.png is up to date.
rangeslider-first-handle-handle-pressed@2x.png is up to date.
rangeslider-first-handle-handle-pressed@3x.png is up to date.
rangeslider-first-handle-hovered.png is up to date.
rangeslider-first-handle-hovered@2x.png is up to date.
rangeslider-first-handle-hovered@3x.png is up to date.
rangeslider-first-handle.png is up to date.
rangeslider-first-handle@2x.png is up to date.
rangeslider-first-handle@3x.png is up to date.
rangeslider-groove-disabled.png is up to date.
rangeslider-groove-disabled@2x.png is up to date.
rangeslider-groove-disabled@3x.png is up to date.
rangeslider-groove-handle-pressed.png is up to date.
rangeslider-groove-handle-pressed@2x.png is up to date.
rangeslider-groove-handle-pressed@3x.png is up to date.
rangeslider-groove-hovered.png is up to date.
rangeslider-groove-hovered@2x.png is up to date.
rangeslider-groove-hovered@3x.png is up to date.
rangeslider-groove.png is up to date.
rangeslider-groove@2x.png is up to date.
rangeslider-groove@3x.png is up to date.
rangeslider-second-handle-disabled.png is up to date.
rangeslider-second-handle-disabled@2x.png is up to date.
rangeslider-second-handle-disabled@3x.png is up to date.
rangeslider-second-handle-handle-pressed.png is up to date.
rangeslider-second-handle-handle-pressed@2x.png is up to date.
rangeslider-second-handle-handle-pressed@3x.png is up to date.
rangeslider-second-handle-hovered.png is up to date.
rangeslider-second-handle-hovered@2x.png is up to date.
rangeslider-second-handle-hovered@3x.png is up to date.
rangeslider-second-handle.png is up to date.
rangeslider-second-handle@2x.png is up to date.
rangeslider-second-handle@3x.png is up to date.
slider-groove-disabled.png is up to date.
slider-groove-disabled@2x.png is up to date.
slider-groove-disabled@3x.png is up to date.
slider-groove-hovered.png is up to date.
slider-groove-hovered@2x.png is up to date.
slider-groove-hovered@3x.png is up to date.
slider-groove-pressed.png is up to date.
slider-groove-pressed@2x.png is up to date.
slider-groove-pressed@3x.png is up to date.
slider-groove.png is up to date.
slider-groove@2x.png is up to date.
slider-groove@3x.png is up to date.
slider-handle-disabled.png is up to date.
slider-handle-disabled@2x.png is up to date.
slider-handle-disabled@3x.png is up to date.
slider-handle-hovered.png is up to date.
slider-handle-hovered@2x.png is up to date.
slider-handle-hovered@3x.png is up to date.
slider-handle-pressed.png is up to date.
slider-handle-pressed@2x.png is up to date.
slider-handle-pressed@3x.png is up to date.
slider-handle.png is up to date.
slider-handle@2x.png is up to date.
slider-handle@3x.png is up to date.
spinbox-background-atlimit.png is up to date.
spinbox-background-atlimit@2x.png is up to date.
spinbox-background-atlimit@3x.png is up to date.
spinbox-background-disabled.png is up to date.
spinbox-background-disabled@2x.png is up to date.
spinbox-background-disabled@3x.png is up to date.
spinbox-background-down-hovered.png is up to date.
spinbox-background-down-hovered@2x.png is up to date.
spinbox-background-down-hovered@3x.png is up to date.
spinbox-background-down-pressed.png is up to date.
spinbox-background-down-pressed@2x.png is up to date.
spinbox-background-down-pressed@3x.png is up to date.
spinbox-background-hovered.png is up to date.
spinbox-background-hovered@2x.png is up to date.
spinbox-background-hovered@3x.png is up to date.
spinbox-background-up-hovered.png is up to date.
spinbox-background-up-hovered@2x.png is up to date.
spinbox-background-up-hovered@3x.png is up to date.
spinbox-background-up-pressed.png is up to date.
spinbox-background-up-pressed@2x.png is up to date.
spinbox-background-up-pressed@3x.png is up to date.
spinbox-background.png is up to date.
spinbox-background@2x.png is up to date.
spinbox-background@3x.png is up to date.
spinbox-indicator-down-background-atlimit.png is up to date.
spinbox-indicator-down-background-atlimit@2x.png is up to date.
spinbox-indicator-down-background-atlimit@3x.png is up to date.
spinbox-indicator-down-background-disabled.png is up to date.
spinbox-indicator-down-background-disabled@2x.png is up to date.
spinbox-indicator-down-background-disabled@3x.png is up to date.
spinbox-indicator-down-background-down-hovered.png is up to date.
spinbox-indicator-down-background-down-hovered@2x.png is up to date.
spinbox-indicator-down-background-down-hovered@3x.png is up to date.
spinbox-indicator-down-background-down-pressed.png is up to date.
spinbox-indicator-down-background-down-pressed@2x.png is up to date.
spinbox-indicator-down-background-down-pressed@3x.png is up to date.
spinbox-indicator-down-background-hovered.png is up to date.
spinbox-indicator-down-background-hovered@2x.png is up to date.
spinbox-indicator-down-background-hovered@3x.png is up to date.
spinbox-indicator-down-background-up-hovered.png is up to date.
spinbox-indicator-down-background-up-hovered@2x.png is up to date.
spinbox-indicator-down-background-up-hovered@3x.png is up to date.
spinbox-indicator-down-background-up-pressed.png is up to date.
spinbox-indicator-down-background-up-pressed@2x.png is up to date.
spinbox-indicator-down-background-up-pressed@3x.png is up to date.
spinbox-indicator-down-background.png is up to date.
spinbox-indicator-down-background@2x.png is up to date.
spinbox-indicator-down-background@3x.png is up to date.
spinbox-indicator-down-icon-atlimit.png is up to date.
spinbox-indicator-down-icon-atlimit@2x.png is up to date.
spinbox-indicator-down-icon-atlimit@3x.png is up to date.
spinbox-indicator-down-icon-disabled.png is up to date.
spinbox-indicator-down-icon-disabled@2x.png is up to date.
spinbox-indicator-down-icon-disabled@3x.png is up to date.
spinbox-indicator-down-icon-down-hovered.png is up to date.
spinbox-indicator-down-icon-down-hovered@2x.png is up to date.
spinbox-indicator-down-icon-down-hovered@3x.png is up to date.
spinbox-indicator-down-icon-down-pressed.png is up to date.
spinbox-indicator-down-icon-down-pressed@2x.png is up to date.
spinbox-indicator-down-icon-down-pressed@3x.png is up to date.
spinbox-indicator-down-icon-hovered.png is up to date.
spinbox-indicator-down-icon-hovered@2x.png is up to date.
spinbox-indicator-down-icon-hovered@3x.png is up to date.
spinbox-indicator-down-icon-up-hovered.png is up to date.
spinbox-indicator-down-icon-up-hovered@2x.png is up to date.
spinbox-indicator-down-icon-up-hovered@3x.png is up to date.
spinbox-indicator-down-icon-up-pressed.png is up to date.
spinbox-indicator-down-icon-up-pressed@2x.png is up to date.
spinbox-indicator-down-icon-up-pressed@3x.png is up to date.
spinbox-indicator-down-icon.png is up to date.
spinbox-indicator-down-icon@2x.png is up to date.
spinbox-indicator-down-icon@3x.png is up to date.
spinbox-indicator-up-background-atlimit.png is up to date.
spinbox-indicator-up-background-atlimit@2x.png is up to date.
spinbox-indicator-up-background-atlimit@3x.png is up to date.
spinbox-indicator-up-background-disabled.png is up to date.
spinbox-indicator-up-background-disabled@2x.png is up to date.
spinbox-indicator-up-background-disabled@3x.png is up to date.
spinbox-indicator-up-background-down-hovered.png is up to date.
spinbox-indicator-up-background-down-hovered@2x.png is up to date.
spinbox-indicator-up-background-down-hovered@3x.png is up to date.
spinbox-indicator-up-background-down-pressed.png is up to date.
spinbox-indicator-up-background-down-pressed@2x.png is up to date.
spinbox-indicator-up-background-down-pressed@3x.png is up to date.
spinbox-indicator-up-background-hovered.png is up to date.
spinbox-indicator-up-background-hovered@2x.png is up to date.
spinbox-indicator-up-background-hovered@3x.png is up to date.
spinbox-indicator-up-background-up-hovered.png is up to date.
spinbox-indicator-up-background-up-hovered@2x.png is up to date.
spinbox-indicator-up-background-up-hovered@3x.png is up to date.
spinbox-indicator-up-background-up-pressed.png is up to date.
spinbox-indicator-up-background-up-pressed@2x.png is up to date.
spinbox-indicator-up-background-up-pressed@3x.png is up to date.
spinbox-indicator-up-background.png is up to date.
spinbox-indicator-up-background@2x.png is up to date.
spinbox-indicator-up-background@3x.png is up to date.
spinbox-indicator-up-icon-atlimit.png is up to date.
spinbox-indicator-up-icon-atlimit@2x.png is up to date.
spinbox-indicator-up-icon-atlimit@3x.png is up to date.
spinbox-indicator-up-icon-disabled.png is up to date.
spinbox-indicator-up-icon-disabled@2x.png is up to date.
spinbox-indicator-up-icon-disabled@3x.png is up to date.
spinbox-indicator-up-icon-down-hovered.png is up to date.
spinbox-indicator-up-icon-down-hovered@2x.png is up to date.
spinbox-indicator-up-icon-down-hovered@3x.png is up to date.
spinbox-indicator-up-icon-down-pressed.png is up to date.
spinbox-indicator-up-icon-down-pressed@2x.png is up to date.
spinbox-indicator-up-icon-down-pressed@3x.png is up to date.
spinbox-indicator-up-icon-hovered.png is up to date.
spinbox-indicator-up-icon-hovered@2x.png is up to date.
spinbox-indicator-up-icon-hovered@3x.png is up to date.
spinbox-indicator-up-icon-up-hovered.png is up to date.
spinbox-indicator-up-icon-up-hovered@2x.png is up to date.
spinbox-indicator-up-icon-up-hovered@3x.png is up to date.
spinbox-indicator-up-icon-up-pressed.png is up to date.
spinbox-indicator-up-icon-up-pressed@2x.png is up to date.
spinbox-indicator-up-icon-up-pressed@3x.png is up to date.
spinbox-indicator-up-icon.png is up to date.
spinbox-indicator-up-icon@2x.png is up to date.
spinbox-indicator-up-icon@3x.png is up to date.
textarea-background-disabled.png is up to date.
textarea-background-disabled@2x.png is up to date.
textarea-background-disabled@3x.png is up to date.
textarea-background-focused.png is up to date.
textarea-background-focused@2x.png is up to date.
textarea-background-focused@3x.png is up to date.
textarea-background-hovered.png is up to date.
textarea-background-hovered@2x.png is up to date.
textarea-background-hovered@3x.png is up to date.
textarea-background.png is up to date.
textarea-background@2x.png is up to date.
textarea-background@3x.png is up to date.
textfield-background-disabled.png is up to date.
textfield-background-disabled@2x.png is up to date.
textfield-background-disabled@3x.png is up to date.
textfield-background-focused.png is up to date.
textfield-background-focused@2x.png is up to date.
textfield-background-focused@3x.png is up to date.
textfield-background-hovered.png is up to date.
textfield-background-hovered@2x.png is up to date.
textfield-background-hovered@3x.png is up to date.
textfield-background.png is up to date.
textfield-background@2x.png is up to date.
textfield-background@3x.png is up to date.
checkmark.png is up to date.
checkmark@2x.png is up to date.
checkmark@3x.png is up to date.
menuarrow.png is up to date.
menuarrow@2x.png is up to date.
menuarrow@3x.png is up to date.
checkbox-indicator-checked-disabled.png is up to date.
checkbox-indicator-checked-disabled@2x.png is up to date.
checkbox-indicator-checked-disabled@3x.png is up to date.
checkbox-indicator-checked-hovered.png is up to date.
checkbox-indicator-checked-hovered@2x.png is up to date.
checkbox-indicator-checked-hovered@3x.png is up to date.
checkbox-indicator-checked-pressed.png is up to date.
checkbox-indicator-checked-pressed@2x.png is up to date.
checkbox-indicator-checked-pressed@3x.png is up to date.
checkbox-indicator-checked.png is up to date.
checkbox-indicator-checked@2x.png is up to date.
checkbox-indicator-checked@3x.png is up to date.
checkbox-indicator-disabled-partiallyChecked.png is up to date.
checkbox-indicator-disabled-partiallyChecked@2x.png is up to date.
checkbox-indicator-disabled-partiallyChecked@3x.png is up to date.
checkbox-indicator-disabled.png is up to date.
checkbox-indicator-disabled@2x.png is up to date.
checkbox-indicator-disabled@3x.png is up to date.
checkbox-indicator-hovered-partiallyChecked.png is up to date.
checkbox-indicator-hovered-partiallyChecked@2x.png is up to date.
checkbox-indicator-hovered-partiallyChecked@3x.png is up to date.
checkbox-indicator-hovered.png is up to date.
checkbox-indicator-hovered@2x.png is up to date.
checkbox-indicator-hovered@3x.png is up to date.
checkbox-indicator-partiallyChecked-pressed.png is up to date.
checkbox-indicator-partiallyChecked-pressed@2x.png is up to date.
checkbox-indicator-partiallyChecked-pressed@3x.png is up to date.
checkbox-indicator-partiallyChecked.png is up to date.
checkbox-indicator-partiallyChecked@2x.png is up to date.
checkbox-indicator-partiallyChecked@3x.png is up to date.
checkbox-indicator-pressed.png is up to date.
checkbox-indicator-pressed@2x.png is up to date.
checkbox-indicator-pressed@3x.png is up to date.
checkbox-indicator.png is up to date.
checkbox-indicator@2x.png is up to date.
checkbox-indicator@3x.png is up to date.
combobox-background-disabled.png is up to date.
combobox-background-disabled@2x.png is up to date.
combobox-background-disabled@3x.png is up to date.
combobox-background-focused.png is up to date.
combobox-background-focused@2x.png is up to date.
combobox-background-focused@3x.png is up to date.
combobox-background-hovered-open.png is up to date.
combobox-background-hovered-open@2x.png is up to date.
combobox-background-hovered-open@3x.png is up to date.
combobox-background-hovered.png is up to date.
combobox-background-hovered@2x.png is up to date.
combobox-background-hovered@3x.png is up to date.
combobox-background-open-pressed.png is up to date.
combobox-background-open-pressed@2x.png is up to date.
combobox-background-open-pressed@3x.png is up to date.
combobox-background-open.png is up to date.
combobox-background-open@2x.png is up to date.
combobox-background-open@3x.png is up to date.
combobox-background-pressed.png is up to date.
combobox-background-pressed@2x.png is up to date.
combobox-background-pressed@3x.png is up to date.
combobox-background.png is up to date.
combobox-background@2x.png is up to date.
combobox-background@3x.png is up to date.
combobox-indicator-disabled.png is up to date.
combobox-indicator-disabled@2x.png is up to date.
combobox-indicator-disabled@3x.png is up to date.
combobox-indicator-focused.png is up to date.
combobox-indicator-focused@2x.png is up to date.
combobox-indicator-focused@3x.png is up to date.
combobox-indicator-hovered-open.png is up to date.
combobox-indicator-hovered-open@2x.png is up to date.
combobox-indicator-hovered-open@3x.png is up to date.
combobox-indicator-hovered.png is up to date.
combobox-indicator-hovered@2x.png is up to date.
combobox-indicator-hovered@3x.png is up to date.
combobox-indicator-open-pressed.png is up to date.
combobox-indicator-open-pressed@2x.png is up to date.
combobox-indicator-open-pressed@3x.png is up to date.
combobox-indicator-open.png is up to date.
combobox-indicator-open@2x.png is up to date.
combobox-indicator-open@3x.png is up to date.
combobox-indicator-pressed.png is up to date.
combobox-indicator-pressed@2x.png is up to date.
combobox-indicator-pressed@3x.png is up to date.
combobox-indicator.png is up to date.
combobox-indicator@2x.png is up to date.
combobox-indicator@3x.png is up to date.
editablecombobox-background-hovered-open.png is up to date.
editablecombobox-background-hovered-open@2x.png is up to date.
editablecombobox-background-hovered-open@3x.png is up to date.
editablecombobox-background-open-pressed.png is up to date.
editablecombobox-background-open-pressed@2x.png is up to date.
editablecombobox-background-open-pressed@3x.png is up to date.
editablecombobox-background-open.png is up to date.
editablecombobox-background-open@2x.png is up to date.
editablecombobox-background-open@3x.png is up to date.
editablecombobox-indicator-hovered-open.png is up to date.
editablecombobox-indicator-hovered-open@2x.png is up to date.
editablecombobox-indicator-hovered-open@3x.png is up to date.
editablecombobox-indicator-open-pressed.png is up to date.
editablecombobox-indicator-open-pressed@2x.png is up to date.
editablecombobox-indicator-open-pressed@3x.png is up to date.
editablecombobox-indicator-open.png is up to date.
editablecombobox-indicator-open@2x.png is up to date.
editablecombobox-indicator-open@3x.png is up to date.
editablecombobox-popup-background-hovered-open.png is up to date.
editablecombobox-popup-background-hovered-open@2x.png is up to date.
editablecombobox-popup-background-hovered-open@3x.png is up to date.
editablecombobox-popup-background-open-pressed.png is up to date.
editablecombobox-popup-background-open-pressed@2x.png is up to date.
editablecombobox-popup-background-open-pressed@3x.png is up to date.
editablecombobox-popup-background-open.png is up to date.
editablecombobox-popup-background-open@2x.png is up to date.
editablecombobox-popup-background-open@3x.png is up to date.
frame-background-disabled.png is up to date.
frame-background-disabled@2x.png is up to date.
frame-background-disabled@3x.png is up to date.
frame-background.png is up to date.
frame-background@2x.png is up to date.
frame-background@3x.png is up to date.
itemdelegate-background-highlighted-hovered.png is up to date.
itemdelegate-background-highlighted-hovered@2x.png is up to date.
itemdelegate-background-highlighted-hovered@3x.png is up to date.
itemdelegate-background-highlighted-pressed.png is up to date.
itemdelegate-background-highlighted-pressed@2x.png is up to date.
itemdelegate-background-highlighted-pressed@3x.png is up to date.
itemdelegate-background-highlighted.png is up to date.
itemdelegate-background-highlighted@2x.png is up to date.
itemdelegate-background-highlighted@3x.png is up to date.
itemdelegate-background-hovered.png is up to date.
itemdelegate-background-hovered@2x.png is up to date.
itemdelegate-background-hovered@3x.png is up to date.
itemdelegate-background-pressed.png is up to date.
itemdelegate-background-pressed@2x.png is up to date.
itemdelegate-background-pressed@3x.png is up to date.
pageindicatordelegate-indicator-delegate-current-hovered.png is up to date.
pageindicatordelegate-indicator-delegate-current-hovered@2x.png is up to date.
pageindicatordelegate-indicator-delegate-current-hovered@3x.png is up to date.
pageindicatordelegate-indicator-delegate-current-pressed.png is up to date.
pageindicatordelegate-indicator-delegate-current-pressed@2x.png is up to date.
pageindicatordelegate-indicator-delegate-current-pressed@3x.png is up to date.
pageindicatordelegate-indicator-delegate-current.png is up to date.
pageindicatordelegate-indicator-delegate-current@2x.png is up to date.
pageindicatordelegate-indicator-delegate-current@3x.png is up to date.
pageindicatordelegate-indicator-delegate-pressed.png is up to date.
pageindicatordelegate-indicator-delegate-pressed@2x.png is up to date.
pageindicatordelegate-indicator-delegate-pressed@3x.png is up to date.
pageindicatordelegate-indicator-disabled.png is up to date.
pageindicatordelegate-indicator-disabled@2x.png is up to date.
pageindicatordelegate-indicator-disabled@3x.png is up to date.
pageindicatordelegate-indicator-hovered.png is up to date.
pageindicatordelegate-indicator-hovered@2x.png is up to date.
pageindicatordelegate-indicator-hovered@3x.png is up to date.
pageindicatordelegate-indicator.png is up to date.
pageindicatordelegate-indicator@2x.png is up to date.
pageindicatordelegate-indicator@3x.png is up to date.
popup-background.png is up to date.
popup-background@2x.png is up to date.
popup-background@3x.png is up to date.
progressbar-groove-disabled.png is up to date.
progressbar-groove-disabled@2x.png is up to date.
progressbar-groove-disabled@3x.png is up to date.
progressbar-groove.png is up to date.
progressbar-groove@2x.png is up to date.
progressbar-groove@3x.png is up to date.
radiobutton-indicator-checked-disabled.png is up to date.
radiobutton-indicator-checked-disabled@2x.png is up to date.
radiobutton-indicator-checked-disabled@3x.png is up to date.
radiobutton-indicator-checked-hovered.png is up to date.
radiobutton-indicator-checked-hovered@2x.png is up to date.
radiobutton-indicator-checked-hovered@3x.png is up to date.
radiobutton-indicator-checked-pressed.png is up to date.
radiobutton-indicator-checked-pressed@2x.png is up to date.
radiobutton-indicator-checked-pressed@3x.png is up to date.
radiobutton-indicator-checked.png is up to date.
radiobutton-indicator-checked@2x.png is up to date.
radiobutton-indicator-checked@3x.png is up to date.
radiobutton-indicator-disabled.png is up to date.
radiobutton-indicator-disabled@2x.png is up to date.
radiobutton-indicator-disabled@3x.png is up to date.
radiobutton-indicator-hovered.png is up to date.
radiobutton-indicator-hovered@2x.png is up to date.
radiobutton-indicator-hovered@3x.png is up to date.
radiobutton-indicator-pressed.png is up to date.
radiobutton-indicator-pressed@2x.png is up to date.
radiobutton-indicator-pressed@3x.png is up to date.
radiobutton-indicator.png is up to date.
radiobutton-indicator@2x.png is up to date.
radiobutton-indicator@3x.png is up to date.
rangeslider-first-handle-disabled.png is up to date.
rangeslider-first-handle-disabled@2x.png is up to date.
rangeslider-first-handle-disabled@3x.png is up to date.
rangeslider-first-handle-handle-pressed.png is up to date.
rangeslider-first-handle-handle-pressed@2x.png is up to date.
rangeslider-first-handle-handle-pressed@3x.png is up to date.
rangeslider-first-handle-hovered.png is up to date.
rangeslider-first-handle-hovered@2x.png is up to date.
rangeslider-first-handle-hovered@3x.png is up to date.
rangeslider-first-handle.png is up to date.
rangeslider-first-handle@2x.png is up to date.
rangeslider-first-handle@3x.png is up to date.
rangeslider-groove-disabled.png is up to date.
rangeslider-groove-disabled@2x.png is up to date.
rangeslider-groove-disabled@3x.png is up to date.
rangeslider-groove-handle-pressed.png is up to date.
rangeslider-groove-handle-pressed@2x.png is up to date.
rangeslider-groove-handle-pressed@3x.png is up to date.
rangeslider-groove-hovered.png is up to date.
rangeslider-groove-hovered@2x.png is up to date.
rangeslider-groove-hovered@3x.png is up to date.
rangeslider-groove.png is up to date.
rangeslider-groove@2x.png is up to date.
rangeslider-groove@3x.png is up to date.
rangeslider-second-handle-disabled.png is up to date.
rangeslider-second-handle-disabled@2x.png is up to date.
rangeslider-second-handle-disabled@3x.png is up to date.
rangeslider-second-handle-handle-pressed.png is up to date.
rangeslider-second-handle-handle-pressed@2x.png is up to date.
rangeslider-second-handle-handle-pressed@3x.png is up to date.
rangeslider-second-handle-hovered.png is up to date.
rangeslider-second-handle-hovered@2x.png is up to date.
rangeslider-second-handle-hovered@3x.png is up to date.
rangeslider-second-handle.png is up to date.
rangeslider-second-handle@2x.png is up to date.
rangeslider-second-handle@3x.png is up to date.
slider-groove-disabled.png is up to date.
slider-groove-disabled@2x.png is up to date.
slider-groove-disabled@3x.png is up to date.
slider-groove-hovered.png is up to date.
slider-groove-hovered@2x.png is up to date.
slider-groove-hovered@3x.png is up to date.
slider-groove-pressed.png is up to date.
slider-groove-pressed@2x.png is up to date.
slider-groove-pressed@3x.png is up to date.
slider-groove.png is up to date.
slider-groove@2x.png is up to date.
slider-groove@3x.png is up to date.
slider-handle-disabled.png is up to date.
slider-handle-disabled@2x.png is up to date.
slider-handle-disabled@3x.png is up to date.
slider-handle-hovered.png is up to date.
slider-handle-hovered@2x.png is up to date.
slider-handle-hovered@3x.png is up to date.
slider-handle-pressed.png is up to date.
slider-handle-pressed@2x.png is up to date.
slider-handle-pressed@3x.png is up to date.
slider-handle.png is up to date.
slider-handle@2x.png is up to date.
slider-handle@3x.png is up to date.
spinbox-background-atlimit.png is up to date.
spinbox-background-atlimit@2x.png is up to date.
spinbox-background-atlimit@3x.png is up to date.
spinbox-background-disabled.png is up to date.
spinbox-background-disabled@2x.png is up to date.
spinbox-background-disabled@3x.png is up to date.
spinbox-background-down-hovered.png is up to date.
spinbox-background-down-hovered@2x.png is up to date.
spinbox-background-down-hovered@3x.png is up to date.
spinbox-background-down-pressed.png is up to date.
spinbox-background-down-pressed@2x.png is up to date.
spinbox-background-down-pressed@3x.png is up to date.
spinbox-background-hovered.png is up to date.
spinbox-background-hovered@2x.png is up to date.
spinbox-background-hovered@3x.png is up to date.
spinbox-background-up-hovered.png is up to date.
spinbox-background-up-hovered@2x.png is up to date.
spinbox-background-up-hovered@3x.png is up to date.
spinbox-background-up-pressed.png is up to date.
spinbox-background-up-pressed@2x.png is up to date.
spinbox-background-up-pressed@3x.png is up to date.
spinbox-background.png is up to date.
spinbox-background@2x.png is up to date.
spinbox-background@3x.png is up to date.
spinbox-indicator-down-background-atlimit.png is up to date.
spinbox-indicator-down-background-atlimit@2x.png is up to date.
spinbox-indicator-down-background-atlimit@3x.png is up to date.
spinbox-indicator-down-background-disabled.png is up to date.
spinbox-indicator-down-background-disabled@2x.png is up to date.
spinbox-indicator-down-background-disabled@3x.png is up to date.
spinbox-indicator-down-background-down-hovered.png is up to date.
spinbox-indicator-down-background-down-hovered@2x.png is up to date.
spinbox-indicator-down-background-down-hovered@3x.png is up to date.
spinbox-indicator-down-background-down-pressed.png is up to date.
spinbox-indicator-down-background-down-pressed@2x.png is up to date.
spinbox-indicator-down-background-down-pressed@3x.png is up to date.
spinbox-indicator-down-background-hovered.png is up to date.
spinbox-indicator-down-background-hovered@2x.png is up to date.
spinbox-indicator-down-background-hovered@3x.png is up to date.
spinbox-indicator-down-background-up-hovered.png is up to date.
spinbox-indicator-down-background-up-hovered@2x.png is up to date.
spinbox-indicator-down-background-up-hovered@3x.png is up to date.
spinbox-indicator-down-background-up-pressed.png is up to date.
spinbox-indicator-down-background-up-pressed@2x.png is up to date.
spinbox-indicator-down-background-up-pressed@3x.png is up to date.
spinbox-indicator-down-background.png is up to date.
spinbox-indicator-down-background@2x.png is up to date.
spinbox-indicator-down-background@3x.png is up to date.
spinbox-indicator-down-icon-atlimit.png is up to date.
spinbox-indicator-down-icon-atlimit@2x.png is up to date.
spinbox-indicator-down-icon-atlimit@3x.png is up to date.
spinbox-indicator-down-icon-disabled.png is up to date.
spinbox-indicator-down-icon-disabled@2x.png is up to date.
spinbox-indicator-down-icon-disabled@3x.png is up to date.
spinbox-indicator-down-icon-down-hovered.png is up to date.
spinbox-indicator-down-icon-down-hovered@2x.png is up to date.
spinbox-indicator-down-icon-down-hovered@3x.png is up to date.
spinbox-indicator-down-icon-down-pressed.png is up to date.
spinbox-indicator-down-icon-down-pressed@2x.png is up to date.
spinbox-indicator-down-icon-down-pressed@3x.png is up to date.
spinbox-indicator-down-icon-hovered.png is up to date.
spinbox-indicator-down-icon-hovered@2x.png is up to date.
spinbox-indicator-down-icon-hovered@3x.png is up to date.
spinbox-indicator-down-icon-up-hovered.png is up to date.
spinbox-indicator-down-icon-up-hovered@2x.png is up to date.
spinbox-indicator-down-icon-up-hovered@3x.png is up to date.
spinbox-indicator-down-icon-up-pressed.png is up to date.
spinbox-indicator-down-icon-up-pressed@2x.png is up to date.
spinbox-indicator-down-icon-up-pressed@3x.png is up to date.
spinbox-indicator-down-icon.png is up to date.
spinbox-indicator-down-icon@2x.png is up to date.
spinbox-indicator-down-icon@3x.png is up to date.
spinbox-indicator-up-background-atlimit.png is up to date.
spinbox-indicator-up-background-atlimit@2x.png is up to date.
spinbox-indicator-up-background-atlimit@3x.png is up to date.
spinbox-indicator-up-background-disabled.png is up to date.
spinbox-indicator-up-background-disabled@2x.png is up to date.
spinbox-indicator-up-background-disabled@3x.png is up to date.
spinbox-indicator-up-background-down-hovered.png is up to date.
spinbox-indicator-up-background-down-hovered@2x.png is up to date.
spinbox-indicator-up-background-down-hovered@3x.png is up to date.
spinbox-indicator-up-background-down-pressed.png is up to date.
spinbox-indicator-up-background-down-pressed@2x.png is up to date.
spinbox-indicator-up-background-down-pressed@3x.png is up to date.
spinbox-indicator-up-background-hovered.png is up to date.
spinbox-indicator-up-background-hovered@2x.png is up to date.
spinbox-indicator-up-background-hovered@3x.png is up to date.
spinbox-indicator-up-background-up-hovered.png is up to date.
spinbox-indicator-up-background-up-hovered@2x.png is up to date.
spinbox-indicator-up-background-up-hovered@3x.png is up to date.
spinbox-indicator-up-background-up-pressed.png is up to date.
spinbox-indicator-up-background-up-pressed@2x.png is up to date.
spinbox-indicator-up-background-up-pressed@3x.png is up to date.
spinbox-indicator-up-background.png is up to date.
spinbox-indicator-up-background@2x.png is up to date.
spinbox-indicator-up-background@3x.png is up to date.
spinbox-indicator-up-icon-atlimit.png is up to date.
spinbox-indicator-up-icon-atlimit@2x.png is up to date.
spinbox-indicator-up-icon-atlimit@3x.png is up to date.
spinbox-indicator-up-icon-disabled.png is up to date.
spinbox-indicator-up-icon-disabled@2x.png is up to date.
spinbox-indicator-up-icon-disabled@3x.png is up to date.
spinbox-indicator-up-icon-down-hovered.png is up to date.
spinbox-indicator-up-icon-down-hovered@2x.png is up to date.
spinbox-indicator-up-icon-down-hovered@3x.png is up to date.
spinbox-indicator-up-icon-down-pressed.png is up to date.
spinbox-indicator-up-icon-down-pressed@2x.png is up to date.
spinbox-indicator-up-icon-down-pressed@3x.png is up to date.
spinbox-indicator-up-icon-hovered.png is up to date.
spinbox-indicator-up-icon-hovered@2x.png is up to date.
spinbox-indicator-up-icon-hovered@3x.png is up to date.
spinbox-indicator-up-icon-up-hovered.png is up to date.
spinbox-indicator-up-icon-up-hovered@2x.png is up to date.
spinbox-indicator-up-icon-up-hovered@3x.png is up to date.
spinbox-indicator-up-icon-up-pressed.png is up to date.
spinbox-indicator-up-icon-up-pressed@2x.png is up to date.
spinbox-indicator-up-icon-up-pressed@3x.png is up to date.
spinbox-indicator-up-icon.png is up to date.
spinbox-indicator-up-icon@2x.png is up to date.
spinbox-indicator-up-icon@3x.png is up to date.
textarea-background-disabled.png is up to date.
textarea-background-disabled@2x.png is up to date.
textarea-background-disabled@3x.png is up to date.
textarea-background-focused.png is up to date.
textarea-background-focused@2x.png is up to date.
textarea-background-focused@3x.png is up to date.
textarea-background-hovered.png is up to date.
textarea-background-hovered@2x.png is up to date.
textarea-background-hovered@3x.png is up to date.
textarea-background.png is up to date.
textarea-background@2x.png is up to date.
textarea-background@3x.png is up to date.
textfield-background-disabled.png is up to date.
textfield-background-disabled@2x.png is up to date.
textfield-background-disabled@3x.png is up to date.
textfield-background-focused.png is up to date.
textfield-background-focused@2x.png is up to date.
textfield-background-focused@3x.png is up to date.
textfield-background-hovered.png is up to date.
textfield-background-hovered@2x.png is up to date.
textfield-background-hovered@3x.png is up to date.
textfield-background.png is up to date.
textfield-background@2x.png is up to date.
textfield-background@3x.png is up to date.
qtquickcontrols2windowsstyleplugin.dll is up to date.
ApplicationWindow.qml is up to date.
Button.qml is up to date.
CheckBox.qml is up to date.
CheckDelegate.qml is up to date.
ComboBox.qml is up to date.
DelayButton.qml is up to date.
Frame.qml is up to date.
GroupBox.qml is up to date.
ItemDelegate.qml is up to date.
Menu.qml is up to date.
MenuBar.qml is up to date.
MenuBarItem.qml is up to date.
MenuItem.qml is up to date.
MenuSeparator.qml is up to date.
plugins.qmltypes is up to date.
ProgressBar.qml is up to date.
qmldir is up to date.
RadioButton.qml is up to date.
RadioDelegate.qml is up to date.
RangeSlider.qml is up to date.
ScrollBar.qml is up to date.
ScrollIndicator.qml is up to date.
ScrollView.qml is up to date.
SelectionRectangle.qml is up to date.
Slider.qml is up to date.
SpinBox.qml is up to date.
Switch.qml is up to date.
SwitchDelegate.qml is up to date.
TextArea.qml is up to date.
TextField.qml is up to date.
checkmark.png is up to date.
checkmark@2x.png is up to date.
checkmark@3x.png is up to date.
menuarrow.png is up to date.
menuarrow@2x.png is up to date.
menuarrow@3x.png is up to date.
qtquickcontrols2basicstyleplugin.dll is up to date.
AbstractButton.qml is up to date.
Action.qml is up to date.
ActionGroup.qml is up to date.
ApplicationWindow.qml is up to date.
BusyIndicator.qml is up to date.
Button.qml is up to date.
ButtonGroup.qml is up to date.
Calendar.qml is up to date.
CalendarModel.qml is up to date.
CheckBox.qml is up to date.
CheckDelegate.qml is up to date.
ComboBox.qml is up to date.
Container.qml is up to date.
Control.qml is up to date.
DayOfWeekRow.qml is up to date.
DelayButton.qml is up to date.
Dial.qml is up to date.
Dialog.qml is up to date.
DialogButtonBox.qml is up to date.
Drawer.qml is up to date.
Frame.qml is up to date.
GroupBox.qml is up to date.
HorizontalHeaderView.qml is up to date.
ItemDelegate.qml is up to date.
Label.qml is up to date.
Menu.qml is up to date.
MenuBar.qml is up to date.
MenuBarItem.qml is up to date.
MenuItem.qml is up to date.
MenuSeparator.qml is up to date.
MonthGrid.qml is up to date.
Page.qml is up to date.
PageIndicator.qml is up to date.
Pane.qml is up to date.
plugins.qmltypes is up to date.
Popup.qml is up to date.
ProgressBar.qml is up to date.
qmldir is up to date.
RadioButton.qml is up to date.
RadioDelegate.qml is up to date.
RangeSlider.qml is up to date.
RoundButton.qml is up to date.
ScrollBar.qml is up to date.
ScrollIndicator.qml is up to date.
ScrollView.qml is up to date.
SelectionRectangle.qml is up to date.
Slider.qml is up to date.
SpinBox.qml is up to date.
SplitView.qml is up to date.
StackView.qml is up to date.
SwipeDelegate.qml is up to date.
SwipeView.qml is up to date.
Switch.qml is up to date.
SwitchDelegate.qml is up to date.
TabBar.qml is up to date.
TabButton.qml is up to date.
TableViewDelegate.qml is up to date.
TextArea.qml is up to date.
TextField.qml is up to date.
ToolBar.qml is up to date.
ToolButton.qml is up to date.
ToolSeparator.qml is up to date.
ToolTip.qml is up to date.
TreeViewDelegate.qml is up to date.
Tumbler.qml is up to date.
VerticalHeaderView.qml is up to date.
WeekNumberColumn.qml is up to date.
qtquicktemplates2plugin.dll is up to date.
plugins.qmltypes is up to date.
qmldir is up to date.
qtquickcontrols2implplugin.dll is up to date.
plugins.qmltypes is up to date.
qmldir is up to date.
qtquickcontrols2fusionstyleimplplugin.dll is up to date.
ButtonPanel.qml is up to date.
CheckIndicator.qml is up to date.
plugins.qmltypes is up to date.
qmldir is up to date.
RadioIndicator.qml is up to date.
SliderGroove.qml is up to date.
SliderHandle.qml is up to date.
SwitchIndicator.qml is up to date.
TextFieldBackground.qml is up to date.
quickwindowplugin.dll is up to date.
qmldir is up to date.
quickwindow.qmltypes is up to date.
qtquickcontrols2materialstyleimplplugin.dll is up to date.
BoxShadow.qml is up to date.
CheckIndicator.qml is up to date.
CursorDelegate.qml is up to date.
ElevationEffect.qml is up to date.
plugins.qmltypes is up to date.
qmldir is up to date.
RadioIndicator.qml is up to date.
RectangularGlow.qml is up to date.
RoundedElevationEffect.qml is up to date.
SliderHandle.qml is up to date.
SwitchIndicator.qml is up to date.
qtquickcontrols2imaginestyleimplplugin.dll is up to date.
OpacityMask.qml is up to date.
qmldir is up to date.
QuickControls2ImagineStyleImpl.qmltypes is up to date.
qtquickcontrols2universalstyleimplplugin.dll is up to date.
CheckIndicator.qml is up to date.
plugins.qmltypes is up to date.
qmldir is up to date.
RadioIndicator.qml is up to date.
SwitchIndicator.qml is up to date.
qtquickcontrols2fluentwinui3styleimplplugin.dll is up to date.
ButtonBackground.qml is up to date.
CheckIndicator.qml is up to date.
FocusFrame.qml is up to date.
plugins.qmltypes is up to date.
qmldir is up to date.
RadioIndicator.qml is up to date.
StyleImage.qml is up to date.
SwitchIndicator.qml is up to date.
effectsplugin.dll is up to date.
plugins.qmltypes is up to date.
qmldir is up to date.
qquicklayoutsplugin.dll is up to date.
plugins.qmltypes is up to date.
qmldir is up to date.
qmlshapesplugin.dll is up to date.
plugins.qmltypes is up to date.
qmldir is up to date.
qtquickcontrols2nativestyleplugin.dll is up to date.
plugins.qmltypes is up to date.
qmldir is up to date.
qtquickcontrols2windowsstyleimplplugin.dll is up to date.
CheckIndicator.qml is up to date.
qmldir is up to date.
QuickControls2WindowsStyleImpl.qmltypes is up to date.
SwitchIndicator.qml is up to date.
qtquickcontrols2basicstyleimplplugin.dll is up to date.
plugins.qmltypes is up to date.
qmldir is up to date.
labsmodelsplugin.dll is up to date.
plugins.qmltypes is up to date.
qmldir is up to date.
qtquickdialogsplugin.dll is up to date.
plugins.qmltypes is up to date.
qmldir is up to date.
qtquickdialogs2quickimplplugin.dll is up to date.
plugins.qmltypes is up to date.
qmldir is up to date.
ColorDialog.qml is up to date.
ColorInputs.qml is up to date.
FileDialog.qml is up to date.
FileDialogDelegate.qml is up to date.
FileDialogDelegateLabel.qml is up to date.
FolderBreadcrumbBar.qml is up to date.
FolderDialog.qml is up to date.
FolderDialogDelegate.qml is up to date.
FolderDialogDelegateLabel.qml is up to date.
FontDialog.qml is up to date.
FontDialogContent.qml is up to date.
HueGradient.qml is up to date.
MessageDialog.qml is up to date.
PickerHandle.qml is up to date.
SaturationLightnessPicker.qml is up to date.
SideBar.qml is up to date.
ColorDialog.qml is up to date.
ColorInputs.qml is up to date.
FileDialog.qml is up to date.
FileDialogDelegate.qml is up to date.
FolderBreadcrumbBar.qml is up to date.
FolderDialog.qml is up to date.
FolderDialogDelegate.qml is up to date.
FontDialog.qml is up to date.
MessageDialog.qml is up to date.
SideBar.qml is up to date.
ColorDialog.qml is up to date.
ColorInputs.qml is up to date.
FileDialog.qml is up to date.
FileDialogDelegate.qml is up to date.
FolderBreadcrumbBar.qml is up to date.
FolderDialog.qml is up to date.
FolderDialogDelegate.qml is up to date.
FontDialog.qml is up to date.
MessageDialog.qml is up to date.
SideBar.qml is up to date.
ColorDialog.qml is up to date.
ColorInputs.qml is up to date.
FileDialog.qml is up to date.
FileDialogDelegate.qml is up to date.
FolderBreadcrumbBar.qml is up to date.
FolderDialog.qml is up to date.
FolderDialogDelegate.qml is up to date.
FontDialog.qml is up to date.
MessageDialog.qml is up to date.
SideBar.qml is up to date.
ColorDialog.qml is up to date.
ColorInputs.qml is up to date.
FileDialog.qml is up to date.
FileDialogDelegate.qml is up to date.
FolderBreadcrumbBar.qml is up to date.
FolderDialog.qml is up to date.
FolderDialogDelegate.qml is up to date.
FontDialog.qml is up to date.
MessageDialog.qml is up to date.
SideBar.qml is up to date.
qmlfolderlistmodelplugin.dll is up to date.
plugins.qmltypes is up to date.
qmldir is up to date.
qmlsettingsplugin.dll is up to date.
plugins.qmltypes is up to date.
qmldir is up to date.
quickmultimediaplugin.dll is up to date.
plugins.qmltypes is up to date.
qmldir is up to date.
Video.qml is up to date.
Creating qt_ar.qm...
Creating qt_bg.qm...
Creating qt_ca.qm...
Creating qt_cs.qm...
Creating qt_da.qm...
Creating qt_de.qm...
Creating qt_en.qm...
Creating qt_es.qm...
Creating qt_fa.qm...
Creating qt_fi.qm...
Creating qt_fr.qm...
Creating qt_gd.qm...
Creating qt_he.qm...
Creating qt_hr.qm...
Creating qt_hu.qm...
Creating qt_it.qm...
Creating qt_ja.qm...
Creating qt_ka.qm...
Creating qt_ko.qm...
Creating qt_lg.qm...
Creating qt_lv.qm...
Creating qt_nl.qm...
Creating qt_nn.qm...
Creating qt_pl.qm...
Creating qt_pt_BR.qm...
Creating qt_ru.qm...
Creating qt_sk.qm...
Creating qt_sv.qm...
Creating qt_tr.qm...
Creating qt_uk.qm...
Creating qt_zh_CN.qm...
Creating qt_zh_TW.qm...
Copying MinGW runtime...
Copying FFmpeg DLLs...

�o. Deployment complete!
Run: .\deploy\appScrollBench.exe
================ ENVIRONMENT SNAPSHOT ================
OS              : "Windows 10 Version 22H2"
CPU Arch        : "x86_64" ( 6 logical threads)
Total System RAM: 65466.5 MB
GPU detected    : "NVIDIA GeForce GTX 1050 Ti" ( 4004 MB VRAM)
======================================================
[ "16:19:51.521" ][HWAccel] Requested mode: SettingsHelper::None
[ "16:19:51.521" ][HWAccel] CPU decoding selected (no acceleration).
[ "16:19:51.521" ][HWAccel] CPU Features: "SSE, SSE2, SSE3, SSSE3, SSE4.1, SSE4.2, AVX, AVX2, CUDA, VAAPI, DXVA2, QSV, D3D11VA, OPENCL, VULKAN, D3D12VA, AMF"
[Diagnostics] Monitor started - running checks every 1000ms
SystemMonitor: Starting monitoring with interval 1000 ms
[ "16:19:51.526" ][SystemMonitor] Stats Update: CPU App: 0 % | Sys: 0 % | RAM App: 60.9492 MB | Sys Avail: 31118.2 MB / 65466.5 MB
[SystemMonitor] Resource Update: RAM: 60.9492 MB (Delta: 60.9492 ) | VRAM: 0.804688 MB (Delta: 0.804688 )
[Diagnostics] Attached to ScrollBenchImageModel
[Diagnostics] Attached to SettingsHelper
[TaskScheduler] Started 2 CPU threads and 4 IO threads.
FileCacheManager: Initialized with LMDB (Stub) at "C:/Users/curtis/AppData/Local/appScrollBench/cache/thumbnails/FileCache.lmdb"
qrc:/ScrollBench/qml/MainScrollBench.qml:22:5: QML Settings: Failed to initialize QSettings instance. Status code is: 1
qrc:/ScrollBench/qml/MainScrollBench.qml:22:5: QML Settings: The following application identifiers have not been set: QList("organizationName", "organizationDomain")
qrc:/ScrollBench/qml/MainScrollBench.qml:22:5: QML Settings: The Settings type from Qt.labs.settings is deprecated and will be removed in a future release. Please use the one from QtCore instead.
[ "16:19:52.529" ][SystemMonitor] Stats Update: CPU App: 10.9375 % | Sys: 89.5833 % | RAM App: 136.023 MB | Sys Avail: 31076.3 MB / 65466.5 MB
[SystemMonitor] Resource Update: RAM: 136.023 MB (Delta: 75.0742 ) | VRAM: 28.1523 MB (Delta: 27.3477 )
[ "16:19:53.532" ][SystemMonitor] Stats Update: CPU App: 1.5625 % | Sys: 85.4167 % | RAM App: 136.738 MB | Sys Avail: 31091.4 MB / 65466.5 MB
[ "16:19:54.533" ][SystemMonitor] Stats Update: CPU App: 1.30208 % | Sys: 82.5521 % | RAM App: 136.883 MB | Sys Avail: 31090.4 MB / 65466.5 MB
[ "16:19:55.522" ][SystemMonitor] Stats Update: CPU App: 1.04167 % | Sys: 79.9479 % | RAM App: 136.969 MB | Sys Avail: 31105.8 MB / 65466.5 MB
[ "16:19:56.535" ][SystemMonitor] Stats Update: CPU App: 1.04167 % | Sys: 69.0104 % | RAM App: 137.008 MB | Sys Avail: 31101.2 MB / 65466.5 MB
[ "16:19:57.534" ][SystemMonitor] Stats Update: CPU App: 0.520833 % | Sys: 71.0938 % | RAM App: 137.059 MB | Sys Avail: 31104.7 MB / 65466.5 MB
[ "16:19:58.533" ][SystemMonitor] Stats Update: CPU App: 1.04167 % | Sys: 73.1771 % | RAM App: 135.273 MB | Sys Avail: 31109 MB / 65466.5 MB
[ "16:19:59.533" ][SystemMonitor] Stats Update: CPU App: 0.520833 % | Sys: 78.125 % | RAM App: 135.359 MB | Sys Avail: 31108.3 MB / 65466.5 MB
[ "16:20:00.530" ][SystemMonitor] Stats Update: CPU App: 1.04167 % | Sys: 70.5729 % | RAM App: 135.316 MB | Sys Avail: 31108 MB / 65466.5 MB
[ "16:20:01.522" ][SystemMonitor] Stats Update: CPU App: 1.04167 % | Sys: 63.5417 % | RAM App: 135.371 MB | Sys Avail: 31109.2 MB / 65466.5 MB
[ "16:20:02.533" ][SystemMonitor] Stats Update: CPU App: 0.520833 % | Sys: 66.6667 % | RAM App: 135.418 MB | Sys Avail: 31092.1 MB / 65466.5 MB
TelemetryMonitor: Processed 300 frames. Current FPS: 28
[ "16:20:03.522" ][SystemMonitor] Stats Update: CPU App: 0.78125 % | Sys: 67.4479 % | RAM App: 135.5 MB | Sys Avail: 31090.8 MB / 65466.5 MB
[ "16:20:04.528" ][SystemMonitor] Stats Update: CPU App: 0.520833 % | Sys: 65.8854 % | RAM App: 135.523 MB | Sys Avail: 31091.3 MB / 65466.5 MB
[ "16:20:05.532" ][SystemMonitor] Stats Update: CPU App: 1.04167 % | Sys: 64.5833 % | RAM App: 135.547 MB | Sys Avail: 31089.9 MB / 65466.5 MB
[ "16:20:06.533" ][SystemMonitor] Stats Update: CPU App: 0 % | Sys: 62.5 % | RAM App: 135.566 MB | Sys Avail: 31090.4 MB / 65466.5 MB
[ "16:20:07.523" ][SystemMonitor] Stats Update: CPU App: 1.30208 % | Sys: 70.0521 % | RAM App: 135.59 MB | Sys Avail: 31091.9 MB / 65466.5 MB
[ "16:20:08.527" ][SystemMonitor] Stats Update: CPU App: 0.520833 % | Sys: 68.75 % | RAM App: 135.637 MB | Sys Avail: 31089.9 MB / 65466.5 MB
[ "16:20:09.533" ][SystemMonitor] Stats Update: CPU App: 1.30208 % | Sys: 64.8438 % | RAM App: 135.746 MB | Sys Avail: 31184.3 MB / 65466.5 MB
[ "16:20:10.522" ][SystemMonitor] Stats Update: CPU App: 0.260417 % | Sys: 69.7917 % | RAM App: 135.848 MB | Sys Avail: 31181 MB / 65466.5 MB
[ "16:20:11.522" ][SystemMonitor] Stats Update: CPU App: 0.260417 % | Sys: 68.4896 % | RAM App: 135.906 MB | Sys Avail: 31189.2 MB / 65466.5 MB
[ "16:20:12.533" ][SystemMonitor] Stats Update: CPU App: 1.30208 % | Sys: 87.5 % | RAM App: 135.988 MB | Sys Avail: 31094.5 MB / 65466.5 MB
[ "16:20:13.522" ][SystemMonitor] Stats Update: CPU App: 1.30208 % | Sys: 83.5938 % | RAM App: 136.059 MB | Sys Avail: 31195.1 MB / 65466.5 MB
TelemetryMonitor: Processed 300 frames. Current FPS: 28
[ "16:20:14.527" ][SystemMonitor] Stats Update: CPU App: 0.78125 % | Sys: 68.4896 % | RAM App: 136.109 MB | Sys Avail: 31197 MB / 65466.5 MB
[ "16:20:15.533" ][SystemMonitor] Stats Update: CPU App: 0.78125 % | Sys: 66.4063 % | RAM App: 136.148 MB | Sys Avail: 31196.3 MB / 65466.5 MB
[ "16:20:16.529" ][SystemMonitor] Stats Update: CPU App: 1.30208 % | Sys: 58.8542 % | RAM App: 136.172 MB | Sys Avail: 31199.2 MB / 65466.5 MB
[ "16:20:17.522" ][SystemMonitor] Stats Update: CPU App: 1.04167 % | Sys: 73.6979 % | RAM App: 136.195 MB | Sys Avail: 31199.8 MB / 65466.5 MB
[ "16:20:18.531" ][SystemMonitor] Stats Update: CPU App: 0.520833 % | Sys: 71.0938 % | RAM App: 136.242 MB | Sys Avail: 31199.6 MB / 65466.5 MB
[ "16:20:19.532" ][SystemMonitor] Stats Update: CPU App: 0.78125 % | Sys: 71.6146 % | RAM App: 136.273 MB | Sys Avail: 31201.2 MB / 65466.5 MB
[ "16:20:20.531" ][SystemMonitor] Stats Update: CPU App: 0.260417 % | Sys: 64.3229 % | RAM App: 136.297 MB | Sys Avail: 31202.9 MB / 65466.5 MB
[ "16:20:21.533" ][SystemMonitor] Stats Update: CPU App: 0.520833 % | Sys: 66.6667 % | RAM App: 136.344 MB | Sys Avail: 31212.2 MB / 65466.5 MB
[ "16:20:22.525" ][SystemMonitor] Stats Update: CPU App: 0.78125 % | Sys: 76.3021 % | RAM App: 136.426 MB | Sys Avail: 31214.8 MB / 65466.5 MB
[ "16:20:23.522" ][SystemMonitor] Stats Update: CPU App: 0.78125 % | Sys: 73.1771 % | RAM App: 136.508 MB | Sys Avail: 31216.2 MB / 65466.5 MB
TelemetryMonitor: Processed 300 frames. Current FPS: 28
[ "16:20:24.534" ][SystemMonitor] Stats Update: CPU App: 0.520833 % | Sys: 67.9688 % | RAM App: 136.535 MB | Sys Avail: 31178.5 MB / 65466.5 MB
[ "16:20:25.522" ][SystemMonitor] Stats Update: CPU App: 1.04167 % | Sys: 63.0208 % | RAM App: 136.582 MB | Sys Avail: 31176.4 MB / 65466.5 MB
[ "16:20:26.551" ][SystemMonitor] Stats Update: CPU App: 0.769231 % | Sys: 74.6154 % | RAM App: 136.645 MB | Sys Avail: 31181.6 MB / 65466.5 MB
[ "16:20:27.522" ][SystemMonitor] Stats Update: CPU App: 1.5873 % | Sys: 73.545 % | RAM App: 136.684 MB | Sys Avail: 31140.2 MB / 65466.5 MB
[ "16:20:28.523" ][SystemMonitor] Stats Update: CPU App: 0.78125 % | Sys: 61.7188 % | RAM App: 136.738 MB | Sys Avail: 31085.3 MB / 65466.5 MB
[ "16:20:29.533" ][SystemMonitor] Stats Update: CPU App: 1.5625 % | Sys: 63.2813 % | RAM App: 136.758 MB | Sys Avail: 31094.3 MB / 65466.5 MB
[ "16:20:30.534" ][SystemMonitor] Stats Update: CPU App: 0.520833 % | Sys: 65.625 % | RAM App: 136.777 MB | Sys Avail: 31089.5 MB / 65466.5 MB
[ "16:20:31.533" ][SystemMonitor] Stats Update: CPU App: 0.78125 % | Sys: 72.3958 % | RAM App: 136.801 MB | Sys Avail: 31031.4 MB / 65466.5 MB
[ "16:20:32.534" ][SystemMonitor] Stats Update: CPU App: 1.30208 % | Sys: 66.1458 % | RAM App: 136.82 MB | Sys Avail: 31016.2 MB / 65466.5 MB
[ "16:20:33.524" ][SystemMonitor] Stats Update: CPU App: 1.30208 % | Sys: 68.2292 % | RAM App: 136.867 MB | Sys Avail: 30990.5 MB / 65466.5 MB
[ "16:20:34.533" ][SystemMonitor] Stats Update: CPU App: 0.78125 % | Sys: 76.5625 % | RAM App: 136.918 MB | Sys Avail: 30986.3 MB / 65466.5 MB
TelemetryMonitor: Processed 300 frames. Current FPS: 27
[ "16:20:35.533" ][SystemMonitor] Stats Update: CPU App: 1.5625 % | Sys: 69.7917 % | RAM App: 136.941 MB | Sys Avail: 30983.5 MB / 65466.5 MB
[ "16:20:36.534" ][SystemMonitor] Stats Update: CPU App: 0.260417 % | Sys: 59.6354 % | RAM App: 136.957 MB | Sys Avail: 30985 MB / 65466.5 MB
[ "16:20:37.551" ][SystemMonitor] Stats Update: CPU App: 0.25641 % | Sys: 71.5385 % | RAM App: 136.98 MB | Sys Avail: 30988.7 MB / 65466.5 MB
[ "16:20:38.534" ][SystemMonitor] Stats Update: CPU App: 1.0582 % | Sys: 69.3122 % | RAM App: 137.039 MB | Sys Avail: 30983.9 MB / 65466.5 MB
[ "16:20:39.523" ][SystemMonitor] Stats Update: CPU App: 1.30208 % | Sys: 61.9792 % | RAM App: 137.059 MB | Sys Avail: 30973.6 MB / 65466.5 MB
[ "16:20:40.523" ][SystemMonitor] Stats Update: CPU App: 0.78125 % | Sys: 73.6979 % | RAM App: 137.082 MB | Sys Avail: 30972 MB / 65466.5 MB
[ "16:20:41.522" ][SystemMonitor] Stats Update: CPU App: 1.5625 % | Sys: 80.2083 % | RAM App: 137.133 MB | Sys Avail: 30949.9 MB / 65466.5 MB
[ "16:20:42.539" ][SystemMonitor] Stats Update: CPU App: 0.78125 % | Sys: 86.9792 % | RAM App: 137.184 MB | Sys Avail: 30827.4 MB / 65466.5 MB
[ "16:20:43.534" ][SystemMonitor] Stats Update: CPU App: 0.78125 % | Sys: 77.8646 % | RAM App: 137.215 MB | Sys Avail: 30924 MB / 65466.5 MB
[ "16:20:44.534" ][SystemMonitor] Stats Update: CPU App: 1.04167 % | Sys: 72.9167 % | RAM App: 137.289 MB | Sys Avail: 30928.1 MB / 65466.5 MB
[ "16:20:45.522" ][SystemMonitor] Stats Update: CPU App: 1.30208 % | Sys: 69.5313 % | RAM App: 137.289 MB | Sys Avail: 30927.5 MB / 65466.5 MB
TelemetryMonitor: Processed 300 frames. Current FPS: 28
[ "16:20:46.534" ][SystemMonitor] Stats Update: CPU App: 1.04167 % | Sys: 63.2813 % | RAM App: 137.27 MB | Sys Avail: 30927.7 MB / 65466.5 MB
[ "16:20:47.534" ][SystemMonitor] Stats Update: CPU App: 1.5625 % | Sys: 75.2604 % | RAM App: 137.289 MB | Sys Avail: 30914.6 MB / 65466.5 MB
[ "16:20:48.530" ][SystemMonitor] Stats Update: CPU App: 0.520833 % | Sys: 83.3333 % | RAM App: 134.781 MB | Sys Avail: 30885.6 MB / 65466.5 MB
[ "16:20:49.534" ][SystemMonitor] Stats Update: CPU App: 1.30208 % | Sys: 85.6771 % | RAM App: 134.969 MB | Sys Avail: 30875.4 MB / 65466.5 MB
[ "16:20:50.528" ][SystemMonitor] Stats Update: CPU App: 1.5625 % | Sys: 72.9167 % | RAM App: 135 MB | Sys Avail: 30884.8 MB / 65466.5 MB
[ "16:20:51.523" ][SystemMonitor] Stats Update: CPU App: 0.520833 % | Sys: 80.7292 % | RAM App: 134.973 MB | Sys Avail: 30754.9 MB / 65466.5 MB
[ "16:20:52.524" ][SystemMonitor] Stats Update: CPU App: 0.520833 % | Sys: 67.4479 % | RAM App: 134.973 MB | Sys Avail: 30806.7 MB / 65466.5 MB
[ "16:20:53.522" ][SystemMonitor] Stats Update: CPU App: 0.520833 % | Sys: 67.1875 % | RAM App: 134.973 MB | Sys Avail: 30881.6 MB / 65466.5 MB
[ "16:20:54.525" ][SystemMonitor] Stats Update: CPU App: 1.30208 % | Sys: 64.0625 % | RAM App: 134.973 MB | Sys Avail: 30826.7 MB / 65466.5 MB
[ "16:20:55.535" ][SystemMonitor] Stats Update: CPU App: 1.04167 % | Sys: 73.1771 % | RAM App: 134.977 MB | Sys Avail: 30812.8 MB / 65466.5 MB
TelemetryMonitor: Processed 300 frames. Current FPS: 30
[ "16:20:56.531" ][SystemMonitor] Stats Update: CPU App: 1.04167 % | Sys: 66.1458 % | RAM App: 134.984 MB | Sys Avail: 30862.8 MB / 65466.5 MB
[ "16:20:57.535" ][SystemMonitor] Stats Update: CPU App: 0.78125 % | Sys: 69.7917 % | RAM App: 135.023 MB | Sys Avail: 30871.7 MB / 65466.5 MB
[ "16:20:58.531" ][SystemMonitor] Stats Update: CPU App: 0.520833 % | Sys: 66.6667 % | RAM App: 135.039 MB | Sys Avail: 30860.7 MB / 65466.5 MB
[ "16:20:59.534" ][SystemMonitor] Stats Update: CPU App: 0.260417 % | Sys: 68.75 % | RAM App: 135.043 MB | Sys Avail: 30843.8 MB / 65466.5 MB
[ "16:21:00.530" ][SystemMonitor] Stats Update: CPU App: 1.04167 % | Sys: 67.7083 % | RAM App: 135.051 MB | Sys Avail: 30838.5 MB / 65466.5 MB
[ "16:21:01.535" ][SystemMonitor] Stats Update: CPU App: 1.30208 % | Sys: 71.6146 % | RAM App: 135.09 MB | Sys Avail: 30821.2 MB / 65466.5 MB
[ "16:21:02.530" ][SystemMonitor] Stats Update: CPU App: 1.30208 % | Sys: 68.75 % | RAM App: 135.121 MB | Sys Avail: 30841.4 MB / 65466.5 MB
[ "16:21:03.523" ][SystemMonitor] Stats Update: CPU App: 1.30208 % | Sys: 68.2292 % | RAM App: 135.152 MB | Sys Avail: 30916.8 MB / 65466.5 MB
[ "16:21:04.535" ][SystemMonitor] Stats Update: CPU App: 1.5625 % | Sys: 74.7396 % | RAM App: 135.195 MB | Sys Avail: 30884.3 MB / 65466.5 MB
[ "16:21:05.535" ][SystemMonitor] Stats Update: CPU App: 0.78125 % | Sys: 71.875 % | RAM App: 135.238 MB | Sys Avail: 30765.8 MB / 65466.5 MB
[ "16:21:06.530" ][SystemMonitor] Stats Update: CPU App: 0.260417 % | Sys: 66.1458 % | RAM App: 135.281 MB | Sys Avail: 30896.8 MB / 65466.5 MB
TelemetryMonitor: Processed 300 frames. Current FPS: 30
[ "16:21:07.522" ][SystemMonitor] Stats Update: CPU App: 0.520833 % | Sys: 71.6146 % | RAM App: 135.301 MB | Sys Avail: 30841.8 MB / 65466.5 MB
[ "16:21:08.522" ][SystemMonitor] Stats Update: CPU App: 1.04167 % | Sys: 72.6563 % | RAM App: 135.332 MB | Sys Avail: 30846.1 MB / 65466.5 MB
[ "16:21:09.523" ][SystemMonitor] Stats Update: CPU App: 0.78125 % | Sys: 71.3542 % | RAM App: 135.355 MB | Sys Avail: 30877.5 MB / 65466.5 MB
[ "16:21:10.531" ][SystemMonitor] Stats Update: CPU App: 0.78125 % | Sys: 72.9167 % | RAM App: 135.379 MB | Sys Avail: 30866 MB / 65466.5 MB
[ "16:21:11.534" ][SystemMonitor] Stats Update: CPU App: 0.78125 % | Sys: 64.8438 % | RAM App: 135.418 MB | Sys Avail: 30917 MB / 65466.5 MB
[ "16:21:12.525" ][SystemMonitor] Stats Update: CPU App: 0.78125 % | Sys: 75.5208 % | RAM App: 135.484 MB | Sys Avail: 30830.2 MB / 65466.5 MB
[ "16:21:13.522" ][SystemMonitor] Stats Update: CPU App: 1.82292 % | Sys: 85.4167 % | RAM App: 135.531 MB | Sys Avail: 30901.6 MB / 65466.5 MB
[ "16:21:14.522" ][SystemMonitor] Stats Update: CPU App: 0.520833 % | Sys: 79.1667 % | RAM App: 135.563 MB | Sys Avail: 30909 MB / 65466.5 MB
[ "16:21:15.552" ][SystemMonitor] Stats Update: CPU App: 0.25641 % | Sys: 81.5385 % | RAM App: 135.617 MB | Sys Avail: 30930.5 MB / 65466.5 MB
[ "16:21:16.531" ][SystemMonitor] Stats Update: CPU App: 1.85185 % | Sys: 75.9259 % | RAM App: 135.668 MB | Sys Avail: 30946.4 MB / 65466.5 MB
TelemetryMonitor: Processed 300 frames. Current FPS: 27
[ "16:21:17.535" ][SystemMonitor] Stats Update: CPU App: 0.78125 % | Sys: 78.9063 % | RAM App: 135.734 MB | Sys Avail: 30956.6 MB / 65466.5 MB
[ "16:21:18.536" ][SystemMonitor] Stats Update: CPU App: 0.520833 % | Sys: 86.9792 % | RAM App: 135.828 MB | Sys Avail: 30953.4 MB / 65466.5 MB
[ "16:21:19.522" ][SystemMonitor] Stats Update: CPU App: 0.78125 % | Sys: 81.7708 % | RAM App: 135.898 MB | Sys Avail: 30954.9 MB / 65466.5 MB
[ "16:21:20.529" ][SystemMonitor] Stats Update: CPU App: 1.04167 % | Sys: 82.2917 % | RAM App: 135.949 MB | Sys Avail: 30956.8 MB / 65466.5 MB
[ "16:21:21.535" ][SystemMonitor] Stats Update: CPU App: 1.04167 % | Sys: 80.7292 % | RAM App: 136.004 MB | Sys Avail: 30960.5 MB / 65466.5 MB
[ "16:21:22.535" ][SystemMonitor] Stats Update: CPU App: 0.78125 % | Sys: 80.2083 % | RAM App: 136.035 MB | Sys Avail: 30960.5 MB / 65466.5 MB
[ "16:21:23.522" ][SystemMonitor] Stats Update: CPU App: 1.30208 % | Sys: 76.3021 % | RAM App: 136.117 MB | Sys Avail: 30960.6 MB / 65466.5 MB
[ "16:21:24.523" ][SystemMonitor] Stats Update: CPU App: 0.78125 % | Sys: 84.1146 % | RAM App: 136.219 MB | Sys Avail: 30959.9 MB / 65466.5 MB
[ "16:21:25.522" ][SystemMonitor] Stats Update: CPU App: 0.520833 % | Sys: 66.1458 % | RAM App: 136.246 MB | Sys Avail: 30962.8 MB / 65466.5 MB
[ "16:21:26.530" ][SystemMonitor] Stats Update: CPU App: 1.04167 % | Sys: 64.5833 % | RAM App: 136.293 MB | Sys Avail: 30964.1 MB / 65466.5 MB
[ "16:21:27.522" ][SystemMonitor] Stats Update: CPU App: 0.78125 % | Sys: 78.6458 % | RAM App: 136.422 MB | Sys Avail: 30931.2 MB / 65466.5 MB
TelemetryMonitor: Processed 300 frames. Current FPS: 29
[ "16:21:28.526" ][SystemMonitor] Stats Update: CPU App: 1.82292 % | Sys: 69.7917 % | RAM App: 136.445 MB | Sys Avail: 30930.3 MB / 65466.5 MB
[ "16:21:29.552" ][SystemMonitor] Stats Update: CPU App: 1.53846 % | Sys: 71.7949 % | RAM App: 136.48 MB | Sys Avail: 30933.4 MB / 65466.5 MB
[ "16:21:30.530" ][SystemMonitor] Stats Update: CPU App: 0.793651 % | Sys: 86.5079 % | RAM App: 136.508 MB | Sys Avail: 31187.7 MB / 65466.5 MB
[ "16:21:31.522" ][SystemMonitor] Stats Update: CPU App: 0.78125 % | Sys: 95.0521 % | RAM App: 136.539 MB | Sys Avail: 31566.2 MB / 65466.5 MB
[ "16:21:32.531" ][SystemMonitor] Stats Update: CPU App: 1.30208 % | Sys: 74.7396 % | RAM App: 136.566 MB | Sys Avail: 31605.7 MB / 65466.5 MB
[ "16:21:33.536" ][SystemMonitor] Stats Update: CPU App: 0.78125 % | Sys: 90.8854 % | RAM App: 136.641 MB | Sys Avail: 31614.2 MB / 65466.5 MB
[ "16:21:34.524" ][SystemMonitor] Stats Update: CPU App: 1.04167 % | Sys: 73.1771 % | RAM App: 136.82 MB | Sys Avail: 31612.5 MB / 65466.5 MB
[ "16:21:35.523" ][SystemMonitor] Stats Update: CPU App: 1.04167 % | Sys: 66.9271 % | RAM App: 136.91 MB | Sys Avail: 31606.1 MB / 65466.5 MB
[ "16:21:36.536" ][SystemMonitor] Stats Update: CPU App: 1.82292 % | Sys: 69.2708 % | RAM App: 136.988 MB | Sys Avail: 31620.2 MB / 65466.5 MB
[ "16:21:37.536" ][SystemMonitor] Stats Update: CPU App: 1.30208 % | Sys: 65.8854 % | RAM App: 137.008 MB | Sys Avail: 31619.4 MB / 65466.5 MB
[ "16:21:38.536" ][SystemMonitor] Stats Update: CPU App: 1.04167 % | Sys: 67.1875 % | RAM App: 137.027 MB | Sys Avail: 31618.1 MB / 65466.5 MB
TelemetryMonitor: Processed 300 frames. Current FPS: 28
[ "16:21:39.523" ][SystemMonitor] Stats Update: CPU App: 1.82292 % | Sys: 70.8333 % | RAM App: 137.086 MB | Sys Avail: 31632 MB / 65466.5 MB
[ "16:21:40.536" ][SystemMonitor] Stats Update: CPU App: 1.30208 % | Sys: 69.5313 % | RAM App: 137.109 MB | Sys Avail: 31634.6 MB / 65466.5 MB
[ "16:21:41.522" ][SystemMonitor] Stats Update: CPU App: 2.60417 % | Sys: 69.0104 % | RAM App: 137.191 MB | Sys Avail: 31643.5 MB / 65466.5 MB
[ "16:21:42.554" ][SystemMonitor] Stats Update: CPU App: 1.0101 % | Sys: 87.6263 % | RAM App: 137.215 MB | Sys Avail: 31545.1 MB / 65466.5 MB
[ "16:21:43.536" ][SystemMonitor] Stats Update: CPU App: 0.806452 % | Sys: 85.7527 % | RAM App: 137.32 MB | Sys Avail: 31659 MB / 65466.5 MB
[ "16:21:44.526" ][SystemMonitor] Stats Update: CPU App: 1.04167 % | Sys: 69.7917 % | RAM App: 137.34 MB | Sys Avail: 31653.9 MB / 65466.5 MB
[ "16:21:45.522" ][SystemMonitor] Stats Update: CPU App: 0.78125 % | Sys: 71.3542 % | RAM App: 136.48 MB | Sys Avail: 31616 MB / 65466.5 MB
[ "16:21:46.531" ][SystemMonitor] Stats Update: CPU App: 0.78125 % | Sys: 76.3021 % | RAM App: 136.48 MB | Sys Avail: 31617.8 MB / 65466.5 MB
[ "16:21:47.537" ][SystemMonitor] Stats Update: CPU App: 1.30208 % | Sys: 70.3896 % | RAM App: 136.516 MB | Sys Avail: 31614.3 MB / 65466.5 MB
[ "16:21:48.526" ][SystemMonitor] Stats Update: CPU App: 0.78125 % | Sys: 71.0183 % | RAM App: 136.547 MB | Sys Avail: 31616.5 MB / 65466.5 MB
TelemetryMonitor: Processed 300 frames. Current FPS: 29
[ "16:21:49.522" ][SystemMonitor] Stats Update: CPU App: 1.04167 % | Sys: 75 % | RAM App: 136.566 MB | Sys Avail: 31625.9 MB / 65466.5 MB
[ "16:21:50.536" ][SystemMonitor] Stats Update: CPU App: 1.04167 % | Sys: 75.7813 % | RAM App: 136.586 MB | Sys Avail: 31618.1 MB / 65466.5 MB
[ "16:21:51.522" ][SystemMonitor] Stats Update: CPU App: 1.04167 % | Sys: 69.7917 % | RAM App: 136.613 MB | Sys Avail: 31623.1 MB / 65466.5 MB
[ "16:21:52.521" ][SystemMonitor] Stats Update: CPU App: 1.5625 % | Sys: 64.5833 % | RAM App: 136.613 MB | Sys Avail: 31623.3 MB / 65466.5 MB
[ "16:21:53.522" ][SystemMonitor] Stats Update: CPU App: 0.78125 % | Sys: 65.3646 % | RAM App: 136.621 MB | Sys Avail: 31624.7 MB / 65466.5 MB
[ "16:21:54.527" ][SystemMonitor] Stats Update: CPU App: 0.260417 % | Sys: 59.375 % | RAM App: 136.652 MB | Sys Avail: 31625 MB / 65466.5 MB
[ "16:21:55.522" ][SystemMonitor] Stats Update: CPU App: 0.520833 % | Sys: 81.5104 % | RAM App: 136.648 MB | Sys Avail: 31625.6 MB / 65466.5 MB
[ "16:21:56.528" ][SystemMonitor] Stats Update: CPU App: 1.04167 % | Sys: 65.3646 % | RAM App: 136.648 MB | Sys Avail: 31625.4 MB / 65466.5 MB
[ "16:21:57.522" ][SystemMonitor] Stats Update: CPU App: 0.78125 % | Sys: 71.3542 % | RAM App: 136.648 MB | Sys Avail: 31632.2 MB / 65466.5 MB
[ "16:21:58.536" ][SystemMonitor] Stats Update: CPU App: 1.04167 % | Sys: 70.3125 % | RAM App: 136.648 MB | Sys Avail: 31629.4 MB / 65466.5 MB
[ "16:21:59.522" ][SystemMonitor] Stats Update: CPU App: 1.82292 % | Sys: 69.2708 % | RAM App: 136.648 MB | Sys Avail: 31630.1 MB / 65466.5 MB
TelemetryMonitor: Processed 300 frames. Current FPS: 29
[ "16:22:00.537" ][SystemMonitor] Stats Update: CPU App: 1.04167 % | Sys: 70.0521 % | RAM App: 136.648 MB | Sys Avail: 31615.5 MB / 65466.5 MB
[ "16:22:01.522" ][SystemMonitor] Stats Update: CPU App: 0.78125 % | Sys: 78.9063 % | RAM App: 136.648 MB | Sys Avail: 31614 MB / 65466.5 MB
[ "16:22:02.537" ][SystemMonitor] Stats Update: CPU App: 1.5625 % | Sys: 80.4688 % | RAM App: 136.652 MB | Sys Avail: 31617.9 MB / 65466.5 MB
[ "16:22:03.522" ][SystemMonitor] Stats Update: CPU App: 1.30208 % | Sys: 79.9479 % | RAM App: 136.676 MB | Sys Avail: 31619.7 MB / 65466.5 MB
[ "16:22:04.525" ][SystemMonitor] Stats Update: CPU App: 0.260417 % | Sys: 74.4792 % | RAM App: 136.699 MB | Sys Avail: 31588 MB / 65466.5 MB
[ "16:22:05.537" ][SystemMonitor] Stats Update: CPU App: 1.04167 % | Sys: 70.0521 % | RAM App: 136.719 MB | Sys Avail: 31584.1 MB / 65466.5 MB
[ "16:22:06.530" ][SystemMonitor] Stats Update: CPU App: 1.30208 % | Sys: 77.0833 % | RAM App: 136.746 MB | Sys Avail: 31577.1 MB / 65466.5 MB
[ "16:22:07.522" ][SystemMonitor] Stats Update: CPU App: 1.04167 % | Sys: 86.9792 % | RAM App: 136.77 MB | Sys Avail: 31607.5 MB / 65466.5 MB
[ "16:22:08.531" ][SystemMonitor] Stats Update: CPU App: 1.04167 % | Sys: 71.6146 % | RAM App: 136.785 MB | Sys Avail: 31536 MB / 65466.5 MB
[ "16:22:09.523" ][SystemMonitor] Stats Update: CPU App: 1.04167 % | Sys: 61.7188 % | RAM App: 136.809 MB | Sys Avail: 31532.6 MB / 65466.5 MB
[ "16:22:10.530" ][SystemMonitor] Stats Update: CPU App: 3.125 % | Sys: 66.4063 % | RAM App: 136.828 MB | Sys Avail: 31536.9 MB / 65466.5 MB
TelemetryMonitor: Processed 300 frames. Current FPS: 29
[ "16:22:11.522" ][SystemMonitor] Stats Update: CPU App: 1.30208 % | Sys: 83.3333 % | RAM App: 136.848 MB | Sys Avail: 31540 MB / 65466.5 MB
[ "16:22:12.523" ][SystemMonitor] Stats Update: CPU App: 1.5625 % | Sys: 86.4583 % | RAM App: 136.871 MB | Sys Avail: 31374.6 MB / 65466.5 MB
[ "16:22:13.522" ][SystemMonitor] Stats Update: CPU App: 1.04167 % | Sys: 85.9375 % | RAM App: 136.891 MB | Sys Avail: 31454.1 MB / 65466.5 MB
[ "16:22:14.523" ][SystemMonitor] Stats Update: CPU App: 0.260417 % | Sys: 71.0938 % | RAM App: 136.91 MB | Sys Avail: 31425.6 MB / 65466.5 MB
[ "16:22:15.522" ][SystemMonitor] Stats Update: CPU App: 0.520833 % | Sys: 78.6458 % | RAM App: 136.934 MB | Sys Avail: 31411.1 MB / 65466.5 MB
[ "16:22:16.531" ][SystemMonitor] Stats Update: CPU App: 0.260417 % | Sys: 66.4063 % | RAM App: 136.953 MB | Sys Avail: 31348.6 MB / 65466.5 MB
[ "16:22:17.537" ][SystemMonitor] Stats Update: CPU App: 1.55039 % | Sys: 61.5385 % | RAM App: 136.973 MB | Sys Avail: 31350.1 MB / 65466.5 MB
[ "16:22:18.537" ][SystemMonitor] Stats Update: CPU App: 0.26178 % | Sys: 61.9792 % | RAM App: 136.996 MB | Sys Avail: 31350.5 MB / 65466.5 MB
[ "16:22:19.537" ][SystemMonitor] Stats Update: CPU App: 0.78329 % | Sys: 80.6878 % | RAM App: 137.016 MB | Sys Avail: 31406 MB / 65466.5 MB
[ "16:22:20.530" ][SystemMonitor] Stats Update: CPU App: 1.5625 % | Sys: 71.0938 % | RAM App: 137.035 MB | Sys Avail: 31406.7 MB / 65466.5 MB
[ "16:22:21.537" ][SystemMonitor] Stats Update: CPU App: 0.25641 % | Sys: 64.359 % | RAM App: 137.059 MB | Sys Avail: 31409.5 MB / 65466.5 MB
TelemetryMonitor: Processed 300 frames. Current FPS: 28
[ "16:22:22.537" ][SystemMonitor] Stats Update: CPU App: 1.0582 % | Sys: 69.8413 % | RAM App: 137.078 MB | Sys Avail: 31433.2 MB / 65466.5 MB
[ "16:22:23.522" ][SystemMonitor] Stats Update: CPU App: 1.04167 % | Sys: 83.5938 % | RAM App: 137.098 MB | Sys Avail: 31417.4 MB / 65466.5 MB
[ "16:22:24.537" ][SystemMonitor] Stats Update: CPU App: 0.769231 % | Sys: 76.4103 % | RAM App: 137.121 MB | Sys Avail: 31421.8 MB / 65466.5 MB
[ "16:22:25.522" ][SystemMonitor] Stats Update: CPU App: 1.0582 % | Sys: 73.0159 % | RAM App: 137.141 MB | Sys Avail: 31428.7 MB / 65466.5 MB
[ "16:22:26.523" ][SystemMonitor] Stats Update: CPU App: 0.520833 % | Sys: 77.3438 % | RAM App: 137.16 MB | Sys Avail: 31393.8 MB / 65466.5 MB
[ "16:22:27.522" ][SystemMonitor] Stats Update: CPU App: 0.78125 % | Sys: 65.1042 % | RAM App: 137.184 MB | Sys Avail: 31440.2 MB / 65466.5 MB
[ "16:22:28.521" ][SystemMonitor] Stats Update: CPU App: 1.30208 % | Sys: 61.4583 % | RAM App: 137.203 MB | Sys Avail: 31432.3 MB / 65466.5 MB
[ "16:22:29.537" ][SystemMonitor] Stats Update: CPU App: 0.769231 % | Sys: 77.9487 % | RAM App: 137.223 MB | Sys Avail: 31431.5 MB / 65466.5 MB
[ "16:22:30.554" ][SystemMonitor] Stats Update: CPU App: 0.25641 % | Sys: 66.6667 % | RAM App: 137.246 MB | Sys Avail: 31444.7 MB / 65466.5 MB
[ "16:22:31.538" ][SystemMonitor] Stats Update: CPU App: 1.0582 % | Sys: 72.2222 % | RAM App: 137.266 MB | Sys Avail: 31412.1 MB / 65466.5 MB
TelemetryMonitor: Processed 300 frames. Current FPS: 28
[ "16:22:32.554" ][SystemMonitor] Stats Update: CPU App: 0.512821 % | Sys: 60 % | RAM App: 137.285 MB | Sys Avail: 31334.8 MB / 65466.5 MB
[ "16:22:33.554" ][SystemMonitor] Stats Update: CPU App: 0.520833 % | Sys: 64.8438 % | RAM App: 137.309 MB | Sys Avail: 31349.2 MB / 65466.5 MB
[ "16:22:34.546" ][SystemMonitor] Stats Update: CPU App: 0.26455 % | Sys: 65.6085 % | RAM App: 137.328 MB | Sys Avail: 31465.8 MB / 65466.5 MB
[ "16:22:35.537" ][SystemMonitor] Stats Update: CPU App: 0.520833 % | Sys: 70.5729 % | RAM App: 137.348 MB | Sys Avail: 31446.2 MB / 65466.5 MB
[ "16:22:36.554" ][SystemMonitor] Stats Update: CPU App: 0.769231 % | Sys: 76.9231 % | RAM App: 137.371 MB | Sys Avail: 31379.7 MB / 65466.5 MB
[ "16:22:37.554" ][SystemMonitor] Stats Update: CPU App: 0.520833 % | Sys: 83.8542 % | RAM App: 137.391 MB | Sys Avail: 31416 MB / 65466.5 MB
[ "16:22:38.555" ][SystemMonitor] Stats Update: CPU App: 0.78125 % | Sys: 61.9792 % | RAM App: 137.41 MB | Sys Avail: 31335.7 MB / 65466.5 MB
[ "16:22:39.554" ][SystemMonitor] Stats Update: CPU App: 0.520833 % | Sys: 67.7083 % | RAM App: 137.434 MB | Sys Avail: 31429.2 MB / 65466.5 MB
[ "16:22:40.538" ][SystemMonitor] Stats Update: CPU App: 0.529101 % | Sys: 64.0212 % | RAM App: 137.453 MB | Sys Avail: 31395.4 MB / 65466.5 MB
[ "16:22:41.538" ][SystemMonitor] Stats Update: CPU App: 1.04167 % | Sys: 65.3646 % | RAM App: 137.477 MB | Sys Avail: 31470.2 MB / 65466.5 MB
[ "16:22:42.540" ][SystemMonitor] Stats Update: CPU App: 0.260417 % | Sys: 85.1563 % | RAM App: 137.496 MB | Sys Avail: 31346.4 MB / 65466.5 MB
TelemetryMonitor: Processed 300 frames. Current FPS: 29
[ "16:22:43.537" ][SystemMonitor] Stats Update: CPU App: 0.520833 % | Sys: 84.6354 % | RAM App: 137.52 MB | Sys Avail: 31420.1 MB / 65466.5 MB
[ "16:22:44.555" ][SystemMonitor] Stats Update: CPU App: 0.769231 % | Sys: 73.8462 % | RAM App: 136.602 MB | Sys Avail: 31376.8 MB / 65466.5 MB
[ "16:22:45.555" ][SystemMonitor] Stats Update: CPU App: 1.30208 % | Sys: 71.0938 % | RAM App: 136.602 MB | Sys Avail: 31329.5 MB / 65466.5 MB
[ "16:22:46.538" ][SystemMonitor] Stats Update: CPU App: 0.793651 % | Sys: 73.2804 % | RAM App: 136.602 MB | Sys Avail: 31444.3 MB / 65466.5 MB
[ "16:22:47.538" ][SystemMonitor] Stats Update: CPU App: 0.520833 % | Sys: 74.7396 % | RAM App: 136.602 MB | Sys Avail: 31420.1 MB / 65466.5 MB
[ "16:22:48.538" ][SystemMonitor] Stats Update: CPU App: 1.30208 % | Sys: 85.1563 % | RAM App: 136.617 MB | Sys Avail: 31458.8 MB / 65466.5 MB
[ "16:22:49.538" ][SystemMonitor] Stats Update: CPU App: 1.04167 % | Sys: 82.8125 % | RAM App: 136.637 MB | Sys Avail: 31417.7 MB / 65466.5 MB
[ "16:22:50.563" ][SystemMonitor] Stats Update: CPU App: 1.28205 % | Sys: 85.1282 % | RAM App: 136.656 MB | Sys Avail: 31206.5 MB / 65466.5 MB
[ "16:22:51.538" ][SystemMonitor] Stats Update: CPU App: 0.793651 % | Sys: 74.6032 % | RAM App: 136.66 MB | Sys Avail: 31405.6 MB / 65466.5 MB
[ "16:22:52.538" ][SystemMonitor] Stats Update: CPU App: 0.78125 % | Sys: 70.5729 % | RAM App: 136.66 MB | Sys Avail: 31468.4 MB / 65466.5 MB
TelemetryMonitor: Processed 300 frames. Current FPS: 29
[ "16:22:53.555" ][SystemMonitor] Stats Update: CPU App: 0.512821 % | Sys: 62.0513 % | RAM App: 136.66 MB | Sys Avail: 31433.4 MB / 65466.5 MB
[ "16:22:54.538" ][SystemMonitor] Stats Update: CPU App: 0.26455 % | Sys: 69.5767 % | RAM App: 136.66 MB | Sys Avail: 31360 MB / 65466.5 MB
[ "16:22:55.555" ][SystemMonitor] Stats Update: CPU App: 0.769231 % | Sys: 67.9487 % | RAM App: 136.66 MB | Sys Avail: 31462.7 MB / 65466.5 MB
[ "16:22:56.539" ][SystemMonitor] Stats Update: CPU App: 0.529101 % | Sys: 64.8148 % | RAM App: 136.66 MB | Sys Avail: 31462.8 MB / 65466.5 MB
[ "16:22:57.539" ][SystemMonitor] Stats Update: CPU App: 0.520833 % | Sys: 67.1875 % | RAM App: 136.66 MB | Sys Avail: 31416.7 MB / 65466.5 MB
[ "16:22:58.555" ][SystemMonitor] Stats Update: CPU App: 0.769231 % | Sys: 60 % | RAM App: 136.66 MB | Sys Avail: 31403.1 MB / 65466.5 MB
[ "16:22:59.538" ][SystemMonitor] Stats Update: CPU App: 0.793651 % | Sys: 44.4444 % | RAM App: 136.66 MB | Sys Avail: 31461.8 MB / 65466.5 MB
[ "16:23:00.538" ][SystemMonitor] Stats Update: CPU App: 0.78125 % | Sys: 73.4375 % | RAM App: 136.66 MB | Sys Avail: 31458.6 MB / 65466.5 MB
[ "16:23:01.556" ][SystemMonitor] Stats Update: CPU App: 0.769231 % | Sys: 81.5385 % | RAM App: 136.66 MB | Sys Avail: 31456.5 MB / 65466.5 MB
[ "16:23:02.555" ][SystemMonitor] Stats Update: CPU App: 0.520833 % | Sys: 78.6458 % | RAM App: 136.672 MB | Sys Avail: 31455.3 MB / 65466.5 MB
[ "16:23:03.538" ][SystemMonitor] Stats Update: CPU App: 0.793651 % | Sys: 82.8042 % | RAM App: 136.691 MB | Sys Avail: 31451.4 MB / 65466.5 MB
TelemetryMonitor: Processed 300 frames. Current FPS: 27
[ "16:23:04.555" ][SystemMonitor] Stats Update: CPU App: 0.25641 % | Sys: 80 % | RAM App: 136.711 MB | Sys Avail: 31460 MB / 65466.5 MB
[ "16:23:05.539" ][SystemMonitor] Stats Update: CPU App: 0.793651 % | Sys: 80.4233 % | RAM App: 136.734 MB | Sys Avail: 31451.8 MB / 65466.5 MB
[ "16:23:06.555" ][SystemMonitor] Stats Update: CPU App: 0.25641 % | Sys: 82.8205 % | RAM App: 136.754 MB | Sys Avail: 31452.1 MB / 65466.5 MB
[ "16:23:07.539" ][SystemMonitor] Stats Update: CPU App: 1.85185 % | Sys: 80.1587 % | RAM App: 136.773 MB | Sys Avail: 31448.8 MB / 65466.5 MB
[ "16:23:08.539" ][SystemMonitor] Stats Update: CPU App: 0 % | Sys: 79.1667 % | RAM App: 136.797 MB | Sys Avail: 31446.2 MB / 65466.5 MB
[ "16:23:09.539" ][SystemMonitor] Stats Update: CPU App: 0.78125 % | Sys: 78.9063 % | RAM App: 136.82 MB | Sys Avail: 31549.9 MB / 65466.5 MB
[ "16:23:10.556" ][SystemMonitor] Stats Update: CPU App: 1.28205 % | Sys: 78.2051 % | RAM App: 136.84 MB | Sys Avail: 31544.9 MB / 65466.5 MB
[ "16:23:11.556" ][SystemMonitor] Stats Update: CPU App: 0.78125 % | Sys: 79.6875 % | RAM App: 136.859 MB | Sys Avail: 31529.6 MB / 65466.5 MB
[ "16:23:12.557" ][SystemMonitor] Stats Update: CPU App: 0 % | Sys: 86.7188 % | RAM App: 136.879 MB | Sys Avail: 31423.9 MB / 65466.5 MB
[ "16:23:13.555" ][SystemMonitor] Stats Update: CPU App: 1.30208 % | Sys: 86.1979 % | RAM App: 136.902 MB | Sys Avail: 31525.7 MB / 65466.5 MB
TelemetryMonitor: Processed 300 frames. Current FPS: 28
[ "16:23:14.538" ][SystemMonitor] Stats Update: CPU App: 1.0582 % | Sys: 66.1376 % | RAM App: 136.922 MB | Sys Avail: 31522.2 MB / 65466.5 MB
[ "16:23:15.556" ][SystemMonitor] Stats Update: CPU App: 0.512821 % | Sys: 67.1795 % | RAM App: 136.945 MB | Sys Avail: 31521.7 MB / 65466.5 MB
[ "16:23:16.555" ][SystemMonitor] Stats Update: CPU App: 0.260417 % | Sys: 71.6146 % | RAM App: 136.965 MB | Sys Avail: 31534.1 MB / 65466.5 MB
[ "16:23:17.539" ][SystemMonitor] Stats Update: CPU App: 1.32275 % | Sys: 70.1058 % | RAM App: 136.984 MB | Sys Avail: 31530.6 MB / 65466.5 MB
[ "16:23:18.539" ][SystemMonitor] Stats Update: CPU App: 0.520833 % | Sys: 69.0104 % | RAM App: 137.004 MB | Sys Avail: 31532.6 MB / 65466.5 MB
[ "16:23:19.538" ][SystemMonitor] Stats Update: CPU App: 1.04167 % | Sys: 67.1875 % | RAM App: 137.027 MB | Sys Avail: 31532.6 MB / 65466.5 MB
[ "16:23:20.538" ][SystemMonitor] Stats Update: CPU App: 0.78125 % | Sys: 68.2292 % | RAM App: 137.051 MB | Sys Avail: 31534.1 MB / 65466.5 MB
[ "16:23:21.556" ][SystemMonitor] Stats Update: CPU App: 0.25641 % | Sys: 68.9744 % | RAM App: 137.07 MB | Sys Avail: 31534.9 MB / 65466.5 MB
[ "16:23:22.538" ][SystemMonitor] Stats Update: CPU App: 1.5873 % | Sys: 69.0476 % | RAM App: 137.145 MB | Sys Avail: 31534.2 MB / 65466.5 MB
[ "16:23:23.539" ][SystemMonitor] Stats Update: CPU App: 1.04167 % | Sys: 64.0625 % | RAM App: 137.168 MB | Sys Avail: 31533.7 MB / 65466.5 MB
[ "16:23:24.540" ][SystemMonitor] Stats Update: CPU App: 0 % | Sys: 71.0938 % | RAM App: 137.188 MB | Sys Avail: 31535.3 MB / 65466.5 MB
TelemetryMonitor: Processed 300 frames. Current FPS: 29
[ "16:23:25.539" ][SystemMonitor] Stats Update: CPU App: 1.04167 % | Sys: 70.0521 % | RAM App: 137.207 MB | Sys Avail: 31534.7 MB / 65466.5 MB
[ "16:23:26.572" ][SystemMonitor] Stats Update: CPU App: 0.757576 % | Sys: 64.3939 % | RAM App: 137.242 MB | Sys Avail: 31523.6 MB / 65466.5 MB
[ "16:23:27.538" ][SystemMonitor] Stats Update: CPU App: 0.537634 % | Sys: 73.9247 % | RAM App: 137.316 MB | Sys Avail: 31518.1 MB / 65466.5 MB
[ "16:23:28.539" ][SystemMonitor] Stats Update: CPU App: 1.30208 % | Sys: 70.0521 % | RAM App: 137.336 MB | Sys Avail: 31512 MB / 65466.5 MB
[ "16:23:29.539" ][SystemMonitor] Stats Update: CPU App: 0.78125 % | Sys: 64.5833 % | RAM App: 137.414 MB | Sys Avail: 31512.3 MB / 65466.5 MB
[ "16:23:30.539" ][SystemMonitor] Stats Update: CPU App: 1.30208 % | Sys: 64.3229 % | RAM App: 137.434 MB | Sys Avail: 31514.8 MB / 65466.5 MB
[ "16:23:31.538" ][SystemMonitor] Stats Update: CPU App: 1.04167 % | Sys: 74.4792 % | RAM App: 137.523 MB | Sys Avail: 31487.4 MB / 65466.5 MB
[ "16:23:32.539" ][SystemMonitor] Stats Update: CPU App: 0.260417 % | Sys: 61.1979 % | RAM App: 137.543 MB | Sys Avail: 31476.1 MB / 65466.5 MB
[ "16:23:33.538" ][SystemMonitor] Stats Update: CPU App: 1.30208 % | Sys: 70.8333 % | RAM App: 137.563 MB | Sys Avail: 31476.3 MB / 65466.5 MB
[ "16:23:34.556" ][SystemMonitor] Stats Update: CPU App: 0 % | Sys: 68.2051 % | RAM App: 137.586 MB | Sys Avail: 31480.4 MB / 65466.5 MB
[ "16:23:35.539" ][SystemMonitor] Stats Update: CPU App: 0.26455 % | Sys: 64.0212 % | RAM App: 137.621 MB | Sys Avail: 31478.6 MB / 65466.5 MB
TelemetryMonitor: Processed 300 frames. Current FPS: 29
[ "16:23:36.556" ][SystemMonitor] Stats Update: CPU App: 1.02564 % | Sys: 72.3077 % | RAM App: 137.715 MB | Sys Avail: 31485.3 MB / 65466.5 MB
[ "16:23:37.540" ][SystemMonitor] Stats Update: CPU App: 1.0582 % | Sys: 80.1587 % | RAM App: 137.742 MB | Sys Avail: 31486.8 MB / 65466.5 MB
[ "16:23:38.538" ][SystemMonitor] Stats Update: CPU App: 1.30208 % | Sys: 68.2292 % | RAM App: 137.805 MB | Sys Avail: 31487.8 MB / 65466.5 MB
[ "16:23:39.539" ][SystemMonitor] Stats Update: CPU App: 0.78125 % | Sys: 71.6146 % | RAM App: 137.898 MB | Sys Avail: 31499.3 MB / 65466.5 MB
[ "16:23:40.539" ][SystemMonitor] Stats Update: CPU App: 1.04167 % | Sys: 64.5833 % | RAM App: 137.922 MB | Sys Avail: 31516 MB / 65466.5 MB
[ "16:23:41.538" ][SystemMonitor] Stats Update: CPU App: 0.520833 % | Sys: 59.6354 % | RAM App: 137.066 MB | Sys Avail: 31516.2 MB / 65466.5 MB
[ "16:23:42.540" ][SystemMonitor] Stats Update: CPU App: 0.260417 % | Sys: 91.6667 % | RAM App: 137.066 MB | Sys Avail: 31418.4 MB / 65466.5 MB
[ "16:23:43.538" ][SystemMonitor] Stats Update: CPU App: 1.04167 % | Sys: 79.6875 % | RAM App: 137.066 MB | Sys Avail: 31526.7 MB / 65466.5 MB
[ "16:23:44.540" ][SystemMonitor] Stats Update: CPU App: 0.520833 % | Sys: 66.9271 % | RAM App: 137.07 MB | Sys Avail: 31518.4 MB / 65466.5 MB
[ "16:23:45.538" ][SystemMonitor] Stats Update: CPU App: 1.04167 % | Sys: 65.3646 % | RAM App: 137.086 MB | Sys Avail: 31516.9 MB / 65466.5 MB
TelemetryMonitor: Processed 300 frames. Current FPS: 28
[ "16:23:46.540" ][SystemMonitor] Stats Update: CPU App: 0.520833 % | Sys: 66.6667 % | RAM App: 137.109 MB | Sys Avail: 31519.6 MB / 65466.5 MB
[ "16:23:47.540" ][SystemMonitor] Stats Update: CPU App: 0.78125 % | Sys: 73.1771 % | RAM App: 137.133 MB | Sys Avail: 31518.1 MB / 65466.5 MB
[ "16:23:48.556" ][SystemMonitor] Stats Update: CPU App: 0.25641 % | Sys: 74.359 % | RAM App: 137.141 MB | Sys Avail: 31477.8 MB / 65466.5 MB
[ "16:23:49.557" ][SystemMonitor] Stats Update: CPU App: 0.78125 % | Sys: 70.8333 % | RAM App: 137.148 MB | Sys Avail: 31478.8 MB / 65466.5 MB
[ "16:23:50.540" ][SystemMonitor] Stats Update: CPU App: 0.529101 % | Sys: 74.3386 % | RAM App: 137.156 MB | Sys Avail: 31480.8 MB / 65466.5 MB
[ "16:23:51.538" ][SystemMonitor] Stats Update: CPU App: 1.04167 % | Sys: 75.7813 % | RAM App: 137.164 MB | Sys Avail: 31488.9 MB / 65466.5 MB
[ "16:23:52.540" ][SystemMonitor] Stats Update: CPU App: 0.78125 % | Sys: 63.8021 % | RAM App: 137.172 MB | Sys Avail: 31484.8 MB / 65466.5 MB
[ "16:23:53.538" ][SystemMonitor] Stats Update: CPU App: 1.30208 % | Sys: 63.0208 % | RAM App: 137.18 MB | Sys Avail: 31484.2 MB / 65466.5 MB
[ "16:23:54.556" ][SystemMonitor] Stats Update: CPU App: 0.769231 % | Sys: 61.5385 % | RAM App: 137.188 MB | Sys Avail: 31485.8 MB / 65466.5 MB
[ "16:23:55.538" ][SystemMonitor] Stats Update: CPU App: 0.26455 % | Sys: 72.7513 % | RAM App: 137.195 MB | Sys Avail: 31489.5 MB / 65466.5 MB
[ "16:23:56.556" ][SystemMonitor] Stats Update: CPU App: 0.769231 % | Sys: 63.3333 % | RAM App: 137.203 MB | Sys Avail: 31492.2 MB / 65466.5 MB
TelemetryMonitor: Processed 300 frames. Current FPS: 28
[ "16:23:57.538" ][SystemMonitor] Stats Update: CPU App: 1.0582 % | Sys: 80.1587 % | RAM App: 137.203 MB | Sys Avail: 31459.7 MB / 65466.5 MB
[ "16:23:58.540" ][SystemMonitor] Stats Update: CPU App: 0.520833 % | Sys: 60.4167 % | RAM App: 137.203 MB | Sys Avail: 31452.2 MB / 65466.5 MB
[ "16:23:59.540" ][SystemMonitor] Stats Update: CPU App: 0.520833 % | Sys: 60.1563 % | RAM App: 137.227 MB | Sys Avail: 31455 MB / 65466.5 MB
[ "16:24:00.540" ][SystemMonitor] Stats Update: CPU App: 1.30208 % | Sys: 73.9583 % | RAM App: 137.246 MB | Sys Avail: 31425.2 MB / 65466.5 MB
[ "16:24:01.538" ][SystemMonitor] Stats Update: CPU App: 0.78125 % | Sys: 64.8438 % | RAM App: 137.266 MB | Sys Avail: 31357.6 MB / 65466.5 MB
[ "16:24:02.540" ][SystemMonitor] Stats Update: CPU App: 0.520833 % | Sys: 59.6354 % | RAM App: 137.289 MB | Sys Avail: 31355.2 MB / 65466.5 MB
[ "16:24:03.540" ][SystemMonitor] Stats Update: CPU App: 0.78125 % | Sys: 68.75 % | RAM App: 137.309 MB | Sys Avail: 31354.4 MB / 65466.5 MB
[ "16:24:04.540" ][SystemMonitor] Stats Update: CPU App: 0.520833 % | Sys: 75 % | RAM App: 137.328 MB | Sys Avail: 31348.9 MB / 65466.5 MB
[ "16:24:05.538" ][SystemMonitor] Stats Update: CPU App: 0.78125 % | Sys: 66.6667 % | RAM App: 137.352 MB | Sys Avail: 31291.3 MB / 65466.5 MB
[ "16:24:06.557" ][SystemMonitor] Stats Update: CPU App: 0.769231 % | Sys: 62.0513 % | RAM App: 137.371 MB | Sys Avail: 31293.1 MB / 65466.5 MB
[ "16:24:07.541" ][SystemMonitor] Stats Update: CPU App: 0.793651 % | Sys: 74.0741 % | RAM App: 137.391 MB | Sys Avail: 31276.1 MB / 65466.5 MB
TelemetryMonitor: Processed 300 frames. Current FPS: 28
[ "16:24:08.541" ][SystemMonitor] Stats Update: CPU App: 0.260417 % | Sys: 73.6979 % | RAM App: 137.414 MB | Sys Avail: 31198.4 MB / 65466.5 MB
[ "16:24:09.538" ][SystemMonitor] Stats Update: CPU App: 0.520833 % | Sys: 61.9792 % | RAM App: 137.434 MB | Sys Avail: 31194.9 MB / 65466.5 MB
[ "16:24:10.540" ][SystemMonitor] Stats Update: CPU App: 1.04167 % | Sys: 61.9792 % | RAM App: 137.453 MB | Sys Avail: 31196.1 MB / 65466.5 MB
[ "16:24:11.541" ][SystemMonitor] Stats Update: CPU App: 1.5625 % | Sys: 73.6979 % | RAM App: 137.469 MB | Sys Avail: 31194 MB / 65466.5 MB
[ "16:24:12.541" ][SystemMonitor] Stats Update: CPU App: 0.78125 % | Sys: 86.7188 % | RAM App: 137.492 MB | Sys Avail: 31087 MB / 65466.5 MB
[ "16:24:13.539" ][SystemMonitor] Stats Update: CPU App: 0 % | Sys: 78.125 % | RAM App: 137.512 MB | Sys Avail: 31167.6 MB / 65466.5 MB
[ "16:24:14.570" ][SystemMonitor] Stats Update: CPU App: 0.769231 % | Sys: 60.2564 % | RAM App: 137.531 MB | Sys Avail: 31169.1 MB / 65466.5 MB
[ "16:24:15.538" ][SystemMonitor] Stats Update: CPU App: 0.529101 % | Sys: 80.6878 % | RAM App: 137.555 MB | Sys Avail: 31146.2 MB / 65466.5 MB
[ "16:24:16.558" ][SystemMonitor] Stats Update: CPU App: 1.02564 % | Sys: 60.5128 % | RAM App: 137.645 MB | Sys Avail: 31143.7 MB / 65466.5 MB
[ "16:24:17.540" ][SystemMonitor] Stats Update: CPU App: 0.793651 % | Sys: 60.582 % | RAM App: 137.672 MB | Sys Avail: 31146.3 MB / 65466.5 MB
TelemetryMonitor: Processed 300 frames. Current FPS: 30
[ "16:24:18.542" ][SystemMonitor] Stats Update: CPU App: 1.04167 % | Sys: 90.8854 % | RAM App: 137.703 MB | Sys Avail: 31116.9 MB / 65466.5 MB
[ "16:24:19.538" ][SystemMonitor] Stats Update: CPU App: 0 % | Sys: 80.9896 % | RAM App: 137.734 MB | Sys Avail: 31132.8 MB / 65466.5 MB
[ "16:24:20.541" ][SystemMonitor] Stats Update: CPU App: 0.78125 % | Sys: 63.2813 % | RAM App: 137.762 MB | Sys Avail: 31145.5 MB / 65466.5 MB
[ "16:24:21.539" ][SystemMonitor] Stats Update: CPU App: 0.78125 % | Sys: 64.8438 % | RAM App: 137.793 MB | Sys Avail: 31102.4 MB / 65466.5 MB
[ "16:24:22.558" ][SystemMonitor] Stats Update: CPU App: 0.512821 % | Sys: 69.4872 % | RAM App: 137.82 MB | Sys Avail: 31093.4 MB / 65466.5 MB
[ "16:24:23.541" ][SystemMonitor] Stats Update: CPU App: 0.529101 % | Sys: 70.8995 % | RAM App: 137.852 MB | Sys Avail: 31092.6 MB / 65466.5 MB
[ "16:24:24.558" ][SystemMonitor] Stats Update: CPU App: 0.25641 % | Sys: 82.5641 % | RAM App: 137.879 MB | Sys Avail: 31184.7 MB / 65466.5 MB
[ "16:24:25.538" ][SystemMonitor] Stats Update: CPU App: 0.529101 % | Sys: 71.164 % | RAM App: 137.906 MB | Sys Avail: 31190.4 MB / 65466.5 MB
[ "16:24:26.541" ][SystemMonitor] Stats Update: CPU App: 0.78125 % | Sys: 66.4063 % | RAM App: 137.938 MB | Sys Avail: 31184.1 MB / 65466.5 MB
[ "16:24:27.540" ][SystemMonitor] Stats Update: CPU App: 0.520833 % | Sys: 70.8333 % | RAM App: 137.965 MB | Sys Avail: 31206.7 MB / 65466.5 MB
[ "16:24:28.557" ][SystemMonitor] Stats Update: CPU App: 0.512821 % | Sys: 70 % | RAM App: 137.992 MB | Sys Avail: 31179.7 MB / 65466.5 MB
TelemetryMonitor: Processed 300 frames. Current FPS: 29
[ "16:24:29.538" ][SystemMonitor] Stats Update: CPU App: 0.529101 % | Sys: 80.6878 % | RAM App: 138.027 MB | Sys Avail: 31181.3 MB / 65466.5 MB
[ "16:24:30.540" ][SystemMonitor] Stats Update: CPU App: 1.04167 % | Sys: 64.3229 % | RAM App: 138.055 MB | Sys Avail: 31224.2 MB / 65466.5 MB
[ "16:24:31.542" ][SystemMonitor] Stats Update: CPU App: 0.520833 % | Sys: 70.8333 % | RAM App: 138.082 MB | Sys Avail: 31120.6 MB / 65466.5 MB
[ "16:24:32.558" ][SystemMonitor] Stats Update: CPU App: 1.28205 % | Sys: 64.359 % | RAM App: 138.176 MB | Sys Avail: 31008.4 MB / 65466.5 MB
[ "16:24:33.541" ][SystemMonitor] Stats Update: CPU App: 1.32275 % | Sys: 65.873 % | RAM App: 138.199 MB | Sys Avail: 31084.2 MB / 65466.5 MB
[ "16:24:34.558" ][SystemMonitor] Stats Update: CPU App: 0.512821 % | Sys: 66.4103 % | RAM App: 138.223 MB | Sys Avail: 31144.9 MB / 65466.5 MB
[ "16:24:35.538" ][SystemMonitor] Stats Update: CPU App: 1.0582 % | Sys: 67.7249 % | RAM App: 138.25 MB | Sys Avail: 31140.4 MB / 65466.5 MB
[ "16:24:36.541" ][SystemMonitor] Stats Update: CPU App: 1.04167 % | Sys: 66.4063 % | RAM App: 138.273 MB | Sys Avail: 31163.1 MB / 65466.5 MB
[ "16:24:37.539" ][SystemMonitor] Stats Update: CPU App: 1.04167 % | Sys: 65.1042 % | RAM App: 138.297 MB | Sys Avail: 31199.6 MB / 65466.5 MB
[ "16:24:38.538" ][SystemMonitor] Stats Update: CPU App: 0.78125 % | Sys: 74.7396 % | RAM App: 138.324 MB | Sys Avail: 31203 MB / 65466.5 MB
TelemetryMonitor: Processed 300 frames. Current FPS: 29
[ "16:24:39.538" ][SystemMonitor] Stats Update: CPU App: 0.78125 % | Sys: 65.625 % | RAM App: 138.348 MB | Sys Avail: 31169.3 MB / 65466.5 MB
[ "16:24:40.542" ][SystemMonitor] Stats Update: CPU App: 0.78125 % | Sys: 66.6667 % | RAM App: 138.371 MB | Sys Avail: 31152.3 MB / 65466.5 MB
[ "16:24:41.538" ][SystemMonitor] Stats Update: CPU App: 0.78125 % | Sys: 66.6667 % | RAM App: 137.453 MB | Sys Avail: 31201.5 MB / 65466.5 MB
[ "16:24:42.543" ][SystemMonitor] Stats Update: CPU App: 1.04167 % | Sys: 86.9792 % | RAM App: 137.453 MB | Sys Avail: 31124.1 MB / 65466.5 MB
[ "16:24:43.542" ][SystemMonitor] Stats Update: CPU App: 0.520833 % | Sys: 86.9792 % | RAM App: 137.453 MB | Sys Avail: 31154 MB / 65466.5 MB
[ "16:24:44.539" ][SystemMonitor] Stats Update: CPU App: 1.82292 % | Sys: 67.1875 % | RAM App: 137.453 MB | Sys Avail: 31225.6 MB / 65466.5 MB
[ "16:24:45.542" ][SystemMonitor] Stats Update: CPU App: 0.520833 % | Sys: 58.8542 % | RAM App: 137.461 MB | Sys Avail: 31232.2 MB / 65466.5 MB
[ "16:24:46.538" ][SystemMonitor] Stats Update: CPU App: 0.260417 % | Sys: 50.2604 % | RAM App: 137.484 MB | Sys Avail: 31224 MB / 65466.5 MB
[ "16:24:47.542" ][SystemMonitor] Stats Update: CPU App: 0.78125 % | Sys: 69.2708 % | RAM App: 137.5 MB | Sys Avail: 31213.6 MB / 65466.5 MB
[ "16:24:48.559" ][SystemMonitor] Stats Update: CPU App: 1.53846 % | Sys: 78.7179 % | RAM App: 137.5 MB | Sys Avail: 31212.1 MB / 65466.5 MB
[ "16:24:49.538" ][SystemMonitor] Stats Update: CPU App: 0.793651 % | Sys: 82.5397 % | RAM App: 137.5 MB | Sys Avail: 31210.3 MB / 65466.5 MB
TelemetryMonitor: Processed 300 frames. Current FPS: 28
[ "16:24:50.541" ][SystemMonitor] Stats Update: CPU App: 1.04167 % | Sys: 76.3021 % | RAM App: 137.5 MB | Sys Avail: 31205.6 MB / 65466.5 MB
[ "16:24:51.542" ][SystemMonitor] Stats Update: CPU App: 1.04167 % | Sys: 89.3229 % | RAM App: 137.516 MB | Sys Avail: 31210.4 MB / 65466.5 MB
[ "16:24:52.542" ][SystemMonitor] Stats Update: CPU App: 1.5625 % | Sys: 92.1875 % | RAM App: 137.551 MB | Sys Avail: 31202.7 MB / 65466.5 MB
[ "16:24:53.538" ][SystemMonitor] Stats Update: CPU App: 0.78125 % | Sys: 89.3229 % | RAM App: 137.551 MB | Sys Avail: 31202.3 MB / 65466.5 MB
[ "16:24:54.538" ][SystemMonitor] Stats Update: CPU App: 1.04167 % | Sys: 78.3854 % | RAM App: 137.551 MB | Sys Avail: 31203.6 MB / 65466.5 MB
[ "16:24:55.539" ][SystemMonitor] Stats Update: CPU App: 1.30208 % | Sys: 81.7708 % | RAM App: 137.551 MB | Sys Avail: 31204.7 MB / 65466.5 MB
[ "16:24:56.559" ][SystemMonitor] Stats Update: CPU App: 0.512821 % | Sys: 80.5128 % | RAM App: 137.551 MB | Sys Avail: 31205.2 MB / 65466.5 MB
[ "16:24:57.538" ][SystemMonitor] Stats Update: CPU App: 1.5873 % | Sys: 84.3915 % | RAM App: 137.551 MB | Sys Avail: 31207.1 MB / 65466.5 MB
[ "16:24:58.542" ][SystemMonitor] Stats Update: CPU App: 0.520833 % | Sys: 76.3021 % | RAM App: 137.551 MB | Sys Avail: 31209.4 MB / 65466.5 MB
[ "16:24:59.539" ][SystemMonitor] Stats Update: CPU App: 1.04167 % | Sys: 67.4479 % | RAM App: 137.563 MB | Sys Avail: 31205.6 MB / 65466.5 MB
TelemetryMonitor: Processed 300 frames. Current FPS: 28
[ "16:25:00.543" ][SystemMonitor] Stats Update: CPU App: 0.520833 % | Sys: 71.0938 % | RAM App: 137.746 MB | Sys Avail: 31222.4 MB / 65466.5 MB
[ "16:25:01.543" ][SystemMonitor] Stats Update: CPU App: 0.520833 % | Sys: 67.4479 % | RAM App: 137.77 MB | Sys Avail: 31212 MB / 65466.5 MB
[ "16:25:02.559" ][SystemMonitor] Stats Update: CPU App: 0.25641 % | Sys: 73.3333 % | RAM App: 137.793 MB | Sys Avail: 31213.9 MB / 65466.5 MB
[ "16:25:03.538" ][SystemMonitor] Stats Update: CPU App: 1.0582 % | Sys: 63.7566 % | RAM App: 137.816 MB | Sys Avail: 31211.3 MB / 65466.5 MB
[ "16:25:04.542" ][SystemMonitor] Stats Update: CPU App: 2.08333 % | Sys: 69.2708 % | RAM App: 137.84 MB | Sys Avail: 31211.9 MB / 65466.5 MB
[ "16:25:05.538" ][SystemMonitor] Stats Update: CPU App: 1.30208 % | Sys: 75 % | RAM App: 137.867 MB | Sys Avail: 31215.1 MB / 65466.5 MB
[ "16:25:06.542" ][SystemMonitor] Stats Update: CPU App: 0.78125 % | Sys: 63.8021 % | RAM App: 137.887 MB | Sys Avail: 31206.8 MB / 65466.5 MB
[ "16:25:07.538" ][SystemMonitor] Stats Update: CPU App: 1.04167 % | Sys: 76.0417 % | RAM App: 137.914 MB | Sys Avail: 31210.1 MB / 65466.5 MB
[ "16:25:08.559" ][SystemMonitor] Stats Update: CPU App: 1.28205 % | Sys: 76.4103 % | RAM App: 137.934 MB | Sys Avail: 31208.3 MB / 65466.5 MB
[ "16:25:09.545" ][SystemMonitor] Stats Update: CPU App: 0.793651 % | Sys: 64.5503 % | RAM App: 137.957 MB | Sys Avail: 31205.4 MB / 65466.5 MB
[ "16:25:10.542" ][SystemMonitor] Stats Update: CPU App: 1.04167 % | Sys: 65.1042 % | RAM App: 137.98 MB | Sys Avail: 31313.2 MB / 65466.5 MB
TelemetryMonitor: Processed 300 frames. Current FPS: 29
[ "16:25:11.539" ][SystemMonitor] Stats Update: CPU App: 1.30208 % | Sys: 67.4479 % | RAM App: 138 MB | Sys Avail: 31313.8 MB / 65466.5 MB
[ "16:25:12.546" ][SystemMonitor] Stats Update: CPU App: 1.04167 % | Sys: 86.7188 % | RAM App: 138.02 MB | Sys Avail: 31215.4 MB / 65466.5 MB
[ "16:25:13.543" ][SystemMonitor] Stats Update: CPU App: 0.520833 % | Sys: 94.2708 % | RAM App: 138.043 MB | Sys Avail: 31312.9 MB / 65466.5 MB
[ "16:25:14.543" ][SystemMonitor] Stats Update: CPU App: 1.30208 % | Sys: 69.0104 % | RAM App: 138.063 MB | Sys Avail: 31300.9 MB / 65466.5 MB
[ "16:25:15.542" ][SystemMonitor] Stats Update: CPU App: 0.78125 % | Sys: 70.8333 % | RAM App: 138.086 MB | Sys Avail: 31302.3 MB / 65466.5 MB
[ "16:25:16.543" ][SystemMonitor] Stats Update: CPU App: 0.78125 % | Sys: 74.2188 % | RAM App: 138.109 MB | Sys Avail: 31301.3 MB / 65466.5 MB
[ "16:25:17.538" ][SystemMonitor] Stats Update: CPU App: 0.520833 % | Sys: 66.9271 % | RAM App: 138.129 MB | Sys Avail: 31299.9 MB / 65466.5 MB
[ "16:25:18.543" ][SystemMonitor] Stats Update: CPU App: 1.04167 % | Sys: 71.3542 % | RAM App: 138.152 MB | Sys Avail: 31284.1 MB / 65466.5 MB
[ "16:25:19.545" ][SystemMonitor] Stats Update: CPU App: 1.30208 % | Sys: 91.1458 % | RAM App: 138.172 MB | Sys Avail: 31309.6 MB / 65466.5 MB
[ "16:25:20.543" ][SystemMonitor] Stats Update: CPU App: 0 % | Sys: 71.0938 % | RAM App: 138.195 MB | Sys Avail: 31302.3 MB / 65466.5 MB
[ "16:25:21.539" ][SystemMonitor] Stats Update: CPU App: 0.520833 % | Sys: 67.4479 % | RAM App: 138.215 MB | Sys Avail: 31302.1 MB / 65466.5 MB
TelemetryMonitor: Processed 300 frames. Current FPS: 29
[ "16:25:22.543" ][SystemMonitor] Stats Update: CPU App: 0.78125 % | Sys: 69.0104 % | RAM App: 138.234 MB | Sys Avail: 31302 MB / 65466.5 MB
[ "16:25:23.543" ][SystemMonitor] Stats Update: CPU App: 0.78125 % | Sys: 66.1458 % | RAM App: 138.258 MB | Sys Avail: 31294.2 MB / 65466.5 MB
[ "16:25:24.542" ][SystemMonitor] Stats Update: CPU App: 0.260417 % | Sys: 74.4792 % | RAM App: 138.277 MB | Sys Avail: 31297.9 MB / 65466.5 MB
[ "16:25:25.545" ][SystemMonitor] Stats Update: CPU App: 1.04167 % | Sys: 61.9792 % | RAM App: 138.297 MB | Sys Avail: 31309.7 MB / 65466.5 MB
[ "16:25:26.542" ][SystemMonitor] Stats Update: CPU App: 1.04167 % | Sys: 64.3229 % | RAM App: 138.32 MB | Sys Avail: 31289.3 MB / 65466.5 MB
[ "16:25:27.538" ][SystemMonitor] Stats Update: CPU App: 0.260417 % | Sys: 62.5 % | RAM App: 138.34 MB | Sys Avail: 31294.1 MB / 65466.5 MB
[ "16:25:28.537" ][SystemMonitor] Stats Update: CPU App: 1.30208 % | Sys: 63.0208 % | RAM App: 138.359 MB | Sys Avail: 31284.9 MB / 65466.5 MB
[ "16:25:29.538" ][SystemMonitor] Stats Update: CPU App: 0.520833 % | Sys: 70.3125 % | RAM App: 138.379 MB | Sys Avail: 31285.8 MB / 65466.5 MB
[ "16:25:30.577" ][SystemMonitor] Stats Update: CPU App: 1.0101 % | Sys: 66.4141 % | RAM App: 138.402 MB | Sys Avail: 31190.8 MB / 65466.5 MB
[ "16:25:31.539" ][SystemMonitor] Stats Update: CPU App: 0.268817 % | Sys: 59.9462 % | RAM App: 138.422 MB | Sys Avail: 31189.7 MB / 65466.5 MB
TelemetryMonitor: Processed 300 frames. Current FPS: 29
[ "16:25:32.544" ][SystemMonitor] Stats Update: CPU App: 0.78125 % | Sys: 62.5 % | RAM App: 138.441 MB | Sys Avail: 31204.3 MB / 65466.5 MB
[ "16:25:33.544" ][SystemMonitor] Stats Update: CPU App: 0.78125 % | Sys: 73.4375 % | RAM App: 138.461 MB | Sys Avail: 31187.2 MB / 65466.5 MB
[ "16:25:34.540" ][SystemMonitor] Stats Update: CPU App: 0.78125 % | Sys: 59.8958 % | RAM App: 138.48 MB | Sys Avail: 31178.3 MB / 65466.5 MB
[ "16:25:35.544" ][SystemMonitor] Stats Update: CPU App: 1.04167 % | Sys: 57.5521 % | RAM App: 138.5 MB | Sys Avail: 31177.8 MB / 65466.5 MB
[ "16:25:36.543" ][SystemMonitor] Stats Update: CPU App: 0.260417 % | Sys: 71.875 % | RAM App: 138.523 MB | Sys Avail: 31174.4 MB / 65466.5 MB
[ "16:25:37.538" ][SystemMonitor] Stats Update: CPU App: 0.260417 % | Sys: 62.7604 % | RAM App: 138.543 MB | Sys Avail: 31177.8 MB / 65466.5 MB
[ "16:25:38.560" ][SystemMonitor] Stats Update: CPU App: 0.512821 % | Sys: 61.7949 % | RAM App: 138.563 MB | Sys Avail: 31177.4 MB / 65466.5 MB
[ "16:25:39.544" ][SystemMonitor] Stats Update: CPU App: 1.32275 % | Sys: 72.2222 % | RAM App: 138.586 MB | Sys Avail: 31177.9 MB / 65466.5 MB
[ "16:25:40.543" ][SystemMonitor] Stats Update: CPU App: 1.5625 % | Sys: 77.8646 % | RAM App: 138.605 MB | Sys Avail: 31176.8 MB / 65466.5 MB
[ "16:25:41.538" ][SystemMonitor] Stats Update: CPU App: 0.260417 % | Sys: 65.3646 % | RAM App: 137.688 MB | Sys Avail: 31173.3 MB / 65466.5 MB
[ "16:25:42.540" ][SystemMonitor] Stats Update: CPU App: 1.04167 % | Sys: 85.4167 % | RAM App: 137.688 MB | Sys Avail: 31074.6 MB / 65466.5 MB
TelemetryMonitor: Processed 300 frames. Current FPS: 29
[ "16:25:43.538" ][SystemMonitor] Stats Update: CPU App: 0.520833 % | Sys: 92.7083 % | RAM App: 137.688 MB | Sys Avail: 31163.9 MB / 65466.5 MB
[ "16:25:44.543" ][SystemMonitor] Stats Update: CPU App: 0 % | Sys: 64.3229 % | RAM App: 137.688 MB | Sys Avail: 31135.4 MB / 65466.5 MB
[ "16:25:45.539" ][SystemMonitor] Stats Update: CPU App: 1.04167 % | Sys: 65.8854 % | RAM App: 137.699 MB | Sys Avail: 31135.5 MB / 65466.5 MB
[ "16:25:46.544" ][SystemMonitor] Stats Update: CPU App: 0.78125 % | Sys: 68.4896 % | RAM App: 137.719 MB | Sys Avail: 31099 MB / 65466.5 MB
[ "16:25:47.538" ][SystemMonitor] Stats Update: CPU App: 1.04167 % | Sys: 73.6979 % | RAM App: 137.734 MB | Sys Avail: 31028.7 MB / 65466.5 MB
[ "16:25:48.561" ][SystemMonitor] Stats Update: CPU App: 1.02564 % | Sys: 65.641 % | RAM App: 137.734 MB | Sys Avail: 31141.6 MB / 65466.5 MB
[ "16:25:49.543" ][SystemMonitor] Stats Update: CPU App: 1.0582 % | Sys: 62.6984 % | RAM App: 137.734 MB | Sys Avail: 31116.1 MB / 65466.5 MB
[ "16:25:50.561" ][SystemMonitor] Stats Update: CPU App: 0.25641 % | Sys: 64.8718 % | RAM App: 137.734 MB | Sys Avail: 31055.3 MB / 65466.5 MB
[ "16:25:51.539" ][SystemMonitor] Stats Update: CPU App: 1.0582 % | Sys: 73.545 % | RAM App: 137.723 MB | Sys Avail: 31118.7 MB / 65466.5 MB
[ "16:25:52.543" ][SystemMonitor] Stats Update: CPU App: 1.30208 % | Sys: 87.2396 % | RAM App: 137.723 MB | Sys Avail: 31129.7 MB / 65466.5 MB
TelemetryMonitor: Processed 300 frames. Current FPS: 28
[ "16:25:53.538" ][SystemMonitor] Stats Update: CPU App: 0.520833 % | Sys: 66.4063 % | RAM App: 137.891 MB | Sys Avail: 31119.8 MB / 65466.5 MB
[ "16:25:54.544" ][SystemMonitor] Stats Update: CPU App: 0.260417 % | Sys: 63.0208 % | RAM App: 137.891 MB | Sys Avail: 31057.5 MB / 65466.5 MB
[ "16:25:55.538" ][SystemMonitor] Stats Update: CPU App: 2.08333 % | Sys: 65.625 % | RAM App: 137.891 MB | Sys Avail: 31118.2 MB / 65466.5 MB
[ "16:25:56.545" ][SystemMonitor] Stats Update: CPU App: 0.260417 % | Sys: 71.3542 % | RAM App: 137.891 MB | Sys Avail: 31096.1 MB / 65466.5 MB
[ "16:25:57.539" ][SystemMonitor] Stats Update: CPU App: 1.30208 % | Sys: 77.3438 % | RAM App: 137.891 MB | Sys Avail: 31058.4 MB / 65466.5 MB
[ "16:25:58.544" ][SystemMonitor] Stats Update: CPU App: 0.78125 % | Sys: 69.7917 % | RAM App: 137.891 MB | Sys Avail: 31099.3 MB / 65466.5 MB
[ "16:25:59.544" ][SystemMonitor] Stats Update: CPU App: 0.78125 % | Sys: 72.3958 % | RAM App: 137.906 MB | Sys Avail: 31075 MB / 65466.5 MB
[ "16:26:00.544" ][SystemMonitor] Stats Update: CPU App: 0.520833 % | Sys: 83.8542 % | RAM App: 137.93 MB | Sys Avail: 31141.3 MB / 65466.5 MB
[ "16:26:01.538" ][SystemMonitor] Stats Update: CPU App: 0.520833 % | Sys: 66.1458 % | RAM App: 137.949 MB | Sys Avail: 31055.2 MB / 65466.5 MB
[ "16:26:02.543" ][SystemMonitor] Stats Update: CPU App: 0.520833 % | Sys: 67.7083 % | RAM App: 137.973 MB | Sys Avail: 31115.5 MB / 65466.5 MB
[ "16:26:03.543" ][SystemMonitor] Stats Update: CPU App: 0.520833 % | Sys: 65.3646 % | RAM App: 137.992 MB | Sys Avail: 31127.6 MB / 65466.5 MB
TelemetryMonitor: Processed 300 frames. Current FPS: 30
[ "16:26:04.561" ][SystemMonitor] Stats Update: CPU App: 0 % | Sys: 64.1026 % | RAM App: 138.012 MB | Sys Avail: 31150.4 MB / 65466.5 MB
[ "16:26:05.544" ][SystemMonitor] Stats Update: CPU App: 0.529101 % | Sys: 81.4815 % | RAM App: 138.031 MB | Sys Avail: 31075.6 MB / 65466.5 MB
[ "16:26:06.540" ][SystemMonitor] Stats Update: CPU App: 0.520833 % | Sys: 86.9792 % | RAM App: 138.055 MB | Sys Avail: 31085.4 MB / 65466.5 MB
[ "16:26:07.538" ][SystemMonitor] Stats Update: CPU App: 1.04167 % | Sys: 68.75 % | RAM App: 138.078 MB | Sys Avail: 31135.2 MB / 65466.5 MB
[ "16:26:08.541" ][SystemMonitor] Stats Update: CPU App: 0.520833 % | Sys: 66.1458 % | RAM App: 138.098 MB | Sys Avail: 31129.6 MB / 65466.5 MB
[ "16:26:09.544" ][SystemMonitor] Stats Update: CPU App: 0.520833 % | Sys: 63.8021 % | RAM App: 138.117 MB | Sys Avail: 31056.2 MB / 65466.5 MB
[ "16:26:10.545" ][SystemMonitor] Stats Update: CPU App: 0.520833 % | Sys: 65.1042 % | RAM App: 138.141 MB | Sys Avail: 31057.5 MB / 65466.5 MB
[ "16:26:11.538" ][SystemMonitor] Stats Update: CPU App: 0.78125 % | Sys: 50 % | RAM App: 138.16 MB | Sys Avail: 31140.5 MB / 65466.5 MB
[ "16:26:12.547" ][SystemMonitor] Stats Update: CPU App: 0.520833 % | Sys: 80.7292 % | RAM App: 138.18 MB | Sys Avail: 31043.1 MB / 65466.5 MB
[ "16:26:13.537" ][SystemMonitor] Stats Update: CPU App: 0 % | Sys: 89.3229 % | RAM App: 138.207 MB | Sys Avail: 31113.7 MB / 65466.5 MB
TelemetryMonitor: Processed 300 frames. Current FPS: 29
[ "16:26:14.545" ][SystemMonitor] Stats Update: CPU App: 0.520833 % | Sys: 78.125 % | RAM App: 138.227 MB | Sys Avail: 31113.9 MB / 65466.5 MB
[ "16:26:15.538" ][SystemMonitor] Stats Update: CPU App: 0.78125 % | Sys: 78.125 % | RAM App: 138.254 MB | Sys Avail: 31113.3 MB / 65466.5 MB
[ "16:26:16.562" ][SystemMonitor] Stats Update: CPU App: 0.769231 % | Sys: 78.7179 % | RAM App: 138.27 MB | Sys Avail: 31108 MB / 65466.5 MB
[ "16:26:17.544" ][SystemMonitor] Stats Update: CPU App: 0.529101 % | Sys: 77.5132 % | RAM App: 138.297 MB | Sys Avail: 31109.2 MB / 65466.5 MB
[ "16:26:18.545" ][SystemMonitor] Stats Update: CPU App: 2.08333 % | Sys: 77.3438 % | RAM App: 138.324 MB | Sys Avail: 31106.7 MB / 65466.5 MB
[ "16:26:19.544" ][SystemMonitor] Stats Update: CPU App: 0.78125 % | Sys: 79.1667 % | RAM App: 138.348 MB | Sys Avail: 31107.2 MB / 65466.5 MB
[ "16:26:20.545" ][SystemMonitor] Stats Update: CPU App: 0.78125 % | Sys: 75.5208 % | RAM App: 138.371 MB | Sys Avail: 31105.2 MB / 65466.5 MB
[ "16:26:21.538" ][SystemMonitor] Stats Update: CPU App: 1.5625 % | Sys: 88.0208 % | RAM App: 138.398 MB | Sys Avail: 31107.6 MB / 65466.5 MB
[ "16:26:22.542" ][SystemMonitor] Stats Update: CPU App: 0.520833 % | Sys: 77.0833 % | RAM App: 138.426 MB | Sys Avail: 31097 MB / 65466.5 MB
[ "16:26:23.562" ][SystemMonitor] Stats Update: CPU App: 0.769231 % | Sys: 83.5897 % | RAM App: 138.449 MB | Sys Avail: 31074.3 MB / 65466.5 MB
[ "16:26:24.545" ][SystemMonitor] Stats Update: CPU App: 0.529101 % | Sys: 80.6878 % | RAM App: 138.473 MB | Sys Avail: 31074.6 MB / 65466.5 MB
TelemetryMonitor: Processed 300 frames. Current FPS: 28
[ "16:26:25.539" ][SystemMonitor] Stats Update: CPU App: 0.78125 % | Sys: 77.0833 % | RAM App: 138.5 MB | Sys Avail: 31067.6 MB / 65466.5 MB
[ "16:26:26.541" ][SystemMonitor] Stats Update: CPU App: 0.78125 % | Sys: 74.7396 % | RAM App: 138.523 MB | Sys Avail: 31070.1 MB / 65466.5 MB
[ "16:26:27.545" ][SystemMonitor] Stats Update: CPU App: 0.260417 % | Sys: 64.0625 % | RAM App: 138.547 MB | Sys Avail: 31068.6 MB / 65466.5 MB
[ "16:26:28.544" ][SystemMonitor] Stats Update: CPU App: 1.30208 % | Sys: 67.9688 % | RAM App: 138.57 MB | Sys Avail: 31063.5 MB / 65466.5 MB
[ "16:26:29.545" ][SystemMonitor] Stats Update: CPU App: 0.520833 % | Sys: 61.4583 % | RAM App: 138.594 MB | Sys Avail: 31071.6 MB / 65466.5 MB
[ "16:26:30.545" ][SystemMonitor] Stats Update: CPU App: 0.78125 % | Sys: 64.3229 % | RAM App: 138.621 MB | Sys Avail: 31072.3 MB / 65466.5 MB
[ "16:26:31.538" ][SystemMonitor] Stats Update: CPU App: 1.04167 % | Sys: 84.6354 % | RAM App: 138.645 MB | Sys Avail: 31081.1 MB / 65466.5 MB
[ "16:26:32.539" ][SystemMonitor] Stats Update: CPU App: 0.260417 % | Sys: 60.6771 % | RAM App: 138.75 MB | Sys Avail: 31070.4 MB / 65466.5 MB
[ "16:26:33.538" ][SystemMonitor] Stats Update: CPU App: 0.520833 % | Sys: 64.0625 % | RAM App: 138.785 MB | Sys Avail: 31071 MB / 65466.5 MB
[ "16:26:34.541" ][SystemMonitor] Stats Update: CPU App: 0.78125 % | Sys: 64.5833 % | RAM App: 138.816 MB | Sys Avail: 31073.6 MB / 65466.5 MB
TelemetryMonitor: Processed 300 frames. Current FPS: 29
[ "16:26:35.545" ][SystemMonitor] Stats Update: CPU App: 1.04167 % | Sys: 67.4479 % | RAM App: 138.844 MB | Sys Avail: 31073.7 MB / 65466.5 MB
[ "16:26:36.543" ][SystemMonitor] Stats Update: CPU App: 1.04167 % | Sys: 72.9167 % | RAM App: 138.871 MB | Sys Avail: 31066.1 MB / 65466.5 MB
[ "16:26:37.545" ][SystemMonitor] Stats Update: CPU App: 0.520833 % | Sys: 68.4896 % | RAM App: 138.898 MB | Sys Avail: 31069.6 MB / 65466.5 MB
[ "16:26:38.545" ][SystemMonitor] Stats Update: CPU App: 0.78125 % | Sys: 67.9688 % | RAM App: 138.93 MB | Sys Avail: 31070.8 MB / 65466.5 MB
[ "16:26:39.538" ][SystemMonitor] Stats Update: CPU App: 1.04167 % | Sys: 64.3229 % | RAM App: 138.953 MB | Sys Avail: 31069.8 MB / 65466.5 MB
[ "16:26:40.545" ][SystemMonitor] Stats Update: CPU App: 1.04167 % | Sys: 66.9271 % | RAM App: 138.98 MB | Sys Avail: 31147 MB / 65466.5 MB
[ "16:26:41.539" ][SystemMonitor] Stats Update: CPU App: 1.04167 % | Sys: 72.9167 % | RAM App: 138.063 MB | Sys Avail: 31147.7 MB / 65466.5 MB
[ "16:26:42.542" ][SystemMonitor] Stats Update: CPU App: 0.260417 % | Sys: 87.2396 % | RAM App: 138.063 MB | Sys Avail: 31048.7 MB / 65466.5 MB
[ "16:26:43.539" ][SystemMonitor] Stats Update: CPU App: 1.30208 % | Sys: 86.4583 % | RAM App: 138.066 MB | Sys Avail: 31151.2 MB / 65466.5 MB
[ "16:26:44.541" ][SystemMonitor] Stats Update: CPU App: 1.5625 % | Sys: 70.3125 % | RAM App: 138.066 MB | Sys Avail: 31151.7 MB / 65466.5 MB
[ "16:26:45.545" ][SystemMonitor] Stats Update: CPU App: 0.260417 % | Sys: 59.375 % | RAM App: 138.086 MB | Sys Avail: 31150.9 MB / 65466.5 MB
TelemetryMonitor: Processed 300 frames. Current FPS: 29
[ "16:26:46.546" ][SystemMonitor] Stats Update: CPU App: 0.520833 % | Sys: 66.6667 % | RAM App: 138.105 MB | Sys Avail: 31151.8 MB / 65466.5 MB
[ "16:26:47.539" ][SystemMonitor] Stats Update: CPU App: 0.78125 % | Sys: 60.6771 % | RAM App: 138.125 MB | Sys Avail: 31152 MB / 65466.5 MB
[ "16:26:48.541" ][SystemMonitor] Stats Update: CPU App: 0.260417 % | Sys: 69.7917 % | RAM App: 138.125 MB | Sys Avail: 31151.6 MB / 65466.5 MB
[ "16:26:49.538" ][SystemMonitor] Stats Update: CPU App: 1.30208 % | Sys: 70.3125 % | RAM App: 138.133 MB | Sys Avail: 31135.3 MB / 65466.5 MB
[ "16:26:50.542" ][SystemMonitor] Stats Update: CPU App: 0.520833 % | Sys: 74.2188 % | RAM App: 138.133 MB | Sys Avail: 31139.4 MB / 65466.5 MB
[ "16:26:51.546" ][SystemMonitor] Stats Update: CPU App: 0.260417 % | Sys: 66.1458 % | RAM App: 138.133 MB | Sys Avail: 31132.6 MB / 65466.5 MB
[ "16:26:52.539" ][SystemMonitor] Stats Update: CPU App: 0.78125 % | Sys: 89.3229 % | RAM App: 138.133 MB | Sys Avail: 31087.8 MB / 65466.5 MB
[ "16:26:53.562" ][SystemMonitor] Stats Update: CPU App: 0.769231 % | Sys: 93.3333 % | RAM App: 138.348 MB | Sys Avail: 31038.9 MB / 65466.5 MB
[ "16:26:54.541" ][SystemMonitor] Stats Update: CPU App: 1.32275 % | Sys: 71.4286 % | RAM App: 138.348 MB | Sys Avail: 31036 MB / 65466.5 MB
[ "16:26:55.547" ][SystemMonitor] Stats Update: CPU App: 0.520833 % | Sys: 72.9167 % | RAM App: 138.352 MB | Sys Avail: 31030.4 MB / 65466.5 MB
[ "16:26:56.546" ][SystemMonitor] Stats Update: CPU App: 1.04167 % | Sys: 73.6979 % | RAM App: 138.352 MB | Sys Avail: 31023.1 MB / 65466.5 MB
TelemetryMonitor: Processed 300 frames. Current FPS: 28
[ "16:26:57.538" ][SystemMonitor] Stats Update: CPU App: 1.04167 % | Sys: 79.1667 % | RAM App: 138.355 MB | Sys Avail: 31009.7 MB / 65466.5 MB
[ "16:26:58.546" ][SystemMonitor] Stats Update: CPU App: 0.260417 % | Sys: 75.5208 % | RAM App: 138.355 MB | Sys Avail: 31018.1 MB / 65466.5 MB
[ "16:26:59.546" ][SystemMonitor] Stats Update: CPU App: 0.78125 % | Sys: 90.1042 % | RAM App: 138.383 MB | Sys Avail: 31006.6 MB / 65466.5 MB
[ "16:27:00.541" ][SystemMonitor] Stats Update: CPU App: 0.260417 % | Sys: 64.3229 % | RAM App: 138.402 MB | Sys Avail: 31000.4 MB / 65466.5 MB
[ "16:27:01.546" ][SystemMonitor] Stats Update: CPU App: 1.04167 % | Sys: 61.7188 % | RAM App: 138.422 MB | Sys Avail: 31009 MB / 65466.5 MB
[ "16:27:02.546" ][SystemMonitor] Stats Update: CPU App: 0.520833 % | Sys: 82.0313 % | RAM App: 138.449 MB | Sys Avail: 31006.7 MB / 65466.5 MB
[ "16:27:03.538" ][SystemMonitor] Stats Update: CPU App: 1.30208 % | Sys: 79.6875 % | RAM App: 138.473 MB | Sys Avail: 31016.1 MB / 65466.5 MB
[ "16:27:04.538" ][SystemMonitor] Stats Update: CPU App: 0.520833 % | Sys: 72.9167 % | RAM App: 138.496 MB | Sys Avail: 31013.8 MB / 65466.5 MB
[ "16:27:05.538" ][SystemMonitor] Stats Update: CPU App: 0.520833 % | Sys: 67.1875 % | RAM App: 138.523 MB | Sys Avail: 31021.4 MB / 65466.5 MB
[ "16:27:06.541" ][SystemMonitor] Stats Update: CPU App: 0.260417 % | Sys: 60.4167 % | RAM App: 138.543 MB | Sys Avail: 31017 MB / 65466.5 MB
[ "16:27:07.538" ][SystemMonitor] Stats Update: CPU App: 0.260417 % | Sys: 75.7813 % | RAM App: 138.566 MB | Sys Avail: 31017.9 MB / 65466.5 MB
TelemetryMonitor: Processed 300 frames. Current FPS: 28
[ "16:27:08.547" ][SystemMonitor] Stats Update: CPU App: 0.520833 % | Sys: 89.5833 % | RAM App: 138.594 MB | Sys Avail: 31010.2 MB / 65466.5 MB
[ "16:27:09.539" ][SystemMonitor] Stats Update: CPU App: 1.5625 % | Sys: 80.7292 % | RAM App: 138.621 MB | Sys Avail: 30937.6 MB / 65466.5 MB
[ "16:27:10.540" ][SystemMonitor] Stats Update: CPU App: 0.78125 % | Sys: 83.3333 % | RAM App: 138.637 MB | Sys Avail: 30925.4 MB / 65466.5 MB
[ "16:27:11.547" ][SystemMonitor] Stats Update: CPU App: 0.520833 % | Sys: 79.4271 % | RAM App: 138.664 MB | Sys Avail: 30893.1 MB / 65466.5 MB
[ "16:27:12.551" ][SystemMonitor] Stats Update: CPU App: 1.04167 % | Sys: 100 % | RAM App: 138.684 MB | Sys Avail: 30776.4 MB / 65466.5 MB
[ "16:27:13.538" ][SystemMonitor] Stats Update: CPU App: 0.260417 % | Sys: 100 % | RAM App: 138.703 MB | Sys Avail: 30727.1 MB / 65466.5 MB
[ "16:27:14.542" ][SystemMonitor] Stats Update: CPU App: 1.5625 % | Sys: 96.6146 % | RAM App: 138.594 MB | Sys Avail: 30688.1 MB / 65466.5 MB
[ "16:27:15.547" ][SystemMonitor] Stats Update: CPU App: 1.04167 % | Sys: 99.7396 % | RAM App: 138.609 MB | Sys Avail: 30639.8 MB / 65466.5 MB
[ "16:27:16.539" ][SystemMonitor] Stats Update: CPU App: 1.04167 % | Sys: 90.1042 % | RAM App: 138.629 MB | Sys Avail: 30655.7 MB / 65466.5 MB
[ "16:27:17.547" ][SystemMonitor] Stats Update: CPU App: 0.520833 % | Sys: 100 % | RAM App: 138.656 MB | Sys Avail: 30621.4 MB / 65466.5 MB
[ "16:27:18.539" ][SystemMonitor] Stats Update: CPU App: 0.78125 % | Sys: 99.7396 % | RAM App: 138.68 MB | Sys Avail: 30632.9 MB / 65466.5 MB
TelemetryMonitor: Processed 300 frames. Current FPS: 27
[ "16:27:19.538" ][SystemMonitor] Stats Update: CPU App: 1.04167 % | Sys: 99.7396 % | RAM App: 138.699 MB | Sys Avail: 30622.8 MB / 65466.5 MB
[ "16:27:20.537" ][SystemMonitor] Stats Update: CPU App: 1.04167 % | Sys: 88.0208 % | RAM App: 138.719 MB | Sys Avail: 30552.1 MB / 65466.5 MB
[ "16:27:21.538" ][SystemMonitor] Stats Update: CPU App: 0.78125 % | Sys: 74.7396 % | RAM App: 138.75 MB | Sys Avail: 30553.1 MB / 65466.5 MB
[ "16:27:22.546" ][SystemMonitor] Stats Update: CPU App: 1.04167 % | Sys: 79.4271 % | RAM App: 138.77 MB | Sys Avail: 30565.3 MB / 65466.5 MB
[ "16:27:23.547" ][SystemMonitor] Stats Update: CPU App: 1.04167 % | Sys: 82.8125 % | RAM App: 138.793 MB | Sys Avail: 30552.6 MB / 65466.5 MB
[ "16:27:24.547" ][SystemMonitor] Stats Update: CPU App: 0.520833 % | Sys: 65.1042 % | RAM App: 138.816 MB | Sys Avail: 30550.6 MB / 65466.5 MB
[ "16:27:25.538" ][SystemMonitor] Stats Update: CPU App: 0.260417 % | Sys: 74.2188 % | RAM App: 138.836 MB | Sys Avail: 30523.5 MB / 65466.5 MB
[ "16:27:26.548" ][SystemMonitor] Stats Update: CPU App: 1.30208 % | Sys: 80.7292 % | RAM App: 138.855 MB | Sys Avail: 30525.3 MB / 65466.5 MB
[ "16:27:27.541" ][SystemMonitor] Stats Update: CPU App: 0.520833 % | Sys: 89.8438 % | RAM App: 138.879 MB | Sys Avail: 30476.6 MB / 65466.5 MB
[ "16:27:28.547" ][SystemMonitor] Stats Update: CPU App: 0 % | Sys: 96.0938 % | RAM App: 138.898 MB | Sys Avail: 30433.1 MB / 65466.5 MB
[ "16:27:29.538" ][SystemMonitor] Stats Update: CPU App: 0.260417 % | Sys: 84.375 % | RAM App: 138.918 MB | Sys Avail: 30371.6 MB / 65466.5 MB
TelemetryMonitor: Processed 300 frames. Current FPS: 27
[ "16:27:30.566" ][SystemMonitor] Stats Update: CPU App: 0.769231 % | Sys: 84.6154 % | RAM App: 138.941 MB | Sys Avail: 30327.1 MB / 65466.5 MB
[ "16:27:31.539" ][SystemMonitor] Stats Update: CPU App: 0.793651 % | Sys: 81.4815 % | RAM App: 138.961 MB | Sys Avail: 30444.9 MB / 65466.5 MB
[ "16:27:32.547" ][SystemMonitor] Stats Update: CPU App: 1.30208 % | Sys: 69.2708 % | RAM App: 138.98 MB | Sys Avail: 30438.4 MB / 65466.5 MB
[ "16:27:33.538" ][SystemMonitor] Stats Update: CPU App: 0 % | Sys: 79.1667 % | RAM App: 138.746 MB | Sys Avail: 30435.1 MB / 65466.5 MB
[ "16:27:34.546" ][SystemMonitor] Stats Update: CPU App: 1.30208 % | Sys: 91.9271 % | RAM App: 138.348 MB | Sys Avail: 30414.1 MB / 65466.5 MB
[ "16:27:35.547" ][SystemMonitor] Stats Update: CPU App: 2.08333 % | Sys: 79.6875 % | RAM App: 137.949 MB | Sys Avail: 30344 MB / 65466.5 MB
[ "16:27:36.548" ][SystemMonitor] Stats Update: CPU App: 1.04167 % | Sys: 72.6563 % | RAM App: 137.555 MB | Sys Avail: 30345.2 MB / 65466.5 MB
[ "16:27:37.538" ][SystemMonitor] Stats Update: CPU App: 1.30208 % | Sys: 90.8854 % | RAM App: 137.156 MB | Sys Avail: 30255.1 MB / 65466.5 MB
[ "16:27:38.537" ][SystemMonitor] Stats Update: CPU App: 0.520833 % | Sys: 97.6563 % | RAM App: 137.035 MB | Sys Avail: 30234.5 MB / 65466.5 MB
[ "16:27:39.547" ][SystemMonitor] Stats Update: CPU App: 0.260417 % | Sys: 85.9375 % | RAM App: 137.109 MB | Sys Avail: 30126.9 MB / 65466.5 MB
TelemetryMonitor: Processed 300 frames. Current FPS: 29
[ "16:27:40.539" ][SystemMonitor] Stats Update: CPU App: 1.30208 % | Sys: 78.6458 % | RAM App: 137.133 MB | Sys Avail: 30255.4 MB / 65466.5 MB
[ "16:27:41.549" ][SystemMonitor] Stats Update: CPU App: 0.520833 % | Sys: 78.3854 % | RAM App: 134.398 MB | Sys Avail: 30276.5 MB / 65466.5 MB
[ "16:27:42.548" ][SystemMonitor] Stats Update: CPU App: 0.78125 % | Sys: 91.1458 % | RAM App: 134.473 MB | Sys Avail: 30136 MB / 65466.5 MB
[ "16:27:43.538" ][SystemMonitor] Stats Update: CPU App: 0.78125 % | Sys: 88.5417 % | RAM App: 134.484 MB | Sys Avail: 30247.1 MB / 65466.5 MB
[ "16:27:44.548" ][SystemMonitor] Stats Update: CPU App: 0.78125 % | Sys: 86.4583 % | RAM App: 134.504 MB | Sys Avail: 30206 MB / 65466.5 MB
[ "16:27:45.548" ][SystemMonitor] Stats Update: CPU App: 1.04167 % | Sys: 76.0417 % | RAM App: 134.523 MB | Sys Avail: 30256.9 MB / 65466.5 MB
[ "16:27:46.546" ][SystemMonitor] Stats Update: CPU App: 1.04167 % | Sys: 79.4271 % | RAM App: 134.566 MB | Sys Avail: 30186.3 MB / 65466.5 MB
[ "16:27:47.539" ][SystemMonitor] Stats Update: CPU App: 1.30208 % | Sys: 76.3021 % | RAM App: 134.578 MB | Sys Avail: 30163.4 MB / 65466.5 MB
[ "16:27:48.541" ][SystemMonitor] Stats Update: CPU App: 0.520833 % | Sys: 74.7396 % | RAM App: 134.602 MB | Sys Avail: 30256 MB / 65466.5 MB
[ "16:27:49.565" ][SystemMonitor] Stats Update: CPU App: 0.25641 % | Sys: 75.8974 % | RAM App: 134.605 MB | Sys Avail: 30221.3 MB / 65466.5 MB
[ "16:27:50.548" ][SystemMonitor] Stats Update: CPU App: 1.0582 % | Sys: 65.0794 % | RAM App: 134.629 MB | Sys Avail: 30219.6 MB / 65466.5 MB
TelemetryMonitor: Processed 300 frames. Current FPS: 28
[ "16:27:51.539" ][SystemMonitor] Stats Update: CPU App: 0.520833 % | Sys: 64.5833 % | RAM App: 134.633 MB | Sys Avail: 30165.1 MB / 65466.5 MB
[ "16:27:52.539" ][SystemMonitor] Stats Update: CPU App: 0.260417 % | Sys: 66.9271 % | RAM App: 134.652 MB | Sys Avail: 30199.1 MB / 65466.5 MB
[ "16:27:53.548" ][SystemMonitor] Stats Update: CPU App: 1.30208 % | Sys: 82.8125 % | RAM App: 134.672 MB | Sys Avail: 30233.1 MB / 65466.5 MB
[ "16:27:54.546" ][SystemMonitor] Stats Update: CPU App: 0.78125 % | Sys: 81.5104 % | RAM App: 134.68 MB | Sys Avail: 30137.4 MB / 65466.5 MB
[ "16:27:55.538" ][SystemMonitor] Stats Update: CPU App: 1.30208 % | Sys: 84.6354 % | RAM App: 134.707 MB | Sys Avail: 30190.2 MB / 65466.5 MB
[ "16:27:56.548" ][SystemMonitor] Stats Update: CPU App: 1.04167 % | Sys: 95.3125 % | RAM App: 134.707 MB | Sys Avail: 30201.4 MB / 65466.5 MB
[ "16:27:57.550" ][SystemMonitor] Stats Update: CPU App: 0.520833 % | Sys: 97.6563 % | RAM App: 134.73 MB | Sys Avail: 30171.7 MB / 65466.5 MB
[ "16:27:58.547" ][SystemMonitor] Stats Update: CPU App: 1.5625 % | Sys: 85.4167 % | RAM App: 134.754 MB | Sys Avail: 30128.7 MB / 65466.5 MB
[ "16:27:59.549" ][SystemMonitor] Stats Update: CPU App: 1.04167 % | Sys: 76.8229 % | RAM App: 134.781 MB | Sys Avail: 30217.4 MB / 65466.5 MB
[ "16:28:00.549" ][SystemMonitor] Stats Update: CPU App: 0.78125 % | Sys: 74.7396 % | RAM App: 134.801 MB | Sys Avail: 30219.7 MB / 65466.5 MB
[ "16:28:01.548" ][SystemMonitor] Stats Update: CPU App: 0.78125 % | Sys: 69.7917 % | RAM App: 134.875 MB | Sys Avail: 30142.4 MB / 65466.5 MB
TelemetryMonitor: Processed 300 frames. Current FPS: 29
[ "16:28:02.549" ][SystemMonitor] Stats Update: CPU App: 0.520833 % | Sys: 72.1354 % | RAM App: 134.914 MB | Sys Avail: 30175.3 MB / 65466.5 MB
[ "16:28:03.566" ][SystemMonitor] Stats Update: CPU App: 0.25641 % | Sys: 79.7436 % | RAM App: 134.984 MB | Sys Avail: 30130.1 MB / 65466.5 MB
[ "16:28:04.537" ][SystemMonitor] Stats Update: CPU App: 1.5873 % | Sys: 72.4868 % | RAM App: 135.012 MB | Sys Avail: 30153.6 MB / 65466.5 MB
[ "16:28:05.538" ][SystemMonitor] Stats Update: CPU App: 0.260417 % | Sys: 94.7917 % | RAM App: 135.066 MB | Sys Avail: 30157.1 MB / 65466.5 MB
[ "16:28:06.546" ][SystemMonitor] Stats Update: CPU App: 0.78125 % | Sys: 66.1458 % | RAM App: 135.133 MB | Sys Avail: 30163.3 MB / 65466.5 MB
[ "16:28:07.539" ][SystemMonitor] Stats Update: CPU App: 1.04167 % | Sys: 77.8646 % | RAM App: 135.223 MB | Sys Avail: 30118.6 MB / 65466.5 MB
[ "16:28:08.548" ][SystemMonitor] Stats Update: CPU App: 0.78125 % | Sys: 97.3958 % | RAM App: 135.266 MB | Sys Avail: 30557.3 MB / 65466.5 MB
[ "16:28:09.549" ][SystemMonitor] Stats Update: CPU App: 0.520833 % | Sys: 84.1146 % | RAM App: 135.285 MB | Sys Avail: 30707.8 MB / 65466.5 MB
[ "16:28:10.550" ][SystemMonitor] Stats Update: CPU App: 0.520833 % | Sys: 86.4583 % | RAM App: 135.309 MB | Sys Avail: 30832.4 MB / 65466.5 MB
[ "16:28:11.549" ][SystemMonitor] Stats Update: CPU App: 1.04167 % | Sys: 84.1146 % | RAM App: 135.383 MB | Sys Avail: 30883.5 MB / 65466.5 MB
TelemetryMonitor: Processed 300 frames. Current FPS: 27
[ "16:28:12.548" ][SystemMonitor] Stats Update: CPU App: 1.30208 % | Sys: 92.4479 % | RAM App: 135.41 MB | Sys Avail: 30804.8 MB / 65466.5 MB
[ "16:28:13.550" ][SystemMonitor] Stats Update: CPU App: 1.04167 % | Sys: 97.1354 % | RAM App: 135.508 MB | Sys Avail: 30879.8 MB / 65466.5 MB
[ "16:28:14.546" ][SystemMonitor] Stats Update: CPU App: 1.30208 % | Sys: 91.6667 % | RAM App: 135.551 MB | Sys Avail: 30807.8 MB / 65466.5 MB
[ "16:28:15.549" ][SystemMonitor] Stats Update: CPU App: 0.78125 % | Sys: 98.1771 % | RAM App: 135.598 MB | Sys Avail: 30831.9 MB / 65466.5 MB
[ "16:28:16.539" ][SystemMonitor] Stats Update: CPU App: 1.04167 % | Sys: 81.25 % | RAM App: 135.656 MB | Sys Avail: 30826.5 MB / 65466.5 MB
[ "16:28:17.565" ][SystemMonitor] Stats Update: CPU App: 0.769231 % | Sys: 83.0769 % | RAM App: 135.738 MB | Sys Avail: 30827.2 MB / 65466.5 MB
[ "16:28:18.567" ][SystemMonitor] Stats Update: CPU App: 0 % | Sys: 83.8542 % | RAM App: 135.758 MB | Sys Avail: 30837 MB / 65466.5 MB
[ "16:28:19.538" ][SystemMonitor] Stats Update: CPU App: 0.26455 % | Sys: 79.8942 % | RAM App: 135.82 MB | Sys Avail: 30838.2 MB / 65466.5 MB
[ "16:28:20.540" ][SystemMonitor] Stats Update: CPU App: 1.04167 % | Sys: 81.25 % | RAM App: 135.863 MB | Sys Avail: 30832.4 MB / 65466.5 MB
[ "16:28:21.549" ][SystemMonitor] Stats Update: CPU App: 1.04167 % | Sys: 82.2917 % | RAM App: 135.93 MB | Sys Avail: 30836 MB / 65466.5 MB
[ "16:28:22.538" ][SystemMonitor] Stats Update: CPU App: 0.78125 % | Sys: 65.625 % | RAM App: 136.008 MB | Sys Avail: 30837.8 MB / 65466.5 MB
TelemetryMonitor: Processed 300 frames. Current FPS: 29
[ "16:28:23.549" ][SystemMonitor] Stats Update: CPU App: 0.78125 % | Sys: 76.0417 % | RAM App: 136.055 MB | Sys Avail: 30840.6 MB / 65466.5 MB
[ "16:28:24.540" ][SystemMonitor] Stats Update: CPU App: 1.04167 % | Sys: 69.2708 % | RAM App: 136.129 MB | Sys Avail: 30837.6 MB / 65466.5 MB
[ "16:28:25.549" ][SystemMonitor] Stats Update: CPU App: 1.04167 % | Sys: 69.7917 % | RAM App: 136.16 MB | Sys Avail: 30837.3 MB / 65466.5 MB
[ "16:28:26.539" ][SystemMonitor] Stats Update: CPU App: 1.04167 % | Sys: 71.3542 % | RAM App: 136.23 MB | Sys Avail: 30845.1 MB / 65466.5 MB
[ "16:28:27.538" ][SystemMonitor] Stats Update: CPU App: 0.520833 % | Sys: 77.6042 % | RAM App: 136.313 MB | Sys Avail: 30826.6 MB / 65466.5 MB
[ "16:28:28.547" ][SystemMonitor] Stats Update: CPU App: 0.520833 % | Sys: 89.3229 % | RAM App: 136.336 MB | Sys Avail: 30886.3 MB / 65466.5 MB
[ "16:28:29.538" ][SystemMonitor] Stats Update: CPU App: 1.5625 % | Sys: 75 % | RAM App: 136.422 MB | Sys Avail: 30885.8 MB / 65466.5 MB
[ "16:28:30.550" ][SystemMonitor] Stats Update: CPU App: 0.78125 % | Sys: 70.0521 % | RAM App: 136.441 MB | Sys Avail: 30882.5 MB / 65466.5 MB
[ "16:28:31.549" ][SystemMonitor] Stats Update: CPU App: 1.82292 % | Sys: 78.6458 % | RAM App: 136.527 MB | Sys Avail: 30886.6 MB / 65466.5 MB
[ "16:28:32.540" ][SystemMonitor] Stats Update: CPU App: 0.78125 % | Sys: 77.8646 % | RAM App: 136.547 MB | Sys Avail: 30886.4 MB / 65466.5 MB
[ "16:28:33.550" ][SystemMonitor] Stats Update: CPU App: 0.78125 % | Sys: 85.6771 % | RAM App: 136.629 MB | Sys Avail: 30845.2 MB / 65466.5 MB
TelemetryMonitor: Processed 300 frames. Current FPS: 29
[ "16:28:34.549" ][SystemMonitor] Stats Update: CPU App: 1.04167 % | Sys: 86.9792 % | RAM App: 136.652 MB | Sys Avail: 30853.3 MB / 65466.5 MB
[ "16:28:35.550" ][SystemMonitor] Stats Update: CPU App: 0.520833 % | Sys: 86.7188 % | RAM App: 136.715 MB | Sys Avail: 30860 MB / 65466.5 MB
[ "16:28:36.552" ][SystemMonitor] Stats Update: CPU App: 0.260417 % | Sys: 86.7188 % | RAM App: 136.754 MB | Sys Avail: 30830.7 MB / 65466.5 MB
[ "16:28:37.543" ][SystemMonitor] Stats Update: CPU App: 1.04167 % | Sys: 79.6875 % | RAM App: 136.809 MB | Sys Avail: 30851 MB / 65466.5 MB
[ "16:28:38.546" ][SystemMonitor] Stats Update: CPU App: 0.260417 % | Sys: 88.8021 % | RAM App: 136.992 MB | Sys Avail: 30817.7 MB / 65466.5 MB
[ "16:28:39.538" ][SystemMonitor] Stats Update: CPU App: 1.04167 % | Sys: 96.6146 % | RAM App: 137.063 MB | Sys Avail: 30777.7 MB / 65466.5 MB
[ "16:28:40.566" ][SystemMonitor] Stats Update: CPU App: 0.512821 % | Sys: 81.7949 % | RAM App: 134.867 MB | Sys Avail: 30827.8 MB / 65466.5 MB
[ "16:28:41.538" ][SystemMonitor] Stats Update: CPU App: 1.32275 % | Sys: 94.1799 % | RAM App: 134.957 MB | Sys Avail: 30806.3 MB / 65466.5 MB
[ "16:28:42.610" ][SystemMonitor] Stats Update: CPU App: 0.980392 % | Sys: 97.7941 % | RAM App: 135.027 MB | Sys Avail: 30712.2 MB / 65466.5 MB
[ "16:28:43.599" ][SystemMonitor] Stats Update: CPU App: 0.529101 % | Sys: 100 % | RAM App: 135.039 MB | Sys Avail: 30766.9 MB / 65466.5 MB
[ "16:28:44.588" ][SystemMonitor] Stats Update: CPU App: 1.04167 % | Sys: 93.7173 % | RAM App: 135.051 MB | Sys Avail: 30792.1 MB / 65466.5 MB
TelemetryMonitor: Processed 300 frames. Current FPS: 23
[ "16:28:45.587" ][SystemMonitor] Stats Update: CPU App: 1.04167 % | Sys: 89.3229 % | RAM App: 135.063 MB | Sys Avail: 30798.8 MB / 65466.5 MB
[ "16:28:46.605" ][SystemMonitor] Stats Update: CPU App: 1.53846 % | Sys: 91.2821 % | RAM App: 135.07 MB | Sys Avail: 30796.3 MB / 65466.5 MB
[ "16:28:47.584" ][SystemMonitor] Stats Update: CPU App: 1.0582 % | Sys: 99.4709 % | RAM App: 135.109 MB | Sys Avail: 30773.1 MB / 65466.5 MB
[ "16:28:48.585" ][SystemMonitor] Stats Update: CPU App: 1.82292 % | Sys: 98.6979 % | RAM App: 135.145 MB | Sys Avail: 30757.2 MB / 65466.5 MB
[ "16:28:49.599" ][SystemMonitor] Stats Update: CPU App: 0 % | Sys: 99.2188 % | RAM App: 135.168 MB | Sys Avail: 30749.1 MB / 65466.5 MB
[ "16:28:50.586" ][SystemMonitor] Stats Update: CPU App: 0.520833 % | Sys: 95.5729 % | RAM App: 135.18 MB | Sys Avail: 30763.3 MB / 65466.5 MB
[ "16:28:51.586" ][SystemMonitor] Stats Update: CPU App: 1.30208 % | Sys: 97.1354 % | RAM App: 135.191 MB | Sys Avail: 30718.5 MB / 65466.5 MB
[ "16:28:52.600" ][SystemMonitor] Stats Update: CPU App: 1.02564 % | Sys: 93.0769 % | RAM App: 135.211 MB | Sys Avail: 30717.1 MB / 65466.5 MB
[ "16:28:53.586" ][SystemMonitor] Stats Update: CPU App: 0.793651 % | Sys: 94.709 % | RAM App: 135.25 MB | Sys Avail: 30707.2 MB / 65466.5 MB
[ "16:28:54.600" ][SystemMonitor] Stats Update: CPU App: 1.02564 % | Sys: 90.2564 % | RAM App: 135.297 MB | Sys Avail: 30708 MB / 65466.5 MB
[ "16:28:55.586" ][SystemMonitor] Stats Update: CPU App: 0.529101 % | Sys: 76.1905 % | RAM App: 135.301 MB | Sys Avail: 30711.6 MB / 65466.5 MB
TelemetryMonitor: Processed 300 frames. Current FPS: 30
[ "16:28:56.600" ][SystemMonitor] Stats Update: CPU App: 1.02564 % | Sys: 71.5385 % | RAM App: 135.313 MB | Sys Avail: 30712.7 MB / 65466.5 MB
[ "16:28:57.586" ][SystemMonitor] Stats Update: CPU App: 0.26455 % | Sys: 72.4868 % | RAM App: 135.367 MB | Sys Avail: 30712.2 MB / 65466.5 MB
[ "16:28:58.588" ][SystemMonitor] Stats Update: CPU App: 2.08333 % | Sys: 85.6771 % | RAM App: 135.449 MB | Sys Avail: 30716.4 MB / 65466.5 MB
[ "16:28:59.586" ][SystemMonitor] Stats Update: CPU App: 1.5625 % | Sys: 79.1667 % | RAM App: 135.449 MB | Sys Avail: 30715.7 MB / 65466.5 MB
[ "16:29:00.601" ][SystemMonitor] Stats Update: CPU App: 0.769231 % | Sys: 80.2564 % | RAM App: 135.477 MB | Sys Avail: 30704.4 MB / 65466.5 MB
[ "16:29:01.600" ][SystemMonitor] Stats Update: CPU App: 0.529101 % | Sys: 75.1323 % | RAM App: 135.555 MB | Sys Avail: 30709.4 MB / 65466.5 MB
[ "16:29:02.599" ][SystemMonitor] Stats Update: CPU App: 1.28205 % | Sys: 72.3077 % | RAM App: 135.598 MB | Sys Avail: 30706.4 MB / 65466.5 MB
[ "16:29:03.586" ][SystemMonitor] Stats Update: CPU App: 0.529101 % | Sys: 72.7513 % | RAM App: 135.672 MB | Sys Avail: 30707.6 MB / 65466.5 MB
[ "16:29:04.589" ][SystemMonitor] Stats Update: CPU App: 0.78125 % | Sys: 79.1667 % | RAM App: 135.727 MB | Sys Avail: 30705.3 MB / 65466.5 MB
[ "16:29:05.600" ][SystemMonitor] Stats Update: CPU App: 1.04167 % | Sys: 72.6563 % | RAM App: 135.754 MB | Sys Avail: 30707.8 MB / 65466.5 MB
[ "16:29:06.589" ][SystemMonitor] Stats Update: CPU App: 0.78125 % | Sys: 76.0417 % | RAM App: 135.773 MB | Sys Avail: 30702.7 MB / 65466.5 MB
TelemetryMonitor: Processed 300 frames. Current FPS: 29
[ "16:29:07.586" ][SystemMonitor] Stats Update: CPU App: 0.78125 % | Sys: 74.4792 % | RAM App: 135.859 MB | Sys Avail: 30704 MB / 65466.5 MB
[ "16:29:08.594" ][SystemMonitor] Stats Update: CPU App: 1.30208 % | Sys: 75.2604 % | RAM App: 135.891 MB | Sys Avail: 30705.8 MB / 65466.5 MB
[ "16:29:09.586" ][SystemMonitor] Stats Update: CPU App: 1.04167 % | Sys: 76.5625 % | RAM App: 135.965 MB | Sys Avail: 30707.2 MB / 65466.5 MB
[ "16:29:10.589" ][SystemMonitor] Stats Update: CPU App: 2.08333 % | Sys: 83.5938 % | RAM App: 136.004 MB | Sys Avail: 30705.5 MB / 65466.5 MB
[ "16:29:11.601" ][SystemMonitor] Stats Update: CPU App: 1.28205 % | Sys: 75.1282 % | RAM App: 136.023 MB | Sys Avail: 30708.7 MB / 65466.5 MB
[ "16:29:12.586" ][SystemMonitor] Stats Update: CPU App: 0.529101 % | Sys: 91.2698 % | RAM App: 136.055 MB | Sys Avail: 30607.1 MB / 65466.5 MB
[ "16:29:13.601" ][SystemMonitor] Stats Update: CPU App: 1.02564 % | Sys: 92.8205 % | RAM App: 136.113 MB | Sys Avail: 30695.2 MB / 65466.5 MB
[ "16:29:14.601" ][SystemMonitor] Stats Update: CPU App: 0.78125 % | Sys: 70.3125 % | RAM App: 136.133 MB | Sys Avail: 30681.6 MB / 65466.5 MB
[ "16:29:15.601" ][SystemMonitor] Stats Update: CPU App: 0.260417 % | Sys: 81.5104 % | RAM App: 136.156 MB | Sys Avail: 30678.3 MB / 65466.5 MB
[ "16:29:16.589" ][SystemMonitor] Stats Update: CPU App: 0.793651 % | Sys: 82.0106 % | RAM App: 136.18 MB | Sys Avail: 30589 MB / 65466.5 MB
[ "16:29:17.586" ][SystemMonitor] Stats Update: CPU App: 0.520833 % | Sys: 79.9479 % | RAM App: 136.258 MB | Sys Avail: 30577.3 MB / 65466.5 MB
TelemetryMonitor: Processed 300 frames. Current FPS: 28
[ "16:29:18.602" ][SystemMonitor] Stats Update: CPU App: 0.512821 % | Sys: 79.4872 % | RAM App: 136.313 MB | Sys Avail: 30557.1 MB / 65466.5 MB
[ "16:29:19.601" ][SystemMonitor] Stats Update: CPU App: 0.78125 % | Sys: 89.3229 % | RAM App: 136.344 MB | Sys Avail: 30560.9 MB / 65466.5 MB
[ "16:29:20.601" ][SystemMonitor] Stats Update: CPU App: 0.520833 % | Sys: 72.9167 % | RAM App: 136.391 MB | Sys Avail: 30517.7 MB / 65466.5 MB
[ "16:29:21.586" ][SystemMonitor] Stats Update: CPU App: 1.32275 % | Sys: 74.3386 % | RAM App: 136.43 MB | Sys Avail: 30511.9 MB / 65466.5 MB
[ "16:29:22.589" ][SystemMonitor] Stats Update: CPU App: 0.260417 % | Sys: 70.0521 % | RAM App: 136.488 MB | Sys Avail: 30514.4 MB / 65466.5 MB
[ "16:29:23.586" ][SystemMonitor] Stats Update: CPU App: 0.78125 % | Sys: 81.5104 % | RAM App: 136.563 MB | Sys Avail: 30521.7 MB / 65466.5 MB
[ "16:29:24.600" ][SystemMonitor] Stats Update: CPU App: 1.53846 % | Sys: 79.7436 % | RAM App: 136.602 MB | Sys Avail: 30512.1 MB / 65466.5 MB
[ "16:29:25.585" ][SystemMonitor] Stats Update: CPU App: 0.793651 % | Sys: 69.3122 % | RAM App: 136.664 MB | Sys Avail: 30511.4 MB / 65466.5 MB
[ "16:29:26.586" ][SystemMonitor] Stats Update: CPU App: 1.04167 % | Sys: 77.6042 % | RAM App: 136.738 MB | Sys Avail: 30511.3 MB / 65466.5 MB
[ "16:29:27.586" ][SystemMonitor] Stats Update: CPU App: 0.78125 % | Sys: 84.6354 % | RAM App: 136.781 MB | Sys Avail: 30502.9 MB / 65466.5 MB
TelemetryMonitor: Processed 300 frames. Current FPS: 27
[ "16:29:28.592" ][SystemMonitor] Stats Update: CPU App: 1.30208 % | Sys: 86.1979 % | RAM App: 136.84 MB | Sys Avail: 30487.4 MB / 65466.5 MB
[ "16:29:29.607" ][SystemMonitor] Stats Update: CPU App: 1.53846 % | Sys: 87.4359 % | RAM App: 136.965 MB | Sys Avail: 30473.5 MB / 65466.5 MB
[ "16:29:30.585" ][SystemMonitor] Stats Update: CPU App: 1.0582 % | Sys: 83.8624 % | RAM App: 136.992 MB | Sys Avail: 30457.8 MB / 65466.5 MB
[ "16:29:31.584" ][SystemMonitor] Stats Update: CPU App: 0.260417 % | Sys: 74.2188 % | RAM App: 137.012 MB | Sys Avail: 30431.1 MB / 65466.5 MB
[ "16:29:32.585" ][SystemMonitor] Stats Update: CPU App: 0.78125 % | Sys: 86.7188 % | RAM App: 137.086 MB | Sys Avail: 30415.9 MB / 65466.5 MB
[ "16:29:33.585" ][SystemMonitor] Stats Update: CPU App: 0.520833 % | Sys: 90.625 % | RAM App: 137.129 MB | Sys Avail: 30416 MB / 65466.5 MB
[ "16:29:34.584" ][SystemMonitor] Stats Update: CPU App: 1.30208 % | Sys: 95.0521 % | RAM App: 137.176 MB | Sys Avail: 30404.5 MB / 65466.5 MB
[ "16:29:35.584" ][SystemMonitor] Stats Update: CPU App: 0.520833 % | Sys: 85.1563 % | RAM App: 137.219 MB | Sys Avail: 30415.7 MB / 65466.5 MB
[ "16:29:36.602" ][SystemMonitor] Stats Update: CPU App: 0.512821 % | Sys: 81.0256 % | RAM App: 137.297 MB | Sys Avail: 30440.9 MB / 65466.5 MB
[ "16:29:37.584" ][SystemMonitor] Stats Update: CPU App: 1.32275 % | Sys: 89.418 % | RAM App: 137.332 MB | Sys Avail: 30412 MB / 65466.5 MB
[ "16:29:38.587" ][SystemMonitor] Stats Update: CPU App: 0.78125 % | Sys: 85.6771 % | RAM App: 137.41 MB | Sys Avail: 30424.4 MB / 65466.5 MB
TelemetryMonitor: Processed 300 frames. Current FPS: 27
[ "16:29:39.602" ][SystemMonitor] Stats Update: CPU App: 0.25641 % | Sys: 84.6154 % | RAM App: 134.969 MB | Sys Avail: 30398.1 MB / 65466.5 MB
[ "16:29:40.585" ][SystemMonitor] Stats Update: CPU App: 0.26455 % | Sys: 79.6296 % | RAM App: 135.141 MB | Sys Avail: 30361 MB / 65466.5 MB
[ "16:29:41.585" ][SystemMonitor] Stats Update: CPU App: 1.04167 % | Sys: 73.4375 % | RAM App: 135.277 MB | Sys Avail: 30382 MB / 65466.5 MB
[ "16:29:42.584" ][SystemMonitor] Stats Update: CPU App: 0.520833 % | Sys: 87.5 % | RAM App: 135.277 MB | Sys Avail: 30242.3 MB / 65466.5 MB
[ "16:29:43.585" ][SystemMonitor] Stats Update: CPU App: 0.520833 % | Sys: 91.6667 % | RAM App: 135.313 MB | Sys Avail: 30374.7 MB / 65466.5 MB
[ "16:29:44.585" ][SystemMonitor] Stats Update: CPU App: 0.78125 % | Sys: 79.1667 % | RAM App: 135.336 MB | Sys Avail: 30428.2 MB / 65466.5 MB
[ "16:29:45.585" ][SystemMonitor] Stats Update: CPU App: 1.04167 % | Sys: 86.4583 % | RAM App: 135.348 MB | Sys Avail: 30352.8 MB / 65466.5 MB
[ "16:29:46.586" ][SystemMonitor] Stats Update: CPU App: 0 % | Sys: 73.4375 % | RAM App: 135.359 MB | Sys Avail: 30456.2 MB / 65466.5 MB
[ "16:29:47.602" ][SystemMonitor] Stats Update: CPU App: 0.512821 % | Sys: 75.1282 % | RAM App: 135.363 MB | Sys Avail: 30320.1 MB / 65466.5 MB
[ "16:29:48.586" ][SystemMonitor] Stats Update: CPU App: 0.529101 % | Sys: 70.6349 % | RAM App: 135.363 MB | Sys Avail: 30459.9 MB / 65466.5 MB
[ "16:29:49.601" ][SystemMonitor] Stats Update: CPU App: 0.512821 % | Sys: 71.0256 % | RAM App: 135.371 MB | Sys Avail: 30459.1 MB / 65466.5 MB
TelemetryMonitor: Processed 300 frames. Current FPS: 29
[ "16:29:50.585" ][SystemMonitor] Stats Update: CPU App: 0.26455 % | Sys: 84.3915 % | RAM App: 135.379 MB | Sys Avail: 30454.4 MB / 65466.5 MB
[ "16:29:51.585" ][SystemMonitor] Stats Update: CPU App: 0 % | Sys: 69.2708 % | RAM App: 135.484 MB | Sys Avail: 30397.5 MB / 65466.5 MB
[ "16:29:52.586" ][SystemMonitor] Stats Update: CPU App: 0.520833 % | Sys: 74.7396 % | RAM App: 135.512 MB | Sys Avail: 30352.4 MB / 65466.5 MB
[ "16:29:53.585" ][SystemMonitor] Stats Update: CPU App: 1.04167 % | Sys: 77.0833 % | RAM App: 135.535 MB | Sys Avail: 30409.9 MB / 65466.5 MB
[ "16:29:54.586" ][SystemMonitor] Stats Update: CPU App: 1.04167 % | Sys: 75.5208 % | RAM App: 135.496 MB | Sys Avail: 30338.3 MB / 65466.5 MB
[ "16:29:55.585" ][SystemMonitor] Stats Update: CPU App: 0.78125 % | Sys: 90.8854 % | RAM App: 135.391 MB | Sys Avail: 30300.1 MB / 65466.5 MB
[ "16:29:56.585" ][SystemMonitor] Stats Update: CPU App: 0.78125 % | Sys: 91.4063 % | RAM App: 135.293 MB | Sys Avail: 30123.2 MB / 65466.5 MB
[ "16:29:57.585" ][SystemMonitor] Stats Update: CPU App: 0.78125 % | Sys: 76.8229 % | RAM App: 135.355 MB | Sys Avail: 29909.8 MB / 65466.5 MB
[ "16:29:58.585" ][SystemMonitor] Stats Update: CPU App: 1.04167 % | Sys: 81.5104 % | RAM App: 135.418 MB | Sys Avail: 29709.6 MB / 65466.5 MB
[ "16:29:59.586" ][SystemMonitor] Stats Update: CPU App: 0.520833 % | Sys: 71.6146 % | RAM App: 135.441 MB | Sys Avail: 29497 MB / 65466.5 MB
[ "16:30:00.618" ][SystemMonitor] Stats Update: CPU App: 0.505051 % | Sys: 72.9798 % | RAM App: 135.465 MB | Sys Avail: 29276.6 MB / 65466.5 MB
TelemetryMonitor: Processed 300 frames. Current FPS: 29
[ "16:30:01.585" ][SystemMonitor] Stats Update: CPU App: 0.806452 % | Sys: 77.6882 % | RAM App: 135.539 MB | Sys Avail: 29076 MB / 65466.5 MB
[ "16:30:02.585" ][SystemMonitor] Stats Update: CPU App: 0.78125 % | Sys: 74.2188 % | RAM App: 135.641 MB | Sys Avail: 28908.9 MB / 65466.5 MB
[ "16:30:03.602" ][SystemMonitor] Stats Update: CPU App: 1.02564 % | Sys: 68.9744 % | RAM App: 135.66 MB | Sys Avail: 28696.9 MB / 65466.5 MB
[ "16:30:04.586" ][SystemMonitor] Stats Update: CPU App: 1.0582 % | Sys: 65.3439 % | RAM App: 135.684 MB | Sys Avail: 28683.6 MB / 65466.5 MB
[ "16:30:05.586" ][SystemMonitor] Stats Update: CPU App: 0.520833 % | Sys: 72.1354 % | RAM App: 135.762 MB | Sys Avail: 28677.1 MB / 65466.5 MB
[ "16:30:06.602" ][SystemMonitor] Stats Update: CPU App: 1.28205 % | Sys: 82.3077 % | RAM App: 135.781 MB | Sys Avail: 28677.1 MB / 65466.5 MB
[ "16:30:07.588" ][SystemMonitor] Stats Update: CPU App: 1.0582 % | Sys: 85.4497 % | RAM App: 135.871 MB | Sys Avail: 28675.6 MB / 65466.5 MB
[ "16:30:08.585" ][SystemMonitor] Stats Update: CPU App: 0.260417 % | Sys: 79.6875 % | RAM App: 135.914 MB | Sys Avail: 28687.3 MB / 65466.5 MB
[ "16:30:09.585" ][SystemMonitor] Stats Update: CPU App: 1.04167 % | Sys: 85.9375 % | RAM App: 135.988 MB | Sys Avail: 28692.1 MB / 65466.5 MB
[ "16:30:10.585" ][SystemMonitor] Stats Update: CPU App: 0.78125 % | Sys: 89.0625 % | RAM App: 136.008 MB | Sys Avail: 28753.1 MB / 65466.5 MB
TelemetryMonitor: Processed 300 frames. Current FPS: 27
[ "16:30:11.586" ][SystemMonitor] Stats Update: CPU App: 0.260417 % | Sys: 82.8125 % | RAM App: 136.082 MB | Sys Avail: 28753.2 MB / 65466.5 MB
[ "16:30:12.597" ][SystemMonitor] Stats Update: CPU App: 0.520833 % | Sys: 95.8333 % | RAM App: 136.121 MB | Sys Avail: 29098.7 MB / 65466.5 MB
[ "16:30:13.585" ][SystemMonitor] Stats Update: CPU App: 1.04167 % | Sys: 99.4792 % | RAM App: 136.195 MB | Sys Avail: 29509.1 MB / 65466.5 MB
[ "16:30:14.587" ][SystemMonitor] Stats Update: CPU App: 0.78125 % | Sys: 89.8438 % | RAM App: 136.219 MB | Sys Avail: 29936.5 MB / 65466.5 MB
[ "16:30:15.587" ][SystemMonitor] Stats Update: CPU App: 1.04167 % | Sys: 90.1042 % | RAM App: 136.27 MB | Sys Avail: 30379.8 MB / 65466.5 MB
[ "16:30:16.586" ][SystemMonitor] Stats Update: CPU App: 0.520833 % | Sys: 85.1563 % | RAM App: 136.332 MB | Sys Avail: 30457.2 MB / 65466.5 MB
[ "16:30:17.603" ][SystemMonitor] Stats Update: CPU App: 1.02564 % | Sys: 81.0256 % | RAM App: 136.406 MB | Sys Avail: 30458.2 MB / 65466.5 MB
[ "16:30:18.585" ][SystemMonitor] Stats Update: CPU App: 0.26455 % | Sys: 85.1852 % | RAM App: 136.449 MB | Sys Avail: 30460.2 MB / 65466.5 MB
[ "16:30:19.603" ][SystemMonitor] Stats Update: CPU App: 1.02564 % | Sys: 76.9231 % | RAM App: 136.535 MB | Sys Avail: 30458.1 MB / 65466.5 MB
[ "16:30:20.586" ][SystemMonitor] Stats Update: CPU App: 1.0582 % | Sys: 80.9524 % | RAM App: 136.559 MB | Sys Avail: 30477.3 MB / 65466.5 MB
[ "16:30:21.603" ][SystemMonitor] Stats Update: CPU App: 0.25641 % | Sys: 68.9744 % | RAM App: 136.633 MB | Sys Avail: 30468.1 MB / 65466.5 MB
TelemetryMonitor: Processed 300 frames. Current FPS: 29
[ "16:30:22.586" ][SystemMonitor] Stats Update: CPU App: 0.26455 % | Sys: 76.455 % | RAM App: 136.668 MB | Sys Avail: 30470.5 MB / 65466.5 MB
[ "16:30:23.586" ][SystemMonitor] Stats Update: CPU App: 0.520833 % | Sys: 71.875 % | RAM App: 136.723 MB | Sys Avail: 30471.5 MB / 65466.5 MB
[ "16:30:24.588" ][SystemMonitor] Stats Update: CPU App: 0.78125 % | Sys: 72.6563 % | RAM App: 136.762 MB | Sys Avail: 30472 MB / 65466.5 MB
[ "16:30:25.603" ][SystemMonitor] Stats Update: CPU App: 0.769231 % | Sys: 76.1538 % | RAM App: 136.816 MB | Sys Avail: 30478.6 MB / 65466.5 MB
[ "16:30:26.586" ][SystemMonitor] Stats Update: CPU App: 0.793651 % | Sys: 82.5397 % | RAM App: 136.875 MB | Sys Avail: 30483.1 MB / 65466.5 MB
[ "16:30:27.586" ][SystemMonitor] Stats Update: CPU App: 0.520833 % | Sys: 81.7708 % | RAM App: 136.926 MB | Sys Avail: 30466.6 MB / 65466.5 MB
[ "16:30:28.603" ][SystemMonitor] Stats Update: CPU App: 1.02564 % | Sys: 82.8205 % | RAM App: 137.02 MB | Sys Avail: 30429.8 MB / 65466.5 MB
[ "16:30:29.586" ][SystemMonitor] Stats Update: CPU App: 1.5873 % | Sys: 81.2169 % | RAM App: 137.051 MB | Sys Avail: 30448.1 MB / 65466.5 MB
[ "16:30:30.603" ][SystemMonitor] Stats Update: CPU App: 1.28205 % | Sys: 77.4359 % | RAM App: 137.078 MB | Sys Avail: 30420.8 MB / 65466.5 MB
[ "16:30:31.586" ][SystemMonitor] Stats Update: CPU App: 0.793651 % | Sys: 87.037 % | RAM App: 137.121 MB | Sys Avail: 30424 MB / 65466.5 MB
[ "16:30:32.587" ][SystemMonitor] Stats Update: CPU App: 0.78125 % | Sys: 80.4688 % | RAM App: 137.223 MB | Sys Avail: 30408 MB / 65466.5 MB
TelemetryMonitor: Processed 300 frames. Current FPS: 28
[ "16:30:33.587" ][SystemMonitor] Stats Update: CPU App: 0.78125 % | Sys: 82.2917 % | RAM App: 137.25 MB | Sys Avail: 30426.1 MB / 65466.5 MB
[ "16:30:34.608" ][SystemMonitor] Stats Update: CPU App: 1.02564 % | Sys: 75.3846 % | RAM App: 137.293 MB | Sys Avail: 30407.5 MB / 65466.5 MB
[ "16:30:35.587" ][SystemMonitor] Stats Update: CPU App: 1.32275 % | Sys: 76.7196 % | RAM App: 137.363 MB | Sys Avail: 30423.2 MB / 65466.5 MB
[ "16:30:36.588" ][SystemMonitor] Stats Update: CPU App: 0.78125 % | Sys: 78.9063 % | RAM App: 137.414 MB | Sys Avail: 30418.4 MB / 65466.5 MB
[ "16:30:37.587" ][SystemMonitor] Stats Update: CPU App: 0.520833 % | Sys: 80.9896 % | RAM App: 137.477 MB | Sys Avail: 30434.1 MB / 65466.5 MB
[ "16:30:38.585" ][SystemMonitor] Stats Update: CPU App: 0.78125 % | Sys: 83.5938 % | RAM App: 135.176 MB | Sys Avail: 30433.3 MB / 65466.5 MB
[ "16:30:39.586" ][SystemMonitor] Stats Update: CPU App: 1.30208 % | Sys: 71.3542 % | RAM App: 135.344 MB | Sys Avail: 30437.5 MB / 65466.5 MB
[ "16:30:40.586" ][SystemMonitor] Stats Update: CPU App: 0.520833 % | Sys: 73.6979 % | RAM App: 135.406 MB | Sys Avail: 30432.9 MB / 65466.5 MB
[ "16:30:41.586" ][SystemMonitor] Stats Update: CPU App: 1.82292 % | Sys: 80.7292 % | RAM App: 135.469 MB | Sys Avail: 30432.7 MB / 65466.5 MB
[ "16:30:42.603" ][SystemMonitor] Stats Update: CPU App: 0 % | Sys: 93.5897 % | RAM App: 135.5 MB | Sys Avail: 30334.3 MB / 65466.5 MB
[ "16:30:43.586" ][SystemMonitor] Stats Update: CPU App: 0.793651 % | Sys: 91.0053 % | RAM App: 135.535 MB | Sys Avail: 30420.3 MB / 65466.5 MB
TelemetryMonitor: Processed 300 frames. Current FPS: 28
[ "16:30:44.587" ][SystemMonitor] Stats Update: CPU App: 1.04167 % | Sys: 71.0938 % | RAM App: 135.547 MB | Sys Avail: 30413.8 MB / 65466.5 MB
[ "16:30:45.587" ][SystemMonitor] Stats Update: CPU App: 0.260417 % | Sys: 75.5208 % | RAM App: 135.559 MB | Sys Avail: 30416.1 MB / 65466.5 MB
[ "16:30:46.587" ][SystemMonitor] Stats Update: CPU App: 0.260417 % | Sys: 68.2292 % | RAM App: 135.566 MB | Sys Avail: 30414.1 MB / 65466.5 MB
[ "16:30:47.604" ][SystemMonitor] Stats Update: CPU App: 1.79487 % | Sys: 83.8462 % | RAM App: 135.578 MB | Sys Avail: 30418.4 MB / 65466.5 MB
[ "16:30:48.587" ][SystemMonitor] Stats Update: CPU App: 1.32275 % | Sys: 73.0159 % | RAM App: 135.602 MB | Sys Avail: 30409.6 MB / 65466.5 MB
[ "16:30:49.586" ][SystemMonitor] Stats Update: CPU App: 1.5625 % | Sys: 70.8333 % | RAM App: 135.629 MB | Sys Avail: 30408.7 MB / 65466.5 MB
[ "16:30:50.603" ][SystemMonitor] Stats Update: CPU App: 0 % | Sys: 74.6154 % | RAM App: 135.648 MB | Sys Avail: 30411.5 MB / 65466.5 MB
[ "16:30:51.587" ][SystemMonitor] Stats Update: CPU App: 0.529101 % | Sys: 75.9259 % | RAM App: 135.668 MB | Sys Avail: 30410.5 MB / 65466.5 MB
[ "16:30:52.587" ][SystemMonitor] Stats Update: CPU App: 1.5625 % | Sys: 72.3958 % | RAM App: 135.668 MB | Sys Avail: 30411.1 MB / 65466.5 MB
[ "16:30:53.586" ][SystemMonitor] Stats Update: CPU App: 1.04167 % | Sys: 79.4271 % | RAM App: 135.676 MB | Sys Avail: 30412.3 MB / 65466.5 MB
TelemetryMonitor: Processed 300 frames. Current FPS: 28
[ "16:30:54.603" ][SystemMonitor] Stats Update: CPU App: 1.53846 % | Sys: 70.5128 % | RAM App: 135.691 MB | Sys Avail: 30407.8 MB / 65466.5 MB
[ "16:30:55.587" ][SystemMonitor] Stats Update: CPU App: 0.26455 % | Sys: 79.3651 % | RAM App: 135.715 MB | Sys Avail: 30409.9 MB / 65466.5 MB
[ "16:30:56.587" ][SystemMonitor] Stats Update: CPU App: 0.78125 % | Sys: 78.3854 % | RAM App: 135.75 MB | Sys Avail: 30413.8 MB / 65466.5 MB
[ "16:30:57.588" ][SystemMonitor] Stats Update: CPU App: 1.04167 % | Sys: 67.7083 % | RAM App: 135.77 MB | Sys Avail: 30401.7 MB / 65466.5 MB
[ "16:30:58.585" ][SystemMonitor] Stats Update: CPU App: 1.04167 % | Sys: 79.9479 % | RAM App: 135.793 MB | Sys Avail: 30405.5 MB / 65466.5 MB
[ "16:30:59.604" ][SystemMonitor] Stats Update: CPU App: 0.512821 % | Sys: 68.9744 % | RAM App: 135.836 MB | Sys Avail: 30404.3 MB / 65466.5 MB
[ "16:31:00.587" ][SystemMonitor] Stats Update: CPU App: 0.793651 % | Sys: 70.8995 % | RAM App: 135.922 MB | Sys Avail: 30411.8 MB / 65466.5 MB
[ "16:31:01.587" ][SystemMonitor] Stats Update: CPU App: 0.520833 % | Sys: 74.4792 % | RAM App: 135.941 MB | Sys Avail: 30412.4 MB / 65466.5 MB
[ "16:31:02.603" ][SystemMonitor] Stats Update: CPU App: 1.02564 % | Sys: 65.641 % | RAM App: 135.965 MB | Sys Avail: 30411.4 MB / 65466.5 MB
[ "16:31:03.587" ][SystemMonitor] Stats Update: CPU App: 0.529101 % | Sys: 68.5185 % | RAM App: 135.988 MB | Sys Avail: 30412.7 MB / 65466.5 MB
[ "16:31:04.604" ][SystemMonitor] Stats Update: CPU App: 1.02564 % | Sys: 80.7692 % | RAM App: 136.008 MB | Sys Avail: 30411.5 MB / 65466.5 MB
TelemetryMonitor: Processed 300 frames. Current FPS: 28
[ "16:31:05.587" ][SystemMonitor] Stats Update: CPU App: 0.529101 % | Sys: 70.3704 % | RAM App: 136.086 MB | Sys Avail: 30394.5 MB / 65466.5 MB
[ "16:31:06.587" ][SystemMonitor] Stats Update: CPU App: 0.78125 % | Sys: 70.0521 % | RAM App: 136.172 MB | Sys Avail: 30369.7 MB / 65466.5 MB
[ "16:31:07.588" ][SystemMonitor] Stats Update: CPU App: 0.520833 % | Sys: 65.625 % | RAM App: 136.203 MB | Sys Avail: 30373 MB / 65466.5 MB
[ "16:31:08.587" ][SystemMonitor] Stats Update: CPU App: 0.520833 % | Sys: 76.5625 % | RAM App: 136.273 MB | Sys Avail: 30372.2 MB / 65466.5 MB
[ "16:31:09.587" ][SystemMonitor] Stats Update: CPU App: 0.520833 % | Sys: 69.2708 % | RAM App: 136.313 MB | Sys Avail: 30302 MB / 65466.5 MB
[ "16:31:10.605" ][SystemMonitor] Stats Update: CPU App: 1.02564 % | Sys: 68.7179 % | RAM App: 136.371 MB | Sys Avail: 30281.3 MB / 65466.5 MB
[ "16:31:11.586" ][SystemMonitor] Stats Update: CPU App: 0.529101 % | Sys: 66.9312 % | RAM App: 136.449 MB | Sys Avail: 30281.3 MB / 65466.5 MB
[ "16:31:12.588" ][SystemMonitor] Stats Update: CPU App: 0.78125 % | Sys: 85.4167 % | RAM App: 136.492 MB | Sys Avail: 30195.2 MB / 65466.5 MB
[ "16:31:13.589" ][SystemMonitor] Stats Update: CPU App: 1.04167 % | Sys: 92.4479 % | RAM App: 136.563 MB | Sys Avail: 30267.3 MB / 65466.5 MB
[ "16:31:14.587" ][SystemMonitor] Stats Update: CPU App: 0 % | Sys: 66.1458 % | RAM App: 136.594 MB | Sys Avail: 30196.8 MB / 65466.5 MB
[ "16:31:15.588" ][SystemMonitor] Stats Update: CPU App: 0.78125 % | Sys: 69.5313 % | RAM App: 136.613 MB | Sys Avail: 30197.5 MB / 65466.5 MB
TelemetryMonitor: Processed 300 frames. Current FPS: 29
[ "16:31:16.604" ][SystemMonitor] Stats Update: CPU App: 1.02564 % | Sys: 69.7436 % | RAM App: 136.633 MB | Sys Avail: 30197.7 MB / 65466.5 MB
[ "16:31:17.587" ][SystemMonitor] Stats Update: CPU App: 1.32275 % | Sys: 78.5714 % | RAM App: 136.656 MB | Sys Avail: 30184.9 MB / 65466.5 MB
[ "16:31:18.587" ][SystemMonitor] Stats Update: CPU App: 0.520833 % | Sys: 68.4896 % | RAM App: 136.676 MB | Sys Avail: 30186.5 MB / 65466.5 MB
[ "16:31:19.586" ][SystemMonitor] Stats Update: CPU App: 0.520833 % | Sys: 65.8854 % | RAM App: 136.711 MB | Sys Avail: 30184.8 MB / 65466.5 MB
[ "16:31:20.587" ][SystemMonitor] Stats Update: CPU App: 0.520833 % | Sys: 77.6042 % | RAM App: 136.746 MB | Sys Avail: 30183.5 MB / 65466.5 MB
[ "16:31:21.586" ][SystemMonitor] Stats Update: CPU App: 0.78125 % | Sys: 68.2292 % | RAM App: 136.809 MB | Sys Avail: 30171.1 MB / 65466.5 MB
[ "16:31:22.604" ][SystemMonitor] Stats Update: CPU App: 1.02564 % | Sys: 66.1538 % | RAM App: 136.883 MB | Sys Avail: 30172 MB / 65466.5 MB
[ "16:31:23.588" ][SystemMonitor] Stats Update: CPU App: 1.32275 % | Sys: 78.836 % | RAM App: 136.957 MB | Sys Avail: 30171 MB / 65466.5 MB
[ "16:31:24.604" ][SystemMonitor] Stats Update: CPU App: 1.02564 % | Sys: 70.7692 % | RAM App: 137.035 MB | Sys Avail: 30142.3 MB / 65466.5 MB
[ "16:31:25.586" ][SystemMonitor] Stats Update: CPU App: 0.529101 % | Sys: 67.9894 % | RAM App: 137.113 MB | Sys Avail: 30138.1 MB / 65466.5 MB
TelemetryMonitor: Processed 300 frames. Current FPS: 28
[ "16:31:26.588" ][SystemMonitor] Stats Update: CPU App: 0.78125 % | Sys: 66.4063 % | RAM App: 137.152 MB | Sys Avail: 30139.3 MB / 65466.5 MB
[ "16:31:27.586" ][SystemMonitor] Stats Update: CPU App: 0.260417 % | Sys: 83.5938 % | RAM App: 137.215 MB | Sys Avail: 30137.7 MB / 65466.5 MB
[ "16:31:28.589" ][SystemMonitor] Stats Update: CPU App: 0.520833 % | Sys: 71.0938 % | RAM App: 137.285 MB | Sys Avail: 30139.8 MB / 65466.5 MB
[ "16:31:29.588" ][SystemMonitor] Stats Update: CPU App: 0 % | Sys: 68.4896 % | RAM App: 137.398 MB | Sys Avail: 30130.8 MB / 65466.5 MB
[ "16:31:30.586" ][SystemMonitor] Stats Update: CPU App: 0.78125 % | Sys: 73.4375 % | RAM App: 137.473 MB | Sys Avail: 29950 MB / 65466.5 MB
[ "16:31:31.588" ][SystemMonitor] Stats Update: CPU App: 1.30208 % | Sys: 75.7813 % | RAM App: 137.555 MB | Sys Avail: 30154.4 MB / 65466.5 MB
[ "16:31:32.605" ][SystemMonitor] Stats Update: CPU App: 0.769231 % | Sys: 82.3077 % | RAM App: 137.59 MB | Sys Avail: 30119.2 MB / 65466.5 MB
[ "16:31:33.584" ][SystemMonitor] Stats Update: CPU App: 1.0582 % | Sys: 76.455 % | RAM App: 137.664 MB | Sys Avail: 30068.2 MB / 65466.5 MB
[ "16:31:34.588" ][SystemMonitor] Stats Update: CPU App: 1.04167 % | Sys: 83.8542 % | RAM App: 137.75 MB | Sys Avail: 30028.3 MB / 65466.5 MB
[ "16:31:35.589" ][SystemMonitor] Stats Update: CPU App: 0.520833 % | Sys: 85.1563 % | RAM App: 137.813 MB | Sys Avail: 30109.7 MB / 65466.5 MB
[ "16:31:36.605" ][SystemMonitor] Stats Update: CPU App: 0.769231 % | Sys: 71.5385 % | RAM App: 137.859 MB | Sys Avail: 30171.4 MB / 65466.5 MB
TelemetryMonitor: Processed 300 frames. Current FPS: 29
[ "16:31:37.589" ][SystemMonitor] Stats Update: CPU App: 0.529101 % | Sys: 70.8995 % | RAM App: 135.598 MB | Sys Avail: 30164.1 MB / 65466.5 MB
[ "16:31:38.605" ][SystemMonitor] Stats Update: CPU App: 1.28205 % | Sys: 73.0769 % | RAM App: 135.73 MB | Sys Avail: 30112.5 MB / 65466.5 MB
[ "16:31:39.588" ][SystemMonitor] Stats Update: CPU App: 0.793651 % | Sys: 75.1323 % | RAM App: 135.734 MB | Sys Avail: 30188.2 MB / 65466.5 MB
[ "16:31:40.586" ][SystemMonitor] Stats Update: CPU App: 0.260417 % | Sys: 69.0104 % | RAM App: 135.746 MB | Sys Avail: 30183 MB / 65466.5 MB
[ "16:31:41.588" ][SystemMonitor] Stats Update: CPU App: 1.04167 % | Sys: 70.0521 % | RAM App: 135.777 MB | Sys Avail: 30118.3 MB / 65466.5 MB
[ "16:31:42.584" ][SystemMonitor] Stats Update: CPU App: 0.260417 % | Sys: 90.8854 % | RAM App: 135.797 MB | Sys Avail: 29987.6 MB / 65466.5 MB
[ "16:31:43.586" ][SystemMonitor] Stats Update: CPU App: 0.78125 % | Sys: 93.75 % | RAM App: 135.813 MB | Sys Avail: 30173.7 MB / 65466.5 MB
[ "16:31:44.589" ][SystemMonitor] Stats Update: CPU App: 0.260417 % | Sys: 73.1771 % | RAM App: 135.844 MB | Sys Avail: 30103.8 MB / 65466.5 MB
[ "16:31:45.588" ][SystemMonitor] Stats Update: CPU App: 0.260417 % | Sys: 72.9167 % | RAM App: 135.859 MB | Sys Avail: 30050.5 MB / 65466.5 MB
[ "16:31:46.589" ][SystemMonitor] Stats Update: CPU App: 0.78125 % | Sys: 76.8229 % | RAM App: 135.871 MB | Sys Avail: 30171.6 MB / 65466.5 MB
[ "16:31:47.586" ][SystemMonitor] Stats Update: CPU App: 1.04167 % | Sys: 73.9583 % | RAM App: 135.879 MB | Sys Avail: 30167.7 MB / 65466.5 MB
TelemetryMonitor: Processed 300 frames. Current FPS: 27
[ "16:31:48.589" ][SystemMonitor] Stats Update: CPU App: 0.78125 % | Sys: 78.6458 % | RAM App: 135.902 MB | Sys Avail: 30138.5 MB / 65466.5 MB
[ "16:31:49.588" ][SystemMonitor] Stats Update: CPU App: 1.5625 % | Sys: 75.2604 % | RAM App: 135.918 MB | Sys Avail: 30060.4 MB / 65466.5 MB
[ "16:31:50.590" ][SystemMonitor] Stats Update: CPU App: 0.78125 % | Sys: 76.8229 % | RAM App: 135.941 MB | Sys Avail: 30189.3 MB / 65466.5 MB
[ "16:31:51.588" ][SystemMonitor] Stats Update: CPU App: 0.520833 % | Sys: 76.5625 % | RAM App: 135.961 MB | Sys Avail: 30167.3 MB / 65466.5 MB
[ "16:31:52.588" ][SystemMonitor] Stats Update: CPU App: 0.260417 % | Sys: 70.3125 % | RAM App: 135.965 MB | Sys Avail: 30064.7 MB / 65466.5 MB
[ "16:31:53.587" ][SystemMonitor] Stats Update: CPU App: 0.520833 % | Sys: 75.5208 % | RAM App: 135.969 MB | Sys Avail: 30066.9 MB / 65466.5 MB
[ "16:31:54.588" ][SystemMonitor] Stats Update: CPU App: 1.04167 % | Sys: 72.3958 % | RAM App: 136 MB | Sys Avail: 30160.1 MB / 65466.5 MB
[ "16:31:55.586" ][SystemMonitor] Stats Update: CPU App: 1.04167 % | Sys: 57.5521 % | RAM App: 136.059 MB | Sys Avail: 30190.6 MB / 65466.5 MB
[ "16:31:56.589" ][SystemMonitor] Stats Update: CPU App: 0.520833 % | Sys: 83.5938 % | RAM App: 136.078 MB | Sys Avail: 30179.7 MB / 65466.5 MB
[ "16:31:57.586" ][SystemMonitor] Stats Update: CPU App: 0.78125 % | Sys: 87.5 % | RAM App: 136.125 MB | Sys Avail: 30178.4 MB / 65466.5 MB
TelemetryMonitor: Processed 300 frames. Current FPS: 29
[ "16:31:58.589" ][SystemMonitor] Stats Update: CPU App: 0.520833 % | Sys: 83.5938 % | RAM App: 136.148 MB | Sys Avail: 30176.9 MB / 65466.5 MB
[ "16:31:59.587" ][SystemMonitor] Stats Update: CPU App: 0.78125 % | Sys: 84.6354 % | RAM App: 136.195 MB | Sys Avail: 30176.8 MB / 65466.5 MB
[ "16:32:00.586" ][SystemMonitor] Stats Update: CPU App: 1.04167 % | Sys: 79.9479 % | RAM App: 136.262 MB | Sys Avail: 30174.6 MB / 65466.5 MB
[ "16:32:01.586" ][SystemMonitor] Stats Update: CPU App: 0.78125 % | Sys: 86.9792 % | RAM App: 136.285 MB | Sys Avail: 30173.8 MB / 65466.5 MB
[ "16:32:02.589" ][SystemMonitor] Stats Update: CPU App: 0.78125 % | Sys: 84.8958 % | RAM App: 136.359 MB | Sys Avail: 30173.5 MB / 65466.5 MB
[ "16:32:03.591" ][SystemMonitor] Stats Update: CPU App: 1.04167 % | Sys: 83.3333 % | RAM App: 136.379 MB | Sys Avail: 30169.7 MB / 65466.5 MB
[ "16:32:04.590" ][SystemMonitor] Stats Update: CPU App: 1.04167 % | Sys: 86.7188 % | RAM App: 136.402 MB | Sys Avail: 30152.1 MB / 65466.5 MB
[ "16:32:05.589" ][SystemMonitor] Stats Update: CPU App: 0.78125 % | Sys: 86.4583 % | RAM App: 136.465 MB | Sys Avail: 30148.9 MB / 65466.5 MB
[ "16:32:06.606" ][SystemMonitor] Stats Update: CPU App: 0.769231 % | Sys: 86.6667 % | RAM App: 136.488 MB | Sys Avail: 30161.1 MB / 65466.5 MB
[ "16:32:07.586" ][SystemMonitor] Stats Update: CPU App: 1.0582 % | Sys: 87.3016 % | RAM App: 136.559 MB | Sys Avail: 30152.8 MB / 65466.5 MB
[ "16:32:08.590" ][SystemMonitor] Stats Update: CPU App: 1.04167 % | Sys: 83.8542 % | RAM App: 136.578 MB | Sys Avail: 30154.5 MB / 65466.5 MB
TelemetryMonitor: Processed 300 frames. Current FPS: 28
[ "16:32:09.589" ][SystemMonitor] Stats Update: CPU App: 0.78125 % | Sys: 77.6042 % | RAM App: 136.656 MB | Sys Avail: 30153.4 MB / 65466.5 MB
[ "16:32:10.590" ][SystemMonitor] Stats Update: CPU App: 1.82292 % | Sys: 84.8958 % | RAM App: 136.699 MB | Sys Avail: 30270.3 MB / 65466.5 MB
[ "16:32:11.591" ][SystemMonitor] Stats Update: CPU App: 1.30208 % | Sys: 73.1771 % | RAM App: 136.824 MB | Sys Avail: 30259.6 MB / 65466.5 MB
[ "16:32:12.592" ][SystemMonitor] Stats Update: CPU App: 0.78125 % | Sys: 87.2396 % | RAM App: 136.855 MB | Sys Avail: 30175.7 MB / 65466.5 MB
[ "16:32:13.589" ][SystemMonitor] Stats Update: CPU App: 1.04167 % | Sys: 92.7083 % | RAM App: 136.926 MB | Sys Avail: 30268.8 MB / 65466.5 MB
[ "16:32:14.607" ][SystemMonitor] Stats Update: CPU App: 0.25641 % | Sys: 70.5128 % | RAM App: 136.973 MB | Sys Avail: 30257.4 MB / 65466.5 MB
[ "16:32:15.590" ][SystemMonitor] Stats Update: CPU App: 1.0582 % | Sys: 84.127 % | RAM App: 137.051 MB | Sys Avail: 30265.3 MB / 65466.5 MB
[ "16:32:16.592" ][SystemMonitor] Stats Update: CPU App: 0.78125 % | Sys: 73.4375 % | RAM App: 137.148 MB | Sys Avail: 30259.7 MB / 65466.5 MB
[ "16:32:17.591" ][SystemMonitor] Stats Update: CPU App: 0 % | Sys: 66.6667 % | RAM App: 137.223 MB | Sys Avail: 30258.7 MB / 65466.5 MB
[ "16:32:18.587" ][SystemMonitor] Stats Update: CPU App: 0.260417 % | Sys: 73.6979 % | RAM App: 137.262 MB | Sys Avail: 30266.6 MB / 65466.5 MB
TelemetryMonitor: Processed 300 frames. Current FPS: 29
[ "16:32:19.590" ][SystemMonitor] Stats Update: CPU App: 1.04167 % | Sys: 69.5313 % | RAM App: 137.316 MB | Sys Avail: 30267 MB / 65466.5 MB
[ "16:32:20.590" ][SystemMonitor] Stats Update: CPU App: 0.78125 % | Sys: 70.8333 % | RAM App: 137.383 MB | Sys Avail: 30269.4 MB / 65466.5 MB
[ "16:32:21.589" ][SystemMonitor] Stats Update: CPU App: 0.260417 % | Sys: 72.3958 % | RAM App: 137.422 MB | Sys Avail: 30269.2 MB / 65466.5 MB
[ "16:32:22.590" ][SystemMonitor] Stats Update: CPU App: 1.5625 % | Sys: 72.3958 % | RAM App: 137.465 MB | Sys Avail: 30270.1 MB / 65466.5 MB
[ "16:32:23.590" ][SystemMonitor] Stats Update: CPU App: 0.78125 % | Sys: 72.6563 % | RAM App: 137.496 MB | Sys Avail: 30269 MB / 65466.5 MB
[ "16:32:24.590" ][SystemMonitor] Stats Update: CPU App: 1.04167 % | Sys: 74.2188 % | RAM App: 137.516 MB | Sys Avail: 30270 MB / 65466.5 MB
[ "16:32:25.586" ][SystemMonitor] Stats Update: CPU App: 1.5625 % | Sys: 71.3542 % | RAM App: 137.586 MB | Sys Avail: 30270.7 MB / 65466.5 MB
[ "16:32:26.590" ][SystemMonitor] Stats Update: CPU App: 0.520833 % | Sys: 73.9583 % | RAM App: 137.629 MB | Sys Avail: 30271.9 MB / 65466.5 MB
[ "16:32:27.591" ][SystemMonitor] Stats Update: CPU App: 0.78125 % | Sys: 81.25 % | RAM App: 137.66 MB | Sys Avail: 30261.8 MB / 65466.5 MB
[ "16:32:28.589" ][SystemMonitor] Stats Update: CPU App: 1.5625 % | Sys: 71.875 % | RAM App: 137.691 MB | Sys Avail: 30254.8 MB / 65466.5 MB
[ "16:32:29.586" ][SystemMonitor] Stats Update: CPU App: 0.78125 % | Sys: 77.6042 % | RAM App: 137.758 MB | Sys Avail: 30258.4 MB / 65466.5 MB
TelemetryMonitor: Processed 300 frames. Current FPS: 29
[ "16:32:30.590" ][SystemMonitor] Stats Update: CPU App: 0 % | Sys: 73.6979 % | RAM App: 137.777 MB | Sys Avail: 30255.2 MB / 65466.5 MB
[ "16:32:31.586" ][SystemMonitor] Stats Update: CPU App: 0.78125 % | Sys: 73.4375 % | RAM App: 137.977 MB | Sys Avail: 30256.7 MB / 65466.5 MB
[ "16:32:32.584" ][SystemMonitor] Stats Update: CPU App: 1.30208 % | Sys: 78.125 % | RAM App: 138.051 MB | Sys Avail: 30240.6 MB / 65466.5 MB
[ "16:32:33.586" ][SystemMonitor] Stats Update: CPU App: 1.30208 % | Sys: 80.9896 % | RAM App: 138.188 MB | Sys Avail: 30255.3 MB / 65466.5 MB
[ "16:32:34.588" ][SystemMonitor] Stats Update: CPU App: 1.04167 % | Sys: 72.1354 % | RAM App: 138.262 MB | Sys Avail: 30254.9 MB / 65466.5 MB
[ "16:32:35.590" ][SystemMonitor] Stats Update: CPU App: 0.78125 % | Sys: 73.1771 % | RAM App: 138.34 MB | Sys Avail: 30256.4 MB / 65466.5 MB
[ "16:32:36.607" ][SystemMonitor] Stats Update: CPU App: 1.02564 % | Sys: 69.7436 % | RAM App: 134.352 MB | Sys Avail: 30259.9 MB / 65466.5 MB
[ "16:32:37.590" ][SystemMonitor] Stats Update: CPU App: 1.0582 % | Sys: 70.3704 % | RAM App: 134.547 MB | Sys Avail: 30261.4 MB / 65466.5 MB
[ "16:32:38.591" ][SystemMonitor] Stats Update: CPU App: 0.78125 % | Sys: 65.3646 % | RAM App: 134.566 MB | Sys Avail: 30261.3 MB / 65466.5 MB
[ "16:32:39.586" ][SystemMonitor] Stats Update: CPU App: 1.30208 % | Sys: 87.7604 % | RAM App: 134.586 MB | Sys Avail: 30235.6 MB / 65466.5 MB
[ "16:32:40.584" ][SystemMonitor] Stats Update: CPU App: 0.520833 % | Sys: 75 % | RAM App: 134.625 MB | Sys Avail: 30226 MB / 65466.5 MB
TelemetryMonitor: Processed 300 frames. Current FPS: 27
[ "16:32:41.590" ][SystemMonitor] Stats Update: CPU App: 1.04167 % | Sys: 73.1771 % | RAM App: 134.664 MB | Sys Avail: 30231 MB / 65466.5 MB
[ "16:32:42.591" ][SystemMonitor] Stats Update: CPU App: 1.30208 % | Sys: 85.6771 % | RAM App: 134.699 MB | Sys Avail: 30155.5 MB / 65466.5 MB
[ "16:32:43.591" ][SystemMonitor] Stats Update: CPU App: 0.520833 % | Sys: 91.1458 % | RAM App: 134.715 MB | Sys Avail: 30249.2 MB / 65466.5 MB
[ "16:32:44.590" ][SystemMonitor] Stats Update: CPU App: 0.520833 % | Sys: 79.6875 % | RAM App: 134.73 MB | Sys Avail: 30241.6 MB / 65466.5 MB
[ "16:32:45.586" ][SystemMonitor] Stats Update: CPU App: 1.30208 % | Sys: 74.2188 % | RAM App: 134.766 MB | Sys Avail: 30234.8 MB / 65466.5 MB
[ "16:32:46.590" ][SystemMonitor] Stats Update: CPU App: 0.260417 % | Sys: 69.2708 % | RAM App: 134.777 MB | Sys Avail: 30240.2 MB / 65466.5 MB
[ "16:32:47.587" ][SystemMonitor] Stats Update: CPU App: 1.04167 % | Sys: 73.6979 % | RAM App: 134.887 MB | Sys Avail: 30243.9 MB / 65466.5 MB
[ "16:32:48.591" ][SystemMonitor] Stats Update: CPU App: 0.520833 % | Sys: 73.1771 % | RAM App: 134.926 MB | Sys Avail: 30242.5 MB / 65466.5 MB
[ "16:32:49.586" ][SystemMonitor] Stats Update: CPU App: 0.260417 % | Sys: 78.9063 % | RAM App: 135.008 MB | Sys Avail: 30246.1 MB / 65466.5 MB
[ "16:32:50.594" ][SystemMonitor] Stats Update: CPU App: 0.520833 % | Sys: 72.3958 % | RAM App: 135.059 MB | Sys Avail: 30237.6 MB / 65466.5 MB
TelemetryMonitor: Processed 300 frames. Current FPS: 28
[ "16:32:51.607" ][SystemMonitor] Stats Update: CPU App: 1.02564 % | Sys: 86.9231 % | RAM App: 135.113 MB | Sys Avail: 30489.7 MB / 65466.5 MB
[ "16:32:52.585" ][SystemMonitor] Stats Update: CPU App: 0.26455 % | Sys: 73.545 % | RAM App: 135.113 MB | Sys Avail: 30489.8 MB / 65466.5 MB
[ "16:32:53.591" ][SystemMonitor] Stats Update: CPU App: 1.30208 % | Sys: 88.0208 % | RAM App: 135.188 MB | Sys Avail: 30420.6 MB / 65466.5 MB
[ "16:32:54.589" ][SystemMonitor] Stats Update: CPU App: 1.04167 % | Sys: 88.5417 % | RAM App: 135.258 MB | Sys Avail: 30414.4 MB / 65466.5 MB
[ "16:32:55.586" ][SystemMonitor] Stats Update: CPU App: 0.78125 % | Sys: 79.4271 % | RAM App: 135.289 MB | Sys Avail: 30388.7 MB / 65466.5 MB
[ "16:32:56.591" ][SystemMonitor] Stats Update: CPU App: 0.520833 % | Sys: 70.8333 % | RAM App: 135.363 MB | Sys Avail: 30762.9 MB / 65466.5 MB
[ "16:32:57.590" ][SystemMonitor] Stats Update: CPU App: 1.04167 % | Sys: 80.7292 % | RAM App: 135.441 MB | Sys Avail: 30756.4 MB / 65466.5 MB
[ "16:32:58.587" ][SystemMonitor] Stats Update: CPU App: 0.78125 % | Sys: 58.5938 % | RAM App: 135.461 MB | Sys Avail: 30765.2 MB / 65466.5 MB
[ "16:32:59.586" ][SystemMonitor] Stats Update: CPU App: 1.04167 % | Sys: 60.9375 % | RAM App: 135.59 MB | Sys Avail: 30774.1 MB / 65466.5 MB
[ "16:33:00.592" ][SystemMonitor] Stats Update: CPU App: 0.520833 % | Sys: 74.7396 % | RAM App: 135.617 MB | Sys Avail: 30773.6 MB / 65466.5 MB
[ "16:33:01.587" ][SystemMonitor] Stats Update: CPU App: 0.520833 % | Sys: 64.5833 % | RAM App: 135.75 MB | Sys Avail: 30668.1 MB / 65466.5 MB
TelemetryMonitor: Processed 300 frames. Current FPS: 28
[ "16:33:02.591" ][SystemMonitor] Stats Update: CPU App: 0.260417 % | Sys: 58.0729 % | RAM App: 135.773 MB | Sys Avail: 30703.1 MB / 65466.5 MB
[ "16:33:03.586" ][SystemMonitor] Stats Update: CPU App: 0.260417 % | Sys: 61.1979 % | RAM App: 135.883 MB | Sys Avail: 30706.2 MB / 65466.5 MB
[ "16:33:04.591" ][SystemMonitor] Stats Update: CPU App: 1.04167 % | Sys: 72.3958 % | RAM App: 135.957 MB | Sys Avail: 30705.3 MB / 65466.5 MB
[ "16:33:05.591" ][SystemMonitor] Stats Update: CPU App: 2.34375 % | Sys: 69.5313 % | RAM App: 136.082 MB | Sys Avail: 30610.1 MB / 65466.5 MB
[ "16:33:06.588" ][SystemMonitor] Stats Update: CPU App: 0.520833 % | Sys: 60.1563 % | RAM App: 136.121 MB | Sys Avail: 30614.7 MB / 65466.5 MB
[ "16:33:07.591" ][SystemMonitor] Stats Update: CPU App: 0.78125 % | Sys: 59.6354 % | RAM App: 136.195 MB | Sys Avail: 30611.8 MB / 65466.5 MB
[ "16:33:08.591" ][SystemMonitor] Stats Update: CPU App: 0.78125 % | Sys: 75.5208 % | RAM App: 136.223 MB | Sys Avail: 30610.8 MB / 65466.5 MB
[ "16:33:09.591" ][SystemMonitor] Stats Update: CPU App: 1.04167 % | Sys: 73.1771 % | RAM App: 136.309 MB | Sys Avail: 30563 MB / 65466.5 MB
[ "16:33:10.591" ][SystemMonitor] Stats Update: CPU App: 0.520833 % | Sys: 75 % | RAM App: 136.379 MB | Sys Avail: 30560.9 MB / 65466.5 MB
[ "16:33:11.592" ][SystemMonitor] Stats Update: CPU App: 0.78125 % | Sys: 68.75 % | RAM App: 136.508 MB | Sys Avail: 30562.3 MB / 65466.5 MB
TelemetryMonitor: Processed 300 frames. Current FPS: 28
[ "16:33:12.611" ][SystemMonitor] Stats Update: CPU App: 0.769231 % | Sys: 87.9487 % | RAM App: 136.543 MB | Sys Avail: 30455.5 MB / 65466.5 MB
[ "16:33:13.586" ][SystemMonitor] Stats Update: CPU App: 0.793651 % | Sys: 86.7725 % | RAM App: 136.652 MB | Sys Avail: 30564.6 MB / 65466.5 MB
[ "16:33:14.591" ][SystemMonitor] Stats Update: CPU App: 0.78125 % | Sys: 62.7604 % | RAM App: 136.727 MB | Sys Avail: 30560.2 MB / 65466.5 MB
[ "16:33:15.587" ][SystemMonitor] Stats Update: CPU App: 1.30208 % | Sys: 79.9479 % | RAM App: 136.805 MB | Sys Avail: 30562.3 MB / 65466.5 MB
[ "16:33:16.608" ][SystemMonitor] Stats Update: CPU App: 0.25641 % | Sys: 59.2308 % | RAM App: 136.879 MB | Sys Avail: 30562.4 MB / 65466.5 MB
[ "16:33:17.592" ][SystemMonitor] Stats Update: CPU App: 1.5873 % | Sys: 63.7566 % | RAM App: 137.012 MB | Sys Avail: 30565.2 MB / 65466.5 MB
[ "16:33:18.591" ][SystemMonitor] Stats Update: CPU App: 1.04167 % | Sys: 72.9167 % | RAM App: 137.035 MB | Sys Avail: 30565.9 MB / 65466.5 MB
[ "16:33:19.592" ][SystemMonitor] Stats Update: CPU App: 1.04167 % | Sys: 61.7188 % | RAM App: 137.141 MB | Sys Avail: 30521.8 MB / 65466.5 MB
[ "16:33:20.591" ][SystemMonitor] Stats Update: CPU App: 1.04167 % | Sys: 58.3333 % | RAM App: 137.215 MB | Sys Avail: 30521.4 MB / 65466.5 MB
[ "16:33:21.592" ][SystemMonitor] Stats Update: CPU App: 0.78125 % | Sys: 65.625 % | RAM App: 137.344 MB | Sys Avail: 30493.9 MB / 65466.5 MB
[ "16:33:22.608" ][SystemMonitor] Stats Update: CPU App: 0.769231 % | Sys: 64.6154 % | RAM App: 137.363 MB | Sys Avail: 30397.7 MB / 65466.5 MB
TelemetryMonitor: Processed 300 frames. Current FPS: 29
[ "16:33:23.587" ][SystemMonitor] Stats Update: CPU App: 0.26455 % | Sys: 61.6402 % | RAM App: 137.445 MB | Sys Avail: 30444.6 MB / 65466.5 MB
[ "16:33:24.592" ][SystemMonitor] Stats Update: CPU App: 0.260417 % | Sys: 62.2396 % | RAM App: 137.531 MB | Sys Avail: 30531.7 MB / 65466.5 MB
[ "16:33:25.586" ][SystemMonitor] Stats Update: CPU App: 1.04167 % | Sys: 65.1042 % | RAM App: 137.605 MB | Sys Avail: 30538.4 MB / 65466.5 MB
[ "16:33:26.592" ][SystemMonitor] Stats Update: CPU App: 0.520833 % | Sys: 69.5313 % | RAM App: 137.684 MB | Sys Avail: 30406.4 MB / 65466.5 MB
[ "16:33:27.592" ][SystemMonitor] Stats Update: CPU App: 0.260417 % | Sys: 65.3646 % | RAM App: 137.758 MB | Sys Avail: 30351.1 MB / 65466.5 MB
[ "16:33:28.586" ][SystemMonitor] Stats Update: CPU App: 0.260417 % | Sys: 70.3125 % | RAM App: 137.809 MB | Sys Avail: 30526.3 MB / 65466.5 MB
[ "16:33:29.586" ][SystemMonitor] Stats Update: CPU App: 0.78125 % | Sys: 74.7396 % | RAM App: 137.832 MB | Sys Avail: 30470.9 MB / 65466.5 MB
[ "16:33:30.587" ][SystemMonitor] Stats Update: CPU App: 1.04167 % | Sys: 64.8438 % | RAM App: 137.852 MB | Sys Avail: 30347.1 MB / 65466.5 MB
[ "16:33:31.592" ][SystemMonitor] Stats Update: CPU App: 0.260417 % | Sys: 67.1875 % | RAM App: 137.926 MB | Sys Avail: 30531.1 MB / 65466.5 MB
[ "16:33:32.592" ][SystemMonitor] Stats Update: CPU App: 0.78125 % | Sys: 64.3229 % | RAM App: 138.004 MB | Sys Avail: 30523.9 MB / 65466.5 MB
TelemetryMonitor: Processed 300 frames. Current FPS: 30
[ "16:33:33.585" ][SystemMonitor] Stats Update: CPU App: 1.30208 % | Sys: 71.6146 % | RAM App: 138.133 MB | Sys Avail: 30462.1 MB / 65466.5 MB
[ "16:33:34.593" ][SystemMonitor] Stats Update: CPU App: 1.30208 % | Sys: 69.0104 % | RAM App: 138.207 MB | Sys Avail: 30359.7 MB / 65466.5 MB
[ "16:33:35.592" ][SystemMonitor] Stats Update: CPU App: 0.260417 % | Sys: 67.7083 % | RAM App: 135.801 MB | Sys Avail: 30535.8 MB / 65466.5 MB
[ "16:33:36.608" ][SystemMonitor] Stats Update: CPU App: 0.512821 % | Sys: 67.1795 % | RAM App: 135.875 MB | Sys Avail: 30523 MB / 65466.5 MB
[ "16:33:37.592" ][SystemMonitor] Stats Update: CPU App: 0.793651 % | Sys: 70.1058 % | RAM App: 135.93 MB | Sys Avail: 30415.9 MB / 65466.5 MB
[ "16:33:38.592" ][SystemMonitor] Stats Update: CPU App: 1.30208 % | Sys: 68.2292 % | RAM App: 135.934 MB | Sys Avail: 30396.4 MB / 65466.5 MB
[ "16:33:39.586" ][SystemMonitor] Stats Update: CPU App: 1.04167 % | Sys: 76.8229 % | RAM App: 135.965 MB | Sys Avail: 30531.7 MB / 65466.5 MB
[ "16:33:40.593" ][SystemMonitor] Stats Update: CPU App: 1.04167 % | Sys: 69.7917 % | RAM App: 136 MB | Sys Avail: 30475.3 MB / 65466.5 MB
[ "16:33:41.592" ][SystemMonitor] Stats Update: CPU App: 1.30208 % | Sys: 64.3229 % | RAM App: 136.016 MB | Sys Avail: 30360 MB / 65466.5 MB
[ "16:33:42.593" ][SystemMonitor] Stats Update: CPU App: 1.04167 % | Sys: 81.7708 % | RAM App: 136.027 MB | Sys Avail: 30415 MB / 65466.5 MB
TelemetryMonitor: Processed 300 frames. Current FPS: 29
[ "16:33:43.593" ][SystemMonitor] Stats Update: CPU App: 0.78125 % | Sys: 92.9688 % | RAM App: 136.043 MB | Sys Avail: 30510.5 MB / 65466.5 MB
[ "16:33:44.592" ][SystemMonitor] Stats Update: CPU App: 1.30208 % | Sys: 74.4792 % | RAM App: 136.051 MB | Sys Avail: 30464.4 MB / 65466.5 MB
[ "16:33:45.593" ][SystemMonitor] Stats Update: CPU App: 1.04167 % | Sys: 64.5833 % | RAM App: 136.105 MB | Sys Avail: 30392 MB / 65466.5 MB
[ "16:33:46.583" ][SystemMonitor] Stats Update: CPU App: 0.78125 % | Sys: 62.7604 % | RAM App: 136.105 MB | Sys Avail: 30397.3 MB / 65466.5 MB
[ "16:33:47.592" ][SystemMonitor] Stats Update: CPU App: 1.04167 % | Sys: 54.1667 % | RAM App: 136.164 MB | Sys Avail: 30495.1 MB / 65466.5 MB
[ "16:33:48.609" ][SystemMonitor] Stats Update: CPU App: 0.512821 % | Sys: 58.7179 % | RAM App: 136.18 MB | Sys Avail: 30496.2 MB / 65466.5 MB
[ "16:33:49.584" ][SystemMonitor] Stats Update: CPU App: 1.0582 % | Sys: 81.746 % | RAM App: 136.281 MB | Sys Avail: 30488.7 MB / 65466.5 MB
[ "16:33:50.592" ][SystemMonitor] Stats Update: CPU App: 1.5625 % | Sys: 92.4479 % | RAM App: 136.281 MB | Sys Avail: 30496.1 MB / 65466.5 MB
[ "16:33:51.593" ][SystemMonitor] Stats Update: CPU App: 0.78125 % | Sys: 80.2083 % | RAM App: 136.289 MB | Sys Avail: 30489.1 MB / 65466.5 MB
[ "16:33:52.593" ][SystemMonitor] Stats Update: CPU App: 0.260417 % | Sys: 77.6042 % | RAM App: 136.305 MB | Sys Avail: 30490.6 MB / 65466.5 MB
[ "16:33:53.587" ][SystemMonitor] Stats Update: CPU App: 0.260417 % | Sys: 76.8229 % | RAM App: 136.41 MB | Sys Avail: 30490.2 MB / 65466.5 MB
TelemetryMonitor: Processed 300 frames. Current FPS: 28
[ "16:33:54.593" ][SystemMonitor] Stats Update: CPU App: 0.78125 % | Sys: 77.6042 % | RAM App: 136.484 MB | Sys Avail: 30491.6 MB / 65466.5 MB
[ "16:33:55.593" ][SystemMonitor] Stats Update: CPU App: 1.04167 % | Sys: 80.4688 % | RAM App: 136.559 MB | Sys Avail: 30496 MB / 65466.5 MB
[ "16:33:56.593" ][SystemMonitor] Stats Update: CPU App: 1.04167 % | Sys: 81.7708 % | RAM App: 136.586 MB | Sys Avail: 30495.8 MB / 65466.5 MB
[ "16:33:57.585" ][SystemMonitor] Stats Update: CPU App: 1.04167 % | Sys: 86.4583 % | RAM App: 136.637 MB | Sys Avail: 30497.7 MB / 65466.5 MB
[ "16:33:58.590" ][SystemMonitor] Stats Update: CPU App: 0.78125 % | Sys: 85.4167 % | RAM App: 136.711 MB | Sys Avail: 30498.9 MB / 65466.5 MB
[ "16:33:59.593" ][SystemMonitor] Stats Update: CPU App: 0.520833 % | Sys: 83.5938 % | RAM App: 136.742 MB | Sys Avail: 30496.8 MB / 65466.5 MB
[ "16:34:00.626" ][SystemMonitor] Stats Update: CPU App: 0.757576 % | Sys: 90.404 % | RAM App: 136.762 MB | Sys Avail: 30492 MB / 65466.5 MB
[ "16:34:01.610" ][SystemMonitor] Stats Update: CPU App: 1.0582 % | Sys: 88.0952 % | RAM App: 136.781 MB | Sys Avail: 30488.5 MB / 65466.5 MB
[ "16:34:02.610" ][SystemMonitor] Stats Update: CPU App: 1.30208 % | Sys: 83.5938 % | RAM App: 136.805 MB | Sys Avail: 30481.8 MB / 65466.5 MB
[ "16:34:03.593" ][SystemMonitor] Stats Update: CPU App: 0.529101 % | Sys: 86.2434 % | RAM App: 136.844 MB | Sys Avail: 30478.5 MB / 65466.5 MB
[ "16:34:04.594" ][SystemMonitor] Stats Update: CPU App: 1.04167 % | Sys: 82.5521 % | RAM App: 136.887 MB | Sys Avail: 30491.6 MB / 65466.5 MB
TelemetryMonitor: Processed 300 frames. Current FPS: 27
[ "16:34:05.614" ][SystemMonitor] Stats Update: CPU App: 0.512821 % | Sys: 84.359 % | RAM App: 136.91 MB | Sys Avail: 30479.2 MB / 65466.5 MB
[ "16:34:06.592" ][SystemMonitor] Stats Update: CPU App: 0.529101 % | Sys: 84.127 % | RAM App: 136.938 MB | Sys Avail: 30481.8 MB / 65466.5 MB
[ "16:34:07.593" ][SystemMonitor] Stats Update: CPU App: 0.78125 % | Sys: 84.1146 % | RAM App: 136.957 MB | Sys Avail: 30475.7 MB / 65466.5 MB
[ "16:34:08.593" ][SystemMonitor] Stats Update: CPU App: 0.520833 % | Sys: 85.9375 % | RAM App: 136.984 MB | Sys Avail: 30476.9 MB / 65466.5 MB
[ "16:34:09.593" ][SystemMonitor] Stats Update: CPU App: 0.78125 % | Sys: 82.5521 % | RAM App: 137.004 MB | Sys Avail: 30460.7 MB / 65466.5 MB
[ "16:34:10.593" ][SystemMonitor] Stats Update: CPU App: 1.04167 % | Sys: 77.6042 % | RAM App: 137.023 MB | Sys Avail: 30620.7 MB / 65466.5 MB
[ "16:34:11.593" ][SystemMonitor] Stats Update: CPU App: 0.520833 % | Sys: 73.1771 % | RAM App: 137.063 MB | Sys Avail: 30611.5 MB / 65466.5 MB
[ "16:34:12.592" ][SystemMonitor] Stats Update: CPU App: 0.520833 % | Sys: 80.7292 % | RAM App: 137.094 MB | Sys Avail: 30531.4 MB / 65466.5 MB
[ "16:34:13.585" ][SystemMonitor] Stats Update: CPU App: 0.78125 % | Sys: 89.8438 % | RAM App: 137.113 MB | Sys Avail: 30621.5 MB / 65466.5 MB
[ "16:34:14.594" ][SystemMonitor] Stats Update: CPU App: 0.78125 % | Sys: 72.1354 % | RAM App: 137.141 MB | Sys Avail: 30612.6 MB / 65466.5 MB
[ "16:34:15.586" ][SystemMonitor] Stats Update: CPU App: 1.04167 % | Sys: 64.8438 % | RAM App: 137.16 MB | Sys Avail: 30613.6 MB / 65466.5 MB
TelemetryMonitor: Processed 300 frames. Current FPS: 27
[ "16:34:16.593" ][SystemMonitor] Stats Update: CPU App: 0.78125 % | Sys: 67.7083 % | RAM App: 137.18 MB | Sys Avail: 30620.1 MB / 65466.5 MB
[ "16:34:17.586" ][SystemMonitor] Stats Update: CPU App: 0.520833 % | Sys: 74.7396 % | RAM App: 137.211 MB | Sys Avail: 30626.9 MB / 65466.5 MB
[ "16:34:18.594" ][SystemMonitor] Stats Update: CPU App: 1.04167 % | Sys: 71.3542 % | RAM App: 137.23 MB | Sys Avail: 30627.3 MB / 65466.5 MB
[ "16:34:19.585" ][SystemMonitor] Stats Update: CPU App: 1.30208 % | Sys: 71.3542 % | RAM App: 137.324 MB | Sys Avail: 30625.9 MB / 65466.5 MB
[ "16:34:20.612" ][SystemMonitor] Stats Update: CPU App: 0.769231 % | Sys: 70.7692 % | RAM App: 137.355 MB | Sys Avail: 30627.4 MB / 65466.5 MB
[ "16:34:21.593" ][SystemMonitor] Stats Update: CPU App: 1.5873 % | Sys: 70.6349 % | RAM App: 137.488 MB | Sys Avail: 30626 MB / 65466.5 MB
[ "16:34:22.590" ][SystemMonitor] Stats Update: CPU App: 0.260417 % | Sys: 59.8958 % | RAM App: 137.512 MB | Sys Avail: 30626.8 MB / 65466.5 MB
[ "16:34:23.593" ][SystemMonitor] Stats Update: CPU App: 0.260417 % | Sys: 70.0521 % | RAM App: 137.586 MB | Sys Avail: 30628 MB / 65466.5 MB
[ "16:34:24.593" ][SystemMonitor] Stats Update: CPU App: 0.520833 % | Sys: 70.5729 % | RAM App: 137.617 MB | Sys Avail: 30628.5 MB / 65466.5 MB
[ "16:34:25.586" ][SystemMonitor] Stats Update: CPU App: 0.260417 % | Sys: 69.2708 % | RAM App: 137.734 MB | Sys Avail: 30629.6 MB / 65466.5 MB
[ "16:34:26.594" ][SystemMonitor] Stats Update: CPU App: 0.520833 % | Sys: 73.1771 % | RAM App: 137.816 MB | Sys Avail: 30632.6 MB / 65466.5 MB
TelemetryMonitor: Processed 300 frames. Current FPS: 28
[ "16:34:27.593" ][SystemMonitor] Stats Update: CPU App: 0.520833 % | Sys: 60.1563 % | RAM App: 137.898 MB | Sys Avail: 30632.2 MB / 65466.5 MB
[ "16:34:28.615" ][SystemMonitor] Stats Update: CPU App: 0.252525 % | Sys: 66.4141 % | RAM App: 137.957 MB | Sys Avail: 30631 MB / 65466.5 MB
[ "16:34:29.593" ][SystemMonitor] Stats Update: CPU App: 1.07527 % | Sys: 78.2258 % | RAM App: 137.988 MB | Sys Avail: 30634.4 MB / 65466.5 MB
[ "16:34:30.589" ][SystemMonitor] Stats Update: CPU App: 1.04167 % | Sys: 65.625 % | RAM App: 138.063 MB | Sys Avail: 30626.3 MB / 65466.5 MB
[ "16:34:31.586" ][SystemMonitor] Stats Update: CPU App: 1.04167 % | Sys: 65.8854 % | RAM App: 138.141 MB | Sys Avail: 30579.3 MB / 65466.5 MB
[ "16:34:32.594" ][SystemMonitor] Stats Update: CPU App: 1.04167 % | Sys: 62.7604 % | RAM App: 138.215 MB | Sys Avail: 30574.6 MB / 65466.5 MB
[ "16:34:33.590" ][SystemMonitor] Stats Update: CPU App: 0.520833 % | Sys: 74.7396 % | RAM App: 138.289 MB | Sys Avail: 30577.6 MB / 65466.5 MB
[ "16:34:34.594" ][SystemMonitor] Stats Update: CPU App: 1.04167 % | Sys: 64.3229 % | RAM App: 138.363 MB | Sys Avail: 30513.9 MB / 65466.5 MB
[ "16:34:35.594" ][SystemMonitor] Stats Update: CPU App: 0.520833 % | Sys: 64.5833 % | RAM App: 135.844 MB | Sys Avail: 30471 MB / 65466.5 MB
[ "16:34:36.594" ][SystemMonitor] Stats Update: CPU App: 0.78125 % | Sys: 61.1979 % | RAM App: 136.066 MB | Sys Avail: 30470.9 MB / 65466.5 MB
TelemetryMonitor: Processed 300 frames. Current FPS: 29
[ "16:34:37.594" ][SystemMonitor] Stats Update: CPU App: 1.30208 % | Sys: 73.6979 % | RAM App: 136.211 MB | Sys Avail: 30470.6 MB / 65466.5 MB
[ "16:34:38.590" ][SystemMonitor] Stats Update: CPU App: 0.260417 % | Sys: 58.5938 % | RAM App: 136.223 MB | Sys Avail: 30433 MB / 65466.5 MB
[ "16:34:39.594" ][SystemMonitor] Stats Update: CPU App: 0.260417 % | Sys: 59.375 % | RAM App: 136.254 MB | Sys Avail: 30428.8 MB / 65466.5 MB
[ "16:34:40.594" ][SystemMonitor] Stats Update: CPU App: 0.78125 % | Sys: 60.1563 % | RAM App: 136.285 MB | Sys Avail: 30426 MB / 65466.5 MB
[ "16:34:41.586" ][SystemMonitor] Stats Update: CPU App: 0.520833 % | Sys: 71.6146 % | RAM App: 136.316 MB | Sys Avail: 30420.1 MB / 65466.5 MB
[ "16:34:42.586" ][SystemMonitor] Stats Update: CPU App: 1.04167 % | Sys: 82.2917 % | RAM App: 136.367 MB | Sys Avail: 30326.9 MB / 65466.5 MB
[ "16:34:43.584" ][SystemMonitor] Stats Update: CPU App: 0.78125 % | Sys: 86.7188 % | RAM App: 136.367 MB | Sys Avail: 30394 MB / 65466.5 MB
[ "16:34:44.595" ][SystemMonitor] Stats Update: CPU App: 1.04167 % | Sys: 67.4479 % | RAM App: 136.418 MB | Sys Avail: 30385.4 MB / 65466.5 MB
[ "16:34:45.594" ][SystemMonitor] Stats Update: CPU App: 0.260417 % | Sys: 83.3333 % | RAM App: 136.484 MB | Sys Avail: 30357.9 MB / 65466.5 MB
[ "16:34:46.594" ][SystemMonitor] Stats Update: CPU App: 0.520833 % | Sys: 67.4479 % | RAM App: 136.531 MB | Sys Avail: 30399 MB / 65466.5 MB
[ "16:34:47.594" ][SystemMonitor] Stats Update: CPU App: 0.260417 % | Sys: 60.1563 % | RAM App: 136.563 MB | Sys Avail: 30397.8 MB / 65466.5 MB
TelemetryMonitor: Processed 300 frames. Current FPS: 29
[ "16:34:48.611" ][SystemMonitor] Stats Update: CPU App: 1.02564 % | Sys: 83.5897 % | RAM App: 136.578 MB | Sys Avail: 30380 MB / 65466.5 MB
[ "16:34:49.595" ][SystemMonitor] Stats Update: CPU App: 0.793651 % | Sys: 62.4339 % | RAM App: 136.641 MB | Sys Avail: 30372.2 MB / 65466.5 MB
[ "16:34:50.584" ][SystemMonitor] Stats Update: CPU App: 0.78125 % | Sys: 61.1979 % | RAM App: 136.691 MB | Sys Avail: 30375.1 MB / 65466.5 MB
[ "16:34:51.595" ][SystemMonitor] Stats Update: CPU App: 1.5625 % | Sys: 76.0417 % | RAM App: 136.691 MB | Sys Avail: 30372.7 MB / 65466.5 MB
[ "16:34:52.595" ][SystemMonitor] Stats Update: CPU App: 0 % | Sys: 63.2813 % | RAM App: 136.738 MB | Sys Avail: 30374 MB / 65466.5 MB
[ "16:34:53.594" ][SystemMonitor] Stats Update: CPU App: 0.78125 % | Sys: 59.6354 % | RAM App: 136.793 MB | Sys Avail: 30372.5 MB / 65466.5 MB
[ "16:34:54.595" ][SystemMonitor] Stats Update: CPU App: 1.30208 % | Sys: 65.625 % | RAM App: 136.867 MB | Sys Avail: 30236.7 MB / 65466.5 MB
[ "16:34:55.586" ][SystemMonitor] Stats Update: CPU App: 1.04167 % | Sys: 68.4896 % | RAM App: 136.941 MB | Sys Avail: 30297.6 MB / 65466.5 MB
[ "16:34:56.594" ][SystemMonitor] Stats Update: CPU App: 0 % | Sys: 68.75 % | RAM App: 136.961 MB | Sys Avail: 30270 MB / 65466.5 MB
[ "16:34:57.586" ][SystemMonitor] Stats Update: CPU App: 0.520833 % | Sys: 68.2292 % | RAM App: 137.09 MB | Sys Avail: 30195.5 MB / 65466.5 MB
TelemetryMonitor: Processed 300 frames. Current FPS: 30
[ "16:34:58.594" ][SystemMonitor] Stats Update: CPU App: 1.04167 % | Sys: 83.3333 % | RAM App: 137.109 MB | Sys Avail: 30345 MB / 65466.5 MB
[ "16:34:59.594" ][SystemMonitor] Stats Update: CPU App: 0.260417 % | Sys: 66.4063 % | RAM App: 137.156 MB | Sys Avail: 30353.3 MB / 65466.5 MB
[ "16:35:00.591" ][SystemMonitor] Stats Update: CPU App: 0.520833 % | Sys: 64.0625 % | RAM App: 137.18 MB | Sys Avail: 30216.1 MB / 65466.5 MB
[ "16:35:01.586" ][SystemMonitor] Stats Update: CPU App: 0.78125 % | Sys: 68.75 % | RAM App: 137.203 MB | Sys Avail: 30388.9 MB / 65466.5 MB
[ "16:35:02.590" ][SystemMonitor] Stats Update: CPU App: 1.04167 % | Sys: 64.5833 % | RAM App: 137.23 MB | Sys Avail: 30366.9 MB / 65466.5 MB
[ "16:35:03.595" ][SystemMonitor] Stats Update: CPU App: 1.5625 % | Sys: 69.2708 % | RAM App: 137.25 MB | Sys Avail: 30309.5 MB / 65466.5 MB
[ "16:35:04.595" ][SystemMonitor] Stats Update: CPU App: 1.04167 % | Sys: 68.75 % | RAM App: 137.289 MB | Sys Avail: 30224.3 MB / 65466.5 MB
[ "16:35:05.587" ][SystemMonitor] Stats Update: CPU App: 0.78125 % | Sys: 66.1458 % | RAM App: 137.328 MB | Sys Avail: 30371.4 MB / 65466.5 MB
[ "16:35:06.584" ][SystemMonitor] Stats Update: CPU App: 0.78125 % | Sys: 65.625 % | RAM App: 137.371 MB | Sys Avail: 30377.5 MB / 65466.5 MB
[ "16:35:07.595" ][SystemMonitor] Stats Update: CPU App: 1.30208 % | Sys: 66.1458 % | RAM App: 137.465 MB | Sys Avail: 30264.6 MB / 65466.5 MB
TelemetryMonitor: Processed 300 frames. Current FPS: 30
[ "16:35:08.585" ][SystemMonitor] Stats Update: CPU App: 0.78125 % | Sys: 71.6146 % | RAM App: 137.488 MB | Sys Avail: 30267.8 MB / 65466.5 MB
[ "16:35:09.586" ][SystemMonitor] Stats Update: CPU App: 1.30208 % | Sys: 65.8854 % | RAM App: 137.508 MB | Sys Avail: 30347.9 MB / 65466.5 MB
[ "16:35:10.596" ][SystemMonitor] Stats Update: CPU App: 0.520833 % | Sys: 63.0208 % | RAM App: 137.531 MB | Sys Avail: 30341.2 MB / 65466.5 MB
[ "16:35:11.595" ][SystemMonitor] Stats Update: CPU App: 1.04167 % | Sys: 66.9271 % | RAM App: 137.551 MB | Sys Avail: 30212.2 MB / 65466.5 MB
[ "16:35:12.585" ][SystemMonitor] Stats Update: CPU App: 0.520833 % | Sys: 81.7708 % | RAM App: 137.57 MB | Sys Avail: 30133.7 MB / 65466.5 MB
[ "16:35:13.586" ][SystemMonitor] Stats Update: CPU App: 0.78125 % | Sys: 89.5833 % | RAM App: 137.59 MB | Sys Avail: 30370 MB / 65466.5 MB
[ "16:35:14.595" ][SystemMonitor] Stats Update: CPU App: 1.04167 % | Sys: 65.1042 % | RAM App: 137.621 MB | Sys Avail: 30293.4 MB / 65466.5 MB
[ "16:35:15.595" ][SystemMonitor] Stats Update: CPU App: 1.04167 % | Sys: 69.2708 % | RAM App: 137.664 MB | Sys Avail: 30230.3 MB / 65466.5 MB
[ "16:35:16.595" ][SystemMonitor] Stats Update: CPU App: 0.78125 % | Sys: 69.2708 % | RAM App: 137.684 MB | Sys Avail: 30370.6 MB / 65466.5 MB
[ "16:35:17.588" ][SystemMonitor] Stats Update: CPU App: 0.260417 % | Sys: 68.75 % | RAM App: 137.707 MB | Sys Avail: 30346.2 MB / 65466.5 MB
[ "16:35:18.596" ][SystemMonitor] Stats Update: CPU App: 1.04167 % | Sys: 56.25 % | RAM App: 137.727 MB | Sys Avail: 30377.1 MB / 65466.5 MB
TelemetryMonitor: Processed 300 frames. Current FPS: 30
[ "16:35:19.586" ][SystemMonitor] Stats Update: CPU App: 0.78125 % | Sys: 52.8646 % | RAM App: 137.754 MB | Sys Avail: 30372.8 MB / 65466.5 MB
[ "16:35:20.592" ][SystemMonitor] Stats Update: CPU App: 0.78125 % | Sys: 71.0938 % | RAM App: 137.773 MB | Sys Avail: 30371.1 MB / 65466.5 MB
[ "16:35:21.595" ][SystemMonitor] Stats Update: CPU App: 0.78125 % | Sys: 77.8646 % | RAM App: 137.871 MB | Sys Avail: 30370.2 MB / 65466.5 MB
[ "16:35:22.596" ][SystemMonitor] Stats Update: CPU App: 0.520833 % | Sys: 80.4688 % | RAM App: 137.902 MB | Sys Avail: 30371.4 MB / 65466.5 MB
[ "16:35:23.596" ][SystemMonitor] Stats Update: CPU App: 1.04167 % | Sys: 78.6458 % | RAM App: 138.008 MB | Sys Avail: 30367.4 MB / 65466.5 MB
[ "16:35:24.594" ][SystemMonitor] Stats Update: CPU App: 0.520833 % | Sys: 77.6042 % | RAM App: 138.043 MB | Sys Avail: 30367.9 MB / 65466.5 MB
[ "16:35:25.596" ][SystemMonitor] Stats Update: CPU App: 0.260417 % | Sys: 81.7708 % | RAM App: 138.145 MB | Sys Avail: 30365.7 MB / 65466.5 MB
[ "16:35:26.597" ][SystemMonitor] Stats Update: CPU App: 0.260417 % | Sys: 80.9896 % | RAM App: 138.168 MB | Sys Avail: 30361.3 MB / 65466.5 MB
[ "16:35:27.586" ][SystemMonitor] Stats Update: CPU App: 1.04167 % | Sys: 82.0313 % | RAM App: 138.227 MB | Sys Avail: 30357.5 MB / 65466.5 MB
[ "16:35:28.596" ][SystemMonitor] Stats Update: CPU App: 1.30208 % | Sys: 81.25 % | RAM App: 138.25 MB | Sys Avail: 30359.8 MB / 65466.5 MB
[ "16:35:29.584" ][SystemMonitor] Stats Update: CPU App: 0.78125 % | Sys: 81.25 % | RAM App: 138.27 MB | Sys Avail: 30367 MB / 65466.5 MB
TelemetryMonitor: Processed 300 frames. Current FPS: 28
[ "16:35:30.595" ][SystemMonitor] Stats Update: CPU App: 0.520833 % | Sys: 82.2917 % | RAM App: 138.289 MB | Sys Avail: 30360.1 MB / 65466.5 MB
[ "16:35:31.586" ][SystemMonitor] Stats Update: CPU App: 0.520833 % | Sys: 79.1667 % | RAM App: 138.34 MB | Sys Avail: 30360.5 MB / 65466.5 MB
[ "16:35:32.596" ][SystemMonitor] Stats Update: CPU App: 0.78125 % | Sys: 76.0417 % | RAM App: 138.363 MB | Sys Avail: 30357.5 MB / 65466.5 MB
[ "16:35:33.596" ][SystemMonitor] Stats Update: CPU App: 0.260417 % | Sys: 60.1563 % | RAM App: 138.465 MB | Sys Avail: 30364.1 MB / 65466.5 MB
[ "16:35:34.597" ][SystemMonitor] Stats Update: CPU App: 1.82292 % | Sys: 66.1458 % | RAM App: 135.996 MB | Sys Avail: 30372.8 MB / 65466.5 MB
[ "16:35:35.597" ][SystemMonitor] Stats Update: CPU App: 0.520833 % | Sys: 60.4167 % | RAM App: 136.211 MB | Sys Avail: 30381.5 MB / 65466.5 MB
[ "16:35:36.596" ][SystemMonitor] Stats Update: CPU App: 0.520833 % | Sys: 67.9688 % | RAM App: 136.246 MB | Sys Avail: 30392.6 MB / 65466.5 MB
[ "16:35:37.596" ][SystemMonitor] Stats Update: CPU App: 0.78125 % | Sys: 60.9375 % | RAM App: 136.258 MB | Sys Avail: 30392.5 MB / 65466.5 MB
[ "16:35:38.597" ][SystemMonitor] Stats Update: CPU App: 0.78125 % | Sys: 65.1042 % | RAM App: 136.297 MB | Sys Avail: 30392.5 MB / 65466.5 MB
[ "16:35:39.596" ][SystemMonitor] Stats Update: CPU App: 1.04167 % | Sys: 65.625 % | RAM App: 136.332 MB | Sys Avail: 30392.9 MB / 65466.5 MB
TelemetryMonitor: Processed 300 frames. Current FPS: 29
[ "16:35:40.596" ][SystemMonitor] Stats Update: CPU App: 1.04167 % | Sys: 65.3646 % | RAM App: 136.352 MB | Sys Avail: 30495.7 MB / 65466.5 MB
[ "16:35:41.596" ][SystemMonitor] Stats Update: CPU App: 0.78125 % | Sys: 64.3229 % | RAM App: 136.449 MB | Sys Avail: 30494 MB / 65466.5 MB
[ "16:35:42.600" ][SystemMonitor] Stats Update: CPU App: 1.30208 % | Sys: 79.6875 % | RAM App: 136.449 MB | Sys Avail: 30423 MB / 65466.5 MB
[ "16:35:43.596" ][SystemMonitor] Stats Update: CPU App: 2.34375 % | Sys: 91.6667 % | RAM App: 136.473 MB | Sys Avail: 30464.1 MB / 65466.5 MB
[ "16:35:44.588" ][SystemMonitor] Stats Update: CPU App: 1.04167 % | Sys: 66.6667 % | RAM App: 136.48 MB | Sys Avail: 30465.8 MB / 65466.5 MB
[ "16:35:45.587" ][SystemMonitor] Stats Update: CPU App: 0 % | Sys: 64.0625 % | RAM App: 136.48 MB | Sys Avail: 30465.4 MB / 65466.5 MB
[ "16:35:46.594" ][SystemMonitor] Stats Update: CPU App: 0.78125 % | Sys: 64.8438 % | RAM App: 136.488 MB | Sys Avail: 30468.9 MB / 65466.5 MB
[ "16:35:47.596" ][SystemMonitor] Stats Update: CPU App: 0.520833 % | Sys: 66.6667 % | RAM App: 136.488 MB | Sys Avail: 30469.2 MB / 65466.5 MB
[ "16:35:48.590" ][SystemMonitor] Stats Update: CPU App: 1.30208 % | Sys: 72.9167 % | RAM App: 136.492 MB | Sys Avail: 30438.4 MB / 65466.5 MB
[ "16:35:49.596" ][SystemMonitor] Stats Update: CPU App: 1.04167 % | Sys: 80.4688 % | RAM App: 136.496 MB | Sys Avail: 30448.3 MB / 65466.5 MB
[ "16:35:50.596" ][SystemMonitor] Stats Update: CPU App: 0 % | Sys: 72.6563 % | RAM App: 136.555 MB | Sys Avail: 30443.1 MB / 65466.5 MB
TelemetryMonitor: Processed 300 frames. Current FPS: 29
[ "16:35:51.585" ][SystemMonitor] Stats Update: CPU App: 1.30208 % | Sys: 75 % | RAM App: 136.609 MB | Sys Avail: 30442.6 MB / 65466.5 MB
[ "16:35:52.596" ][SystemMonitor] Stats Update: CPU App: 1.04167 % | Sys: 71.875 % | RAM App: 136.637 MB | Sys Avail: 30445 MB / 65466.5 MB
[ "16:35:53.596" ][SystemMonitor] Stats Update: CPU App: 0.78125 % | Sys: 66.9271 % | RAM App: 136.668 MB | Sys Avail: 30443.5 MB / 65466.5 MB
[ "16:35:54.594" ][SystemMonitor] Stats Update: CPU App: 1.30208 % | Sys: 68.75 % | RAM App: 136.688 MB | Sys Avail: 30458.1 MB / 65466.5 MB
[ "16:35:55.597" ][SystemMonitor] Stats Update: CPU App: 1.82292 % | Sys: 66.4063 % | RAM App: 136.816 MB | Sys Avail: 30453.9 MB / 65466.5 MB
[ "16:35:56.587" ][SystemMonitor] Stats Update: CPU App: 0.520833 % | Sys: 65.625 % | RAM App: 136.895 MB | Sys Avail: 30455.1 MB / 65466.5 MB
[ "16:35:57.596" ][SystemMonitor] Stats Update: CPU App: 0.520833 % | Sys: 62.7604 % | RAM App: 136.93 MB | Sys Avail: 30454.6 MB / 65466.5 MB
[ "16:35:58.591" ][SystemMonitor] Stats Update: CPU App: 0.78125 % | Sys: 67.1875 % | RAM App: 136.957 MB | Sys Avail: 30468.7 MB / 65466.5 MB
[ "16:35:59.597" ][SystemMonitor] Stats Update: CPU App: 1.30208 % | Sys: 74.4792 % | RAM App: 136.977 MB | Sys Avail: 30479.5 MB / 65466.5 MB
[ "16:36:00.586" ][SystemMonitor] Stats Update: CPU App: 1.04167 % | Sys: 66.1458 % | RAM App: 136.996 MB | Sys Avail: 30479.9 MB / 65466.5 MB
TelemetryMonitor: Processed 300 frames. Current FPS: 28
[ "16:36:01.597" ][SystemMonitor] Stats Update: CPU App: 1.04167 % | Sys: 69.7917 % | RAM App: 137.02 MB | Sys Avail: 30436 MB / 65466.5 MB
[ "16:36:02.590" ][SystemMonitor] Stats Update: CPU App: 0.78125 % | Sys: 61.9792 % | RAM App: 137.043 MB | Sys Avail: 30437.6 MB / 65466.5 MB
[ "16:36:03.597" ][SystemMonitor] Stats Update: CPU App: 1.30208 % | Sys: 73.4375 % | RAM App: 137.137 MB | Sys Avail: 30438.2 MB / 65466.5 MB
[ "16:36:04.597" ][SystemMonitor] Stats Update: CPU App: 1.04167 % | Sys: 70.3125 % | RAM App: 137.188 MB | Sys Avail: 30438.5 MB / 65466.5 MB
[ "16:36:05.585" ][SystemMonitor] Stats Update: CPU App: 1.04167 % | Sys: 82.8125 % | RAM App: 137.262 MB | Sys Avail: 30438 MB / 65466.5 MB
[ "16:36:06.597" ][SystemMonitor] Stats Update: CPU App: 0.520833 % | Sys: 78.3854 % | RAM App: 137.281 MB | Sys Avail: 30443.4 MB / 65466.5 MB
[ "16:36:07.587" ][SystemMonitor] Stats Update: CPU App: 1.30208 % | Sys: 61.9792 % | RAM App: 137.359 MB | Sys Avail: 30431.7 MB / 65466.5 MB
[ "16:36:08.597" ][SystemMonitor] Stats Update: CPU App: 0.260417 % | Sys: 75 % | RAM App: 137.387 MB | Sys Avail: 30447.4 MB / 65466.5 MB
[ "16:36:09.586" ][SystemMonitor] Stats Update: CPU App: 1.5625 % | Sys: 77.6042 % | RAM App: 137.465 MB | Sys Avail: 30444.3 MB / 65466.5 MB
[ "16:36:10.594" ][SystemMonitor] Stats Update: CPU App: 0.78125 % | Sys: 71.0938 % | RAM App: 137.535 MB | Sys Avail: 30449.2 MB / 65466.5 MB
[ "16:36:11.586" ][SystemMonitor] Stats Update: CPU App: 1.04167 % | Sys: 70.3125 % | RAM App: 137.609 MB | Sys Avail: 30450.6 MB / 65466.5 MB
TelemetryMonitor: Processed 300 frames. Current FPS: 29
[ "16:36:12.597" ][SystemMonitor] Stats Update: CPU App: 1.5625 % | Sys: 93.4896 % | RAM App: 137.652 MB | Sys Avail: 30341.1 MB / 65466.5 MB
[ "16:36:13.635" ][SystemMonitor] Stats Update: CPU App: 1.99005 % | Sys: 98.2587 % | RAM App: 137.684 MB | Sys Avail: 30396 MB / 65466.5 MB
[ "16:36:14.588" ][SystemMonitor] Stats Update: CPU App: 1.0929 % | Sys: 86.612 % | RAM App: 137.719 MB | Sys Avail: 30417.7 MB / 65466.5 MB
[ "16:36:15.597" ][SystemMonitor] Stats Update: CPU App: 0.520833 % | Sys: 78.6458 % | RAM App: 137.801 MB | Sys Avail: 30403.5 MB / 65466.5 MB
[ "16:36:16.591" ][SystemMonitor] Stats Update: CPU App: 0.520833 % | Sys: 80.9896 % | RAM App: 137.883 MB | Sys Avail: 30312.7 MB / 65466.5 MB
[ "16:36:17.586" ][SystemMonitor] Stats Update: CPU App: 1.5625 % | Sys: 75.2604 % | RAM App: 137.902 MB | Sys Avail: 30306.2 MB / 65466.5 MB
[ "16:36:18.584" ][SystemMonitor] Stats Update: CPU App: 2.08333 % | Sys: 76.0417 % | RAM App: 137.926 MB | Sys Avail: 30311.3 MB / 65466.5 MB
[ "16:36:19.587" ][SystemMonitor] Stats Update: CPU App: 0.520833 % | Sys: 81.5104 % | RAM App: 137.949 MB | Sys Avail: 30310.2 MB / 65466.5 MB
[ "16:36:20.598" ][SystemMonitor] Stats Update: CPU App: 0.78125 % | Sys: 66.1458 % | RAM App: 138.07 MB | Sys Avail: 30234.8 MB / 65466.5 MB
[ "16:36:21.597" ][SystemMonitor] Stats Update: CPU App: 1.04167 % | Sys: 61.9792 % | RAM App: 138.145 MB | Sys Avail: 30229.5 MB / 65466.5 MB
[ "16:36:22.597" ][SystemMonitor] Stats Update: CPU App: 1.04167 % | Sys: 59.6354 % | RAM App: 138.18 MB | Sys Avail: 30232.7 MB / 65466.5 MB
TelemetryMonitor: Processed 300 frames. Current FPS: 29
[ "16:36:23.587" ][SystemMonitor] Stats Update: CPU App: 0.78125 % | Sys: 78.9063 % | RAM App: 138.305 MB | Sys Avail: 30174.6 MB / 65466.5 MB
[ "16:36:24.598" ][SystemMonitor] Stats Update: CPU App: 1.5625 % | Sys: 84.375 % | RAM App: 138.379 MB | Sys Avail: 30099.7 MB / 65466.5 MB
[ "16:36:25.598" ][SystemMonitor] Stats Update: CPU App: 1.30208 % | Sys: 77.0833 % | RAM App: 138.461 MB | Sys Avail: 30139.8 MB / 65466.5 MB
[ "16:36:26.598" ][SystemMonitor] Stats Update: CPU App: 1.04167 % | Sys: 64.3229 % | RAM App: 138.598 MB | Sys Avail: 30142.9 MB / 65466.5 MB
[ "16:36:27.598" ][SystemMonitor] Stats Update: CPU App: 1.5625 % | Sys: 75.2604 % | RAM App: 138.781 MB | Sys Avail: 30143.2 MB / 65466.5 MB
[ "16:36:28.597" ][SystemMonitor] Stats Update: CPU App: 1.04167 % | Sys: 61.1979 % | RAM App: 138.809 MB | Sys Avail: 30144.5 MB / 65466.5 MB
[ "16:36:29.598" ][SystemMonitor] Stats Update: CPU App: 1.82292 % | Sys: 65.3646 % | RAM App: 138.938 MB | Sys Avail: 30141.7 MB / 65466.5 MB
[ "16:36:30.591" ][SystemMonitor] Stats Update: CPU App: 1.5625 % | Sys: 82.0313 % | RAM App: 139.066 MB | Sys Avail: 30140.4 MB / 65466.5 MB
[ "16:36:31.598" ][SystemMonitor] Stats Update: CPU App: 1.30208 % | Sys: 59.6354 % | RAM App: 134.723 MB | Sys Avail: 30149.6 MB / 65466.5 MB
[ "16:36:32.589" ][SystemMonitor] Stats Update: CPU App: 1.30208 % | Sys: 60.1563 % | RAM App: 134.93 MB | Sys Avail: 30151.6 MB / 65466.5 MB
TelemetryMonitor: Processed 300 frames. Current FPS: 30
[ "16:36:33.586" ][SystemMonitor] Stats Update: CPU App: 0.78125 % | Sys: 78.6458 % | RAM App: 134.996 MB | Sys Avail: 30136.8 MB / 65466.5 MB
[ "16:36:34.594" ][SystemMonitor] Stats Update: CPU App: 1.30208 % | Sys: 96.0938 % | RAM App: 135.008 MB | Sys Avail: 30083.5 MB / 65466.5 MB
[ "16:36:35.598" ][SystemMonitor] Stats Update: CPU App: 0.260417 % | Sys: 87.2396 % | RAM App: 135.063 MB | Sys Avail: 30364.4 MB / 65466.5 MB
[ "16:36:36.598" ][SystemMonitor] Stats Update: CPU App: 1.04167 % | Sys: 67.7083 % | RAM App: 135.094 MB | Sys Avail: 30510.4 MB / 65466.5 MB
[ "16:36:37.586" ][SystemMonitor] Stats Update: CPU App: 1.04167 % | Sys: 77.0833 % | RAM App: 135.121 MB | Sys Avail: 30387.5 MB / 65466.5 MB
[ "16:36:38.584" ][SystemMonitor] Stats Update: CPU App: 1.5625 % | Sys: 71.875 % | RAM App: 135.141 MB | Sys Avail: 30214.3 MB / 65466.5 MB
[ "16:36:39.598" ][SystemMonitor] Stats Update: CPU App: 0.520833 % | Sys: 64.5833 % | RAM App: 135.223 MB | Sys Avail: 30371.1 MB / 65466.5 MB
[ "16:36:40.598" ][SystemMonitor] Stats Update: CPU App: 1.04167 % | Sys: 66.4063 % | RAM App: 135.293 MB | Sys Avail: 30522.7 MB / 65466.5 MB
[ "16:36:41.586" ][SystemMonitor] Stats Update: CPU App: 0.520833 % | Sys: 67.4479 % | RAM App: 135.355 MB | Sys Avail: 30345.6 MB / 65466.5 MB
[ "16:36:42.599" ][SystemMonitor] Stats Update: CPU App: 0.520833 % | Sys: 84.6354 % | RAM App: 135.469 MB | Sys Avail: 30432.4 MB / 65466.5 MB
[ "16:36:43.585" ][SystemMonitor] Stats Update: CPU App: 0.78125 % | Sys: 94.7917 % | RAM App: 135.535 MB | Sys Avail: 30500.6 MB / 65466.5 MB
TelemetryMonitor: Processed 300 frames. Current FPS: 28
[ "16:36:44.598" ][SystemMonitor] Stats Update: CPU App: 1.04167 % | Sys: 94.5313 % | RAM App: 135.594 MB | Sys Avail: 30398.1 MB / 65466.5 MB
[ "16:36:45.617" ][SystemMonitor] Stats Update: CPU App: 0.757576 % | Sys: 99.4949 % | RAM App: 135.66 MB | Sys Avail: 30393.5 MB / 65466.5 MB
[ "16:36:46.594" ][SystemMonitor] Stats Update: CPU App: 1.6129 % | Sys: 98.3871 % | RAM App: 135.684 MB | Sys Avail: 30313.8 MB / 65466.5 MB
[ "16:36:47.602" ][SystemMonitor] Stats Update: CPU App: 0.769231 % | Sys: 90.5128 % | RAM App: 135.715 MB | Sys Avail: 30385.1 MB / 65466.5 MB
[ "16:36:48.588" ][SystemMonitor] Stats Update: CPU App: 1.32275 % | Sys: 89.1534 % | RAM App: 135.742 MB | Sys Avail: 30379.8 MB / 65466.5 MB
[ "16:36:49.585" ][SystemMonitor] Stats Update: CPU App: 1.04167 % | Sys: 93.4896 % | RAM App: 135.77 MB | Sys Avail: 30282.1 MB / 65466.5 MB
[ "16:36:50.600" ][SystemMonitor] Stats Update: CPU App: 1.04167 % | Sys: 83.0729 % | RAM App: 135.793 MB | Sys Avail: 30321.2 MB / 65466.5 MB
[ "16:36:51.586" ][SystemMonitor] Stats Update: CPU App: 2.08333 % | Sys: 79.4271 % | RAM App: 135.918 MB | Sys Avail: 30244.8 MB / 65466.5 MB
[ "16:36:52.600" ][SystemMonitor] Stats Update: CPU App: 1.02828 % | Sys: 92.8205 % | RAM App: 135.941 MB | Sys Avail: 30260.3 MB / 65466.5 MB
[ "16:36:53.587" ][SystemMonitor] Stats Update: CPU App: 1.31926 % | Sys: 95.2381 % | RAM App: 136.129 MB | Sys Avail: 30258.6 MB / 65466.5 MB
[ "16:36:54.589" ][SystemMonitor] Stats Update: CPU App: 1.04167 % | Sys: 73.9583 % | RAM App: 136.203 MB | Sys Avail: 30179.7 MB / 65466.5 MB
TelemetryMonitor: Processed 300 frames. Current FPS: 27
[ "16:36:55.585" ][SystemMonitor] Stats Update: CPU App: 1.5625 % | Sys: 68.4896 % | RAM App: 136.332 MB | Sys Avail: 30130.1 MB / 65466.5 MB
[ "16:36:56.594" ][SystemMonitor] Stats Update: CPU App: 1.30208 % | Sys: 69.5313 % | RAM App: 136.418 MB | Sys Avail: 30347.9 MB / 65466.5 MB
[ "16:36:57.599" ][SystemMonitor] Stats Update: CPU App: 1.82292 % | Sys: 77.8646 % | RAM App: 136.449 MB | Sys Avail: 30285.6 MB / 65466.5 MB
[ "16:36:58.598" ][SystemMonitor] Stats Update: CPU App: 0.78125 % | Sys: 83.5938 % | RAM App: 136.527 MB | Sys Avail: 30425.8 MB / 65466.5 MB
[ "16:36:59.586" ][SystemMonitor] Stats Update: CPU App: 1.04167 % | Sys: 77.0833 % | RAM App: 136.711 MB | Sys Avail: 30410.2 MB / 65466.5 MB
[ "16:37:00.592" ][SystemMonitor] Stats Update: CPU App: 1.04167 % | Sys: 82.2917 % | RAM App: 136.742 MB | Sys Avail: 30261.6 MB / 65466.5 MB
[ "16:37:01.600" ][SystemMonitor] Stats Update: CPU App: 1.04167 % | Sys: 81.7708 % | RAM App: 136.883 MB | Sys Avail: 30428.3 MB / 65466.5 MB
[ "16:37:02.600" ][SystemMonitor] Stats Update: CPU App: 1.28205 % | Sys: 86.1538 % | RAM App: 136.902 MB | Sys Avail: 30348.4 MB / 65466.5 MB
[ "16:37:03.601" ][SystemMonitor] Stats Update: CPU App: 0.793651 % | Sys: 99.2063 % | RAM App: 137.055 MB | Sys Avail: 30237 MB / 65466.5 MB
[ "16:37:04.593" ][SystemMonitor] Stats Update: CPU App: 1.04167 % | Sys: 96.6146 % | RAM App: 137.133 MB | Sys Avail: 30182.7 MB / 65466.5 MB
[ "16:37:05.587" ][SystemMonitor] Stats Update: CPU App: 1.04167 % | Sys: 94.5313 % | RAM App: 137.266 MB | Sys Avail: 29980.6 MB / 65466.5 MB
TelemetryMonitor: Processed 300 frames. Current FPS: 27
[ "16:37:06.586" ][SystemMonitor] Stats Update: CPU App: 1.04167 % | Sys: 72.1354 % | RAM App: 137.344 MB | Sys Avail: 30142 MB / 65466.5 MB
[ "16:37:07.598" ][SystemMonitor] Stats Update: CPU App: 0.260417 % | Sys: 72.1354 % | RAM App: 137.422 MB | Sys Avail: 30208.3 MB / 65466.5 MB
[ "16:37:08.599" ][SystemMonitor] Stats Update: CPU App: 2.86458 % | Sys: 83.0729 % | RAM App: 137.445 MB | Sys Avail: 30193.4 MB / 65466.5 MB
[ "16:37:09.600" ][SystemMonitor] Stats Update: CPU App: 1.30208 % | Sys: 97.3958 % | RAM App: 137.574 MB | Sys Avail: 30110.2 MB / 65466.5 MB
[ "16:37:10.625" ][SystemMonitor] Stats Update: CPU App: 1.26263 % | Sys: 99.2424 % | RAM App: 137.652 MB | Sys Avail: 30183.8 MB / 65466.5 MB
[ "16:37:11.599" ][SystemMonitor] Stats Update: CPU App: 0.806452 % | Sys: 97.043 % | RAM App: 137.707 MB | Sys Avail: 30093 MB / 65466.5 MB
[ "16:37:12.589" ][SystemMonitor] Stats Update: CPU App: 1.04167 % | Sys: 97.6563 % | RAM App: 137.785 MB | Sys Avail: 29989.9 MB / 65466.5 MB
[ "16:37:13.584" ][SystemMonitor] Stats Update: CPU App: 1.5625 % | Sys: 100 % | RAM App: 137.926 MB | Sys Avail: 29942.2 MB / 65466.5 MB
[ "16:37:14.591" ][SystemMonitor] Stats Update: CPU App: 0.78125 % | Sys: 98.9583 % | RAM App: 138.051 MB | Sys Avail: 29972.1 MB / 65466.5 MB
[ "16:37:15.602" ][SystemMonitor] Stats Update: CPU App: 0.515464 % | Sys: 96.6667 % | RAM App: 138.184 MB | Sys Avail: 29925.9 MB / 65466.5 MB
[ "16:37:16.589" ][SystemMonitor] Stats Update: CPU App: 0.526316 % | Sys: 98.4127 % | RAM App: 138.262 MB | Sys Avail: 29893.3 MB / 65466.5 MB
TelemetryMonitor: Processed 300 frames. Current FPS: 27
[ "16:37:17.586" ][SystemMonitor] Stats Update: CPU App: 0.260417 % | Sys: 99.4792 % | RAM App: 138.332 MB | Sys Avail: 29888.5 MB / 65466.5 MB
[ "16:37:18.594" ][SystemMonitor] Stats Update: CPU App: 1.04167 % | Sys: 97.3958 % | RAM App: 138.41 MB | Sys Avail: 29874.6 MB / 65466.5 MB
[ "16:37:19.599" ][SystemMonitor] Stats Update: CPU App: 1.54242 % | Sys: 97.9487 % | RAM App: 138.496 MB | Sys Avail: 29861.9 MB / 65466.5 MB
[ "16:37:20.599" ][SystemMonitor] Stats Update: CPU App: 0.779221 % | Sys: 96.875 % | RAM App: 138.574 MB | Sys Avail: 29841.3 MB / 65466.5 MB
[ "16:37:21.592" ][SystemMonitor] Stats Update: CPU App: 0.793651 % | Sys: 98.9418 % | RAM App: 138.668 MB | Sys Avail: 29797.5 MB / 65466.5 MB
[ "16:37:22.599" ][SystemMonitor] Stats Update: CPU App: 0.769231 % | Sys: 96.1538 % | RAM App: 138.801 MB | Sys Avail: 29791.9 MB / 65466.5 MB
[ "16:37:23.587" ][SystemMonitor] Stats Update: CPU App: 0.793651 % | Sys: 97.8836 % | RAM App: 138.832 MB | Sys Avail: 29781.2 MB / 65466.5 MB
[ "16:37:24.590" ][SystemMonitor] Stats Update: CPU App: 2.08333 % | Sys: 98.1771 % | RAM App: 138.91 MB | Sys Avail: 29748.6 MB / 65466.5 MB
[ "16:37:25.619" ][SystemMonitor] Stats Update: CPU App: 1.51515 % | Sys: 96.7172 % | RAM App: 138.996 MB | Sys Avail: 29744 MB / 65466.5 MB
[ "16:37:26.590" ][SystemMonitor] Stats Update: CPU App: 1.07527 % | Sys: 94.8925 % | RAM App: 139.129 MB | Sys Avail: 29722 MB / 65466.5 MB
[ "16:37:27.607" ][SystemMonitor] Stats Update: CPU App: 1.53846 % | Sys: 100 % | RAM App: 139.219 MB | Sys Avail: 29711 MB / 65466.5 MB
[ "16:37:28.587" ][SystemMonitor] Stats Update: CPU App: 1.5873 % | Sys: 99.2063 % | RAM App: 139.293 MB | Sys Avail: 29680.8 MB / 65466.5 MB
TelemetryMonitor: Processed 300 frames. Current FPS: 24
[ "16:37:29.587" ][SystemMonitor] Stats Update: CPU App: 1.82292 % | Sys: 100 % | RAM App: 139.328 MB | Sys Avail: 29659.5 MB / 65466.5 MB
[ "16:37:30.587" ][SystemMonitor] Stats Update: CPU App: 0.520833 % | Sys: 100 % | RAM App: 135.313 MB | Sys Avail: 29638.6 MB / 65466.5 MB
[ "16:37:31.617" ][SystemMonitor] Stats Update: CPU App: 1.0101 % | Sys: 98.9899 % | RAM App: 135.457 MB | Sys Avail: 29614.6 MB / 65466.5 MB
[ "16:37:32.592" ][SystemMonitor] Stats Update: CPU App: 1.07527 % | Sys: 96.5054 % | RAM App: 135.508 MB | Sys Avail: 29594.3 MB / 65466.5 MB
[ "16:37:33.588" ][SystemMonitor] Stats Update: CPU App: 1.04167 % | Sys: 91.4063 % | RAM App: 135.512 MB | Sys Avail: 29547.4 MB / 65466.5 MB
[ "16:37:34.600" ][SystemMonitor] Stats Update: CPU App: 1.02564 % | Sys: 91.5385 % | RAM App: 135.535 MB | Sys Avail: 29534 MB / 65466.5 MB
[ "16:37:35.600" ][SystemMonitor] Stats Update: CPU App: 1.30208 % | Sys: 88.5417 % | RAM App: 135.609 MB | Sys Avail: 29542.7 MB / 65466.5 MB
[ "16:37:36.585" ][SystemMonitor] Stats Update: CPU App: 1.32275 % | Sys: 97.8836 % | RAM App: 135.68 MB | Sys Avail: 29521.3 MB / 65466.5 MB
[ "16:37:37.600" ][SystemMonitor] Stats Update: CPU App: 0.777202 % | Sys: 92.8205 % | RAM App: 135.684 MB | Sys Avail: 29519.2 MB / 65466.5 MB
[ "16:37:38.617" ][SystemMonitor] Stats Update: CPU App: 1.52284 % | Sys: 96.9231 % | RAM App: 135.688 MB | Sys Avail: 29507.2 MB / 65466.5 MB
[ "16:37:39.595" ][SystemMonitor] Stats Update: CPU App: 0.806452 % | Sys: 92.2043 % | RAM App: 135.766 MB | Sys Avail: 29496.3 MB / 65466.5 MB
TelemetryMonitor: Processed 300 frames. Current FPS: 26
[ "16:37:40.584" ][SystemMonitor] Stats Update: CPU App: 1.5625 % | Sys: 92.9688 % | RAM App: 135.766 MB | Sys Avail: 29491.3 MB / 65466.5 MB
[ "16:37:41.589" ][SystemMonitor] Stats Update: CPU App: 1.30208 % | Sys: 95.3125 % | RAM App: 135.824 MB | Sys Avail: 29491.7 MB / 65466.5 MB
[ "16:37:42.592" ][SystemMonitor] Stats Update: CPU App: 0.520833 % | Sys: 93.4896 % | RAM App: 135.828 MB | Sys Avail: 29489.1 MB / 65466.5 MB
[ "16:37:43.587" ][SystemMonitor] Stats Update: CPU App: 0.78125 % | Sys: 92.4479 % | RAM App: 135.883 MB | Sys Avail: 29462.9 MB / 65466.5 MB
[ "16:37:44.591" ][SystemMonitor] Stats Update: CPU App: 0.520833 % | Sys: 91.9271 % | RAM App: 135.887 MB | Sys Avail: 29444.2 MB / 65466.5 MB
[ "16:37:45.587" ][SystemMonitor] Stats Update: CPU App: 0.78125 % | Sys: 90.1042 % | RAM App: 135.895 MB | Sys Avail: 29448.9 MB / 65466.5 MB
[ "16:37:46.601" ][SystemMonitor] Stats Update: CPU App: 1.02564 % | Sys: 95.1282 % | RAM App: 135.895 MB | Sys Avail: 29407.8 MB / 65466.5 MB
[ "16:37:47.601" ][SystemMonitor] Stats Update: CPU App: 0.78125 % | Sys: 92.9688 % | RAM App: 135.922 MB | Sys Avail: 29351 MB / 65466.5 MB
[ "16:37:48.591" ][SystemMonitor] Stats Update: CPU App: 0.529101 % | Sys: 92.328 % | RAM App: 135.945 MB | Sys Avail: 29308 MB / 65466.5 MB
[ "16:37:49.586" ][SystemMonitor] Stats Update: CPU App: 0.520833 % | Sys: 95.8333 % | RAM App: 136.074 MB | Sys Avail: 29296.6 MB / 65466.5 MB
[ "16:37:50.600" ][SystemMonitor] Stats Update: CPU App: 0 % | Sys: 86.9231 % | RAM App: 136.105 MB | Sys Avail: 29255.4 MB / 65466.5 MB
TelemetryMonitor: Processed 300 frames. Current FPS: 29
[ "16:37:51.585" ][SystemMonitor] Stats Update: CPU App: 0.529101 % | Sys: 90.7407 % | RAM App: 136.227 MB | Sys Avail: 29237.6 MB / 65466.5 MB
[ "16:37:52.595" ][SystemMonitor] Stats Update: CPU App: 0.520833 % | Sys: 90.3646 % | RAM App: 136.25 MB | Sys Avail: 29200.1 MB / 65466.5 MB
[ "16:37:53.587" ][SystemMonitor] Stats Update: CPU App: 0.78125 % | Sys: 99.2188 % | RAM App: 136.324 MB | Sys Avail: 29138.1 MB / 65466.5 MB
[ "16:37:54.602" ][SystemMonitor] Stats Update: CPU App: 1.28205 % | Sys: 96.6667 % | RAM App: 136.348 MB | Sys Avail: 29221.1 MB / 65466.5 MB
[ "16:37:55.587" ][SystemMonitor] Stats Update: CPU App: 0.793651 % | Sys: 94.709 % | RAM App: 136.414 MB | Sys Avail: 29248.6 MB / 65466.5 MB
[ "16:37:56.603" ][SystemMonitor] Stats Update: CPU App: 0.769231 % | Sys: 93.8462 % | RAM App: 136.438 MB | Sys Avail: 29237.4 MB / 65466.5 MB
[ "16:37:57.586" ][SystemMonitor] Stats Update: CPU App: 0.529101 % | Sys: 93.9153 % | RAM App: 136.516 MB | Sys Avail: 29183.6 MB / 65466.5 MB
[ "16:37:58.590" ][SystemMonitor] Stats Update: CPU App: 0.78125 % | Sys: 94.5313 % | RAM App: 136.535 MB | Sys Avail: 29081.9 MB / 65466.5 MB
[ "16:37:59.601" ][SystemMonitor] Stats Update: CPU App: 0.769231 % | Sys: 100 % | RAM App: 136.566 MB | Sys Avail: 28986.3 MB / 65466.5 MB
[ "16:38:00.586" ][SystemMonitor] Stats Update: CPU App: 1.0582 % | Sys: 94.1799 % | RAM App: 136.633 MB | Sys Avail: 29113.2 MB / 65466.5 MB
[ "16:38:01.587" ][SystemMonitor] Stats Update: CPU App: 1.04167 % | Sys: 94.2708 % | RAM App: 136.668 MB | Sys Avail: 29122.5 MB / 65466.5 MB
TelemetryMonitor: Processed 300 frames. Current FPS: 28
[ "16:38:02.589" ][SystemMonitor] Stats Update: CPU App: 1.30208 % | Sys: 92.1875 % | RAM App: 136.738 MB | Sys Avail: 29059.7 MB / 65466.5 MB
[ "16:38:03.601" ][SystemMonitor] Stats Update: CPU App: 0 % | Sys: 91.5385 % | RAM App: 136.773 MB | Sys Avail: 28975.1 MB / 65466.5 MB
[ "16:38:04.604" ][SystemMonitor] Stats Update: CPU App: 0.78125 % | Sys: 96.875 % | RAM App: 136.848 MB | Sys Avail: 28944.4 MB / 65466.5 MB
[ "16:38:05.584" ][SystemMonitor] Stats Update: CPU App: 0.793651 % | Sys: 93.9153 % | RAM App: 136.91 MB | Sys Avail: 28911.5 MB / 65466.5 MB
[ "16:38:06.585" ][SystemMonitor] Stats Update: CPU App: 0.520833 % | Sys: 92.1875 % | RAM App: 136.977 MB | Sys Avail: 28864.9 MB / 65466.5 MB
[ "16:38:07.586" ][SystemMonitor] Stats Update: CPU App: 0.520833 % | Sys: 93.4896 % | RAM App: 137.055 MB | Sys Avail: 28853.2 MB / 65466.5 MB
[ "16:38:08.585" ][SystemMonitor] Stats Update: CPU App: 0.260417 % | Sys: 92.4479 % | RAM App: 137.125 MB | Sys Avail: 28825.2 MB / 65466.5 MB
[ "16:38:09.602" ][SystemMonitor] Stats Update: CPU App: 0.769231 % | Sys: 93.5897 % | RAM App: 137.191 MB | Sys Avail: 28799.2 MB / 65466.5 MB
[ "16:38:10.585" ][SystemMonitor] Stats Update: CPU App: 1.32275 % | Sys: 92.8571 % | RAM App: 137.227 MB | Sys Avail: 28768.2 MB / 65466.5 MB
[ "16:38:11.586" ][SystemMonitor] Stats Update: CPU App: 1.30208 % | Sys: 92.9688 % | RAM App: 137.324 MB | Sys Avail: 28736.9 MB / 65466.5 MB
[ "16:38:12.585" ][SystemMonitor] Stats Update: CPU App: 0.78125 % | Sys: 96.875 % | RAM App: 137.406 MB | Sys Avail: 28661 MB / 65466.5 MB
TelemetryMonitor: Processed 300 frames. Current FPS: 28
[ "16:38:13.587" ][SystemMonitor] Stats Update: CPU App: 0.520833 % | Sys: 100 % | RAM App: 137.441 MB | Sys Avail: 28653 MB / 65466.5 MB
[ "16:38:14.585" ][SystemMonitor] Stats Update: CPU App: 0.78125 % | Sys: 93.75 % | RAM App: 137.473 MB | Sys Avail: 28689.8 MB / 65466.5 MB
[ "16:38:15.585" ][SystemMonitor] Stats Update: CPU App: 1.30208 % | Sys: 93.4896 % | RAM App: 137.516 MB | Sys Avail: 28635.6 MB / 65466.5 MB
[ "16:38:16.588" ][SystemMonitor] Stats Update: CPU App: 0.260417 % | Sys: 92.1875 % | RAM App: 137.598 MB | Sys Avail: 28606 MB / 65466.5 MB
[ "16:38:17.604" ][SystemMonitor] Stats Update: CPU App: 1.53846 % | Sys: 91.2821 % | RAM App: 137.645 MB | Sys Avail: 28630.1 MB / 65466.5 MB
[ "16:38:18.587" ][SystemMonitor] Stats Update: CPU App: 1.32275 % | Sys: 91.7989 % | RAM App: 137.668 MB | Sys Avail: 28594.3 MB / 65466.5 MB
[ "16:38:19.601" ][SystemMonitor] Stats Update: CPU App: 0.512821 % | Sys: 92.0513 % | RAM App: 137.699 MB | Sys Avail: 28557.1 MB / 65466.5 MB
[ "16:38:20.586" ][SystemMonitor] Stats Update: CPU App: 0.26455 % | Sys: 88.0952 % | RAM App: 137.723 MB | Sys Avail: 28586.1 MB / 65466.5 MB
[ "16:38:21.585" ][SystemMonitor] Stats Update: CPU App: 2.34375 % | Sys: 87.5 % | RAM App: 137.754 MB | Sys Avail: 28558.1 MB / 65466.5 MB
[ "16:38:22.587" ][SystemMonitor] Stats Update: CPU App: 0.78125 % | Sys: 93.75 % | RAM App: 137.813 MB | Sys Avail: 28538.2 MB / 65466.5 MB
TelemetryMonitor: Processed 300 frames. Current FPS: 29
[ "16:38:23.587" ][SystemMonitor] Stats Update: CPU App: 1.04167 % | Sys: 92.1875 % | RAM App: 137.855 MB | Sys Avail: 28505.8 MB / 65466.5 MB
[ "16:38:24.587" ][SystemMonitor] Stats Update: CPU App: 1.04167 % | Sys: 92.4479 % | RAM App: 137.875 MB | Sys Avail: 28467.5 MB / 65466.5 MB
[ "16:38:25.586" ][SystemMonitor] Stats Update: CPU App: 1.30208 % | Sys: 92.9688 % | RAM App: 137.906 MB | Sys Avail: 28464.7 MB / 65466.5 MB
[ "16:38:26.588" ][SystemMonitor] Stats Update: CPU App: 1.30208 % | Sys: 94.0104 % | RAM App: 137.957 MB | Sys Avail: 28441.8 MB / 65466.5 MB
[ "16:38:27.585" ][SystemMonitor] Stats Update: CPU App: 1.82292 % | Sys: 99.2188 % | RAM App: 137.996 MB | Sys Avail: 28446.6 MB / 65466.5 MB
[ "16:38:28.602" ][SystemMonitor] Stats Update: CPU App: 0.512821 % | Sys: 94.1026 % | RAM App: 138.027 MB | Sys Avail: 28408.3 MB / 65466.5 MB
[ "16:38:29.586" ][SystemMonitor] Stats Update: CPU App: 0.793651 % | Sys: 98.6772 % | RAM App: 135.633 MB | Sys Avail: 28418.7 MB / 65466.5 MB
[ "16:38:30.585" ][SystemMonitor] Stats Update: CPU App: 0.520833 % | Sys: 95.0521 % | RAM App: 135.809 MB | Sys Avail: 28435.5 MB / 65466.5 MB
[ "16:38:31.585" ][SystemMonitor] Stats Update: CPU App: 1.30208 % | Sys: 91.9271 % | RAM App: 135.863 MB | Sys Avail: 28354.3 MB / 65466.5 MB
[ "16:38:32.585" ][SystemMonitor] Stats Update: CPU App: 0.78125 % | Sys: 92.4479 % | RAM App: 135.906 MB | Sys Avail: 28377.6 MB / 65466.5 MB
[ "16:38:33.585" ][SystemMonitor] Stats Update: CPU App: 0.520833 % | Sys: 91.1458 % | RAM App: 135.922 MB | Sys Avail: 28490.5 MB / 65466.5 MB
TelemetryMonitor: Processed 300 frames. Current FPS: 29
[ "16:38:34.588" ][SystemMonitor] Stats Update: CPU App: 0.260417 % | Sys: 94.7917 % | RAM App: 135.941 MB | Sys Avail: 28463.8 MB / 65466.5 MB
[ "16:38:35.602" ][SystemMonitor] Stats Update: CPU App: 1.02564 % | Sys: 89.7436 % | RAM App: 135.973 MB | Sys Avail: 28404.9 MB / 65466.5 MB
[ "16:38:36.585" ][SystemMonitor] Stats Update: CPU App: 0 % | Sys: 89.9471 % | RAM App: 136.031 MB | Sys Avail: 28366.1 MB / 65466.5 MB
[ "16:38:37.602" ][SystemMonitor] Stats Update: CPU App: 0.25641 % | Sys: 96.9231 % | RAM App: 136.035 MB | Sys Avail: 28345.1 MB / 65466.5 MB
[ "16:38:38.585" ][SystemMonitor] Stats Update: CPU App: 0.26455 % | Sys: 96.2963 % | RAM App: 136.148 MB | Sys Avail: 28317.5 MB / 65466.5 MB
[ "16:38:39.585" ][SystemMonitor] Stats Update: CPU App: 1.04167 % | Sys: 96.0938 % | RAM App: 136.164 MB | Sys Avail: 28316.1 MB / 65466.5 MB
[ "16:38:40.586" ][SystemMonitor] Stats Update: CPU App: 1.04167 % | Sys: 94.5313 % | RAM App: 136.219 MB | Sys Avail: 28275.6 MB / 65466.5 MB
[ "16:38:41.585" ][SystemMonitor] Stats Update: CPU App: 0.260417 % | Sys: 90.3646 % | RAM App: 136.234 MB | Sys Avail: 28205.1 MB / 65466.5 MB
[ "16:38:42.585" ][SystemMonitor] Stats Update: CPU App: 1.30208 % | Sys: 96.875 % | RAM App: 136.289 MB | Sys Avail: 28148.8 MB / 65466.5 MB
[ "16:38:43.603" ][SystemMonitor] Stats Update: CPU App: 0.512821 % | Sys: 100 % | RAM App: 136.297 MB | Sys Avail: 28112.3 MB / 65466.5 MB
[ "16:38:44.586" ][SystemMonitor] Stats Update: CPU App: 1.0582 % | Sys: 97.8836 % | RAM App: 136.313 MB | Sys Avail: 28165 MB / 65466.5 MB
TelemetryMonitor: Processed 300 frames. Current FPS: 28
[ "16:38:45.586" ][SystemMonitor] Stats Update: CPU App: 0.78125 % | Sys: 89.5833 % | RAM App: 136.316 MB | Sys Avail: 28061.6 MB / 65466.5 MB
[ "16:38:46.586" ][SystemMonitor] Stats Update: CPU App: 1.30208 % | Sys: 89.8438 % | RAM App: 136.344 MB | Sys Avail: 28058 MB / 65466.5 MB
[ "16:38:47.599" ][SystemMonitor] Stats Update: CPU App: 0.260417 % | Sys: 92.9688 % | RAM App: 136.367 MB | Sys Avail: 27997.6 MB / 65466.5 MB
[ "16:38:48.585" ][SystemMonitor] Stats Update: CPU App: 1.04167 % | Sys: 97.6563 % | RAM App: 136.398 MB | Sys Avail: 27945.5 MB / 65466.5 MB
[ "16:38:49.586" ][SystemMonitor] Stats Update: CPU App: 0.520833 % | Sys: 87.5 % | RAM App: 136.426 MB | Sys Avail: 27901.2 MB / 65466.5 MB
[ "16:38:50.586" ][SystemMonitor] Stats Update: CPU App: 0.78125 % | Sys: 90.3646 % | RAM App: 136.504 MB | Sys Avail: 27906.4 MB / 65466.5 MB
[ "16:38:51.586" ][SystemMonitor] Stats Update: CPU App: 0.78125 % | Sys: 94.7917 % | RAM App: 136.598 MB | Sys Avail: 27896.9 MB / 65466.5 MB
[ "16:38:52.586" ][SystemMonitor] Stats Update: CPU App: 1.30208 % | Sys: 90.8854 % | RAM App: 136.617 MB | Sys Avail: 27848.9 MB / 65466.5 MB
[ "16:38:53.586" ][SystemMonitor] Stats Update: CPU App: 1.82292 % | Sys: 93.75 % | RAM App: 136.664 MB | Sys Avail: 27821.9 MB / 65466.5 MB
[ "16:38:54.586" ][SystemMonitor] Stats Update: CPU App: 0.260417 % | Sys: 88.5417 % | RAM App: 136.688 MB | Sys Avail: 27776.1 MB / 65466.5 MB
[ "16:38:55.586" ][SystemMonitor] Stats Update: CPU App: 1.04167 % | Sys: 90.8854 % | RAM App: 136.707 MB | Sys Avail: 27626.2 MB / 65466.5 MB
TelemetryMonitor: Processed 300 frames. Current FPS: 29
[ "16:38:56.586" ][SystemMonitor] Stats Update: CPU App: 0.78125 % | Sys: 91.4063 % | RAM App: 136.734 MB | Sys Avail: 27424.5 MB / 65466.5 MB
[ "16:38:57.590" ][SystemMonitor] Stats Update: CPU App: 1.5625 % | Sys: 95.0521 % | RAM App: 136.789 MB | Sys Avail: 27344.2 MB / 65466.5 MB
[ "16:38:58.586" ][SystemMonitor] Stats Update: CPU App: 1.04167 % | Sys: 95.0521 % | RAM App: 136.813 MB | Sys Avail: 27547.9 MB / 65466.5 MB
[ "16:38:59.603" ][SystemMonitor] Stats Update: CPU App: 1.02564 % | Sys: 95.641 % | RAM App: 136.883 MB | Sys Avail: 27541.6 MB / 65466.5 MB
[ "16:39:00.586" ][SystemMonitor] Stats Update: CPU App: 1.0582 % | Sys: 93.9153 % | RAM App: 136.949 MB | Sys Avail: 27601.5 MB / 65466.5 MB
[ "16:39:01.604" ][SystemMonitor] Stats Update: CPU App: 0.512821 % | Sys: 94.6154 % | RAM App: 136.977 MB | Sys Avail: 27682.5 MB / 65466.5 MB
[ "16:39:02.586" ][SystemMonitor] Stats Update: CPU App: 0.793651 % | Sys: 93.6508 % | RAM App: 137.055 MB | Sys Avail: 27614.5 MB / 65466.5 MB
[ "16:39:03.586" ][SystemMonitor] Stats Update: CPU App: 0.78125 % | Sys: 97.1354 % | RAM App: 137.086 MB | Sys Avail: 27657.6 MB / 65466.5 MB
[ "16:39:04.586" ][SystemMonitor] Stats Update: CPU App: 0.78125 % | Sys: 93.2292 % | RAM App: 137.16 MB | Sys Avail: 27653.2 MB / 65466.5 MB
[ "16:39:05.587" ][SystemMonitor] Stats Update: CPU App: 1.04167 % | Sys: 91.6667 % | RAM App: 137.184 MB | Sys Avail: 27530 MB / 65466.5 MB
TelemetryMonitor: Processed 300 frames. Current FPS: 29
[ "16:39:06.587" ][SystemMonitor] Stats Update: CPU App: 0.520833 % | Sys: 92.4479 % | RAM App: 137.254 MB | Sys Avail: 27449.4 MB / 65466.5 MB
[ "16:39:07.586" ][SystemMonitor] Stats Update: CPU App: 0.260417 % | Sys: 94.7917 % | RAM App: 137.277 MB | Sys Avail: 27605.3 MB / 65466.5 MB
[ "16:39:08.587" ][SystemMonitor] Stats Update: CPU App: 1.04167 % | Sys: 93.2292 % | RAM App: 137.34 MB | Sys Avail: 27576.9 MB / 65466.5 MB
[ "16:39:09.587" ][SystemMonitor] Stats Update: CPU App: 1.82292 % | Sys: 95.0521 % | RAM App: 137.375 MB | Sys Avail: 27451.1 MB / 65466.5 MB
[ "16:39:10.603" ][SystemMonitor] Stats Update: CPU App: 0.512821 % | Sys: 92.8205 % | RAM App: 137.438 MB | Sys Avail: 27281.7 MB / 65466.5 MB
[ "16:39:11.587" ][SystemMonitor] Stats Update: CPU App: 1.32275 % | Sys: 91.5344 % | RAM App: 137.461 MB | Sys Avail: 27160.7 MB / 65466.5 MB
[ "16:39:12.588" ][SystemMonitor] Stats Update: CPU App: 0.520833 % | Sys: 94.2708 % | RAM App: 137.512 MB | Sys Avail: 27014.4 MB / 65466.5 MB
[ "16:39:13.586" ][SystemMonitor] Stats Update: CPU App: 0.520833 % | Sys: 90.3646 % | RAM App: 137.543 MB | Sys Avail: 26797.6 MB / 65466.5 MB
[ "16:39:14.586" ][SystemMonitor] Stats Update: CPU App: 0.78125 % | Sys: 59.8958 % | RAM App: 137.617 MB | Sys Avail: 26733.1 MB / 65466.5 MB
[ "16:39:15.587" ][SystemMonitor] Stats Update: CPU App: 0.520833 % | Sys: 89.0625 % | RAM App: 137.645 MB | Sys Avail: 26716.8 MB / 65466.5 MB
[ "16:39:16.586" ][SystemMonitor] Stats Update: CPU App: 1.04167 % | Sys: 92.4479 % | RAM App: 137.723 MB | Sys Avail: 26552.9 MB / 65466.5 MB
TelemetryMonitor: Processed 300 frames. Current FPS: 30
[ "16:39:17.586" ][SystemMonitor] Stats Update: CPU App: 0.78125 % | Sys: 91.1458 % | RAM App: 137.754 MB | Sys Avail: 26421.8 MB / 65466.5 MB
[ "16:39:18.589" ][SystemMonitor] Stats Update: CPU App: 0.520833 % | Sys: 96.6146 % | RAM App: 137.793 MB | Sys Avail: 26509.6 MB / 65466.5 MB
[ "16:39:19.607" ][SystemMonitor] Stats Update: CPU App: 0.25641 % | Sys: 98.9744 % | RAM App: 137.832 MB | Sys Avail: 26750.2 MB / 65466.5 MB
[ "16:39:20.587" ][SystemMonitor] Stats Update: CPU App: 1.0582 % | Sys: 97.8836 % | RAM App: 137.867 MB | Sys Avail: 26877 MB / 65466.5 MB
[ "16:39:21.588" ][SystemMonitor] Stats Update: CPU App: 0.78125 % | Sys: 95.8333 % | RAM App: 137.898 MB | Sys Avail: 27130.3 MB / 65466.5 MB
[ "16:39:22.603" ][SystemMonitor] Stats Update: CPU App: 0.25641 % | Sys: 97.4359 % | RAM App: 137.977 MB | Sys Avail: 27194.6 MB / 65466.5 MB
[ "16:39:23.587" ][SystemMonitor] Stats Update: CPU App: 0.793651 % | Sys: 96.8254 % | RAM App: 138.059 MB | Sys Avail: 26996.4 MB / 65466.5 MB
[ "16:39:24.587" ][SystemMonitor] Stats Update: CPU App: 0.520833 % | Sys: 89.3229 % | RAM App: 138.133 MB | Sys Avail: 27005.2 MB / 65466.5 MB
[ "16:39:25.586" ][SystemMonitor] Stats Update: CPU App: 0.260417 % | Sys: 78.125 % | RAM App: 138.211 MB | Sys Avail: 27379.5 MB / 65466.5 MB
[ "16:39:26.603" ][SystemMonitor] Stats Update: CPU App: 0.769231 % | Sys: 69.2308 % | RAM App: 138.289 MB | Sys Avail: 27594.3 MB / 65466.5 MB
[ "16:39:27.587" ][SystemMonitor] Stats Update: CPU App: 0.529101 % | Sys: 94.9735 % | RAM App: 138.375 MB | Sys Avail: 27656.2 MB / 65466.5 MB
TelemetryMonitor: Processed 300 frames. Current FPS: 29
[ "16:39:28.585" ][SystemMonitor] Stats Update: CPU App: 0.78125 % | Sys: 96.875 % | RAM App: 134.41 MB | Sys Avail: 27605.4 MB / 65466.5 MB
[ "16:39:29.585" ][SystemMonitor] Stats Update: CPU App: 0.78125 % | Sys: 98.6979 % | RAM App: 134.637 MB | Sys Avail: 27589.5 MB / 65466.5 MB
[ "16:39:30.587" ][SystemMonitor] Stats Update: CPU App: 0.78125 % | Sys: 98.6979 % | RAM App: 134.746 MB | Sys Avail: 27581.6 MB / 65466.5 MB
[ "16:39:31.586" ][SystemMonitor] Stats Update: CPU App: 0.520833 % | Sys: 97.3958 % | RAM App: 134.809 MB | Sys Avail: 27378.4 MB / 65466.5 MB
[ "16:39:32.608" ][SystemMonitor] Stats Update: CPU App: 0.769231 % | Sys: 95.1282 % | RAM App: 134.875 MB | Sys Avail: 27379.6 MB / 65466.5 MB
[ "16:39:33.586" ][SystemMonitor] Stats Update: CPU App: 0.529101 % | Sys: 98.9418 % | RAM App: 134.898 MB | Sys Avail: 27363.6 MB / 65466.5 MB
[ "16:39:34.588" ][SystemMonitor] Stats Update: CPU App: 0.260417 % | Sys: 99.2188 % | RAM App: 134.922 MB | Sys Avail: 27491.3 MB / 65466.5 MB
[ "16:39:35.589" ][SystemMonitor] Stats Update: CPU App: 0.520833 % | Sys: 96.875 % | RAM App: 134.977 MB | Sys Avail: 27456.7 MB / 65466.5 MB
[ "16:39:36.588" ][SystemMonitor] Stats Update: CPU App: 1.30208 % | Sys: 96.875 % | RAM App: 135.039 MB | Sys Avail: 27464.7 MB / 65466.5 MB
[ "16:39:37.587" ][SystemMonitor] Stats Update: CPU App: 0.520833 % | Sys: 99.2188 % | RAM App: 135.051 MB | Sys Avail: 27193.1 MB / 65466.5 MB
[ "16:39:38.588" ][SystemMonitor] Stats Update: CPU App: 1.04167 % | Sys: 98.4375 % | RAM App: 135.059 MB | Sys Avail: 27232.6 MB / 65466.5 MB
TelemetryMonitor: Processed 300 frames. Current FPS: 27
[ "16:39:39.587" ][SystemMonitor] Stats Update: CPU App: 0.78125 % | Sys: 99.4792 % | RAM App: 135.07 MB | Sys Avail: 27274.1 MB / 65466.5 MB
[ "16:39:40.588" ][SystemMonitor] Stats Update: CPU App: 0.78125 % | Sys: 98.6979 % | RAM App: 135.129 MB | Sys Avail: 27312.2 MB / 65466.5 MB
[ "16:39:41.588" ][SystemMonitor] Stats Update: CPU App: 0.520833 % | Sys: 98.6979 % | RAM App: 135.137 MB | Sys Avail: 27258.5 MB / 65466.5 MB
[ "16:39:42.592" ][SystemMonitor] Stats Update: CPU App: 0.78125 % | Sys: 100 % | RAM App: 135.145 MB | Sys Avail: 27178.6 MB / 65466.5 MB
[ "16:39:43.588" ][SystemMonitor] Stats Update: CPU App: 0.520833 % | Sys: 100 % | RAM App: 135.152 MB | Sys Avail: 27115.5 MB / 65466.5 MB
[ "16:39:44.586" ][SystemMonitor] Stats Update: CPU App: 0.520833 % | Sys: 99.7396 % | RAM App: 135.16 MB | Sys Avail: 27258 MB / 65466.5 MB
[ "16:39:45.588" ][SystemMonitor] Stats Update: CPU App: 1.04167 % | Sys: 92.4479 % | RAM App: 135.168 MB | Sys Avail: 27148.9 MB / 65466.5 MB
[ "16:39:46.588" ][SystemMonitor] Stats Update: CPU App: 1.30208 % | Sys: 92.7083 % | RAM App: 135.23 MB | Sys Avail: 27149.8 MB / 65466.5 MB
[ "16:39:47.586" ][SystemMonitor] Stats Update: CPU App: 1.30208 % | Sys: 89.3229 % | RAM App: 135.266 MB | Sys Avail: 27131.4 MB / 65466.5 MB
[ "16:39:48.588" ][SystemMonitor] Stats Update: CPU App: 1.30208 % | Sys: 91.9271 % | RAM App: 135.289 MB | Sys Avail: 27144.3 MB / 65466.5 MB
[ "16:39:49.588" ][SystemMonitor] Stats Update: CPU App: 0.78125 % | Sys: 92.1875 % | RAM App: 135.32 MB | Sys Avail: 27140.2 MB / 65466.5 MB
TelemetryMonitor: Processed 300 frames. Current FPS: 28
[ "16:39:50.588" ][SystemMonitor] Stats Update: CPU App: 0.520833 % | Sys: 90.625 % | RAM App: 135.395 MB | Sys Avail: 27287.3 MB / 65466.5 MB
[ "16:39:51.587" ][SystemMonitor] Stats Update: CPU App: 0.520833 % | Sys: 96.3542 % | RAM App: 135.379 MB | Sys Avail: 27360.4 MB / 65466.5 MB
[ "16:39:52.607" ][SystemMonitor] Stats Update: CPU App: 0.25641 % | Sys: 91.0256 % | RAM App: 135.457 MB | Sys Avail: 27375.6 MB / 65466.5 MB
[ "16:39:53.584" ][SystemMonitor] Stats Update: CPU App: 0.793651 % | Sys: 94.9735 % | RAM App: 135.488 MB | Sys Avail: 27242.6 MB / 65466.5 MB
[ "16:39:54.588" ][SystemMonitor] Stats Update: CPU App: 0.78125 % | Sys: 91.9271 % | RAM App: 135.559 MB | Sys Avail: 27326.3 MB / 65466.5 MB
[ "16:39:55.588" ][SystemMonitor] Stats Update: CPU App: 1.04167 % | Sys: 90.3646 % | RAM App: 135.594 MB | Sys Avail: 27411.3 MB / 65466.5 MB
[ "16:39:56.591" ][SystemMonitor] Stats Update: CPU App: 1.04167 % | Sys: 91.1458 % | RAM App: 135.668 MB | Sys Avail: 27446.2 MB / 65466.5 MB
[ "16:39:57.588" ][SystemMonitor] Stats Update: CPU App: 1.04167 % | Sys: 93.2292 % | RAM App: 135.707 MB | Sys Avail: 27466.6 MB / 65466.5 MB
[ "16:39:58.585" ][SystemMonitor] Stats Update: CPU App: 0.520833 % | Sys: 91.9271 % | RAM App: 135.781 MB | Sys Avail: 27470.3 MB / 65466.5 MB
[ "16:39:59.586" ][SystemMonitor] Stats Update: CPU App: 1.30208 % | Sys: 94.5313 % | RAM App: 135.805 MB | Sys Avail: 27520.5 MB / 65466.5 MB
[ "16:40:00.584" ][SystemMonitor] Stats Update: CPU App: 1.04167 % | Sys: 92.9688 % | RAM App: 135.836 MB | Sys Avail: 27510.1 MB / 65466.5 MB
TelemetryMonitor: Processed 300 frames. Current FPS: 27
[ "16:40:01.587" ][SystemMonitor] Stats Update: CPU App: 0.78125 % | Sys: 89.0625 % | RAM App: 135.863 MB | Sys Avail: 27485.4 MB / 65466.5 MB
[ "16:40:02.607" ][SystemMonitor] Stats Update: CPU App: 0.512821 % | Sys: 91.2821 % | RAM App: 135.945 MB | Sys Avail: 27461.9 MB / 65466.5 MB
[ "16:40:03.587" ][SystemMonitor] Stats Update: CPU App: 0.793651 % | Sys: 92.8571 % | RAM App: 135.98 MB | Sys Avail: 27445.9 MB / 65466.5 MB
[ "16:40:04.588" ][SystemMonitor] Stats Update: CPU App: 0.520833 % | Sys: 90.8854 % | RAM App: 136.051 MB | Sys Avail: 27442.3 MB / 65466.5 MB
[ "16:40:05.587" ][SystemMonitor] Stats Update: CPU App: 1.04167 % | Sys: 93.2292 % | RAM App: 136.094 MB | Sys Avail: 27450.8 MB / 65466.5 MB
[ "16:40:06.588" ][SystemMonitor] Stats Update: CPU App: 0.78125 % | Sys: 88.8021 % | RAM App: 136.164 MB | Sys Avail: 27466.7 MB / 65466.5 MB
[ "16:40:07.587" ][SystemMonitor] Stats Update: CPU App: 1.04167 % | Sys: 92.1875 % | RAM App: 136.199 MB | Sys Avail: 27434.6 MB / 65466.5 MB
[ "16:40:08.589" ][SystemMonitor] Stats Update: CPU App: 1.04167 % | Sys: 91.9271 % | RAM App: 136.281 MB | Sys Avail: 27414.3 MB / 65466.5 MB
[ "16:40:09.587" ][SystemMonitor] Stats Update: CPU App: 1.04167 % | Sys: 89.8438 % | RAM App: 136.316 MB | Sys Avail: 27412.3 MB / 65466.5 MB
[ "16:40:10.588" ][SystemMonitor] Stats Update: CPU App: 1.04167 % | Sys: 90.3646 % | RAM App: 136.391 MB | Sys Avail: 27375.8 MB / 65466.5 MB
[ "16:40:11.605" ][SystemMonitor] Stats Update: CPU App: 1.02564 % | Sys: 94.8718 % | RAM App: 136.434 MB | Sys Avail: 27376.6 MB / 65466.5 MB
TelemetryMonitor: Processed 300 frames. Current FPS: 27
[ "16:40:12.590" ][SystemMonitor] Stats Update: CPU App: 0.793651 % | Sys: 95.7672 % | RAM App: 136.508 MB | Sys Avail: 27338.5 MB / 65466.5 MB
[ "16:40:13.587" ][SystemMonitor] Stats Update: CPU App: 0.78125 % | Sys: 100 % | RAM App: 136.535 MB | Sys Avail: 27314.1 MB / 65466.5 MB
[ "16:40:14.589" ][SystemMonitor] Stats Update: CPU App: 0.260417 % | Sys: 96.3542 % | RAM App: 136.609 MB | Sys Avail: 27376.1 MB / 65466.5 MB
[ "16:40:15.587" ][SystemMonitor] Stats Update: CPU App: 1.30208 % | Sys: 91.9271 % | RAM App: 136.645 MB | Sys Avail: 27377.1 MB / 65466.5 MB
[ "16:40:16.587" ][SystemMonitor] Stats Update: CPU App: 0.260417 % | Sys: 90.3646 % | RAM App: 136.723 MB | Sys Avail: 27347.9 MB / 65466.5 MB
[ "16:40:17.586" ][SystemMonitor] Stats Update: CPU App: 1.04167 % | Sys: 90.1042 % | RAM App: 136.762 MB | Sys Avail: 27338.4 MB / 65466.5 MB
[ "16:40:18.592" ][SystemMonitor] Stats Update: CPU App: 0.260417 % | Sys: 95.5729 % | RAM App: 136.836 MB | Sys Avail: 27344.6 MB / 65466.5 MB
[ "16:40:19.586" ][SystemMonitor] Stats Update: CPU App: 0.520833 % | Sys: 96.875 % | RAM App: 136.863 MB | Sys Avail: 27352.8 MB / 65466.5 MB
[ "16:40:20.589" ][SystemMonitor] Stats Update: CPU App: 0.78125 % | Sys: 93.2292 % | RAM App: 136.938 MB | Sys Avail: 27292.2 MB / 65466.5 MB
[ "16:40:21.588" ][SystemMonitor] Stats Update: CPU App: 0.78125 % | Sys: 91.9271 % | RAM App: 136.969 MB | Sys Avail: 27286 MB / 65466.5 MB
[ "16:40:22.589" ][SystemMonitor] Stats Update: CPU App: 0.260417 % | Sys: 88.8021 % | RAM App: 137.043 MB | Sys Avail: 27289.2 MB / 65466.5 MB
TelemetryMonitor: Processed 300 frames. Current FPS: 27
[ "16:40:23.587" ][SystemMonitor] Stats Update: CPU App: 0.520833 % | Sys: 90.3646 % | RAM App: 137.078 MB | Sys Avail: 27324.2 MB / 65466.5 MB
[ "16:40:24.589" ][SystemMonitor] Stats Update: CPU App: 2.08333 % | Sys: 93.75 % | RAM App: 137.156 MB | Sys Avail: 27323.3 MB / 65466.5 MB
[ "16:40:25.588" ][SystemMonitor] Stats Update: CPU App: 0.260417 % | Sys: 93.2292 % | RAM App: 137.184 MB | Sys Avail: 27213.3 MB / 65466.5 MB
[ "16:40:26.589" ][SystemMonitor] Stats Update: CPU App: 0.78125 % | Sys: 91.1458 % | RAM App: 137.258 MB | Sys Avail: 27196.5 MB / 65466.5 MB
[ "16:40:27.589" ][SystemMonitor] Stats Update: CPU App: 0.260417 % | Sys: 89.0625 % | RAM App: 137.293 MB | Sys Avail: 27166.3 MB / 65466.5 MB
[ "16:40:28.589" ][SystemMonitor] Stats Update: CPU App: 0.520833 % | Sys: 91.9271 % | RAM App: 135.426 MB | Sys Avail: 27177.1 MB / 65466.5 MB
[ "16:40:29.589" ][SystemMonitor] Stats Update: CPU App: 0.520833 % | Sys: 95.3125 % | RAM App: 135.539 MB | Sys Avail: 27105.1 MB / 65466.5 MB
[ "16:40:30.607" ][SystemMonitor] Stats Update: CPU App: 0.25641 % | Sys: 93.8462 % | RAM App: 135.582 MB | Sys Avail: 27096.6 MB / 65466.5 MB
[ "16:40:31.589" ][SystemMonitor] Stats Update: CPU App: 0.793651 % | Sys: 91.5344 % | RAM App: 135.586 MB | Sys Avail: 27085.6 MB / 65466.5 MB
[ "16:40:32.589" ][SystemMonitor] Stats Update: CPU App: 0.78125 % | Sys: 93.2292 % | RAM App: 135.586 MB | Sys Avail: 27077.7 MB / 65466.5 MB
[ "16:40:33.590" ][SystemMonitor] Stats Update: CPU App: 1.30208 % | Sys: 90.3646 % | RAM App: 135.645 MB | Sys Avail: 27064.6 MB / 65466.5 MB
TelemetryMonitor: Processed 300 frames. Current FPS: 27
[ "16:40:34.589" ][SystemMonitor] Stats Update: CPU App: 1.04167 % | Sys: 89.0625 % | RAM App: 135.645 MB | Sys Avail: 27062.4 MB / 65466.5 MB
[ "16:40:35.587" ][SystemMonitor] Stats Update: CPU App: 0.520833 % | Sys: 93.2292 % | RAM App: 135.672 MB | Sys Avail: 27054.2 MB / 65466.5 MB
[ "16:40:36.589" ][SystemMonitor] Stats Update: CPU App: 0.78125 % | Sys: 94.0104 % | RAM App: 135.691 MB | Sys Avail: 27036 MB / 65466.5 MB
[ "16:40:37.589" ][SystemMonitor] Stats Update: CPU App: 0.78125 % | Sys: 90.3646 % | RAM App: 135.707 MB | Sys Avail: 26910.8 MB / 65466.5 MB
[ "16:40:38.606" ][SystemMonitor] Stats Update: CPU App: 0.25641 % | Sys: 92.0513 % | RAM App: 135.707 MB | Sys Avail: 26914.7 MB / 65466.5 MB
[ "16:40:39.593" ][SystemMonitor] Stats Update: CPU App: 0.529101 % | Sys: 91.5344 % | RAM App: 135.715 MB | Sys Avail: 26838.8 MB / 65466.5 MB
[ "16:40:40.589" ][SystemMonitor] Stats Update: CPU App: 0 % | Sys: 94.5313 % | RAM App: 135.715 MB | Sys Avail: 26790.5 MB / 65466.5 MB
[ "16:40:41.590" ][SystemMonitor] Stats Update: CPU App: 0 % | Sys: 90.1042 % | RAM App: 135.723 MB | Sys Avail: 26778.6 MB / 65466.5 MB
[ "16:40:42.590" ][SystemMonitor] Stats Update: CPU App: 0.520833 % | Sys: 92.9688 % | RAM App: 135.766 MB | Sys Avail: 26694 MB / 65466.5 MB
[ "16:40:43.590" ][SystemMonitor] Stats Update: CPU App: 0.78125 % | Sys: 100 % | RAM App: 135.773 MB | Sys Avail: 26667.4 MB / 65466.5 MB
[ "16:40:44.592" ][SystemMonitor] Stats Update: CPU App: 0.78125 % | Sys: 96.875 % | RAM App: 135.828 MB | Sys Avail: 26685.8 MB / 65466.5 MB
TelemetryMonitor: Processed 300 frames. Current FPS: 27
[ "16:40:45.590" ][SystemMonitor] Stats Update: CPU App: 0.78125 % | Sys: 94.5313 % | RAM App: 135.84 MB | Sys Avail: 26654.9 MB / 65466.5 MB
[ "16:40:46.590" ][SystemMonitor] Stats Update: CPU App: 0.78125 % | Sys: 94.5313 % | RAM App: 135.895 MB | Sys Avail: 26651.4 MB / 65466.5 MB
[ "16:40:47.590" ][SystemMonitor] Stats Update: CPU App: 0.78125 % | Sys: 91.6667 % | RAM App: 135.898 MB | Sys Avail: 26754.5 MB / 65466.5 MB
[ "16:40:48.585" ][SystemMonitor] Stats Update: CPU App: 0.520833 % | Sys: 91.6667 % | RAM App: 135.941 MB | Sys Avail: 26577.6 MB / 65466.5 MB
[ "16:40:49.589" ][SystemMonitor] Stats Update: CPU App: 1.5625 % | Sys: 93.75 % | RAM App: 135.965 MB | Sys Avail: 26560.7 MB / 65466.5 MB
[ "16:40:50.589" ][SystemMonitor] Stats Update: CPU App: 0.520833 % | Sys: 92.7083 % | RAM App: 136.027 MB | Sys Avail: 26537.2 MB / 65466.5 MB
[ "16:40:51.586" ][SystemMonitor] Stats Update: CPU App: 0.260417 % | Sys: 92.9688 % | RAM App: 136.051 MB | Sys Avail: 26559.6 MB / 65466.5 MB
[ "16:40:52.589" ][SystemMonitor] Stats Update: CPU App: 0.520833 % | Sys: 93.4896 % | RAM App: 136.086 MB | Sys Avail: 26606.6 MB / 65466.5 MB
[ "16:40:53.587" ][SystemMonitor] Stats Update: CPU App: 0.78125 % | Sys: 90.8854 % | RAM App: 136.113 MB | Sys Avail: 26735.8 MB / 65466.5 MB
[ "16:40:54.590" ][SystemMonitor] Stats Update: CPU App: 0.520833 % | Sys: 92.9688 % | RAM App: 136.148 MB | Sys Avail: 26569.7 MB / 65466.5 MB
[ "16:40:55.586" ][SystemMonitor] Stats Update: CPU App: 0.260417 % | Sys: 94.0104 % | RAM App: 136.172 MB | Sys Avail: 26747.2 MB / 65466.5 MB
TelemetryMonitor: Processed 300 frames. Current FPS: 28
[ "16:40:56.590" ][SystemMonitor] Stats Update: CPU App: 0.520833 % | Sys: 95.8333 % | RAM App: 136.199 MB | Sys Avail: 26744.4 MB / 65466.5 MB
[ "16:40:57.591" ][SystemMonitor] Stats Update: CPU App: 0.260417 % | Sys: 92.4479 % | RAM App: 136.227 MB | Sys Avail: 26646.1 MB / 65466.5 MB
[ "16:40:58.590" ][SystemMonitor] Stats Update: CPU App: 0.520833 % | Sys: 90.625 % | RAM App: 136.258 MB | Sys Avail: 26593 MB / 65466.5 MB
[ "16:40:59.675" ][SystemMonitor] Stats Update: CPU App: 2.41546 % | Sys: 92.7536 % | RAM App: 136.277 MB | Sys Avail: 26737.2 MB / 65466.5 MB
[ "16:41:00.656" ][SystemMonitor] Stats Update: CPU App: 0.793651 % | Sys: 94.4444 % | RAM App: 136.313 MB | Sys Avail: 26774.9 MB / 65466.5 MB
[ "16:41:01.679" ][SystemMonitor] Stats Update: CPU App: 0.512821 % | Sys: 96.9231 % | RAM App: 136.332 MB | Sys Avail: 26705.6 MB / 65466.5 MB
[ "16:41:02.660" ][SystemMonitor] Stats Update: CPU App: 0.793651 % | Sys: 98.9418 % | RAM App: 136.434 MB | Sys Avail: 26739.2 MB / 65466.5 MB
[ "16:41:03.674" ][SystemMonitor] Stats Update: CPU App: 1.02564 % | Sys: 94.1026 % | RAM App: 136.457 MB | Sys Avail: 26824.6 MB / 65466.5 MB
[ "16:41:04.666" ][SystemMonitor] Stats Update: CPU App: 0.78534 % | Sys: 97.3958 % | RAM App: 136.492 MB | Sys Avail: 26844.6 MB / 65466.5 MB
[ "16:41:05.659" ][SystemMonitor] Stats Update: CPU App: 1.31579 % | Sys: 95.5026 % | RAM App: 136.516 MB | Sys Avail: 26699.8 MB / 65466.5 MB
TelemetryMonitor: Processed 300 frames. Current FPS: 27
[ "16:41:06.675" ][SystemMonitor] Stats Update: CPU App: 0.769231 % | Sys: 91.2821 % | RAM App: 136.594 MB | Sys Avail: 26651.1 MB / 65466.5 MB
[ "16:41:07.659" ][SystemMonitor] Stats Update: CPU App: 0.26455 % | Sys: 91.2698 % | RAM App: 136.617 MB | Sys Avail: 26829.8 MB / 65466.5 MB
[ "16:41:08.650" ][SystemMonitor] Stats Update: CPU App: 1.04167 % | Sys: 79.9479 % | RAM App: 136.645 MB | Sys Avail: 26772.8 MB / 65466.5 MB
[ "16:41:09.658" ][SystemMonitor] Stats Update: CPU App: 0.520833 % | Sys: 95.8333 % | RAM App: 136.664 MB | Sys Avail: 26745 MB / 65466.5 MB
[ "16:41:10.658" ][SystemMonitor] Stats Update: CPU App: 0.520833 % | Sys: 89.5833 % | RAM App: 136.695 MB | Sys Avail: 26667.1 MB / 65466.5 MB
[ "16:41:11.659" ][SystemMonitor] Stats Update: CPU App: 0.520833 % | Sys: 93.2292 % | RAM App: 136.719 MB | Sys Avail: 26634.6 MB / 65466.5 MB
[ "16:41:12.660" ][SystemMonitor] Stats Update: CPU App: 0.78125 % | Sys: 97.6563 % | RAM App: 136.75 MB | Sys Avail: 26479.7 MB / 65466.5 MB
[ "16:41:13.655" ][SystemMonitor] Stats Update: CPU App: 1.04167 % | Sys: 93.4896 % | RAM App: 136.773 MB | Sys Avail: 26307.8 MB / 65466.5 MB
[ "16:41:14.654" ][SystemMonitor] Stats Update: CPU App: 1.04167 % | Sys: 97.1354 % | RAM App: 136.852 MB | Sys Avail: 26200.2 MB / 65466.5 MB
[ "16:41:15.652" ][SystemMonitor] Stats Update: CPU App: 1.82292 % | Sys: 95.5729 % | RAM App: 136.875 MB | Sys Avail: 26063.5 MB / 65466.5 MB
[ "16:41:16.658" ][SystemMonitor] Stats Update: CPU App: 0.78125 % | Sys: 91.9271 % | RAM App: 136.953 MB | Sys Avail: 25873.8 MB / 65466.5 MB
TelemetryMonitor: Processed 300 frames. Current FPS: 28
[ "16:41:17.663" ][SystemMonitor] Stats Update: CPU App: 2.07792 % | Sys: 80.7692 % | RAM App: 136.977 MB | Sys Avail: 26072.9 MB / 65466.5 MB
[ "16:41:18.654" ][SystemMonitor] Stats Update: CPU App: 0.261097 % | Sys: 60.3175 % | RAM App: 137.051 MB | Sys Avail: 26476.3 MB / 65466.5 MB
[ "16:41:19.657" ][SystemMonitor] Stats Update: CPU App: 0.78125 % | Sys: 58.8542 % | RAM App: 137.078 MB | Sys Avail: 26592.3 MB / 65466.5 MB
[ "16:41:20.690" ][SystemMonitor] Stats Update: CPU App: 1.26263 % | Sys: 78.0303 % | RAM App: 137.148 MB | Sys Avail: 26543.3 MB / 65466.5 MB
[ "16:41:21.654" ][SystemMonitor] Stats Update: CPU App: 2.41935 % | Sys: 88.7097 % | RAM App: 137.176 MB | Sys Avail: 26676.1 MB / 65466.5 MB
[ "16:41:22.665" ][SystemMonitor] Stats Update: CPU App: 1.5625 % | Sys: 97.9167 % | RAM App: 137.258 MB | Sys Avail: 26664 MB / 65466.5 MB
[ "16:41:23.664" ][SystemMonitor] Stats Update: CPU App: 1.04167 % | Sys: 97.1354 % | RAM App: 137.289 MB | Sys Avail: 26658.3 MB / 65466.5 MB
[ "16:41:24.654" ][SystemMonitor] Stats Update: CPU App: 1.04167 % | Sys: 96.0938 % | RAM App: 137.316 MB | Sys Avail: 26652.5 MB / 65466.5 MB
[ "16:41:25.666" ][SystemMonitor] Stats Update: CPU App: 0.78125 % | Sys: 98.1771 % | RAM App: 137.348 MB | Sys Avail: 26655.1 MB / 65466.5 MB
[ "16:41:26.653" ][SystemMonitor] Stats Update: CPU App: 2.08333 % | Sys: 96.3542 % | RAM App: 137.547 MB | Sys Avail: 26636.4 MB / 65466.5 MB
[ "16:41:27.663" ][SystemMonitor] Stats Update: CPU App: 1.30208 % | Sys: 98.1771 % | RAM App: 137.59 MB | Sys Avail: 26587.2 MB / 65466.5 MB
TelemetryMonitor: Processed 300 frames. Current FPS: 25
[ "16:41:28.668" ][SystemMonitor] Stats Update: CPU App: 1.02564 % | Sys: 98.9744 % | RAM App: 135.773 MB | Sys Avail: 26593.5 MB / 65466.5 MB
[ "16:41:29.655" ][SystemMonitor] Stats Update: CPU App: 0.26455 % | Sys: 97.3545 % | RAM App: 135.832 MB | Sys Avail: 26579.6 MB / 65466.5 MB
[ "16:41:30.675" ][SystemMonitor] Stats Update: CPU App: 0.769231 % | Sys: 97.6923 % | RAM App: 135.848 MB | Sys Avail: 26580.4 MB / 65466.5 MB
[ "16:41:31.659" ][SystemMonitor] Stats Update: CPU App: 0.793651 % | Sys: 98.9418 % | RAM App: 135.91 MB | Sys Avail: 26558.4 MB / 65466.5 MB
[ "16:41:32.661" ][SystemMonitor] Stats Update: CPU App: 0.78125 % | Sys: 96.875 % | RAM App: 135.934 MB | Sys Avail: 26559.5 MB / 65466.5 MB
[ "16:41:33.675" ][SystemMonitor] Stats Update: CPU App: 1.28205 % | Sys: 95.1282 % | RAM App: 136.016 MB | Sys Avail: 26536.8 MB / 65466.5 MB
[ "16:41:34.662" ][SystemMonitor] Stats Update: CPU App: 1.0582 % | Sys: 96.2963 % | RAM App: 136.027 MB | Sys Avail: 26530.2 MB / 65466.5 MB
[ "16:41:35.677" ][SystemMonitor] Stats Update: CPU App: 1.02564 % | Sys: 99.7436 % | RAM App: 136.09 MB | Sys Avail: 26524.9 MB / 65466.5 MB
[ "16:41:36.667" ][SystemMonitor] Stats Update: CPU App: 0.793651 % | Sys: 99.7361 % | RAM App: 136.098 MB | Sys Avail: 26622.2 MB / 65466.5 MB
[ "16:41:37.660" ][SystemMonitor] Stats Update: CPU App: 1.04167 % | Sys: 100 % | RAM App: 136.16 MB | Sys Avail: 26812.9 MB / 65466.5 MB
[ "16:41:38.652" ][SystemMonitor] Stats Update: CPU App: 1.04167 % | Sys: 96.0938 % | RAM App: 136.227 MB | Sys Avail: 26888.9 MB / 65466.5 MB
TelemetryMonitor: Processed 300 frames. Current FPS: 27
[ "16:41:39.664" ][SystemMonitor] Stats Update: CPU App: 1.30208 % | Sys: 90.625 % | RAM App: 136.23 MB | Sys Avail: 26872.3 MB / 65466.5 MB
[ "16:41:40.651" ][SystemMonitor] Stats Update: CPU App: 1.5625 % | Sys: 89.3229 % | RAM App: 136.246 MB | Sys Avail: 26955.6 MB / 65466.5 MB
[ "16:41:41.649" ][SystemMonitor] Stats Update: CPU App: 1.5625 % | Sys: 92.1875 % | RAM App: 136.258 MB | Sys Avail: 26921.7 MB / 65466.5 MB
[ "16:41:42.662" ][SystemMonitor] Stats Update: CPU App: 1.30208 % | Sys: 94.7917 % | RAM App: 136.316 MB | Sys Avail: 26850.7 MB / 65466.5 MB
[ "16:41:43.668" ][SystemMonitor] Stats Update: CPU App: 0.78125 % | Sys: 99.7396 % | RAM App: 136.371 MB | Sys Avail: 26789.5 MB / 65466.5 MB
[ "16:41:44.667" ][SystemMonitor] Stats Update: CPU App: 0.520833 % | Sys: 92.1875 % | RAM App: 136.379 MB | Sys Avail: 26859.5 MB / 65466.5 MB
[ "16:41:45.663" ][SystemMonitor] Stats Update: CPU App: 1.30208 % | Sys: 90.625 % | RAM App: 136.465 MB | Sys Avail: 26840.3 MB / 65466.5 MB
[ "16:41:46.658" ][SystemMonitor] Stats Update: CPU App: 0.78125 % | Sys: 89.5833 % | RAM App: 136.527 MB | Sys Avail: 26810.8 MB / 65466.5 MB
[ "16:41:47.652" ][SystemMonitor] Stats Update: CPU App: 0.78125 % | Sys: 91.6667 % | RAM App: 136.609 MB | Sys Avail: 26822.4 MB / 65466.5 MB
[ "16:41:48.667" ][SystemMonitor] Stats Update: CPU App: 1.30208 % | Sys: 96.3542 % | RAM App: 136.645 MB | Sys Avail: 26819.3 MB / 65466.5 MB
[ "16:41:49.665" ][SystemMonitor] Stats Update: CPU App: 1.02564 % | Sys: 94.359 % | RAM App: 136.68 MB | Sys Avail: 26801 MB / 65466.5 MB
TelemetryMonitor: Processed 300 frames. Current FPS: 28
[ "16:41:50.665" ][SystemMonitor] Stats Update: CPU App: 0.78125 % | Sys: 91.9271 % | RAM App: 136.758 MB | Sys Avail: 26799.8 MB / 65466.5 MB
[ "16:41:51.651" ][SystemMonitor] Stats Update: CPU App: 1.32275 % | Sys: 93.3862 % | RAM App: 136.785 MB | Sys Avail: 26812.6 MB / 65466.5 MB
[ "16:41:52.665" ][SystemMonitor] Stats Update: CPU App: 1.04167 % | Sys: 89.8438 % | RAM App: 136.863 MB | Sys Avail: 26804.9 MB / 65466.5 MB
[ "16:41:53.658" ][SystemMonitor] Stats Update: CPU App: 1.04167 % | Sys: 90.625 % | RAM App: 136.941 MB | Sys Avail: 26793.5 MB / 65466.5 MB
[ "16:41:54.661" ][SystemMonitor] Stats Update: CPU App: 0.78125 % | Sys: 88.0208 % | RAM App: 136.973 MB | Sys Avail: 26787.8 MB / 65466.5 MB
[ "16:41:55.654" ][SystemMonitor] Stats Update: CPU App: 0.260417 % | Sys: 89.0625 % | RAM App: 137.012 MB | Sys Avail: 26806.2 MB / 65466.5 MB
[ "16:41:56.681" ][SystemMonitor] Stats Update: CPU App: 1.79487 % | Sys: 89.7436 % | RAM App: 137.09 MB | Sys Avail: 26820.6 MB / 65466.5 MB
[ "16:41:57.652" ][SystemMonitor] Stats Update: CPU App: 0.529101 % | Sys: 91.0053 % | RAM App: 137.129 MB | Sys Avail: 26805.5 MB / 65466.5 MB
[ "16:41:58.661" ][SystemMonitor] Stats Update: CPU App: 0 % | Sys: 93.4896 % | RAM App: 137.207 MB | Sys Avail: 26806.5 MB / 65466.5 MB
[ "16:41:59.665" ][SystemMonitor] Stats Update: CPU App: 1.5625 % | Sys: 92.9688 % | RAM App: 137.238 MB | Sys Avail: 26785.1 MB / 65466.5 MB
[ "16:42:00.659" ][SystemMonitor] Stats Update: CPU App: 1.04167 % | Sys: 89.5833 % | RAM App: 137.309 MB | Sys Avail: 26781.9 MB / 65466.5 MB
TelemetryMonitor: Processed 300 frames. Current FPS: 28
[ "16:42:01.658" ][SystemMonitor] Stats Update: CPU App: 1.04167 % | Sys: 96.6146 % | RAM App: 137.332 MB | Sys Avail: 26791.6 MB / 65466.5 MB
[ "16:42:02.660" ][SystemMonitor] Stats Update: CPU App: 0.78125 % | Sys: 94.0104 % | RAM App: 137.398 MB | Sys Avail: 26790.6 MB / 65466.5 MB
[ "16:42:03.655" ][SystemMonitor] Stats Update: CPU App: 1.5625 % | Sys: 91.6667 % | RAM App: 137.438 MB | Sys Avail: 26798.6 MB / 65466.5 MB
[ "16:42:04.653" ][SystemMonitor] Stats Update: CPU App: 1.5625 % | Sys: 94.7917 % | RAM App: 137.535 MB | Sys Avail: 26801.7 MB / 65466.5 MB
[ "16:42:05.668" ][SystemMonitor] Stats Update: CPU App: 0.769231 % | Sys: 97.1795 % | RAM App: 137.559 MB | Sys Avail: 26780.5 MB / 65466.5 MB
[ "16:42:06.660" ][SystemMonitor] Stats Update: CPU App: 1.32275 % | Sys: 94.4444 % | RAM App: 137.648 MB | Sys Avail: 26779.8 MB / 65466.5 MB
[ "16:42:07.651" ][SystemMonitor] Stats Update: CPU App: 1.04167 % | Sys: 91.4063 % | RAM App: 137.672 MB | Sys Avail: 26782.2 MB / 65466.5 MB
[ "16:42:08.663" ][SystemMonitor] Stats Update: CPU App: 0.260417 % | Sys: 92.4479 % | RAM App: 137.738 MB | Sys Avail: 26787.6 MB / 65466.5 MB
[ "16:42:09.660" ][SystemMonitor] Stats Update: CPU App: 1.04167 % | Sys: 94.7917 % | RAM App: 137.77 MB | Sys Avail: 26769.1 MB / 65466.5 MB
[ "16:42:10.656" ][SystemMonitor] Stats Update: CPU App: 1.04167 % | Sys: 91.1458 % | RAM App: 137.832 MB | Sys Avail: 26776.4 MB / 65466.5 MB
[ "16:42:11.662" ][SystemMonitor] Stats Update: CPU App: 1.82292 % | Sys: 90.1042 % | RAM App: 137.871 MB | Sys Avail: 26737.2 MB / 65466.5 MB
TelemetryMonitor: Processed 300 frames. Current FPS: 28
[ "16:42:12.667" ][SystemMonitor] Stats Update: CPU App: 1.53846 % | Sys: 94.1026 % | RAM App: 137.941 MB | Sys Avail: 26661.9 MB / 65466.5 MB
[ "16:42:13.658" ][SystemMonitor] Stats Update: CPU App: 1.5873 % | Sys: 100 % | RAM App: 137.984 MB | Sys Avail: 26648.8 MB / 65466.5 MB
[ "16:42:14.660" ][SystemMonitor] Stats Update: CPU App: 1.30208 % | Sys: 93.4896 % | RAM App: 138.004 MB | Sys Avail: 26699.9 MB / 65466.5 MB
[ "16:42:15.672" ][SystemMonitor] Stats Update: CPU App: 0.771208 % | Sys: 88.9744 % | RAM App: 138.031 MB | Sys Avail: 26649.5 MB / 65466.5 MB
[ "16:42:16.661" ][SystemMonitor] Stats Update: CPU App: 0.527704 % | Sys: 92.8571 % | RAM App: 138.105 MB | Sys Avail: 26629.6 MB / 65466.5 MB
[ "16:42:17.663" ][SystemMonitor] Stats Update: CPU App: 1.5625 % | Sys: 90.1042 % | RAM App: 138.133 MB | Sys Avail: 26596.5 MB / 65466.5 MB
[ "16:42:18.668" ][SystemMonitor] Stats Update: CPU App: 0.512821 % | Sys: 93.5897 % | RAM App: 138.281 MB | Sys Avail: 26612.8 MB / 65466.5 MB
[ "16:42:19.661" ][SystemMonitor] Stats Update: CPU App: 1.0582 % | Sys: 89.418 % | RAM App: 138.309 MB | Sys Avail: 26591 MB / 65466.5 MB
[ "16:42:20.668" ][SystemMonitor] Stats Update: CPU App: 0.779221 % | Sys: 88.9744 % | RAM App: 138.332 MB | Sys Avail: 26559.6 MB / 65466.5 MB
[ "16:42:21.655" ][SystemMonitor] Stats Update: CPU App: 0.78329 % | Sys: 93.1217 % | RAM App: 138.359 MB | Sys Avail: 26546 MB / 65466.5 MB
TelemetryMonitor: Processed 300 frames. Current FPS: 28
[ "16:42:22.650" ][SystemMonitor] Stats Update: CPU App: 1.82292 % | Sys: 91.9271 % | RAM App: 138.379 MB | Sys Avail: 26546.7 MB / 65466.5 MB
[ "16:42:23.669" ][SystemMonitor] Stats Update: CPU App: 0.512821 % | Sys: 91.2821 % | RAM App: 138.414 MB | Sys Avail: 26528.8 MB / 65466.5 MB
[ "16:42:24.664" ][SystemMonitor] Stats Update: CPU App: 0.793651 % | Sys: 93.3862 % | RAM App: 138.445 MB | Sys Avail: 26514.2 MB / 65466.5 MB
[ "16:42:25.662" ][SystemMonitor] Stats Update: CPU App: 1.30208 % | Sys: 93.75 % | RAM App: 138.469 MB | Sys Avail: 26535.9 MB / 65466.5 MB
[ "16:42:26.660" ][SystemMonitor] Stats Update: CPU App: 1.04167 % | Sys: 89.5833 % | RAM App: 138.535 MB | Sys Avail: 26527.1 MB / 65466.5 MB
[ "16:42:27.656" ][SystemMonitor] Stats Update: CPU App: 0.78125 % | Sys: 93.2292 % | RAM App: 134.684 MB | Sys Avail: 26529.9 MB / 65466.5 MB
[ "16:42:28.665" ][SystemMonitor] Stats Update: CPU App: 1.82292 % | Sys: 90.8854 % | RAM App: 134.859 MB | Sys Avail: 26490.1 MB / 65466.5 MB
[ "16:42:29.664" ][SystemMonitor] Stats Update: CPU App: 1.04167 % | Sys: 93.2292 % | RAM App: 134.98 MB | Sys Avail: 26415.5 MB / 65466.5 MB
[ "16:42:30.669" ][SystemMonitor] Stats Update: CPU App: 1.02564 % | Sys: 88.9744 % | RAM App: 134.98 MB | Sys Avail: 26409.4 MB / 65466.5 MB
[ "16:42:31.661" ][SystemMonitor] Stats Update: CPU App: 1.5873 % | Sys: 93.1217 % | RAM App: 135.059 MB | Sys Avail: 26445.6 MB / 65466.5 MB
[ "16:42:32.660" ][SystemMonitor] Stats Update: CPU App: 1.04167 % | Sys: 94.2708 % | RAM App: 135.082 MB | Sys Avail: 26435.2 MB / 65466.5 MB
TelemetryMonitor: Processed 300 frames. Current FPS: 28
[ "16:42:33.661" ][SystemMonitor] Stats Update: CPU App: 1.5625 % | Sys: 91.6667 % | RAM App: 135.152 MB | Sys Avail: 26377 MB / 65466.5 MB
[ "16:42:34.662" ][SystemMonitor] Stats Update: CPU App: 0.777202 % | Sys: 92.5641 % | RAM App: 135.219 MB | Sys Avail: 26316.1 MB / 65466.5 MB
[ "16:42:35.671" ][SystemMonitor] Stats Update: CPU App: 0.773196 % | Sys: 91.6667 % | RAM App: 135.285 MB | Sys Avail: 26314.3 MB / 65466.5 MB
[ "16:42:36.661" ][SystemMonitor] Stats Update: CPU App: 1.5873 % | Sys: 89.6825 % | RAM App: 135.293 MB | Sys Avail: 26304.3 MB / 65466.5 MB
[ "16:42:37.653" ][SystemMonitor] Stats Update: CPU App: 1.04167 % | Sys: 93.75 % | RAM App: 135.359 MB | Sys Avail: 26279.7 MB / 65466.5 MB
[ "16:42:38.661" ][SystemMonitor] Stats Update: CPU App: 1.30208 % | Sys: 95.8333 % | RAM App: 135.367 MB | Sys Avail: 26191 MB / 65466.5 MB
[ "16:42:39.653" ][SystemMonitor] Stats Update: CPU App: 1.30208 % | Sys: 90.1042 % | RAM App: 135.43 MB | Sys Avail: 26154.6 MB / 65466.5 MB
[ "16:42:40.661" ][SystemMonitor] Stats Update: CPU App: 0.520833 % | Sys: 90.3646 % | RAM App: 135.488 MB | Sys Avail: 26116.4 MB / 65466.5 MB
[ "16:42:41.656" ][SystemMonitor] Stats Update: CPU App: 0.78125 % | Sys: 94.7917 % | RAM App: 135.5 MB | Sys Avail: 26108 MB / 65466.5 MB
[ "16:42:42.662" ][SystemMonitor] Stats Update: CPU App: 0.260417 % | Sys: 90.8854 % | RAM App: 135.559 MB | Sys Avail: 26096.9 MB / 65466.5 MB
[ "16:42:43.663" ][SystemMonitor] Stats Update: CPU App: 2.05128 % | Sys: 91.7949 % | RAM App: 135.582 MB | Sys Avail: 26105.8 MB / 65466.5 MB
TelemetryMonitor: Processed 300 frames. Current FPS: 28
[ "16:42:44.665" ][SystemMonitor] Stats Update: CPU App: 1.32275 % | Sys: 93.9153 % | RAM App: 135.648 MB | Sys Avail: 26051.4 MB / 65466.5 MB
[ "16:42:45.672" ][SystemMonitor] Stats Update: CPU App: 1.28205 % | Sys: 100 % | RAM App: 135.688 MB | Sys Avail: 26011 MB / 65466.5 MB
[ "16:42:46.668" ][SystemMonitor] Stats Update: CPU App: 1.04167 % | Sys: 94.5313 % | RAM App: 135.781 MB | Sys Avail: 26124.2 MB / 65466.5 MB
[ "16:42:47.654" ][SystemMonitor] Stats Update: CPU App: 0.26455 % | Sys: 91.2698 % | RAM App: 135.828 MB | Sys Avail: 26114 MB / 65466.5 MB
[ "16:42:48.666" ][SystemMonitor] Stats Update: CPU App: 0.520833 % | Sys: 91.9271 % | RAM App: 135.852 MB | Sys Avail: 26111.2 MB / 65466.5 MB
[ "16:42:49.653" ][SystemMonitor] Stats Update: CPU App: 1.04167 % | Sys: 93.75 % | RAM App: 135.902 MB | Sys Avail: 26103 MB / 65466.5 MB
[ "16:42:50.662" ][SystemMonitor] Stats Update: CPU App: 1.30208 % | Sys: 93.75 % | RAM App: 135.934 MB | Sys Avail: 26057.6 MB / 65466.5 MB
[ "16:42:51.667" ][SystemMonitor] Stats Update: CPU App: 1.28205 % | Sys: 90.7692 % | RAM App: 135.957 MB | Sys Avail: 26048.9 MB / 65466.5 MB
[ "16:42:52.657" ][SystemMonitor] Stats Update: CPU App: 0.793651 % | Sys: 91.5344 % | RAM App: 135.992 MB | Sys Avail: 26022.1 MB / 65466.5 MB
[ "16:42:53.655" ][SystemMonitor] Stats Update: CPU App: 1.5625 % | Sys: 95.3125 % | RAM App: 136.039 MB | Sys Avail: 26041.3 MB / 65466.5 MB
[ "16:42:54.668" ][SystemMonitor] Stats Update: CPU App: 0.769231 % | Sys: 90.2564 % | RAM App: 136.117 MB | Sys Avail: 26073.7 MB / 65466.5 MB
TelemetryMonitor: Processed 300 frames. Current FPS: 28
[ "16:42:55.652" ][SystemMonitor] Stats Update: CPU App: 0.793651 % | Sys: 88.6243 % | RAM App: 136.168 MB | Sys Avail: 26066.9 MB / 65466.5 MB
[ "16:42:56.662" ][SystemMonitor] Stats Update: CPU App: 0.520833 % | Sys: 89.0625 % | RAM App: 136.246 MB | Sys Avail: 26071.7 MB / 65466.5 MB
[ "16:42:57.663" ][SystemMonitor] Stats Update: CPU App: 1.5625 % | Sys: 66.4063 % | RAM App: 136.281 MB | Sys Avail: 26080 MB / 65466.5 MB
[ "16:42:58.684" ][SystemMonitor] Stats Update: CPU App: 1.78571 % | Sys: 93.1818 % | RAM App: 136.355 MB | Sys Avail: 26003 MB / 65466.5 MB
[ "16:42:59.661" ][SystemMonitor] Stats Update: CPU App: 1.32979 % | Sys: 91.9355 % | RAM App: 136.395 MB | Sys Avail: 25815.2 MB / 65466.5 MB
[ "16:43:00.650" ][SystemMonitor] Stats Update: CPU App: 1.5625 % | Sys: 92.4479 % | RAM App: 136.477 MB | Sys Avail: 25945 MB / 65466.5 MB
[ "16:43:01.660" ][SystemMonitor] Stats Update: CPU App: 1.04167 % | Sys: 93.2292 % | RAM App: 136.523 MB | Sys Avail: 26083.8 MB / 65466.5 MB
[ "16:43:02.657" ][SystemMonitor] Stats Update: CPU App: 1.82292 % | Sys: 94.0104 % | RAM App: 136.676 MB | Sys Avail: 25958.2 MB / 65466.5 MB
[ "16:43:03.655" ][SystemMonitor] Stats Update: CPU App: 0.520833 % | Sys: 92.9688 % | RAM App: 136.715 MB | Sys Avail: 26103.9 MB / 65466.5 MB
[ "16:43:04.656" ][SystemMonitor] Stats Update: CPU App: 1.5625 % | Sys: 91.4063 % | RAM App: 136.793 MB | Sys Avail: 26136.3 MB / 65466.5 MB
TelemetryMonitor: Processed 300 frames. Current FPS: 29
[ "16:43:05.661" ][SystemMonitor] Stats Update: CPU App: 0.78125 % | Sys: 92.7083 % | RAM App: 136.824 MB | Sys Avail: 26040.1 MB / 65466.5 MB
[ "16:43:06.652" ][SystemMonitor] Stats Update: CPU App: 1.30208 % | Sys: 96.0938 % | RAM App: 136.906 MB | Sys Avail: 26056.1 MB / 65466.5 MB
[ "16:43:07.664" ][SystemMonitor] Stats Update: CPU App: 0.25641 % | Sys: 95.641 % | RAM App: 136.945 MB | Sys Avail: 26081.5 MB / 65466.5 MB
[ "16:43:08.664" ][SystemMonitor] Stats Update: CPU App: 1.5873 % | Sys: 98.9418 % | RAM App: 137.027 MB | Sys Avail: 26035.9 MB / 65466.5 MB
[ "16:43:09.667" ][SystemMonitor] Stats Update: CPU App: 0.769231 % | Sys: 93.8462 % | RAM App: 137.074 MB | Sys Avail: 25941.4 MB / 65466.5 MB
[ "16:43:10.653" ][SystemMonitor] Stats Update: CPU App: 0.793651 % | Sys: 92.328 % | RAM App: 137.105 MB | Sys Avail: 25929.7 MB / 65466.5 MB
[ "16:43:11.661" ][SystemMonitor] Stats Update: CPU App: 1.04167 % | Sys: 90.1042 % | RAM App: 137.152 MB | Sys Avail: 26056.8 MB / 65466.5 MB
[ "16:43:12.660" ][SystemMonitor] Stats Update: CPU App: 1.5625 % | Sys: 91.1458 % | RAM App: 137.234 MB | Sys Avail: 26028.3 MB / 65466.5 MB
[ "16:43:13.653" ][SystemMonitor] Stats Update: CPU App: 0.78125 % | Sys: 91.9271 % | RAM App: 137.281 MB | Sys Avail: 25900.6 MB / 65466.5 MB
[ "16:43:14.673" ][SystemMonitor] Stats Update: CPU App: 1.28205 % | Sys: 92.5641 % | RAM App: 137.363 MB | Sys Avail: 25958 MB / 65466.5 MB
[ "16:43:15.672" ][SystemMonitor] Stats Update: CPU App: 0.529101 % | Sys: 100 % | RAM App: 137.414 MB | Sys Avail: 25964.9 MB / 65466.5 MB
TelemetryMonitor: Processed 300 frames. Current FPS: 27
[ "16:43:16.668" ][SystemMonitor] Stats Update: CPU App: 0 % | Sys: 93.4896 % | RAM App: 137.488 MB | Sys Avail: 26042.2 MB / 65466.5 MB
[ "16:43:17.662" ][SystemMonitor] Stats Update: CPU App: 1.30208 % | Sys: 92.1875 % | RAM App: 137.543 MB | Sys Avail: 25906.8 MB / 65466.5 MB
[ "16:43:18.672" ][SystemMonitor] Stats Update: CPU App: 1.28205 % | Sys: 96.1538 % | RAM App: 137.688 MB | Sys Avail: 26050.9 MB / 65466.5 MB
[ "16:43:19.659" ][SystemMonitor] Stats Update: CPU App: 0.529101 % | Sys: 95.5026 % | RAM App: 137.719 MB | Sys Avail: 25984.1 MB / 65466.5 MB
[ "16:43:20.663" ][SystemMonitor] Stats Update: CPU App: 1.04167 % | Sys: 95.3125 % | RAM App: 137.801 MB | Sys Avail: 25968.4 MB / 65466.5 MB
[ "16:43:21.668" ][SystemMonitor] Stats Update: CPU App: 0.769231 % | Sys: 94.1026 % | RAM App: 137.848 MB | Sys Avail: 25857.3 MB / 65466.5 MB
[ "16:43:22.669" ][SystemMonitor] Stats Update: CPU App: 0.78125 % | Sys: 91.9271 % | RAM App: 137.91 MB | Sys Avail: 26031.5 MB / 65466.5 MB
[ "16:43:23.661" ][SystemMonitor] Stats Update: CPU App: 1.32275 % | Sys: 91.2698 % | RAM App: 137.961 MB | Sys Avail: 26101.9 MB / 65466.5 MB
[ "16:43:24.659" ][SystemMonitor] Stats Update: CPU App: 1.04167 % | Sys: 90.625 % | RAM App: 138.035 MB | Sys Avail: 25906 MB / 65466.5 MB
[ "16:43:25.653" ][SystemMonitor] Stats Update: CPU App: 0.78125 % | Sys: 92.4479 % | RAM App: 138.066 MB | Sys Avail: 25945.1 MB / 65466.5 MB
TelemetryMonitor: Processed 300 frames. Current FPS: 29
[ "16:43:26.656" ][SystemMonitor] Stats Update: CPU App: 0.520833 % | Sys: 71.6146 % | RAM App: 134.816 MB | Sys Avail: 26098.6 MB / 65466.5 MB
[ "16:43:27.666" ][SystemMonitor] Stats Update: CPU App: 1.02564 % | Sys: 87.1795 % | RAM App: 134.934 MB | Sys Avail: 26108.1 MB / 65466.5 MB
[ "16:43:28.663" ][SystemMonitor] Stats Update: CPU App: 1.04167 % | Sys: 97.6563 % | RAM App: 134.938 MB | Sys Avail: 26085.1 MB / 65466.5 MB
[ "16:43:29.652" ][SystemMonitor] Stats Update: CPU App: 0.529101 % | Sys: 98.1481 % | RAM App: 134.996 MB | Sys Avail: 26044.3 MB / 65466.5 MB
[ "16:43:30.673" ][SystemMonitor] Stats Update: CPU App: 1.53846 % | Sys: 96.6667 % | RAM App: 135.027 MB | Sys Avail: 26072.6 MB / 65466.5 MB
[ "16:43:31.679" ][SystemMonitor] Stats Update: CPU App: 1.79487 % | Sys: 96.4103 % | RAM App: 135.059 MB | Sys Avail: 26086.1 MB / 65466.5 MB
[ "16:43:32.649" ][SystemMonitor] Stats Update: CPU App: 0.806452 % | Sys: 99.4624 % | RAM App: 135.066 MB | Sys Avail: 26060.8 MB / 65466.5 MB
[ "16:43:33.667" ][SystemMonitor] Stats Update: CPU App: 1.5625 % | Sys: 97.6563 % | RAM App: 135.129 MB | Sys Avail: 26039.9 MB / 65466.5 MB
[ "16:43:34.658" ][SystemMonitor] Stats Update: CPU App: 0.520833 % | Sys: 97.9167 % | RAM App: 135.141 MB | Sys Avail: 26039.6 MB / 65466.5 MB
[ "16:43:35.662" ][SystemMonitor] Stats Update: CPU App: 0.520833 % | Sys: 97.6563 % | RAM App: 135.148 MB | Sys Avail: 26044 MB / 65466.5 MB
[ "16:43:36.662" ][SystemMonitor] Stats Update: CPU App: 0.78125 % | Sys: 97.1354 % | RAM App: 135.152 MB | Sys Avail: 26042.5 MB / 65466.5 MB
TelemetryMonitor: Processed 300 frames. Current FPS: 29
[ "16:43:37.670" ][SystemMonitor] Stats Update: CPU App: 1.02564 % | Sys: 97.1795 % | RAM App: 135.176 MB | Sys Avail: 26047.9 MB / 65466.5 MB
[ "16:43:38.675" ][SystemMonitor] Stats Update: CPU App: 0.26178 % | Sys: 96.0938 % | RAM App: 135.23 MB | Sys Avail: 26060.9 MB / 65466.5 MB
[ "16:43:39.671" ][SystemMonitor] Stats Update: CPU App: 0.777202 % | Sys: 98.1771 % | RAM App: 135.258 MB | Sys Avail: 26089.4 MB / 65466.5 MB
[ "16:43:40.668" ][SystemMonitor] Stats Update: CPU App: 0.793651 % | Sys: 97.619 % | RAM App: 135.32 MB | Sys Avail: 26208.6 MB / 65466.5 MB
[ "16:43:41.652" ][SystemMonitor] Stats Update: CPU App: 0.78125 % | Sys: 98.4375 % | RAM App: 135.328 MB | Sys Avail: 26212.7 MB / 65466.5 MB
[ "16:43:42.653" ][SystemMonitor] Stats Update: CPU App: 1.30208 % | Sys: 97.6563 % | RAM App: 135.379 MB | Sys Avail: 26216.4 MB / 65466.5 MB
[ "16:43:43.663" ][SystemMonitor] Stats Update: CPU App: 1.28205 % | Sys: 97.4359 % | RAM App: 135.398 MB | Sys Avail: 26200 MB / 65466.5 MB
[ "16:43:44.664" ][SystemMonitor] Stats Update: CPU App: 0.520833 % | Sys: 89.5833 % | RAM App: 135.484 MB | Sys Avail: 26203.1 MB / 65466.5 MB
[ "16:43:45.652" ][SystemMonitor] Stats Update: CPU App: 0.793651 % | Sys: 91.0053 % | RAM App: 135.516 MB | Sys Avail: 26219.7 MB / 65466.5 MB
[ "16:43:46.656" ][SystemMonitor] Stats Update: CPU App: 0.78125 % | Sys: 89.5833 % | RAM App: 135.594 MB | Sys Avail: 26211.4 MB / 65466.5 MB
[ "16:43:47.655" ][SystemMonitor] Stats Update: CPU App: 1.5625 % | Sys: 92.4479 % | RAM App: 135.625 MB | Sys Avail: 26216.7 MB / 65466.5 MB
TelemetryMonitor: Processed 300 frames. Current FPS: 27
[ "16:43:48.676" ][SystemMonitor] Stats Update: CPU App: 0.25641 % | Sys: 94.1026 % | RAM App: 135.703 MB | Sys Avail: 26218.2 MB / 65466.5 MB
[ "16:43:49.657" ][SystemMonitor] Stats Update: CPU App: 1.85185 % | Sys: 93.3862 % | RAM App: 135.73 MB | Sys Avail: 26218.8 MB / 65466.5 MB
[ "16:43:50.681" ][SystemMonitor] Stats Update: CPU App: 1.28205 % | Sys: 93.3333 % | RAM App: 135.809 MB | Sys Avail: 26221 MB / 65466.5 MB
[ "16:43:51.680" ][SystemMonitor] Stats Update: CPU App: 1.02564 % | Sys: 93.0769 % | RAM App: 135.852 MB | Sys Avail: 26263.9 MB / 65466.5 MB
[ "16:43:52.683" ][SystemMonitor] Stats Update: CPU App: 0 % | Sys: 91.4063 % | RAM App: 135.93 MB | Sys Avail: 26261.7 MB / 65466.5 MB
[ "16:43:53.658" ][SystemMonitor] Stats Update: CPU App: 1.07527 % | Sys: 92.4731 % | RAM App: 135.973 MB | Sys Avail: 26260.5 MB / 65466.5 MB
[ "16:43:54.660" ][SystemMonitor] Stats Update: CPU App: 0.260417 % | Sys: 91.6667 % | RAM App: 136.043 MB | Sys Avail: 26260.6 MB / 65466.5 MB
[ "16:43:55.657" ][SystemMonitor] Stats Update: CPU App: 0.78125 % | Sys: 93.2292 % | RAM App: 136.094 MB | Sys Avail: 26261 MB / 65466.5 MB
[ "16:43:56.659" ][SystemMonitor] Stats Update: CPU App: 0 % | Sys: 91.6667 % | RAM App: 136.176 MB | Sys Avail: 26261.8 MB / 65466.5 MB
[ "16:43:57.652" ][SystemMonitor] Stats Update: CPU App: 0.260417 % | Sys: 95.8333 % | RAM App: 136.215 MB | Sys Avail: 26252 MB / 65466.5 MB
[ "16:43:58.673" ][SystemMonitor] Stats Update: CPU App: 0 % | Sys: 91.0256 % | RAM App: 136.293 MB | Sys Avail: 26246.3 MB / 65466.5 MB
TelemetryMonitor: Processed 300 frames. Current FPS: 28
[ "16:43:59.671" ][SystemMonitor] Stats Update: CPU App: 0.260417 % | Sys: 91.6667 % | RAM App: 136.324 MB | Sys Avail: 26258.3 MB / 65466.5 MB
[ "16:44:00.650" ][SystemMonitor] Stats Update: CPU App: 1.0582 % | Sys: 92.0635 % | RAM App: 136.348 MB | Sys Avail: 26261.3 MB / 65466.5 MB
[ "16:44:01.652" ][SystemMonitor] Stats Update: CPU App: 0.78125 % | Sys: 93.2292 % | RAM App: 136.387 MB | Sys Avail: 26260.2 MB / 65466.5 MB
[ "16:44:02.668" ][SystemMonitor] Stats Update: CPU App: 0.769231 % | Sys: 92.5641 % | RAM App: 136.465 MB | Sys Avail: 26259 MB / 65466.5 MB
[ "16:44:03.660" ][SystemMonitor] Stats Update: CPU App: 0.793651 % | Sys: 90.4762 % | RAM App: 136.508 MB | Sys Avail: 26253.4 MB / 65466.5 MB
[ "16:44:04.655" ][SystemMonitor] Stats Update: CPU App: 1.04167 % | Sys: 92.1875 % | RAM App: 136.598 MB | Sys Avail: 26257.3 MB / 65466.5 MB
[ "16:44:05.657" ][SystemMonitor] Stats Update: CPU App: 0.520833 % | Sys: 91.4063 % | RAM App: 136.629 MB | Sys Avail: 26240 MB / 65466.5 MB
[ "16:44:06.666" ][SystemMonitor] Stats Update: CPU App: 0.769231 % | Sys: 92.3077 % | RAM App: 136.707 MB | Sys Avail: 26229.2 MB / 65466.5 MB
[ "16:44:07.656" ][SystemMonitor] Stats Update: CPU App: 1.5873 % | Sys: 92.8571 % | RAM App: 136.746 MB | Sys Avail: 26226 MB / 65466.5 MB
[ "16:44:08.671" ][SystemMonitor] Stats Update: CPU App: 1.53846 % | Sys: 94.359 % | RAM App: 136.813 MB | Sys Avail: 26250 MB / 65466.5 MB
[ "16:44:09.668" ][SystemMonitor] Stats Update: CPU App: 0.78125 % | Sys: 88.8021 % | RAM App: 136.844 MB | Sys Avail: 26231.2 MB / 65466.5 MB
TelemetryMonitor: Processed 300 frames. Current FPS: 28
[ "16:44:10.675" ][SystemMonitor] Stats Update: CPU App: 1.04167 % | Sys: 98.9583 % | RAM App: 136.918 MB | Sys Avail: 26214 MB / 65466.5 MB
[ "16:44:11.672" ][SystemMonitor] Stats Update: CPU App: 1.04167 % | Sys: 97.1354 % | RAM App: 136.969 MB | Sys Avail: 26267.6 MB / 65466.5 MB
[ "16:44:12.659" ][SystemMonitor] Stats Update: CPU App: 0.793651 % | Sys: 92.5926 % | RAM App: 137.043 MB | Sys Avail: 26270.9 MB / 65466.5 MB
[ "16:44:13.663" ][SystemMonitor] Stats Update: CPU App: 0.78125 % | Sys: 94.7917 % | RAM App: 137.082 MB | Sys Avail: 26258.2 MB / 65466.5 MB
[ "16:44:14.656" ][SystemMonitor] Stats Update: CPU App: 0.260417 % | Sys: 90.1042 % | RAM App: 137.152 MB | Sys Avail: 26273.6 MB / 65466.5 MB
[ "16:44:15.655" ][SystemMonitor] Stats Update: CPU App: 1.82292 % | Sys: 88.5417 % | RAM App: 137.184 MB | Sys Avail: 26265.5 MB / 65466.5 MB
[ "16:44:16.671" ][SystemMonitor] Stats Update: CPU App: 1.02564 % | Sys: 89.4872 % | RAM App: 137.258 MB | Sys Avail: 26266.2 MB / 65466.5 MB
[ "16:44:17.667" ][SystemMonitor] Stats Update: CPU App: 0.78125 % | Sys: 95.0521 % | RAM App: 137.305 MB | Sys Avail: 26260.1 MB / 65466.5 MB
[ "16:44:18.660" ][SystemMonitor] Stats Update: CPU App: 0.793651 % | Sys: 93.6508 % | RAM App: 137.387 MB | Sys Avail: 26251.8 MB / 65466.5 MB
[ "16:44:19.670" ][SystemMonitor] Stats Update: CPU App: 0.512821 % | Sys: 92.3077 % | RAM App: 137.43 MB | Sys Avail: 26248.2 MB / 65466.5 MB
[ "16:44:20.656" ][SystemMonitor] Stats Update: CPU App: 1.32275 % | Sys: 91.7989 % | RAM App: 137.512 MB | Sys Avail: 26249.5 MB / 65466.5 MB
TelemetryMonitor: Processed 300 frames. Current FPS: 26
[ "16:44:21.668" ][SystemMonitor] Stats Update: CPU App: 0.512821 % | Sys: 94.359 % | RAM App: 137.559 MB | Sys Avail: 26255.7 MB / 65466.5 MB
[ "16:44:22.668" ][SystemMonitor] Stats Update: CPU App: 0.260417 % | Sys: 91.1458 % | RAM App: 137.629 MB | Sys Avail: 26256.6 MB / 65466.5 MB
[ "16:44:23.665" ][SystemMonitor] Stats Update: CPU App: 0.520833 % | Sys: 92.1875 % | RAM App: 137.656 MB | Sys Avail: 26251.8 MB / 65466.5 MB
[ "16:44:24.664" ][SystemMonitor] Stats Update: CPU App: 1.85185 % | Sys: 91.7989 % | RAM App: 137.734 MB | Sys Avail: 26255.1 MB / 65466.5 MB
[ "16:44:25.660" ][SystemMonitor] Stats Update: CPU App: 0.78125 % | Sys: 89.5833 % | RAM App: 134.648 MB | Sys Avail: 26261.2 MB / 65466.5 MB
[ "16:44:26.659" ][SystemMonitor] Stats Update: CPU App: 0.78125 % | Sys: 90.8854 % | RAM App: 134.82 MB | Sys Avail: 26269.4 MB / 65466.5 MB
[ "16:44:27.672" ][SystemMonitor] Stats Update: CPU App: 0.769231 % | Sys: 93.5897 % | RAM App: 134.941 MB | Sys Avail: 26268.8 MB / 65466.5 MB
[ "16:44:28.665" ][SystemMonitor] Stats Update: CPU App: 1.30208 % | Sys: 93.75 % | RAM App: 134.945 MB | Sys Avail: 26272.4 MB / 65466.5 MB
[ "16:44:29.658" ][SystemMonitor] Stats Update: CPU App: 0.529101 % | Sys: 91.5344 % | RAM App: 135.016 MB | Sys Avail: 26266.4 MB / 65466.5 MB
[ "16:44:30.677" ][SystemMonitor] Stats Update: CPU App: 1.02564 % | Sys: 92.0513 % | RAM App: 135.043 MB | Sys Avail: 26268.2 MB / 65466.5 MB
[ "16:44:31.689" ][SystemMonitor] Stats Update: CPU App: 1.28205 % | Sys: 96.4103 % | RAM App: 135.07 MB | Sys Avail: 26265.5 MB / 65466.5 MB
TelemetryMonitor: Processed 300 frames. Current FPS: 25
[ "16:44:32.658" ][SystemMonitor] Stats Update: CPU App: 1.07527 % | Sys: 100 % | RAM App: 135.125 MB | Sys Avail: 26133.1 MB / 65466.5 MB
[ "16:44:33.665" ][SystemMonitor] Stats Update: CPU App: 0.769231 % | Sys: 98.4615 % | RAM App: 135.195 MB | Sys Avail: 26227.5 MB / 65466.5 MB
[ "16:44:34.663" ][SystemMonitor] Stats Update: CPU App: 1.04167 % | Sys: 88.2813 % | RAM App: 135.199 MB | Sys Avail: 26221.3 MB / 65466.5 MB
[ "16:44:35.648" ][SystemMonitor] Stats Update: CPU App: 1.32275 % | Sys: 96.0317 % | RAM App: 135.266 MB | Sys Avail: 26230.3 MB / 65466.5 MB
[ "16:44:36.655" ][SystemMonitor] Stats Update: CPU App: 0 % | Sys: 92.4479 % | RAM App: 135.316 MB | Sys Avail: 26238.5 MB / 65466.5 MB
[ "16:44:37.680" ][SystemMonitor] Stats Update: CPU App: 0.757576 % | Sys: 96.9697 % | RAM App: 135.395 MB | Sys Avail: 26235.1 MB / 65466.5 MB
[ "16:44:38.669" ][SystemMonitor] Stats Update: CPU App: 0.529101 % | Sys: 96.5608 % | RAM App: 135.445 MB | Sys Avail: 26276.1 MB / 65466.5 MB
[ "16:44:39.663" ][SystemMonitor] Stats Update: CPU App: 0.26455 % | Sys: 93.3862 % | RAM App: 135.461 MB | Sys Avail: 26465.3 MB / 65466.5 MB
[ "16:44:40.656" ][SystemMonitor] Stats Update: CPU App: 0.260417 % | Sys: 93.75 % | RAM App: 135.516 MB | Sys Avail: 26441.5 MB / 65466.5 MB
[ "16:44:41.661" ][SystemMonitor] Stats Update: CPU App: 0 % | Sys: 91.4063 % | RAM App: 135.539 MB | Sys Avail: 26435.1 MB / 65466.5 MB
[ "16:44:42.681" ][SystemMonitor] Stats Update: CPU App: 1.82292 % | Sys: 94.7917 % | RAM App: 135.609 MB | Sys Avail: 26416.3 MB / 65466.5 MB
TelemetryMonitor: Processed 300 frames. Current FPS: 27
[ "16:44:43.691" ][SystemMonitor] Stats Update: CPU App: 0.757576 % | Sys: 93.6869 % | RAM App: 135.652 MB | Sys Avail: 26334.6 MB / 65466.5 MB
[ "16:44:44.664" ][SystemMonitor] Stats Update: CPU App: 1.5873 % | Sys: 98.1481 % | RAM App: 135.73 MB | Sys Avail: 26236.6 MB / 65466.5 MB
[ "16:44:45.658" ][SystemMonitor] Stats Update: CPU App: 0.793651 % | Sys: 91.7989 % | RAM App: 135.766 MB | Sys Avail: 26241.1 MB / 65466.5 MB
[ "16:44:46.660" ][SystemMonitor] Stats Update: CPU App: 0.520833 % | Sys: 90.1042 % | RAM App: 135.848 MB | Sys Avail: 26282.9 MB / 65466.5 MB
[ "16:44:47.656" ][SystemMonitor] Stats Update: CPU App: 0.78125 % | Sys: 93.2292 % | RAM App: 135.895 MB | Sys Avail: 26260.9 MB / 65466.5 MB
[ "16:44:48.665" ][SystemMonitor] Stats Update: CPU App: 0.512821 % | Sys: 91.0256 % | RAM App: 135.965 MB | Sys Avail: 26183.3 MB / 65466.5 MB
[ "16:44:49.656" ][SystemMonitor] Stats Update: CPU App: 0.793651 % | Sys: 91.7989 % | RAM App: 136.008 MB | Sys Avail: 26139.4 MB / 65466.5 MB
[ "16:44:50.658" ][SystemMonitor] Stats Update: CPU App: 0.520833 % | Sys: 88.5417 % | RAM App: 136.082 MB | Sys Avail: 26132.6 MB / 65466.5 MB
[ "16:44:51.666" ][SystemMonitor] Stats Update: CPU App: 0.260417 % | Sys: 88.5417 % | RAM App: 136.121 MB | Sys Avail: 26124.4 MB / 65466.5 MB
[ "16:44:52.661" ][SystemMonitor] Stats Update: CPU App: 1.82292 % | Sys: 92.7083 % | RAM App: 136.141 MB | Sys Avail: 26081.3 MB / 65466.5 MB
[ "16:44:53.656" ][SystemMonitor] Stats Update: CPU App: 1.04167 % | Sys: 88.8021 % | RAM App: 136.188 MB | Sys Avail: 25997.7 MB / 65466.5 MB
TelemetryMonitor: Processed 300 frames. Current FPS: 28
[ "16:44:54.658" ][SystemMonitor] Stats Update: CPU App: 0 % | Sys: 87.2396 % | RAM App: 136.262 MB | Sys Avail: 25982 MB / 65466.5 MB
[ "16:44:55.665" ][SystemMonitor] Stats Update: CPU App: 0.769231 % | Sys: 94.359 % | RAM App: 136.305 MB | Sys Avail: 25987.2 MB / 65466.5 MB
[ "16:44:56.662" ][SystemMonitor] Stats Update: CPU App: 1.0582 % | Sys: 95.2381 % | RAM App: 136.379 MB | Sys Avail: 25956.8 MB / 65466.5 MB
[ "16:44:57.657" ][SystemMonitor] Stats Update: CPU App: 0.78125 % | Sys: 95.0521 % | RAM App: 136.43 MB | Sys Avail: 25942.4 MB / 65466.5 MB
[ "16:44:58.657" ][SystemMonitor] Stats Update: CPU App: 1.04167 % | Sys: 91.4063 % | RAM App: 136.508 MB | Sys Avail: 25933.7 MB / 65466.5 MB
[ "16:44:59.666" ][SystemMonitor] Stats Update: CPU App: 0.769231 % | Sys: 91.5385 % | RAM App: 136.555 MB | Sys Avail: 25957.6 MB / 65466.5 MB
[ "16:45:00.666" ][SystemMonitor] Stats Update: CPU App: 0.793651 % | Sys: 93.6508 % | RAM App: 136.629 MB | Sys Avail: 25948.1 MB / 65466.5 MB
[ "16:45:01.659" ][SystemMonitor] Stats Update: CPU App: 1.30208 % | Sys: 93.2292 % | RAM App: 136.68 MB | Sys Avail: 25933.2 MB / 65466.5 MB
[ "16:45:02.655" ][SystemMonitor] Stats Update: CPU App: 1.30208 % | Sys: 90.625 % | RAM App: 136.754 MB | Sys Avail: 25945.6 MB / 65466.5 MB
[ "16:45:03.687" ][SystemMonitor] Stats Update: CPU App: 0 % | Sys: 91.4141 % | RAM App: 136.797 MB | Sys Avail: 25950.3 MB / 65466.5 MB
[ "16:45:04.659" ][SystemMonitor] Stats Update: CPU App: 1.07527 % | Sys: 98.1183 % | RAM App: 136.824 MB | Sys Avail: 25901.1 MB / 65466.5 MB
