================ ENVIRONMENT SNAPSHOT ================
OS              : "Windows 10 Version 22H2"
CPU Arch        : "x86_64" ( 6 logical threads)
Total System RAM: 65466.5 MB
GPU detected    : "NVIDIA GeForce GTX 1050 Ti" ( 4004 MB VRAM)
======================================================
[ "19:51:21.078" ][HWAccel] Requested mode: SettingsHelper::CUDA
[ "19:51:21.078" ][HWAccel] Attempting cuda ...
[ "19:51:21.078" ][HWAccel] SUCCESS: cuda initialized
[Diagnostics] Monitor started - running checks every 1000ms
SystemMonitor: Starting monitoring with interval 1000 ms
[ "19:51:21.170" ][SystemMonitor] Stats Update: CPU App: 0 % | Sys: 0 % | RAM App: 144.484 MB | Sys Avail: 15268.8 MB / 65466.5 MB
[SystemMonitor] Resource Update: RAM: 144.484 MB (Delta: 144.484 ) | VRAM: 46.8047 MB (Delta: 46.8047 )
[Diagnostics] Attached to ScrollBenchImageModel
[Diagnostics] Attached to SettingsHelper
[TaskScheduler] Started 2 CPU threads and 4 IO threads.
FileCacheManager: Initialized with Memory-Mapped Ring Buffer at "C:/Users/curtis/AppData/Local/appScrollBench/cache/thumbnails/FileCache.mmap"
qrc:/ScrollBench/qml/MainScrollBench.qml:22:5: QML Settings: Failed to initialize QSettings instance. Status code is: 1
qrc:/ScrollBench/qml/MainScrollBench.qml:22:5: QML Settings: The following application identifiers have not been set: QList("organizationName", "organizationDomain")
qrc:/ScrollBench/qml/MainScrollBench.qml:22:5: QML Settings: The Settings type from Qt.labs.settings is deprecated and will be removed in a future release. Please use the one from QtCore instead.
[ "19:51:22.176" ][SystemMonitor] Stats Update: CPU App: 10.4167 % | Sys: 86.9792 % | RAM App: 220.52 MB | Sys Avail: 15208.8 MB / 65466.5 MB
[SystemMonitor] Resource Update: RAM: 220.52 MB (Delta: 76.0352 ) | VRAM: 74.4023 MB (Delta: 27.5977 )
[ "19:51:23.177" ][SystemMonitor] Stats Update: CPU App: 1.30208 % | Sys: 89.3229 % | RAM App: 220.883 MB | Sys Avail: 15217.8 MB / 65466.5 MB
[ "19:51:24.177" ][SystemMonitor] Stats Update: CPU App: 0.78125 % | Sys: 70.8333 % | RAM App: 220.973 MB | Sys Avail: 15234.4 MB / 65466.5 MB
[ "19:51:25.177" ][SystemMonitor] Stats Update: CPU App: 0.78125 % | Sys: 75 % | RAM App: 221.086 MB | Sys Avail: 15242.6 MB / 65466.5 MB
[ "19:51:26.166" ][SystemMonitor] Stats Update: CPU App: 0.260417 % | Sys: 71.3542 % | RAM App: 221.113 MB | Sys Avail: 15203.8 MB / 65466.5 MB
[ "19:51:27.164" ][SystemMonitor] Stats Update: CPU App: 0.520833 % | Sys: 80.2083 % | RAM App: 221.16 MB | Sys Avail: 15211.4 MB / 65466.5 MB
[ "19:51:28.167" ][SystemMonitor] Stats Update: CPU App: 1.04167 % | Sys: 85.1563 % | RAM App: 221.176 MB | Sys Avail: 15204.1 MB / 65466.5 MB
[ "19:51:29.177" ][SystemMonitor] Stats Update: CPU App: 0.260417 % | Sys: 82.5521 % | RAM App: 219.734 MB | Sys Avail: 15212.8 MB / 65466.5 MB
[ "19:51:30.177" ][SystemMonitor] Stats Update: CPU App: 1.04167 % | Sys: 73.4375 % | RAM App: 219.828 MB | Sys Avail: 15216.3 MB / 65466.5 MB
[ "19:51:31.177" ][SystemMonitor] Stats Update: CPU App: 0.78125 % | Sys: 75.2604 % | RAM App: 219.84 MB | Sys Avail: 15217.4 MB / 65466.5 MB
[ "19:51:32.168" ][SystemMonitor] Stats Update: CPU App: 1.30208 % | Sys: 91.1458 % | RAM App: 219.195 MB | Sys Avail: 15214.1 MB / 65466.5 MB
TelemetryMonitor: Processed 300 frames. Current FPS: 27
[ "19:51:33.177" ][SystemMonitor] Stats Update: CPU App: 1.82292 % | Sys: 76.5625 % | RAM App: 219.219 MB | Sys Avail: 15206.8 MB / 65466.5 MB
[ "19:51:34.181" ][SystemMonitor] Stats Update: CPU App: 1.02564 % | Sys: 76.6667 % | RAM App: 219.262 MB | Sys Avail: 15208 MB / 65466.5 MB
[ "19:51:35.168" ][SystemMonitor] Stats Update: CPU App: 1.5873 % | Sys: 78.0423 % | RAM App: 219.316 MB | Sys Avail: 15217.4 MB / 65466.5 MB
[ "19:51:36.174" ][SystemMonitor] Stats Update: CPU App: 1.30208 % | Sys: 91.4063 % | RAM App: 219.414 MB | Sys Avail: 15162.7 MB / 65466.5 MB
[ "19:51:37.178" ][SystemMonitor] Stats Update: CPU App: 1.02828 % | Sys: 96.6667 % | RAM App: 219.441 MB | Sys Avail: 15221.2 MB / 65466.5 MB
[ "19:51:38.169" ][SystemMonitor] Stats Update: CPU App: 0.527704 % | Sys: 96.0317 % | RAM App: 219.516 MB | Sys Avail: 15290.9 MB / 65466.5 MB
[ "19:51:39.176" ][SystemMonitor] Stats Update: CPU App: 1.04167 % | Sys: 73.4375 % | RAM App: 219.559 MB | Sys Avail: 15296.2 MB / 65466.5 MB
[ "19:51:40.170" ][SystemMonitor] Stats Update: CPU App: 0.78125 % | Sys: 86.7188 % | RAM App: 219.582 MB | Sys Avail: 15266.5 MB / 65466.5 MB
[ "19:51:41.176" ][SystemMonitor] Stats Update: CPU App: 1.30208 % | Sys: 81.7708 % | RAM App: 219.605 MB | Sys Avail: 15245.6 MB / 65466.5 MB
[ "19:51:42.165" ][SystemMonitor] Stats Update: CPU App: 0.78125 % | Sys: 68.75 % | RAM App: 219.629 MB | Sys Avail: 15234.8 MB / 65466.5 MB
TelemetryMonitor: Processed 300 frames. Current FPS: 29
[ "19:51:43.175" ][SystemMonitor] Stats Update: CPU App: 0.78125 % | Sys: 65.8854 % | RAM App: 219.648 MB | Sys Avail: 15239 MB / 65466.5 MB
[ "19:51:44.177" ][SystemMonitor] Stats Update: CPU App: 0.78125 % | Sys: 82.2917 % | RAM App: 219.672 MB | Sys Avail: 15247.8 MB / 65466.5 MB
[ "19:51:45.168" ][SystemMonitor] Stats Update: CPU App: 1.04167 % | Sys: 70.5729 % | RAM App: 219.719 MB | Sys Avail: 15255.4 MB / 65466.5 MB
[ "19:51:46.168" ][SystemMonitor] Stats Update: CPU App: 0.260417 % | Sys: 68.75 % | RAM App: 219.746 MB | Sys Avail: 15272.3 MB / 65466.5 MB
[ "19:51:47.172" ][SystemMonitor] Stats Update: CPU App: 0.78125 % | Sys: 67.4479 % | RAM App: 219.805 MB | Sys Avail: 15238.6 MB / 65466.5 MB
[ "19:51:48.169" ][SystemMonitor] Stats Update: CPU App: 0.78125 % | Sys: 77.0833 % | RAM App: 219.828 MB | Sys Avail: 15089.4 MB / 65466.5 MB
[ "19:51:49.178" ][SystemMonitor] Stats Update: CPU App: 0.78125 % | Sys: 70.8333 % | RAM App: 219.848 MB | Sys Avail: 15302 MB / 65466.5 MB
[ "19:51:50.176" ][SystemMonitor] Stats Update: CPU App: 0.520833 % | Sys: 82.5521 % | RAM App: 219.902 MB | Sys Avail: 15325.3 MB / 65466.5 MB
[ "19:51:51.163" ][SystemMonitor] Stats Update: CPU App: 0.78125 % | Sys: 75.2604 % | RAM App: 219.973 MB | Sys Avail: 15379.3 MB / 65466.5 MB
[ "19:51:52.163" ][SystemMonitor] Stats Update: CPU App: 1.30208 % | Sys: 79.9479 % | RAM App: 218.438 MB | Sys Avail: 15209.8 MB / 65466.5 MB
[ "19:51:53.175" ][SystemMonitor] Stats Update: CPU App: 1.04167 % | Sys: 89.3229 % | RAM App: 218.582 MB | Sys Avail: 15284.3 MB / 65466.5 MB
TelemetryMonitor: Processed 300 frames. Current FPS: 29
[ "19:51:54.178" ][SystemMonitor] Stats Update: CPU App: 1.82292 % | Sys: 77.3438 % | RAM App: 218.602 MB | Sys Avail: 15332.3 MB / 65466.5 MB
[ "19:51:55.177" ][SystemMonitor] Stats Update: CPU App: 1.04167 % | Sys: 79.4271 % | RAM App: 218.625 MB | Sys Avail: 15365.8 MB / 65466.5 MB
[ "19:51:56.177" ][SystemMonitor] Stats Update: CPU App: 0.260417 % | Sys: 87.8553 % | RAM App: 218.754 MB | Sys Avail: 15350.5 MB / 65466.5 MB
[ "19:51:57.177" ][SystemMonitor] Stats Update: CPU App: 0.78125 % | Sys: 70.6037 % | RAM App: 218.914 MB | Sys Avail: 15392.9 MB / 65466.5 MB
[ "19:51:58.177" ][SystemMonitor] Stats Update: CPU App: 1.04167 % | Sys: 72.3958 % | RAM App: 218.949 MB | Sys Avail: 15327.7 MB / 65466.5 MB
[ "19:51:59.177" ][SystemMonitor] Stats Update: CPU App: 1.04167 % | Sys: 74.2931 % | RAM App: 218.98 MB | Sys Avail: 15387 MB / 65466.5 MB
[ "19:52:00.168" ][SystemMonitor] Stats Update: CPU App: 0.78125 % | Sys: 73.3509 % | RAM App: 219.004 MB | Sys Avail: 15342.8 MB / 65466.5 MB
[ "19:52:01.177" ][SystemMonitor] Stats Update: CPU App: 0.260417 % | Sys: 74.4792 % | RAM App: 219.047 MB | Sys Avail: 15350.4 MB / 65466.5 MB
[ "19:52:02.168" ][SystemMonitor] Stats Update: CPU App: 0.520833 % | Sys: 77.3438 % | RAM App: 219.102 MB | Sys Avail: 15269.9 MB / 65466.5 MB
[ "19:52:03.178" ][SystemMonitor] Stats Update: CPU App: 0.771208 % | Sys: 72.5641 % | RAM App: 219.125 MB | Sys Avail: 15350.4 MB / 65466.5 MB
TelemetryMonitor: Processed 300 frames. Current FPS: 29
[ "19:52:04.170" ][SystemMonitor] Stats Update: CPU App: 0.791557 % | Sys: 69.3122 % | RAM App: 219.148 MB | Sys Avail: 15349.9 MB / 65466.5 MB
[ "19:52:05.164" ][SystemMonitor] Stats Update: CPU App: 1.04167 % | Sys: 76.0417 % | RAM App: 219.168 MB | Sys Avail: 15396.8 MB / 65466.5 MB
[ "19:52:06.180" ][SystemMonitor] Stats Update: CPU App: 0.769231 % | Sys: 94.6154 % | RAM App: 219.297 MB | Sys Avail: 15324.1 MB / 65466.5 MB
[ "19:52:07.178" ][SystemMonitor] Stats Update: CPU App: 0.793651 % | Sys: 92.5926 % | RAM App: 219.324 MB | Sys Avail: 15281.7 MB / 65466.5 MB
[ "19:52:08.164" ][SystemMonitor] Stats Update: CPU App: 1.30208 % | Sys: 86.1979 % | RAM App: 219.352 MB | Sys Avail: 15380.1 MB / 65466.5 MB
[ "19:52:09.171" ][SystemMonitor] Stats Update: CPU App: 0.78125 % | Sys: 94.5313 % | RAM App: 219.371 MB | Sys Avail: 15369.1 MB / 65466.5 MB
[ "19:52:10.179" ][SystemMonitor] Stats Update: CPU App: 0.520833 % | Sys: 82.3077 % | RAM App: 219.414 MB | Sys Avail: 15340.8 MB / 65466.5 MB
[ "19:52:11.174" ][SystemMonitor] Stats Update: CPU App: 1.30208 % | Sys: 82.0106 % | RAM App: 219.449 MB | Sys Avail: 15340.5 MB / 65466.5 MB
[ "19:52:12.179" ][SystemMonitor] Stats Update: CPU App: 0.769231 % | Sys: 81.5385 % | RAM App: 219.492 MB | Sys Avail: 15319.8 MB / 65466.5 MB
[ "19:52:13.163" ][SystemMonitor] Stats Update: CPU App: 0.529101 % | Sys: 71.4286 % | RAM App: 219.57 MB | Sys Avail: 15353.7 MB / 65466.5 MB
TelemetryMonitor: Processed 300 frames. Current FPS: 30
[ "19:52:14.177" ][SystemMonitor] Stats Update: CPU App: 1.04167 % | Sys: 71.6146 % | RAM App: 219.621 MB | Sys Avail: 15253.3 MB / 65466.5 MB
[ "19:52:15.171" ][SystemMonitor] Stats Update: CPU App: 0.78125 % | Sys: 79.6875 % | RAM App: 219.652 MB | Sys Avail: 15345.2 MB / 65466.5 MB
[ "19:52:16.169" ][SystemMonitor] Stats Update: CPU App: 0 % | Sys: 73.6979 % | RAM App: 219.695 MB | Sys Avail: 15487.3 MB / 65466.5 MB
[ "19:52:17.178" ][SystemMonitor] Stats Update: CPU App: 0.520833 % | Sys: 58.5938 % | RAM App: 219.715 MB | Sys Avail: 15484.6 MB / 65466.5 MB
[ "19:52:18.179" ][SystemMonitor] Stats Update: CPU App: 1.53846 % | Sys: 83.3333 % | RAM App: 219.734 MB | Sys Avail: 15483.7 MB / 65466.5 MB
[ "19:52:19.171" ][SystemMonitor] Stats Update: CPU App: 0.529101 % | Sys: 91.7989 % | RAM App: 218.875 MB | Sys Avail: 15563.6 MB / 65466.5 MB
[ "19:52:20.171" ][SystemMonitor] Stats Update: CPU App: 0.78125 % | Sys: 87.7604 % | RAM App: 218.914 MB | Sys Avail: 15699 MB / 65466.5 MB
[ "19:52:21.177" ][SystemMonitor] Stats Update: CPU App: 0.78125 % | Sys: 82.8125 % | RAM App: 218.871 MB | Sys Avail: 15697.1 MB / 65466.5 MB
[ "19:52:22.180" ][SystemMonitor] Stats Update: CPU App: 1.79487 % | Sys: 87.4359 % | RAM App: 218.871 MB | Sys Avail: 15686.8 MB / 65466.5 MB
[ "19:52:23.170" ][SystemMonitor] Stats Update: CPU App: 0 % | Sys: 84.9206 % | RAM App: 218.918 MB | Sys Avail: 15694 MB / 65466.5 MB
[ "19:52:24.178" ][SystemMonitor] Stats Update: CPU App: 0.512821 % | Sys: 84.359 % | RAM App: 218.938 MB | Sys Avail: 15693.8 MB / 65466.5 MB
TelemetryMonitor: Processed 300 frames. Current FPS: 29
[ "19:52:25.163" ][SystemMonitor] Stats Update: CPU App: 0.793651 % | Sys: 86.7725 % | RAM App: 218.961 MB | Sys Avail: 15699.3 MB / 65466.5 MB
[ "19:52:26.181" ][SystemMonitor] Stats Update: CPU App: 1.28205 % | Sys: 91.0256 % | RAM App: 218.988 MB | Sys Avail: 15689.6 MB / 65466.5 MB
[ "19:52:27.179" ][SystemMonitor] Stats Update: CPU App: 0.520833 % | Sys: 88.0208 % | RAM App: 218.996 MB | Sys Avail: 15697 MB / 65466.5 MB
[ "19:52:28.178" ][SystemMonitor] Stats Update: CPU App: 1.04167 % | Sys: 86.1979 % | RAM App: 218.996 MB | Sys Avail: 15680.5 MB / 65466.5 MB
[ "19:52:29.178" ][SystemMonitor] Stats Update: CPU App: 1.82292 % | Sys: 86.7188 % | RAM App: 218.996 MB | Sys Avail: 15666.8 MB / 65466.5 MB
[ "19:52:30.248" ][SystemMonitor] Stats Update: CPU App: 0.248756 % | Sys: 88.7255 % | RAM App: 218.996 MB | Sys Avail: 15664.8 MB / 65466.5 MB
[ "19:52:31.180" ][SystemMonitor] Stats Update: CPU App: 0.819672 % | Sys: 86.6667 % | RAM App: 219.027 MB | Sys Avail: 15657.3 MB / 65466.5 MB
[ "19:52:32.179" ][SystemMonitor] Stats Update: CPU App: 1.04167 % | Sys: 84.375 % | RAM App: 219.027 MB | Sys Avail: 15656.5 MB / 65466.5 MB
[ "19:52:33.182" ][SystemMonitor] Stats Update: CPU App: 1.04167 % | Sys: 88.0208 % | RAM App: 219.031 MB | Sys Avail: 15658.4 MB / 65466.5 MB
[ "19:52:34.181" ][SystemMonitor] Stats Update: CPU App: 2.08333 % | Sys: 91.9271 % | RAM App: 219.059 MB | Sys Avail: 15661 MB / 65466.5 MB
TelemetryMonitor: Processed 300 frames. Current FPS: 30
[ "19:52:35.172" ][SystemMonitor] Stats Update: CPU App: 1.0582 % | Sys: 89.418 % | RAM App: 219.066 MB | Sys Avail: 15648.5 MB / 65466.5 MB
[ "19:52:36.165" ][SystemMonitor] Stats Update: CPU App: 0.520833 % | Sys: 94.2708 % | RAM App: 219.066 MB | Sys Avail: 15573.1 MB / 65466.5 MB
[ "19:52:37.163" ][SystemMonitor] Stats Update: CPU App: 1.04167 % | Sys: 90.8854 % | RAM App: 219.086 MB | Sys Avail: 15642.1 MB / 65466.5 MB
[ "19:52:38.162" ][SystemMonitor] Stats Update: CPU App: 1.5625 % | Sys: 95.3125 % | RAM App: 219.105 MB | Sys Avail: 15647.6 MB / 65466.5 MB
[ "19:52:39.179" ][SystemMonitor] Stats Update: CPU App: 1.79487 % | Sys: 89.2308 % | RAM App: 219.156 MB | Sys Avail: 15641.7 MB / 65466.5 MB
[ "19:52:40.180" ][SystemMonitor] Stats Update: CPU App: 0.78125 % | Sys: 87.5 % | RAM App: 219.176 MB | Sys Avail: 15648.9 MB / 65466.5 MB
[ "19:52:41.163" ][SystemMonitor] Stats Update: CPU App: 1.5873 % | Sys: 89.6825 % | RAM App: 219.203 MB | Sys Avail: 15655.4 MB / 65466.5 MB
[ "19:52:42.164" ][SystemMonitor] Stats Update: CPU App: 0.78125 % | Sys: 85.4167 % | RAM App: 219.25 MB | Sys Avail: 15650.1 MB / 65466.5 MB
[ "19:52:43.179" ][SystemMonitor] Stats Update: CPU App: 1.02564 % | Sys: 84.8718 % | RAM App: 219.27 MB | Sys Avail: 15649.9 MB / 65466.5 MB
[ "19:52:44.180" ][SystemMonitor] Stats Update: CPU App: 0.260417 % | Sys: 82.5521 % | RAM App: 219.293 MB | Sys Avail: 15648.1 MB / 65466.5 MB
[ "19:52:45.163" ][SystemMonitor] Stats Update: CPU App: 0.793651 % | Sys: 82.5397 % | RAM App: 219.328 MB | Sys Avail: 15650.8 MB / 65466.5 MB
TelemetryMonitor: Processed 300 frames. Current FPS: 29
[ "19:52:46.164" ][SystemMonitor] Stats Update: CPU App: 1.04167 % | Sys: 83.5938 % | RAM App: 219.383 MB | Sys Avail: 15651.2 MB / 65466.5 MB
[ "19:52:47.179" ][SystemMonitor] Stats Update: CPU App: 0.769231 % | Sys: 90.2564 % | RAM App: 219.445 MB | Sys Avail: 15653.9 MB / 65466.5 MB
[ "19:52:48.195" ][SystemMonitor] Stats Update: CPU App: 0.769231 % | Sys: 83.8462 % | RAM App: 219.465 MB | Sys Avail: 15661.4 MB / 65466.5 MB
[ "19:52:49.179" ][SystemMonitor] Stats Update: CPU App: 1.0582 % | Sys: 82.5397 % | RAM App: 219.484 MB | Sys Avail: 15660.6 MB / 65466.5 MB
[ "19:52:50.179" ][SystemMonitor] Stats Update: CPU App: 1.30208 % | Sys: 80.9896 % | RAM App: 219.531 MB | Sys Avail: 15659.7 MB / 65466.5 MB
[ "19:52:51.179" ][SystemMonitor] Stats Update: CPU App: 0.520833 % | Sys: 83.5938 % | RAM App: 219.559 MB | Sys Avail: 15663.5 MB / 65466.5 MB
[ "19:52:52.196" ][SystemMonitor] Stats Update: CPU App: 0.769231 % | Sys: 85.3846 % | RAM App: 219.637 MB | Sys Avail: 15667.7 MB / 65466.5 MB
[ "19:52:53.180" ][SystemMonitor] Stats Update: CPU App: 0.26455 % | Sys: 72.2222 % | RAM App: 219.695 MB | Sys Avail: 15674.2 MB / 65466.5 MB
[ "19:52:54.196" ][SystemMonitor] Stats Update: CPU App: 0.769231 % | Sys: 75.1282 % | RAM App: 219.727 MB | Sys Avail: 15666.4 MB / 65466.5 MB
[ "19:52:55.197" ][SystemMonitor] Stats Update: CPU App: 0.78125 % | Sys: 75 % | RAM App: 219.75 MB | Sys Avail: 15669.4 MB / 65466.5 MB
TelemetryMonitor: Processed 300 frames. Current FPS: 30
[ "19:52:56.179" ][SystemMonitor] Stats Update: CPU App: 1.32275 % | Sys: 74.6032 % | RAM App: 219.777 MB | Sys Avail: 15667.7 MB / 65466.5 MB
[ "19:52:57.181" ][SystemMonitor] Stats Update: CPU App: 0 % | Sys: 74.7396 % | RAM App: 219.801 MB | Sys Avail: 15665.5 MB / 65466.5 MB
[ "19:52:58.196" ][SystemMonitor] Stats Update: CPU App: 0.769231 % | Sys: 74.1026 % | RAM App: 219.828 MB | Sys Avail: 15673.4 MB / 65466.5 MB
[ "19:52:59.179" ][SystemMonitor] Stats Update: CPU App: 0.793651 % | Sys: 72.4868 % | RAM App: 219.855 MB | Sys Avail: 15664.4 MB / 65466.5 MB
[ "19:53:00.196" ][SystemMonitor] Stats Update: CPU App: 1.02564 % | Sys: 70.5128 % | RAM App: 219.879 MB | Sys Avail: 15696.8 MB / 65466.5 MB
[ "19:53:01.179" ][SystemMonitor] Stats Update: CPU App: 0.529101 % | Sys: 69.3122 % | RAM App: 219.922 MB | Sys Avail: 15694.1 MB / 65466.5 MB
[ "19:53:02.180" ][SystemMonitor] Stats Update: CPU App: 0.520833 % | Sys: 68.4896 % | RAM App: 220.012 MB | Sys Avail: 15693.9 MB / 65466.5 MB
[ "19:53:03.180" ][SystemMonitor] Stats Update: CPU App: 1.04167 % | Sys: 71.0938 % | RAM App: 220.035 MB | Sys Avail: 15704.6 MB / 65466.5 MB
[ "19:53:04.181" ][SystemMonitor] Stats Update: CPU App: 0.78125 % | Sys: 77.6042 % | RAM App: 220.098 MB | Sys Avail: 15701.1 MB / 65466.5 MB
[ "19:53:05.179" ][SystemMonitor] Stats Update: CPU App: 1.04167 % | Sys: 87.5 % | RAM App: 220.117 MB | Sys Avail: 15680.9 MB / 65466.5 MB
TelemetryMonitor: Processed 300 frames. Current FPS: 30
[ "19:53:06.179" ][SystemMonitor] Stats Update: CPU App: 0.520833 % | Sys: 92.9688 % | RAM App: 220.141 MB | Sys Avail: 15594.5 MB / 65466.5 MB
[ "19:53:07.180" ][SystemMonitor] Stats Update: CPU App: 1.5625 % | Sys: 89.8438 % | RAM App: 220.18 MB | Sys Avail: 15673.6 MB / 65466.5 MB
[ "19:53:08.180" ][SystemMonitor] Stats Update: CPU App: 0.520833 % | Sys: 85.6771 % | RAM App: 220.332 MB | Sys Avail: 15679 MB / 65466.5 MB
[ "19:53:09.199" ][SystemMonitor] Stats Update: CPU App: 0.769231 % | Sys: 71.0256 % | RAM App: 220.441 MB | Sys Avail: 15676.6 MB / 65466.5 MB
[ "19:53:10.180" ][SystemMonitor] Stats Update: CPU App: 0.529101 % | Sys: 83.3333 % | RAM App: 220.543 MB | Sys Avail: 15660.4 MB / 65466.5 MB
[ "19:53:11.181" ][SystemMonitor] Stats Update: CPU App: 0.260417 % | Sys: 69.0104 % | RAM App: 220.578 MB | Sys Avail: 15666.3 MB / 65466.5 MB
[ "19:53:12.180" ][SystemMonitor] Stats Update: CPU App: 0.78125 % | Sys: 86.9792 % | RAM App: 220.605 MB | Sys Avail: 15644.2 MB / 65466.5 MB
[ "19:53:13.197" ][SystemMonitor] Stats Update: CPU App: 0.512821 % | Sys: 74.6154 % | RAM App: 220.637 MB | Sys Avail: 15639.6 MB / 65466.5 MB
[ "19:53:14.179" ][SystemMonitor] Stats Update: CPU App: 0.26455 % | Sys: 73.8095 % | RAM App: 220.664 MB | Sys Avail: 15641.8 MB / 65466.5 MB
[ "19:53:15.179" ][SystemMonitor] Stats Update: CPU App: 0.520833 % | Sys: 79.6875 % | RAM App: 220.691 MB | Sys Avail: 15642.1 MB / 65466.5 MB
[ "19:53:16.178" ][SystemMonitor] Stats Update: CPU App: 0.78125 % | Sys: 80.2083 % | RAM App: 220.734 MB | Sys Avail: 15653.5 MB / 65466.5 MB
TelemetryMonitor: Processed 300 frames. Current FPS: 29
[ "19:53:17.198" ][SystemMonitor] Stats Update: CPU App: 0.25641 % | Sys: 85.8974 % | RAM App: 220.758 MB | Sys Avail: 15628.7 MB / 65466.5 MB
[ "19:53:18.181" ][SystemMonitor] Stats Update: CPU App: 0.793651 % | Sys: 91.5344 % | RAM App: 220.801 MB | Sys Avail: 15638.6 MB / 65466.5 MB
[ "19:53:19.201" ][SystemMonitor] Stats Update: CPU App: 0.769231 % | Sys: 72.5641 % | RAM App: 219.883 MB | Sys Avail: 15640.9 MB / 65466.5 MB
[ "19:53:20.180" ][SystemMonitor] Stats Update: CPU App: 1.32275 % | Sys: 72.7513 % | RAM App: 219.883 MB | Sys Avail: 15640.2 MB / 65466.5 MB
[ "19:53:21.180" ][SystemMonitor] Stats Update: CPU App: 0.520833 % | Sys: 67.1875 % | RAM App: 219.883 MB | Sys Avail: 15640.5 MB / 65466.5 MB
[ "19:53:22.196" ][SystemMonitor] Stats Update: CPU App: 1.02564 % | Sys: 70.5128 % | RAM App: 219.883 MB | Sys Avail: 15636.7 MB / 65466.5 MB
[ "19:53:23.197" ][SystemMonitor] Stats Update: CPU App: 1.5625 % | Sys: 80.2083 % | RAM App: 219.934 MB | Sys Avail: 15635.1 MB / 65466.5 MB
[ "19:53:24.180" ][SystemMonitor] Stats Update: CPU App: 1.32275 % | Sys: 78.3069 % | RAM App: 219.953 MB | Sys Avail: 15626.2 MB / 65466.5 MB
[ "19:53:25.180" ][SystemMonitor] Stats Update: CPU App: 0.78125 % | Sys: 71.875 % | RAM App: 219.98 MB | Sys Avail: 15621.5 MB / 65466.5 MB
[ "19:53:26.180" ][SystemMonitor] Stats Update: CPU App: 0.260417 % | Sys: 69.7917 % | RAM App: 219.98 MB | Sys Avail: 15625.6 MB / 65466.5 MB
TelemetryMonitor: Processed 300 frames. Current FPS: 30
[ "19:53:27.182" ][SystemMonitor] Stats Update: CPU App: 1.04167 % | Sys: 83.8542 % | RAM App: 219.984 MB | Sys Avail: 15626.1 MB / 65466.5 MB
[ "19:53:28.180" ][SystemMonitor] Stats Update: CPU App: 1.04167 % | Sys: 77.6042 % | RAM App: 219.984 MB | Sys Avail: 15614.2 MB / 65466.5 MB
[ "19:53:29.197" ][SystemMonitor] Stats Update: CPU App: 1.02564 % | Sys: 67.4359 % | RAM App: 220.051 MB | Sys Avail: 15606.1 MB / 65466.5 MB
[ "19:53:30.178" ][SystemMonitor] Stats Update: CPU App: 0.529101 % | Sys: 65.873 % | RAM App: 220.055 MB | Sys Avail: 15596.7 MB / 65466.5 MB
[ "19:53:31.197" ][SystemMonitor] Stats Update: CPU App: 1.02564 % | Sys: 81.2821 % | RAM App: 220.055 MB | Sys Avail: 15571.1 MB / 65466.5 MB
[ "19:53:32.180" ][SystemMonitor] Stats Update: CPU App: 0.793651 % | Sys: 73.0159 % | RAM App: 220.059 MB | Sys Avail: 15576.5 MB / 65466.5 MB
[ "19:53:33.178" ][SystemMonitor] Stats Update: CPU App: 0.520833 % | Sys: 69.0104 % | RAM App: 220.059 MB | Sys Avail: 15578.2 MB / 65466.5 MB
[ "19:53:34.181" ][SystemMonitor] Stats Update: CPU App: 1.04167 % | Sys: 75.2604 % | RAM App: 220.094 MB | Sys Avail: 15577.3 MB / 65466.5 MB
[ "19:53:35.181" ][SystemMonitor] Stats Update: CPU App: 0.78125 % | Sys: 82.5521 % | RAM App: 220.102 MB | Sys Avail: 15580.2 MB / 65466.5 MB
[ "19:53:36.181" ][SystemMonitor] Stats Update: CPU App: 0.78125 % | Sys: 90.1042 % | RAM App: 220.105 MB | Sys Avail: 15765.3 MB / 65466.5 MB
TelemetryMonitor: Processed 300 frames. Current FPS: 30
[ "19:53:37.180" ][SystemMonitor] Stats Update: CPU App: 0.520833 % | Sys: 82.5521 % | RAM App: 220.129 MB | Sys Avail: 15790.2 MB / 65466.5 MB
[ "19:53:38.198" ][SystemMonitor] Stats Update: CPU App: 1.53846 % | Sys: 89.2308 % | RAM App: 220.156 MB | Sys Avail: 15787.8 MB / 65466.5 MB
[ "19:53:39.180" ][SystemMonitor] Stats Update: CPU App: 1.0582 % | Sys: 76.7196 % | RAM App: 220.215 MB | Sys Avail: 15758.4 MB / 65466.5 MB
[ "19:53:40.177" ][SystemMonitor] Stats Update: CPU App: 0.78125 % | Sys: 83.8542 % | RAM App: 220.246 MB | Sys Avail: 15677.4 MB / 65466.5 MB
[ "19:53:41.181" ][SystemMonitor] Stats Update: CPU App: 0.78125 % | Sys: 84.6354 % | RAM App: 220.27 MB | Sys Avail: 15530.3 MB / 65466.5 MB
[ "19:53:42.202" ][SystemMonitor] Stats Update: CPU App: 0.769231 % | Sys: 88.2051 % | RAM App: 220.289 MB | Sys Avail: 15538 MB / 65466.5 MB
[ "19:53:43.197" ][SystemMonitor] Stats Update: CPU App: 1.04167 % | Sys: 84.6354 % | RAM App: 220.316 MB | Sys Avail: 15490.8 MB / 65466.5 MB
[ "19:53:44.181" ][SystemMonitor] Stats Update: CPU App: 0.793651 % | Sys: 82.8042 % | RAM App: 220.336 MB | Sys Avail: 15468.5 MB / 65466.5 MB
[ "19:53:45.177" ][SystemMonitor] Stats Update: CPU App: 0.78125 % | Sys: 82.2917 % | RAM App: 220.355 MB | Sys Avail: 15423.6 MB / 65466.5 MB
[ "19:53:46.181" ][SystemMonitor] Stats Update: CPU App: 0.260417 % | Sys: 90.3646 % | RAM App: 220.379 MB | Sys Avail: 15323.2 MB / 65466.5 MB
[ "19:53:47.181" ][SystemMonitor] Stats Update: CPU App: 0.520833 % | Sys: 86.4583 % | RAM App: 220.43 MB | Sys Avail: 15438.2 MB / 65466.5 MB
TelemetryMonitor: Processed 300 frames. Current FPS: 30
[ "19:53:48.181" ][SystemMonitor] Stats Update: CPU App: 1.5625 % | Sys: 84.8958 % | RAM App: 220.449 MB | Sys Avail: 15273.9 MB / 65466.5 MB
[ "19:53:49.198" ][SystemMonitor] Stats Update: CPU App: 0.512821 % | Sys: 79.4872 % | RAM App: 220.504 MB | Sys Avail: 15230.5 MB / 65466.5 MB
[ "19:53:50.182" ][SystemMonitor] Stats Update: CPU App: 0.793651 % | Sys: 86.5079 % | RAM App: 220.527 MB | Sys Avail: 15258.5 MB / 65466.5 MB
[ "19:53:51.199" ][SystemMonitor] Stats Update: CPU App: 0.25641 % | Sys: 85.641 % | RAM App: 220.547 MB | Sys Avail: 15283.5 MB / 65466.5 MB
[ "19:53:52.181" ][SystemMonitor] Stats Update: CPU App: 1.32275 % | Sys: 78.836 % | RAM App: 220.598 MB | Sys Avail: 15352.3 MB / 65466.5 MB
[ "19:53:53.199" ][SystemMonitor] Stats Update: CPU App: 1.79487 % | Sys: 69.7436 % | RAM App: 220.617 MB | Sys Avail: 15493.2 MB / 65466.5 MB
[ "19:53:54.181" ][SystemMonitor] Stats Update: CPU App: 0 % | Sys: 67.7249 % | RAM App: 220.668 MB | Sys Avail: 15499 MB / 65466.5 MB
[ "19:53:55.182" ][SystemMonitor] Stats Update: CPU App: 0.78125 % | Sys: 76.5625 % | RAM App: 220.688 MB | Sys Avail: 15490 MB / 65466.5 MB
[ "19:53:56.180" ][SystemMonitor] Stats Update: CPU App: 0.520833 % | Sys: 72.9167 % | RAM App: 220.738 MB | Sys Avail: 15497.1 MB / 65466.5 MB
[ "19:53:57.177" ][SystemMonitor] Stats Update: CPU App: 0.78125 % | Sys: 68.4896 % | RAM App: 220.762 MB | Sys Avail: 15503.9 MB / 65466.5 MB
TelemetryMonitor: Processed 300 frames. Current FPS: 30
[ "19:53:58.198" ][SystemMonitor] Stats Update: CPU App: 0.25641 % | Sys: 71.2821 % | RAM App: 220.781 MB | Sys Avail: 15511.8 MB / 65466.5 MB
[ "19:53:59.181" ][SystemMonitor] Stats Update: CPU App: 0 % | Sys: 68.7831 % | RAM App: 220.805 MB | Sys Avail: 15465.1 MB / 65466.5 MB
[ "19:54:00.183" ][SystemMonitor] Stats Update: CPU App: 0.520833 % | Sys: 73.9583 % | RAM App: 220.855 MB | Sys Avail: 15508.8 MB / 65466.5 MB
[ "19:54:01.198" ][SystemMonitor] Stats Update: CPU App: 1.28205 % | Sys: 70.7692 % | RAM App: 220.875 MB | Sys Avail: 15470.7 MB / 65466.5 MB
[ "19:54:02.200" ][SystemMonitor] Stats Update: CPU App: 1.5625 % | Sys: 79.6875 % | RAM App: 220.898 MB | Sys Avail: 15382.9 MB / 65466.5 MB
[ "19:54:03.181" ][SystemMonitor] Stats Update: CPU App: 0.793651 % | Sys: 75.6614 % | RAM App: 220.918 MB | Sys Avail: 15444.3 MB / 65466.5 MB
[ "19:54:04.181" ][SystemMonitor] Stats Update: CPU App: 0.260417 % | Sys: 72.6563 % | RAM App: 220.938 MB | Sys Avail: 15484.4 MB / 65466.5 MB
[ "19:54:05.198" ][SystemMonitor] Stats Update: CPU App: 0.25641 % | Sys: 93.8462 % | RAM App: 220.961 MB | Sys Avail: 15480.3 MB / 65466.5 MB
[ "19:54:06.183" ][SystemMonitor] Stats Update: CPU App: 0.793651 % | Sys: 97.3545 % | RAM App: 221.012 MB | Sys Avail: 15457.7 MB / 65466.5 MB
[ "19:54:07.177" ][SystemMonitor] Stats Update: CPU App: 1.30208 % | Sys: 88.8021 % | RAM App: 221.031 MB | Sys Avail: 15461.7 MB / 65466.5 MB
TelemetryMonitor: Processed 300 frames. Current FPS: 30
[ "19:54:08.181" ][SystemMonitor] Stats Update: CPU App: 0.520833 % | Sys: 81.25 % | RAM App: 221.055 MB | Sys Avail: 15460.1 MB / 65466.5 MB
[ "19:54:09.198" ][SystemMonitor] Stats Update: CPU App: 0.769231 % | Sys: 76.1538 % | RAM App: 221.078 MB | Sys Avail: 15392 MB / 65466.5 MB
[ "19:54:10.183" ][SystemMonitor] Stats Update: CPU App: 1.32275 % | Sys: 83.0688 % | RAM App: 221.125 MB | Sys Avail: 15477.1 MB / 65466.5 MB
[ "19:54:11.200" ][SystemMonitor] Stats Update: CPU App: 0 % | Sys: 97.9487 % | RAM App: 221.148 MB | Sys Avail: 15530.3 MB / 65466.5 MB
[ "19:54:12.183" ][SystemMonitor] Stats Update: CPU App: 0 % | Sys: 94.709 % | RAM App: 221.27 MB | Sys Avail: 15402.2 MB / 65466.5 MB
[ "19:54:13.182" ][SystemMonitor] Stats Update: CPU App: 2.34375 % | Sys: 89.0625 % | RAM App: 221.293 MB | Sys Avail: 15284.8 MB / 65466.5 MB
[ "19:54:14.183" ][SystemMonitor] Stats Update: CPU App: 1.04167 % | Sys: 72.1354 % | RAM App: 221.313 MB | Sys Avail: 15346.9 MB / 65466.5 MB
[ "19:54:15.198" ][SystemMonitor] Stats Update: CPU App: 1.28205 % | Sys: 76.6667 % | RAM App: 221.332 MB | Sys Avail: 15420 MB / 65466.5 MB
[ "19:54:16.180" ][SystemMonitor] Stats Update: CPU App: 0.529101 % | Sys: 57.1429 % | RAM App: 221.355 MB | Sys Avail: 15417.9 MB / 65466.5 MB
[ "19:54:17.182" ][SystemMonitor] Stats Update: CPU App: 1.30208 % | Sys: 75.2604 % | RAM App: 221.375 MB | Sys Avail: 15416 MB / 65466.5 MB
[ "19:54:18.200" ][SystemMonitor] Stats Update: CPU App: 0.512821 % | Sys: 83.8462 % | RAM App: 220.457 MB | Sys Avail: 15413.9 MB / 65466.5 MB
TelemetryMonitor: Processed 300 frames. Current FPS: 29
[ "19:54:19.182" ][SystemMonitor] Stats Update: CPU App: 0.793651 % | Sys: 80.9524 % | RAM App: 220.457 MB | Sys Avail: 15426.8 MB / 65466.5 MB
[ "19:54:20.184" ][SystemMonitor] Stats Update: CPU App: 0.78125 % | Sys: 77.6042 % | RAM App: 220.488 MB | Sys Avail: 15426.8 MB / 65466.5 MB
[ "19:54:21.182" ][SystemMonitor] Stats Update: CPU App: 1.04167 % | Sys: 82.2917 % | RAM App: 220.488 MB | Sys Avail: 15426.9 MB / 65466.5 MB
[ "19:54:22.182" ][SystemMonitor] Stats Update: CPU App: 0.520833 % | Sys: 88.8021 % | RAM App: 220.488 MB | Sys Avail: 15436.1 MB / 65466.5 MB
[ "19:54:23.182" ][SystemMonitor] Stats Update: CPU App: 1.5625 % | Sys: 86.1979 % | RAM App: 220.488 MB | Sys Avail: 15430.5 MB / 65466.5 MB
[ "19:54:24.178" ][SystemMonitor] Stats Update: CPU App: 0.78125 % | Sys: 84.375 % | RAM App: 220.52 MB | Sys Avail: 15428.2 MB / 65466.5 MB
[ "19:54:25.177" ][SystemMonitor] Stats Update: CPU App: 0.260417 % | Sys: 85.1563 % | RAM App: 220.52 MB | Sys Avail: 15427 MB / 65466.5 MB
[ "19:54:26.182" ][SystemMonitor] Stats Update: CPU App: 1.04167 % | Sys: 80.9896 % | RAM App: 220.52 MB | Sys Avail: 15430.3 MB / 65466.5 MB
[ "19:54:27.178" ][SystemMonitor] Stats Update: CPU App: 0.260417 % | Sys: 87.2396 % | RAM App: 220.52 MB | Sys Avail: 15428.5 MB / 65466.5 MB
[ "19:54:28.199" ][SystemMonitor] Stats Update: CPU App: 0.512821 % | Sys: 86.9231 % | RAM App: 220.52 MB | Sys Avail: 15441.6 MB / 65466.5 MB
TelemetryMonitor: Processed 300 frames. Current FPS: 29
[ "19:54:29.183" ][SystemMonitor] Stats Update: CPU App: 0.793651 % | Sys: 87.8307 % | RAM App: 220.52 MB | Sys Avail: 15440.9 MB / 65466.5 MB
[ "19:54:30.182" ][SystemMonitor] Stats Update: CPU App: 1.04167 % | Sys: 85.9375 % | RAM App: 220.551 MB | Sys Avail: 15431 MB / 65466.5 MB
[ "19:54:31.182" ][SystemMonitor] Stats Update: CPU App: 1.04167 % | Sys: 84.375 % | RAM App: 220.551 MB | Sys Avail: 15432.6 MB / 65466.5 MB
[ "19:54:32.183" ][SystemMonitor] Stats Update: CPU App: 0.520833 % | Sys: 85.9375 % | RAM App: 220.582 MB | Sys Avail: 15433.5 MB / 65466.5 MB
[ "19:54:33.177" ][SystemMonitor] Stats Update: CPU App: 0.78125 % | Sys: 94.5313 % | RAM App: 220.594 MB | Sys Avail: 15413.2 MB / 65466.5 MB
[ "19:54:34.184" ][SystemMonitor] Stats Update: CPU App: 1.30208 % | Sys: 96.3542 % | RAM App: 220.648 MB | Sys Avail: 15431.6 MB / 65466.5 MB
[ "19:54:35.188" ][SystemMonitor] Stats Update: CPU App: 0.260417 % | Sys: 85.1563 % | RAM App: 220.668 MB | Sys Avail: 15437.9 MB / 65466.5 MB
[ "19:54:36.183" ][SystemMonitor] Stats Update: CPU App: 1.82292 % | Sys: 97.1354 % | RAM App: 220.688 MB | Sys Avail: 15614.3 MB / 65466.5 MB
[ "19:54:37.184" ][SystemMonitor] Stats Update: CPU App: 0.260417 % | Sys: 97.1354 % | RAM App: 220.711 MB | Sys Avail: 15642.8 MB / 65466.5 MB
[ "19:54:38.185" ][SystemMonitor] Stats Update: CPU App: 0.78125 % | Sys: 97.3958 % | RAM App: 220.727 MB | Sys Avail: 15607.2 MB / 65466.5 MB
[ "19:54:39.226" ][SystemMonitor] Stats Update: CPU App: 0.757576 % | Sys: 95.4545 % | RAM App: 220.75 MB | Sys Avail: 15587.1 MB / 65466.5 MB
[ "19:54:40.242" ][SystemMonitor] Stats Update: CPU App: 1.02564 % | Sys: 93.0769 % | RAM App: 220.77 MB | Sys Avail: 15470.9 MB / 65466.5 MB
[ "19:54:41.283" ][SystemMonitor] Stats Update: CPU App: 0.746269 % | Sys: 93.7811 % | RAM App: 220.789 MB | Sys Avail: 15380.3 MB / 65466.5 MB
[ "19:54:42.292" ][SystemMonitor] Stats Update: CPU App: 0.260417 % | Sys: 93.4896 % | RAM App: 220.809 MB | Sys Avail: 15365.3 MB / 65466.5 MB
[ "19:54:43.296" ][SystemMonitor] Stats Update: CPU App: 0 % | Sys: 92.4479 % | RAM App: 220.828 MB | Sys Avail: 15355.8 MB / 65466.5 MB
[ "19:54:44.433" ][SystemMonitor] Stats Update: CPU App: 0.228311 % | Sys: 95.4338 % | RAM App: 220.852 MB | Sys Avail: 15311.5 MB / 65466.5 MB
TelemetryMonitor: Processed 300 frames. Current FPS: 6
[ "19:54:47.292" ][SystemMonitor] Stats Update: CPU App: 0.362319 % | Sys: 92.663 % | RAM App: 220.863 MB | Sys Avail: 15264.1 MB / 65466.5 MB
[ "19:54:48.295" ][SystemMonitor] Stats Update: CPU App: 1.82292 % | Sys: 93.75 % | RAM App: 220.918 MB | Sys Avail: 15261.8 MB / 65466.5 MB
[ "19:54:49.339" ][SystemMonitor] Stats Update: CPU App: 2.48756 % | Sys: 94.7761 % | RAM App: 220.938 MB | Sys Avail: 15322.1 MB / 65466.5 MB
[ "19:54:50.319" ][SystemMonitor] Stats Update: CPU App: 1.5873 % | Sys: 94.9735 % | RAM App: 220.957 MB | Sys Avail: 15331.8 MB / 65466.5 MB
[ "19:54:51.309" ][SystemMonitor] Stats Update: CPU App: 1.32275 % | Sys: 96.2963 % | RAM App: 220.98 MB | Sys Avail: 15281.5 MB / 65466.5 MB
[ "19:54:52.303" ][SystemMonitor] Stats Update: CPU App: 0.529101 % | Sys: 92.8571 % | RAM App: 221.031 MB | Sys Avail: 15142.6 MB / 65466.5 MB
[ "19:54:53.316" ][SystemMonitor] Stats Update: CPU App: 0.769231 % | Sys: 95.1282 % | RAM App: 221.051 MB | Sys Avail: 15241.9 MB / 65466.5 MB
[ "19:54:54.301" ][SystemMonitor] Stats Update: CPU App: 1.5873 % | Sys: 85.9788 % | RAM App: 221.074 MB | Sys Avail: 15252.3 MB / 65466.5 MB
[ "19:54:55.293" ][SystemMonitor] Stats Update: CPU App: 0.520833 % | Sys: 84.6354 % | RAM App: 221.125 MB | Sys Avail: 15363.8 MB / 65466.5 MB
[ "19:54:56.305" ][SystemMonitor] Stats Update: CPU App: 1.82292 % | Sys: 74.036 % | RAM App: 221.176 MB | Sys Avail: 15368.5 MB / 65466.5 MB
[ "19:54:57.290" ][SystemMonitor] Stats Update: CPU App: 0.78125 % | Sys: 72.5594 % | RAM App: 221.199 MB | Sys Avail: 15381.7 MB / 65466.5 MB
[ "19:54:58.295" ][SystemMonitor] Stats Update: CPU App: 0.78125 % | Sys: 76.5625 % | RAM App: 221.219 MB | Sys Avail: 15386 MB / 65466.5 MB
[ "19:54:59.302" ][SystemMonitor] Stats Update: CPU App: 0 % | Sys: 72.3958 % | RAM App: 221.238 MB | Sys Avail: 15380.9 MB / 65466.5 MB
TelemetryMonitor: Processed 300 frames. Current FPS: 29
[ "19:55:00.297" ][SystemMonitor] Stats Update: CPU App: 1.5625 % | Sys: 69.5313 % | RAM App: 221.258 MB | Sys Avail: 15378.3 MB / 65466.5 MB
[ "19:55:01.318" ][SystemMonitor] Stats Update: CPU App: 1.02564 % | Sys: 77.6923 % | RAM App: 221.281 MB | Sys Avail: 15379.7 MB / 65466.5 MB
[ "19:55:02.293" ][SystemMonitor] Stats Update: CPU App: 0.529101 % | Sys: 66.1376 % | RAM App: 221.301 MB | Sys Avail: 15379.9 MB / 65466.5 MB
[ "19:55:03.344" ][SystemMonitor] Stats Update: CPU App: 0.746269 % | Sys: 76.8657 % | RAM App: 221.32 MB | Sys Avail: 15382.3 MB / 65466.5 MB
[ "19:55:04.307" ][SystemMonitor] Stats Update: CPU App: 0.273224 % | Sys: 68.306 % | RAM App: 221.379 MB | Sys Avail: 15386.9 MB / 65466.5 MB
[ "19:55:05.302" ][SystemMonitor] Stats Update: CPU App: 0.78125 % | Sys: 75.5208 % | RAM App: 221.398 MB | Sys Avail: 15387.5 MB / 65466.5 MB
[ "19:55:06.311" ][SystemMonitor] Stats Update: CPU App: 1.30208 % | Sys: 94.2708 % | RAM App: 221.418 MB | Sys Avail: 15337.4 MB / 65466.5 MB
[ "19:55:07.290" ][SystemMonitor] Stats Update: CPU App: 1.82292 % | Sys: 79.1667 % | RAM App: 221.457 MB | Sys Avail: 15379.3 MB / 65466.5 MB
[ "19:55:08.291" ][SystemMonitor] Stats Update: CPU App: 0.520833 % | Sys: 88.8021 % | RAM App: 221.477 MB | Sys Avail: 15383.1 MB / 65466.5 MB
[ "19:55:09.302" ][SystemMonitor] Stats Update: CPU App: 1.5625 % | Sys: 83.8542 % | RAM App: 221.555 MB | Sys Avail: 15377.1 MB / 65466.5 MB
TelemetryMonitor: Processed 300 frames. Current FPS: 30
[ "19:55:10.310" ][SystemMonitor] Stats Update: CPU App: 0.512821 % | Sys: 81.5385 % | RAM App: 221.574 MB | Sys Avail: 15416.1 MB / 65466.5 MB
[ "19:55:11.293" ][SystemMonitor] Stats Update: CPU App: 0.529101 % | Sys: 83.5979 % | RAM App: 221.594 MB | Sys Avail: 15421.1 MB / 65466.5 MB
[ "19:55:12.289" ][SystemMonitor] Stats Update: CPU App: 0.520833 % | Sys: 80.2083 % | RAM App: 221.613 MB | Sys Avail: 15362.6 MB / 65466.5 MB
[ "19:55:13.302" ][SystemMonitor] Stats Update: CPU App: 2.86458 % | Sys: 75.2604 % | RAM App: 221.668 MB | Sys Avail: 15364 MB / 65466.5 MB
[ "19:55:14.300" ][SystemMonitor] Stats Update: CPU App: 1.04167 % | Sys: 77.0833 % | RAM App: 221.703 MB | Sys Avail: 15367.3 MB / 65466.5 MB
[ "19:55:15.302" ][SystemMonitor] Stats Update: CPU App: 2.08333 % | Sys: 74.7396 % | RAM App: 221.723 MB | Sys Avail: 15351.1 MB / 65466.5 MB
[ "19:55:16.288" ][SystemMonitor] Stats Update: CPU App: 1.04167 % | Sys: 72.1354 % | RAM App: 221.781 MB | Sys Avail: 15356.4 MB / 65466.5 MB
[ "19:55:17.304" ][SystemMonitor] Stats Update: CPU App: 0.257069 % | Sys: 72.8205 % | RAM App: 221.871 MB | Sys Avail: 15352.6 MB / 65466.5 MB
[ "19:55:18.302" ][SystemMonitor] Stats Update: CPU App: 1.05541 % | Sys: 86.5079 % | RAM App: 221.035 MB | Sys Avail: 15359.1 MB / 65466.5 MB
[ "19:55:19.301" ][SystemMonitor] Stats Update: CPU App: 2.34375 % | Sys: 78.125 % | RAM App: 221.035 MB | Sys Avail: 15361.5 MB / 65466.5 MB
TelemetryMonitor: Processed 300 frames. Current FPS: 29
[ "19:55:20.304" ][SystemMonitor] Stats Update: CPU App: 0.520833 % | Sys: 76.3021 % | RAM App: 221.035 MB | Sys Avail: 15348.5 MB / 65466.5 MB
[ "19:55:21.314" ][SystemMonitor] Stats Update: CPU App: 0.769231 % | Sys: 74.1026 % | RAM App: 221.035 MB | Sys Avail: 15345.4 MB / 65466.5 MB
[ "19:55:22.297" ][SystemMonitor] Stats Update: CPU App: 0.793651 % | Sys: 75.1323 % | RAM App: 221.051 MB | Sys Avail: 15296.1 MB / 65466.5 MB
[ "19:55:23.301" ][SystemMonitor] Stats Update: CPU App: 0.520833 % | Sys: 85.9375 % | RAM App: 221.07 MB | Sys Avail: 15289.5 MB / 65466.5 MB
[ "19:55:24.303" ][SystemMonitor] Stats Update: CPU App: 1.04167 % | Sys: 74.4792 % | RAM App: 221.086 MB | Sys Avail: 15283.9 MB / 65466.5 MB
[ "19:55:25.291" ][SystemMonitor] Stats Update: CPU App: 0.78125 % | Sys: 74.2188 % | RAM App: 221.125 MB | Sys Avail: 15282.1 MB / 65466.5 MB
[ "19:55:26.294" ][SystemMonitor] Stats Update: CPU App: 1.5625 % | Sys: 68.2292 % | RAM App: 221.16 MB | Sys Avail: 15279 MB / 65466.5 MB
[ "19:55:27.312" ][SystemMonitor] Stats Update: CPU App: 1.02564 % | Sys: 81.5385 % | RAM App: 221.16 MB | Sys Avail: 15283.4 MB / 65466.5 MB
[ "19:55:28.311" ][SystemMonitor] Stats Update: CPU App: 0.520833 % | Sys: 73.4375 % | RAM App: 221.16 MB | Sys Avail: 15260.9 MB / 65466.5 MB
[ "19:55:29.303" ][SystemMonitor] Stats Update: CPU App: 0.529101 % | Sys: 71.9577 % | RAM App: 221.191 MB | Sys Avail: 15240.9 MB / 65466.5 MB
TelemetryMonitor: Processed 300 frames. Current FPS: 30
[ "19:55:30.296" ][SystemMonitor] Stats Update: CPU App: 1.04167 % | Sys: 68.2292 % | RAM App: 221.223 MB | Sys Avail: 15246.2 MB / 65466.5 MB
[ "19:55:31.323" ][SystemMonitor] Stats Update: CPU App: 0.512821 % | Sys: 79.2308 % | RAM App: 221.223 MB | Sys Avail: 15242.8 MB / 65466.5 MB
[ "19:55:32.304" ][SystemMonitor] Stats Update: CPU App: 0 % | Sys: 71.164 % | RAM App: 221.223 MB | Sys Avail: 15229.6 MB / 65466.5 MB
[ "19:55:33.295" ][SystemMonitor] Stats Update: CPU App: 0.78125 % | Sys: 69.5313 % | RAM App: 221.223 MB | Sys Avail: 15235.7 MB / 65466.5 MB
[ "19:55:34.302" ][SystemMonitor] Stats Update: CPU App: 0.260417 % | Sys: 65.625 % | RAM App: 221.223 MB | Sys Avail: 15229.4 MB / 65466.5 MB
[ "19:55:35.309" ][SystemMonitor] Stats Update: CPU App: 1.54242 % | Sys: 81.5385 % | RAM App: 221.223 MB | Sys Avail: 15229.7 MB / 65466.5 MB
[ "19:55:36.297" ][SystemMonitor] Stats Update: CPU App: 0.791557 % | Sys: 92.0635 % | RAM App: 221.242 MB | Sys Avail: 15191.4 MB / 65466.5 MB
[ "19:55:37.291" ][SystemMonitor] Stats Update: CPU App: 0.520833 % | Sys: 59.1146 % | RAM App: 221.266 MB | Sys Avail: 15213.3 MB / 65466.5 MB
[ "19:55:38.307" ][SystemMonitor] Stats Update: CPU App: 1.28205 % | Sys: 71.2821 % | RAM App: 221.285 MB | Sys Avail: 15187 MB / 65466.5 MB
[ "19:55:39.292" ][SystemMonitor] Stats Update: CPU App: 1.0582 % | Sys: 54.4974 % | RAM App: 221.309 MB | Sys Avail: 15205.5 MB / 65466.5 MB
[ "19:55:40.302" ][SystemMonitor] Stats Update: CPU App: 1.30208 % | Sys: 53.125 % | RAM App: 221.359 MB | Sys Avail: 15200.3 MB / 65466.5 MB
TelemetryMonitor: Processed 300 frames. Current FPS: 30
[ "19:55:41.301" ][SystemMonitor] Stats Update: CPU App: 0.78125 % | Sys: 77.8646 % | RAM App: 221.379 MB | Sys Avail: 15204.5 MB / 65466.5 MB
[ "19:55:42.293" ][SystemMonitor] Stats Update: CPU App: 1.04167 % | Sys: 69.0104 % | RAM App: 221.402 MB | Sys Avail: 15209.9 MB / 65466.5 MB
[ "19:55:43.321" ][SystemMonitor] Stats Update: CPU App: 0 % | Sys: 73.6709 % | RAM App: 221.422 MB | Sys Avail: 15230.7 MB / 65466.5 MB
[ "19:55:44.302" ][SystemMonitor] Stats Update: CPU App: 0.26455 % | Sys: 71.8499 % | RAM App: 221.473 MB | Sys Avail: 15243.4 MB / 65466.5 MB
[ "19:55:45.304" ][SystemMonitor] Stats Update: CPU App: 1.28205 % | Sys: 81.2821 % | RAM App: 221.496 MB | Sys Avail: 15221.9 MB / 65466.5 MB
[ "19:55:46.305" ][SystemMonitor] Stats Update: CPU App: 0.520833 % | Sys: 69.2708 % | RAM App: 221.547 MB | Sys Avail: 15193.2 MB / 65466.5 MB
[ "19:55:47.304" ][SystemMonitor] Stats Update: CPU App: 1.04167 % | Sys: 68.75 % | RAM App: 221.566 MB | Sys Avail: 15199.1 MB / 65466.5 MB
[ "19:55:48.304" ][SystemMonitor] Stats Update: CPU App: 0.529101 % | Sys: 79.7368 % | RAM App: 221.59 MB | Sys Avail: 15158.4 MB / 65466.5 MB
[ "19:55:49.332" ][SystemMonitor] Stats Update: CPU App: 0.505051 % | Sys: 91.8782 % | RAM App: 221.641 MB | Sys Avail: 15136.4 MB / 65466.5 MB
[ "19:55:50.338" ][SystemMonitor] Stats Update: CPU App: 1.53846 % | Sys: 87.4359 % | RAM App: 221.66 MB | Sys Avail: 15090.6 MB / 65466.5 MB
TelemetryMonitor: Processed 300 frames. Current FPS: 29
[ "19:55:51.342" ][SystemMonitor] Stats Update: CPU App: 0.520833 % | Sys: 84.6354 % | RAM App: 221.75 MB | Sys Avail: 15133.2 MB / 65466.5 MB
[ "19:55:52.353" ][SystemMonitor] Stats Update: CPU App: 0.78125 % | Sys: 96.3731 % | RAM App: 221.777 MB | Sys Avail: 15120.9 MB / 65466.5 MB
[ "19:55:53.322" ][SystemMonitor] Stats Update: CPU App: 0.26455 % | Sys: 90.1596 % | RAM App: 221.797 MB | Sys Avail: 15086.1 MB / 65466.5 MB
[ "19:55:54.322" ][SystemMonitor] Stats Update: CPU App: 0.78125 % | Sys: 80.2083 % | RAM App: 221.824 MB | Sys Avail: 15094.9 MB / 65466.5 MB
[ "19:55:55.337" ][SystemMonitor] Stats Update: CPU App: 0.512821 % | Sys: 77.4359 % | RAM App: 221.848 MB | Sys Avail: 15116 MB / 65466.5 MB
[ "19:55:56.330" ][SystemMonitor] Stats Update: CPU App: 1.0582 % | Sys: 84.6561 % | RAM App: 221.871 MB | Sys Avail: 15139 MB / 65466.5 MB
[ "19:55:57.323" ][SystemMonitor] Stats Update: CPU App: 1.30208 % | Sys: 82.2917 % | RAM App: 221.898 MB | Sys Avail: 15121 MB / 65466.5 MB
[ "19:55:58.328" ][SystemMonitor] Stats Update: CPU App: 0.260417 % | Sys: 73.9583 % | RAM App: 221.922 MB | Sys Avail: 15125.8 MB / 65466.5 MB
[ "19:55:59.337" ][SystemMonitor] Stats Update: CPU App: 1.53846 % | Sys: 69.4872 % | RAM App: 221.961 MB | Sys Avail: 15133.8 MB / 65466.5 MB
[ "19:56:00.326" ][SystemMonitor] Stats Update: CPU App: 0.529101 % | Sys: 77.2487 % | RAM App: 221.988 MB | Sys Avail: 15154.3 MB / 65466.5 MB
[ "19:56:01.328" ][SystemMonitor] Stats Update: CPU App: 1.04167 % | Sys: 86.1979 % | RAM App: 222.066 MB | Sys Avail: 15130.1 MB / 65466.5 MB
TelemetryMonitor: Processed 300 frames. Current FPS: 29
[ "19:56:02.332" ][SystemMonitor] Stats Update: CPU App: 1.04167 % | Sys: 88.0208 % | RAM App: 222.094 MB | Sys Avail: 15043.9 MB / 65466.5 MB
[ "19:56:03.325" ][SystemMonitor] Stats Update: CPU App: 1.04167 % | Sys: 85.9375 % | RAM App: 222.121 MB | Sys Avail: 15096.9 MB / 65466.5 MB
[ "19:56:04.337" ][SystemMonitor] Stats Update: CPU App: 1.02564 % | Sys: 82.3077 % | RAM App: 222.145 MB | Sys Avail: 15115.5 MB / 65466.5 MB
[ "19:56:05.327" ][SystemMonitor] Stats Update: CPU App: 0.793651 % | Sys: 87.3016 % | RAM App: 222.168 MB | Sys Avail: 15096.4 MB / 65466.5 MB
[ "19:56:06.346" ][SystemMonitor] Stats Update: CPU App: 0 % | Sys: 95.1282 % | RAM App: 222.195 MB | Sys Avail: 15016.4 MB / 65466.5 MB
[ "19:56:07.321" ][SystemMonitor] Stats Update: CPU App: 0.529101 % | Sys: 95.7672 % | RAM App: 222.281 MB | Sys Avail: 15102.9 MB / 65466.5 MB
[ "19:56:08.321" ][SystemMonitor] Stats Update: CPU App: 0.78125 % | Sys: 97.9167 % | RAM App: 222.313 MB | Sys Avail: 15056.5 MB / 65466.5 MB
[ "19:56:09.328" ][SystemMonitor] Stats Update: CPU App: 0.520833 % | Sys: 90.8854 % | RAM App: 222.34 MB | Sys Avail: 15055.8 MB / 65466.5 MB
[ "19:56:10.340" ][SystemMonitor] Stats Update: CPU App: 0.25641 % | Sys: 95.8974 % | RAM App: 222.363 MB | Sys Avail: 15086.7 MB / 65466.5 MB
[ "19:56:11.339" ][SystemMonitor] Stats Update: CPU App: 0.260417 % | Sys: 91.9271 % | RAM App: 222.387 MB | Sys Avail: 15098.2 MB / 65466.5 MB
TelemetryMonitor: Processed 300 frames. Current FPS: 30
[ "19:56:12.349" ][SystemMonitor] Stats Update: CPU App: 1.85185 % | Sys: 96.5608 % | RAM App: 222.414 MB | Sys Avail: 15011.8 MB / 65466.5 MB
[ "19:56:13.345" ][SystemMonitor] Stats Update: CPU App: 0.260417 % | Sys: 97.6563 % | RAM App: 222.438 MB | Sys Avail: 14941.8 MB / 65466.5 MB
[ "19:56:14.325" ][SystemMonitor] Stats Update: CPU App: 1.30208 % | Sys: 86.9792 % | RAM App: 222.461 MB | Sys Avail: 14969.7 MB / 65466.5 MB
[ "19:56:15.323" ][SystemMonitor] Stats Update: CPU App: 1.04167 % | Sys: 87.5 % | RAM App: 222.488 MB | Sys Avail: 14942.8 MB / 65466.5 MB
[ "19:56:16.321" ][SystemMonitor] Stats Update: CPU App: 0.78125 % | Sys: 83.8542 % | RAM App: 222.512 MB | Sys Avail: 14883.3 MB / 65466.5 MB
[ "19:56:17.320" ][SystemMonitor] Stats Update: CPU App: 0.520833 % | Sys: 85.4167 % | RAM App: 222.535 MB | Sys Avail: 14717.7 MB / 65466.5 MB
[ "19:56:18.321" ][SystemMonitor] Stats Update: CPU App: 0.520833 % | Sys: 83.0729 % | RAM App: 221.621 MB | Sys Avail: 14588.1 MB / 65466.5 MB
[ "19:56:19.328" ][SystemMonitor] Stats Update: CPU App: 0.520833 % | Sys: 84.8958 % | RAM App: 221.621 MB | Sys Avail: 14571.5 MB / 65466.5 MB
[ "19:56:20.338" ][SystemMonitor] Stats Update: CPU App: 0.769231 % | Sys: 88.7179 % | RAM App: 221.637 MB | Sys Avail: 14540.5 MB / 65466.5 MB
[ "19:56:21.342" ][SystemMonitor] Stats Update: CPU App: 0.260417 % | Sys: 96.3542 % | RAM App: 221.656 MB | Sys Avail: 14544.1 MB / 65466.5 MB
TelemetryMonitor: Processed 300 frames. Current FPS: 27
[ "19:56:22.357" ][SystemMonitor] Stats Update: CPU App: 0.25641 % | Sys: 97.4359 % | RAM App: 221.688 MB | Sys Avail: 14822.4 MB / 65466.5 MB
[ "19:56:23.354" ][SystemMonitor] Stats Update: CPU App: 0.78125 % | Sys: 100 % | RAM App: 221.711 MB | Sys Avail: 14865.9 MB / 65466.5 MB
[ "19:56:24.361" ][SystemMonitor] Stats Update: CPU App: 0.260417 % | Sys: 99.7396 % | RAM App: 221.719 MB | Sys Avail: 14849 MB / 65466.5 MB
[ "19:56:25.381" ][SystemMonitor] Stats Update: CPU App: 1.04439 % | Sys: 99.4872 % | RAM App: 221.719 MB | Sys Avail: 14850.8 MB / 65466.5 MB
[ "19:56:26.339" ][SystemMonitor] Stats Update: CPU App: 0 % | Sys: 100 % | RAM App: 221.723 MB | Sys Avail: 14805.3 MB / 65466.5 MB
[ "19:56:27.359" ][SystemMonitor] Stats Update: CPU App: 0.520833 % | Sys: 99.7436 % | RAM App: 221.723 MB | Sys Avail: 14768.1 MB / 65466.5 MB
[ "19:56:28.330" ][SystemMonitor] Stats Update: CPU App: 0.260417 % | Sys: 99.2063 % | RAM App: 221.723 MB | Sys Avail: 14850.6 MB / 65466.5 MB
[ "19:56:29.324" ][SystemMonitor] Stats Update: CPU App: 1.04167 % | Sys: 97.1354 % | RAM App: 221.723 MB | Sys Avail: 14843.3 MB / 65466.5 MB
[ "19:56:30.340" ][SystemMonitor] Stats Update: CPU App: 0.512821 % | Sys: 92.5641 % | RAM App: 221.727 MB | Sys Avail: 14844.6 MB / 65466.5 MB
[ "19:56:31.323" ][SystemMonitor] Stats Update: CPU App: 0.529101 % | Sys: 97.8836 % | RAM App: 221.727 MB | Sys Avail: 14887.8 MB / 65466.5 MB
[ "19:56:32.338" ][SystemMonitor] Stats Update: CPU App: 1.04167 % | Sys: 98.6979 % | RAM App: 221.73 MB | Sys Avail: 14857.5 MB / 65466.5 MB
TelemetryMonitor: Processed 300 frames. Current FPS: 30
[ "19:56:33.330" ][SystemMonitor] Stats Update: CPU App: 1.82292 % | Sys: 100 % | RAM App: 221.73 MB | Sys Avail: 14729.8 MB / 65466.5 MB
[ "19:56:34.333" ][SystemMonitor] Stats Update: CPU App: 2.08333 % | Sys: 99.2188 % | RAM App: 221.73 MB | Sys Avail: 14782.7 MB / 65466.5 MB
[ "19:56:35.340" ][SystemMonitor] Stats Update: CPU App: 1.28205 % | Sys: 93.8462 % | RAM App: 221.73 MB | Sys Avail: 14748.2 MB / 65466.5 MB
[ "19:56:36.331" ][SystemMonitor] Stats Update: CPU App: 1.0582 % | Sys: 98.6772 % | RAM App: 221.754 MB | Sys Avail: 14687.4 MB / 65466.5 MB
[ "19:56:37.324" ][SystemMonitor] Stats Update: CPU App: 1.30208 % | Sys: 96.6146 % | RAM App: 221.773 MB | Sys Avail: 14746.4 MB / 65466.5 MB
[ "19:56:38.337" ][SystemMonitor] Stats Update: CPU App: 2.30769 % | Sys: 98.4615 % | RAM App: 221.793 MB | Sys Avail: 14711.5 MB / 65466.5 MB
[ "19:56:39.334" ][SystemMonitor] Stats Update: CPU App: 1.3089 % | Sys: 95.0521 % | RAM App: 221.816 MB | Sys Avail: 14735 MB / 65466.5 MB
[ "19:56:40.340" ][SystemMonitor] Stats Update: CPU App: 1.05263 % | Sys: 97.619 % | RAM App: 221.836 MB | Sys Avail: 14707.4 MB / 65466.5 MB
[ "19:56:41.324" ][SystemMonitor] Stats Update: CPU App: 0 % | Sys: 97.9167 % | RAM App: 221.855 MB | Sys Avail: 14686.9 MB / 65466.5 MB
[ "19:56:42.333" ][SystemMonitor] Stats Update: CPU App: 1.04167 % | Sys: 97.1354 % | RAM App: 221.879 MB | Sys Avail: 14664.6 MB / 65466.5 MB
TelemetryMonitor: Processed 300 frames. Current FPS: 30
[ "19:56:43.329" ][SystemMonitor] Stats Update: CPU App: 1.04167 % | Sys: 95.8333 % | RAM App: 221.898 MB | Sys Avail: 14620.5 MB / 65466.5 MB
[ "19:56:44.332" ][SystemMonitor] Stats Update: CPU App: 0.78125 % | Sys: 94.2708 % | RAM App: 221.918 MB | Sys Avail: 14598.9 MB / 65466.5 MB
[ "19:56:45.330" ][SystemMonitor] Stats Update: CPU App: 0.78125 % | Sys: 94.7917 % | RAM App: 221.941 MB | Sys Avail: 14653.5 MB / 65466.5 MB
[ "19:56:46.331" ][SystemMonitor] Stats Update: CPU App: 1.5625 % | Sys: 97.3958 % | RAM App: 221.965 MB | Sys Avail: 14652.7 MB / 65466.5 MB
[ "19:56:47.348" ][SystemMonitor] Stats Update: CPU App: 0.25641 % | Sys: 90.7692 % | RAM App: 221.98 MB | Sys Avail: 14629.4 MB / 65466.5 MB
[ "19:56:48.325" ][SystemMonitor] Stats Update: CPU App: 1.0582 % | Sys: 96.2963 % | RAM App: 222.004 MB | Sys Avail: 14683.8 MB / 65466.5 MB
[ "19:56:49.332" ][SystemMonitor] Stats Update: CPU App: 0.520833 % | Sys: 93.4896 % | RAM App: 222.027 MB | Sys Avail: 14689.5 MB / 65466.5 MB
[ "19:56:50.332" ][SystemMonitor] Stats Update: CPU App: 1.30208 % | Sys: 98.1771 % | RAM App: 222.043 MB | Sys Avail: 14691 MB / 65466.5 MB
[ "19:56:51.329" ][SystemMonitor] Stats Update: CPU App: 0.78125 % | Sys: 97.6563 % | RAM App: 222.074 MB | Sys Avail: 14725.1 MB / 65466.5 MB
[ "19:56:52.325" ][SystemMonitor] Stats Update: CPU App: 0.78125 % | Sys: 98.4375 % | RAM App: 222.098 MB | Sys Avail: 14681.8 MB / 65466.5 MB
[ "19:56:53.368" ][SystemMonitor] Stats Update: CPU App: 1.0101 % | Sys: 97.2569 % | RAM App: 222.121 MB | Sys Avail: 14646.1 MB / 65466.5 MB
TelemetryMonitor: Processed 300 frames. Current FPS: 31
[ "19:56:54.380" ][SystemMonitor] Stats Update: CPU App: 1.28205 % | Sys: 97.1429 % | RAM App: 222.148 MB | Sys Avail: 14611.2 MB / 65466.5 MB
[ "19:56:55.344" ][SystemMonitor] Stats Update: CPU App: 1.0929 % | Sys: 96.9945 % | RAM App: 222.172 MB | Sys Avail: 14534.6 MB / 65466.5 MB
[ "19:56:56.330" ][SystemMonitor] Stats Update: CPU App: 0.260417 % | Sys: 99.4792 % | RAM App: 222.195 MB | Sys Avail: 14500.7 MB / 65466.5 MB
[ "19:56:57.343" ][SystemMonitor] Stats Update: CPU App: 1.53846 % | Sys: 99.4872 % | RAM App: 222.223 MB | Sys Avail: 14495.2 MB / 65466.5 MB
[ "19:56:58.332" ][SystemMonitor] Stats Update: CPU App: 1.0582 % | Sys: 99.7354 % | RAM App: 222.246 MB | Sys Avail: 14482.5 MB / 65466.5 MB
[ "19:56:59.323" ][SystemMonitor] Stats Update: CPU App: 1.30208 % | Sys: 98.9583 % | RAM App: 222.27 MB | Sys Avail: 14385.4 MB / 65466.5 MB
[ "19:57:00.330" ][SystemMonitor] Stats Update: CPU App: 0.78125 % | Sys: 99.7396 % | RAM App: 222.297 MB | Sys Avail: 14374.5 MB / 65466.5 MB
[ "19:57:01.327" ][SystemMonitor] Stats Update: CPU App: 1.30208 % | Sys: 97.6563 % | RAM App: 222.32 MB | Sys Avail: 14370.6 MB / 65466.5 MB
[ "19:57:02.342" ][SystemMonitor] Stats Update: CPU App: 1.28205 % | Sys: 93.5897 % | RAM App: 222.348 MB | Sys Avail: 14370.7 MB / 65466.5 MB
[ "19:57:03.330" ][SystemMonitor] Stats Update: CPU App: 1.5873 % | Sys: 97.0899 % | RAM App: 222.371 MB | Sys Avail: 14363.7 MB / 65466.5 MB
TelemetryMonitor: Processed 300 frames. Current FPS: 28
[ "19:57:04.339" ][SystemMonitor] Stats Update: CPU App: 1.30208 % | Sys: 99.4792 % | RAM App: 222.398 MB | Sys Avail: 14456 MB / 65466.5 MB
[ "19:57:05.336" ][SystemMonitor] Stats Update: CPU App: 1.80879 % | Sys: 98.7179 % | RAM App: 222.426 MB | Sys Avail: 14455.8 MB / 65466.5 MB
[ "19:57:06.331" ][SystemMonitor] Stats Update: CPU App: 1.83727 % | Sys: 100 % | RAM App: 222.52 MB | Sys Avail: 14386 MB / 65466.5 MB
[ "19:57:07.326" ][SystemMonitor] Stats Update: CPU App: 1.5625 % | Sys: 96.875 % | RAM App: 222.543 MB | Sys Avail: 14454.7 MB / 65466.5 MB
[ "19:57:08.324" ][SystemMonitor] Stats Update: CPU App: 0.520833 % | Sys: 96.0938 % | RAM App: 222.57 MB | Sys Avail: 14456.9 MB / 65466.5 MB
[ "19:57:09.322" ][SystemMonitor] Stats Update: CPU App: 0.520833 % | Sys: 96.875 % | RAM App: 222.594 MB | Sys Avail: 14425 MB / 65466.5 MB
[ "19:57:10.330" ][SystemMonitor] Stats Update: CPU App: 0.78125 % | Sys: 85.6771 % | RAM App: 222.621 MB | Sys Avail: 14426.8 MB / 65466.5 MB
[ "19:57:11.328" ][SystemMonitor] Stats Update: CPU App: 0.520833 % | Sys: 90.8854 % | RAM App: 222.645 MB | Sys Avail: 14431.2 MB / 65466.5 MB
[ "19:57:12.341" ][SystemMonitor] Stats Update: CPU App: 0.78125 % | Sys: 92.9688 % | RAM App: 222.672 MB | Sys Avail: 14432.2 MB / 65466.5 MB
[ "19:57:13.333" ][SystemMonitor] Stats Update: CPU App: 0.78125 % | Sys: 96.0938 % | RAM App: 222.695 MB | Sys Avail: 14462.8 MB / 65466.5 MB
[ "19:57:14.463" ][SystemMonitor] Stats Update: CPU App: 0.694444 % | Sys: 92.6941 % | RAM App: 222.723 MB | Sys Avail: 14464.3 MB / 65466.5 MB
TelemetryMonitor: Processed 300 frames. Current FPS: 30
[ "19:57:15.333" ][SystemMonitor] Stats Update: CPU App: 1.78571 % | Sys: 89.697 % | RAM App: 222.746 MB | Sys Avail: 14463.4 MB / 65466.5 MB
[ "19:57:16.329" ][SystemMonitor] Stats Update: CPU App: 0.260417 % | Sys: 87.7604 % | RAM App: 222.773 MB | Sys Avail: 14463.2 MB / 65466.5 MB
[ "19:57:17.357" ][SystemMonitor] Stats Update: CPU App: 1.02564 % | Sys: 95.3846 % | RAM App: 221.855 MB | Sys Avail: 14512.1 MB / 65466.5 MB
[ "19:57:18.330" ][SystemMonitor] Stats Update: CPU App: 0.793651 % | Sys: 100 % | RAM App: 221.855 MB | Sys Avail: 14491.5 MB / 65466.5 MB
[ "19:57:19.326" ][SystemMonitor] Stats Update: CPU App: 0.78125 % | Sys: 100 % | RAM App: 221.855 MB | Sys Avail: 14531.3 MB / 65466.5 MB
[ "19:57:20.345" ][SystemMonitor] Stats Update: CPU App: 1.02564 % | Sys: 100 % | RAM App: 221.855 MB | Sys Avail: 14678.1 MB / 65466.5 MB
[ "19:57:21.330" ][SystemMonitor] Stats Update: CPU App: 0.793651 % | Sys: 99.4709 % | RAM App: 221.863 MB | Sys Avail: 14804.3 MB / 65466.5 MB
[ "19:57:22.339" ][SystemMonitor] Stats Update: CPU App: 0.260417 % | Sys: 100 % | RAM App: 221.883 MB | Sys Avail: 14963.3 MB / 65466.5 MB
[ "19:57:23.335" ][SystemMonitor] Stats Update: CPU App: 1.30208 % | Sys: 100 % | RAM App: 221.992 MB | Sys Avail: 15222.8 MB / 65466.5 MB
[ "19:57:24.322" ][SystemMonitor] Stats Update: CPU App: 0.520833 % | Sys: 98.4375 % | RAM App: 221.996 MB | Sys Avail: 15297.6 MB / 65466.5 MB
TelemetryMonitor: Processed 300 frames. Current FPS: 29
[ "19:57:25.329" ][SystemMonitor] Stats Update: CPU App: 0.260417 % | Sys: 99.7396 % | RAM App: 221.996 MB | Sys Avail: 15334.3 MB / 65466.5 MB
[ "19:57:26.329" ][SystemMonitor] Stats Update: CPU App: 1.30208 % | Sys: 99.4792 % | RAM App: 221.996 MB | Sys Avail: 15277.6 MB / 65466.5 MB
[ "19:57:27.323" ][SystemMonitor] Stats Update: CPU App: 1.04167 % | Sys: 97.9167 % | RAM App: 221.996 MB | Sys Avail: 15294.2 MB / 65466.5 MB
[ "19:57:28.321" ][SystemMonitor] Stats Update: CPU App: 1.30208 % | Sys: 97.6563 % | RAM App: 222 MB | Sys Avail: 15308.7 MB / 65466.5 MB
[ "19:57:29.334" ][SystemMonitor] Stats Update: CPU App: 1.04167 % | Sys: 97.1354 % | RAM App: 222.004 MB | Sys Avail: 15281.4 MB / 65466.5 MB
[ "19:57:30.329" ][SystemMonitor] Stats Update: CPU App: 0.78125 % | Sys: 97.1354 % | RAM App: 222.004 MB | Sys Avail: 15276.7 MB / 65466.5 MB
[ "19:57:31.330" ][SystemMonitor] Stats Update: CPU App: 1.04167 % | Sys: 99.2188 % | RAM App: 222.008 MB | Sys Avail: 15274.1 MB / 65466.5 MB
[ "19:57:32.328" ][SystemMonitor] Stats Update: CPU App: 1.30208 % | Sys: 95.0521 % | RAM App: 222.012 MB | Sys Avail: 15284.1 MB / 65466.5 MB
[ "19:57:33.337" ][SystemMonitor] Stats Update: CPU App: 0 % | Sys: 96.4103 % | RAM App: 222.012 MB | Sys Avail: 15265.4 MB / 65466.5 MB
[ "19:57:34.333" ][SystemMonitor] Stats Update: CPU App: 1.5873 % | Sys: 97.0899 % | RAM App: 222.012 MB | Sys Avail: 15266.2 MB / 65466.5 MB
[ "19:57:35.323" ][SystemMonitor] Stats Update: CPU App: 2.08333 % | Sys: 99.7396 % | RAM App: 222.012 MB | Sys Avail: 15334.4 MB / 65466.5 MB
TelemetryMonitor: Processed 300 frames. Current FPS: 29
[ "19:57:36.331" ][SystemMonitor] Stats Update: CPU App: 0.78125 % | Sys: 99.2188 % | RAM App: 222.031 MB | Sys Avail: 15226.1 MB / 65466.5 MB
[ "19:57:37.331" ][SystemMonitor] Stats Update: CPU App: 0.520833 % | Sys: 99.4792 % | RAM App: 222.055 MB | Sys Avail: 15276 MB / 65466.5 MB
[ "19:57:38.324" ][SystemMonitor] Stats Update: CPU App: 0.520833 % | Sys: 100 % | RAM App: 222.074 MB | Sys Avail: 15169.6 MB / 65466.5 MB
[ "19:57:39.337" ][SystemMonitor] Stats Update: CPU App: 1.30208 % | Sys: 99.7396 % | RAM App: 222.098 MB | Sys Avail: 15196.8 MB / 65466.5 MB
[ "19:57:40.324" ][SystemMonitor] Stats Update: CPU App: 0.520833 % | Sys: 100 % | RAM App: 222.121 MB | Sys Avail: 15232.8 MB / 65466.5 MB
[ "19:57:41.361" ][SystemMonitor] Stats Update: CPU App: 0.505051 % | Sys: 97.4747 % | RAM App: 222.137 MB | Sys Avail: 15282.1 MB / 65466.5 MB
[ "19:57:42.336" ][SystemMonitor] Stats Update: CPU App: 1.07527 % | Sys: 98.9247 % | RAM App: 222.16 MB | Sys Avail: 15254.2 MB / 65466.5 MB
[ "19:57:43.342" ][SystemMonitor] Stats Update: CPU App: 1.02564 % | Sys: 96.9231 % | RAM App: 222.18 MB | Sys Avail: 15258.8 MB / 65466.5 MB
[ "19:57:44.330" ][SystemMonitor] Stats Update: CPU App: 1.32275 % | Sys: 99.4709 % | RAM App: 222.199 MB | Sys Avail: 15231.9 MB / 65466.5 MB
[ "19:57:45.325" ][SystemMonitor] Stats Update: CPU App: 1.04167 % | Sys: 98.4375 % | RAM App: 222.223 MB | Sys Avail: 15221.9 MB / 65466.5 MB
TelemetryMonitor: Processed 300 frames. Current FPS: 28
[ "19:57:46.332" ][SystemMonitor] Stats Update: CPU App: 0.260417 % | Sys: 93.2292 % | RAM App: 222.246 MB | Sys Avail: 15252.8 MB / 65466.5 MB
[ "19:57:47.333" ][SystemMonitor] Stats Update: CPU App: 0.520833 % | Sys: 97.6563 % | RAM App: 222.266 MB | Sys Avail: 15243.2 MB / 65466.5 MB
[ "19:57:48.332" ][SystemMonitor] Stats Update: CPU App: 2.08333 % | Sys: 97.9167 % | RAM App: 222.289 MB | Sys Avail: 15214.5 MB / 65466.5 MB
[ "19:57:49.330" ][SystemMonitor] Stats Update: CPU App: 0.78125 % | Sys: 97.6563 % | RAM App: 222.309 MB | Sys Avail: 15246.9 MB / 65466.5 MB
[ "19:57:50.325" ][SystemMonitor] Stats Update: CPU App: 0.78125 % | Sys: 94.7917 % | RAM App: 222.328 MB | Sys Avail: 15251.9 MB / 65466.5 MB
[ "19:57:51.328" ][SystemMonitor] Stats Update: CPU App: 0.260417 % | Sys: 95.5729 % | RAM App: 222.352 MB | Sys Avail: 15264.1 MB / 65466.5 MB
[ "19:57:52.339" ][SystemMonitor] Stats Update: CPU App: 0.520833 % | Sys: 96.3542 % | RAM App: 222.371 MB | Sys Avail: 15226.1 MB / 65466.5 MB
[ "19:57:53.335" ][SystemMonitor] Stats Update: CPU App: 0.260417 % | Sys: 91.6667 % | RAM App: 222.395 MB | Sys Avail: 15233.3 MB / 65466.5 MB
[ "19:57:54.329" ][SystemMonitor] Stats Update: CPU App: 1.5625 % | Sys: 89.8438 % | RAM App: 222.418 MB | Sys Avail: 15242.4 MB / 65466.5 MB
[ "19:57:55.332" ][SystemMonitor] Stats Update: CPU App: 1.04167 % | Sys: 86.4583 % | RAM App: 222.438 MB | Sys Avail: 15243.3 MB / 65466.5 MB
[ "19:57:56.332" ][SystemMonitor] Stats Update: CPU App: 1.04167 % | Sys: 91.9271 % | RAM App: 222.457 MB | Sys Avail: 15239.6 MB / 65466.5 MB
TelemetryMonitor: Processed 300 frames. Current FPS: 27
[ "19:57:57.326" ][SystemMonitor] Stats Update: CPU App: 0.520833 % | Sys: 96.6146 % | RAM App: 222.48 MB | Sys Avail: 15296.5 MB / 65466.5 MB
[ "19:57:58.346" ][SystemMonitor] Stats Update: CPU App: 0.512821 % | Sys: 88.4615 % | RAM App: 222.504 MB | Sys Avail: 15295.6 MB / 65466.5 MB
[ "19:57:59.341" ][SystemMonitor] Stats Update: CPU App: 0.520833 % | Sys: 85.1563 % | RAM App: 222.523 MB | Sys Avail: 15290.2 MB / 65466.5 MB
[ "19:58:00.328" ][SystemMonitor] Stats Update: CPU App: 1.5873 % | Sys: 88.6243 % | RAM App: 222.543 MB | Sys Avail: 15340.2 MB / 65466.5 MB
[ "19:58:01.330" ][SystemMonitor] Stats Update: CPU App: 1.30208 % | Sys: 96.3542 % | RAM App: 222.566 MB | Sys Avail: 15344.1 MB / 65466.5 MB
[ "19:58:02.333" ][SystemMonitor] Stats Update: CPU App: 1.04167 % | Sys: 99.4792 % | RAM App: 222.586 MB | Sys Avail: 15380.2 MB / 65466.5 MB
[ "19:58:03.326" ][SystemMonitor] Stats Update: CPU App: 1.30208 % | Sys: 94.2708 % | RAM App: 222.609 MB | Sys Avail: 15449.3 MB / 65466.5 MB
[ "19:58:04.342" ][SystemMonitor] Stats Update: CPU App: 0.769231 % | Sys: 87.1795 % | RAM App: 222.629 MB | Sys Avail: 15451.7 MB / 65466.5 MB
[ "19:58:05.331" ][SystemMonitor] Stats Update: CPU App: 1.32275 % | Sys: 99.7354 % | RAM App: 222.652 MB | Sys Avail: 15466.1 MB / 65466.5 MB
[ "19:58:06.339" ][SystemMonitor] Stats Update: CPU App: 0.520833 % | Sys: 93.2292 % | RAM App: 222.742 MB | Sys Avail: 15357.5 MB / 65466.5 MB
[ "19:58:07.324" ][SystemMonitor] Stats Update: CPU App: 1.04167 % | Sys: 98.1771 % | RAM App: 222.766 MB | Sys Avail: 15428.2 MB / 65466.5 MB
TelemetryMonitor: Processed 300 frames. Current FPS: 29
[ "19:58:08.324" ][SystemMonitor] Stats Update: CPU App: 1.04167 % | Sys: 97.9167 % | RAM App: 222.793 MB | Sys Avail: 15427.2 MB / 65466.5 MB
[ "19:58:09.365" ][SystemMonitor] Stats Update: CPU App: 0.520833 % | Sys: 94.2708 % | RAM App: 222.816 MB | Sys Avail: 15415 MB / 65466.5 MB
[ "19:58:10.418" ][SystemMonitor] Stats Update: CPU App: 0.252525 % | Sys: 100 % | RAM App: 222.844 MB | Sys Avail: 15396.7 MB / 65466.5 MB
[ "19:58:11.336" ][SystemMonitor] Stats Update: CPU App: 0.537634 % | Sys: 99.7207 % | RAM App: 222.867 MB | Sys Avail: 15406.3 MB / 65466.5 MB
[ "19:58:12.343" ][SystemMonitor] Stats Update: CPU App: 1.53846 % | Sys: 97.1795 % | RAM App: 222.895 MB | Sys Avail: 15327.2 MB / 65466.5 MB
[ "19:58:13.335" ][SystemMonitor] Stats Update: CPU App: 0.793651 % | Sys: 97.0899 % | RAM App: 222.918 MB | Sys Avail: 15331.5 MB / 65466.5 MB
[ "19:58:14.327" ][SystemMonitor] Stats Update: CPU App: 1.30208 % | Sys: 98.6979 % | RAM App: 222.945 MB | Sys Avail: 15287.7 MB / 65466.5 MB
[ "19:58:15.340" ][SystemMonitor] Stats Update: CPU App: 0.78125 % | Sys: 97.9167 % | RAM App: 222.973 MB | Sys Avail: 15261.6 MB / 65466.5 MB
[ "19:58:16.330" ][SystemMonitor] Stats Update: CPU App: 0.260417 % | Sys: 97.9167 % | RAM App: 222.996 MB | Sys Avail: 15265.5 MB / 65466.5 MB
[ "19:58:17.323" ][SystemMonitor] Stats Update: CPU App: 1.04167 % | Sys: 95.8333 % | RAM App: 222.078 MB | Sys Avail: 15287 MB / 65466.5 MB
[ "19:58:18.338" ][SystemMonitor] Stats Update: CPU App: 1.30208 % | Sys: 97.3958 % | RAM App: 222.078 MB | Sys Avail: 15277.4 MB / 65466.5 MB
TelemetryMonitor: Processed 300 frames. Current FPS: 27
[ "19:58:19.326" ][SystemMonitor] Stats Update: CPU App: 1.30208 % | Sys: 89.5833 % | RAM App: 222.078 MB | Sys Avail: 15303.1 MB / 65466.5 MB
[ "19:58:20.325" ][SystemMonitor] Stats Update: CPU App: 0.520833 % | Sys: 92.1875 % | RAM App: 222.078 MB | Sys Avail: 15297.2 MB / 65466.5 MB
[ "19:58:21.367" ][SystemMonitor] Stats Update: CPU App: 0.757576 % | Sys: 96.7337 % | RAM App: 222.094 MB | Sys Avail: 15299.5 MB / 65466.5 MB
[ "19:58:22.326" ][SystemMonitor] Stats Update: CPU App: 0 % | Sys: 92.1622 % | RAM App: 222.113 MB | Sys Avail: 15310.7 MB / 65466.5 MB
[ "19:58:23.325" ][SystemMonitor] Stats Update: CPU App: 0.520833 % | Sys: 95.0521 % | RAM App: 222.133 MB | Sys Avail: 15355.7 MB / 65466.5 MB
[ "19:58:24.332" ][SystemMonitor] Stats Update: CPU App: 1.30208 % | Sys: 94.0104 % | RAM App: 222.133 MB | Sys Avail: 15357.8 MB / 65466.5 MB
[ "19:58:25.323" ][SystemMonitor] Stats Update: CPU App: 0.78125 % | Sys: 91.1458 % | RAM App: 222.137 MB | Sys Avail: 15358.6 MB / 65466.5 MB
[ "19:58:26.329" ][SystemMonitor] Stats Update: CPU App: 0.520833 % | Sys: 95.3125 % | RAM App: 222.141 MB | Sys Avail: 15350.2 MB / 65466.5 MB
[ "19:58:27.326" ][SystemMonitor] Stats Update: CPU App: 1.5625 % | Sys: 89.0625 % | RAM App: 222.145 MB | Sys Avail: 15364.7 MB / 65466.5 MB
[ "19:58:28.320" ][SystemMonitor] Stats Update: CPU App: 0.260417 % | Sys: 92.4479 % | RAM App: 222.145 MB | Sys Avail: 15336.7 MB / 65466.5 MB
TelemetryMonitor: Processed 300 frames. Current FPS: 29
[ "19:58:29.333" ][SystemMonitor] Stats Update: CPU App: 1.30208 % | Sys: 86.1979 % | RAM App: 222.145 MB | Sys Avail: 15356.8 MB / 65466.5 MB
[ "19:58:30.326" ][SystemMonitor] Stats Update: CPU App: 0.78125 % | Sys: 86.9792 % | RAM App: 222.145 MB | Sys Avail: 15365.4 MB / 65466.5 MB
[ "19:58:31.327" ][SystemMonitor] Stats Update: CPU App: 0.78125 % | Sys: 90.625 % | RAM App: 222.145 MB | Sys Avail: 15369.6 MB / 65466.5 MB
[ "19:58:32.330" ][SystemMonitor] Stats Update: CPU App: 0.520833 % | Sys: 90.625 % | RAM App: 222.148 MB | Sys Avail: 15353.4 MB / 65466.5 MB
[ "19:58:33.325" ][SystemMonitor] Stats Update: CPU App: 1.30208 % | Sys: 90.8854 % | RAM App: 222.148 MB | Sys Avail: 15332.4 MB / 65466.5 MB
[ "19:58:34.326" ][SystemMonitor] Stats Update: CPU App: 0.78125 % | Sys: 89.8438 % | RAM App: 222.148 MB | Sys Avail: 15350 MB / 65466.5 MB
[ "19:58:35.326" ][SystemMonitor] Stats Update: CPU App: 0.78125 % | Sys: 92.4479 % | RAM App: 222.164 MB | Sys Avail: 15344.6 MB / 65466.5 MB
[ "19:58:36.341" ][SystemMonitor] Stats Update: CPU App: 1.5625 % | Sys: 96.875 % | RAM App: 222.184 MB | Sys Avail: 15240.8 MB / 65466.5 MB
[ "19:58:37.329" ][SystemMonitor] Stats Update: CPU App: 1.30208 % | Sys: 97.9167 % | RAM App: 222.203 MB | Sys Avail: 15328.9 MB / 65466.5 MB
[ "19:58:38.326" ][SystemMonitor] Stats Update: CPU App: 1.30208 % | Sys: 97.3958 % | RAM App: 222.227 MB | Sys Avail: 15292.1 MB / 65466.5 MB
[ "19:58:39.328" ][SystemMonitor] Stats Update: CPU App: 1.04167 % | Sys: 93.4896 % | RAM App: 222.246 MB | Sys Avail: 15273 MB / 65466.5 MB
TelemetryMonitor: Processed 300 frames. Current FPS: 30
[ "19:58:40.326" ][SystemMonitor] Stats Update: CPU App: 0.78125 % | Sys: 90.625 % | RAM App: 222.266 MB | Sys Avail: 15336.5 MB / 65466.5 MB
[ "19:58:41.320" ][SystemMonitor] Stats Update: CPU App: 1.04167 % | Sys: 91.9271 % | RAM App: 222.289 MB | Sys Avail: 15310.1 MB / 65466.5 MB
[ "19:58:42.327" ][SystemMonitor] Stats Update: CPU App: 1.04167 % | Sys: 94.2708 % | RAM App: 222.309 MB | Sys Avail: 15344.4 MB / 65466.5 MB
[ "19:58:43.325" ][SystemMonitor] Stats Update: CPU App: 1.04167 % | Sys: 98.4375 % | RAM App: 222.328 MB | Sys Avail: 15344.2 MB / 65466.5 MB
[ "19:58:44.333" ][SystemMonitor] Stats Update: CPU App: 1.04167 % | Sys: 96.875 % | RAM App: 222.348 MB | Sys Avail: 15279.1 MB / 65466.5 MB
[ "19:58:45.323" ][SystemMonitor] Stats Update: CPU App: 0.520833 % | Sys: 97.9167 % | RAM App: 222.367 MB | Sys Avail: 15284.3 MB / 65466.5 MB
[ "19:58:46.343" ][SystemMonitor] Stats Update: CPU App: 0.512821 % | Sys: 93.5897 % | RAM App: 222.391 MB | Sys Avail: 15315.4 MB / 65466.5 MB
[ "19:58:47.325" ][SystemMonitor] Stats Update: CPU App: 1.0582 % | Sys: 93.1217 % | RAM App: 222.414 MB | Sys Avail: 15214.6 MB / 65466.5 MB
[ "19:58:48.322" ][SystemMonitor] Stats Update: CPU App: 0 % | Sys: 97.3958 % | RAM App: 222.434 MB | Sys Avail: 15230.1 MB / 65466.5 MB
[ "19:58:49.328" ][SystemMonitor] Stats Update: CPU App: 0 % | Sys: 92.9688 % | RAM App: 222.457 MB | Sys Avail: 15279.8 MB / 65466.5 MB
TelemetryMonitor: Processed 300 frames. Current FPS: 30
[ "19:58:50.328" ][SystemMonitor] Stats Update: CPU App: 0.260417 % | Sys: 92.9688 % | RAM App: 222.484 MB | Sys Avail: 15260.4 MB / 65466.5 MB
[ "19:58:51.331" ][SystemMonitor] Stats Update: CPU App: 1.82292 % | Sys: 85.9375 % | RAM App: 222.504 MB | Sys Avail: 15216.9 MB / 65466.5 MB
[ "19:58:52.327" ][SystemMonitor] Stats Update: CPU App: 1.04167 % | Sys: 83.3333 % | RAM App: 222.527 MB | Sys Avail: 15272.9 MB / 65466.5 MB
[ "19:58:53.322" ][SystemMonitor] Stats Update: CPU App: 1.04167 % | Sys: 80.2083 % | RAM App: 222.555 MB | Sys Avail: 15251.2 MB / 65466.5 MB
[ "19:58:54.347" ][SystemMonitor] Stats Update: CPU App: 1.02564 % | Sys: 97.6923 % | RAM App: 222.578 MB | Sys Avail: 15240.9 MB / 65466.5 MB
[ "19:58:55.328" ][SystemMonitor] Stats Update: CPU App: 1.0582 % | Sys: 97.619 % | RAM App: 222.605 MB | Sys Avail: 15239.6 MB / 65466.5 MB
[ "19:58:56.327" ][SystemMonitor] Stats Update: CPU App: 1.30208 % | Sys: 99.7396 % | RAM App: 222.629 MB | Sys Avail: 15238.1 MB / 65466.5 MB
[ "19:58:57.328" ][SystemMonitor] Stats Update: CPU App: 1.04167 % | Sys: 96.3542 % | RAM App: 222.652 MB | Sys Avail: 15238.9 MB / 65466.5 MB
[ "19:58:58.330" ][SystemMonitor] Stats Update: CPU App: 0.78125 % | Sys: 93.4896 % | RAM App: 222.68 MB | Sys Avail: 15246 MB / 65466.5 MB
[ "19:58:59.325" ][SystemMonitor] Stats Update: CPU App: 0.78125 % | Sys: 96.0938 % | RAM App: 222.703 MB | Sys Avail: 15245.1 MB / 65466.5 MB
TelemetryMonitor: Processed 300 frames. Current FPS: 27
[ "19:59:00.324" ][SystemMonitor] Stats Update: CPU App: 1.04167 % | Sys: 98.1771 % | RAM App: 222.727 MB | Sys Avail: 15236.4 MB / 65466.5 MB
[ "19:59:01.334" ][SystemMonitor] Stats Update: CPU App: 0.520833 % | Sys: 97.1354 % | RAM App: 222.754 MB | Sys Avail: 15226 MB / 65466.5 MB
[ "19:59:02.329" ][SystemMonitor] Stats Update: CPU App: 1.04167 % | Sys: 96.3542 % | RAM App: 222.777 MB | Sys Avail: 15228 MB / 65466.5 MB
[ "19:59:03.326" ][SystemMonitor] Stats Update: CPU App: 0.520833 % | Sys: 95.8333 % | RAM App: 222.805 MB | Sys Avail: 15229 MB / 65466.5 MB
[ "19:59:04.331" ][SystemMonitor] Stats Update: CPU App: 0.260417 % | Sys: 98.4375 % | RAM App: 222.832 MB | Sys Avail: 15231.3 MB / 65466.5 MB
[ "19:59:05.333" ][SystemMonitor] Stats Update: CPU App: 0.260417 % | Sys: 96.0938 % | RAM App: 222.855 MB | Sys Avail: 15233.5 MB / 65466.5 MB
[ "19:59:06.378" ][SystemMonitor] Stats Update: CPU App: 1.26263 % | Sys: 99.7512 % | RAM App: 222.879 MB | Sys Avail: 15142.6 MB / 65466.5 MB
[ "19:59:07.335" ][SystemMonitor] Stats Update: CPU App: 0.806452 % | Sys: 98.9071 % | RAM App: 222.945 MB | Sys Avail: 15203.8 MB / 65466.5 MB
[ "19:59:08.335" ][SystemMonitor] Stats Update: CPU App: 1.02564 % | Sys: 100 % | RAM App: 222.969 MB | Sys Avail: 15178.9 MB / 65466.5 MB
[ "19:59:09.333" ][SystemMonitor] Stats Update: CPU App: 0.529101 % | Sys: 95.5026 % | RAM App: 223.043 MB | Sys Avail: 15206.9 MB / 65466.5 MB
[ "19:59:10.349" ][SystemMonitor] Stats Update: CPU App: 1.02564 % | Sys: 96.1538 % | RAM App: 223.082 MB | Sys Avail: 15207.1 MB / 65466.5 MB
TelemetryMonitor: Processed 300 frames. Current FPS: 30
[ "19:59:11.323" ][SystemMonitor] Stats Update: CPU App: 0.793651 % | Sys: 92.5926 % | RAM App: 223.156 MB | Sys Avail: 15205.1 MB / 65466.5 MB
[ "19:59:12.344" ][SystemMonitor] Stats Update: CPU App: 0.78125 % | Sys: 97.3958 % | RAM App: 223.234 MB | Sys Avail: 15208.3 MB / 65466.5 MB
[ "19:59:13.337" ][SystemMonitor] Stats Update: CPU App: 1.02564 % | Sys: 97.1795 % | RAM App: 223.309 MB | Sys Avail: 15245 MB / 65466.5 MB
[ "19:59:14.330" ][SystemMonitor] Stats Update: CPU App: 0.793651 % | Sys: 95.5026 % | RAM App: 220.266 MB | Sys Avail: 15231 MB / 65466.5 MB
[ "19:59:15.322" ][SystemMonitor] Stats Update: CPU App: 1.30208 % | Sys: 98.6979 % | RAM App: 220.395 MB | Sys Avail: 15299.2 MB / 65466.5 MB
[ "19:59:16.337" ][SystemMonitor] Stats Update: CPU App: 2.08333 % | Sys: 98.4375 % | RAM App: 220.402 MB | Sys Avail: 15255.6 MB / 65466.5 MB
[ "19:59:17.332" ][SystemMonitor] Stats Update: CPU App: 1.04167 % | Sys: 97.9167 % | RAM App: 220.418 MB | Sys Avail: 15199 MB / 65466.5 MB
[ "19:59:18.329" ][SystemMonitor] Stats Update: CPU App: 0.260417 % | Sys: 98.9583 % | RAM App: 220.449 MB | Sys Avail: 15255.6 MB / 65466.5 MB
[ "19:59:19.332" ][SystemMonitor] Stats Update: CPU App: 1.30208 % | Sys: 99.7396 % | RAM App: 220.527 MB | Sys Avail: 15255.3 MB / 65466.5 MB
[ "19:59:20.323" ][SystemMonitor] Stats Update: CPU App: 0.520833 % | Sys: 99.2188 % | RAM App: 220.586 MB | Sys Avail: 15316.5 MB / 65466.5 MB
[ "19:59:21.336" ][SystemMonitor] Stats Update: CPU App: 0.520833 % | Sys: 92.1875 % | RAM App: 220.59 MB | Sys Avail: 15319.1 MB / 65466.5 MB
TelemetryMonitor: Processed 300 frames. Current FPS: 27
[ "19:59:22.332" ][SystemMonitor] Stats Update: CPU App: 0.520833 % | Sys: 76.0417 % | RAM App: 220.637 MB | Sys Avail: 15312.3 MB / 65466.5 MB
[ "19:59:23.327" ][SystemMonitor] Stats Update: CPU App: 0.520833 % | Sys: 55.4688 % | RAM App: 220.656 MB | Sys Avail: 15313.3 MB / 65466.5 MB
[ "19:59:24.322" ][SystemMonitor] Stats Update: CPU App: 0.520833 % | Sys: 59.6354 % | RAM App: 220.656 MB | Sys Avail: 15305.9 MB / 65466.5 MB
[ "19:59:25.328" ][SystemMonitor] Stats Update: CPU App: 0.78125 % | Sys: 38.5417 % | RAM App: 220.656 MB | Sys Avail: 15298.7 MB / 65466.5 MB
[ "19:59:26.327" ][SystemMonitor] Stats Update: CPU App: 1.04167 % | Sys: 39.0625 % | RAM App: 220.711 MB | Sys Avail: 15303.5 MB / 65466.5 MB
[ "19:59:27.327" ][SystemMonitor] Stats Update: CPU App: 0.520833 % | Sys: 40.625 % | RAM App: 220.762 MB | Sys Avail: 15298.2 MB / 65466.5 MB
[ "19:59:28.343" ][SystemMonitor] Stats Update: CPU App: 0.512821 % | Sys: 53.0769 % | RAM App: 220.816 MB | Sys Avail: 15313.5 MB / 65466.5 MB
[ "19:59:29.333" ][SystemMonitor] Stats Update: CPU App: 0.529101 % | Sys: 56.0847 % | RAM App: 220.871 MB | Sys Avail: 15310.8 MB / 65466.5 MB
[ "19:59:30.346" ][SystemMonitor] Stats Update: CPU App: 2.30769 % | Sys: 70 % | RAM App: 220.926 MB | Sys Avail: 15303.1 MB / 65466.5 MB
[ "19:59:31.328" ][SystemMonitor] Stats Update: CPU App: 0.793651 % | Sys: 71.6931 % | RAM App: 220.988 MB | Sys Avail: 15154.3 MB / 65466.5 MB
[ "19:59:32.328" ][SystemMonitor] Stats Update: CPU App: 0.520833 % | Sys: 83.3333 % | RAM App: 221.012 MB | Sys Avail: 15016.1 MB / 65466.5 MB
TelemetryMonitor: Processed 300 frames. Current FPS: 29
[ "19:59:33.334" ][SystemMonitor] Stats Update: CPU App: 0.78125 % | Sys: 75.5208 % | RAM App: 221.086 MB | Sys Avail: 14899.8 MB / 65466.5 MB
[ "19:59:34.327" ][SystemMonitor] Stats Update: CPU App: 0.78125 % | Sys: 78.9063 % | RAM App: 221.16 MB | Sys Avail: 14979.3 MB / 65466.5 MB
[ "19:59:35.328" ][SystemMonitor] Stats Update: CPU App: 0.260417 % | Sys: 77.8646 % | RAM App: 221.23 MB | Sys Avail: 14901.7 MB / 65466.5 MB
[ "19:59:36.331" ][SystemMonitor] Stats Update: CPU App: 0.78125 % | Sys: 89.0625 % | RAM App: 221.305 MB | Sys Avail: 14684 MB / 65466.5 MB
[ "19:59:37.327" ][SystemMonitor] Stats Update: CPU App: 1.04167 % | Sys: 92.4479 % | RAM App: 221.297 MB | Sys Avail: 14472.9 MB / 65466.5 MB
[ "19:59:38.359" ][SystemMonitor] Stats Update: CPU App: 1.0101 % | Sys: 72.4747 % | RAM App: 221.371 MB | Sys Avail: 14369.2 MB / 65466.5 MB
[ "19:59:39.322" ][SystemMonitor] Stats Update: CPU App: 0.806452 % | Sys: 47.8495 % | RAM App: 221.445 MB | Sys Avail: 14382.3 MB / 65466.5 MB
[ "19:59:40.320" ][SystemMonitor] Stats Update: CPU App: 1.30208 % | Sys: 68.4896 % | RAM App: 221.523 MB | Sys Avail: 14320 MB / 65466.5 MB
[ "19:59:41.328" ][SystemMonitor] Stats Update: CPU App: 1.04167 % | Sys: 55.4688 % | RAM App: 221.598 MB | Sys Avail: 14211.9 MB / 65466.5 MB
[ "19:59:42.323" ][SystemMonitor] Stats Update: CPU App: 1.04167 % | Sys: 52.6042 % | RAM App: 221.691 MB | Sys Avail: 14284.6 MB / 65466.5 MB
TelemetryMonitor: Processed 300 frames. Current FPS: 30
[ "19:59:43.328" ][SystemMonitor] Stats Update: CPU App: 0.78125 % | Sys: 69.0104 % | RAM App: 221.766 MB | Sys Avail: 14778.9 MB / 65466.5 MB
[ "19:59:44.322" ][SystemMonitor] Stats Update: CPU App: 1.04167 % | Sys: 67.1875 % | RAM App: 221.84 MB | Sys Avail: 15215.8 MB / 65466.5 MB
[ "19:59:45.327" ][SystemMonitor] Stats Update: CPU App: 0.520833 % | Sys: 86.1979 % | RAM App: 221.91 MB | Sys Avail: 15431.1 MB / 65466.5 MB
[ "19:59:46.319" ][SystemMonitor] Stats Update: CPU App: 1.30208 % | Sys: 74.7396 % | RAM App: 221.945 MB | Sys Avail: 15651.8 MB / 65466.5 MB
[ "19:59:47.321" ][SystemMonitor] Stats Update: CPU App: 0.260417 % | Sys: 65.3646 % | RAM App: 222.016 MB | Sys Avail: 16029.1 MB / 65466.5 MB
[ "19:59:48.334" ][SystemMonitor] Stats Update: CPU App: 0.520833 % | Sys: 94.5313 % | RAM App: 222.016 MB | Sys Avail: 23991.9 MB / 65466.5 MB
[ "19:59:49.328" ][SystemMonitor] Stats Update: CPU App: 0.520833 % | Sys: 80.4688 % | RAM App: 221.422 MB | Sys Avail: 25261.1 MB / 65466.5 MB
[ "19:59:50.324" ][SystemMonitor] Stats Update: CPU App: 0.78125 % | Sys: 80.4688 % | RAM App: 220.828 MB | Sys Avail: 25488.7 MB / 65466.5 MB
[ "19:59:51.320" ][SystemMonitor] Stats Update: CPU App: 1.30208 % | Sys: 80.2083 % | RAM App: 220.246 MB | Sys Avail: 25963.1 MB / 65466.5 MB
[ "19:59:52.329" ][SystemMonitor] Stats Update: CPU App: 0.78125 % | Sys: 86.1979 % | RAM App: 220.32 MB | Sys Avail: 26493.3 MB / 65466.5 MB
TelemetryMonitor: Processed 300 frames. Current FPS: 29
[ "19:59:53.343" ][SystemMonitor] Stats Update: CPU App: 0.769231 % | Sys: 83.8462 % | RAM App: 220.395 MB | Sys Avail: 26927.8 MB / 65466.5 MB
[ "19:59:54.330" ][SystemMonitor] Stats Update: CPU App: 1.0582 % | Sys: 83.0688 % | RAM App: 220.469 MB | Sys Avail: 27327.2 MB / 65466.5 MB
[ "19:59:55.324" ][SystemMonitor] Stats Update: CPU App: 0.260417 % | Sys: 81.25 % | RAM App: 220.547 MB | Sys Avail: 27621.2 MB / 65466.5 MB
[ "19:59:56.319" ][SystemMonitor] Stats Update: CPU App: 0.78125 % | Sys: 84.1146 % | RAM App: 220.621 MB | Sys Avail: 27988.8 MB / 65466.5 MB
[ "19:59:57.323" ][SystemMonitor] Stats Update: CPU App: 0.78125 % | Sys: 82.5521 % | RAM App: 220.691 MB | Sys Avail: 28303.5 MB / 65466.5 MB
[ "19:59:58.330" ][SystemMonitor] Stats Update: CPU App: 0.78125 % | Sys: 74.4792 % | RAM App: 220.77 MB | Sys Avail: 28700.3 MB / 65466.5 MB
[ "19:59:59.329" ][SystemMonitor] Stats Update: CPU App: 0.78125 % | Sys: 72.9167 % | RAM App: 220.789 MB | Sys Avail: 29078.5 MB / 65466.5 MB
[ "20:00:00.973" ][SystemMonitor] Stats Update: CPU App: 1.90476 % | Sys: 87.9365 % | RAM App: 220.93 MB | Sys Avail: 29087.8 MB / 65466.5 MB
[ "20:00:01.347" ][SystemMonitor] Stats Update: CPU App: 0.694444 % | Sys: 91.6667 % | RAM App: 221 MB | Sys Avail: 29093.9 MB / 65466.5 MB
[ "20:00:02.327" ][SystemMonitor] Stats Update: CPU App: 0.793651 % | Sys: 85.9788 % | RAM App: 221.074 MB | Sys Avail: 29184.7 MB / 65466.5 MB
[ "20:00:03.321" ][SystemMonitor] Stats Update: CPU App: 1.82292 % | Sys: 96.0938 % | RAM App: 221.145 MB | Sys Avail: 29183.2 MB / 65466.5 MB
[ "20:00:04.329" ][SystemMonitor] Stats Update: CPU App: 0.520833 % | Sys: 96.6146 % | RAM App: 221.219 MB | Sys Avail: 29388.6 MB / 65466.5 MB
TelemetryMonitor: Processed 300 frames. Current FPS: 27
[ "20:00:05.320" ][SystemMonitor] Stats Update: CPU App: 1.04167 % | Sys: 93.2292 % | RAM App: 221.297 MB | Sys Avail: 29605.3 MB / 65466.5 MB
[ "20:00:06.389" ][SystemMonitor] Stats Update: CPU App: 0.735294 % | Sys: 97.7941 % | RAM App: 221.375 MB | Sys Avail: 29649.5 MB / 65466.5 MB
[ "20:00:07.329" ][SystemMonitor] Stats Update: CPU App: 0.833333 % | Sys: 96.1111 % | RAM App: 221.449 MB | Sys Avail: 29822 MB / 65466.5 MB
[ "20:00:08.328" ][SystemMonitor] Stats Update: CPU App: 0 % | Sys: 96.0938 % | RAM App: 221.527 MB | Sys Avail: 29982.4 MB / 65466.5 MB
[ "20:00:09.328" ][SystemMonitor] Stats Update: CPU App: 1.04167 % | Sys: 91.1458 % | RAM App: 221.598 MB | Sys Avail: 30219 MB / 65466.5 MB
[ "20:00:10.335" ][SystemMonitor] Stats Update: CPU App: 1.04167 % | Sys: 94.0104 % | RAM App: 221.672 MB | Sys Avail: 30671.5 MB / 65466.5 MB
[ "20:00:11.320" ][SystemMonitor] Stats Update: CPU App: 1.04167 % | Sys: 91.1458 % | RAM App: 221.746 MB | Sys Avail: 31026.6 MB / 65466.5 MB
[ "20:00:12.329" ][SystemMonitor] Stats Update: CPU App: 1.5625 % | Sys: 81.5104 % | RAM App: 221.82 MB | Sys Avail: 31398 MB / 65466.5 MB
[ "20:00:13.321" ][SystemMonitor] Stats Update: CPU App: 0.78125 % | Sys: 71.0938 % | RAM App: 219.293 MB | Sys Avail: 31833.7 MB / 65466.5 MB
[ "20:00:14.326" ][SystemMonitor] Stats Update: CPU App: 1.30208 % | Sys: 82.2917 % | RAM App: 219.371 MB | Sys Avail: 32252.5 MB / 65466.5 MB
[ "20:00:15.329" ][SystemMonitor] Stats Update: CPU App: 0.78125 % | Sys: 69.5313 % | RAM App: 219.379 MB | Sys Avail: 32760.1 MB / 65466.5 MB
TelemetryMonitor: Processed 300 frames. Current FPS: 30
[ "20:00:16.319" ][SystemMonitor] Stats Update: CPU App: 0.260417 % | Sys: 78.125 % | RAM App: 219.395 MB | Sys Avail: 33038.6 MB / 65466.5 MB
[ "20:00:17.322" ][SystemMonitor] Stats Update: CPU App: 0.520833 % | Sys: 77.0833 % | RAM App: 219.43 MB | Sys Avail: 33400.7 MB / 65466.5 MB
[ "20:00:18.344" ][SystemMonitor] Stats Update: CPU App: 0.512821 % | Sys: 81.7949 % | RAM App: 219.504 MB | Sys Avail: 33847.1 MB / 65466.5 MB
[ "20:00:19.352" ][SystemMonitor] Stats Update: CPU App: 1.02564 % | Sys: 93.0769 % | RAM App: 219.535 MB | Sys Avail: 36324.7 MB / 65466.5 MB
[ "20:00:20.329" ][SystemMonitor] Stats Update: CPU App: 0.806452 % | Sys: 80.6452 % | RAM App: 219.59 MB | Sys Avail: 37097.8 MB / 65466.5 MB
[ "20:00:21.328" ][SystemMonitor] Stats Update: CPU App: 0.78125 % | Sys: 65.8854 % | RAM App: 219.605 MB | Sys Avail: 37810.6 MB / 65466.5 MB
[ "20:00:22.327" ][SystemMonitor] Stats Update: CPU App: 0.520833 % | Sys: 68.2292 % | RAM App: 219.605 MB | Sys Avail: 37900.9 MB / 65466.5 MB
[ "20:00:23.322" ][SystemMonitor] Stats Update: CPU App: 0.520833 % | Sys: 60.9375 % | RAM App: 219.613 MB | Sys Avail: 38090.7 MB / 65466.5 MB
[ "20:00:24.319" ][SystemMonitor] Stats Update: CPU App: 0.260417 % | Sys: 63.8021 % | RAM App: 219.621 MB | Sys Avail: 38262.6 MB / 65466.5 MB
[ "20:00:25.330" ][SystemMonitor] Stats Update: CPU App: 1.5625 % | Sys: 62.7604 % | RAM App: 219.672 MB | Sys Avail: 38522 MB / 65466.5 MB
TelemetryMonitor: Processed 300 frames. Current FPS: 30
[ "20:00:26.431" ][SystemMonitor] Stats Update: CPU App: 0.245098 % | Sys: 56.7961 % | RAM App: 219.672 MB | Sys Avail: 38863.1 MB / 65466.5 MB
[ "20:00:28.175" ][SystemMonitor] Stats Update: CPU App: 0.730994 % | Sys: 77.3529 % | RAM App: 219.719 MB | Sys Avail: 39076.4 MB / 65466.5 MB
[ "20:00:28.374" ][SystemMonitor] Stats Update: CPU App: 1.28205 % | Sys: 100 % | RAM App: 219.754 MB | Sys Avail: 39072.8 MB / 65466.5 MB
[ "20:00:29.488" ][SystemMonitor] Stats Update: CPU App: 1.4742 % | Sys: 90.6103 % | RAM App: 219.754 MB | Sys Avail: 39113.6 MB / 65466.5 MB
[ "20:00:30.383" ][SystemMonitor] Stats Update: CPU App: 0.27248 % | Sys: 80.4598 % | RAM App: 219.777 MB | Sys Avail: 39124.6 MB / 65466.5 MB
[ "20:00:31.396" ][SystemMonitor] Stats Update: CPU App: 1.82292 % | Sys: 80.4688 % | RAM App: 219.855 MB | Sys Avail: 39102 MB / 65466.5 MB
[ "20:00:32.395" ][SystemMonitor] Stats Update: CPU App: 1.04167 % | Sys: 71.875 % | RAM App: 219.918 MB | Sys Avail: 39031 MB / 65466.5 MB
[ "20:00:33.385" ][SystemMonitor] Stats Update: CPU App: 1.30208 % | Sys: 51.5625 % | RAM App: 219.957 MB | Sys Avail: 39029.6 MB / 65466.5 MB
[ "20:00:34.475" ][SystemMonitor] Stats Update: CPU App: 0.773196 % | Sys: 56.6751 % | RAM App: 219.992 MB | Sys Avail: 39009.2 MB / 65466.5 MB
[ "20:00:35.395" ][SystemMonitor] Stats Update: CPU App: 0.263158 % | Sys: 67.655 % | RAM App: 220.066 MB | Sys Avail: 39219.6 MB / 65466.5 MB
[ "20:00:36.396" ][SystemMonitor] Stats Update: CPU App: 1.04167 % | Sys: 85.9375 % | RAM App: 220.141 MB | Sys Avail: 39327.4 MB / 65466.5 MB
[ "20:00:37.398" ][SystemMonitor] Stats Update: CPU App: 1.79949 % | Sys: 91.7949 % | RAM App: 220.223 MB | Sys Avail: 39961.3 MB / 65466.5 MB
[ "20:00:38.383" ][SystemMonitor] Stats Update: CPU App: 0.527704 % | Sys: 97.619 % | RAM App: 220.246 MB | Sys Avail: 40012.4 MB / 65466.5 MB
TelemetryMonitor: Processed 300 frames. Current FPS: 29
[ "20:00:39.385" ][SystemMonitor] Stats Update: CPU App: 1.30208 % | Sys: 64.3229 % | RAM App: 220.316 MB | Sys Avail: 39896.5 MB / 65466.5 MB
[ "20:00:40.395" ][SystemMonitor] Stats Update: CPU App: 1.30208 % | Sys: 97.1354 % | RAM App: 220.398 MB | Sys Avail: 39998.1 MB / 65466.5 MB
[ "20:00:41.395" ][SystemMonitor] Stats Update: CPU App: 0.78125 % | Sys: 76.3021 % | RAM App: 220.473 MB | Sys Avail: 40136.3 MB / 65466.5 MB
[ "20:00:42.395" ][SystemMonitor] Stats Update: CPU App: 1.04167 % | Sys: 44.2708 % | RAM App: 220.547 MB | Sys Avail: 40444.4 MB / 65466.5 MB
[ "20:00:43.395" ][SystemMonitor] Stats Update: CPU App: 1.5625 % | Sys: 15.8854 % | RAM App: 220.574 MB | Sys Avail: 40438 MB / 65466.5 MB
[ "20:00:44.395" ][SystemMonitor] Stats Update: CPU App: 1.5625 % | Sys: 26.3021 % | RAM App: 220.594 MB | Sys Avail: 40443.4 MB / 65466.5 MB
[ "20:00:45.386" ][SystemMonitor] Stats Update: CPU App: 1.04167 % | Sys: 23.4375 % | RAM App: 220.613 MB | Sys Avail: 40451.8 MB / 65466.5 MB
[ "20:00:46.395" ][SystemMonitor] Stats Update: CPU App: 0.520833 % | Sys: 19.7917 % | RAM App: 220.637 MB | Sys Avail: 40465.9 MB / 65466.5 MB
[ "20:00:47.382" ][SystemMonitor] Stats Update: CPU App: 1.04167 % | Sys: 42.4479 % | RAM App: 220.656 MB | Sys Avail: 40458.6 MB / 65466.5 MB
[ "20:00:48.394" ][SystemMonitor] Stats Update: CPU App: 1.04167 % | Sys: 23.1771 % | RAM App: 220.684 MB | Sys Avail: 40481.7 MB / 65466.5 MB
TelemetryMonitor: Processed 300 frames. Current FPS: 27
[ "20:00:49.385" ][SystemMonitor] Stats Update: CPU App: 1.30208 % | Sys: 35.9375 % | RAM App: 220.707 MB | Sys Avail: 40497.4 MB / 65466.5 MB
[ "20:00:50.395" ][SystemMonitor] Stats Update: CPU App: 0.78125 % | Sys: 29.1667 % | RAM App: 220.727 MB | Sys Avail: 40494.5 MB / 65466.5 MB
[ "20:00:51.386" ][SystemMonitor] Stats Update: CPU App: 1.04167 % | Sys: 21.875 % | RAM App: 220.773 MB | Sys Avail: 40498.4 MB / 65466.5 MB
[ "20:00:52.395" ][SystemMonitor] Stats Update: CPU App: 0 % | Sys: 31.7708 % | RAM App: 220.805 MB | Sys Avail: 40568.5 MB / 65466.5 MB
[ "20:00:53.385" ][SystemMonitor] Stats Update: CPU App: 1.04167 % | Sys: 33.0729 % | RAM App: 220.824 MB | Sys Avail: 40580.2 MB / 65466.5 MB
[ "20:00:54.391" ][SystemMonitor] Stats Update: CPU App: 0.260417 % | Sys: 18.2292 % | RAM App: 220.844 MB | Sys Avail: 40585.8 MB / 65466.5 MB
[ "20:00:55.395" ][SystemMonitor] Stats Update: CPU App: 0.520833 % | Sys: 18.2292 % | RAM App: 220.867 MB | Sys Avail: 40594.8 MB / 65466.5 MB
[ "20:00:56.392" ][SystemMonitor] Stats Update: CPU App: 1.5625 % | Sys: 20.5729 % | RAM App: 220.887 MB | Sys Avail: 40602.1 MB / 65466.5 MB
[ "20:00:57.395" ][SystemMonitor] Stats Update: CPU App: 0.78125 % | Sys: 18.75 % | RAM App: 220.965 MB | Sys Avail: 40606.9 MB / 65466.5 MB
[ "20:00:58.395" ][SystemMonitor] Stats Update: CPU App: 0.78125 % | Sys: 17.4479 % | RAM App: 221.035 MB | Sys Avail: 40610.4 MB / 65466.5 MB
[ "20:00:59.395" ][SystemMonitor] Stats Update: CPU App: 0.78125 % | Sys: 13.8021 % | RAM App: 221.09 MB | Sys Avail: 40612.3 MB / 65466.5 MB
TelemetryMonitor: Processed 300 frames. Current FPS: 29
[ "20:01:00.420" ][SystemMonitor] Stats Update: CPU App: 1.03627 % | Sys: 17.8117 % | RAM App: 221.137 MB | Sys Avail: 40616.6 MB / 65466.5 MB
[ "20:01:01.395" ][SystemMonitor] Stats Update: CPU App: 0.52356 % | Sys: 49.3333 % | RAM App: 221.199 MB | Sys Avail: 44044 MB / 65466.5 MB
[ "20:01:02.383" ][SystemMonitor] Stats Update: CPU App: 1.04167 % | Sys: 20.0521 % | RAM App: 221.238 MB | Sys Avail: 44256.3 MB / 65466.5 MB
[ "20:01:03.412" ][SystemMonitor] Stats Update: CPU App: 1.02564 % | Sys: 17.9487 % | RAM App: 221.262 MB | Sys Avail: 44264.8 MB / 65466.5 MB
[ "20:01:04.397" ][SystemMonitor] Stats Update: CPU App: 1.0582 % | Sys: 19.3122 % | RAM App: 221.316 MB | Sys Avail: 44268.2 MB / 65466.5 MB
[ "20:01:05.386" ][SystemMonitor] Stats Update: CPU App: 0.78125 % | Sys: 18.2292 % | RAM App: 221.395 MB | Sys Avail: 44271 MB / 65466.5 MB
[ "20:01:06.396" ][SystemMonitor] Stats Update: CPU App: 1.5625 % | Sys: 49.2188 % | RAM App: 221.469 MB | Sys Avail: 44254.6 MB / 65466.5 MB
[ "20:01:07.387" ][SystemMonitor] Stats Update: CPU App: 1.04167 % | Sys: 27.8646 % | RAM App: 221.551 MB | Sys Avail: 44278.3 MB / 65466.5 MB
[ "20:01:08.395" ][SystemMonitor] Stats Update: CPU App: 0.520833 % | Sys: 28.9063 % | RAM App: 221.621 MB | Sys Avail: 44280.3 MB / 65466.5 MB
[ "20:01:09.387" ][SystemMonitor] Stats Update: CPU App: 1.04167 % | Sys: 13.5417 % | RAM App: 221.695 MB | Sys Avail: 44285.6 MB / 65466.5 MB
TelemetryMonitor: Processed 300 frames. Current FPS: 29
[ "20:01:10.395" ][SystemMonitor] Stats Update: CPU App: 1.04167 % | Sys: 27.8646 % | RAM App: 221.77 MB | Sys Avail: 44239.7 MB / 65466.5 MB
[ "20:01:11.395" ][SystemMonitor] Stats Update: CPU App: 1.04167 % | Sys: 30.4688 % | RAM App: 221.844 MB | Sys Avail: 44224.3 MB / 65466.5 MB
[ "20:01:12.385" ][SystemMonitor] Stats Update: CPU App: 1.30208 % | Sys: 30.7292 % | RAM App: 219.387 MB | Sys Avail: 44213.7 MB / 65466.5 MB
[ "20:01:13.386" ][SystemMonitor] Stats Update: CPU App: 0.520833 % | Sys: 44.0104 % | RAM App: 219.617 MB | Sys Avail: 44212 MB / 65466.5 MB
[ "20:01:14.395" ][SystemMonitor] Stats Update: CPU App: 1.04167 % | Sys: 38.5417 % | RAM App: 219.727 MB | Sys Avail: 44213.1 MB / 65466.5 MB
[ "20:01:15.395" ][SystemMonitor] Stats Update: CPU App: 0.78125 % | Sys: 34.1146 % | RAM App: 219.781 MB | Sys Avail: 44266 MB / 65466.5 MB
[ "20:01:16.396" ][SystemMonitor] Stats Update: CPU App: 1.30208 % | Sys: 27.0833 % | RAM App: 219.813 MB | Sys Avail: 44263.3 MB / 65466.5 MB
[ "20:01:17.395" ][SystemMonitor] Stats Update: CPU App: 1.30208 % | Sys: 16.9271 % | RAM App: 219.836 MB | Sys Avail: 44264.3 MB / 65466.5 MB
[ "20:01:18.396" ][SystemMonitor] Stats Update: CPU App: 1.30208 % | Sys: 19.2708 % | RAM App: 219.91 MB | Sys Avail: 44258.9 MB / 65466.5 MB
[ "20:01:19.386" ][SystemMonitor] Stats Update: CPU App: 1.82292 % | Sys: 38.8021 % | RAM App: 219.922 MB | Sys Avail: 44286.2 MB / 65466.5 MB
[ "20:01:20.390" ][SystemMonitor] Stats Update: CPU App: 1.04167 % | Sys: 20.0521 % | RAM App: 220.094 MB | Sys Avail: 44280.7 MB / 65466.5 MB
TelemetryMonitor: Processed 300 frames. Current FPS: 29
[ "20:01:21.396" ][SystemMonitor] Stats Update: CPU App: 1.04167 % | Sys: 22.9167 % | RAM App: 220.121 MB | Sys Avail: 44281 MB / 65466.5 MB
[ "20:01:22.398" ][SystemMonitor] Stats Update: CPU App: 1.5625 % | Sys: 20.3125 % | RAM App: 220.184 MB | Sys Avail: 44284.3 MB / 65466.5 MB
[ "20:01:23.396" ][SystemMonitor] Stats Update: CPU App: 0.520833 % | Sys: 19.5313 % | RAM App: 220.188 MB | Sys Avail: 44287.6 MB / 65466.5 MB
[ "20:01:24.395" ][SystemMonitor] Stats Update: CPU App: 1.5625 % | Sys: 17.1875 % | RAM App: 220.219 MB | Sys Avail: 44288.8 MB / 65466.5 MB
[ "20:01:25.396" ][SystemMonitor] Stats Update: CPU App: 1.30208 % | Sys: 21.0938 % | RAM App: 220.273 MB | Sys Avail: 44307.1 MB / 65466.5 MB
[ "20:01:26.396" ][SystemMonitor] Stats Update: CPU App: 1.5625 % | Sys: 19.0104 % | RAM App: 220.293 MB | Sys Avail: 44305.3 MB / 65466.5 MB
[ "20:01:27.396" ][SystemMonitor] Stats Update: CPU App: 1.5625 % | Sys: 15.1042 % | RAM App: 220.223 MB | Sys Avail: 44306.6 MB / 65466.5 MB
[ "20:01:28.393" ][SystemMonitor] Stats Update: CPU App: 0.78125 % | Sys: 19.5313 % | RAM App: 220.23 MB | Sys Avail: 44309.9 MB / 65466.5 MB
[ "20:01:29.396" ][SystemMonitor] Stats Update: CPU App: 1.28205 % | Sys: 22.0513 % | RAM App: 220.059 MB | Sys Avail: 44307.5 MB / 65466.5 MB
[ "20:01:30.396" ][SystemMonitor] Stats Update: CPU App: 0.26455 % | Sys: 12.963 % | RAM App: 220.078 MB | Sys Avail: 44308.4 MB / 65466.5 MB
TelemetryMonitor: Processed 300 frames. Current FPS: 29
[ "20:01:31.396" ][SystemMonitor] Stats Update: CPU App: 1.30208 % | Sys: 16.1458 % | RAM App: 220.098 MB | Sys Avail: 44309.7 MB / 65466.5 MB
[ "20:01:32.392" ][SystemMonitor] Stats Update: CPU App: 0.78125 % | Sys: 15.625 % | RAM App: 220.129 MB | Sys Avail: 44307.7 MB / 65466.5 MB
[ "20:01:33.396" ][SystemMonitor] Stats Update: CPU App: 0.78125 % | Sys: 20.8333 % | RAM App: 220.152 MB | Sys Avail: 44309.4 MB / 65466.5 MB
[ "20:01:34.397" ][SystemMonitor] Stats Update: CPU App: 0.514139 % | Sys: 14.6154 % | RAM App: 220.18 MB | Sys Avail: 44310.2 MB / 65466.5 MB
[ "20:01:35.385" ][SystemMonitor] Stats Update: CPU App: 0.791557 % | Sys: 14.2857 % | RAM App: 220.199 MB | Sys Avail: 44312.9 MB / 65466.5 MB
[ "20:01:36.397" ][SystemMonitor] Stats Update: CPU App: 0.512821 % | Sys: 47.9487 % | RAM App: 220.23 MB | Sys Avail: 44285.5 MB / 65466.5 MB
[ "20:01:37.396" ][SystemMonitor] Stats Update: CPU App: 0.529101 % | Sys: 29.8942 % | RAM App: 220.254 MB | Sys Avail: 44302.5 MB / 65466.5 MB
[ "20:01:38.396" ][SystemMonitor] Stats Update: CPU App: 1.30208 % | Sys: 32.5521 % | RAM App: 220.281 MB | Sys Avail: 44307.9 MB / 65466.5 MB
[ "20:01:39.396" ][SystemMonitor] Stats Update: CPU App: 1.04167 % | Sys: 17.0984 % | RAM App: 220.305 MB | Sys Avail: 44303.8 MB / 65466.5 MB
[ "20:01:40.397" ][SystemMonitor] Stats Update: CPU App: 0.78125 % | Sys: 13.8743 % | RAM App: 220.332 MB | Sys Avail: 44326.6 MB / 65466.5 MB
TelemetryMonitor: Processed 300 frames. Current FPS: 30
[ "20:01:41.397" ][SystemMonitor] Stats Update: CPU App: 1.30208 % | Sys: 23.6504 % | RAM App: 220.355 MB | Sys Avail: 44327.5 MB / 65466.5 MB
[ "20:01:42.391" ][SystemMonitor] Stats Update: CPU App: 0.260417 % | Sys: 21.8997 % | RAM App: 220.375 MB | Sys Avail: 44334.1 MB / 65466.5 MB
[ "20:01:43.396" ][SystemMonitor] Stats Update: CPU App: 1.30208 % | Sys: 27.6042 % | RAM App: 220.398 MB | Sys Avail: 44340 MB / 65466.5 MB
[ "20:01:44.396" ][SystemMonitor] Stats Update: CPU App: 0.520833 % | Sys: 13.8021 % | RAM App: 220.441 MB | Sys Avail: 44338.5 MB / 65466.5 MB
[ "20:01:45.385" ][SystemMonitor] Stats Update: CPU App: 0.78125 % | Sys: 19.7917 % | RAM App: 220.469 MB | Sys Avail: 44340.4 MB / 65466.5 MB
[ "20:01:46.386" ][SystemMonitor] Stats Update: CPU App: 0.78125 % | Sys: 17.1875 % | RAM App: 220.535 MB | Sys Avail: 44340 MB / 65466.5 MB
[ "20:01:47.396" ][SystemMonitor] Stats Update: CPU App: 0.779221 % | Sys: 18.4615 % | RAM App: 220.559 MB | Sys Avail: 44342.2 MB / 65466.5 MB
[ "20:01:48.399" ][SystemMonitor] Stats Update: CPU App: 0.771208 % | Sys: 22.1354 % | RAM App: 220.594 MB | Sys Avail: 44387.1 MB / 65466.5 MB
[ "20:01:49.396" ][SystemMonitor] Stats Update: CPU App: 0.260417 % | Sys: 18.2292 % | RAM App: 220.668 MB | Sys Avail: 44384.9 MB / 65466.5 MB
[ "20:01:50.396" ][SystemMonitor] Stats Update: CPU App: 0 % | Sys: 20.5263 % | RAM App: 220.746 MB | Sys Avail: 44386.9 MB / 65466.5 MB
[ "20:01:51.396" ][SystemMonitor] Stats Update: CPU App: 1.28205 % | Sys: 15.7216 % | RAM App: 220.789 MB | Sys Avail: 44388.3 MB / 65466.5 MB
TelemetryMonitor: Processed 300 frames. Current FPS: 29
[ "20:01:52.384" ][SystemMonitor] Stats Update: CPU App: 0.529101 % | Sys: 28.5714 % | RAM App: 220.84 MB | Sys Avail: 44354.4 MB / 65466.5 MB
[ "20:01:53.399" ][SystemMonitor] Stats Update: CPU App: 0.769231 % | Sys: 17.1795 % | RAM App: 220.914 MB | Sys Avail: 44361.9 MB / 65466.5 MB
[ "20:01:54.385" ][SystemMonitor] Stats Update: CPU App: 0.26455 % | Sys: 16.1376 % | RAM App: 220.977 MB | Sys Avail: 44365.9 MB / 65466.5 MB
[ "20:01:55.397" ][SystemMonitor] Stats Update: CPU App: 0.769231 % | Sys: 16.6667 % | RAM App: 221.051 MB | Sys Avail: 44336.7 MB / 65466.5 MB
[ "20:01:56.397" ][SystemMonitor] Stats Update: CPU App: 0.520833 % | Sys: 19.7917 % | RAM App: 221.129 MB | Sys Avail: 44352.5 MB / 65466.5 MB
[ "20:01:57.398" ][SystemMonitor] Stats Update: CPU App: 0.78125 % | Sys: 23.6979 % | RAM App: 221.203 MB | Sys Avail: 44361 MB / 65466.5 MB
[ "20:01:58.387" ][SystemMonitor] Stats Update: CPU App: 0.26455 % | Sys: 20.1058 % | RAM App: 221.273 MB | Sys Avail: 44357.4 MB / 65466.5 MB
[ "20:01:59.397" ][SystemMonitor] Stats Update: CPU App: 0.78125 % | Sys: 16.4063 % | RAM App: 221.348 MB | Sys Avail: 44366.1 MB / 65466.5 MB
[ "20:02:00.397" ][SystemMonitor] Stats Update: CPU App: 1.28535 % | Sys: 17.6923 % | RAM App: 221.434 MB | Sys Avail: 44360.6 MB / 65466.5 MB
[ "20:02:01.397" ][SystemMonitor] Stats Update: CPU App: 0.519481 % | Sys: 14.5833 % | RAM App: 221.508 MB | Sys Avail: 44360.8 MB / 65466.5 MB
TelemetryMonitor: Processed 300 frames. Current FPS: 29
[ "20:02:02.397" ][SystemMonitor] Stats Update: CPU App: 0.78125 % | Sys: 29.1667 % | RAM App: 221.578 MB | Sys Avail: 44361.3 MB / 65466.5 MB
[ "20:02:03.386" ][SystemMonitor] Stats Update: CPU App: 0.529101 % | Sys: 15.873 % | RAM App: 221.633 MB | Sys Avail: 44361.5 MB / 65466.5 MB
[ "20:02:04.397" ][SystemMonitor] Stats Update: CPU App: 0.769231 % | Sys: 20 % | RAM App: 221.66 MB | Sys Avail: 44362.7 MB / 65466.5 MB
[ "20:02:05.397" ][SystemMonitor] Stats Update: CPU App: 0.520833 % | Sys: 16.4063 % | RAM App: 221.691 MB | Sys Avail: 44362.3 MB / 65466.5 MB
[ "20:02:06.386" ][SystemMonitor] Stats Update: CPU App: 1.32275 % | Sys: 50.2646 % | RAM App: 221.711 MB | Sys Avail: 44343.9 MB / 65466.5 MB
[ "20:02:07.384" ][SystemMonitor] Stats Update: CPU App: 1.04167 % | Sys: 26.3021 % | RAM App: 221.758 MB | Sys Avail: 44349.2 MB / 65466.5 MB
[ "20:02:08.397" ][SystemMonitor] Stats Update: CPU App: 1.79487 % | Sys: 32.0513 % | RAM App: 221.852 MB | Sys Avail: 44345.2 MB / 65466.5 MB
[ "20:02:09.382" ][SystemMonitor] Stats Update: CPU App: 0.793651 % | Sys: 17.7249 % | RAM App: 219.602 MB | Sys Avail: 44327.9 MB / 65466.5 MB
[ "20:02:10.397" ][SystemMonitor] Stats Update: CPU App: 0.769231 % | Sys: 21.0256 % | RAM App: 219.664 MB | Sys Avail: 44323.7 MB / 65466.5 MB
[ "20:02:11.397" ][SystemMonitor] Stats Update: CPU App: 0.260417 % | Sys: 17.7083 % | RAM App: 219.672 MB | Sys Avail: 44326.3 MB / 65466.5 MB
TelemetryMonitor: Processed 300 frames. Current FPS: 30
[ "20:02:12.394" ][SystemMonitor] Stats Update: CPU App: 0.529101 % | Sys: 21.6931 % | RAM App: 219.688 MB | Sys Avail: 44324.9 MB / 65466.5 MB
[ "20:02:13.397" ][SystemMonitor] Stats Update: CPU App: 1.28205 % | Sys: 32.8205 % | RAM App: 219.711 MB | Sys Avail: 44317.5 MB / 65466.5 MB
[ "20:02:14.398" ][SystemMonitor] Stats Update: CPU App: 0.260417 % | Sys: 21.6146 % | RAM App: 219.742 MB | Sys Avail: 44315.9 MB / 65466.5 MB
[ "20:02:15.397" ][SystemMonitor] Stats Update: CPU App: 0.260417 % | Sys: 20.3125 % | RAM App: 219.758 MB | Sys Avail: 44309.1 MB / 65466.5 MB
[ "20:02:16.397" ][SystemMonitor] Stats Update: CPU App: 1.04167 % | Sys: 32.5521 % | RAM App: 219.859 MB | Sys Avail: 44342.8 MB / 65466.5 MB
[ "20:02:17.386" ][SystemMonitor] Stats Update: CPU App: 1.0582 % | Sys: 18.7831 % | RAM App: 219.867 MB | Sys Avail: 44336.6 MB / 65466.5 MB
[ "20:02:18.397" ][SystemMonitor] Stats Update: CPU App: 0.769231 % | Sys: 22.0513 % | RAM App: 219.918 MB | Sys Avail: 44327 MB / 65466.5 MB
[ "20:02:19.402" ][SystemMonitor] Stats Update: CPU App: 1.04167 % | Sys: 39.5833 % | RAM App: 219.977 MB | Sys Avail: 44272.2 MB / 65466.5 MB
[ "20:02:20.386" ][SystemMonitor] Stats Update: CPU App: 0.26455 % | Sys: 23.2804 % | RAM App: 220.035 MB | Sys Avail: 44269.1 MB / 65466.5 MB
[ "20:02:21.398" ][SystemMonitor] Stats Update: CPU App: 1.02564 % | Sys: 16.1538 % | RAM App: 220.078 MB | Sys Avail: 44268.1 MB / 65466.5 MB
[ "20:02:22.382" ][SystemMonitor] Stats Update: CPU App: 0.529101 % | Sys: 17.1958 % | RAM App: 220.094 MB | Sys Avail: 44267.3 MB / 65466.5 MB
TelemetryMonitor: Processed 300 frames. Current FPS: 30
[ "20:02:23.386" ][SystemMonitor] Stats Update: CPU App: 1.82292 % | Sys: 21.875 % | RAM App: 220.148 MB | Sys Avail: 44273.7 MB / 65466.5 MB
[ "20:02:24.398" ][SystemMonitor] Stats Update: CPU App: 0.25641 % | Sys: 26.6667 % | RAM App: 220.199 MB | Sys Avail: 44267.4 MB / 65466.5 MB
[ "20:02:25.398" ][SystemMonitor] Stats Update: CPU App: 0.78125 % | Sys: 21.0938 % | RAM App: 220.227 MB | Sys Avail: 44268.7 MB / 65466.5 MB
[ "20:02:26.397" ][SystemMonitor] Stats Update: CPU App: 1.04167 % | Sys: 26.5625 % | RAM App: 220.262 MB | Sys Avail: 44262.8 MB / 65466.5 MB
[ "20:02:27.398" ][SystemMonitor] Stats Update: CPU App: 0.78125 % | Sys: 26.5625 % | RAM App: 220.281 MB | Sys Avail: 44268 MB / 65466.5 MB
[ "20:02:28.398" ][SystemMonitor] Stats Update: CPU App: 1.04167 % | Sys: 40.8854 % | RAM App: 220.297 MB | Sys Avail: 44240.6 MB / 65466.5 MB
[ "20:02:29.398" ][SystemMonitor] Stats Update: CPU App: 0 % | Sys: 12.7604 % | RAM App: 220.371 MB | Sys Avail: 44251.3 MB / 65466.5 MB
[ "20:02:30.398" ][SystemMonitor] Stats Update: CPU App: 0.78125 % | Sys: 21.0938 % | RAM App: 220.445 MB | Sys Avail: 44257.9 MB / 65466.5 MB
[ "20:02:31.399" ][SystemMonitor] Stats Update: CPU App: 0.520833 % | Sys: 20.5729 % | RAM App: 220.469 MB | Sys Avail: 44252.9 MB / 65466.5 MB
[ "20:02:32.382" ][SystemMonitor] Stats Update: CPU App: 0.529101 % | Sys: 19.8413 % | RAM App: 220.492 MB | Sys Avail: 44252.5 MB / 65466.5 MB
TelemetryMonitor: Processed 300 frames. Current FPS: 30
[ "20:02:33.398" ][SystemMonitor] Stats Update: CPU App: 0.512821 % | Sys: 14.359 % | RAM App: 220.531 MB | Sys Avail: 44263.1 MB / 65466.5 MB
[ "20:02:34.399" ][SystemMonitor] Stats Update: CPU App: 0.78125 % | Sys: 15.625 % | RAM App: 220.609 MB | Sys Avail: 44277.1 MB / 65466.5 MB
[ "20:02:35.402" ][SystemMonitor] Stats Update: CPU App: 0.78125 % | Sys: 29.4271 % | RAM App: 220.695 MB | Sys Avail: 44256.4 MB / 65466.5 MB
[ "20:02:36.383" ][SystemMonitor] Stats Update: CPU App: 1.32275 % | Sys: 69.8413 % | RAM App: 220.773 MB | Sys Avail: 44218.8 MB / 65466.5 MB
[ "20:02:37.384" ][SystemMonitor] Stats Update: CPU App: 1.30208 % | Sys: 29.4271 % | RAM App: 220.84 MB | Sys Avail: 44229.2 MB / 65466.5 MB
[ "20:02:38.381" ][SystemMonitor] Stats Update: CPU App: 0.260417 % | Sys: 44.2708 % | RAM App: 220.926 MB | Sys Avail: 44265.6 MB / 65466.5 MB
[ "20:02:39.382" ][SystemMonitor] Stats Update: CPU App: 0.520833 % | Sys: 14.5833 % | RAM App: 221 MB | Sys Avail: 44283.1 MB / 65466.5 MB
[ "20:02:40.382" ][SystemMonitor] Stats Update: CPU App: 0.520833 % | Sys: 15.3646 % | RAM App: 221.031 MB | Sys Avail: 44284.2 MB / 65466.5 MB
[ "20:02:41.398" ][SystemMonitor] Stats Update: CPU App: 0.512821 % | Sys: 18.7179 % | RAM App: 221.078 MB | Sys Avail: 44287.4 MB / 65466.5 MB
[ "20:02:42.382" ][SystemMonitor] Stats Update: CPU App: 0.529101 % | Sys: 19.8413 % | RAM App: 221.102 MB | Sys Avail: 44301.8 MB / 65466.5 MB
TelemetryMonitor: Processed 300 frames. Current FPS: 29
[ "20:02:43.382" ][SystemMonitor] Stats Update: CPU App: 0.520833 % | Sys: 35.9375 % | RAM App: 221.133 MB | Sys Avail: 44320 MB / 65466.5 MB
[ "20:02:44.382" ][SystemMonitor] Stats Update: CPU App: 0.260417 % | Sys: 19.7917 % | RAM App: 221.156 MB | Sys Avail: 44333.4 MB / 65466.5 MB
[ "20:02:45.399" ][SystemMonitor] Stats Update: CPU App: 0.512821 % | Sys: 19.4872 % | RAM App: 221.18 MB | Sys Avail: 44360.1 MB / 65466.5 MB
[ "20:02:46.383" ][SystemMonitor] Stats Update: CPU App: 0.793651 % | Sys: 25.1323 % | RAM App: 221.199 MB | Sys Avail: 44346 MB / 65466.5 MB
[ "20:02:47.383" ][SystemMonitor] Stats Update: CPU App: 1.5625 % | Sys: 18.4896 % | RAM App: 221.219 MB | Sys Avail: 44372.7 MB / 65466.5 MB
[ "20:02:48.383" ][SystemMonitor] Stats Update: CPU App: 1.04167 % | Sys: 16.9271 % | RAM App: 221.246 MB | Sys Avail: 44380.9 MB / 65466.5 MB
[ "20:02:49.399" ][SystemMonitor] Stats Update: CPU App: 0.769231 % | Sys: 16.1538 % | RAM App: 221.266 MB | Sys Avail: 44377.7 MB / 65466.5 MB
[ "20:02:50.399" ][SystemMonitor] Stats Update: CPU App: 0.260417 % | Sys: 16.9271 % | RAM App: 221.293 MB | Sys Avail: 44388.9 MB / 65466.5 MB
[ "20:02:51.399" ][SystemMonitor] Stats Update: CPU App: 0.78125 % | Sys: 18.4896 % | RAM App: 221.32 MB | Sys Avail: 44384 MB / 65466.5 MB
[ "20:02:52.383" ][SystemMonitor] Stats Update: CPU App: 0.26455 % | Sys: 20.1058 % | RAM App: 221.34 MB | Sys Avail: 44378.4 MB / 65466.5 MB
[ "20:02:53.399" ][SystemMonitor] Stats Update: CPU App: 0.512821 % | Sys: 21.0256 % | RAM App: 221.41 MB | Sys Avail: 44374.7 MB / 65466.5 MB
TelemetryMonitor: Processed 300 frames. Current FPS: 30
[ "20:02:54.398" ][SystemMonitor] Stats Update: CPU App: 0.520833 % | Sys: 19.0104 % | RAM App: 221.434 MB | Sys Avail: 44379.6 MB / 65466.5 MB
[ "20:02:55.398" ][SystemMonitor] Stats Update: CPU App: 0.78125 % | Sys: 20.0521 % | RAM App: 221.453 MB | Sys Avail: 44370 MB / 65466.5 MB
[ "20:02:56.392" ][SystemMonitor] Stats Update: CPU App: 0.529101 % | Sys: 24.6032 % | RAM App: 221.473 MB | Sys Avail: 44362 MB / 65466.5 MB
[ "20:02:57.384" ][SystemMonitor] Stats Update: CPU App: 1.04167 % | Sys: 35.4167 % | RAM App: 221.496 MB | Sys Avail: 44345.1 MB / 65466.5 MB
[ "20:02:58.383" ][SystemMonitor] Stats Update: CPU App: 0.520833 % | Sys: 20.8333 % | RAM App: 221.59 MB | Sys Avail: 44308.4 MB / 65466.5 MB
[ "20:02:59.383" ][SystemMonitor] Stats Update: CPU App: 0.78125 % | Sys: 38.0208 % | RAM App: 221.664 MB | Sys Avail: 44307.9 MB / 65466.5 MB
[ "20:03:00.399" ][SystemMonitor] Stats Update: CPU App: 0.512821 % | Sys: 30.5128 % | RAM App: 221.793 MB | Sys Avail: 44291.8 MB / 65466.5 MB
[ "20:03:01.415" ][SystemMonitor] Stats Update: CPU App: 0.769231 % | Sys: 25.3846 % | RAM App: 221.816 MB | Sys Avail: 44279.2 MB / 65466.5 MB
[ "20:03:02.399" ][SystemMonitor] Stats Update: CPU App: 0.793651 % | Sys: 18.7831 % | RAM App: 221.895 MB | Sys Avail: 44278.1 MB / 65466.5 MB
[ "20:03:03.400" ][SystemMonitor] Stats Update: CPU App: 0.260417 % | Sys: 14.8438 % | RAM App: 222.027 MB | Sys Avail: 44292.4 MB / 65466.5 MB
TelemetryMonitor: Processed 300 frames. Current FPS: 29
[ "20:03:04.383" ][SystemMonitor] Stats Update: CPU App: 0.529101 % | Sys: 15.873 % | RAM App: 222.117 MB | Sys Avail: 44295.2 MB / 65466.5 MB
[ "20:03:05.384" ][SystemMonitor] Stats Update: CPU App: 0.78125 % | Sys: 21.875 % | RAM App: 222.203 MB | Sys Avail: 44303.6 MB / 65466.5 MB
[ "20:03:06.398" ][SystemMonitor] Stats Update: CPU App: 0.769231 % | Sys: 64.359 % | RAM App: 222.281 MB | Sys Avail: 44276 MB / 65466.5 MB
[ "20:03:07.383" ][SystemMonitor] Stats Update: CPU App: 0.529101 % | Sys: 25.3968 % | RAM App: 222.359 MB | Sys Avail: 44273 MB / 65466.5 MB
[ "20:03:08.416" ][SystemMonitor] Stats Update: CPU App: 0.252525 % | Sys: 31.0606 % | RAM App: 222.434 MB | Sys Avail: 44283.9 MB / 65466.5 MB
[ "20:03:09.384" ][SystemMonitor] Stats Update: CPU App: 1.34409 % | Sys: 21.2366 % | RAM App: 219.879 MB | Sys Avail: 44276.7 MB / 65466.5 MB
[ "20:03:10.387" ][SystemMonitor] Stats Update: CPU App: 0.520833 % | Sys: 22.3958 % | RAM App: 220.094 MB | Sys Avail: 44273.8 MB / 65466.5 MB
[ "20:03:11.383" ][SystemMonitor] Stats Update: CPU App: 1.04167 % | Sys: 27.3438 % | RAM App: 220.102 MB | Sys Avail: 44287.8 MB / 65466.5 MB
[ "20:03:12.399" ][SystemMonitor] Stats Update: CPU App: 0.25641 % | Sys: 18.4615 % | RAM App: 220.113 MB | Sys Avail: 44309.5 MB / 65466.5 MB
[ "20:03:13.383" ][SystemMonitor] Stats Update: CPU App: 0.793651 % | Sys: 20.8995 % | RAM App: 220.141 MB | Sys Avail: 44317.2 MB / 65466.5 MB
TelemetryMonitor: Processed 300 frames. Current FPS: 30
[ "20:03:14.384" ][SystemMonitor] Stats Update: CPU App: 0.520833 % | Sys: 19.0104 % | RAM App: 220.18 MB | Sys Avail: 44271.9 MB / 65466.5 MB
[ "20:03:15.383" ][SystemMonitor] Stats Update: CPU App: 0.520833 % | Sys: 14.5833 % | RAM App: 220.199 MB | Sys Avail: 44271.6 MB / 65466.5 MB
[ "20:03:16.383" ][SystemMonitor] Stats Update: CPU App: 0.520833 % | Sys: 13.8021 % | RAM App: 220.234 MB | Sys Avail: 44277.7 MB / 65466.5 MB
[ "20:03:17.399" ][SystemMonitor] Stats Update: CPU App: 0.25641 % | Sys: 20.7692 % | RAM App: 220.289 MB | Sys Avail: 44278.4 MB / 65466.5 MB
[ "20:03:18.400" ][SystemMonitor] Stats Update: CPU App: 0.520833 % | Sys: 20.0521 % | RAM App: 220.293 MB | Sys Avail: 44296 MB / 65466.5 MB
[ "20:03:19.383" ][SystemMonitor] Stats Update: CPU App: 0.26455 % | Sys: 33.5979 % | RAM App: 220.293 MB | Sys Avail: 44309.3 MB / 65466.5 MB
[ "20:03:20.385" ][SystemMonitor] Stats Update: CPU App: 0.78125 % | Sys: 25.7813 % | RAM App: 220.402 MB | Sys Avail: 44318.6 MB / 65466.5 MB
[ "20:03:21.400" ][SystemMonitor] Stats Update: CPU App: 1.28205 % | Sys: 17.4359 % | RAM App: 220.402 MB | Sys Avail: 44315.4 MB / 65466.5 MB
[ "20:03:22.416" ][SystemMonitor] Stats Update: CPU App: 0.512821 % | Sys: 20.2564 % | RAM App: 220.438 MB | Sys Avail: 44324.2 MB / 65466.5 MB
[ "20:03:23.383" ][SystemMonitor] Stats Update: CPU App: 0.537634 % | Sys: 16.6667 % | RAM App: 220.438 MB | Sys Avail: 44325.2 MB / 65466.5 MB
[ "20:03:24.384" ][SystemMonitor] Stats Update: CPU App: 0.520833 % | Sys: 20.5729 % | RAM App: 220.445 MB | Sys Avail: 44309.6 MB / 65466.5 MB
TelemetryMonitor: Processed 300 frames. Current FPS: 29
[ "20:03:25.383" ][SystemMonitor] Stats Update: CPU App: 0.78125 % | Sys: 25 % | RAM App: 220.449 MB | Sys Avail: 44319.5 MB / 65466.5 MB
[ "20:03:26.383" ][SystemMonitor] Stats Update: CPU App: 0.78125 % | Sys: 23.6979 % | RAM App: 220.453 MB | Sys Avail: 44321.5 MB / 65466.5 MB
[ "20:03:27.400" ][SystemMonitor] Stats Update: CPU App: 0.25641 % | Sys: 12.3077 % | RAM App: 220.52 MB | Sys Avail: 44389.6 MB / 65466.5 MB
[ "20:03:28.399" ][SystemMonitor] Stats Update: CPU App: 0.78125 % | Sys: 17.4479 % | RAM App: 220.57 MB | Sys Avail: 44390.5 MB / 65466.5 MB
[ "20:03:29.400" ][SystemMonitor] Stats Update: CPU App: 0.520833 % | Sys: 39.8438 % | RAM App: 220.59 MB | Sys Avail: 44331.7 MB / 65466.5 MB
[ "20:03:30.384" ][SystemMonitor] Stats Update: CPU App: 0.26455 % | Sys: 29.3651 % | RAM App: 220.613 MB | Sys Avail: 44329.6 MB / 65466.5 MB
[ "20:03:31.400" ][SystemMonitor] Stats Update: CPU App: 0.512821 % | Sys: 16.6667 % | RAM App: 220.633 MB | Sys Avail: 44333.2 MB / 65466.5 MB
[ "20:03:32.400" ][SystemMonitor] Stats Update: CPU App: 0.78125 % | Sys: 14.8438 % | RAM App: 220.652 MB | Sys Avail: 44341.4 MB / 65466.5 MB
[ "20:03:33.384" ][SystemMonitor] Stats Update: CPU App: 0.793651 % | Sys: 15.0794 % | RAM App: 220.676 MB | Sys Avail: 44352.3 MB / 65466.5 MB
[ "20:03:34.400" ][SystemMonitor] Stats Update: CPU App: 0.512821 % | Sys: 17.9487 % | RAM App: 220.699 MB | Sys Avail: 44353.5 MB / 65466.5 MB
TelemetryMonitor: Processed 300 frames. Current FPS: 29
[ "20:03:35.382" ][SystemMonitor] Stats Update: CPU App: 1.0582 % | Sys: 16.4021 % | RAM App: 220.719 MB | Sys Avail: 44358.6 MB / 65466.5 MB
[ "20:03:36.383" ][SystemMonitor] Stats Update: CPU App: 0.78125 % | Sys: 58.8542 % | RAM App: 220.746 MB | Sys Avail: 44333.2 MB / 65466.5 MB
[ "20:03:37.384" ][SystemMonitor] Stats Update: CPU App: 0.520833 % | Sys: 28.6458 % | RAM App: 220.785 MB | Sys Avail: 44345.8 MB / 65466.5 MB
[ "20:03:38.384" ][SystemMonitor] Stats Update: CPU App: 1.30208 % | Sys: 39.5833 % | RAM App: 220.805 MB | Sys Avail: 44350.7 MB / 65466.5 MB
[ "20:03:39.384" ][SystemMonitor] Stats Update: CPU App: 0 % | Sys: 19.2708 % | RAM App: 220.824 MB | Sys Avail: 44367.9 MB / 65466.5 MB
[ "20:03:40.400" ][SystemMonitor] Stats Update: CPU App: 0.25641 % | Sys: 45.641 % | RAM App: 220.848 MB | Sys Avail: 44357.8 MB / 65466.5 MB
[ "20:03:41.386" ][SystemMonitor] Stats Update: CPU App: 0.793651 % | Sys: 31.2169 % | RAM App: 220.867 MB | Sys Avail: 44392.4 MB / 65466.5 MB
[ "20:03:42.384" ][SystemMonitor] Stats Update: CPU App: 0.260417 % | Sys: 17.7083 % | RAM App: 220.988 MB | Sys Avail: 44382.6 MB / 65466.5 MB
[ "20:03:43.385" ][SystemMonitor] Stats Update: CPU App: 0 % | Sys: 25 % | RAM App: 221.059 MB | Sys Avail: 44382.5 MB / 65466.5 MB
[ "20:03:44.383" ][SystemMonitor] Stats Update: CPU App: 0.78125 % | Sys: 21.6146 % | RAM App: 221.102 MB | Sys Avail: 44382.8 MB / 65466.5 MB
[ "20:03:45.385" ][SystemMonitor] Stats Update: CPU App: 0 % | Sys: 19.2708 % | RAM App: 221.188 MB | Sys Avail: 44390.4 MB / 65466.5 MB
TelemetryMonitor: Processed 300 frames. Current FPS: 30
[ "20:03:46.383" ][SystemMonitor] Stats Update: CPU App: 0 % | Sys: 29.9479 % | RAM App: 221.262 MB | Sys Avail: 44393.3 MB / 65466.5 MB
[ "20:03:47.385" ][SystemMonitor] Stats Update: CPU App: 0.78125 % | Sys: 25.7813 % | RAM App: 221.281 MB | Sys Avail: 44388.9 MB / 65466.5 MB
[ "20:03:48.400" ][SystemMonitor] Stats Update: CPU App: 0.512821 % | Sys: 25.641 % | RAM App: 221.309 MB | Sys Avail: 44394.2 MB / 65466.5 MB
[ "20:03:49.383" ][SystemMonitor] Stats Update: CPU App: 0.793651 % | Sys: 19.8413 % | RAM App: 221.355 MB | Sys Avail: 44400.5 MB / 65466.5 MB
[ "20:03:50.385" ][SystemMonitor] Stats Update: CPU App: 0.260417 % | Sys: 19.5313 % | RAM App: 221.496 MB | Sys Avail: 44399.7 MB / 65466.5 MB
[ "20:03:51.386" ][SystemMonitor] Stats Update: CPU App: 0.520833 % | Sys: 33.5938 % | RAM App: 221.566 MB | Sys Avail: 44395.2 MB / 65466.5 MB
[ "20:03:52.385" ][SystemMonitor] Stats Update: CPU App: 0.78125 % | Sys: 22.3958 % | RAM App: 221.648 MB | Sys Avail: 44397.6 MB / 65466.5 MB
[ "20:03:53.385" ][SystemMonitor] Stats Update: CPU App: 1.04167 % | Sys: 25.2604 % | RAM App: 221.723 MB | Sys Avail: 44400.6 MB / 65466.5 MB
[ "20:03:54.385" ][SystemMonitor] Stats Update: CPU App: 1.04167 % | Sys: 18.75 % | RAM App: 221.785 MB | Sys Avail: 44410.1 MB / 65466.5 MB
[ "20:03:55.402" ][SystemMonitor] Stats Update: CPU App: 0.512821 % | Sys: 23.3333 % | RAM App: 221.859 MB | Sys Avail: 44406 MB / 65466.5 MB
TelemetryMonitor: Processed 300 frames. Current FPS: 30
[ "20:03:56.385" ][SystemMonitor] Stats Update: CPU App: 1.0582 % | Sys: 30.6878 % | RAM App: 221.938 MB | Sys Avail: 44407.4 MB / 65466.5 MB
[ "20:03:57.386" ][SystemMonitor] Stats Update: CPU App: 0.260417 % | Sys: 21.3542 % | RAM App: 222.012 MB | Sys Avail: 44408 MB / 65466.5 MB
[ "20:03:58.401" ][SystemMonitor] Stats Update: CPU App: 1.28205 % | Sys: 20.7692 % | RAM App: 222.086 MB | Sys Avail: 44409.7 MB / 65466.5 MB
[ "20:03:59.385" ][SystemMonitor] Stats Update: CPU App: 0.529101 % | Sys: 19.0476 % | RAM App: 222.16 MB | Sys Avail: 44408.4 MB / 65466.5 MB
[ "20:04:00.385" ][SystemMonitor] Stats Update: CPU App: 0.520833 % | Sys: 24.4792 % | RAM App: 222.293 MB | Sys Avail: 44407.7 MB / 65466.5 MB
[ "20:04:01.402" ][SystemMonitor] Stats Update: CPU App: 0.769231 % | Sys: 46.4103 % | RAM App: 222.367 MB | Sys Avail: 44376.7 MB / 65466.5 MB
[ "20:04:02.383" ][SystemMonitor] Stats Update: CPU App: 1.0582 % | Sys: 27.2487 % | RAM App: 222.457 MB | Sys Avail: 44415.4 MB / 65466.5 MB
[ "20:04:03.385" ][SystemMonitor] Stats Update: CPU App: 0.260417 % | Sys: 17.4479 % | RAM App: 222.543 MB | Sys Avail: 44418.4 MB / 65466.5 MB
[ "20:04:04.386" ][SystemMonitor] Stats Update: CPU App: 0.260417 % | Sys: 21.0938 % | RAM App: 222.617 MB | Sys Avail: 44419.8 MB / 65466.5 MB
[ "20:04:05.385" ][SystemMonitor] Stats Update: CPU App: 0.260417 % | Sys: 30.4688 % | RAM App: 222.703 MB | Sys Avail: 44404.1 MB / 65466.5 MB
TelemetryMonitor: Processed 300 frames. Current FPS: 30
[ "20:04:06.401" ][SystemMonitor] Stats Update: CPU App: 0.769231 % | Sys: 54.359 % | RAM App: 222.777 MB | Sys Avail: 44375.6 MB / 65466.5 MB
[ "20:04:07.401" ][SystemMonitor] Stats Update: CPU App: 1.04167 % | Sys: 29.6875 % | RAM App: 222.859 MB | Sys Avail: 44410.7 MB / 65466.5 MB
[ "20:04:08.385" ][SystemMonitor] Stats Update: CPU App: 1.32275 % | Sys: 47.3545 % | RAM App: 222.934 MB | Sys Avail: 44410.8 MB / 65466.5 MB
[ "20:04:09.387" ][SystemMonitor] Stats Update: CPU App: 0.78125 % | Sys: 25 % | RAM App: 218.387 MB | Sys Avail: 44403.7 MB / 65466.5 MB
[ "20:04:10.385" ][SystemMonitor] Stats Update: CPU App: 1.04167 % | Sys: 18.4896 % | RAM App: 218.609 MB | Sys Avail: 44403.3 MB / 65466.5 MB
[ "20:04:11.386" ][SystemMonitor] Stats Update: CPU App: 0.78125 % | Sys: 28.125 % | RAM App: 218.625 MB | Sys Avail: 44401.5 MB / 65466.5 MB
[ "20:04:12.383" ][SystemMonitor] Stats Update: CPU App: 1.04167 % | Sys: 21.0938 % | RAM App: 218.648 MB | Sys Avail: 44402.2 MB / 65466.5 MB
[ "20:04:13.386" ][SystemMonitor] Stats Update: CPU App: 0.520833 % | Sys: 21.6146 % | RAM App: 218.664 MB | Sys Avail: 44401.6 MB / 65466.5 MB
[ "20:04:14.386" ][SystemMonitor] Stats Update: CPU App: 0.520833 % | Sys: 22.1354 % | RAM App: 218.715 MB | Sys Avail: 44413.9 MB / 65466.5 MB
[ "20:04:15.381" ][SystemMonitor] Stats Update: CPU App: 1.30208 % | Sys: 22.3958 % | RAM App: 218.723 MB | Sys Avail: 44400.3 MB / 65466.5 MB
[ "20:04:16.401" ][SystemMonitor] Stats Update: CPU App: 0.512821 % | Sys: 24.6154 % | RAM App: 218.844 MB | Sys Avail: 44402.3 MB / 65466.5 MB
TelemetryMonitor: Processed 300 frames. Current FPS: 30
[ "20:04:17.402" ][SystemMonitor] Stats Update: CPU App: 0.260417 % | Sys: 21.875 % | RAM App: 218.879 MB | Sys Avail: 44402.8 MB / 65466.5 MB
[ "20:04:18.385" ][SystemMonitor] Stats Update: CPU App: 0.529101 % | Sys: 23.2804 % | RAM App: 218.949 MB | Sys Avail: 44406.7 MB / 65466.5 MB
[ "20:04:19.402" ][SystemMonitor] Stats Update: CPU App: 0.512821 % | Sys: 20.7692 % | RAM App: 218.957 MB | Sys Avail: 44407.8 MB / 65466.5 MB
[ "20:04:20.386" ][SystemMonitor] Stats Update: CPU App: 1.0582 % | Sys: 20.3704 % | RAM App: 219.066 MB | Sys Avail: 44407.2 MB / 65466.5 MB
[ "20:04:21.382" ][SystemMonitor] Stats Update: CPU App: 0.520833 % | Sys: 37.5 % | RAM App: 219.121 MB | Sys Avail: 44406.6 MB / 65466.5 MB
[ "20:04:22.386" ][SystemMonitor] Stats Update: CPU App: 1.30208 % | Sys: 49.7396 % | RAM App: 219.18 MB | Sys Avail: 44373.5 MB / 65466.5 MB
[ "20:04:23.384" ][SystemMonitor] Stats Update: CPU App: 1.04167 % | Sys: 40.625 % | RAM App: 219.289 MB | Sys Avail: 44363.8 MB / 65466.5 MB
[ "20:04:24.402" ][SystemMonitor] Stats Update: CPU App: 0.769231 % | Sys: 31.7949 % | RAM App: 219.344 MB | Sys Avail: 44344.5 MB / 65466.5 MB
[ "20:04:25.386" ][SystemMonitor] Stats Update: CPU App: 0.793651 % | Sys: 15.6085 % | RAM App: 219.414 MB | Sys Avail: 44342.7 MB / 65466.5 MB
[ "20:04:26.386" ][SystemMonitor] Stats Update: CPU App: 0.78125 % | Sys: 19.5313 % | RAM App: 219.469 MB | Sys Avail: 44352.5 MB / 65466.5 MB
TelemetryMonitor: Processed 300 frames. Current FPS: 29
[ "20:04:27.385" ][SystemMonitor] Stats Update: CPU App: 0.78125 % | Sys: 14.3229 % | RAM App: 219.523 MB | Sys Avail: 44358.9 MB / 65466.5 MB
[ "20:04:28.385" ][SystemMonitor] Stats Update: CPU App: 1.30208 % | Sys: 25.5208 % | RAM App: 219.535 MB | Sys Avail: 44362.8 MB / 65466.5 MB
[ "20:04:29.402" ][SystemMonitor] Stats Update: CPU App: 0.769231 % | Sys: 16.4103 % | RAM App: 219.664 MB | Sys Avail: 44364.4 MB / 65466.5 MB
[ "20:04:30.386" ][SystemMonitor] Stats Update: CPU App: 0.793651 % | Sys: 20.1058 % | RAM App: 219.727 MB | Sys Avail: 44371.1 MB / 65466.5 MB
[ "20:04:31.384" ][SystemMonitor] Stats Update: CPU App: 1.30208 % | Sys: 15.3646 % | RAM App: 219.813 MB | Sys Avail: 44371.1 MB / 65466.5 MB
[ "20:04:32.402" ][SystemMonitor] Stats Update: CPU App: 0.25641 % | Sys: 16.1538 % | RAM App: 219.898 MB | Sys Avail: 44374 MB / 65466.5 MB
[ "20:04:33.385" ][SystemMonitor] Stats Update: CPU App: 0.793651 % | Sys: 15.3439 % | RAM App: 219.98 MB | Sys Avail: 44375.1 MB / 65466.5 MB
[ "20:04:34.386" ][SystemMonitor] Stats Update: CPU App: 0.520833 % | Sys: 20.0521 % | RAM App: 220.109 MB | Sys Avail: 44374.8 MB / 65466.5 MB
[ "20:04:35.386" ][SystemMonitor] Stats Update: CPU App: 0.78125 % | Sys: 27.0833 % | RAM App: 220.188 MB | Sys Avail: 44339.3 MB / 65466.5 MB
[ "20:04:36.387" ][SystemMonitor] Stats Update: CPU App: 0.78125 % | Sys: 52.8646 % | RAM App: 220.313 MB | Sys Avail: 44245.4 MB / 65466.5 MB
TelemetryMonitor: Processed 300 frames. Current FPS: 30
[ "20:04:37.402" ][SystemMonitor] Stats Update: CPU App: 1.02564 % | Sys: 45.641 % | RAM App: 220.402 MB | Sys Avail: 44322.3 MB / 65466.5 MB
[ "20:04:38.386" ][SystemMonitor] Stats Update: CPU App: 0.793651 % | Sys: 34.127 % | RAM App: 220.477 MB | Sys Avail: 44336.3 MB / 65466.5 MB
[ "20:04:39.388" ][SystemMonitor] Stats Update: CPU App: 1.30208 % | Sys: 34.1146 % | RAM App: 220.559 MB | Sys Avail: 44351 MB / 65466.5 MB
[ "20:04:40.387" ][SystemMonitor] Stats Update: CPU App: 0.78125 % | Sys: 20.3125 % | RAM App: 220.637 MB | Sys Avail: 44352.6 MB / 65466.5 MB
[ "20:04:41.386" ][SystemMonitor] Stats Update: CPU App: 0.520833 % | Sys: 23.9583 % | RAM App: 220.715 MB | Sys Avail: 44357.3 MB / 65466.5 MB
[ "20:04:42.383" ][SystemMonitor] Stats Update: CPU App: 0.520833 % | Sys: 22.9167 % | RAM App: 220.789 MB | Sys Avail: 44376.8 MB / 65466.5 MB
[ "20:04:43.387" ][SystemMonitor] Stats Update: CPU App: 0.520833 % | Sys: 24.4792 % | RAM App: 220.883 MB | Sys Avail: 44384.3 MB / 65466.5 MB
[ "20:04:44.404" ][SystemMonitor] Stats Update: CPU App: 0.512821 % | Sys: 27.6923 % | RAM App: 220.945 MB | Sys Avail: 44385 MB / 65466.5 MB
[ "20:04:45.388" ][SystemMonitor] Stats Update: CPU App: 0 % | Sys: 31.746 % | RAM App: 221.039 MB | Sys Avail: 44380 MB / 65466.5 MB
[ "20:04:46.383" ][SystemMonitor] Stats Update: CPU App: 0.260417 % | Sys: 23.6979 % | RAM App: 221.113 MB | Sys Avail: 44347.9 MB / 65466.5 MB
TelemetryMonitor: Processed 300 frames. Current FPS: 30
[ "20:04:47.388" ][SystemMonitor] Stats Update: CPU App: 1.30208 % | Sys: 23.1771 % | RAM App: 221.191 MB | Sys Avail: 44346.4 MB / 65466.5 MB
[ "20:04:48.419" ][SystemMonitor] Stats Update: CPU App: 0.757576 % | Sys: 16.9192 % | RAM App: 221.266 MB | Sys Avail: 44349.6 MB / 65466.5 MB
[ "20:04:49.383" ][SystemMonitor] Stats Update: CPU App: 0.268817 % | Sys: 14.5161 % | RAM App: 221.355 MB | Sys Avail: 44354.2 MB / 65466.5 MB
[ "20:04:50.388" ][SystemMonitor] Stats Update: CPU App: 0 % | Sys: 16.1458 % | RAM App: 221.43 MB | Sys Avail: 44357.2 MB / 65466.5 MB
[ "20:04:51.387" ][SystemMonitor] Stats Update: CPU App: 0.78125 % | Sys: 16.6667 % | RAM App: 221.664 MB | Sys Avail: 44357.4 MB / 65466.5 MB
[ "20:04:52.386" ][SystemMonitor] Stats Update: CPU App: 0.520833 % | Sys: 19.0104 % | RAM App: 221.742 MB | Sys Avail: 44360.7 MB / 65466.5 MB
[ "20:04:53.403" ][SystemMonitor] Stats Update: CPU App: 1.02564 % | Sys: 17.9487 % | RAM App: 221.813 MB | Sys Avail: 44366 MB / 65466.5 MB
[ "20:04:54.386" ][SystemMonitor] Stats Update: CPU App: 0.529101 % | Sys: 16.6667 % | RAM App: 221.891 MB | Sys Avail: 44368.9 MB / 65466.5 MB
[ "20:04:55.387" ][SystemMonitor] Stats Update: CPU App: 0.520833 % | Sys: 37.2396 % | RAM App: 221.965 MB | Sys Avail: 44348.2 MB / 65466.5 MB
[ "20:04:56.419" ][SystemMonitor] Stats Update: CPU App: 0.757576 % | Sys: 18.9394 % | RAM App: 222.039 MB | Sys Avail: 44349.2 MB / 65466.5 MB
[ "20:04:57.402" ][SystemMonitor] Stats Update: CPU App: 0.793651 % | Sys: 21.6931 % | RAM App: 222.121 MB | Sys Avail: 44350.3 MB / 65466.5 MB
TelemetryMonitor: Processed 300 frames. Current FPS: 28
[ "20:04:58.388" ][SystemMonitor] Stats Update: CPU App: 0.793651 % | Sys: 14.0212 % | RAM App: 222.195 MB | Sys Avail: 44353.9 MB / 65466.5 MB
[ "20:04:59.386" ][SystemMonitor] Stats Update: CPU App: 0 % | Sys: 15.8854 % | RAM App: 222.27 MB | Sys Avail: 44353.7 MB / 65466.5 MB
[ "20:05:00.382" ][SystemMonitor] Stats Update: CPU App: 1.04167 % | Sys: 21.6146 % | RAM App: 222.348 MB | Sys Avail: 44353.7 MB / 65466.5 MB
[ "20:05:01.386" ][SystemMonitor] Stats Update: CPU App: 1.04167 % | Sys: 16.4063 % | RAM App: 222.418 MB | Sys Avail: 44356.9 MB / 65466.5 MB
[ "20:05:02.403" ][SystemMonitor] Stats Update: CPU App: 0.769231 % | Sys: 16.4103 % | RAM App: 222.492 MB | Sys Avail: 44358.8 MB / 65466.5 MB
[ "20:05:03.387" ][SystemMonitor] Stats Update: CPU App: 0.793651 % | Sys: 19.5767 % | RAM App: 222.57 MB | Sys Avail: 44324.5 MB / 65466.5 MB
[ "20:05:04.384" ][SystemMonitor] Stats Update: CPU App: 0.78125 % | Sys: 21.0938 % | RAM App: 222.645 MB | Sys Avail: 44346.3 MB / 65466.5 MB
[ "20:05:05.387" ][SystemMonitor] Stats Update: CPU App: 0.520833 % | Sys: 21.0938 % | RAM App: 222.719 MB | Sys Avail: 44347.3 MB / 65466.5 MB
[ "20:05:06.388" ][SystemMonitor] Stats Update: CPU App: 0.260417 % | Sys: 46.875 % | RAM App: 222.785 MB | Sys Avail: 44332.1 MB / 65466.5 MB
[ "20:05:07.387" ][SystemMonitor] Stats Update: CPU App: 0.78125 % | Sys: 27.0833 % | RAM App: 222.867 MB | Sys Avail: 44348.7 MB / 65466.5 MB
TelemetryMonitor: Processed 300 frames. Current FPS: 28
[ "20:05:08.388" ][SystemMonitor] Stats Update: CPU App: 1.30208 % | Sys: 51.3021 % | RAM App: 222.988 MB | Sys Avail: 44319.3 MB / 65466.5 MB
[ "20:05:09.387" ][SystemMonitor] Stats Update: CPU App: 0.78125 % | Sys: 24.2188 % | RAM App: 218.734 MB | Sys Avail: 44299.3 MB / 65466.5 MB
[ "20:05:10.387" ][SystemMonitor] Stats Update: CPU App: 0.260417 % | Sys: 16.1458 % | RAM App: 218.898 MB | Sys Avail: 44301 MB / 65466.5 MB
[ "20:05:11.387" ][SystemMonitor] Stats Update: CPU App: 0 % | Sys: 41.1458 % | RAM App: 218.918 MB | Sys Avail: 44303 MB / 65466.5 MB
[ "20:05:12.383" ][SystemMonitor] Stats Update: CPU App: 0.260417 % | Sys: 26.0417 % | RAM App: 218.934 MB | Sys Avail: 44325.6 MB / 65466.5 MB
[ "20:05:13.387" ][SystemMonitor] Stats Update: CPU App: 0.520833 % | Sys: 31.25 % | RAM App: 218.965 MB | Sys Avail: 44313.6 MB / 65466.5 MB
[ "20:05:14.404" ][SystemMonitor] Stats Update: CPU App: 0.25641 % | Sys: 24.6154 % | RAM App: 219.004 MB | Sys Avail: 44333.4 MB / 65466.5 MB
[ "20:05:15.388" ][SystemMonitor] Stats Update: CPU App: 0.793651 % | Sys: 14.2857 % | RAM App: 219.129 MB | Sys Avail: 44332.8 MB / 65466.5 MB
[ "20:05:16.388" ][SystemMonitor] Stats Update: CPU App: 0.520833 % | Sys: 15.3646 % | RAM App: 219.141 MB | Sys Avail: 44343.9 MB / 65466.5 MB
[ "20:05:17.387" ][SystemMonitor] Stats Update: CPU App: 0.520833 % | Sys: 18.75 % | RAM App: 219.203 MB | Sys Avail: 44344.1 MB / 65466.5 MB
[ "20:05:18.387" ][SystemMonitor] Stats Update: CPU App: 0.78125 % | Sys: 12.5 % | RAM App: 219.258 MB | Sys Avail: 44346 MB / 65466.5 MB
TelemetryMonitor: Processed 300 frames. Current FPS: 28
[ "20:05:19.387" ][SystemMonitor] Stats Update: CPU App: 0.78125 % | Sys: 15.8854 % | RAM App: 219.379 MB | Sys Avail: 44348.6 MB / 65466.5 MB
[ "20:05:20.386" ][SystemMonitor] Stats Update: CPU App: 0.520833 % | Sys: 29.4271 % | RAM App: 219.488 MB | Sys Avail: 44326.4 MB / 65466.5 MB
[ "20:05:21.388" ][SystemMonitor] Stats Update: CPU App: 0.78125 % | Sys: 22.6563 % | RAM App: 219.516 MB | Sys Avail: 44330.3 MB / 65466.5 MB
[ "20:05:22.388" ][SystemMonitor] Stats Update: CPU App: 1.30208 % | Sys: 27.8646 % | RAM App: 219.563 MB | Sys Avail: 44286.3 MB / 65466.5 MB
[ "20:05:23.386" ][SystemMonitor] Stats Update: CPU App: 0.52356 % | Sys: 28.9063 % | RAM App: 219.574 MB | Sys Avail: 44282.2 MB / 65466.5 MB
[ "20:05:24.388" ][SystemMonitor] Stats Update: CPU App: 1.03627 % | Sys: 27.6042 % | RAM App: 219.684 MB | Sys Avail: 44256 MB / 65466.5 MB
[ "20:05:25.383" ][SystemMonitor] Stats Update: CPU App: 0.520833 % | Sys: 44.5313 % | RAM App: 219.781 MB | Sys Avail: 44256.9 MB / 65466.5 MB
[ "20:05:26.387" ][SystemMonitor] Stats Update: CPU App: 1.04167 % | Sys: 25.5208 % | RAM App: 219.84 MB | Sys Avail: 44255 MB / 65466.5 MB
[ "20:05:27.388" ][SystemMonitor] Stats Update: CPU App: 0.520833 % | Sys: 21.0938 % | RAM App: 219.938 MB | Sys Avail: 44257 MB / 65466.5 MB
[ "20:05:28.385" ][SystemMonitor] Stats Update: CPU App: 1.04167 % | Sys: 23.4375 % | RAM App: 220.012 MB | Sys Avail: 44270.4 MB / 65466.5 MB
TelemetryMonitor: Processed 300 frames. Current FPS: 30
[ "20:05:29.384" ][SystemMonitor] Stats Update: CPU App: 0.520833 % | Sys: 21.6146 % | RAM App: 220.156 MB | Sys Avail: 44269.4 MB / 65466.5 MB
[ "20:05:30.388" ][SystemMonitor] Stats Update: CPU App: 0.78125 % | Sys: 24.2188 % | RAM App: 220.188 MB | Sys Avail: 44277.1 MB / 65466.5 MB
[ "20:05:31.386" ][SystemMonitor] Stats Update: CPU App: 0.520833 % | Sys: 23.1771 % | RAM App: 220.238 MB | Sys Avail: 44278.6 MB / 65466.5 MB
[ "20:05:32.384" ][SystemMonitor] Stats Update: CPU App: 0.520833 % | Sys: 19.7917 % | RAM App: 220.281 MB | Sys Avail: 44283.5 MB / 65466.5 MB
[ "20:05:33.386" ][SystemMonitor] Stats Update: CPU App: 0.260417 % | Sys: 21.0938 % | RAM App: 220.41 MB | Sys Avail: 44286.5 MB / 65466.5 MB
[ "20:05:34.387" ][SystemMonitor] Stats Update: CPU App: 0.78125 % | Sys: 26.5625 % | RAM App: 220.488 MB | Sys Avail: 44286.3 MB / 65466.5 MB
[ "20:05:35.386" ][SystemMonitor] Stats Update: CPU App: 1.04167 % | Sys: 31.5104 % | RAM App: 220.617 MB | Sys Avail: 44290.4 MB / 65466.5 MB
[ "20:05:36.393" ][SystemMonitor] Stats Update: CPU App: 1.04167 % | Sys: 64.0625 % | RAM App: 220.695 MB | Sys Avail: 44214 MB / 65466.5 MB
[ "20:05:37.385" ][SystemMonitor] Stats Update: CPU App: 0.260417 % | Sys: 34.6354 % | RAM App: 220.77 MB | Sys Avail: 44265.5 MB / 65466.5 MB
[ "20:05:38.388" ][SystemMonitor] Stats Update: CPU App: 0.520833 % | Sys: 28.9063 % | RAM App: 220.84 MB | Sys Avail: 44284 MB / 65466.5 MB
[ "20:05:39.386" ][SystemMonitor] Stats Update: CPU App: 1.30208 % | Sys: 23.6979 % | RAM App: 220.918 MB | Sys Avail: 44307.9 MB / 65466.5 MB
TelemetryMonitor: Processed 300 frames. Current FPS: 29
[ "20:05:40.388" ][SystemMonitor] Stats Update: CPU App: 0.260417 % | Sys: 14.3229 % | RAM App: 220.992 MB | Sys Avail: 44313.5 MB / 65466.5 MB
[ "20:05:41.385" ][SystemMonitor] Stats Update: CPU App: 0.260417 % | Sys: 13.8021 % | RAM App: 221.07 MB | Sys Avail: 44319.4 MB / 65466.5 MB
[ "20:05:42.387" ][SystemMonitor] Stats Update: CPU App: 0.78125 % | Sys: 16.1458 % | RAM App: 221.184 MB | Sys Avail: 44307.1 MB / 65466.5 MB
[ "20:05:43.383" ][SystemMonitor] Stats Update: CPU App: 1.04167 % | Sys: 17.9688 % | RAM App: 221.258 MB | Sys Avail: 44307.9 MB / 65466.5 MB
[ "20:05:44.405" ][SystemMonitor] Stats Update: CPU App: 0.512821 % | Sys: 18.7179 % | RAM App: 221.336 MB | Sys Avail: 44308.2 MB / 65466.5 MB
[ "20:05:45.388" ][SystemMonitor] Stats Update: CPU App: 0.529101 % | Sys: 25.9259 % | RAM App: 221.414 MB | Sys Avail: 44313.4 MB / 65466.5 MB
[ "20:05:46.383" ][SystemMonitor] Stats Update: CPU App: 0.520833 % | Sys: 30.9896 % | RAM App: 221.488 MB | Sys Avail: 44260.2 MB / 65466.5 MB
[ "20:05:47.388" ][SystemMonitor] Stats Update: CPU App: 1.30208 % | Sys: 39.8438 % | RAM App: 221.563 MB | Sys Avail: 44257.7 MB / 65466.5 MB
[ "20:05:48.389" ][SystemMonitor] Stats Update: CPU App: 0.520833 % | Sys: 25.7813 % | RAM App: 221.637 MB | Sys Avail: 44272.7 MB / 65466.5 MB
[ "20:05:49.385" ][SystemMonitor] Stats Update: CPU App: 0.520833 % | Sys: 28.9063 % | RAM App: 221.711 MB | Sys Avail: 44263.5 MB / 65466.5 MB
TelemetryMonitor: Processed 300 frames. Current FPS: 30
[ "20:05:50.384" ][SystemMonitor] Stats Update: CPU App: 0.520833 % | Sys: 30.2083 % | RAM App: 221.844 MB | Sys Avail: 44263.7 MB / 65466.5 MB
[ "20:05:51.386" ][SystemMonitor] Stats Update: CPU App: 0.78125 % | Sys: 25.7813 % | RAM App: 221.902 MB | Sys Avail: 44252.3 MB / 65466.5 MB
[ "20:05:52.389" ][SystemMonitor] Stats Update: CPU App: 0.520833 % | Sys: 25 % | RAM App: 221.977 MB | Sys Avail: 44270.7 MB / 65466.5 MB
[ "20:05:53.390" ][SystemMonitor] Stats Update: CPU App: 0.78125 % | Sys: 23.1771 % | RAM App: 222.051 MB | Sys Avail: 44273.7 MB / 65466.5 MB
[ "20:05:54.388" ][SystemMonitor] Stats Update: CPU App: 0.78125 % | Sys: 21.0938 % | RAM App: 222.125 MB | Sys Avail: 44274.9 MB / 65466.5 MB
[ "20:05:55.382" ][SystemMonitor] Stats Update: CPU App: 0.520833 % | Sys: 28.3854 % | RAM App: 222.203 MB | Sys Avail: 44248.4 MB / 65466.5 MB
[ "20:05:56.405" ][SystemMonitor] Stats Update: CPU App: 1.53846 % | Sys: 30.7692 % | RAM App: 222.277 MB | Sys Avail: 44243.5 MB / 65466.5 MB
[ "20:05:57.389" ][SystemMonitor] Stats Update: CPU App: 1.0582 % | Sys: 24.0741 % | RAM App: 222.406 MB | Sys Avail: 44232.9 MB / 65466.5 MB
[ "20:05:58.421" ][SystemMonitor] Stats Update: CPU App: 0.252525 % | Sys: 15.404 % | RAM App: 222.48 MB | Sys Avail: 44233.4 MB / 65466.5 MB
[ "20:05:59.386" ][SystemMonitor] Stats Update: CPU App: 1.07527 % | Sys: 15.5914 % | RAM App: 222.559 MB | Sys Avail: 44232.9 MB / 65466.5 MB
TelemetryMonitor: Processed 300 frames. Current FPS: 30
[ "20:06:00.391" ][SystemMonitor] Stats Update: CPU App: 0.78125 % | Sys: 26.0417 % | RAM App: 222.637 MB | Sys Avail: 44230.9 MB / 65466.5 MB
[ "20:06:01.389" ][SystemMonitor] Stats Update: CPU App: 0.520833 % | Sys: 33.8542 % | RAM App: 222.711 MB | Sys Avail: 44235.1 MB / 65466.5 MB
[ "20:06:02.389" ][SystemMonitor] Stats Update: CPU App: 1.04167 % | Sys: 19.5313 % | RAM App: 222.785 MB | Sys Avail: 44233.9 MB / 65466.5 MB
[ "20:06:03.384" ][SystemMonitor] Stats Update: CPU App: 0.260417 % | Sys: 14.5833 % | RAM App: 222.871 MB | Sys Avail: 44238 MB / 65466.5 MB
[ "20:06:04.389" ][SystemMonitor] Stats Update: CPU App: 0.260417 % | Sys: 18.75 % | RAM App: 222.945 MB | Sys Avail: 44236.8 MB / 65466.5 MB
[ "20:06:05.386" ][SystemMonitor] Stats Update: CPU App: 0.78125 % | Sys: 60.9375 % | RAM App: 223.027 MB | Sys Avail: 44188.6 MB / 65466.5 MB
[ "20:06:06.395" ][SystemMonitor] Stats Update: CPU App: 0.78125 % | Sys: 68.2292 % | RAM App: 223.156 MB | Sys Avail: 44107.3 MB / 65466.5 MB
[ "20:06:07.386" ][SystemMonitor] Stats Update: CPU App: 1.5625 % | Sys: 35.1563 % | RAM App: 223.23 MB | Sys Avail: 44252.2 MB / 65466.5 MB
[ "20:06:08.405" ][SystemMonitor] Stats Update: CPU App: 1.28205 % | Sys: 34.1026 % | RAM App: 218.797 MB | Sys Avail: 44278.7 MB / 65466.5 MB
[ "20:06:09.390" ][SystemMonitor] Stats Update: CPU App: 0.529101 % | Sys: 20.8995 % | RAM App: 219.035 MB | Sys Avail: 44296.3 MB / 65466.5 MB
[ "20:06:10.405" ][SystemMonitor] Stats Update: CPU App: 1.28205 % | Sys: 33.3333 % | RAM App: 219.207 MB | Sys Avail: 44298.4 MB / 65466.5 MB
TelemetryMonitor: Processed 300 frames. Current FPS: 29
[ "20:06:11.386" ][SystemMonitor] Stats Update: CPU App: 0.793651 % | Sys: 19.8413 % | RAM App: 219.223 MB | Sys Avail: 44317.1 MB / 65466.5 MB
[ "20:06:12.388" ][SystemMonitor] Stats Update: CPU App: 1.04167 % | Sys: 18.2292 % | RAM App: 219.238 MB | Sys Avail: 44289.8 MB / 65466.5 MB
[ "20:06:13.385" ][SystemMonitor] Stats Update: CPU App: 1.04167 % | Sys: 22.6563 % | RAM App: 219.332 MB | Sys Avail: 44275.9 MB / 65466.5 MB
[ "20:06:14.387" ][SystemMonitor] Stats Update: CPU App: 0.78125 % | Sys: 24.7396 % | RAM App: 219.402 MB | Sys Avail: 44278.3 MB / 65466.5 MB
[ "20:06:15.385" ][SystemMonitor] Stats Update: CPU App: 0.520833 % | Sys: 61.7188 % | RAM App: 219.414 MB | Sys Avail: 44203.1 MB / 65466.5 MB
[ "20:06:16.405" ][SystemMonitor] Stats Update: CPU App: 0.769231 % | Sys: 38.7179 % | RAM App: 219.488 MB | Sys Avail: 44193.5 MB / 65466.5 MB
[ "20:06:17.385" ][SystemMonitor] Stats Update: CPU App: 1.0582 % | Sys: 31.746 % | RAM App: 219.547 MB | Sys Avail: 44199.7 MB / 65466.5 MB
[ "20:06:18.389" ][SystemMonitor] Stats Update: CPU App: 0.260417 % | Sys: 38.0208 % | RAM App: 219.609 MB | Sys Avail: 44197.5 MB / 65466.5 MB
[ "20:06:19.390" ][SystemMonitor] Stats Update: CPU App: 0.520833 % | Sys: 27.8646 % | RAM App: 219.684 MB | Sys Avail: 44208.7 MB / 65466.5 MB
[ "20:06:20.383" ][SystemMonitor] Stats Update: CPU App: 0.520833 % | Sys: 15.625 % | RAM App: 219.73 MB | Sys Avail: 44210.2 MB / 65466.5 MB
TelemetryMonitor: Processed 300 frames. Current FPS: 28
[ "20:06:21.386" ][SystemMonitor] Stats Update: CPU App: 1.30208 % | Sys: 14.0625 % | RAM App: 219.781 MB | Sys Avail: 44216.1 MB / 65466.5 MB
[ "20:06:22.406" ][SystemMonitor] Stats Update: CPU App: 0 % | Sys: 15.8974 % | RAM App: 219.789 MB | Sys Avail: 44215.1 MB / 65466.5 MB
[ "20:06:23.385" ][SystemMonitor] Stats Update: CPU App: 1.0582 % | Sys: 18.5185 % | RAM App: 219.82 MB | Sys Avail: 44236.6 MB / 65466.5 MB
[ "20:06:24.389" ][SystemMonitor] Stats Update: CPU App: 0 % | Sys: 13.5417 % | RAM App: 219.926 MB | Sys Avail: 44253.8 MB / 65466.5 MB
[ "20:06:25.385" ][SystemMonitor] Stats Update: CPU App: 0.520833 % | Sys: 32.2917 % | RAM App: 220 MB | Sys Avail: 44238 MB / 65466.5 MB
[ "20:06:26.391" ][SystemMonitor] Stats Update: CPU App: 1.30208 % | Sys: 29.9479 % | RAM App: 220.078 MB | Sys Avail: 44245.7 MB / 65466.5 MB
[ "20:06:27.390" ][SystemMonitor] Stats Update: CPU App: 1.04167 % | Sys: 39.0625 % | RAM App: 220.141 MB | Sys Avail: 44231 MB / 65466.5 MB
[ "20:06:28.390" ][SystemMonitor] Stats Update: CPU App: 0.520833 % | Sys: 13.2813 % | RAM App: 220.188 MB | Sys Avail: 44236.1 MB / 65466.5 MB
[ "20:06:29.389" ][SystemMonitor] Stats Update: CPU App: 0.520833 % | Sys: 21.3542 % | RAM App: 220.281 MB | Sys Avail: 44236.5 MB / 65466.5 MB
[ "20:06:30.390" ][SystemMonitor] Stats Update: CPU App: 1.04167 % | Sys: 28.6458 % | RAM App: 220.344 MB | Sys Avail: 44234.3 MB / 65466.5 MB
TelemetryMonitor: Processed 300 frames. Current FPS: 29
[ "20:06:31.384" ][SystemMonitor] Stats Update: CPU App: 0.78125 % | Sys: 21.875 % | RAM App: 220.469 MB | Sys Avail: 44240.5 MB / 65466.5 MB
[ "20:06:32.389" ][SystemMonitor] Stats Update: CPU App: 0.520833 % | Sys: 23.1771 % | RAM App: 220.527 MB | Sys Avail: 44241.6 MB / 65466.5 MB
[ "20:06:33.390" ][SystemMonitor] Stats Update: CPU App: 0 % | Sys: 18.2292 % | RAM App: 220.645 MB | Sys Avail: 44254.7 MB / 65466.5 MB
[ "20:06:34.390" ][SystemMonitor] Stats Update: CPU App: 0.260417 % | Sys: 14.5833 % | RAM App: 220.719 MB | Sys Avail: 44272.3 MB / 65466.5 MB
[ "20:06:35.390" ][SystemMonitor] Stats Update: CPU App: 0.260417 % | Sys: 21.875 % | RAM App: 220.848 MB | Sys Avail: 44327.1 MB / 65466.5 MB
[ "20:06:36.392" ][SystemMonitor] Stats Update: CPU App: 0.78125 % | Sys: 54.1667 % | RAM App: 220.926 MB | Sys Avail: 44214.6 MB / 65466.5 MB
[ "20:06:37.386" ][SystemMonitor] Stats Update: CPU App: 0.260417 % | Sys: 34.1146 % | RAM App: 221.02 MB | Sys Avail: 44282.4 MB / 65466.5 MB
[ "20:06:38.407" ][SystemMonitor] Stats Update: CPU App: 0.25641 % | Sys: 29.4872 % | RAM App: 221.094 MB | Sys Avail: 44298.5 MB / 65466.5 MB
[ "20:06:39.390" ][SystemMonitor] Stats Update: CPU App: 0.26455 % | Sys: 17.4603 % | RAM App: 221.223 MB | Sys Avail: 44292.4 MB / 65466.5 MB
[ "20:06:40.388" ][SystemMonitor] Stats Update: CPU App: 0.78125 % | Sys: 17.7083 % | RAM App: 221.352 MB | Sys Avail: 44290.6 MB / 65466.5 MB
[ "20:06:41.390" ][SystemMonitor] Stats Update: CPU App: 0.260417 % | Sys: 19.2708 % | RAM App: 221.426 MB | Sys Avail: 44290.4 MB / 65466.5 MB
TelemetryMonitor: Processed 300 frames. Current FPS: 30
[ "20:06:42.389" ][SystemMonitor] Stats Update: CPU App: 0.260417 % | Sys: 17.1875 % | RAM App: 221.496 MB | Sys Avail: 44297.8 MB / 65466.5 MB
[ "20:06:43.386" ][SystemMonitor] Stats Update: CPU App: 0 % | Sys: 18.4896 % | RAM App: 221.574 MB | Sys Avail: 44310.8 MB / 65466.5 MB
[ "20:06:44.389" ][SystemMonitor] Stats Update: CPU App: 1.04167 % | Sys: 19.5313 % | RAM App: 221.656 MB | Sys Avail: 44317.7 MB / 65466.5 MB
[ "20:06:45.383" ][SystemMonitor] Stats Update: CPU App: 0 % | Sys: 25 % | RAM App: 221.73 MB | Sys Avail: 44323.8 MB / 65466.5 MB
[ "20:06:46.391" ][SystemMonitor] Stats Update: CPU App: 0.520833 % | Sys: 22.3958 % | RAM App: 221.805 MB | Sys Avail: 44334.8 MB / 65466.5 MB
[ "20:06:47.386" ][SystemMonitor] Stats Update: CPU App: 0.260417 % | Sys: 48.1771 % | RAM App: 221.879 MB | Sys Avail: 44286.1 MB / 65466.5 MB
[ "20:06:48.394" ][SystemMonitor] Stats Update: CPU App: 0.520833 % | Sys: 74.7396 % | RAM App: 222.008 MB | Sys Avail: 44081.9 MB / 65466.5 MB
[ "20:06:49.386" ][SystemMonitor] Stats Update: CPU App: 1.5625 % | Sys: 95.0521 % | RAM App: 222.086 MB | Sys Avail: 44208 MB / 65466.5 MB
[ "20:06:50.392" ][SystemMonitor] Stats Update: CPU App: 1.30208 % | Sys: 76.5625 % | RAM App: 222.156 MB | Sys Avail: 44142.1 MB / 65466.5 MB
[ "20:06:51.384" ][SystemMonitor] Stats Update: CPU App: 1.82292 % | Sys: 99.2188 % | RAM App: 222.234 MB | Sys Avail: 43623 MB / 65466.5 MB
TelemetryMonitor: Processed 300 frames. Current FPS: 30
[ "20:06:52.393" ][SystemMonitor] Stats Update: CPU App: 0.78125 % | Sys: 100 % | RAM App: 222.313 MB | Sys Avail: 43153.1 MB / 65466.5 MB
[ "20:06:53.396" ][SystemMonitor] Stats Update: CPU App: 0.260417 % | Sys: 100 % | RAM App: 222.391 MB | Sys Avail: 42436.7 MB / 65466.5 MB
[ "20:06:54.395" ][SystemMonitor] Stats Update: CPU App: 2.34375 % | Sys: 100 % | RAM App: 222.457 MB | Sys Avail: 41909.5 MB / 65466.5 MB
[ "20:06:55.398" ][SystemMonitor] Stats Update: CPU App: 1.28205 % | Sys: 100 % | RAM App: 222.527 MB | Sys Avail: 42153.6 MB / 65466.5 MB
[ "20:06:56.409" ][SystemMonitor] Stats Update: CPU App: 0.520833 % | Sys: 100 % | RAM App: 222.602 MB | Sys Avail: 41570.1 MB / 65466.5 MB
[ "20:06:57.392" ][SystemMonitor] Stats Update: CPU App: 0.793651 % | Sys: 100 % | RAM App: 222.727 MB | Sys Avail: 40978.6 MB / 65466.5 MB
[ "20:06:58.393" ][SystemMonitor] Stats Update: CPU App: 1.82292 % | Sys: 100 % | RAM App: 222.789 MB | Sys Avail: 40551.2 MB / 65466.5 MB
[ "20:06:59.396" ][SystemMonitor] Stats Update: CPU App: 0.78125 % | Sys: 100 % | RAM App: 222.859 MB | Sys Avail: 40182.8 MB / 65466.5 MB
[ "20:07:00.391" ][SystemMonitor] Stats Update: CPU App: 0.520833 % | Sys: 100 % | RAM App: 222.934 MB | Sys Avail: 40538.1 MB / 65466.5 MB
[ "20:07:01.393" ][SystemMonitor] Stats Update: CPU App: 1.30208 % | Sys: 100 % | RAM App: 223.004 MB | Sys Avail: 40310 MB / 65466.5 MB
[ "20:07:02.386" ][SystemMonitor] Stats Update: CPU App: 0.260417 % | Sys: 100 % | RAM App: 223.125 MB | Sys Avail: 40885.8 MB / 65466.5 MB
TelemetryMonitor: Processed 300 frames. Current FPS: 29
[ "20:07:03.385" ][SystemMonitor] Stats Update: CPU App: 0.260417 % | Sys: 100 % | RAM App: 223.199 MB | Sys Avail: 42448.4 MB / 65466.5 MB
[ "20:07:04.392" ][SystemMonitor] Stats Update: CPU App: 1.82292 % | Sys: 100 % | RAM App: 223.273 MB | Sys Avail: 42031.5 MB / 65466.5 MB
[ "20:07:05.391" ][SystemMonitor] Stats Update: CPU App: 0.78125 % | Sys: 100 % | RAM App: 223.344 MB | Sys Avail: 42442.1 MB / 65466.5 MB
[ "20:07:06.386" ][SystemMonitor] Stats Update: CPU App: 1.30208 % | Sys: 100 % | RAM App: 223.414 MB | Sys Avail: 42064.1 MB / 65466.5 MB
[ "20:07:07.402" ][SystemMonitor] Stats Update: CPU App: 1.02564 % | Sys: 100 % | RAM App: 223.488 MB | Sys Avail: 41739.1 MB / 65466.5 MB
[ "20:07:08.393" ][SystemMonitor] Stats Update: CPU App: 0.26455 % | Sys: 100 % | RAM App: 223.617 MB | Sys Avail: 43417.6 MB / 65466.5 MB
[ "20:07:09.409" ][SystemMonitor] Stats Update: CPU App: 0.512821 % | Sys: 100 % | RAM App: 223.688 MB | Sys Avail: 42881.2 MB / 65466.5 MB
[ "20:07:10.434" ][SystemMonitor] Stats Update: CPU App: 2.05128 % | Sys: 100 % | RAM App: 218.961 MB | Sys Avail: 42522.2 MB / 65466.5 MB
[ "20:07:11.390" ][SystemMonitor] Stats Update: CPU App: 0.806452 % | Sys: 100 % | RAM App: 219.141 MB | Sys Avail: 42657.5 MB / 65466.5 MB
[ "20:07:12.395" ][SystemMonitor] Stats Update: CPU App: 1.82292 % | Sys: 100 % | RAM App: 219.316 MB | Sys Avail: 42777.2 MB / 65466.5 MB
TelemetryMonitor: Processed 300 frames. Current FPS: 27
[ "20:07:13.396" ][SystemMonitor] Stats Update: CPU App: 1.04167 % | Sys: 100 % | RAM App: 219.328 MB | Sys Avail: 42396.3 MB / 65466.5 MB
[ "20:07:14.390" ][SystemMonitor] Stats Update: CPU App: 1.04167 % | Sys: 100 % | RAM App: 219.344 MB | Sys Avail: 42238.7 MB / 65466.5 MB
[ "20:07:15.409" ][SystemMonitor] Stats Update: CPU App: 0.769231 % | Sys: 100 % | RAM App: 219.387 MB | Sys Avail: 42265 MB / 65466.5 MB
[ "20:07:16.409" ][SystemMonitor] Stats Update: CPU App: 0.520833 % | Sys: 100 % | RAM App: 219.457 MB | Sys Avail: 41978.7 MB / 65466.5 MB
[ "20:07:17.385" ][SystemMonitor] Stats Update: CPU App: 1.32275 % | Sys: 100 % | RAM App: 219.582 MB | Sys Avail: 41654.6 MB / 65466.5 MB
[ "20:07:18.399" ][SystemMonitor] Stats Update: CPU App: 1.28205 % | Sys: 100 % | RAM App: 219.594 MB | Sys Avail: 41378.1 MB / 65466.5 MB
[ "20:07:19.391" ][SystemMonitor] Stats Update: CPU App: 1.5873 % | Sys: 100 % | RAM App: 219.703 MB | Sys Avail: 41433.1 MB / 65466.5 MB
[ "20:07:20.409" ][SystemMonitor] Stats Update: CPU App: 0 % | Sys: 100 % | RAM App: 219.754 MB | Sys Avail: 42051.3 MB / 65466.5 MB
[ "20:07:21.420" ][SystemMonitor] Stats Update: CPU App: 1.02564 % | Sys: 100 % | RAM App: 219.852 MB | Sys Avail: 42506.6 MB / 65466.5 MB
[ "20:07:22.412" ][SystemMonitor] Stats Update: CPU App: 1.32275 % | Sys: 100 % | RAM App: 219.879 MB | Sys Avail: 42965.9 MB / 65466.5 MB
[ "20:07:23.403" ][SystemMonitor] Stats Update: CPU App: 1.30208 % | Sys: 100 % | RAM App: 219.914 MB | Sys Avail: 42685.6 MB / 65466.5 MB
TelemetryMonitor: Processed 300 frames. Current FPS: 27
[ "20:07:24.394" ][SystemMonitor] Stats Update: CPU App: 0.793651 % | Sys: 100 % | RAM App: 219.934 MB | Sys Avail: 42432.6 MB / 65466.5 MB
[ "20:07:25.395" ][SystemMonitor] Stats Update: CPU App: 1.04167 % | Sys: 100 % | RAM App: 219.957 MB | Sys Avail: 42467.5 MB / 65466.5 MB
[ "20:07:26.389" ][SystemMonitor] Stats Update: CPU App: 0.520833 % | Sys: 100 % | RAM App: 219.98 MB | Sys Avail: 42254 MB / 65466.5 MB
[ "20:07:27.399" ][SystemMonitor] Stats Update: CPU App: 0.769231 % | Sys: 100 % | RAM App: 220.012 MB | Sys Avail: 41915.3 MB / 65466.5 MB
[ "20:07:28.399" ][SystemMonitor] Stats Update: CPU App: 1.30208 % | Sys: 100 % | RAM App: 220.109 MB | Sys Avail: 41405.5 MB / 65466.5 MB
[ "20:07:29.395" ][SystemMonitor] Stats Update: CPU App: 1.5873 % | Sys: 100 % | RAM App: 220.156 MB | Sys Avail: 40984.7 MB / 65466.5 MB
[ "20:07:30.398" ][SystemMonitor] Stats Update: CPU App: 0.769231 % | Sys: 100 % | RAM App: 220.242 MB | Sys Avail: 41001.7 MB / 65466.5 MB
[ "20:07:31.395" ][SystemMonitor] Stats Update: CPU App: 0.793651 % | Sys: 100 % | RAM App: 220.313 MB | Sys Avail: 41272.9 MB / 65466.5 MB
[ "20:07:32.389" ][SystemMonitor] Stats Update: CPU App: 1.30208 % | Sys: 100 % | RAM App: 220.332 MB | Sys Avail: 41001 MB / 65466.5 MB
[ "20:07:33.396" ][SystemMonitor] Stats Update: CPU App: 0.520833 % | Sys: 100 % | RAM App: 220.371 MB | Sys Avail: 41415.5 MB / 65466.5 MB
TelemetryMonitor: Processed 300 frames. Current FPS: 30
[ "20:07:34.394" ][SystemMonitor] Stats Update: CPU App: 1.04167 % | Sys: 100 % | RAM App: 220.438 MB | Sys Avail: 41145.5 MB / 65466.5 MB
[ "20:07:35.393" ][SystemMonitor] Stats Update: CPU App: 1.5625 % | Sys: 100 % | RAM App: 220.566 MB | Sys Avail: 40942.3 MB / 65466.5 MB
[ "20:07:36.391" ][SystemMonitor] Stats Update: CPU App: 0.520833 % | Sys: 100 % | RAM App: 220.684 MB | Sys Avail: 41405.1 MB / 65466.5 MB
[ "20:07:37.395" ][SystemMonitor] Stats Update: CPU App: 0.78125 % | Sys: 100 % | RAM App: 220.805 MB | Sys Avail: 42475.2 MB / 65466.5 MB
[ "20:07:38.386" ][SystemMonitor] Stats Update: CPU App: 1.82292 % | Sys: 100 % | RAM App: 220.93 MB | Sys Avail: 42922.8 MB / 65466.5 MB
[ "20:07:39.416" ][SystemMonitor] Stats Update: CPU App: 0.759494 % | Sys: 100 % | RAM App: 221.098 MB | Sys Avail: 43246.4 MB / 65466.5 MB
[ "20:07:40.396" ][SystemMonitor] Stats Update: CPU App: 1.34048 % | Sys: 100 % | RAM App: 221.168 MB | Sys Avail: 43002.7 MB / 65466.5 MB
[ "20:07:41.384" ][SystemMonitor] Stats Update: CPU App: 0.260417 % | Sys: 94.2708 % | RAM App: 221.285 MB | Sys Avail: 43650.6 MB / 65466.5 MB
[ "20:07:42.386" ][SystemMonitor] Stats Update: CPU App: 1.04167 % | Sys: 71.875 % | RAM App: 221.375 MB | Sys Avail: 43485.2 MB / 65466.5 MB
[ "20:07:43.384" ][SystemMonitor] Stats Update: CPU App: 0.78125 % | Sys: 61.7188 % | RAM App: 221.504 MB | Sys Avail: 43718.9 MB / 65466.5 MB
[ "20:07:44.392" ][SystemMonitor] Stats Update: CPU App: 0.260417 % | Sys: 47.6563 % | RAM App: 221.629 MB | Sys Avail: 43663.2 MB / 65466.5 MB
TelemetryMonitor: Processed 300 frames. Current FPS: 29
[ "20:07:45.384" ][SystemMonitor] Stats Update: CPU App: 0.520833 % | Sys: 40.3646 % | RAM App: 221.797 MB | Sys Avail: 43656 MB / 65466.5 MB
[ "20:07:46.392" ][SystemMonitor] Stats Update: CPU App: 0.78125 % | Sys: 38.5417 % | RAM App: 221.836 MB | Sys Avail: 43863.6 MB / 65466.5 MB
[ "20:07:47.392" ][SystemMonitor] Stats Update: CPU App: 0.520833 % | Sys: 46.0938 % | RAM App: 221.906 MB | Sys Avail: 44443.7 MB / 65466.5 MB
[ "20:07:48.393" ][SystemMonitor] Stats Update: CPU App: 0.78125 % | Sys: 52.6042 % | RAM App: 222.094 MB | Sys Avail: 44405.4 MB / 65466.5 MB
[ "20:07:49.384" ][SystemMonitor] Stats Update: CPU App: 1.5625 % | Sys: 29.4271 % | RAM App: 222.273 MB | Sys Avail: 44418 MB / 65466.5 MB
[ "20:07:50.391" ][SystemMonitor] Stats Update: CPU App: 0.260417 % | Sys: 17.4479 % | RAM App: 222.402 MB | Sys Avail: 44422.1 MB / 65466.5 MB
[ "20:07:51.391" ][SystemMonitor] Stats Update: CPU App: 0.78125 % | Sys: 19.7917 % | RAM App: 222.484 MB | Sys Avail: 44433.9 MB / 65466.5 MB
[ "20:07:52.388" ][SystemMonitor] Stats Update: CPU App: 0.520833 % | Sys: 19.7917 % | RAM App: 222.664 MB | Sys Avail: 44439.6 MB / 65466.5 MB
[ "20:07:53.386" ][SystemMonitor] Stats Update: CPU App: 0.78125 % | Sys: 18.4896 % | RAM App: 222.742 MB | Sys Avail: 44437 MB / 65466.5 MB
[ "20:07:54.391" ][SystemMonitor] Stats Update: CPU App: 0.520833 % | Sys: 17.9688 % | RAM App: 222.867 MB | Sys Avail: 44435 MB / 65466.5 MB
TelemetryMonitor: Processed 300 frames. Current FPS: 30
[ "20:07:55.382" ][SystemMonitor] Stats Update: CPU App: 0.520833 % | Sys: 15.1042 % | RAM App: 222.996 MB | Sys Avail: 44438.3 MB / 65466.5 MB
[ "20:07:56.391" ][SystemMonitor] Stats Update: CPU App: 0.520833 % | Sys: 15.625 % | RAM App: 223.125 MB | Sys Avail: 44436.1 MB / 65466.5 MB
[ "20:07:57.384" ][SystemMonitor] Stats Update: CPU App: 0.520833 % | Sys: 17.9688 % | RAM App: 223.32 MB | Sys Avail: 44443.5 MB / 65466.5 MB
[ "20:07:58.382" ][SystemMonitor] Stats Update: CPU App: 0.260417 % | Sys: 31.25 % | RAM App: 223.363 MB | Sys Avail: 44423 MB / 65466.5 MB
