================ ENVIRONMENT SNAPSHOT ================
OS              : "Windows 10 Version 22H2"
CPU Arch        : "x86_64" ( 6 logical threads)
Total System RAM: 65466.5 MB
GPU detected    : "NVIDIA GeForce GTX 1050 Ti" ( 4004 MB VRAM)
======================================================
[ "01:44:45.397" ][HWAccel] Requested mode: SettingsHelper::Auto
[ "01:44:45.397" ][HWAccel] Initiating Auto Fallback Chain...
[ "01:44:45.397" ][HWAccel] Attempting cuda ...
[ "01:44:45.397" ][HWAccel] SUCCESS: cuda initialized
[Diagnostics] Monitor started - running checks every 1000ms
SystemMonitor: Starting monitoring with interval 1000 ms
[ "01:44:45.514" ][SystemMonitor] Stats Update: CPU App: 0 % | Sys: 0 % | RAM App: 112.035 MB | Sys Avail: 39337.7 MB / 65466.5 MB
[SystemMonitor] Resource Update: RAM: 112.035 MB (Delta: 112.035 ) | VRAM: 46 MB (Delta: 46 )
[Diagnostics] Attached to ScrollBenchImageModel
[Diagnostics] Attached to SettingsHelper
[TaskScheduler] Started 2 CPU threads and 4 IO threads.
qrc:/ScrollBench/qml/SelectionActionBar.qml:17:5: Unable to assign [undefined] to int
[ "01:44:46.503" ][SystemMonitor] Stats Update: CPU App: 11.1979 % | Sys: 81.5104 % | RAM App: 184.133 MB | Sys Avail: 39247 MB / 65466.5 MB
[SystemMonitor] Resource Update: RAM: 184.133 MB (Delta: 72.0977 ) | VRAM: 73.4063 MB (Delta: 27.4063 )
[ "01:44:47.502" ][SystemMonitor] Stats Update: CPU App: 0.520833 % | Sys: 81.5104 % | RAM App: 184.859 MB | Sys Avail: 39277.7 MB / 65466.5 MB
[ "01:44:48.503" ][SystemMonitor] Stats Update: CPU App: 1.04167 % | Sys: 80.4688 % | RAM App: 185.203 MB | Sys Avail: 39306.8 MB / 65466.5 MB
[ "01:44:49.501" ][SystemMonitor] Stats Update: CPU App: 1.82292 % | Sys: 77.8646 % | RAM App: 185.301 MB | Sys Avail: 39332.4 MB / 65466.5 MB
[ "01:44:50.504" ][SystemMonitor] Stats Update: CPU App: 1.04167 % | Sys: 45.3125 % | RAM App: 185.336 MB | Sys Avail: 39349 MB / 65466.5 MB
TelemetryMonitor: Processed 300 frames. Current FPS: 62
[ "01:44:51.503" ][SystemMonitor] Stats Update: CPU App: 0.260417 % | Sys: 47.6563 % | RAM App: 185.383 MB | Sys Avail: 39369.8 MB / 65466.5 MB
[ "01:44:52.504" ][SystemMonitor] Stats Update: CPU App: 0.260417 % | Sys: 49.4792 % | RAM App: 185.43 MB | Sys Avail: 39353 MB / 65466.5 MB
[ "01:44:53.502" ][SystemMonitor] Stats Update: CPU App: 0.260417 % | Sys: 51.3021 % | RAM App: 185.281 MB | Sys Avail: 39389.1 MB / 65466.5 MB
[ "01:44:54.508" ][SystemMonitor] Stats Update: CPU App: 5.98958 % | Sys: 60.1563 % | RAM App: 200.242 MB | Sys Avail: 39377.7 MB / 65466.5 MB
[ "01:44:55.501" ][SystemMonitor] Stats Update: CPU App: 25.2604 % | Sys: 83.3333 % | RAM App: 217.766 MB | Sys Avail: 39352.8 MB / 65466.5 MB
TelemetryMonitor: Processed 300 frames. Current FPS: 62
[ "01:44:56.503" ][SystemMonitor] Stats Update: CPU App: 1.82292 % | Sys: 75 % | RAM App: 217.852 MB | Sys Avail: 39227.4 MB / 65466.5 MB
[ "01:44:57.501" ][SystemMonitor] Stats Update: CPU App: 3.64583 % | Sys: 46.0938 % | RAM App: 218.988 MB | Sys Avail: 39209.4 MB / 65466.5 MB
[ "01:44:58.500" ][SystemMonitor] Stats Update: CPU App: 3.90625 % | Sys: 40.625 % | RAM App: 219.996 MB | Sys Avail: 39225.1 MB / 65466.5 MB
[ "01:44:59.502" ][SystemMonitor] Stats Update: CPU App: 1.04167 % | Sys: 40.3646 % | RAM App: 220.02 MB | Sys Avail: 39224.4 MB / 65466.5 MB
[ "01:45:00.504" ][SystemMonitor] Stats Update: CPU App: 1.04167 % | Sys: 37.5 % | RAM App: 219.582 MB | Sys Avail: 39233.9 MB / 65466.5 MB
TelemetryMonitor: Processed 300 frames. Current FPS: 62
[ "01:45:01.502" ][SystemMonitor] Stats Update: CPU App: 4.42708 % | Sys: 47.1354 % | RAM App: 220.711 MB | Sys Avail: 39238.3 MB / 65466.5 MB
[NetworkScan] Detected mapped network drive: "I:\\MY SDCArds" Device: "\\\\?\\Volume{53c9d0f1-9d99-4d19-8241-f18cb8d6e107}\\"
[NetworkScan] Using non-incremental scan strategy for network path
[AdaptiveIO] Stats:  "I:/"  Avg:  80  Limit:  2  ActiveWeight:  2
[AdaptiveIO] Stats:  "I:/"  Avg:  80.4  Limit:  6  ActiveWeight:  3
[ "01:45:02.369" ][VideoThumbnailer] Entering extractFrame for "I:/MY SDCArds/S22 ultra/100_CINE/MOV_0061.MP4"
Corrupt JPEG data: premature end of data segment
[AdaptiveIO] Stats:  "I:/"  Avg:  79.96  Limit:  6  ActiveWeight:  6
[ "01:45:02.450" ][VideoThumbnailer] GPU decode enabled for "I:/MY SDCArds/S22 ultra/100_CINE/MOV_0061.MP4"
[AdaptiveIO] Stats:  "I:/"  Avg:  86.364  Limit:  6  ActiveWeight:  5
[ "01:45:02.512" ][SystemMonitor] Stats Update: CPU App: 15.8854 % | Sys: 68.2292 % | RAM App: 249.164 MB | Sys Avail: 39146.2 MB / 65466.5 MB
[SystemMonitor] Resource Update: RAM: 249.164 MB (Delta: 65.0313 ) | VRAM: 105.449 MB (Delta: 32.043 )
[ "01:45:02.533" ][VideoThumbnailer] GPU-decoded frame detected, transferring to CPU memory
[AdaptiveIO] Stats:  "I:/"  Avg:  95.7276  Limit:  6  ActiveWeight:  4
[ "01:45:02.549" ][VideoThumbnailer] Entering extractFrame for "I:/MY SDCArds/S22 ultra/100_CINE/MOV_0060.MP4"
[ "01:45:02.591" ][VideoThumbnailer] GPU decode enabled for "I:/MY SDCArds/S22 ultra/100_CINE/MOV_0060.MP4"
[AdaptiveIO] Stats:  "I:/"  Avg:  95.1548  Limit:  6  ActiveWeight:  4
[ "01:45:02.639" ][VideoThumbnailer] Entering extractFrame for "I:/MY SDCArds/S22 ultra/100_CINE/MOV_0058.MP4"
[ "01:45:02.692" ][VideoThumbnailer] GPU decode enabled for "I:/MY SDCArds/S22 ultra/100_CINE/MOV_0058.MP4"
[AdaptiveIO] Stats:  "I:/"  Avg:  95.6394  Limit:  6  ActiveWeight:  4
[ "01:45:02.742" ][VideoThumbnailer] Entering extractFrame for "I:/MY SDCArds/S22 ultra/100_CINE/MOV_0056.MP4"
[ "01:45:02.805" ][VideoThumbnailer] GPU decode enabled for "I:/MY SDCArds/S22 ultra/100_CINE/MOV_0056.MP4"
[AdaptiveIO] Stats:  "I:/"  Avg:  98.9754  Limit:  6  ActiveWeight:  4
[ "01:45:03.512" ][SystemMonitor] Stats Update: CPU App: 19.7917 % | Sys: 70.0521 % | RAM App: 296.41 MB | Sys Avail: 39105 MB / 65466.5 MB
[ "01:45:04.510" ][SystemMonitor] Stats Update: CPU App: 16.1458 % | Sys: 62.2396 % | RAM App: 297.277 MB | Sys Avail: 39118.5 MB / 65466.5 MB
qrc:/ScrollBench/qml/GalleryViewSemanticScrollBench.qml:255:29: Unable to assign [undefined] to bool
qrc:/ScrollBench/qml/GalleryViewSemanticScrollBench.qml:255:29: Unable to assign [undefined] to bool
qrc:/ScrollBench/qml/GalleryViewSemanticScrollBench.qml:255:29: Unable to assign [undefined] to bool
qrc:/ScrollBench/qml/GalleryViewSemanticScrollBench.qml:255:29: Unable to assign [undefined] to bool
qrc:/ScrollBench/qml/GalleryViewSemanticScrollBench.qml:255:29: Unable to assign [undefined] to bool
qrc:/ScrollBench/qml/GalleryViewSemanticScrollBench.qml:255:29: Unable to assign [undefined] to bool
qrc:/ScrollBench/qml/GalleryViewSemanticScrollBench.qml:255:29: Unable to assign [undefined] to bool
qrc:/ScrollBench/qml/GalleryViewSemanticScrollBench.qml:255:29: Unable to assign [undefined] to bool
qrc:/ScrollBench/qml/GalleryViewSemanticScrollBench.qml:255:29: Unable to assign [undefined] to bool
qrc:/ScrollBench/qml/GalleryViewSemanticScrollBench.qml:255:29: Unable to assign [undefined] to bool
qrc:/ScrollBench/qml/GalleryViewSemanticScrollBench.qml:255:29: Unable to assign [undefined] to bool
qrc:/ScrollBench/qml/GalleryViewSemanticScrollBench.qml:255:29: Unable to assign [undefined] to bool
qrc:/ScrollBench/qml/GalleryViewSemanticScrollBench.qml:255:29: Unable to assign [undefined] to bool
qrc:/ScrollBench/qml/GalleryViewSemanticScrollBench.qml:255:29: Unable to assign [undefined] to bool
qrc:/ScrollBench/qml/GalleryViewSemanticScrollBench.qml:255:29: Unable to assign [undefined] to bool
qrc:/ScrollBench/qml/GalleryViewSemanticScrollBench.qml:255:29: Unable to assign [undefined] to bool
qrc:/ScrollBench/qml/GalleryViewSemanticScrollBench.qml:255:29: Unable to assign [undefined] to bool
qrc:/ScrollBench/qml/GalleryViewSemanticScrollBench.qml:255:29: Unable to assign [undefined] to bool
qrc:/ScrollBench/qml/GalleryViewSemanticScrollBench.qml:255:29: Unable to assign [undefined] to bool
qrc:/ScrollBench/qml/GalleryViewSemanticScrollBench.qml:255:29: Unable to assign [undefined] to bool
qrc:/ScrollBench/qml/GalleryViewSemanticScrollBench.qml:255:29: Unable to assign [undefined] to bool
qrc:/ScrollBench/qml/GalleryViewSemanticScrollBench.qml:255:29: Unable to assign [undefined] to bool
qrc:/ScrollBench/qml/GalleryViewSemanticScrollBench.qml:255:29: Unable to assign [undefined] to bool
qrc:/ScrollBench/qml/GalleryViewSemanticScrollBench.qml:255:29: Unable to assign [undefined] to bool
qrc:/ScrollBench/qml/GalleryViewSemanticScrollBench.qml:255:29: Unable to assign [undefined] to bool
qrc:/ScrollBench/qml/GalleryViewSemanticScrollBench.qml:255:29: Unable to assign [undefined] to bool
qrc:/ScrollBench/qml/GalleryViewSemanticScrollBench.qml:255:29: Unable to assign [undefined] to bool
qrc:/ScrollBench/qml/GalleryViewSemanticScrollBench.qml:255:29: Unable to assign [undefined] to bool
qrc:/ScrollBench/qml/GalleryViewSemanticScrollBench.qml:255:29: Unable to assign [undefined] to bool
qrc:/ScrollBench/qml/GalleryViewSemanticScrollBench.qml:255:29: Unable to assign [undefined] to bool
qrc:/ScrollBench/qml/GalleryViewSemanticScrollBench.qml:255:29: Unable to assign [undefined] to bool
qrc:/ScrollBench/qml/GalleryViewSemanticScrollBench.qml:255:29: Unable to assign [undefined] to bool
qrc:/ScrollBench/qml/GalleryViewSemanticScrollBench.qml:255:29: Unable to assign [undefined] to bool
qrc:/ScrollBench/qml/GalleryViewSemanticScrollBench.qml:255:29: Unable to assign [undefined] to bool
qrc:/ScrollBench/qml/GalleryViewSemanticScrollBench.qml:255:29: Unable to assign [undefined] to bool
qrc:/ScrollBench/qml/GalleryViewSemanticScrollBench.qml:255:29: Unable to assign [undefined] to bool
qrc:/ScrollBench/qml/GalleryViewSemanticScrollBench.qml:255:29: Unable to assign [undefined] to bool
qrc:/ScrollBench/qml/GalleryViewSemanticScrollBench.qml:255:29: Unable to assign [undefined] to bool
qrc:/ScrollBench/qml/GalleryViewSemanticScrollBench.qml:255:29: Unable to assign [undefined] to bool
qrc:/ScrollBench/qml/GalleryViewSemanticScrollBench.qml:255:29: Unable to assign [undefined] to bool
qrc:/ScrollBench/qml/GalleryViewSemanticScrollBench.qml:255:29: Unable to assign [undefined] to bool
qrc:/ScrollBench/qml/GalleryViewSemanticScrollBench.qml:255:29: Unable to assign [undefined] to bool
qrc:/ScrollBench/qml/GalleryViewSemanticScrollBench.qml:255:29: Unable to assign [undefined] to bool
qrc:/ScrollBench/qml/GalleryViewSemanticScrollBench.qml:255:29: Unable to assign [undefined] to bool
qrc:/ScrollBench/qml/GalleryViewSemanticScrollBench.qml:255:29: Unable to assign [undefined] to bool
qrc:/ScrollBench/qml/GalleryViewSemanticScrollBench.qml:255:29: Unable to assign [undefined] to bool
qrc:/ScrollBench/qml/GalleryViewSemanticScrollBench.qml:255:29: Unable to assign [undefined] to bool
qrc:/ScrollBench/qml/GalleryViewSemanticScrollBench.qml:255:29: Unable to assign [undefined] to bool
qrc:/ScrollBench/qml/GalleryViewSemanticScrollBench.qml:255:29: Unable to assign [undefined] to bool
qrc:/ScrollBench/qml/GalleryViewSemanticScrollBench.qml:255:29: Unable to assign [undefined] to bool
qrc:/ScrollBench/qml/GalleryViewSemanticScrollBench.qml:255:29: Unable to assign [undefined] to bool
qrc:/ScrollBench/qml/GalleryViewSemanticScrollBench.qml:255:29: Unable to assign [undefined] to bool
qrc:/ScrollBench/qml/GalleryViewSemanticScrollBench.qml:255:29: Unable to assign [undefined] to bool
qrc:/ScrollBench/qml/GalleryViewSemanticScrollBench.qml:255:29: Unable to assign [undefined] to bool
qrc:/ScrollBench/qml/GalleryViewSemanticScrollBench.qml:255:29: Unable to assign [undefined] to bool
qrc:/ScrollBench/qml/GalleryViewSemanticScrollBench.qml:255:29: Unable to assign [undefined] to bool
qrc:/ScrollBench/qml/GalleryViewSemanticScrollBench.qml:255:29: Unable to assign [undefined] to bool
qrc:/ScrollBench/qml/GalleryViewSemanticScrollBench.qml:255:29: Unable to assign [undefined] to bool
qrc:/ScrollBench/qml/GalleryViewSemanticScrollBench.qml:255:29: Unable to assign [undefined] to bool
qrc:/ScrollBench/qml/GalleryViewSemanticScrollBench.qml:255:29: Unable to assign [undefined] to bool
qrc:/ScrollBench/qml/GalleryViewSemanticScrollBench.qml:255:29: Unable to assign [undefined] to bool
qrc:/ScrollBench/qml/GalleryViewSemanticScrollBench.qml:255:29: Unable to assign [undefined] to bool
qrc:/ScrollBench/qml/GalleryViewSemanticScrollBench.qml:255:29: Unable to assign [undefined] to bool
qrc:/ScrollBench/qml/GalleryViewSemanticScrollBench.qml:255:29: Unable to assign [undefined] to bool
qrc:/ScrollBench/qml/GalleryViewSemanticScrollBench.qml:255:29: Unable to assign [undefined] to bool
qrc:/ScrollBench/qml/GalleryViewSemanticScrollBench.qml:255:29: Unable to assign [undefined] to bool
qrc:/ScrollBench/qml/GalleryViewSemanticScrollBench.qml:255:29: Unable to assign [undefined] to bool
qrc:/ScrollBench/qml/GalleryViewSemanticScrollBench.qml:255:29: Unable to assign [undefined] to bool
qrc:/ScrollBench/qml/GalleryViewSemanticScrollBench.qml:255:29: Unable to assign [undefined] to bool
qrc:/ScrollBench/qml/GalleryViewSemanticScrollBench.qml:255:29: Unable to assign [undefined] to bool
qrc:/ScrollBench/qml/GalleryViewSemanticScrollBench.qml:255:29: Unable to assign [undefined] to bool
qrc:/ScrollBench/qml/GalleryViewSemanticScrollBench.qml:255:29: Unable to assign [undefined] to bool
qrc:/ScrollBench/qml/GalleryViewSemanticScrollBench.qml:255:29: Unable to assign [undefined] to bool
qrc:/ScrollBench/qml/GalleryViewSemanticScrollBench.qml:255:29: Unable to assign [undefined] to bool
qrc:/ScrollBench/qml/GalleryViewSemanticScrollBench.qml:255:29: Unable to assign [undefined] to bool
qrc:/ScrollBench/qml/GalleryViewSemanticScrollBench.qml:255:29: Unable to assign [undefined] to bool
qrc:/ScrollBench/qml/GalleryViewSemanticScrollBench.qml:255:29: Unable to assign [undefined] to bool
qrc:/ScrollBench/qml/GalleryViewSemanticScrollBench.qml:255:29: Unable to assign [undefined] to bool
qrc:/ScrollBench/qml/GalleryViewSemanticScrollBench.qml:255:29: Unable to assign [undefined] to bool
qrc:/ScrollBench/qml/GalleryViewSemanticScrollBench.qml:255:29: Unable to assign [undefined] to bool
qrc:/ScrollBench/qml/GalleryViewSemanticScrollBench.qml:255:29: Unable to assign [undefined] to bool
qrc:/ScrollBench/qml/GalleryViewSemanticScrollBench.qml:255:29: Unable to assign [undefined] to bool
qrc:/ScrollBench/qml/GalleryViewSemanticScrollBench.qml:255:29: Unable to assign [undefined] to bool
qrc:/ScrollBench/qml/GalleryViewSemanticScrollBench.qml:255:29: Unable to assign [undefined] to bool
qrc:/ScrollBench/qml/GalleryViewSemanticScrollBench.qml:255:29: Unable to assign [undefined] to bool
qrc:/ScrollBench/qml/GalleryViewSemanticScrollBench.qml:255:29: Unable to assign [undefined] to bool
qrc:/ScrollBench/qml/GalleryViewSemanticScrollBench.qml:255:29: Unable to assign [undefined] to bool
qrc:/ScrollBench/qml/GalleryViewSemanticScrollBench.qml:255:29: Unable to assign [undefined] to bool
qrc:/ScrollBench/qml/GalleryViewSemanticScrollBench.qml:255:29: Unable to assign [undefined] to bool
qrc:/ScrollBench/qml/GalleryViewSemanticScrollBench.qml:255:29: Unable to assign [undefined] to bool
qrc:/ScrollBench/qml/GalleryViewSemanticScrollBench.qml:255:29: Unable to assign [undefined] to bool
qrc:/ScrollBench/qml/GalleryViewSemanticScrollBench.qml:255:29: Unable to assign [undefined] to bool
qrc:/ScrollBench/qml/GalleryViewSemanticScrollBench.qml:255:29: Unable to assign [undefined] to bool
qrc:/ScrollBench/qml/GalleryViewSemanticScrollBench.qml:255:29: Unable to assign [undefined] to bool
qrc:/ScrollBench/qml/GalleryViewSemanticScrollBench.qml:255:29: Unable to assign [undefined] to bool
qrc:/ScrollBench/qml/GalleryViewSemanticScrollBench.qml:255:29: Unable to assign [undefined] to bool
qrc:/ScrollBench/qml/GalleryViewSemanticScrollBench.qml:255:29: Unable to assign [undefined] to bool
qrc:/ScrollBench/qml/GalleryViewSemanticScrollBench.qml:255:29: Unable to assign [undefined] to bool
qrc:/ScrollBench/qml/GalleryViewSemanticScrollBench.qml:255:29: Unable to assign [undefined] to bool
qrc:/ScrollBench/qml/GalleryViewSemanticScrollBench.qml:255:29: Unable to assign [undefined] to bool
qrc:/ScrollBench/qml/GalleryViewSemanticScrollBench.qml:255:29: Unable to assign [undefined] to bool
qrc:/ScrollBench/qml/GalleryViewSemanticScrollBench.qml:255:29: Unable to assign [undefined] to bool
qrc:/ScrollBench/qml/GalleryViewSemanticScrollBench.qml:255:29: Unable to assign [undefined] to bool
qrc:/ScrollBench/qml/GalleryViewSemanticScrollBench.qml:255:29: Unable to assign [undefined] to bool
qrc:/ScrollBench/qml/GalleryViewSemanticScrollBench.qml:255:29: Unable to assign [undefined] to bool
qrc:/ScrollBench/qml/GalleryViewSemanticScrollBench.qml:255:29: Unable to assign [undefined] to bool
qrc:/ScrollBench/qml/GalleryViewSemanticScrollBench.qml:255:29: Unable to assign [undefined] to bool
qrc:/ScrollBench/qml/GalleryViewSemanticScrollBench.qml:255:29: Unable to assign [undefined] to bool
qrc:/ScrollBench/qml/GalleryViewSemanticScrollBench.qml:255:29: Unable to assign [undefined] to bool
qrc:/ScrollBench/qml/GalleryViewSemanticScrollBench.qml:255:29: Unable to assign [undefined] to bool
qrc:/ScrollBench/qml/GalleryViewSemanticScrollBench.qml:255:29: Unable to assign [undefined] to bool
qrc:/ScrollBench/qml/GalleryViewSemanticScrollBench.qml:255:29: Unable to assign [undefined] to bool
qrc:/ScrollBench/qml/GalleryViewSemanticScrollBench.qml:255:29: Unable to assign [undefined] to bool
qrc:/ScrollBench/qml/GalleryViewSemanticScrollBench.qml:255:29: Unable to assign [undefined] to bool
qrc:/ScrollBench/qml/GalleryViewSemanticScrollBench.qml:255:29: Unable to assign [undefined] to bool
qrc:/ScrollBench/qml/GalleryViewSemanticScrollBench.qml:255:29: Unable to assign [undefined] to bool
qrc:/ScrollBench/qml/GalleryViewSemanticScrollBench.qml:255:29: Unable to assign [undefined] to bool
qrc:/ScrollBench/qml/GalleryViewSemanticScrollBench.qml:255:29: Unable to assign [undefined] to bool
qrc:/ScrollBench/qml/GalleryViewSemanticScrollBench.qml:255:29: Unable to assign [undefined] to bool
qrc:/ScrollBench/qml/GalleryViewSemanticScrollBench.qml:255:29: Unable to assign [undefined] to bool
qrc:/ScrollBench/qml/GalleryViewSemanticScrollBench.qml:255:29: Unable to assign [undefined] to bool
qrc:/ScrollBench/qml/GalleryViewSemanticScrollBench.qml:255:29: Unable to assign [undefined] to bool
qrc:/ScrollBench/qml/GalleryViewSemanticScrollBench.qml:255:29: Unable to assign [undefined] to bool
qrc:/ScrollBench/qml/GalleryViewSemanticScrollBench.qml:255:29: Unable to assign [undefined] to bool
qrc:/ScrollBench/qml/GalleryViewSemanticScrollBench.qml:255:29: Unable to assign [undefined] to bool
qrc:/ScrollBench/qml/GalleryViewSemanticScrollBench.qml:255:29: Unable to assign [undefined] to bool
qrc:/ScrollBench/qml/GalleryViewSemanticScrollBench.qml:255:29: Unable to assign [undefined] to bool
qrc:/ScrollBench/qml/GalleryViewSemanticScrollBench.qml:255:29: Unable to assign [undefined] to bool
qrc:/ScrollBench/qml/GalleryViewSemanticScrollBench.qml:255:29: Unable to assign [undefined] to bool
qrc:/ScrollBench/qml/GalleryViewSemanticScrollBench.qml:255:29: Unable to assign [undefined] to bool
qrc:/ScrollBench/qml/GalleryViewSemanticScrollBench.qml:255:29: Unable to assign [undefined] to bool
qrc:/ScrollBench/qml/GalleryViewSemanticScrollBench.qml:255:29: Unable to assign [undefined] to bool
qrc:/ScrollBench/qml/GalleryViewSemanticScrollBench.qml:255:29: Unable to assign [undefined] to bool
qrc:/ScrollBench/qml/GalleryViewSemanticScrollBench.qml:255:29: Unable to assign [undefined] to bool
qrc:/ScrollBench/qml/GalleryViewSemanticScrollBench.qml:255:29: Unable to assign [undefined] to bool
qrc:/ScrollBench/qml/GalleryViewSemanticScrollBench.qml:255:29: Unable to assign [undefined] to bool
qrc:/ScrollBench/qml/GalleryViewSemanticScrollBench.qml:255:29: Unable to assign [undefined] to bool
qrc:/ScrollBench/qml/GalleryViewSemanticScrollBench.qml:255:29: Unable to assign [undefined] to bool
qrc:/ScrollBench/qml/GalleryViewSemanticScrollBench.qml:255:29: Unable to assign [undefined] to bool
qrc:/ScrollBench/qml/GalleryViewSemanticScrollBench.qml:255:29: Unable to assign [undefined] to bool
qrc:/ScrollBench/qml/GalleryViewSemanticScrollBench.qml:255:29: Unable to assign [undefined] to bool
qrc:/ScrollBench/qml/GalleryViewSemanticScrollBench.qml:255:29: Unable to assign [undefined] to bool
qrc:/ScrollBench/qml/GalleryViewSemanticScrollBench.qml:255:29: Unable to assign [undefined] to bool
qrc:/ScrollBench/qml/GalleryViewSemanticScrollBench.qml:255:29: Unable to assign [undefined] to bool
qrc:/ScrollBench/qml/GalleryViewSemanticScrollBench.qml:255:29: Unable to assign [undefined] to bool
qrc:/ScrollBench/qml/GalleryViewSemanticScrollBench.qml:255:29: Unable to assign [undefined] to bool
qrc:/ScrollBench/qml/GalleryViewSemanticScrollBench.qml:255:29: Unable to assign [undefined] to bool
qrc:/ScrollBench/qml/GalleryViewSemanticScrollBench.qml:255:29: Unable to assign [undefined] to bool
qrc:/ScrollBench/qml/GalleryViewSemanticScrollBench.qml:255:29: Unable to assign [undefined] to bool
qrc:/ScrollBench/qml/GalleryViewSemanticScrollBench.qml:255:29: Unable to assign [undefined] to bool
qrc:/ScrollBench/qml/GalleryViewSemanticScrollBench.qml:255:29: Unable to assign [undefined] to bool
qrc:/ScrollBench/qml/GalleryViewSemanticScrollBench.qml:255:29: Unable to assign [undefined] to bool
qrc:/ScrollBench/qml/GalleryViewSemanticScrollBench.qml:255:29: Unable to assign [undefined] to bool
qrc:/ScrollBench/qml/GalleryViewSemanticScrollBench.qml:255:29: Unable to assign [undefined] to bool
qrc:/ScrollBench/qml/GalleryViewSemanticScrollBench.qml:255:29: Unable to assign [undefined] to bool
qrc:/ScrollBench/qml/GalleryViewSemanticScrollBench.qml:255:29: Unable to assign [undefined] to bool
qrc:/ScrollBench/qml/GalleryViewSemanticScrollBench.qml:255:29: Unable to assign [undefined] to bool
qrc:/ScrollBench/qml/GalleryViewSemanticScrollBench.qml:255:29: Unable to assign [undefined] to bool
qrc:/ScrollBench/qml/GalleryViewSemanticScrollBench.qml:255:29: Unable to assign [undefined] to bool
qrc:/ScrollBench/qml/GalleryViewSemanticScrollBench.qml:255:29: Unable to assign [undefined] to bool
qrc:/ScrollBench/qml/GalleryViewSemanticScrollBench.qml:255:29: Unable to assign [undefined] to bool
qrc:/ScrollBench/qml/GalleryViewSemanticScrollBench.qml:255:29: Unable to assign [undefined] to bool
qrc:/ScrollBench/qml/GalleryViewSemanticScrollBench.qml:255:29: Unable to assign [undefined] to bool
qrc:/ScrollBench/qml/GalleryViewSemanticScrollBench.qml:255:29: Unable to assign [undefined] to bool
qrc:/ScrollBench/qml/GalleryViewSemanticScrollBench.qml:255:29: Unable to assign [undefined] to bool
qrc:/ScrollBench/qml/GalleryViewSemanticScrollBench.qml:255:29: Unable to assign [undefined] to bool
qrc:/ScrollBench/qml/GalleryViewSemanticScrollBench.qml:255:29: Unable to assign [undefined] to bool
qrc:/ScrollBench/qml/GalleryViewSemanticScrollBench.qml:255:29: Unable to assign [undefined] to bool
qrc:/ScrollBench/qml/GalleryViewSemanticScrollBench.qml:255:29: Unable to assign [undefined] to bool
qrc:/ScrollBench/qml/GalleryViewSemanticScrollBench.qml:255:29: Unable to assign [undefined] to bool
qrc:/ScrollBench/qml/GalleryViewSemanticScrollBench.qml:255:29: Unable to assign [undefined] to bool
qrc:/ScrollBench/qml/GalleryViewSemanticScrollBench.qml:255:29: Unable to assign [undefined] to bool
qrc:/ScrollBench/qml/GalleryViewSemanticScrollBench.qml:255:29: Unable to assign [undefined] to bool
qrc:/ScrollBench/qml/GalleryViewSemanticScrollBench.qml:255:29: Unable to assign [undefined] to bool
qrc:/ScrollBench/qml/GalleryViewSemanticScrollBench.qml:255:29: Unable to assign [undefined] to bool
qrc:/ScrollBench/qml/GalleryViewSemanticScrollBench.qml:255:29: Unable to assign [undefined] to bool
qrc:/ScrollBench/qml/GalleryViewSemanticScrollBench.qml:255:29: Unable to assign [undefined] to bool
qrc:/ScrollBench/qml/GalleryViewSemanticScrollBench.qml:255:29: Unable to assign [undefined] to bool
qrc:/ScrollBench/qml/GalleryViewSemanticScrollBench.qml:255:29: Unable to assign [undefined] to bool
qrc:/ScrollBench/qml/GalleryViewSemanticScrollBench.qml:255:29: Unable to assign [undefined] to bool
qrc:/ScrollBench/qml/GalleryViewSemanticScrollBench.qml:255:29: Unable to assign [undefined] to bool
qrc:/ScrollBench/qml/GalleryViewSemanticScrollBench.qml:255:29: Unable to assign [undefined] to bool
Using Qt multimedia with FFmpeg version 7.1.1 LGPL version 2.1 or later
Starting video (isCurrent): file:///I:/MY SDCArds/S22 ultra/Whatsapp/VID-20230809-WA0002.mp4
Starting video (isCurrent): file:///I:/MY SDCArds/S22 ultra/Whatsapp/VID-20230923-WA0011.mp4
[PhotoViewer] Image source changed to: file:///I:/MY SDCArds/S22 ultra/Videocaptures/VideoCapture_20250110-122217.jpg?v=undefined
[PhotoViewer] Image status: 2 for index: 2
[ "01:45:07.573" ][SystemMonitor] Stats Update: CPU App: 15.051 % | Sys: 52.0408 % | RAM App: 414.277 MB | Sys Avail: 38991.8 MB / 65466.5 MB
[SystemMonitor] Resource Update: RAM: 414.277 MB (Delta: 165.113 ) | VRAM: 68.0508 MB (Delta: -37.3984 )
[Diagnostics] CRITICAL: "Load stalled for 6s. Pending: 0. Stuck: None (Logic Error?)"
[DiagnosticsUI] CRITICAL ISSUE: Load stalled for 6s. Pending: 0. Stuck: None (Logic Error?)
[PhotoViewer] Image status: 1 for index: 2
[AdaptiveIO] Stats:  "I:/"  Avg:  91.7779  Limit:  6  ActiveWeight:  6
[AdaptiveIO] Stats:  "I:/"  Avg:  85.7001  Limit:  8  ActiveWeight:  6
[AdaptiveIO] Stats:  "I:/"  Avg:  81.2301  Limit:  8  ActiveWeight:  4
[ "01:45:07.701" ][VideoThumbnailer] Entering extractFrame for "I:/MY SDCArds/S22 ultra/Ezviz/1754068439899.mp4"
[ "01:45:07.703" ][VideoThumbnailer] Entering extractFrame for "I:/MY SDCArds/S22 ultra/Camera/056dff2ae2f24270add40b70a8263e16.mp4"
[ "01:45:07.703" ][VideoThumbnailer] Entering extractFrame for "I:/MY SDCArds/S22 ultra/Ezviz/1754068438705.mp4"
[AdaptiveIO] Stats:  "I:/"  Avg:  75.4071  Limit:  8  ActiveWeight:  18
[AdaptiveIO] Stats:  "I:/"  Avg:  73.8664  Limit:  8  ActiveWeight:  17
[ "01:45:07.736" ][VideoThumbnailer] GPU decode enabled for "I:/MY SDCArds/S22 ultra/Ezviz/1754068438705.mp4"
[AdaptiveIO] Stats:  "I:/"  Avg:  69.8797  Limit:  8  ActiveWeight:  16
[ "01:45:07.756" ][VideoThumbnailer] GPU decode enabled for "I:/MY SDCArds/S22 ultra/Ezviz/1754068439899.mp4"
[AdaptiveIO] Stats:  "I:/"  Avg:  69.4918  Limit:  8  ActiveWeight:  15
[AdaptiveIO] Stats:  "I:/"  Avg:  67.7426  Limit:  8  ActiveWeight:  14
setVisibleEndIndex called with: 546
[Diagnostics] CRITICAL: "Load stalled for 6s. Pending: 9. Stuck: I:/MY SDCArds/S22 ultra/Ezviz/1754068438705.mp4, I:/MY SDCArds/S22 ultra/Ezviz/1754068439899.mp4, I:/MY SDCArds/S22 ultra/Facebook/FB_IMG_1765639267754.jpg, I:/MY SDCArds/S22 ultra/Facebook/FB_IMG_..."
[DiagnosticsUI] CRITICAL ISSUE: Load stalled for 6s. Pending: 9. Stuck: I:/MY SDCArds/S22 ultra/Ezviz/1754068438705.mp4, I:/MY SDCArds/S22 ultra/Ezviz/1754068439899.mp4, I:/MY SDCArds/S22 ultra/Facebook/FB_IMG_1765639267754.jpg, I:/MY SDCArds/S22 ultra/Facebook/FB_IMG_...
[ViewportCulling] Current settings: m_viewportCullingEnabled= true , BUFFER_SIZE= 50
[ViewportCulling] RANGE UPDATE: 
  Viewport indices: 0 to 546 ( 547 items) 
  Buffered range: 0 to 596 ( 597 items with BUFFER_SIZE= 50 ) 
  Total items in model: 8948
[ViewportCulling] Setting 597 visible paths in VRM
[VRM] Total visible paths: 597 Sample: "I:/MY SDCArds/S22 ultra/Canon/IMG_2158.JPG"
[ViewportCulling] Requested: 597 | Already loaded: 0 | Total in range: 597
Viewport settled at: 0 - 546
[AdaptiveIO] Stats:  "I:/"  Avg:  66.3683  Limit:  8  ActiveWeight:  34
[AdaptiveIO] Stats:  "I:/"  Avg:  64.0315  Limit:  8  ActiveWeight:  33
[AdaptiveIO] Stats:  "I:/"  Avg:  60.4283  Limit:  8  ActiveWeight:  32
[ "01:45:07.801" ][VideoThumbnailer] Entering extractFrame for "I:/MY SDCArds/S22 ultra/Camera/5bf5b63a277f1ec214f3f81ed02e94eb.mp4"
processPendingUpdates: Emitted dataChanged for range: 0 to 19
[AdaptiveIO] Stats:  "I:/"  Avg:  56.0855  Limit:  8  ActiveWeight:  39
processPendingUpdates: Emitted dataChanged for range: 20 to 39
processPendingUpdates: Emitted dataChanged for range: 40 to 59
[AdaptiveIO] Stats:  "I:/"  Avg:  76.877  Limit:  8  ActiveWeight:  38
processPendingUpdates: Emitted dataChanged for range: 60 to 79
[AdaptiveIO] Stats:  "I:/"  Avg:  99.4893  Limit:  8  ActiveWeight:  34
processPendingUpdates: Emitted dataChanged for range: 80 to 99
[AdaptiveIO] Stats:  "I:/"  Avg:  119.04  Limit:  8  ActiveWeight:  34
[AdaptiveIO] Stats:  "I:/"  Avg:  131.736  Limit:  8  ActiveWeight:  33
[AdaptiveIO] Stats:  "I:/"  Avg:  147.163  Limit:  8  ActiveWeight:  35
[AdaptiveIO] Stats:  "I:/"  Avg:  134.446  Limit:  8  ActiveWeight:  34
[ "01:45:08.105" ][VideoThumbnailer] Entering extractFrame for "I:/MY SDCArds/S22 ultra/Camera/909c35d7aa2bf2cc78f973e0bcffcadb.mp4"
[AdaptiveIO] Stats:  "I:/"  Avg:  150.002  Limit:  8  ActiveWeight:  34
[ "01:45:08.113" ][VideoThumbnailer] Entering extractFrame for "I:/MY SDCArds/S22 ultra/Camera/20260613_100558.heic"
[AdaptiveIO] Stats:  "I:/"  Avg:  136.102  Limit:  8  ActiveWeight:  34
processPendingUpdates: Emitted dataChanged for range: 100 to 119
[AdaptiveIO] Stats:  "I:/"  Avg:  123.891  Limit:  8  ActiveWeight:  35
[AdaptiveIO] Stats:  "I:/"  Avg:  112.702  Limit:  8  ActiveWeight:  34
[AdaptiveIO] Stats:  "I:/"  Avg:  104.132  Limit:  8  ActiveWeight:  36
[ "01:45:08.163" ][VideoThumbnailer] Entering extractFrame for "I:/MY SDCArds/S22 ultra/Double Side Camera/2023_02_23_15_19_16_033.mp4"
processPendingUpdates: Emitted dataChanged for range: 120 to 139
[AdaptiveIO] Stats:  "I:/"  Avg:  96.1189  Limit:  8  ActiveWeight:  35
[AdaptiveIO] Stats:  "I:/"  Avg:  87.707  Limit:  8  ActiveWeight:  34
[AdaptiveIO] Stats:  "I:/"  Avg:  81.9363  Limit:  8  ActiveWeight:  33
[AdaptiveIO] Stats:  "I:/"  Avg:  75.9426  Limit:  8  ActiveWeight:  40
[AdaptiveIO] Stats:  "I:/"  Avg:  82.9484  Limit:  8  ActiveWeight:  39
[AdaptiveIO] Stats:  "I:/"  Avg:  77.9535  Limit:  8  ActiveWeight:  38
processPendingUpdates: Emitted dataChanged for range: 140 to 159
[ "01:45:08.264" ][VideoThumbnailer] Entering extractFrame for "I:/MY SDCArds/S22 ultra/Ezviz/1774196661121.mp4"
[AdaptiveIO] Stats:  "I:/"  Avg:  72.4582  Limit:  8  ActiveWeight:  37
[AdaptiveIO] Stats:  "I:/"  Avg:  66.3124  Limit:  8  ActiveWeight:  36
[AdaptiveIO] Stats:  "I:/"  Avg:  62.0811  Limit:  8  ActiveWeight:  35
processPendingUpdates: Emitted dataChanged for range: 160 to 179
processPendingUpdates: Emitted dataChanged for range: 180 to 199
[AdaptiveIO] Stats:  "I:/"  Avg:  74.273  Limit:  8  ActiveWeight:  34
processPendingUpdates: Emitted dataChanged for range: 200 to 209
processPendingUpdates: Emitted dataChanged for range: 210 to 229
[AdaptiveIO] Stats:  "I:/"  Avg:  79.9457  Limit:  8  ActiveWeight:  35
processPendingUpdates: Emitted dataChanged for range: 230 to 249
[AdaptiveIO] Stats:  "I:/"  Avg:  90.2511  Limit:  8  ActiveWeight:  34
[ "01:45:08.481" ][VideoThumbnailer] Entering extractFrame for "I:/MY SDCArds/S22 ultra/Ezviz/1774196660266.mp4"
[AdaptiveIO] Stats:  "I:/"  Avg:  98.626  Limit:  8  ActiveWeight:  34
[AdaptiveIO] Stats:  "I:/"  Avg:  89.5634  Limit:  8  ActiveWeight:  34
processPendingUpdates: Emitted dataChanged for range: 250 to 259
[ "01:45:08.502" ][VideoThumbnailer] Entering extractFrame for "I:/MY SDCArds/S22 ultra/Camera/20260317_202423.heic"
[ "01:45:08.511" ][SystemMonitor] Stats Update: CPU App: 55.8333 % | Sys: 91.1111 % | RAM App: 1118.95 MB | Sys Avail: 38288.7 MB / 65466.5 MB
[SystemMonitor] Resource Update: RAM: 1118.95 MB (Delta: 704.676 ) | VRAM: 72.9258 MB (Delta: 4.875 )
[AdaptiveIO] Stats:  "I:/"  Avg:  93.0071  Limit:  8  ActiveWeight:  36
[ "01:45:08.538" ][VideoThumbnailer] GPU decode enabled for "I:/MY SDCArds/S22 ultra/Camera/20260317_202423.heic"
processPendingUpdates: Emitted dataChanged for range: 260 to 279
[AdaptiveIO] Stats:  "I:/"  Avg:  87.9064  Limit:  8  ActiveWeight:  35
[ "01:45:08.578" ][VideoThumbnailer] Entering extractFrame for "I:/MY SDCArds/S22 ultra/Camera/20260317_202422.heic"
[AdaptiveIO] Stats:  "I:/"  Avg:  87.4157  Limit:  8  ActiveWeight:  34
[AdaptiveIO] Stats:  "I:/"  Avg:  92.8742  Limit:  8  ActiveWeight:  33
processPendingUpdates: Emitted dataChanged for range: 280 to 289
[ "01:45:08.605" ][VideoThumbnailer] Entering extractFrame for "I:/MY SDCArds/S22 ultra/Camera/20260317_134151.heic"
[ "01:45:08.610" ][VideoThumbnailer] GPU decode enabled for "I:/MY SDCArds/S22 ultra/Camera/20260317_202422.heic"
[ "01:45:08.617" ][VideoThumbnailer] Entering extractFrame for "I:/MY SDCArds/S22 ultra/Ezviz/1763990955123.mp4"
[AdaptiveIO] Stats:  "I:/"  Avg:  83.7867  Limit:  8  ActiveWeight:  36
[ "01:45:08.621" ][VideoThumbnailer] GPU decode enabled for "I:/MY SDCArds/S22 ultra/Camera/20260317_134151.heic"
processPendingUpdates: Emitted dataChanged for range: 290 to 299
[ "01:45:08.639" ][VideoThumbnailer] Entering extractFrame for "I:/MY SDCArds/S22 ultra/Camera/20260316_195129.heic"
[AdaptiveIO] Stats:  "I:/"  Avg:  82.4081  Limit:  8  ActiveWeight:  35
[AdaptiveIO] Stats:  "I:/"  Avg:  79.1673  Limit:  8  ActiveWeight:  34
processPendingUpdates: Emitted dataChanged for range: 300 to 319
[AdaptiveIO] Stats:  "I:/"  Avg:  88.0505  Limit:  8  ActiveWeight:  35
[AdaptiveIO] Stats:  "I:/"  Avg:  81.1455  Limit:  8  ActiveWeight:  34
[ "01:45:08.700" ][VideoThumbnailer] Entering extractFrame for "I:/MY SDCArds/S22 ultra/Camera/20260320_100916.heic"
[AdaptiveIO] Stats:  "I:/"  Avg:  75.6309  Limit:  5  ActiveWeight:  33
processPendingUpdates: Emitted dataChanged for range: 320 to 339
[ "01:45:08.718" ][VideoThumbnailer] Entering extractFrame for "I:/MY SDCArds/S22 ultra/Camera/a8b06f9b40ddb82cf82216a4dfad3fbd.mp4"
[AdaptiveIO] Stats:  "I:/"  Avg:  68.2678  Limit:  5  ActiveWeight:  32
[ "01:45:08.726" ][VideoThumbnailer] GPU decode enabled for "I:/MY SDCArds/S22 ultra/Camera/20260316_195129.heic"
[AdaptiveIO] Stats:  "I:/"  Avg:  66.2411  Limit:  5  ActiveWeight:  31
[AdaptiveIO] Stats:  "I:/"  Avg:  73.717  Limit:  5  ActiveWeight:  30
processPendingUpdates: Emitted dataChanged for range: 340 to 349
[AdaptiveIO] Stats:  "I:/"  Avg:  68.5453  Limit:  5  ActiveWeight:  33
[ "01:45:08.798" ][VideoThumbnailer] GPU decode enabled for "I:/MY SDCArds/S22 ultra/Camera/20260320_100916.heic"
processPendingUpdates: Emitted dataChanged for range: 350 to 359
[AdaptiveIO] Stats:  "I:/"  Avg:  62.7907  Limit:  5  ActiveWeight:  32
processPendingUpdates: Emitted dataChanged for range: 360 to 379
[AdaptiveIO] Stats:  "I:/"  Avg:  71.8117  Limit:  5  ActiveWeight:  31
[ "01:45:08.870" ][VideoThumbnailer] Entering extractFrame for "I:/MY SDCArds/S22 ultra/Snapchat/Snapchat-289408284.mp4"
processPendingUpdates: Emitted dataChanged for range: 380 to 399
[AdaptiveIO] Stats:  "I:/"  Avg:  65.2305  Limit:  5  ActiveWeight:  31
[AdaptiveIO] Stats:  "I:/"  Avg:  80.1074  Limit:  5  ActiveWeight:  30
[ "01:45:08.883" ][VideoThumbnailer] Entering extractFrame for "I:/MY SDCArds/S22 ultra/Camera/20260320_142207.heic"
[ "01:45:08.895" ][VideoThumbnailer] Entering extractFrame for "I:/MY SDCArds/S22 ultra/Camera/20260320_142027.heic"
[AdaptiveIO] Stats:  "I:/"  Avg:  85.2967  Limit:  5  ActiveWeight:  33
[ "01:45:08.929" ][VideoThumbnailer] GPU decode enabled for "I:/MY SDCArds/S22 ultra/Camera/20260320_142207.heic"
processPendingUpdates: Emitted dataChanged for range: 400 to 419
[ "01:45:08.939" ][VideoThumbnailer] GPU decode enabled for "I:/MY SDCArds/S22 ultra/Camera/20260320_142027.heic"
[ "01:45:08.940" ][VideoThumbnailer] Entering extractFrame for "I:/MY SDCArds/S22 ultra/Camera/20260329_185212.heic"
[AdaptiveIO] Stats:  "I:/"  Avg:  84.467  Limit:  5  ActiveWeight:  32
[ "01:45:08.971" ][VideoThumbnailer] GPU decode enabled for "I:/MY SDCArds/S22 ultra/Camera/20260329_185212.heic"
[AdaptiveIO] Stats:  "I:/"  Avg:  83.9203  Limit:  5  ActiveWeight:  31
[ "01:45:08.987" ][VideoThumbnailer] Entering extractFrame for "I:/MY SDCArds/S22 ultra/Camera/20260320_142221.heic"
[AdaptiveIO] Stats:  "I:/"  Avg:  76.6283  Limit:  5  ActiveWeight:  31
[ "01:45:08.991" ][VideoThumbnailer] Entering extractFrame for "I:/MY SDCArds/S22 ultra/Ezviz/1763224378035.mp4"
processPendingUpdates: Emitted dataChanged for range: 420 to 439
[AdaptiveIO] Stats:  "I:/"  Avg:  69.9655  Limit:  5  ActiveWeight:  31
[ "01:45:09.008" ][VideoThumbnailer] GPU decode enabled for "I:/MY SDCArds/S22 ultra/Camera/20260320_142221.heic"
[AdaptiveIO] Stats:  "I:/"  Avg:  69.9689  Limit:  5  ActiveWeight:  30
[AdaptiveIO] Stats:  "I:/"  Avg:  80.972  Limit:  5  ActiveWeight:  29
[ "01:45:09.028" ][VideoThumbnailer] Entering extractFrame for "I:/MY SDCArds/S22 ultra/Camera/20260320_194248.heic"
[AdaptiveIO] Stats:  "I:/"  Avg:  73.7748  Limit:  5  ActiveWeight:  37
[ "01:45:09.031" ][VideoThumbnailer] Entering extractFrame for "I:/MY SDCArds/S22 ultra/Camera/20260320_194323.heic"
[AdaptiveIO] Stats:  "I:/"  Avg:  71.3973  Limit:  5  ActiveWeight:  39
[ "01:45:09.042" ][VideoThumbnailer] Entering extractFrame for "I:/MY SDCArds/S22 ultra/Car Audio/20260321_095332.heic"
processPendingUpdates: Emitted dataChanged for range: 440 to 459
[AdaptiveIO] Stats:  "I:/"  Avg:  66.6576  Limit:  5  ActiveWeight:  38
[ "01:45:09.089" ][VideoThumbnailer] GPU decode enabled for "I:/MY SDCArds/S22 ultra/Camera/20260320_194248.heic"
[ "01:45:09.111" ][VideoThumbnailer] GPU decode enabled for "I:/MY SDCArds/S22 ultra/Camera/20260320_194323.heic"
processPendingUpdates: Emitted dataChanged for range: 460 to 479
[ "01:45:09.123" ][VideoThumbnailer] Entering extractFrame for "I:/MY SDCArds/S22 ultra/Screen recordings/Screen_Recording_20260321_002407_Facebook.mp4"
[AdaptiveIO] Stats:  "I:/"  Avg:  69.3918  Limit:  5  ActiveWeight:  37
[ "01:45:09.133" ][VideoThumbnailer] GPU decode enabled for "I:/MY SDCArds/S22 ultra/Car Audio/20260321_095332.heic"
[AdaptiveIO] Stats:  "I:/"  Avg:  64.6527  Limit:  5  ActiveWeight:  36
[AdaptiveIO] Stats:  "I:/"  Avg:  69.6874  Limit:  5  ActiveWeight:  36
[ "01:45:09.150" ][VideoThumbnailer] Entering extractFrame for "I:/MY SDCArds/S22 ultra/Camera/20260320_194236.heic"
[AdaptiveIO] Stats:  "I:/"  Avg:  74.9187  Limit:  5  ActiveWeight:  34
processPendingUpdates: Emitted dataChanged for range: 480 to 499
[ "01:45:09.185" ][VideoThumbnailer] GPU decode enabled for "I:/MY SDCArds/S22 ultra/Screen recordings/Screen_Recording_20260321_002407_Facebook.mp4"
[AdaptiveIO] Stats:  "I:/"  Avg:  71.3268  Limit:  5  ActiveWeight:  33
processPendingUpdates: Emitted dataChanged for range: 500 to 509
[ "01:45:09.207" ][VideoThumbnailer] GPU decode enabled for "I:/MY SDCArds/S22 ultra/Camera/20260320_194236.heic"
[AdaptiveIO] Stats:  "I:/"  Avg:  69.7941  Limit:  5  ActiveWeight:  32
[ "01:45:09.249" ][VideoThumbnailer] Entering extractFrame for "I:/MY SDCArds/S22 ultra/Camera/16dc3732a5a3ccb9bb52c401dfd1a096.mp4"
processPendingUpdates: Emitted dataChanged for range: 510 to 519
[AdaptiveIO] Stats:  "I:/"  Avg:  64.6147  Limit:  5  ActiveWeight:  31
[AdaptiveIO] Stats:  "I:/"  Avg:  77.0532  Limit:  5  ActiveWeight:  30
[AdaptiveIO] Stats:  "I:/"  Avg:  82.9479  Limit:  5  ActiveWeight:  29
qrc:/ScrollBench/qml/GalleryViewSemanticScrollBench.qml:255:29: Unable to assign [undefined] to bool
qrc:/ScrollBench/qml/GalleryViewSemanticScrollBench.qml:255:29: Unable to assign [undefined] to bool
qrc:/ScrollBench/qml/GalleryViewSemanticScrollBench.qml:255:29: Unable to assign [undefined] to bool
qrc:/ScrollBench/qml/GalleryViewSemanticScrollBench.qml:255:29: Unable to assign [undefined] to bool
qrc:/ScrollBench/qml/GalleryViewSemanticScrollBench.qml:255:29: Unable to assign [undefined] to bool
qrc:/ScrollBench/qml/GalleryViewSemanticScrollBench.qml:255:29: Unable to assign [undefined] to bool
qrc:/ScrollBench/qml/GalleryViewSemanticScrollBench.qml:255:29: Unable to assign [undefined] to bool
qrc:/ScrollBench/qml/GalleryViewSemanticScrollBench.qml:255:29: Unable to assign [undefined] to bool
qrc:/ScrollBench/qml/GalleryViewSemanticScrollBench.qml:255:29: Unable to assign [undefined] to bool
qrc:/ScrollBench/qml/GalleryViewSemanticScrollBench.qml:255:29: Unable to assign [undefined] to bool
qrc:/ScrollBench/qml/GalleryViewSemanticScrollBench.qml:255:29: Unable to assign [undefined] to bool
qrc:/ScrollBench/qml/GalleryViewSemanticScrollBench.qml:255:29: Unable to assign [undefined] to bool
qrc:/ScrollBench/qml/GalleryViewSemanticScrollBench.qml:255:29: Unable to assign [undefined] to bool
qrc:/ScrollBench/qml/GalleryViewSemanticScrollBench.qml:255:29: Unable to assign [undefined] to bool
qrc:/ScrollBench/qml/GalleryViewSemanticScrollBench.qml:255:29: Unable to assign [undefined] to bool
qrc:/ScrollBench/qml/GalleryViewSemanticScrollBench.qml:255:29: Unable to assign [undefined] to bool
qrc:/ScrollBench/qml/GalleryViewSemanticScrollBench.qml:255:29: Unable to assign [undefined] to bool
qrc:/ScrollBench/qml/GalleryViewSemanticScrollBench.qml:255:29: Unable to assign [undefined] to bool
qrc:/ScrollBench/qml/GalleryViewSemanticScrollBench.qml:255:29: Unable to assign [undefined] to bool
qrc:/ScrollBench/qml/GalleryViewSemanticScrollBench.qml:255:29: Unable to assign [undefined] to bool
qrc:/ScrollBench/qml/GalleryViewSemanticScrollBench.qml:255:29: Unable to assign [undefined] to bool
qrc:/ScrollBench/qml/GalleryViewSemanticScrollBench.qml:255:29: Unable to assign [undefined] to bool
qrc:/ScrollBench/qml/GalleryViewSemanticScrollBench.qml:255:29: Unable to assign [undefined] to bool
qrc:/ScrollBench/qml/GalleryViewSemanticScrollBench.qml:255:29: Unable to assign [undefined] to bool
qrc:/ScrollBench/qml/GalleryViewSemanticScrollBench.qml:255:29: Unable to assign [undefined] to bool
qrc:/ScrollBench/qml/GalleryViewSemanticScrollBench.qml:255:29: Unable to assign [undefined] to bool
qrc:/ScrollBench/qml/GalleryViewSemanticScrollBench.qml:255:29: Unable to assign [undefined] to bool
qrc:/ScrollBench/qml/GalleryViewSemanticScrollBench.qml:255:29: Unable to assign [undefined] to bool
qrc:/ScrollBench/qml/GalleryViewSemanticScrollBench.qml:255:29: Unable to assign [undefined] to bool
qrc:/ScrollBench/qml/GalleryViewSemanticScrollBench.qml:255:29: Unable to assign [undefined] to bool
qrc:/ScrollBench/qml/GalleryViewSemanticScrollBench.qml:255:29: Unable to assign [undefined] to bool
qrc:/ScrollBench/qml/GalleryViewSemanticScrollBench.qml:255:29: Unable to assign [undefined] to bool
qrc:/ScrollBench/qml/GalleryViewSemanticScrollBench.qml:255:29: Unable to assign [undefined] to bool
qrc:/ScrollBench/qml/GalleryViewSemanticScrollBench.qml:255:29: Unable to assign [undefined] to bool
qrc:/ScrollBench/qml/GalleryViewSemanticScrollBench.qml:255:29: Unable to assign [undefined] to bool
qrc:/ScrollBench/qml/GalleryViewSemanticScrollBench.qml:255:29: Unable to assign [undefined] to bool
qrc:/ScrollBench/qml/GalleryViewSemanticScrollBench.qml:255:29: Unable to assign [undefined] to bool
qrc:/ScrollBench/qml/GalleryViewSemanticScrollBench.qml:255:29: Unable to assign [undefined] to bool
qrc:/ScrollBench/qml/GalleryViewSemanticScrollBench.qml:255:29: Unable to assign [undefined] to bool
qrc:/ScrollBench/qml/GalleryViewSemanticScrollBench.qml:255:29: Unable to assign [undefined] to bool
qrc:/ScrollBench/qml/GalleryViewSemanticScrollBench.qml:255:29: Unable to assign [undefined] to bool
qrc:/ScrollBench/qml/GalleryViewSemanticScrollBench.qml:255:29: Unable to assign [undefined] to bool
qrc:/ScrollBench/qml/GalleryViewSemanticScrollBench.qml:255:29: Unable to assign [undefined] to bool
qrc:/ScrollBench/qml/GalleryViewSemanticScrollBench.qml:255:29: Unable to assign [undefined] to bool
qrc:/ScrollBench/qml/GalleryViewSemanticScrollBench.qml:255:29: Unable to assign [undefined] to bool
qrc:/ScrollBench/qml/GalleryViewSemanticScrollBench.qml:255:29: Unable to assign [undefined] to bool
qrc:/ScrollBench/qml/GalleryViewSemanticScrollBench.qml:255:29: Unable to assign [undefined] to bool
qrc:/ScrollBench/qml/GalleryViewSemanticScrollBench.qml:255:29: Unable to assign [undefined] to bool
qrc:/ScrollBench/qml/GalleryViewSemanticScrollBench.qml:255:29: Unable to assign [undefined] to bool
qrc:/ScrollBench/qml/GalleryViewSemanticScrollBench.qml:255:29: Unable to assign [undefined] to bool
qrc:/ScrollBench/qml/GalleryViewSemanticScrollBench.qml:255:29: Unable to assign [undefined] to bool
qrc:/ScrollBench/qml/GalleryViewSemanticScrollBench.qml:255:29: Unable to assign [undefined] to bool
qrc:/ScrollBench/qml/GalleryViewSemanticScrollBench.qml:255:29: Unable to assign [undefined] to bool
qrc:/ScrollBench/qml/GalleryViewSemanticScrollBench.qml:255:29: Unable to assign [undefined] to bool
qrc:/ScrollBench/qml/GalleryViewSemanticScrollBench.qml:255:29: Unable to assign [undefined] to bool
qrc:/ScrollBench/qml/GalleryViewSemanticScrollBench.qml:255:29: Unable to assign [undefined] to bool
qrc:/ScrollBench/qml/GalleryViewSemanticScrollBench.qml:255:29: Unable to assign [undefined] to bool
qrc:/ScrollBench/qml/GalleryViewSemanticScrollBench.qml:255:29: Unable to assign [undefined] to bool
qrc:/ScrollBench/qml/GalleryViewSemanticScrollBench.qml:255:29: Unable to assign [undefined] to bool
qrc:/ScrollBench/qml/GalleryViewSemanticScrollBench.qml:255:29: Unable to assign [undefined] to bool
qrc:/ScrollBench/qml/GalleryViewSemanticScrollBench.qml:255:29: Unable to assign [undefined] to bool
qrc:/ScrollBench/qml/GalleryViewSemanticScrollBench.qml:255:29: Unable to assign [undefined] to bool
qrc:/ScrollBench/qml/GalleryViewSemanticScrollBench.qml:255:29: Unable to assign [undefined] to bool
qrc:/ScrollBench/qml/GalleryViewSemanticScrollBench.qml:255:29: Unable to assign [undefined] to bool
qrc:/ScrollBench/qml/GalleryViewSemanticScrollBench.qml:255:29: Unable to assign [undefined] to bool
qrc:/ScrollBench/qml/GalleryViewSemanticScrollBench.qml:255:29: Unable to assign [undefined] to bool
qrc:/ScrollBench/qml/GalleryViewSemanticScrollBench.qml:255:29: Unable to assign [undefined] to bool
qrc:/ScrollBench/qml/GalleryViewSemanticScrollBench.qml:255:29: Unable to assign [undefined] to bool
qrc:/ScrollBench/qml/GalleryViewSemanticScrollBench.qml:255:29: Unable to assign [undefined] to bool
qrc:/ScrollBench/qml/GalleryViewSemanticScrollBench.qml:255:29: Unable to assign [undefined] to bool
qrc:/ScrollBench/qml/GalleryViewSemanticScrollBench.qml:255:29: Unable to assign [undefined] to bool
qrc:/ScrollBench/qml/GalleryViewSemanticScrollBench.qml:255:29: Unable to assign [undefined] to bool
qrc:/ScrollBench/qml/GalleryViewSemanticScrollBench.qml:255:29: Unable to assign [undefined] to bool
qrc:/ScrollBench/qml/GalleryViewSemanticScrollBench.qml:255:29: Unable to assign [undefined] to bool
qrc:/ScrollBench/qml/GalleryViewSemanticScrollBench.qml:255:29: Unable to assign [undefined] to bool
qrc:/ScrollBench/qml/GalleryViewSemanticScrollBench.qml:255:29: Unable to assign [undefined] to bool
qrc:/ScrollBench/qml/GalleryViewSemanticScrollBench.qml:255:29: Unable to assign [undefined] to bool
qrc:/ScrollBench/qml/GalleryViewSemanticScrollBench.qml:255:29: Unable to assign [undefined] to bool
qrc:/ScrollBench/qml/GalleryViewSemanticScrollBench.qml:255:29: Unable to assign [undefined] to bool
qrc:/ScrollBench/qml/GalleryViewSemanticScrollBench.qml:255:29: Unable to assign [undefined] to bool
qrc:/ScrollBench/qml/GalleryViewSemanticScrollBench.qml:255:29: Unable to assign [undefined] to bool
qrc:/ScrollBench/qml/GalleryViewSemanticScrollBench.qml:255:29: Unable to assign [undefined] to bool
qrc:/ScrollBench/qml/GalleryViewSemanticScrollBench.qml:255:29: Unable to assign [undefined] to bool
qrc:/ScrollBench/qml/GalleryViewSemanticScrollBench.qml:255:29: Unable to assign [undefined] to bool
qrc:/ScrollBench/qml/GalleryViewSemanticScrollBench.qml:255:29: Unable to assign [undefined] to bool
qrc:/ScrollBench/qml/GalleryViewSemanticScrollBench.qml:255:29: Unable to assign [undefined] to bool
qrc:/ScrollBench/qml/GalleryViewSemanticScrollBench.qml:255:29: Unable to assign [undefined] to bool
qrc:/ScrollBench/qml/GalleryViewSemanticScrollBench.qml:255:29: Unable to assign [undefined] to bool
qrc:/ScrollBench/qml/GalleryViewSemanticScrollBench.qml:255:29: Unable to assign [undefined] to bool
qrc:/ScrollBench/qml/GalleryViewSemanticScrollBench.qml:255:29: Unable to assign [undefined] to bool
qrc:/ScrollBench/qml/GalleryViewSemanticScrollBench.qml:255:29: Unable to assign [undefined] to bool
qrc:/ScrollBench/qml/GalleryViewSemanticScrollBench.qml:255:29: Unable to assign [undefined] to bool
qrc:/ScrollBench/qml/GalleryViewSemanticScrollBench.qml:255:29: Unable to assign [undefined] to bool
qrc:/ScrollBench/qml/GalleryViewSemanticScrollBench.qml:255:29: Unable to assign [undefined] to bool
qrc:/ScrollBench/qml/GalleryViewSemanticScrollBench.qml:255:29: Unable to assign [undefined] to bool
qrc:/ScrollBench/qml/GalleryViewSemanticScrollBench.qml:255:29: Unable to assign [undefined] to bool
qrc:/ScrollBench/qml/GalleryViewSemanticScrollBench.qml:255:29: Unable to assign [undefined] to bool
qrc:/ScrollBench/qml/GalleryViewSemanticScrollBench.qml:255:29: Unable to assign [undefined] to bool
qrc:/ScrollBench/qml/GalleryViewSemanticScrollBench.qml:255:29: Unable to assign [undefined] to bool
qrc:/ScrollBench/qml/GalleryViewSemanticScrollBench.qml:255:29: Unable to assign [undefined] to bool
qrc:/ScrollBench/qml/GalleryViewSemanticScrollBench.qml:255:29: Unable to assign [undefined] to bool
qrc:/ScrollBench/qml/GalleryViewSemanticScrollBench.qml:255:29: Unable to assign [undefined] to bool
qrc:/ScrollBench/qml/GalleryViewSemanticScrollBench.qml:255:29: Unable to assign [undefined] to bool
qrc:/ScrollBench/qml/GalleryViewSemanticScrollBench.qml:255:29: Unable to assign [undefined] to bool
qrc:/ScrollBench/qml/GalleryViewSemanticScrollBench.qml:255:29: Unable to assign [undefined] to bool
qrc:/ScrollBench/qml/GalleryViewSemanticScrollBench.qml:255:29: Unable to assign [undefined] to bool
qrc:/ScrollBench/qml/GalleryViewSemanticScrollBench.qml:255:29: Unable to assign [undefined] to bool
qrc:/ScrollBench/qml/GalleryViewSemanticScrollBench.qml:255:29: Unable to assign [undefined] to bool
qrc:/ScrollBench/qml/GalleryViewSemanticScrollBench.qml:255:29: Unable to assign [undefined] to bool
qrc:/ScrollBench/qml/GalleryViewSemanticScrollBench.qml:255:29: Unable to assign [undefined] to bool
qrc:/ScrollBench/qml/GalleryViewSemanticScrollBench.qml:255:29: Unable to assign [undefined] to bool
qrc:/ScrollBench/qml/GalleryViewSemanticScrollBench.qml:255:29: Unable to assign [undefined] to bool
qrc:/ScrollBench/qml/GalleryViewSemanticScrollBench.qml:255:29: Unable to assign [undefined] to bool
qrc:/ScrollBench/qml/GalleryViewSemanticScrollBench.qml:255:29: Unable to assign [undefined] to bool
qrc:/ScrollBench/qml/GalleryViewSemanticScrollBench.qml:255:29: Unable to assign [undefined] to bool
qrc:/ScrollBench/qml/GalleryViewSemanticScrollBench.qml:255:29: Unable to assign [undefined] to bool
qrc:/ScrollBench/qml/GalleryViewSemanticScrollBench.qml:255:29: Unable to assign [undefined] to bool
qrc:/ScrollBench/qml/GalleryViewSemanticScrollBench.qml:255:29: Unable to assign [undefined] to bool
qrc:/ScrollBench/qml/GalleryViewSemanticScrollBench.qml:255:29: Unable to assign [undefined] to bool
qrc:/ScrollBench/qml/GalleryViewSemanticScrollBench.qml:255:29: Unable to assign [undefined] to bool
qrc:/ScrollBench/qml/GalleryViewSemanticScrollBench.qml:255:29: Unable to assign [undefined] to bool
qrc:/ScrollBench/qml/GalleryViewSemanticScrollBench.qml:255:29: Unable to assign [undefined] to bool
qrc:/ScrollBench/qml/GalleryViewSemanticScrollBench.qml:255:29: Unable to assign [undefined] to bool
qrc:/ScrollBench/qml/GalleryViewSemanticScrollBench.qml:255:29: Unable to assign [undefined] to bool
qrc:/ScrollBench/qml/GalleryViewSemanticScrollBench.qml:255:29: Unable to assign [undefined] to bool
qrc:/ScrollBench/qml/GalleryViewSemanticScrollBench.qml:255:29: Unable to assign [undefined] to bool
qrc:/ScrollBench/qml/GalleryViewSemanticScrollBench.qml:255:29: Unable to assign [undefined] to bool
qrc:/ScrollBench/qml/GalleryViewSemanticScrollBench.qml:255:29: Unable to assign [undefined] to bool
qrc:/ScrollBench/qml/GalleryViewSemanticScrollBench.qml:255:29: Unable to assign [undefined] to bool
qrc:/ScrollBench/qml/GalleryViewSemanticScrollBench.qml:255:29: Unable to assign [undefined] to bool
qrc:/ScrollBench/qml/GalleryViewSemanticScrollBench.qml:255:29: Unable to assign [undefined] to bool
qrc:/ScrollBench/qml/GalleryViewSemanticScrollBench.qml:255:29: Unable to assign [undefined] to bool
qrc:/ScrollBench/qml/GalleryViewSemanticScrollBench.qml:255:29: Unable to assign [undefined] to bool
qrc:/ScrollBench/qml/GalleryViewSemanticScrollBench.qml:255:29: Unable to assign [undefined] to bool
qrc:/ScrollBench/qml/GalleryViewSemanticScrollBench.qml:255:29: Unable to assign [undefined] to bool
qrc:/ScrollBench/qml/GalleryViewSemanticScrollBench.qml:255:29: Unable to assign [undefined] to bool
qrc:/ScrollBench/qml/GalleryViewSemanticScrollBench.qml:255:29: Unable to assign [undefined] to bool
qrc:/ScrollBench/qml/GalleryViewSemanticScrollBench.qml:255:29: Unable to assign [undefined] to bool
qrc:/ScrollBench/qml/GalleryViewSemanticScrollBench.qml:255:29: Unable to assign [undefined] to bool
qrc:/ScrollBench/qml/GalleryViewSemanticScrollBench.qml:255:29: Unable to assign [undefined] to bool
qrc:/ScrollBench/qml/GalleryViewSemanticScrollBench.qml:255:29: Unable to assign [undefined] to bool
qrc:/ScrollBench/qml/GalleryViewSemanticScrollBench.qml:255:29: Unable to assign [undefined] to bool
qrc:/ScrollBench/qml/GalleryViewSemanticScrollBench.qml:255:29: Unable to assign [undefined] to bool
qrc:/ScrollBench/qml/GalleryViewSemanticScrollBench.qml:255:29: Unable to assign [undefined] to bool
qrc:/ScrollBench/qml/GalleryViewSemanticScrollBench.qml:255:29: Unable to assign [undefined] to bool
qrc:/ScrollBench/qml/GalleryViewSemanticScrollBench.qml:255:29: Unable to assign [undefined] to bool
qrc:/ScrollBench/qml/GalleryViewSemanticScrollBench.qml:255:29: Unable to assign [undefined] to bool
qrc:/ScrollBench/qml/GalleryViewSemanticScrollBench.qml:255:29: Unable to assign [undefined] to bool
qrc:/ScrollBench/qml/GalleryViewSemanticScrollBench.qml:255:29: Unable to assign [undefined] to bool
qrc:/ScrollBench/qml/GalleryViewSemanticScrollBench.qml:255:29: Unable to assign [undefined] to bool
qrc:/ScrollBench/qml/GalleryViewSemanticScrollBench.qml:255:29: Unable to assign [undefined] to bool
qrc:/ScrollBench/qml/GalleryViewSemanticScrollBench.qml:255:29: Unable to assign [undefined] to bool
qrc:/ScrollBench/qml/GalleryViewSemanticScrollBench.qml:255:29: Unable to assign [undefined] to bool
qrc:/ScrollBench/qml/GalleryViewSemanticScrollBench.qml:255:29: Unable to assign [undefined] to bool
qrc:/ScrollBench/qml/GalleryViewSemanticScrollBench.qml:255:29: Unable to assign [undefined] to bool
qrc:/ScrollBench/qml/GalleryViewSemanticScrollBench.qml:255:29: Unable to assign [undefined] to bool
qrc:/ScrollBench/qml/GalleryViewSemanticScrollBench.qml:255:29: Unable to assign [undefined] to bool
qrc:/ScrollBench/qml/GalleryViewSemanticScrollBench.qml:255:29: Unable to assign [undefined] to bool
qrc:/ScrollBench/qml/GalleryViewSemanticScrollBench.qml:255:29: Unable to assign [undefined] to bool
qrc:/ScrollBench/qml/GalleryViewSemanticScrollBench.qml:255:29: Unable to assign [undefined] to bool
qrc:/ScrollBench/qml/GalleryViewSemanticScrollBench.qml:255:29: Unable to assign [undefined] to bool
qrc:/ScrollBench/qml/GalleryViewSemanticScrollBench.qml:255:29: Unable to assign [undefined] to bool
qrc:/ScrollBench/qml/GalleryViewSemanticScrollBench.qml:255:29: Unable to assign [undefined] to bool
qrc:/ScrollBench/qml/GalleryViewSemanticScrollBench.qml:255:29: Unable to assign [undefined] to bool
qrc:/ScrollBench/qml/GalleryViewSemanticScrollBench.qml:255:29: Unable to assign [undefined] to bool
qrc:/ScrollBench/qml/GalleryViewSemanticScrollBench.qml:255:29: Unable to assign [undefined] to bool
qrc:/ScrollBench/qml/GalleryViewSemanticScrollBench.qml:255:29: Unable to assign [undefined] to bool
qrc:/ScrollBench/qml/GalleryViewSemanticScrollBench.qml:255:29: Unable to assign [undefined] to bool
qrc:/ScrollBench/qml/GalleryViewSemanticScrollBench.qml:255:29: Unable to assign [undefined] to bool
qrc:/ScrollBench/qml/GalleryViewSemanticScrollBench.qml:255:29: Unable to assign [undefined] to bool
qrc:/ScrollBench/qml/GalleryViewSemanticScrollBench.qml:255:29: Unable to assign [undefined] to bool
qrc:/ScrollBench/qml/GalleryViewSemanticScrollBench.qml:255:29: Unable to assign [undefined] to bool
qrc:/ScrollBench/qml/GalleryViewSemanticScrollBench.qml:255:29: Unable to assign [undefined] to bool
qrc:/ScrollBench/qml/GalleryViewSemanticScrollBench.qml:255:29: Unable to assign [undefined] to bool
qrc:/ScrollBench/qml/GalleryViewSemanticScrollBench.qml:255:29: Unable to assign [undefined] to bool
qrc:/ScrollBench/qml/GalleryViewSemanticScrollBench.qml:255:29: Unable to assign [undefined] to bool
qrc:/ScrollBench/qml/GalleryViewSemanticScrollBench.qml:255:29: Unable to assign [undefined] to bool
qrc:/ScrollBench/qml/GalleryViewSemanticScrollBench.qml:255:29: Unable to assign [undefined] to bool
qrc:/ScrollBench/qml/GalleryViewSemanticScrollBench.qml:255:29: Unable to assign [undefined] to bool
qrc:/ScrollBench/qml/GalleryViewSemanticScrollBench.qml:255:29: Unable to assign [undefined] to bool
qrc:/ScrollBench/qml/GalleryViewSemanticScrollBench.qml:255:29: Unable to assign [undefined] to bool
qrc:/ScrollBench/qml/GalleryViewSemanticScrollBench.qml:255:29: Unable to assign [undefined] to bool
qrc:/ScrollBench/qml/GalleryViewSemanticScrollBench.qml:255:29: Unable to assign [undefined] to bool
qrc:/ScrollBench/qml/GalleryViewSemanticScrollBench.qml:255:29: Unable to assign [undefined] to bool
qrc:/ScrollBench/qml/GalleryViewSemanticScrollBench.qml:255:29: Unable to assign [undefined] to bool
qrc:/ScrollBench/qml/GalleryViewSemanticScrollBench.qml:255:29: Unable to assign [undefined] to bool
qrc:/ScrollBench/qml/GalleryViewSemanticScrollBench.qml:255:29: Unable to assign [undefined] to bool
qrc:/ScrollBench/qml/GalleryViewSemanticScrollBench.qml:255:29: Unable to assign [undefined] to bool
qrc:/ScrollBench/qml/GalleryViewSemanticScrollBench.qml:255:29: Unable to assign [undefined] to bool
qrc:/ScrollBench/qml/GalleryViewSemanticScrollBench.qml:255:29: Unable to assign [undefined] to bool
qrc:/ScrollBench/qml/GalleryViewSemanticScrollBench.qml:255:29: Unable to assign [undefined] to bool
[ "01:45:09.300" ][VideoThumbnailer] Entering extractFrame for "I:/MY SDCArds/S22 ultra/Camera/20260321_105329.heic"
processPendingUpdates: Emitted dataChanged for range: 520 to 539
[AdaptiveIO] Stats:  "I:/"  Avg:  78.3531  Limit:  5  ActiveWeight:  33
[ "01:45:09.313" ][VideoThumbnailer] Entering extractFrame for "I:/MY SDCArds/S22 ultra/Camera/20260321_105325.heic"
processPendingUpdates: Emitted dataChanged for range: 540 to 559
[AdaptiveIO] Stats:  "I:/"  Avg:  84.8178  Limit:  5  ActiveWeight:  32
[ "01:45:09.352" ][VideoThumbnailer] GPU decode enabled for "I:/MY SDCArds/S22 ultra/Camera/20260321_105329.heic"
[AdaptiveIO] Stats:  "I:/"  Avg:  84.236  Limit:  5  ActiveWeight:  31
processPendingUpdates: Emitted dataChanged for range: 560 to 579
[ "01:45:09.383" ][VideoThumbnailer] GPU decode enabled for "I:/MY SDCArds/S22 ultra/Camera/20260321_105325.heic"
[ "01:45:09.401" ][VideoThumbnailer] Entering extractFrame for "I:/MY SDCArds/S22 ultra/Camera/01cd8d184f0f8aae46d7ac9d344bf736.mp4"
[AdaptiveIO] Stats:  "I:/"  Avg:  76.6124  Limit:  5  ActiveWeight:  32
processPendingUpdates: Emitted dataChanged for range: 580 to 589
[AdaptiveIO] Stats:  "I:/"  Avg:  79.6512  Limit:  5  ActiveWeight:  31
processPendingUpdates: Emitted dataChanged for range: 590 to 596
[AdaptiveIO] Stats:  "I:/"  Avg:  73.4861  Limit:  5  ActiveWeight:  32
[AdaptiveIO] Stats:  "I:/"  Avg:  80.0375  Limit:  5  ActiveWeight:  32
[AdaptiveIO] Stats:  "I:/"  Avg:  83.0337  Limit:  5  ActiveWeight:  31
[AdaptiveIO] Stats:  "I:/"  Avg:  79.2303  Limit:  5  ActiveWeight:  30
[ "01:45:09.499" ][VideoThumbnailer] Entering extractFrame for "I:/MY SDCArds/S22 ultra/Screen recordings/Screen_Recording_20260322_104035_Facebook.mp4"
[ "01:45:09.502" ][SystemMonitor] Stats Update: CPU App: 46.6146 % | Sys: 90.8854 % | RAM App: 1604.81 MB | Sys Avail: 37809.7 MB / 65466.5 MB
[SystemMonitor] Resource Update: RAM: 1604.81 MB (Delta: 485.855 ) | VRAM: 112.613 MB (Delta: 39.6875 )
[AdaptiveIO] Stats:  "I:/"  Avg:  85.6073  Limit:  5  ActiveWeight:  35
[ "01:45:09.603" ][VideoThumbnailer] GPU decode enabled for "I:/MY SDCArds/S22 ultra/Screen recordings/Screen_Recording_20260322_104035_Facebook.mp4"
[AdaptiveIO] Stats:  "I:/"  Avg:  89.1466  Limit:  5  ActiveWeight:  34
[AdaptiveIO] Stats:  "I:/"  Avg:  95.6319  Limit:  5  ActiveWeight:  33
[AdaptiveIO] Stats:  "I:/"  Avg:  103.569  Limit:  5  ActiveWeight:  32
[AdaptiveIO] Stats:  "I:/"  Avg:  100.412  Limit:  5  ActiveWeight:  31
[AdaptiveIO] Stats:  "I:/"  Avg:  100.871  Limit:  4  ActiveWeight:  30
[ "01:45:09.735" ][VideoThumbnailer] Entering extractFrame for "I:/MY SDCArds/S22 ultra/Camera/14eb2a6290cb37015048f8a3cd6bc30c.mp4"
[AdaptiveIO] Stats:  "I:/"  Avg:  91.4836  Limit:  4  ActiveWeight:  30
[ "01:45:09.756" ][VideoThumbnailer] Entering extractFrame for "I:/MY SDCArds/S22 ultra/Camera/20260323_080130.heic"
[AdaptiveIO] Stats:  "I:/"  Avg:  99.3352  Limit:  4  ActiveWeight:  30
[ "01:45:09.790" ][VideoThumbnailer] GPU decode enabled for "I:/MY SDCArds/S22 ultra/Camera/20260323_080130.heic"
[AdaptiveIO] Stats:  "I:/"  Avg:  90.2017  Limit:  4  ActiveWeight:  30
[ "01:45:09.837" ][VideoThumbnailer] Entering extractFrame for "I:/MY SDCArds/S22 ultra/Screen recordings/Screen_Recording_20260323_091759_Facebook.mp4"
[ "01:45:09.857" ][VideoThumbnailer] Entering extractFrame for "I:/MY SDCArds/S22 ultra/Camera/20260324_113845.heic"
[ "01:45:09.909" ][VideoThumbnailer] GPU decode enabled for "I:/MY SDCArds/S22 ultra/Camera/20260324_113845.heic"
[ "01:45:09.912" ][VideoThumbnailer] GPU decode enabled for "I:/MY SDCArds/S22 ultra/Screen recordings/Screen_Recording_20260323_091759_Facebook.mp4"
[ "01:45:09.932" ][VideoThumbnailer] Entering extractFrame for "I:/MY SDCArds/S22 ultra/Camera/20260324_113941.heic"
[ "01:45:09.949" ][VideoThumbnailer] Entering extractFrame for "I:/MY SDCArds/S22 ultra/Car Audio/20260324_132430.heic"
[ "01:45:09.991" ][VideoThumbnailer] GPU decode enabled for "I:/MY SDCArds/S22 ultra/Camera/20260324_113941.heic"
[ "01:45:10.000" ][VideoThumbnailer] Entering extractFrame for "I:/MY SDCArds/S22 ultra/Car Audio/20260324_132434.heic"
[ "01:45:10.018" ][VideoThumbnailer] GPU decode enabled for "I:/MY SDCArds/S22 ultra/Car Audio/20260324_132430.heic"
[ "01:45:10.051" ][VideoThumbnailer] Entering extractFrame for "I:/MY SDCArds/S22 ultra/Camera/27bbc32c197bcc9388a4e93e452694d4.mp4"
[ "01:45:10.069" ][VideoThumbnailer] GPU decode enabled for "I:/MY SDCArds/S22 ultra/Car Audio/20260324_132434.heic"
[ "01:45:10.089" ][VideoThumbnailer] Entering extractFrame for "I:/MY SDCArds/S22 ultra/Camera/20260325_203739.heic"
[ "01:45:10.109" ][VideoThumbnailer] Entering extractFrame for "I:/MY SDCArds/S22 ultra/Camera/20260327_113607.heic"
[ "01:45:10.120" ][VideoThumbnailer] GPU decode enabled for "I:/MY SDCArds/S22 ultra/Camera/20260325_203739.heic"
[ "01:45:10.139" ][VideoThumbnailer] Entering extractFrame for "I:/MY SDCArds/S22 ultra/Camera/20260328_100616.heic"
[ "01:45:10.140" ][VideoThumbnailer] GPU decode enabled for "I:/MY SDCArds/S22 ultra/Camera/20260327_113607.heic"
[ "01:45:10.154" ][VideoThumbnailer] GPU decode enabled for "I:/MY SDCArds/S22 ultra/Camera/20260328_100616.heic"
[ "01:45:10.155" ][VideoThumbnailer] Entering extractFrame for "I:/MY SDCArds/S22 ultra/Camera/36f8161b55b835d85e06b60fbc7fd43c.mp4"
[ "01:45:10.167" ][VideoThumbnailer] Entering extractFrame for "I:/MY SDCArds/S22 ultra/Camera/20260327_113616.heic"
[ "01:45:10.196" ][VideoThumbnailer] GPU decode enabled for "I:/MY SDCArds/S22 ultra/Camera/20260327_113616.heic"
[ "01:45:10.241" ][VideoThumbnailer] Entering extractFrame for "I:/MY SDCArds/S22 ultra/Ezviz/1763396447984.mp4"
[ "01:45:10.261" ][VideoThumbnailer] Entering extractFrame for "I:/MY SDCArds/S22 ultra/Camera/20260328_101019.heic"
[ "01:45:10.296" ][VideoThumbnailer] GPU decode enabled for "I:/MY SDCArds/S22 ultra/Camera/20260328_101019.heic"
[ "01:45:10.311" ][VideoThumbnailer] Entering extractFrame for "I:/MY SDCArds/S22 ultra/Camera/20260329_185019.heic"
[ "01:45:10.373" ][VideoThumbnailer] GPU decode enabled for "I:/MY SDCArds/S22 ultra/Camera/20260329_185019.heic"
[ "01:45:10.502" ][SystemMonitor] Stats Update: CPU App: 44.7917 % | Sys: 83.3333 % | RAM App: 2233.38 MB | Sys Avail: 37158.7 MB / 65466.5 MB
[SystemMonitor] Resource Update: RAM: 2233.38 MB (Delta: 628.566 ) | VRAM: 122.301 MB (Delta: 9.6875 )
[ "01:45:10.564" ][VideoThumbnailer] Entering extractFrame for "I:/MY SDCArds/S22 ultra/Camera/20260329_185133.heic"
[ "01:45:10.589" ][VideoThumbnailer] GPU decode enabled for "I:/MY SDCArds/S22 ultra/Camera/20260329_185133.heic"
[ "01:45:10.612" ][VideoThumbnailer] Entering extractFrame for "I:/MY SDCArds/S22 ultra/Camera/20260329_185205.heic"
[ "01:45:10.637" ][VideoThumbnailer] Entering extractFrame for "I:/MY SDCArds/S22 ultra/Camera/20260329_185207.heic"
TelemetryMonitor: Processed 300 frames. Current FPS: 62
[ "01:45:10.656" ][VideoThumbnailer] GPU decode enabled for "I:/MY SDCArds/S22 ultra/Camera/20260329_185205.heic"
[ "01:45:10.663" ][VideoThumbnailer] GPU decode enabled for "I:/MY SDCArds/S22 ultra/Camera/20260329_185207.heic"
[ "01:45:10.691" ][VideoThumbnailer] Entering extractFrame for "I:/MY SDCArds/S22 ultra/Camera/20260329_185138.heic"
[ "01:45:10.724" ][VideoThumbnailer] GPU decode enabled for "I:/MY SDCArds/S22 ultra/Camera/20260329_185138.heic"
[ "01:45:10.771" ][VideoThumbnailer] Entering extractFrame for "I:/MY SDCArds/S22 ultra/Camera/20260329_185209.heic"
[ "01:45:10.786" ][VideoThumbnailer] GPU decode enabled for "I:/MY SDCArds/S22 ultra/Camera/20260329_185209.heic"
[ "01:45:10.838" ][VideoThumbnailer] Entering extractFrame for "I:/MY SDCArds/S22 ultra/Camera/20260613_100655.heic"
[AdaptiveIO] Stats:  "I:/"  Avg:  69.977  Limit:  4  ActiveWeight:  30
[ "01:45:11.154" ][VideoThumbnailer] Entering extractFrame for "I:/MY SDCArds/S22 ultra/Camera/20260617_150220.heic"
[ "01:45:11.168" ][VideoThumbnailer] Entering extractFrame for "I:/MY SDCArds/S22 ultra/100_CINE/MOV_0056.MP4"
[ "01:45:11.230" ][VideoThumbnailer] Entering extractFrame for "I:/MY SDCArds/S22 ultra/Camera/20260613_100608.heic"
[ "01:45:11.237" ][VideoThumbnailer] Entering extractFrame for "I:/MY SDCArds/S22 ultra/Camera/198828937b76e9d2df0326d92008c483.mp4"
[ "01:45:11.239" ][VideoThumbnailer] Entering extractFrame for "I:/MY SDCArds/S22 ultra/Camera/20260613_100536.heic"
[ "01:45:11.268" ][VideoThumbnailer] Entering extractFrame for "I:/MY SDCArds/S22 ultra/Camera/20260613_100701.heic"
[ "01:45:11.346" ][VideoThumbnailer] Entering extractFrame for "I:/MY SDCArds/S22 ultra/Camera/VID-20230315-WA0006.mp4"
[ "01:45:11.459" ][VideoThumbnailer] Entering extractFrame for "I:/MY SDCArds/S22 ultra/Camera/VID-20230410-WA0020.mp4"
[ "01:45:11.505" ][SystemMonitor] Stats Update: CPU App: 52.8646 % | Sys: 89.8438 % | RAM App: 3025.81 MB | Sys Avail: 36268.4 MB / 65466.5 MB
[SystemMonitor] Resource Update: RAM: 3025.81 MB (Delta: 792.438 ) | VRAM: 122.301 MB (Delta: 0 )
[AdaptiveIO] Stats:  "I:/"  Avg:  95.415  Limit:  4  ActiveWeight:  30
[ "01:45:12.213" ][VideoThumbnailer] Entering extractFrame for "I:/MY SDCArds/S22 ultra/Snapchat/Snapchat-1237898371.mp4"
[ "01:45:12.233" ][VideoThumbnailer] Entering extractFrame for "I:/MY SDCArds/S22 ultra/Medical/20260408_102520.heic"
[ "01:45:12.244" ][VideoThumbnailer] Entering extractFrame for "I:/MY SDCArds/S22 ultra/Camera/20260501_154741.heic"
[ "01:45:12.268" ][VideoThumbnailer] Entering extractFrame for "I:/MY SDCArds/S22 ultra/Camera/f123491e1f00322b6c5e87b6ff41de35.mp4"
[ "01:45:12.320" ][VideoThumbnailer] Entering extractFrame for "I:/MY SDCArds/S22 ultra/Camera/20260527_100021.heic"
[ "01:45:12.325" ][VideoThumbnailer] Entering extractFrame for "I:/MY SDCArds/S22 ultra/Snapchat/Snapchat-960036586.mp4"
[ "01:45:12.330" ][VideoThumbnailer] Entering extractFrame for "I:/MY SDCArds/S22 ultra/Camera/20260526_174230.heic"
[ "01:45:12.366" ][VideoThumbnailer] Entering extractFrame for "I:/MY SDCArds/S22 ultra/Camera/20260331_132933.heic"
[ "01:45:12.386" ][VideoThumbnailer] Entering extractFrame for "I:/MY SDCArds/S22 ultra/Camera/90e55ff6a28db7737d963137ea5ed616.mp4"
[ "01:45:12.451" ][VideoThumbnailer] Entering extractFrame for "I:/MY SDCArds/S22 ultra/100_CINE/MOV_0060.MP4"
[ "01:45:12.499" ][VideoThumbnailer] Entering extractFrame for "I:/MY SDCArds/S22 ultra/Ezviz/1754068439899.mp4"
[ "01:45:12.504" ][VideoThumbnailer] Entering extractFrame for "I:/MY SDCArds/S22 ultra/Car Audio/20260324_132447.heic"
[AdaptiveIO] Stats:  "I:/"  Avg:  21.1752  Limit:  4  ActiveWeight:  28
[ "01:45:12.526" ][SystemMonitor] Stats Update: CPU App: 42.3077 % | Sys: 91.7949 % | RAM App: 3651.11 MB | Sys Avail: 35666.7 MB / 65466.5 MB
[SystemMonitor] Resource Update: RAM: 3651.11 MB (Delta: 625.297 ) | VRAM: 154.926 MB (Delta: 32.625 )
[ "01:45:12.551" ][VideoThumbnailer] GPU decode enabled for "I:/MY SDCArds/S22 ultra/Car Audio/20260324_132447.heic"
[ "01:45:12.592" ][VideoThumbnailer] Entering extractFrame for "I:/MY SDCArds/S22 ultra/Camera/6e2e24966def117a925ad84005b1ba57.mp4"
[ "01:45:12.649" ][VideoThumbnailer] Entering extractFrame for "I:/MY SDCArds/S22 ultra/100_CINE/MOV_0061.MP4"
[ "01:45:12.663" ][VideoThumbnailer] Entering extractFrame for "I:/MY SDCArds/S22 ultra/Camera/20260531_180149.heic"
[ "01:45:12.663" ][VideoThumbnailer] Entering extractFrame for "I:/MY SDCArds/S22 ultra/Camera/20260531_180151.heic"
[ "01:45:12.689" ][VideoThumbnailer] Entering extractFrame for "I:/MY SDCArds/S22 ultra/Snapchat/Snapchat-315429331.mp4"
[ "01:45:12.759" ][VideoThumbnailer] Entering extractFrame for "I:/MY SDCArds/S22 ultra/Movies/VID-20230903-WA0001.mp4"
[ "01:45:12.771" ][VideoThumbnailer] Entering extractFrame for "I:/MY SDCArds/S22 ultra/Camera/20260526_174659.heic"
[ "01:45:12.785" ][VideoThumbnailer] Entering extractFrame for "I:/MY SDCArds/S22 ultra/Camera/20260527_095955.heic"
[ "01:45:12.793" ][VideoThumbnailer] Entering extractFrame for "I:/MY SDCArds/S22 ultra/Camera/359a15de79c48405f2d5da40640b97b5.mp4"
[ "01:45:12.875" ][VideoThumbnailer] Entering extractFrame for "I:/MY SDCArds/S22 ultra/Camera/532d8ad6009f7a76f0f7b3e96fdeb1c8.mp4"
[ "01:45:12.918" ][VideoThumbnailer] Entering extractFrame for "I:/MY SDCArds/S22 ultra/Camera/20260615_161647.heic"
[AdaptiveIO] Stats:  "I:/"  Avg:  24.3216  Limit:  4  ActiveWeight:  31
[ "01:45:13.163" ][VideoThumbnailer] Entering extractFrame for "I:/MY SDCArds/S22 ultra/Camera/20260411_104816.heic"
[ "01:45:13.199" ][VideoThumbnailer] Entering extractFrame for "I:/MY SDCArds/S22 ultra/Camera/069137efc3b20bc4cebcc654c5884f14.mp4"
[ "01:45:13.217" ][VideoThumbnailer] Entering extractFrame for "I:/MY SDCArds/S22 ultra/Camera/20260615_161644.heic"
[ "01:45:13.254" ][VideoThumbnailer] Entering extractFrame for "I:/MY SDCArds/S22 ultra/Camera/dc7a0533f555e355aa02bfe6a07a99e6.mp4"
[ "01:45:13.298" ][VideoThumbnailer] Entering extractFrame for "I:/MY SDCArds/S22 ultra/Camera/dc9dfae46e060561a0625f57cf1ca36d.mp4"
[ "01:45:13.322" ][VideoThumbnailer] Entering extractFrame for "I:/MY SDCArds/S22 ultra/Camera/20260613_100455.heic"
[ "01:45:13.322" ][VideoThumbnailer] Entering extractFrame for "I:/MY SDCArds/S22 ultra/Camera/20260612_090115.heic"
[ "01:45:13.337" ][VideoThumbnailer] Entering extractFrame for "I:/MY SDCArds/S22 ultra/Camera/20260615_162200.heic"
[ "01:45:13.338" ][VideoThumbnailer] Entering extractFrame for "I:/MY SDCArds/S22 ultra/Snapchat/Snapchat-85323170.mp4"
[ "01:45:13.448" ][VideoThumbnailer] Entering extractFrame for "I:/MY SDCArds/S22 ultra/Camera/20260615_162101.heic"
[ "01:45:13.448" ][VideoThumbnailer] Entering extractFrame for "I:/MY SDCArds/S22 ultra/Camera/20260615_162102.heic"
[ "01:45:13.453" ][VideoThumbnailer] Entering extractFrame for "I:/MY SDCArds/S22 ultra/Camera/20260615_161643.heic"
[AdaptiveIO] Stats:  "I:/"  Avg:  17.9902  Limit:  4  ActiveWeight:  31
[ "01:45:13.571" ][VideoThumbnailer] Entering extractFrame for "I:/MY SDCArds/S22 ultra/Screen recordings/Screen_Recording_20260409_012156_Instagram.mp4"
[ "01:45:13.639" ][VideoThumbnailer] Entering extractFrame for "I:/MY SDCArds/S22 ultra/Camera/20260411_104752.heic"
[ "01:45:13.640" ][VideoThumbnailer] Entering extractFrame for "I:/MY SDCArds/S22 ultra/Camera/20260411_183228.heic"
[ "01:45:13.674" ][VideoThumbnailer] Entering extractFrame for "I:/MY SDCArds/S22 ultra/100_CINE/MOV_0066.MP4"
[ "01:45:13.674" ][VideoThumbnailer] Entering extractFrame for "I:/MY SDCArds/S22 ultra/Camera/20260416_095014.heic"
[ "01:45:13.717" ][VideoThumbnailer] Entering extractFrame for "I:/MY SDCArds/S22 ultra/Camera/20260423_121114.heic"
[ "01:45:13.774" ][VideoThumbnailer] Entering extractFrame for "I:/MY SDCArds/S22 ultra/Camera/20260519_084449.heic"
[ "01:45:13.800" ][VideoThumbnailer] Entering extractFrame for "I:/MY SDCArds/S22 ultra/Screen recordings/Screen_Recording_20260425_132435_Facebook.mp4"
[ "01:45:13.806" ][SystemMonitor] Stats Update: CPU App: 53.252 % | Sys: 90.0407 % | RAM App: 4341.58 MB | Sys Avail: 35015.3 MB / 65466.5 MB
[SystemMonitor] Resource Update: RAM: 4341.58 MB (Delta: 690.473 ) | VRAM: 204.863 MB (Delta: 49.9375 )
[ "01:45:13.862" ][VideoThumbnailer] Entering extractFrame for "I:/MY SDCArds/S22 ultra/Screen recordings/Screen_Recording_20260425_200301_Facebook.mp4"
[ "01:45:13.889" ][VideoThumbnailer] Entering extractFrame for "I:/MY SDCArds/S22 ultra/Car Audio/20260501_161713.heic"
[ "01:45:13.891" ][VideoThumbnailer] Entering extractFrame for "I:/MY SDCArds/S22 ultra/Camera/20260501_140030.heic"
[ "01:45:13.897" ][VideoThumbnailer] Entering extractFrame for "I:/MY SDCArds/S22 ultra/Camera/73ca2ba6f5be15670fb5c54309283b9d.mp4"
[AdaptiveIO] Stats:  "I:/"  Avg:  19.2247  Limit:  4  ActiveWeight:  31
[ "01:45:13.908" ][VideoThumbnailer] Entering extractFrame for "I:/MY SDCArds/S22 ultra/Camera/20260501_135952.heic"
[ "01:45:13.912" ][VideoThumbnailer] Entering extractFrame for "I:/MY SDCArds/S22 ultra/Camera/20260501_140040.heic"
[ "01:45:13.921" ][VideoThumbnailer] Entering extractFrame for "I:/MY SDCArds/S22 ultra/Car Audio/20260501_161735.heic"
[ "01:45:13.931" ][VideoThumbnailer] Entering extractFrame for "I:/MY SDCArds/S22 ultra/Car Audio/20260501_161829.heic"
[ "01:45:13.951" ][VideoThumbnailer] Entering extractFrame for "I:/MY SDCArds/S22 ultra/Camera/20260509_095953.heic"
[ "01:45:13.956" ][VideoThumbnailer] Entering extractFrame for "I:/MY SDCArds/S22 ultra/Camera/20260513_151738.heic"
[ "01:45:13.982" ][VideoThumbnailer] Entering extractFrame for "I:/MY SDCArds/S22 ultra/Camera/20260513_151741.heic"
[ "01:45:13.985" ][VideoThumbnailer] Entering extractFrame for "I:/MY SDCArds/S22 ultra/Snapchat/Snapchat-1020230256.mp4"
[ "01:45:13.999" ][VideoThumbnailer] Entering extractFrame for "I:/MY SDCArds/S22 ultra/Camera/20260515_083730.heic"
[ "01:45:14.006" ][VideoThumbnailer] Entering extractFrame for "I:/MY SDCArds/S22 ultra/Camera/20260520_090610.heic"
[ "01:45:14.020" ][VideoThumbnailer] Entering extractFrame for "I:/MY SDCArds/S22 ultra/Camera/20260520_114814.heic"
[ "01:45:14.020" ][VideoThumbnailer] Entering extractFrame for "I:/MY SDCArds/S22 ultra/Camera/20260521_123312.heic"
[ "01:45:14.068" ][VideoThumbnailer] Entering extractFrame for "I:/MY SDCArds/S22 ultra/Camera/20260523_140703.heic"
setVisibleEndIndex called with: 650
[ViewportCulling] Current settings: m_viewportCullingEnabled= true , BUFFER_SIZE= 50
[ViewportCulling] RANGE UPDATE: 
  Viewport indices: 0 to 650 ( 651 items) 
  Buffered range: 0 to 700 ( 701 items with BUFFER_SIZE= 50 ) 
  Total items in model: 8948
[ViewportCulling] Setting 701 visible paths in VRM
[VRM] Total visible paths: 701 Sample: "I:/MY SDCArds/S22 ultra/Canon/IMG_2158.JPG"
[ViewportCulling] Requested: 104 | Already loaded: 597 | Total in range: 701
Viewport settled at: 0 - 650
[ "01:45:14.079" ][VideoThumbnailer] Entering extractFrame for "I:/MY SDCArds/S22 ultra/Camera/20260523_140723.heic"
[ "01:45:14.097" ][VideoThumbnailer] Entering extractFrame for "I:/MY SDCArds/S22 ultra/100_CINE/MOV_0078.MP4"
[ "01:45:14.100" ][VideoThumbnailer] Entering extractFrame for "I:/MY SDCArds/S22 ultra/Camera/20260521_210816.heic"
[ "01:45:14.112" ][VideoThumbnailer] Entering extractFrame for "I:/MY SDCArds/S22 ultra/Camera/20260122_142855.heic"
[ "01:45:14.127" ][VideoThumbnailer] Entering extractFrame for "I:/MY SDCArds/S22 ultra/Camera/20260125_173516.heic"
[ "01:45:14.128" ][VideoThumbnailer] Entering extractFrame for "I:/MY SDCArds/S22 ultra/Camera/20260125_173517.heic"
processPendingUpdates: Emitted dataChanged for range: 597 to 616
[ "01:45:14.154" ][VideoThumbnailer] GPU decode enabled for "I:/MY SDCArds/S22 ultra/Camera/20260122_142855.heic"
[ "01:45:14.180" ][VideoThumbnailer] GPU decode enabled for "I:/MY SDCArds/S22 ultra/Camera/20260125_173516.heic"
[ "01:45:14.184" ][VideoThumbnailer] Entering extractFrame for "I:/MY SDCArds/S22 ultra/Camera/20260125_173518.heic"
[ "01:45:14.191" ][VideoThumbnailer] GPU decode enabled for "I:/MY SDCArds/S22 ultra/Camera/20260125_173517.heic"
[ "01:45:14.223" ][VideoThumbnailer] GPU decode enabled for "I:/MY SDCArds/S22 ultra/Camera/20260125_173518.heic"
[ "01:45:14.229" ][VideoThumbnailer] Entering extractFrame for "I:/MY SDCArds/S22 ultra/Camera/20260303_135629.heic"
[ "01:45:14.250" ][VideoThumbnailer] Entering extractFrame for "I:/MY SDCArds/S22 ultra/Camera/20260501_140042.heic"
[ "01:45:14.257" ][VideoThumbnailer] Entering extractFrame for "I:/MY SDCArds/S22 ultra/Camera/20260125_173526.heic"
[ "01:45:14.271" ][VideoThumbnailer] Entering extractFrame for "I:/MY SDCArds/S22 ultra/Camera/20260125_173637.heic"
[ "01:45:14.275" ][VideoThumbnailer] GPU decode enabled for "I:/MY SDCArds/S22 ultra/Camera/20260303_135629.heic"
processPendingUpdates: Emitted dataChanged for range: 617 to 636
[ "01:45:14.282" ][VideoThumbnailer] GPU decode enabled for "I:/MY SDCArds/S22 ultra/Camera/20260125_173526.heic"
[ "01:45:14.310" ][VideoThumbnailer] GPU decode enabled for "I:/MY SDCArds/S22 ultra/Camera/20260125_173637.heic"
[ "01:45:14.312" ][VideoThumbnailer] Entering extractFrame for "I:/MY SDCArds/S22 ultra/Camera/20260125_173642.heic"
processPendingUpdates: Emitted dataChanged for range: 637 to 656
[ "01:45:14.342" ][VideoThumbnailer] Entering extractFrame for "I:/MY SDCArds/S22 ultra/Camera/20260125_173801.heic"
[ "01:45:14.354" ][VideoThumbnailer] Entering extractFrame for "I:/MY SDCArds/S22 ultra/Camera/VID-20230315-WA0004.mp4"
[ "01:45:14.354" ][VideoThumbnailer] GPU decode enabled for "I:/MY SDCArds/S22 ultra/Camera/20260125_173642.heic"
[ "01:45:14.354" ][VideoThumbnailer] Entering extractFrame for "I:/MY SDCArds/S22 ultra/Camera/20260125_173809.heic"
processPendingUpdates: Emitted dataChanged for range: 657 to 676
[ "01:45:14.386" ][VideoThumbnailer] GPU decode enabled for "I:/MY SDCArds/S22 ultra/Camera/20260125_173801.heic"
[ "01:45:14.395" ][VideoThumbnailer] Entering extractFrame for "I:/MY SDCArds/S22 ultra/Camera/20260125_173812.heic"
[ "01:45:14.418" ][VideoThumbnailer] Entering extractFrame for "I:/MY SDCArds/S22 ultra/Camera/20260125_173807.heic"
[ "01:45:14.427" ][VideoThumbnailer] GPU decode enabled for "I:/MY SDCArds/S22 ultra/Camera/20260125_173809.heic"
[ "01:45:14.437" ][VideoThumbnailer] GPU decode enabled for "I:/MY SDCArds/S22 ultra/Camera/20260125_173807.heic"
[ "01:45:14.452" ][VideoThumbnailer] GPU decode enabled for "I:/MY SDCArds/S22 ultra/Camera/20260125_173812.heic"
[ "01:45:14.466" ][VideoThumbnailer] Entering extractFrame for "I:/MY SDCArds/S22 ultra/Camera/20260125_173818.heic"
processPendingUpdates: Emitted dataChanged for range: 677 to 696
[ "01:45:14.479" ][VideoThumbnailer] Entering extractFrame for "I:/MY SDCArds/S22 ultra/Camera/20260125_173821.heic"
[ "01:45:14.483" ][VideoThumbnailer] GPU decode enabled for "I:/MY SDCArds/S22 ultra/Camera/20260125_173818.heic"
[ "01:45:14.484" ][VideoThumbnailer] Entering extractFrame for "I:/MY SDCArds/S22 ultra/Camera/ece55d1ae67dfbe98de9b172dbc6e0eb.mp4"
[ "01:45:14.494" ][VideoThumbnailer] Entering extractFrame for "I:/MY SDCArds/S22 ultra/Camera/20260125_173823.heic"
[ "01:45:14.499" ][VideoThumbnailer] GPU decode enabled for "I:/MY SDCArds/S22 ultra/Camera/20260125_173821.heic"
[ "01:45:14.513" ][SystemMonitor] Stats Update: CPU App: 46.6667 % | Sys: 92.963 % | RAM App: 4759.71 MB | Sys Avail: 34592.1 MB / 65466.5 MB
[SystemMonitor] Resource Update: RAM: 4759.71 MB (Delta: 418.125 ) | VRAM: 507.238 MB (Delta: 302.375 )
[ "01:45:14.519" ][VideoThumbnailer] GPU decode enabled for "I:/MY SDCArds/S22 ultra/Camera/20260125_173823.heic"
[ "01:45:14.529" ][VideoThumbnailer] Entering extractFrame for "I:/MY SDCArds/S22 ultra/Camera/20260125_173824.heic"
[ "01:45:14.540" ][VideoThumbnailer] Entering extractFrame for "I:/MY SDCArds/S22 ultra/Camera/20260125_173827.heic"
[ "01:45:14.548" ][VideoThumbnailer] Entering extractFrame for "I:/MY SDCArds/S22 ultra/Camera/20260126_144754.heic"
[AdaptiveIO] Stats:  "I:/"  Avg:  61.5638  Limit:  4  ActiveWeight:  32
processPendingUpdates: Emitted dataChanged for range: 697 to 700
[ "01:45:14.555" ][VideoThumbnailer] GPU decode enabled for "I:/MY SDCArds/S22 ultra/Camera/20260125_173824.heic"
[ "01:45:14.580" ][VideoThumbnailer] Entering extractFrame for "I:/MY SDCArds/S22 ultra/Camera/20260126_144759.heic"
[ "01:45:14.580" ][VideoThumbnailer] GPU decode enabled for "I:/MY SDCArds/S22 ultra/Camera/20260125_173827.heic"
[ "01:45:14.587" ][VideoThumbnailer] GPU decode enabled for "I:/MY SDCArds/S22 ultra/Camera/20260126_144754.heic"
[ "01:45:14.611" ][VideoThumbnailer] GPU decode enabled for "I:/MY SDCArds/S22 ultra/Camera/20260126_144759.heic"
[ "01:45:14.635" ][VideoThumbnailer] Entering extractFrame for "I:/MY SDCArds/S22 ultra/Camera/d230aabd76ed33160fd255defcb41e2d.mp4"
[ "01:45:14.643" ][VideoThumbnailer] Entering extractFrame for "I:/MY SDCArds/S22 ultra/Camera/20260125_173635.heic"
[ "01:45:14.653" ][VideoThumbnailer] Entering extractFrame for "I:/MY SDCArds/S22 ultra/Camera/20260129_122532.heic"
[ "01:45:14.674" ][VideoThumbnailer] Entering extractFrame for "I:/MY SDCArds/S22 ultra/Camera/20260127_082239.heic"
[ "01:45:14.683" ][VideoThumbnailer] GPU decode enabled for "I:/MY SDCArds/S22 ultra/Camera/20260125_173635.heic"
[ "01:45:14.712" ][VideoThumbnailer] Entering extractFrame for "I:/MY SDCArds/S22 ultra/Camera/20260129_122421.heic"
[ "01:45:14.760" ][VideoThumbnailer] GPU decode enabled for "I:/MY SDCArds/S22 ultra/Camera/20260129_122532.heic"
[ "01:45:14.763" ][VideoThumbnailer] GPU decode enabled for "I:/MY SDCArds/S22 ultra/Camera/20260129_122421.heic"
[ "01:45:14.769" ][VideoThumbnailer] GPU decode enabled for "I:/MY SDCArds/S22 ultra/Camera/20260127_082239.heic"
[ "01:45:14.796" ][VideoThumbnailer] Entering extractFrame for "I:/MY SDCArds/S22 ultra/Camera/20260309_094416.heic"
[ "01:45:14.826" ][VideoThumbnailer] GPU decode enabled for "I:/MY SDCArds/S22 ultra/Camera/20260309_094416.heic"
[ "01:45:14.933" ][VideoThumbnailer] Entering extractFrame for "I:/MY SDCArds/S22 ultra/Camera/20260131_140323.heic"
[ "01:45:14.970" ][VideoThumbnailer] GPU decode enabled for "I:/MY SDCArds/S22 ultra/Camera/20260131_140323.heic"
[ "01:45:15.042" ][VideoThumbnailer] Entering extractFrame for "I:/MY SDCArds/S22 ultra/Camera/20260129_122536.heic"
[ "01:45:15.044" ][VideoThumbnailer] Entering extractFrame for "I:/MY SDCArds/S22 ultra/Camera/20260129_122541.heic"
[ "01:45:15.059" ][VideoThumbnailer] Entering extractFrame for "I:/MY SDCArds/S22 ultra/Camera/20260201_113652.heic"
[ "01:45:15.061" ][VideoThumbnailer] GPU decode enabled for "I:/MY SDCArds/S22 ultra/Camera/20260129_122536.heic"
[ "01:45:15.067" ][VideoThumbnailer] GPU decode enabled for "I:/MY SDCArds/S22 ultra/Camera/20260129_122541.heic"
[ "01:45:15.090" ][VideoThumbnailer] Entering extractFrame for "I:/MY SDCArds/S22 ultra/Camera/20260203_085406.heic"
[ "01:45:15.092" ][VideoThumbnailer] GPU decode enabled for "I:/MY SDCArds/S22 ultra/Camera/20260201_113652.heic"
[ "01:45:15.104" ][VideoThumbnailer] Entering extractFrame for "I:/MY SDCArds/S22 ultra/Camera/20260203_085411.heic"
[ "01:45:15.123" ][VideoThumbnailer] GPU decode enabled for "I:/MY SDCArds/S22 ultra/Camera/20260203_085406.heic"
[ "01:45:15.145" ][VideoThumbnailer] GPU decode enabled for "I:/MY SDCArds/S22 ultra/Camera/20260203_085411.heic"
[ "01:45:15.171" ][VideoThumbnailer] Entering extractFrame for "I:/MY SDCArds/S22 ultra/Camera/20260203_085541.heic"
[ "01:45:15.223" ][VideoThumbnailer] Entering extractFrame for "I:/MY SDCArds/S22 ultra/Camera/b7424719f4ed920cfac61645e277da80.mp4"
[ "01:45:15.260" ][VideoThumbnailer] GPU decode enabled for "I:/MY SDCArds/S22 ultra/Camera/20260203_085541.heic"
[ "01:45:15.279" ][VideoThumbnailer] Entering extractFrame for "I:/MY SDCArds/S22 ultra/Camera/20260129_122547.heic"
[ "01:45:15.324" ][VideoThumbnailer] GPU decode enabled for "I:/MY SDCArds/S22 ultra/Camera/20260129_122547.heic"
[ "01:45:15.328" ][VideoThumbnailer] Entering extractFrame for "I:/MY SDCArds/S22 ultra/Camera/20260203_085749.heic"
[ "01:45:15.338" ][VideoThumbnailer] GPU decode enabled for "I:/MY SDCArds/S22 ultra/Camera/20260203_085749.heic"
[ "01:45:15.362" ][VideoThumbnailer] Entering extractFrame for "I:/MY SDCArds/S22 ultra/Camera/20260204_085622.heic"
[ "01:45:15.393" ][VideoThumbnailer] Entering extractFrame for "I:/MY SDCArds/S22 ultra/Camera/20260207_140933.heic"
[ "01:45:15.432" ][VideoThumbnailer] GPU decode enabled for "I:/MY SDCArds/S22 ultra/Camera/20260207_140933.heic"
[ "01:45:15.447" ][VideoThumbnailer] GPU decode enabled for "I:/MY SDCArds/S22 ultra/Camera/20260204_085622.heic"
[ "01:45:15.450" ][VideoThumbnailer] Entering extractFrame for "I:/MY SDCArds/S22 ultra/Camera/20260209_203754.mp4"
[ "01:45:15.466" ][VideoThumbnailer] GPU decode enabled for "I:/MY SDCArds/S22 ultra/Camera/20260209_203754.mp4"
[AdaptiveIO] Stats:  "I:/"  Avg:  58.7437  Limit:  4  ActiveWeight:  31
[ "01:45:15.480" ][VideoThumbnailer] Entering extractFrame for "I:/MY SDCArds/S22 ultra/Camera/20260207_140934.heic"
[ "01:45:15.501" ][SystemMonitor] Stats Update: CPU App: 50.7813 % | Sys: 88.8021 % | RAM App: 5098.95 MB | Sys Avail: 34237.7 MB / 65466.5 MB
[SystemMonitor] Resource Update: RAM: 5098.95 MB (Delta: 339.246 ) | VRAM: 633.301 MB (Delta: 126.063 )
[ "01:45:15.529" ][VideoThumbnailer] GPU decode enabled for "I:/MY SDCArds/S22 ultra/Camera/20260207_140934.heic"
[ "01:45:15.535" ][VideoThumbnailer] Entering extractFrame for "I:/MY SDCArds/S22 ultra/Camera/20260209_204206.mp4"
qrc:/ScrollBench/qml/GalleryViewSemanticScrollBench.qml:255:29: Unable to assign [undefined] to bool
qrc:/ScrollBench/qml/GalleryViewSemanticScrollBench.qml:255:29: Unable to assign [undefined] to bool
qrc:/ScrollBench/qml/GalleryViewSemanticScrollBench.qml:255:29: Unable to assign [undefined] to bool
qrc:/ScrollBench/qml/GalleryViewSemanticScrollBench.qml:255:29: Unable to assign [undefined] to bool
qrc:/ScrollBench/qml/GalleryViewSemanticScrollBench.qml:255:29: Unable to assign [undefined] to bool
qrc:/ScrollBench/qml/GalleryViewSemanticScrollBench.qml:255:29: Unable to assign [undefined] to bool
qrc:/ScrollBench/qml/GalleryViewSemanticScrollBench.qml:255:29: Unable to assign [undefined] to bool
qrc:/ScrollBench/qml/GalleryViewSemanticScrollBench.qml:255:29: Unable to assign [undefined] to bool
qrc:/ScrollBench/qml/GalleryViewSemanticScrollBench.qml:255:29: Unable to assign [undefined] to bool
qrc:/ScrollBench/qml/GalleryViewSemanticScrollBench.qml:255:29: Unable to assign [undefined] to bool
qrc:/ScrollBench/qml/GalleryViewSemanticScrollBench.qml:255:29: Unable to assign [undefined] to bool
qrc:/ScrollBench/qml/GalleryViewSemanticScrollBench.qml:255:29: Unable to assign [undefined] to bool
qrc:/ScrollBench/qml/GalleryViewSemanticScrollBench.qml:255:29: Unable to assign [undefined] to bool
qrc:/ScrollBench/qml/GalleryViewSemanticScrollBench.qml:255:29: Unable to assign [undefined] to bool
qrc:/ScrollBench/qml/GalleryViewSemanticScrollBench.qml:255:29: Unable to assign [undefined] to bool
qrc:/ScrollBench/qml/GalleryViewSemanticScrollBench.qml:255:29: Unable to assign [undefined] to bool
qrc:/ScrollBench/qml/GalleryViewSemanticScrollBench.qml:255:29: Unable to assign [undefined] to bool
qrc:/ScrollBench/qml/GalleryViewSemanticScrollBench.qml:255:29: Unable to assign [undefined] to bool
qrc:/ScrollBench/qml/GalleryViewSemanticScrollBench.qml:255:29: Unable to assign [undefined] to bool
qrc:/ScrollBench/qml/GalleryViewSemanticScrollBench.qml:255:29: Unable to assign [undefined] to bool
qrc:/ScrollBench/qml/GalleryViewSemanticScrollBench.qml:255:29: Unable to assign [undefined] to bool
qrc:/ScrollBench/qml/GalleryViewSemanticScrollBench.qml:255:29: Unable to assign [undefined] to bool
qrc:/ScrollBench/qml/GalleryViewSemanticScrollBench.qml:255:29: Unable to assign [undefined] to bool
qrc:/ScrollBench/qml/GalleryViewSemanticScrollBench.qml:255:29: Unable to assign [undefined] to bool
qrc:/ScrollBench/qml/GalleryViewSemanticScrollBench.qml:255:29: Unable to assign [undefined] to bool
qrc:/ScrollBench/qml/GalleryViewSemanticScrollBench.qml:255:29: Unable to assign [undefined] to bool
qrc:/ScrollBench/qml/GalleryViewSemanticScrollBench.qml:255:29: Unable to assign [undefined] to bool
qrc:/ScrollBench/qml/GalleryViewSemanticScrollBench.qml:255:29: Unable to assign [undefined] to bool
qrc:/ScrollBench/qml/GalleryViewSemanticScrollBench.qml:255:29: Unable to assign [undefined] to bool
qrc:/ScrollBench/qml/GalleryViewSemanticScrollBench.qml:255:29: Unable to assign [undefined] to bool
qrc:/ScrollBench/qml/GalleryViewSemanticScrollBench.qml:255:29: Unable to assign [undefined] to bool
qrc:/ScrollBench/qml/GalleryViewSemanticScrollBench.qml:255:29: Unable to assign [undefined] to bool
qrc:/ScrollBench/qml/GalleryViewSemanticScrollBench.qml:255:29: Unable to assign [undefined] to bool
qrc:/ScrollBench/qml/GalleryViewSemanticScrollBench.qml:255:29: Unable to assign [undefined] to bool
qrc:/ScrollBench/qml/GalleryViewSemanticScrollBench.qml:255:29: Unable to assign [undefined] to bool
qrc:/ScrollBench/qml/GalleryViewSemanticScrollBench.qml:255:29: Unable to assign [undefined] to bool
qrc:/ScrollBench/qml/GalleryViewSemanticScrollBench.qml:255:29: Unable to assign [undefined] to bool
qrc:/ScrollBench/qml/GalleryViewSemanticScrollBench.qml:255:29: Unable to assign [undefined] to bool
qrc:/ScrollBench/qml/GalleryViewSemanticScrollBench.qml:255:29: Unable to assign [undefined] to bool
qrc:/ScrollBench/qml/GalleryViewSemanticScrollBench.qml:255:29: Unable to assign [undefined] to bool
qrc:/ScrollBench/qml/GalleryViewSemanticScrollBench.qml:255:29: Unable to assign [undefined] to bool
qrc:/ScrollBench/qml/GalleryViewSemanticScrollBench.qml:255:29: Unable to assign [undefined] to bool
qrc:/ScrollBench/qml/GalleryViewSemanticScrollBench.qml:255:29: Unable to assign [undefined] to bool
qrc:/ScrollBench/qml/GalleryViewSemanticScrollBench.qml:255:29: Unable to assign [undefined] to bool
qrc:/ScrollBench/qml/GalleryViewSemanticScrollBench.qml:255:29: Unable to assign [undefined] to bool
qrc:/ScrollBench/qml/GalleryViewSemanticScrollBench.qml:255:29: Unable to assign [undefined] to bool
qrc:/ScrollBench/qml/GalleryViewSemanticScrollBench.qml:255:29: Unable to assign [undefined] to bool
qrc:/ScrollBench/qml/GalleryViewSemanticScrollBench.qml:255:29: Unable to assign [undefined] to bool
qrc:/ScrollBench/qml/GalleryViewSemanticScrollBench.qml:255:29: Unable to assign [undefined] to bool
qrc:/ScrollBench/qml/GalleryViewSemanticScrollBench.qml:255:29: Unable to assign [undefined] to bool
qrc:/ScrollBench/qml/GalleryViewSemanticScrollBench.qml:255:29: Unable to assign [undefined] to bool
qrc:/ScrollBench/qml/GalleryViewSemanticScrollBench.qml:255:29: Unable to assign [undefined] to bool
qrc:/ScrollBench/qml/GalleryViewSemanticScrollBench.qml:255:29: Unable to assign [undefined] to bool
qrc:/ScrollBench/qml/GalleryViewSemanticScrollBench.qml:255:29: Unable to assign [undefined] to bool
qrc:/ScrollBench/qml/GalleryViewSemanticScrollBench.qml:255:29: Unable to assign [undefined] to bool
qrc:/ScrollBench/qml/GalleryViewSemanticScrollBench.qml:255:29: Unable to assign [undefined] to bool
qrc:/ScrollBench/qml/GalleryViewSemanticScrollBench.qml:255:29: Unable to assign [undefined] to bool
qrc:/ScrollBench/qml/GalleryViewSemanticScrollBench.qml:255:29: Unable to assign [undefined] to bool
qrc:/ScrollBench/qml/GalleryViewSemanticScrollBench.qml:255:29: Unable to assign [undefined] to bool
qrc:/ScrollBench/qml/GalleryViewSemanticScrollBench.qml:255:29: Unable to assign [undefined] to bool
qrc:/ScrollBench/qml/GalleryViewSemanticScrollBench.qml:255:29: Unable to assign [undefined] to bool
qrc:/ScrollBench/qml/GalleryViewSemanticScrollBench.qml:255:29: Unable to assign [undefined] to bool
qrc:/ScrollBench/qml/GalleryViewSemanticScrollBench.qml:255:29: Unable to assign [undefined] to bool
qrc:/ScrollBench/qml/GalleryViewSemanticScrollBench.qml:255:29: Unable to assign [undefined] to bool
qrc:/ScrollBench/qml/GalleryViewSemanticScrollBench.qml:255:29: Unable to assign [undefined] to bool
qrc:/ScrollBench/qml/GalleryViewSemanticScrollBench.qml:255:29: Unable to assign [undefined] to bool
qrc:/ScrollBench/qml/GalleryViewSemanticScrollBench.qml:255:29: Unable to assign [undefined] to bool
qrc:/ScrollBench/qml/GalleryViewSemanticScrollBench.qml:255:29: Unable to assign [undefined] to bool
qrc:/ScrollBench/qml/GalleryViewSemanticScrollBench.qml:255:29: Unable to assign [undefined] to bool
qrc:/ScrollBench/qml/GalleryViewSemanticScrollBench.qml:255:29: Unable to assign [undefined] to bool
qrc:/ScrollBench/qml/GalleryViewSemanticScrollBench.qml:255:29: Unable to assign [undefined] to bool
qrc:/ScrollBench/qml/GalleryViewSemanticScrollBench.qml:255:29: Unable to assign [undefined] to bool
qrc:/ScrollBench/qml/GalleryViewSemanticScrollBench.qml:255:29: Unable to assign [undefined] to bool
qrc:/ScrollBench/qml/GalleryViewSemanticScrollBench.qml:255:29: Unable to assign [undefined] to bool
qrc:/ScrollBench/qml/GalleryViewSemanticScrollBench.qml:255:29: Unable to assign [undefined] to bool
[ "01:45:15.554" ][VideoThumbnailer] GPU decode enabled for "I:/MY SDCArds/S22 ultra/Camera/20260209_204206.mp4"
[ "01:45:15.581" ][VideoThumbnailer] Entering extractFrame for "I:/MY SDCArds/S22 ultra/Camera/20260211_083603.heic"
[ "01:45:15.607" ][VideoThumbnailer] GPU decode enabled for "I:/MY SDCArds/S22 ultra/Camera/20260211_083603.heic"
[ "01:45:15.607" ][VideoThumbnailer] Entering extractFrame for "I:/MY SDCArds/S22 ultra/Camera/20260211_083612.heic"
[ "01:45:15.635" ][VideoThumbnailer] Entering extractFrame for "I:/MY SDCArds/S22 ultra/Camera/20260211_083616.heic"
[ "01:45:15.643" ][VideoThumbnailer] GPU decode enabled for "I:/MY SDCArds/S22 ultra/Camera/20260211_083612.heic"
[ "01:45:15.651" ][VideoThumbnailer] Entering extractFrame for "I:/MY SDCArds/S22 ultra/Camera/20260211_083623.heic"
[ "01:45:15.676" ][VideoThumbnailer] GPU decode enabled for "I:/MY SDCArds/S22 ultra/Camera/20260211_083616.heic"
[ "01:45:15.677" ][VideoThumbnailer] Entering extractFrame for "I:/MY SDCArds/S22 ultra/Camera/20260209_204347.mp4"
[ "01:45:15.687" ][VideoThumbnailer] GPU decode enabled for "I:/MY SDCArds/S22 ultra/Camera/20260211_083623.heic"
[ "01:45:15.705" ][VideoThumbnailer] Entering extractFrame for "I:/MY SDCArds/S22 ultra/Camera/20260211_083636.heic"
[ "01:45:15.719" ][VideoThumbnailer] GPU decode enabled for "I:/MY SDCArds/S22 ultra/Camera/20260209_204347.mp4"
[ "01:45:15.726" ][VideoThumbnailer] Entering extractFrame for "I:/MY SDCArds/S22 ultra/Camera/20260211_112350.heic"
[ "01:45:15.756" ][VideoThumbnailer] GPU decode enabled for "I:/MY SDCArds/S22 ultra/Camera/20260211_083636.heic"
[ "01:45:15.774" ][VideoThumbnailer] Entering extractFrame for "I:/MY SDCArds/S22 ultra/Camera/20260211_083640.heic"
[ "01:45:15.776" ][VideoThumbnailer] GPU decode enabled for "I:/MY SDCArds/S22 ultra/Camera/20260211_112350.heic"
[ "01:45:15.791" ][VideoThumbnailer] Entering extractFrame for "I:/MY SDCArds/S22 ultra/Camera/20260211_112420.heic"
[ "01:45:15.800" ][VideoThumbnailer] GPU decode enabled for "I:/MY SDCArds/S22 ultra/Camera/20260211_083640.heic"
[ "01:45:15.810" ][VideoThumbnailer] Entering extractFrame for "I:/MY SDCArds/S22 ultra/Camera/83faf13f31b9863be2207767837a1d48.mp4"
[ "01:45:15.816" ][VideoThumbnailer] Entering extractFrame for "I:/MY SDCArds/S22 ultra/Camera/20260211_112758.heic"
[ "01:45:15.844" ][VideoThumbnailer] GPU decode enabled for "I:/MY SDCArds/S22 ultra/Camera/20260211_112420.heic"
[ "01:45:15.856" ][VideoThumbnailer] Entering extractFrame for "I:/MY SDCArds/S22 ultra/Camera/20260211_112805.heic"
[ "01:45:15.880" ][VideoThumbnailer] Entering extractFrame for "I:/MY SDCArds/S22 ultra/Camera/20260211_112819.heic"
[ "01:45:15.911" ][VideoThumbnailer] GPU decode enabled for "I:/MY SDCArds/S22 ultra/Camera/20260211_112805.heic"
[ "01:45:15.918" ][VideoThumbnailer] GPU decode enabled for "I:/MY SDCArds/S22 ultra/Camera/20260211_112758.heic"
[ "01:45:15.945" ][VideoThumbnailer] GPU decode enabled for "I:/MY SDCArds/S22 ultra/Camera/20260211_112819.heic"
[ "01:45:15.966" ][VideoThumbnailer] Entering extractFrame for "I:/MY SDCArds/S22 ultra/Camera/20260211_112823.heic"
[ "01:45:15.988" ][VideoThumbnailer] Entering extractFrame for "I:/MY SDCArds/S22 ultra/Camera/20260211_083627.heic"
[ "01:45:15.989" ][VideoThumbnailer] Entering extractFrame for "I:/MY SDCArds/S22 ultra/Camera/20260204_085724.heic"
[ "01:45:16.022" ][VideoThumbnailer] GPU decode enabled for "I:/MY SDCArds/S22 ultra/Camera/20260211_112823.heic"
[ "01:45:16.054" ][VideoThumbnailer] Entering extractFrame for "I:/MY SDCArds/S22 ultra/Camera/20260211_113026.heic"
[ "01:45:16.058" ][VideoThumbnailer] GPU decode enabled for "I:/MY SDCArds/S22 ultra/Camera/20260204_085724.heic"
[ "01:45:16.080" ][VideoThumbnailer] GPU decode enabled for "I:/MY SDCArds/S22 ultra/Camera/20260211_083627.heic"
[ "01:45:16.090" ][VideoThumbnailer] Entering extractFrame for "I:/MY SDCArds/S22 ultra/Camera/698ec1107c3134347d2d3b329f6d5748.mp4"
[ "01:45:16.095" ][VideoThumbnailer] Entering extractFrame for "I:/MY SDCArds/S22 ultra/Camera/20260214_171604.heic"
[ "01:45:16.147" ][VideoThumbnailer] GPU decode enabled for "I:/MY SDCArds/S22 ultra/Camera/20260211_113026.heic"
[ "01:45:16.184" ][VideoThumbnailer] GPU decode enabled for "I:/MY SDCArds/S22 ultra/Camera/20260214_171604.heic"
[ "01:45:16.185" ][VideoThumbnailer] Entering extractFrame for "I:/MY SDCArds/S22 ultra/Camera/0833fe746c091f2e1447cbdc6712279a.mp4"
[ "01:45:16.196" ][VideoThumbnailer] Entering extractFrame for "I:/MY SDCArds/S22 ultra/Camera/20260216_103630.heic"
[ "01:45:16.213" ][VideoThumbnailer] Entering extractFrame for "I:/MY SDCArds/S22 ultra/Camera/20260324_113822.heic"
[ "01:45:16.216" ][VideoThumbnailer] GPU decode enabled for "I:/MY SDCArds/S22 ultra/Camera/20260216_103630.heic"
[ "01:45:16.220" ][VideoThumbnailer] Entering extractFrame for "I:/MY SDCArds/S22 ultra/Camera/20260219_101503.heic"
[ "01:45:16.278" ][VideoThumbnailer] GPU decode enabled for "I:/MY SDCArds/S22 ultra/Camera/20260324_113822.heic"
[ "01:45:16.283" ][VideoThumbnailer] Entering extractFrame for "I:/MY SDCArds/S22 ultra/Camera/20260214_212129.mp4"
[ "01:45:16.298" ][VideoThumbnailer] GPU decode enabled for "I:/MY SDCArds/S22 ultra/Camera/20260219_101503.heic"
[ "01:45:16.312" ][VideoThumbnailer] Entering extractFrame for "I:/MY SDCArds/S22 ultra/Camera/20260219_101644.heic"
[ "01:45:16.321" ][VideoThumbnailer] GPU decode enabled for "I:/MY SDCArds/S22 ultra/Camera/20260214_212129.mp4"
[ "01:45:16.323" ][VideoThumbnailer] Entering extractFrame for "I:/MY SDCArds/S22 ultra/Camera/20260219_101651.heic"
[ "01:45:16.344" ][VideoThumbnailer] GPU decode enabled for "I:/MY SDCArds/S22 ultra/Camera/20260219_101644.heic"
[ "01:45:16.354" ][VideoThumbnailer] GPU decode enabled for "I:/MY SDCArds/S22 ultra/Camera/20260219_101651.heic"
[ "01:45:16.371" ][VideoThumbnailer] Entering extractFrame for "I:/MY SDCArds/S22 ultra/Camera/20260219_201358.heic"
[ "01:45:16.385" ][VideoThumbnailer] GPU decode enabled for "I:/MY SDCArds/S22 ultra/Camera/20260219_201358.heic"
[ "01:45:16.392" ][VideoThumbnailer] Entering extractFrame for "I:/MY SDCArds/S22 ultra/Camera/20260214_212816.mp4"
[ "01:45:16.399" ][VideoThumbnailer] Entering extractFrame for "I:/MY SDCArds/S22 ultra/Camera/20260219_201359.heic"
[AdaptiveIO] Stats:  "I:/"  Avg:  63.4081  Limit:  4  ActiveWeight:  32
[ "01:45:16.437" ][VideoThumbnailer] GPU decode enabled for "I:/MY SDCArds/S22 ultra/Camera/20260214_212816.mp4"
[ "01:45:16.458" ][VideoThumbnailer] GPU decode enabled for "I:/MY SDCArds/S22 ultra/Camera/20260219_201359.heic"
[ "01:45:16.466" ][VideoThumbnailer] Entering extractFrame for "I:/MY SDCArds/S22 ultra/Camera/20260219_201423.heic"
[ "01:45:16.488" ][VideoThumbnailer] Entering extractFrame for "I:/MY SDCArds/S22 ultra/Camera/622b1a61d57021a5cfb554d92243e192.mp4"
[ "01:45:16.500" ][VideoThumbnailer] Entering extractFrame for "I:/MY SDCArds/S22 ultra/Camera/20260219_201427.heic"
[ "01:45:16.505" ][VideoThumbnailer] GPU decode enabled for "I:/MY SDCArds/S22 ultra/Camera/20260219_201423.heic"
[ "01:45:16.511" ][VideoThumbnailer] Entering extractFrame for "I:/MY SDCArds/S22 ultra/Camera/20260220_193122.heic"
[ "01:45:16.559" ][SystemMonitor] Stats Update: CPU App: 40.796 % | Sys: 84.8259 % | RAM App: 5904.12 MB | Sys Avail: 33396 MB / 65466.5 MB
[SystemMonitor] Resource Update: RAM: 5904.12 MB (Delta: 805.168 ) | VRAM: 1371.83 MB (Delta: 738.527 )
[ "01:45:16.567" ][VideoThumbnailer] GPU decode enabled for "I:/MY SDCArds/S22 ultra/Camera/20260220_193122.heic"
[ "01:45:16.579" ][VideoThumbnailer] GPU decode enabled for "I:/MY SDCArds/S22 ultra/Camera/20260219_201427.heic"
[ "01:45:16.626" ][VideoThumbnailer] Entering extractFrame for "I:/MY SDCArds/S22 ultra/Camera/20260224_080756.heic"
[ "01:45:16.654" ][VideoThumbnailer] GPU decode enabled for "I:/MY SDCArds/S22 ultra/Camera/20260224_080756.heic"
[ "01:45:16.678" ][VideoThumbnailer] Entering extractFrame for "I:/MY SDCArds/S22 ultra/Camera/20260225_091443.heic"
[ "01:45:16.698" ][VideoThumbnailer] Entering extractFrame for "I:/MY SDCArds/S22 ultra/100_CINE/MOV_0071.MP4"
[ "01:45:16.704" ][VideoThumbnailer] GPU decode enabled for "I:/MY SDCArds/S22 ultra/Camera/20260225_091443.heic"
[ "01:45:16.706" ][VideoThumbnailer] Entering extractFrame for "I:/MY SDCArds/S22 ultra/Camera/20260225_091456.heic"
[ "01:45:16.731" ][VideoThumbnailer] GPU decode enabled for "I:/MY SDCArds/S22 ultra/Camera/20260225_091456.heic"
[ "01:45:16.745" ][VideoThumbnailer] Entering extractFrame for "I:/MY SDCArds/S22 ultra/Camera/20260228_095633.heic"
[ "01:45:16.773" ][VideoThumbnailer] GPU decode enabled for "I:/MY SDCArds/S22 ultra/Camera/20260228_095633.heic"
qrc:/ScrollBench/qml/GalleryViewSemanticScrollBench.qml:255:29: Unable to assign [undefined] to bool
qrc:/ScrollBench/qml/GalleryViewSemanticScrollBench.qml:255:29: Unable to assign [undefined] to bool
qrc:/ScrollBench/qml/GalleryViewSemanticScrollBench.qml:255:29: Unable to assign [undefined] to bool
qrc:/ScrollBench/qml/GalleryViewSemanticScrollBench.qml:255:29: Unable to assign [undefined] to bool
qrc:/ScrollBench/qml/GalleryViewSemanticScrollBench.qml:255:29: Unable to assign [undefined] to bool
qrc:/ScrollBench/qml/GalleryViewSemanticScrollBench.qml:255:29: Unable to assign [undefined] to bool
qrc:/ScrollBench/qml/GalleryViewSemanticScrollBench.qml:255:29: Unable to assign [undefined] to bool
qrc:/ScrollBench/qml/GalleryViewSemanticScrollBench.qml:255:29: Unable to assign [undefined] to bool
qrc:/ScrollBench/qml/GalleryViewSemanticScrollBench.qml:255:29: Unable to assign [undefined] to bool
qrc:/ScrollBench/qml/GalleryViewSemanticScrollBench.qml:255:29: Unable to assign [undefined] to bool
qrc:/ScrollBench/qml/GalleryViewSemanticScrollBench.qml:255:29: Unable to assign [undefined] to bool
qrc:/ScrollBench/qml/GalleryViewSemanticScrollBench.qml:255:29: Unable to assign [undefined] to bool
qrc:/ScrollBench/qml/GalleryViewSemanticScrollBench.qml:255:29: Unable to assign [undefined] to bool
qrc:/ScrollBench/qml/GalleryViewSemanticScrollBench.qml:255:29: Unable to assign [undefined] to bool
qrc:/ScrollBench/qml/GalleryViewSemanticScrollBench.qml:255:29: Unable to assign [undefined] to bool
qrc:/ScrollBench/qml/GalleryViewSemanticScrollBench.qml:255:29: Unable to assign [undefined] to bool
qrc:/ScrollBench/qml/GalleryViewSemanticScrollBench.qml:255:29: Unable to assign [undefined] to bool
qrc:/ScrollBench/qml/GalleryViewSemanticScrollBench.qml:255:29: Unable to assign [undefined] to bool
qrc:/ScrollBench/qml/GalleryViewSemanticScrollBench.qml:255:29: Unable to assign [undefined] to bool
qrc:/ScrollBench/qml/GalleryViewSemanticScrollBench.qml:255:29: Unable to assign [undefined] to bool
qrc:/ScrollBench/qml/GalleryViewSemanticScrollBench.qml:255:29: Unable to assign [undefined] to bool
qrc:/ScrollBench/qml/GalleryViewSemanticScrollBench.qml:255:29: Unable to assign [undefined] to bool
qrc:/ScrollBench/qml/GalleryViewSemanticScrollBench.qml:255:29: Unable to assign [undefined] to bool
qrc:/ScrollBench/qml/GalleryViewSemanticScrollBench.qml:255:29: Unable to assign [undefined] to bool
qrc:/ScrollBench/qml/GalleryViewSemanticScrollBench.qml:255:29: Unable to assign [undefined] to bool
qrc:/ScrollBench/qml/GalleryViewSemanticScrollBench.qml:255:29: Unable to assign [undefined] to bool
qrc:/ScrollBench/qml/GalleryViewSemanticScrollBench.qml:255:29: Unable to assign [undefined] to bool
qrc:/ScrollBench/qml/GalleryViewSemanticScrollBench.qml:255:29: Unable to assign [undefined] to bool
qrc:/ScrollBench/qml/GalleryViewSemanticScrollBench.qml:255:29: Unable to assign [undefined] to bool
qrc:/ScrollBench/qml/GalleryViewSemanticScrollBench.qml:255:29: Unable to assign [undefined] to bool
qrc:/ScrollBench/qml/GalleryViewSemanticScrollBench.qml:255:29: Unable to assign [undefined] to bool
qrc:/ScrollBench/qml/GalleryViewSemanticScrollBench.qml:255:29: Unable to assign [undefined] to bool
qrc:/ScrollBench/qml/GalleryViewSemanticScrollBench.qml:255:29: Unable to assign [undefined] to bool
qrc:/ScrollBench/qml/GalleryViewSemanticScrollBench.qml:255:29: Unable to assign [undefined] to bool
qrc:/ScrollBench/qml/GalleryViewSemanticScrollBench.qml:255:29: Unable to assign [undefined] to bool
qrc:/ScrollBench/qml/GalleryViewSemanticScrollBench.qml:255:29: Unable to assign [undefined] to bool
qrc:/ScrollBench/qml/GalleryViewSemanticScrollBench.qml:255:29: Unable to assign [undefined] to bool
qrc:/ScrollBench/qml/GalleryViewSemanticScrollBench.qml:255:29: Unable to assign [undefined] to bool
qrc:/ScrollBench/qml/GalleryViewSemanticScrollBench.qml:255:29: Unable to assign [undefined] to bool
qrc:/ScrollBench/qml/GalleryViewSemanticScrollBench.qml:255:29: Unable to assign [undefined] to bool
qrc:/ScrollBench/qml/GalleryViewSemanticScrollBench.qml:255:29: Unable to assign [undefined] to bool
qrc:/ScrollBench/qml/GalleryViewSemanticScrollBench.qml:255:29: Unable to assign [undefined] to bool
qrc:/ScrollBench/qml/GalleryViewSemanticScrollBench.qml:255:29: Unable to assign [undefined] to bool
qrc:/ScrollBench/qml/GalleryViewSemanticScrollBench.qml:255:29: Unable to assign [undefined] to bool
qrc:/ScrollBench/qml/GalleryViewSemanticScrollBench.qml:255:29: Unable to assign [undefined] to bool
qrc:/ScrollBench/qml/GalleryViewSemanticScrollBench.qml:255:29: Unable to assign [undefined] to bool
qrc:/ScrollBench/qml/GalleryViewSemanticScrollBench.qml:255:29: Unable to assign [undefined] to bool
qrc:/ScrollBench/qml/GalleryViewSemanticScrollBench.qml:255:29: Unable to assign [undefined] to bool
qrc:/ScrollBench/qml/GalleryViewSemanticScrollBench.qml:255:29: Unable to assign [undefined] to bool
qrc:/ScrollBench/qml/GalleryViewSemanticScrollBench.qml:255:29: Unable to assign [undefined] to bool
qrc:/ScrollBench/qml/GalleryViewSemanticScrollBench.qml:255:29: Unable to assign [undefined] to bool
qrc:/ScrollBench/qml/GalleryViewSemanticScrollBench.qml:255:29: Unable to assign [undefined] to bool
qrc:/ScrollBench/qml/GalleryViewSemanticScrollBench.qml:255:29: Unable to assign [undefined] to bool
qrc:/ScrollBench/qml/GalleryViewSemanticScrollBench.qml:255:29: Unable to assign [undefined] to bool
qrc:/ScrollBench/qml/GalleryViewSemanticScrollBench.qml:255:29: Unable to assign [undefined] to bool
qrc:/ScrollBench/qml/GalleryViewSemanticScrollBench.qml:255:29: Unable to assign [undefined] to bool
qrc:/ScrollBench/qml/GalleryViewSemanticScrollBench.qml:255:29: Unable to assign [undefined] to bool
qrc:/ScrollBench/qml/GalleryViewSemanticScrollBench.qml:255:29: Unable to assign [undefined] to bool
qrc:/ScrollBench/qml/GalleryViewSemanticScrollBench.qml:255:29: Unable to assign [undefined] to bool
qrc:/ScrollBench/qml/GalleryViewSemanticScrollBench.qml:255:29: Unable to assign [undefined] to bool
qrc:/ScrollBench/qml/GalleryViewSemanticScrollBench.qml:255:29: Unable to assign [undefined] to bool
qrc:/ScrollBench/qml/GalleryViewSemanticScrollBench.qml:255:29: Unable to assign [undefined] to bool
qrc:/ScrollBench/qml/GalleryViewSemanticScrollBench.qml:255:29: Unable to assign [undefined] to bool
qrc:/ScrollBench/qml/GalleryViewSemanticScrollBench.qml:255:29: Unable to assign [undefined] to bool
qrc:/ScrollBench/qml/GalleryViewSemanticScrollBench.qml:255:29: Unable to assign [undefined] to bool
qrc:/ScrollBench/qml/GalleryViewSemanticScrollBench.qml:255:29: Unable to assign [undefined] to bool
qrc:/ScrollBench/qml/GalleryViewSemanticScrollBench.qml:255:29: Unable to assign [undefined] to bool
qrc:/ScrollBench/qml/GalleryViewSemanticScrollBench.qml:255:29: Unable to assign [undefined] to bool
qrc:/ScrollBench/qml/GalleryViewSemanticScrollBench.qml:255:29: Unable to assign [undefined] to bool
qrc:/ScrollBench/qml/GalleryViewSemanticScrollBench.qml:255:29: Unable to assign [undefined] to bool
qrc:/ScrollBench/qml/GalleryViewSemanticScrollBench.qml:255:29: Unable to assign [undefined] to bool
qrc:/ScrollBench/qml/GalleryViewSemanticScrollBench.qml:255:29: Unable to assign [undefined] to bool
qrc:/ScrollBench/qml/GalleryViewSemanticScrollBench.qml:255:29: Unable to assign [undefined] to bool
[ "01:45:16.872" ][VideoThumbnailer] Entering extractFrame for "I:/MY SDCArds/S22 ultra/Camera/20260228_171255.heic"
qrc:/ScrollBench/qml/GalleryViewSemanticScrollBench.qml:255:29: Unable to assign [undefined] to bool
qrc:/ScrollBench/qml/GalleryViewSemanticScrollBench.qml:255:29: Unable to assign [undefined] to bool
qrc:/ScrollBench/qml/GalleryViewSemanticScrollBench.qml:255:29: Unable to assign [undefined] to bool
qrc:/ScrollBench/qml/GalleryViewSemanticScrollBench.qml:255:29: Unable to assign [undefined] to bool
qrc:/ScrollBench/qml/GalleryViewSemanticScrollBench.qml:255:29: Unable to assign [undefined] to bool
qrc:/ScrollBench/qml/GalleryViewSemanticScrollBench.qml:255:29: Unable to assign [undefined] to bool
qrc:/ScrollBench/qml/GalleryViewSemanticScrollBench.qml:255:29: Unable to assign [undefined] to bool
qrc:/ScrollBench/qml/GalleryViewSemanticScrollBench.qml:255:29: Unable to assign [undefined] to bool
qrc:/ScrollBench/qml/GalleryViewSemanticScrollBench.qml:255:29: Unable to assign [undefined] to bool
qrc:/ScrollBench/qml/GalleryViewSemanticScrollBench.qml:255:29: Unable to assign [undefined] to bool
qrc:/ScrollBench/qml/GalleryViewSemanticScrollBench.qml:255:29: Unable to assign [undefined] to bool
qrc:/ScrollBench/qml/GalleryViewSemanticScrollBench.qml:255:29: Unable to assign [undefined] to bool
qrc:/ScrollBench/qml/GalleryViewSemanticScrollBench.qml:255:29: Unable to assign [undefined] to bool
qrc:/ScrollBench/qml/GalleryViewSemanticScrollBench.qml:255:29: Unable to assign [undefined] to bool
qrc:/ScrollBench/qml/GalleryViewSemanticScrollBench.qml:255:29: Unable to assign [undefined] to bool
qrc:/ScrollBench/qml/GalleryViewSemanticScrollBench.qml:255:29: Unable to assign [undefined] to bool
qrc:/ScrollBench/qml/GalleryViewSemanticScrollBench.qml:255:29: Unable to assign [undefined] to bool
qrc:/ScrollBench/qml/GalleryViewSemanticScrollBench.qml:255:29: Unable to assign [undefined] to bool
[ "01:45:16.907" ][VideoThumbnailer] Entering extractFrame for "I:/MY SDCArds/S22 ultra/Camera/20260228_171317.heic"
[ "01:45:16.910" ][VideoThumbnailer] Entering extractFrame for "I:/MY SDCArds/S22 ultra/Camera/20260307_101458.heic"
qrc:/ScrollBench/qml/GalleryViewSemanticScrollBench.qml:255:29: Unable to assign [undefined] to bool
qrc:/ScrollBench/qml/GalleryViewSemanticScrollBench.qml:255:29: Unable to assign [undefined] to bool
qrc:/ScrollBench/qml/GalleryViewSemanticScrollBench.qml:255:29: Unable to assign [undefined] to bool
qrc:/ScrollBench/qml/GalleryViewSemanticScrollBench.qml:255:29: Unable to assign [undefined] to bool
qrc:/ScrollBench/qml/GalleryViewSemanticScrollBench.qml:255:29: Unable to assign [undefined] to bool
qrc:/ScrollBench/qml/GalleryViewSemanticScrollBench.qml:255:29: Unable to assign [undefined] to bool
qrc:/ScrollBench/qml/GalleryViewSemanticScrollBench.qml:255:29: Unable to assign [undefined] to bool
qrc:/ScrollBench/qml/GalleryViewSemanticScrollBench.qml:255:29: Unable to assign [undefined] to bool
qrc:/ScrollBench/qml/GalleryViewSemanticScrollBench.qml:255:29: Unable to assign [undefined] to bool
qrc:/ScrollBench/qml/GalleryViewSemanticScrollBench.qml:255:29: Unable to assign [undefined] to bool
qrc:/ScrollBench/qml/GalleryViewSemanticScrollBench.qml:255:29: Unable to assign [undefined] to bool
qrc:/ScrollBench/qml/GalleryViewSemanticScrollBench.qml:255:29: Unable to assign [undefined] to bool
qrc:/ScrollBench/qml/GalleryViewSemanticScrollBench.qml:255:29: Unable to assign [undefined] to bool
qrc:/ScrollBench/qml/GalleryViewSemanticScrollBench.qml:255:29: Unable to assign [undefined] to bool
qrc:/ScrollBench/qml/GalleryViewSemanticScrollBench.qml:255:29: Unable to assign [undefined] to bool
qrc:/ScrollBench/qml/GalleryViewSemanticScrollBench.qml:255:29: Unable to assign [undefined] to bool
qrc:/ScrollBench/qml/GalleryViewSemanticScrollBench.qml:255:29: Unable to assign [undefined] to bool
qrc:/ScrollBench/qml/GalleryViewSemanticScrollBench.qml:255:29: Unable to assign [undefined] to bool
[ "01:45:16.913" ][VideoThumbnailer] GPU decode enabled for "I:/MY SDCArds/S22 ultra/Camera/20260228_171255.heic"
qrc:/ScrollBench/qml/GalleryViewSemanticScrollBench.qml:255:29: Unable to assign [undefined] to bool
qrc:/ScrollBench/qml/GalleryViewSemanticScrollBench.qml:255:29: Unable to assign [undefined] to bool
qrc:/ScrollBench/qml/GalleryViewSemanticScrollBench.qml:255:29: Unable to assign [undefined] to bool
qrc:/ScrollBench/qml/GalleryViewSemanticScrollBench.qml:255:29: Unable to assign [undefined] to bool
qrc:/ScrollBench/qml/GalleryViewSemanticScrollBench.qml:255:29: Unable to assign [undefined] to bool
qrc:/ScrollBench/qml/GalleryViewSemanticScrollBench.qml:255:29: Unable to assign [undefined] to bool
qrc:/ScrollBench/qml/GalleryViewSemanticScrollBench.qml:255:29: Unable to assign [undefined] to bool
qrc:/ScrollBench/qml/GalleryViewSemanticScrollBench.qml:255:29: Unable to assign [undefined] to bool
qrc:/ScrollBench/qml/GalleryViewSemanticScrollBench.qml:255:29: Unable to assign [undefined] to bool
qrc:/ScrollBench/qml/GalleryViewSemanticScrollBench.qml:255:29: Unable to assign [undefined] to bool
qrc:/ScrollBench/qml/GalleryViewSemanticScrollBench.qml:255:29: Unable to assign [undefined] to bool
qrc:/ScrollBench/qml/GalleryViewSemanticScrollBench.qml:255:29: Unable to assign [undefined] to bool
qrc:/ScrollBench/qml/GalleryViewSemanticScrollBench.qml:255:29: Unable to assign [undefined] to bool
qrc:/ScrollBench/qml/GalleryViewSemanticScrollBench.qml:255:29: Unable to assign [undefined] to bool
qrc:/ScrollBench/qml/GalleryViewSemanticScrollBench.qml:255:29: Unable to assign [undefined] to bool
qrc:/ScrollBench/qml/GalleryViewSemanticScrollBench.qml:255:29: Unable to assign [undefined] to bool
qrc:/ScrollBench/qml/GalleryViewSemanticScrollBench.qml:255:29: Unable to assign [undefined] to bool
qrc:/ScrollBench/qml/GalleryViewSemanticScrollBench.qml:255:29: Unable to assign [undefined] to bool
qrc:/ScrollBench/qml/GalleryViewSemanticScrollBench.qml:255:29: Unable to assign [undefined] to bool
qrc:/ScrollBench/qml/GalleryViewSemanticScrollBench.qml:255:29: Unable to assign [undefined] to bool
qrc:/ScrollBench/qml/GalleryViewSemanticScrollBench.qml:255:29: Unable to assign [undefined] to bool
qrc:/ScrollBench/qml/GalleryViewSemanticScrollBench.qml:255:29: Unable to assign [undefined] to bool
qrc:/ScrollBench/qml/GalleryViewSemanticScrollBench.qml:255:29: Unable to assign [undefined] to bool
qrc:/ScrollBench/qml/GalleryViewSemanticScrollBench.qml:255:29: Unable to assign [undefined] to bool
qrc:/ScrollBench/qml/GalleryViewSemanticScrollBench.qml:255:29: Unable to assign [undefined] to bool
qrc:/ScrollBench/qml/GalleryViewSemanticScrollBench.qml:255:29: Unable to assign [undefined] to bool
qrc:/ScrollBench/qml/GalleryViewSemanticScrollBench.qml:255:29: Unable to assign [undefined] to bool
qrc:/ScrollBench/qml/GalleryViewSemanticScrollBench.qml:255:29: Unable to assign [undefined] to bool
qrc:/ScrollBench/qml/GalleryViewSemanticScrollBench.qml:255:29: Unable to assign [undefined] to bool
qrc:/ScrollBench/qml/GalleryViewSemanticScrollBench.qml:255:29: Unable to assign [undefined] to bool
qrc:/ScrollBench/qml/GalleryViewSemanticScrollBench.qml:255:29: Unable to assign [undefined] to bool
qrc:/ScrollBench/qml/GalleryViewSemanticScrollBench.qml:255:29: Unable to assign [undefined] to bool
qrc:/ScrollBench/qml/GalleryViewSemanticScrollBench.qml:255:29: Unable to assign [undefined] to bool
qrc:/ScrollBench/qml/GalleryViewSemanticScrollBench.qml:255:29: Unable to assign [undefined] to bool
qrc:/ScrollBench/qml/GalleryViewSemanticScrollBench.qml:255:29: Unable to assign [undefined] to bool
qrc:/ScrollBench/qml/GalleryViewSemanticScrollBench.qml:255:29: Unable to assign [undefined] to bool
[ "01:45:16.963" ][VideoThumbnailer] Entering extractFrame for "I:/MY SDCArds/S22 ultra/Camera/20260311_161723.heic"
[ "01:45:16.965" ][VideoThumbnailer] GPU decode enabled for "I:/MY SDCArds/S22 ultra/Camera/20260307_101458.heic"
[ "01:45:16.976" ][VideoThumbnailer] GPU decode enabled for "I:/MY SDCArds/S22 ultra/Camera/20260228_171317.heic"
qrc:/ScrollBench/qml/GalleryViewSemanticScrollBench.qml:255:29: Unable to assign [undefined] to bool
qrc:/ScrollBench/qml/GalleryViewSemanticScrollBench.qml:255:29: Unable to assign [undefined] to bool
qrc:/ScrollBench/qml/GalleryViewSemanticScrollBench.qml:255:29: Unable to assign [undefined] to bool
qrc:/ScrollBench/qml/GalleryViewSemanticScrollBench.qml:255:29: Unable to assign [undefined] to bool
qrc:/ScrollBench/qml/GalleryViewSemanticScrollBench.qml:255:29: Unable to assign [undefined] to bool
qrc:/ScrollBench/qml/GalleryViewSemanticScrollBench.qml:255:29: Unable to assign [undefined] to bool
qrc:/ScrollBench/qml/GalleryViewSemanticScrollBench.qml:255:29: Unable to assign [undefined] to bool
qrc:/ScrollBench/qml/GalleryViewSemanticScrollBench.qml:255:29: Unable to assign [undefined] to bool
qrc:/ScrollBench/qml/GalleryViewSemanticScrollBench.qml:255:29: Unable to assign [undefined] to bool
qrc:/ScrollBench/qml/GalleryViewSemanticScrollBench.qml:255:29: Unable to assign [undefined] to bool
qrc:/ScrollBench/qml/GalleryViewSemanticScrollBench.qml:255:29: Unable to assign [undefined] to bool
qrc:/ScrollBench/qml/GalleryViewSemanticScrollBench.qml:255:29: Unable to assign [undefined] to bool
qrc:/ScrollBench/qml/GalleryViewSemanticScrollBench.qml:255:29: Unable to assign [undefined] to bool
qrc:/ScrollBench/qml/GalleryViewSemanticScrollBench.qml:255:29: Unable to assign [undefined] to bool
qrc:/ScrollBench/qml/GalleryViewSemanticScrollBench.qml:255:29: Unable to assign [undefined] to bool
qrc:/ScrollBench/qml/GalleryViewSemanticScrollBench.qml:255:29: Unable to assign [undefined] to bool
qrc:/ScrollBench/qml/GalleryViewSemanticScrollBench.qml:255:29: Unable to assign [undefined] to bool
qrc:/ScrollBench/qml/GalleryViewSemanticScrollBench.qml:255:29: Unable to assign [undefined] to bool
qrc:/ScrollBench/qml/GalleryViewSemanticScrollBench.qml:255:29: Unable to assign [undefined] to bool
qrc:/ScrollBench/qml/GalleryViewSemanticScrollBench.qml:255:29: Unable to assign [undefined] to bool
qrc:/ScrollBench/qml/GalleryViewSemanticScrollBench.qml:255:29: Unable to assign [undefined] to bool
qrc:/ScrollBench/qml/GalleryViewSemanticScrollBench.qml:255:29: Unable to assign [undefined] to bool
qrc:/ScrollBench/qml/GalleryViewSemanticScrollBench.qml:255:29: Unable to assign [undefined] to bool
qrc:/ScrollBench/qml/GalleryViewSemanticScrollBench.qml:255:29: Unable to assign [undefined] to bool
qrc:/ScrollBench/qml/GalleryViewSemanticScrollBench.qml:255:29: Unable to assign [undefined] to bool
qrc:/ScrollBench/qml/GalleryViewSemanticScrollBench.qml:255:29: Unable to assign [undefined] to bool
qrc:/ScrollBench/qml/GalleryViewSemanticScrollBench.qml:255:29: Unable to assign [undefined] to bool
qrc:/ScrollBench/qml/GalleryViewSemanticScrollBench.qml:255:29: Unable to assign [undefined] to bool
qrc:/ScrollBench/qml/GalleryViewSemanticScrollBench.qml:255:29: Unable to assign [undefined] to bool
qrc:/ScrollBench/qml/GalleryViewSemanticScrollBench.qml:255:29: Unable to assign [undefined] to bool
qrc:/ScrollBench/qml/GalleryViewSemanticScrollBench.qml:255:29: Unable to assign [undefined] to bool
qrc:/ScrollBench/qml/GalleryViewSemanticScrollBench.qml:255:29: Unable to assign [undefined] to bool
qrc:/ScrollBench/qml/GalleryViewSemanticScrollBench.qml:255:29: Unable to assign [undefined] to bool
qrc:/ScrollBench/qml/GalleryViewSemanticScrollBench.qml:255:29: Unable to assign [undefined] to bool
qrc:/ScrollBench/qml/GalleryViewSemanticScrollBench.qml:255:29: Unable to assign [undefined] to bool
qrc:/ScrollBench/qml/GalleryViewSemanticScrollBench.qml:255:29: Unable to assign [undefined] to bool
[ "01:45:17.016" ][FFmpeg Warn] "Stream #0: not enough frames to estimate rate; consider increasing probesize"
[ "01:45:17.016" ][FFmpeg Warn] "Stream #1: not enough frames to estimate rate; consider increasing probesize"
[ "01:45:17.016" ][FFmpeg Warn] "Stream #2: not enough frames to estimate rate; consider increasing probesize"
[ "01:45:17.016" ][FFmpeg Warn] "Stream #3: not enough frames to estimate rate; consider increasing probesize"
[ "01:45:17.016" ][FFmpeg Warn] "Stream #4: not enough frames to estimate rate; consider increasing probesize"
[ "01:45:17.016" ][FFmpeg Warn] "Stream #5: not enough frames to estimate rate; consider increasing probesize"
[ "01:45:17.016" ][FFmpeg Warn] "Stream #6: not enough frames to estimate rate; consider increasing probesize"
[ "01:45:17.016" ][FFmpeg Warn] "Stream #7: not enough frames to estimate rate; consider increasing probesize"
[ "01:45:17.016" ][FFmpeg Warn] "Stream #8: not enough frames to estimate rate; consider increasing probesize"
[ "01:45:17.017" ][FFmpeg Warn] "Stream #9: not enough frames to estimate rate; consider increasing probesize"
[ "01:45:17.017" ][FFmpeg Warn] "Stream #10: not enough frames to estimate rate; consider increasing probesize"
[ "01:45:17.017" ][FFmpeg Warn] "Stream #11: not enough frames to estimate rate; consider increasing probesize"
[ "01:45:17.017" ][FFmpeg Warn] "Stream #12: not enough frames to estimate rate; consider increasing probesize"
[ "01:45:17.017" ][FFmpeg Warn] "Stream #13: not enough frames to estimate rate; consider increasing probesize"
[ "01:45:17.017" ][FFmpeg Warn] "Stream #14: not enough frames to estimate rate; consider increasing probesize"
[ "01:45:17.017" ][FFmpeg Warn] "Stream #15: not enough frames to estimate rate; consider increasing probesize"
[ "01:45:17.017" ][FFmpeg Warn] "Stream #16: not enough frames to estimate rate; consider increasing probesize"
[ "01:45:17.017" ][FFmpeg Warn] "Stream #17: not enough frames to estimate rate; consider increasing probesize"
[ "01:45:17.017" ][FFmpeg Warn] "Stream #18: not enough frames to estimate rate; consider increasing probesize"
[ "01:45:17.017" ][FFmpeg Warn] "Stream #19: not enough frames to estimate rate; consider increasing probesize"
[ "01:45:17.017" ][FFmpeg Warn] "Stream #20: not enough frames to estimate rate; consider increasing probesize"
[ "01:45:17.017" ][FFmpeg Warn] "Stream #21: not enough frames to estimate rate; consider increasing probesize"
[ "01:45:17.017" ][FFmpeg Warn] "Stream #22: not enough frames to estimate rate; consider increasing probesize"
[ "01:45:17.017" ][FFmpeg Warn] "Stream #23: not enough frames to estimate rate; consider increasing probesize"
[ "01:45:17.017" ][FFmpeg Warn] "Stream #24: not enough frames to estimate rate; consider increasing probesize"
[ "01:45:17.017" ][FFmpeg Warn] "Stream #25: not enough frames to estimate rate; consider increasing probesize"
[ "01:45:17.017" ][FFmpeg Warn] "Stream #26: not enough frames to estimate rate; consider increasing probesize"
[ "01:45:17.017" ][FFmpeg Warn] "Stream #27: not enough frames to estimate rate; consider increasing probesize"
[ "01:45:17.017" ][FFmpeg Warn] "Stream #28: not enough frames to estimate rate; consider increasing probesize"
[ "01:45:17.017" ][FFmpeg Warn] "Stream #29: not enough frames to estimate rate; consider increasing probesize"
[ "01:45:17.017" ][FFmpeg Warn] "Stream #30: not enough frames to estimate rate; consider increasing probesize"
[ "01:45:17.017" ][FFmpeg Warn] "Stream #31: not enough frames to estimate rate; consider increasing probesize"
[ "01:45:17.017" ][FFmpeg Warn] "Stream #32: not enough frames to estimate rate; consider increasing probesize"
[ "01:45:17.017" ][FFmpeg Warn] "Stream #33: not enough frames to estimate rate; consider increasing probesize"
[ "01:45:17.017" ][FFmpeg Warn] "Stream #34: not enough frames to estimate rate; consider increasing probesize"
[ "01:45:17.017" ][FFmpeg Warn] "Stream #35: not enough frames to estimate rate; consider increasing probesize"
[ "01:45:17.017" ][FFmpeg Warn] "Stream #36: not enough frames to estimate rate; consider increasing probesize"
[ "01:45:17.017" ][FFmpeg Warn] "Stream #37: not enough frames to estimate rate; consider increasing probesize"
[ "01:45:17.017" ][FFmpeg Warn] "Stream #38: not enough frames to estimate rate; consider increasing probesize"
[ "01:45:17.017" ][FFmpeg Warn] "Stream #39: not enough frames to estimate rate; consider increasing probesize"
[ "01:45:17.017" ][FFmpeg Warn] "Stream #40: not enough frames to estimate rate; consider increasing probesize"
[ "01:45:17.017" ][FFmpeg Warn] "Stream #41: not enough frames to estimate rate; consider increasing probesize"
[ "01:45:17.017" ][FFmpeg Warn] "Stream #42: not enough frames to estimate rate; consider increasing probesize"
[ "01:45:17.017" ][FFmpeg Warn] "Stream #43: not enough frames to estimate rate; consider increasing probesize"
[ "01:45:17.017" ][FFmpeg Warn] "Stream #44: not enough frames to estimate rate; consider increasing probesize"
[ "01:45:17.017" ][FFmpeg Warn] "Stream #45: not enough frames to estimate rate; consider increasing probesize"
[ "01:45:17.017" ][FFmpeg Warn] "Stream #46: not enough frames to estimate rate; consider increasing probesize"
[ "01:45:17.017" ][FFmpeg Warn] "Stream #47: not enough frames to estimate rate; consider increasing probesize"
[ "01:45:17.017" ][FFmpeg Warn] "Stream #48: not enough frames to estimate rate; consider increasing probesize"
[ "01:45:17.019" ][VideoThumbnailer] GPU decode enabled for "I:/MY SDCArds/S22 ultra/Camera/20260311_161723.heic"
[ "01:45:17.029" ][VideoThumbnailer] Entering extractFrame for "I:/MY SDCArds/S22 ultra/Screen recordings/Screen_Recording_20260309_204645_Brave_1_1.mp4"
qrc:/ScrollBench/qml/GalleryViewSemanticScrollBench.qml:255:29: Unable to assign [undefined] to bool
qrc:/ScrollBench/qml/GalleryViewSemanticScrollBench.qml:255:29: Unable to assign [undefined] to bool
qrc:/ScrollBench/qml/GalleryViewSemanticScrollBench.qml:255:29: Unable to assign [undefined] to bool
qrc:/ScrollBench/qml/GalleryViewSemanticScrollBench.qml:255:29: Unable to assign [undefined] to bool
qrc:/ScrollBench/qml/GalleryViewSemanticScrollBench.qml:255:29: Unable to assign [undefined] to bool
qrc:/ScrollBench/qml/GalleryViewSemanticScrollBench.qml:255:29: Unable to assign [undefined] to bool
qrc:/ScrollBench/qml/GalleryViewSemanticScrollBench.qml:255:29: Unable to assign [undefined] to bool
qrc:/ScrollBench/qml/GalleryViewSemanticScrollBench.qml:255:29: Unable to assign [undefined] to bool
qrc:/ScrollBench/qml/GalleryViewSemanticScrollBench.qml:255:29: Unable to assign [undefined] to bool
qrc:/ScrollBench/qml/GalleryViewSemanticScrollBench.qml:255:29: Unable to assign [undefined] to bool
qrc:/ScrollBench/qml/GalleryViewSemanticScrollBench.qml:255:29: Unable to assign [undefined] to bool
qrc:/ScrollBench/qml/GalleryViewSemanticScrollBench.qml:255:29: Unable to assign [undefined] to bool
qrc:/ScrollBench/qml/GalleryViewSemanticScrollBench.qml:255:29: Unable to assign [undefined] to bool
qrc:/ScrollBench/qml/GalleryViewSemanticScrollBench.qml:255:29: Unable to assign [undefined] to bool
qrc:/ScrollBench/qml/GalleryViewSemanticScrollBench.qml:255:29: Unable to assign [undefined] to bool
qrc:/ScrollBench/qml/GalleryViewSemanticScrollBench.qml:255:29: Unable to assign [undefined] to bool
qrc:/ScrollBench/qml/GalleryViewSemanticScrollBench.qml:255:29: Unable to assign [undefined] to bool
qrc:/ScrollBench/qml/GalleryViewSemanticScrollBench.qml:255:29: Unable to assign [undefined] to bool
qrc:/ScrollBench/qml/GalleryViewSemanticScrollBench.qml:255:29: Unable to assign [undefined] to bool
qrc:/ScrollBench/qml/GalleryViewSemanticScrollBench.qml:255:29: Unable to assign [undefined] to bool
qrc:/ScrollBench/qml/GalleryViewSemanticScrollBench.qml:255:29: Unable to assign [undefined] to bool
qrc:/ScrollBench/qml/GalleryViewSemanticScrollBench.qml:255:29: Unable to assign [undefined] to bool
qrc:/ScrollBench/qml/GalleryViewSemanticScrollBench.qml:255:29: Unable to assign [undefined] to bool
qrc:/ScrollBench/qml/GalleryViewSemanticScrollBench.qml:255:29: Unable to assign [undefined] to bool
qrc:/ScrollBench/qml/GalleryViewSemanticScrollBench.qml:255:29: Unable to assign [undefined] to bool
qrc:/ScrollBench/qml/GalleryViewSemanticScrollBench.qml:255:29: Unable to assign [undefined] to bool
qrc:/ScrollBench/qml/GalleryViewSemanticScrollBench.qml:255:29: Unable to assign [undefined] to bool
qrc:/ScrollBench/qml/GalleryViewSemanticScrollBench.qml:255:29: Unable to assign [undefined] to bool
qrc:/ScrollBench/qml/GalleryViewSemanticScrollBench.qml:255:29: Unable to assign [undefined] to bool
qrc:/ScrollBench/qml/GalleryViewSemanticScrollBench.qml:255:29: Unable to assign [undefined] to bool
qrc:/ScrollBench/qml/GalleryViewSemanticScrollBench.qml:255:29: Unable to assign [undefined] to bool
qrc:/ScrollBench/qml/GalleryViewSemanticScrollBench.qml:255:29: Unable to assign [undefined] to bool
qrc:/ScrollBench/qml/GalleryViewSemanticScrollBench.qml:255:29: Unable to assign [undefined] to bool
qrc:/ScrollBench/qml/GalleryViewSemanticScrollBench.qml:255:29: Unable to assign [undefined] to bool
qrc:/ScrollBench/qml/GalleryViewSemanticScrollBench.qml:255:29: Unable to assign [undefined] to bool
qrc:/ScrollBench/qml/GalleryViewSemanticScrollBench.qml:255:29: Unable to assign [undefined] to bool
[ "01:45:17.067" ][VideoThumbnailer] Entering extractFrame for "I:/MY SDCArds/S22 ultra/Camera/20260302_124312.heic"
qrc:/ScrollBench/qml/GalleryViewSemanticScrollBench.qml:255:29: Unable to assign [undefined] to bool
qrc:/ScrollBench/qml/GalleryViewSemanticScrollBench.qml:255:29: Unable to assign [undefined] to bool
qrc:/ScrollBench/qml/GalleryViewSemanticScrollBench.qml:255:29: Unable to assign [undefined] to bool
qrc:/ScrollBench/qml/GalleryViewSemanticScrollBench.qml:255:29: Unable to assign [undefined] to bool
qrc:/ScrollBench/qml/GalleryViewSemanticScrollBench.qml:255:29: Unable to assign [undefined] to bool
qrc:/ScrollBench/qml/GalleryViewSemanticScrollBench.qml:255:29: Unable to assign [undefined] to bool
qrc:/ScrollBench/qml/GalleryViewSemanticScrollBench.qml:255:29: Unable to assign [undefined] to bool
qrc:/ScrollBench/qml/GalleryViewSemanticScrollBench.qml:255:29: Unable to assign [undefined] to bool
qrc:/ScrollBench/qml/GalleryViewSemanticScrollBench.qml:255:29: Unable to assign [undefined] to bool
qrc:/ScrollBench/qml/GalleryViewSemanticScrollBench.qml:255:29: Unable to assign [undefined] to bool
qrc:/ScrollBench/qml/GalleryViewSemanticScrollBench.qml:255:29: Unable to assign [undefined] to bool
qrc:/ScrollBench/qml/GalleryViewSemanticScrollBench.qml:255:29: Unable to assign [undefined] to bool
qrc:/ScrollBench/qml/GalleryViewSemanticScrollBench.qml:255:29: Unable to assign [undefined] to bool
qrc:/ScrollBench/qml/GalleryViewSemanticScrollBench.qml:255:29: Unable to assign [undefined] to bool
qrc:/ScrollBench/qml/GalleryViewSemanticScrollBench.qml:255:29: Unable to assign [undefined] to bool
qrc:/ScrollBench/qml/GalleryViewSemanticScrollBench.qml:255:29: Unable to assign [undefined] to bool
qrc:/ScrollBench/qml/GalleryViewSemanticScrollBench.qml:255:29: Unable to assign [undefined] to bool
qrc:/ScrollBench/qml/GalleryViewSemanticScrollBench.qml:255:29: Unable to assign [undefined] to bool
[ "01:45:17.086" ][VideoThumbnailer] Entering extractFrame for "I:/MY SDCArds/S22 ultra/Camera/20260302_125832.heic"
qrc:/ScrollBench/qml/GalleryViewSemanticScrollBench.qml:255:29: Unable to assign [undefined] to bool
qrc:/ScrollBench/qml/GalleryViewSemanticScrollBench.qml:255:29: Unable to assign [undefined] to bool
qrc:/ScrollBench/qml/GalleryViewSemanticScrollBench.qml:255:29: Unable to assign [undefined] to bool
qrc:/ScrollBench/qml/GalleryViewSemanticScrollBench.qml:255:29: Unable to assign [undefined] to bool
qrc:/ScrollBench/qml/GalleryViewSemanticScrollBench.qml:255:29: Unable to assign [undefined] to bool
qrc:/ScrollBench/qml/GalleryViewSemanticScrollBench.qml:255:29: Unable to assign [undefined] to bool
qrc:/ScrollBench/qml/GalleryViewSemanticScrollBench.qml:255:29: Unable to assign [undefined] to bool
qrc:/ScrollBench/qml/GalleryViewSemanticScrollBench.qml:255:29: Unable to assign [undefined] to bool
qrc:/ScrollBench/qml/GalleryViewSemanticScrollBench.qml:255:29: Unable to assign [undefined] to bool
qrc:/ScrollBench/qml/GalleryViewSemanticScrollBench.qml:255:29: Unable to assign [undefined] to bool
qrc:/ScrollBench/qml/GalleryViewSemanticScrollBench.qml:255:29: Unable to assign [undefined] to bool
qrc:/ScrollBench/qml/GalleryViewSemanticScrollBench.qml:255:29: Unable to assign [undefined] to bool
qrc:/ScrollBench/qml/GalleryViewSemanticScrollBench.qml:255:29: Unable to assign [undefined] to bool
qrc:/ScrollBench/qml/GalleryViewSemanticScrollBench.qml:255:29: Unable to assign [undefined] to bool
qrc:/ScrollBench/qml/GalleryViewSemanticScrollBench.qml:255:29: Unable to assign [undefined] to bool
qrc:/ScrollBench/qml/GalleryViewSemanticScrollBench.qml:255:29: Unable to assign [undefined] to bool
qrc:/ScrollBench/qml/GalleryViewSemanticScrollBench.qml:255:29: Unable to assign [undefined] to bool
qrc:/ScrollBench/qml/GalleryViewSemanticScrollBench.qml:255:29: Unable to assign [undefined] to bool
qrc:/ScrollBench/qml/GalleryViewSemanticScrollBench.qml:255:29: Unable to assign [undefined] to bool
qrc:/ScrollBench/qml/GalleryViewSemanticScrollBench.qml:255:29: Unable to assign [undefined] to bool
qrc:/ScrollBench/qml/GalleryViewSemanticScrollBench.qml:255:29: Unable to assign [undefined] to bool
qrc:/ScrollBench/qml/GalleryViewSemanticScrollBench.qml:255:29: Unable to assign [undefined] to bool
qrc:/ScrollBench/qml/GalleryViewSemanticScrollBench.qml:255:29: Unable to assign [undefined] to bool
qrc:/ScrollBench/qml/GalleryViewSemanticScrollBench.qml:255:29: Unable to assign [undefined] to bool
qrc:/ScrollBench/qml/GalleryViewSemanticScrollBench.qml:255:29: Unable to assign [undefined] to bool
qrc:/ScrollBench/qml/GalleryViewSemanticScrollBench.qml:255:29: Unable to assign [undefined] to bool
qrc:/ScrollBench/qml/GalleryViewSemanticScrollBench.qml:255:29: Unable to assign [undefined] to bool
qrc:/ScrollBench/qml/GalleryViewSemanticScrollBench.qml:255:29: Unable to assign [undefined] to bool
qrc:/ScrollBench/qml/GalleryViewSemanticScrollBench.qml:255:29: Unable to assign [undefined] to bool
qrc:/ScrollBench/qml/GalleryViewSemanticScrollBench.qml:255:29: Unable to assign [undefined] to bool
qrc:/ScrollBench/qml/GalleryViewSemanticScrollBench.qml:255:29: Unable to assign [undefined] to bool
qrc:/ScrollBench/qml/GalleryViewSemanticScrollBench.qml:255:29: Unable to assign [undefined] to bool
qrc:/ScrollBench/qml/GalleryViewSemanticScrollBench.qml:255:29: Unable to assign [undefined] to bool
qrc:/ScrollBench/qml/GalleryViewSemanticScrollBench.qml:255:29: Unable to assign [undefined] to bool
qrc:/ScrollBench/qml/GalleryViewSemanticScrollBench.qml:255:29: Unable to assign [undefined] to bool
qrc:/ScrollBench/qml/GalleryViewSemanticScrollBench.qml:255:29: Unable to assign [undefined] to bool
[ "01:45:17.131" ][VideoThumbnailer] GPU decode enabled for "I:/MY SDCArds/S22 ultra/Camera/20260302_124312.heic"
qrc:/ScrollBench/qml/GalleryViewSemanticScrollBench.qml:255:29: Unable to assign [undefined] to bool
qrc:/ScrollBench/qml/GalleryViewSemanticScrollBench.qml:255:29: Unable to assign [undefined] to bool
qrc:/ScrollBench/qml/GalleryViewSemanticScrollBench.qml:255:29: Unable to assign [undefined] to bool
qrc:/ScrollBench/qml/GalleryViewSemanticScrollBench.qml:255:29: Unable to assign [undefined] to bool
qrc:/ScrollBench/qml/GalleryViewSemanticScrollBench.qml:255:29: Unable to assign [undefined] to bool
qrc:/ScrollBench/qml/GalleryViewSemanticScrollBench.qml:255:29: Unable to assign [undefined] to bool
qrc:/ScrollBench/qml/GalleryViewSemanticScrollBench.qml:255:29: Unable to assign [undefined] to bool
qrc:/ScrollBench/qml/GalleryViewSemanticScrollBench.qml:255:29: Unable to assign [undefined] to bool
qrc:/ScrollBench/qml/GalleryViewSemanticScrollBench.qml:255:29: Unable to assign [undefined] to bool
qrc:/ScrollBench/qml/GalleryViewSemanticScrollBench.qml:255:29: Unable to assign [undefined] to bool
qrc:/ScrollBench/qml/GalleryViewSemanticScrollBench.qml:255:29: Unable to assign [undefined] to bool
qrc:/ScrollBench/qml/GalleryViewSemanticScrollBench.qml:255:29: Unable to assign [undefined] to bool
qrc:/ScrollBench/qml/GalleryViewSemanticScrollBench.qml:255:29: Unable to assign [undefined] to bool
qrc:/ScrollBench/qml/GalleryViewSemanticScrollBench.qml:255:29: Unable to assign [undefined] to bool
qrc:/ScrollBench/qml/GalleryViewSemanticScrollBench.qml:255:29: Unable to assign [undefined] to bool
qrc:/ScrollBench/qml/GalleryViewSemanticScrollBench.qml:255:29: Unable to assign [undefined] to bool
qrc:/ScrollBench/qml/GalleryViewSemanticScrollBench.qml:255:29: Unable to assign [undefined] to bool
qrc:/ScrollBench/qml/GalleryViewSemanticScrollBench.qml:255:29: Unable to assign [undefined] to bool
qrc:/ScrollBench/qml/GalleryViewSemanticScrollBench.qml:255:29: Unable to assign [undefined] to bool
qrc:/ScrollBench/qml/GalleryViewSemanticScrollBench.qml:255:29: Unable to assign [undefined] to bool
qrc:/ScrollBench/qml/GalleryViewSemanticScrollBench.qml:255:29: Unable to assign [undefined] to bool
qrc:/ScrollBench/qml/GalleryViewSemanticScrollBench.qml:255:29: Unable to assign [undefined] to bool
qrc:/ScrollBench/qml/GalleryViewSemanticScrollBench.qml:255:29: Unable to assign [undefined] to bool
qrc:/ScrollBench/qml/GalleryViewSemanticScrollBench.qml:255:29: Unable to assign [undefined] to bool
qrc:/ScrollBench/qml/GalleryViewSemanticScrollBench.qml:255:29: Unable to assign [undefined] to bool
qrc:/ScrollBench/qml/GalleryViewSemanticScrollBench.qml:255:29: Unable to assign [undefined] to bool
qrc:/ScrollBench/qml/GalleryViewSemanticScrollBench.qml:255:29: Unable to assign [undefined] to bool
qrc:/ScrollBench/qml/GalleryViewSemanticScrollBench.qml:255:29: Unable to assign [undefined] to bool
qrc:/ScrollBench/qml/GalleryViewSemanticScrollBench.qml:255:29: Unable to assign [undefined] to bool
qrc:/ScrollBench/qml/GalleryViewSemanticScrollBench.qml:255:29: Unable to assign [undefined] to bool
qrc:/ScrollBench/qml/GalleryViewSemanticScrollBench.qml:255:29: Unable to assign [undefined] to bool
qrc:/ScrollBench/qml/GalleryViewSemanticScrollBench.qml:255:29: Unable to assign [undefined] to bool
qrc:/ScrollBench/qml/GalleryViewSemanticScrollBench.qml:255:29: Unable to assign [undefined] to bool
qrc:/ScrollBench/qml/GalleryViewSemanticScrollBench.qml:255:29: Unable to assign [undefined] to bool
qrc:/ScrollBench/qml/GalleryViewSemanticScrollBench.qml:255:29: Unable to assign [undefined] to bool
qrc:/ScrollBench/qml/GalleryViewSemanticScrollBench.qml:255:29: Unable to assign [undefined] to bool
[ "01:45:17.153" ][VideoThumbnailer] Entering extractFrame for "I:/MY SDCArds/S22 ultra/Camera/20260302_125841.heic"
[ "01:45:17.157" ][VideoThumbnailer] GPU decode enabled for "I:/MY SDCArds/S22 ultra/Screen recordings/Screen_Recording_20260309_204645_Brave_1_1.mp4"
[ "01:45:17.164" ][VideoThumbnailer] GPU decode enabled for "I:/MY SDCArds/S22 ultra/Camera/20260302_125832.heic"
qrc:/ScrollBench/qml/GalleryViewSemanticScrollBench.qml:255:29: Unable to assign [undefined] to bool
qrc:/ScrollBench/qml/GalleryViewSemanticScrollBench.qml:255:29: Unable to assign [undefined] to bool
qrc:/ScrollBench/qml/GalleryViewSemanticScrollBench.qml:255:29: Unable to assign [undefined] to bool
qrc:/ScrollBench/qml/GalleryViewSemanticScrollBench.qml:255:29: Unable to assign [undefined] to bool
qrc:/ScrollBench/qml/GalleryViewSemanticScrollBench.qml:255:29: Unable to assign [undefined] to bool
qrc:/ScrollBench/qml/GalleryViewSemanticScrollBench.qml:255:29: Unable to assign [undefined] to bool
qrc:/ScrollBench/qml/GalleryViewSemanticScrollBench.qml:255:29: Unable to assign [undefined] to bool
qrc:/ScrollBench/qml/GalleryViewSemanticScrollBench.qml:255:29: Unable to assign [undefined] to bool
qrc:/ScrollBench/qml/GalleryViewSemanticScrollBench.qml:255:29: Unable to assign [undefined] to bool
qrc:/ScrollBench/qml/GalleryViewSemanticScrollBench.qml:255:29: Unable to assign [undefined] to bool
qrc:/ScrollBench/qml/GalleryViewSemanticScrollBench.qml:255:29: Unable to assign [undefined] to bool
qrc:/ScrollBench/qml/GalleryViewSemanticScrollBench.qml:255:29: Unable to assign [undefined] to bool
qrc:/ScrollBench/qml/GalleryViewSemanticScrollBench.qml:255:29: Unable to assign [undefined] to bool
qrc:/ScrollBench/qml/GalleryViewSemanticScrollBench.qml:255:29: Unable to assign [undefined] to bool
qrc:/ScrollBench/qml/GalleryViewSemanticScrollBench.qml:255:29: Unable to assign [undefined] to bool
qrc:/ScrollBench/qml/GalleryViewSemanticScrollBench.qml:255:29: Unable to assign [undefined] to bool
qrc:/ScrollBench/qml/GalleryViewSemanticScrollBench.qml:255:29: Unable to assign [undefined] to bool
qrc:/ScrollBench/qml/GalleryViewSemanticScrollBench.qml:255:29: Unable to assign [undefined] to bool
[ "01:45:17.189" ][VideoThumbnailer] Entering extractFrame for "I:/MY SDCArds/S22 ultra/Camera/20260304_095454.heic"
qrc:/ScrollBench/qml/GalleryViewSemanticScrollBench.qml:255:29: Unable to assign [undefined] to bool
qrc:/ScrollBench/qml/GalleryViewSemanticScrollBench.qml:255:29: Unable to assign [undefined] to bool
qrc:/ScrollBench/qml/GalleryViewSemanticScrollBench.qml:255:29: Unable to assign [undefined] to bool
qrc:/ScrollBench/qml/GalleryViewSemanticScrollBench.qml:255:29: Unable to assign [undefined] to bool
qrc:/ScrollBench/qml/GalleryViewSemanticScrollBench.qml:255:29: Unable to assign [undefined] to bool
qrc:/ScrollBench/qml/GalleryViewSemanticScrollBench.qml:255:29: Unable to assign [undefined] to bool
qrc:/ScrollBench/qml/GalleryViewSemanticScrollBench.qml:255:29: Unable to assign [undefined] to bool
qrc:/ScrollBench/qml/GalleryViewSemanticScrollBench.qml:255:29: Unable to assign [undefined] to bool
qrc:/ScrollBench/qml/GalleryViewSemanticScrollBench.qml:255:29: Unable to assign [undefined] to bool
qrc:/ScrollBench/qml/GalleryViewSemanticScrollBench.qml:255:29: Unable to assign [undefined] to bool
qrc:/ScrollBench/qml/GalleryViewSemanticScrollBench.qml:255:29: Unable to assign [undefined] to bool
qrc:/ScrollBench/qml/GalleryViewSemanticScrollBench.qml:255:29: Unable to assign [undefined] to bool
qrc:/ScrollBench/qml/GalleryViewSemanticScrollBench.qml:255:29: Unable to assign [undefined] to bool
qrc:/ScrollBench/qml/GalleryViewSemanticScrollBench.qml:255:29: Unable to assign [undefined] to bool
qrc:/ScrollBench/qml/GalleryViewSemanticScrollBench.qml:255:29: Unable to assign [undefined] to bool
qrc:/ScrollBench/qml/GalleryViewSemanticScrollBench.qml:255:29: Unable to assign [undefined] to bool
qrc:/ScrollBench/qml/GalleryViewSemanticScrollBench.qml:255:29: Unable to assign [undefined] to bool
qrc:/ScrollBench/qml/GalleryViewSemanticScrollBench.qml:255:29: Unable to assign [undefined] to bool
qrc:/ScrollBench/qml/GalleryViewSemanticScrollBench.qml:255:29: Unable to assign [undefined] to bool
qrc:/ScrollBench/qml/GalleryViewSemanticScrollBench.qml:255:29: Unable to assign [undefined] to bool
qrc:/ScrollBench/qml/GalleryViewSemanticScrollBench.qml:255:29: Unable to assign [undefined] to bool
qrc:/ScrollBench/qml/GalleryViewSemanticScrollBench.qml:255:29: Unable to assign [undefined] to bool
qrc:/ScrollBench/qml/GalleryViewSemanticScrollBench.qml:255:29: Unable to assign [undefined] to bool
qrc:/ScrollBench/qml/GalleryViewSemanticScrollBench.qml:255:29: Unable to assign [undefined] to bool
qrc:/ScrollBench/qml/GalleryViewSemanticScrollBench.qml:255:29: Unable to assign [undefined] to bool
qrc:/ScrollBench/qml/GalleryViewSemanticScrollBench.qml:255:29: Unable to assign [undefined] to bool
qrc:/ScrollBench/qml/GalleryViewSemanticScrollBench.qml:255:29: Unable to assign [undefined] to bool
qrc:/ScrollBench/qml/GalleryViewSemanticScrollBench.qml:255:29: Unable to assign [undefined] to bool
qrc:/ScrollBench/qml/GalleryViewSemanticScrollBench.qml:255:29: Unable to assign [undefined] to bool
qrc:/ScrollBench/qml/GalleryViewSemanticScrollBench.qml:255:29: Unable to assign [undefined] to bool
qrc:/ScrollBench/qml/GalleryViewSemanticScrollBench.qml:255:29: Unable to assign [undefined] to bool
qrc:/ScrollBench/qml/GalleryViewSemanticScrollBench.qml:255:29: Unable to assign [undefined] to bool
qrc:/ScrollBench/qml/GalleryViewSemanticScrollBench.qml:255:29: Unable to assign [undefined] to bool
qrc:/ScrollBench/qml/GalleryViewSemanticScrollBench.qml:255:29: Unable to assign [undefined] to bool
qrc:/ScrollBench/qml/GalleryViewSemanticScrollBench.qml:255:29: Unable to assign [undefined] to bool
qrc:/ScrollBench/qml/GalleryViewSemanticScrollBench.qml:255:29: Unable to assign [undefined] to bool
[ "01:45:17.217" ][VideoThumbnailer] GPU decode enabled for "I:/MY SDCArds/S22 ultra/Camera/20260302_125841.heic"
[ "01:45:17.233" ][VideoThumbnailer] Entering extractFrame for "I:/MY SDCArds/S22 ultra/Camera/20260304_095501.heic"
qrc:/ScrollBench/qml/GalleryViewSemanticScrollBench.qml:255:29: Unable to assign [undefined] to bool
qrc:/ScrollBench/qml/GalleryViewSemanticScrollBench.qml:255:29: Unable to assign [undefined] to bool
qrc:/ScrollBench/qml/GalleryViewSemanticScrollBench.qml:255:29: Unable to assign [undefined] to bool
qrc:/ScrollBench/qml/GalleryViewSemanticScrollBench.qml:255:29: Unable to assign [undefined] to bool
qrc:/ScrollBench/qml/GalleryViewSemanticScrollBench.qml:255:29: Unable to assign [undefined] to bool
qrc:/ScrollBench/qml/GalleryViewSemanticScrollBench.qml:255:29: Unable to assign [undefined] to bool
qrc:/ScrollBench/qml/GalleryViewSemanticScrollBench.qml:255:29: Unable to assign [undefined] to bool
qrc:/ScrollBench/qml/GalleryViewSemanticScrollBench.qml:255:29: Unable to assign [undefined] to bool
qrc:/ScrollBench/qml/GalleryViewSemanticScrollBench.qml:255:29: Unable to assign [undefined] to bool
qrc:/ScrollBench/qml/GalleryViewSemanticScrollBench.qml:255:29: Unable to assign [undefined] to bool
qrc:/ScrollBench/qml/GalleryViewSemanticScrollBench.qml:255:29: Unable to assign [undefined] to bool
qrc:/ScrollBench/qml/GalleryViewSemanticScrollBench.qml:255:29: Unable to assign [undefined] to bool
qrc:/ScrollBench/qml/GalleryViewSemanticScrollBench.qml:255:29: Unable to assign [undefined] to bool
qrc:/ScrollBench/qml/GalleryViewSemanticScrollBench.qml:255:29: Unable to assign [undefined] to bool
qrc:/ScrollBench/qml/GalleryViewSemanticScrollBench.qml:255:29: Unable to assign [undefined] to bool
qrc:/ScrollBench/qml/GalleryViewSemanticScrollBench.qml:255:29: Unable to assign [undefined] to bool
qrc:/ScrollBench/qml/GalleryViewSemanticScrollBench.qml:255:29: Unable to assign [undefined] to bool
qrc:/ScrollBench/qml/GalleryViewSemanticScrollBench.qml:255:29: Unable to assign [undefined] to bool
qrc:/ScrollBench/qml/GalleryViewSemanticScrollBench.qml:255:29: Unable to assign [undefined] to bool
qrc:/ScrollBench/qml/GalleryViewSemanticScrollBench.qml:255:29: Unable to assign [undefined] to bool
qrc:/ScrollBench/qml/GalleryViewSemanticScrollBench.qml:255:29: Unable to assign [undefined] to bool
qrc:/ScrollBench/qml/GalleryViewSemanticScrollBench.qml:255:29: Unable to assign [undefined] to bool
qrc:/ScrollBench/qml/GalleryViewSemanticScrollBench.qml:255:29: Unable to assign [undefined] to bool
qrc:/ScrollBench/qml/GalleryViewSemanticScrollBench.qml:255:29: Unable to assign [undefined] to bool
qrc:/ScrollBench/qml/GalleryViewSemanticScrollBench.qml:255:29: Unable to assign [undefined] to bool
qrc:/ScrollBench/qml/GalleryViewSemanticScrollBench.qml:255:29: Unable to assign [undefined] to bool
qrc:/ScrollBench/qml/GalleryViewSemanticScrollBench.qml:255:29: Unable to assign [undefined] to bool
qrc:/ScrollBench/qml/GalleryViewSemanticScrollBench.qml:255:29: Unable to assign [undefined] to bool
qrc:/ScrollBench/qml/GalleryViewSemanticScrollBench.qml:255:29: Unable to assign [undefined] to bool
qrc:/ScrollBench/qml/GalleryViewSemanticScrollBench.qml:255:29: Unable to assign [undefined] to bool
qrc:/ScrollBench/qml/GalleryViewSemanticScrollBench.qml:255:29: Unable to assign [undefined] to bool
qrc:/ScrollBench/qml/GalleryViewSemanticScrollBench.qml:255:29: Unable to assign [undefined] to bool
qrc:/ScrollBench/qml/GalleryViewSemanticScrollBench.qml:255:29: Unable to assign [undefined] to bool
qrc:/ScrollBench/qml/GalleryViewSemanticScrollBench.qml:255:29: Unable to assign [undefined] to bool
qrc:/ScrollBench/qml/GalleryViewSemanticScrollBench.qml:255:29: Unable to assign [undefined] to bool
qrc:/ScrollBench/qml/GalleryViewSemanticScrollBench.qml:255:29: Unable to assign [undefined] to bool
[ "01:45:17.275" ][VideoThumbnailer] GPU decode enabled for "I:/MY SDCArds/S22 ultra/Camera/20260304_095454.heic"
[ "01:45:17.288" ][VideoThumbnailer] Entering extractFrame for "I:/MY SDCArds/S22 ultra/Camera/20260304_102533.heic"
qrc:/ScrollBench/qml/GalleryViewSemanticScrollBench.qml:255:29: Unable to assign [undefined] to bool
qrc:/ScrollBench/qml/GalleryViewSemanticScrollBench.qml:255:29: Unable to assign [undefined] to bool
qrc:/ScrollBench/qml/GalleryViewSemanticScrollBench.qml:255:29: Unable to assign [undefined] to bool
qrc:/ScrollBench/qml/GalleryViewSemanticScrollBench.qml:255:29: Unable to assign [undefined] to bool
qrc:/ScrollBench/qml/GalleryViewSemanticScrollBench.qml:255:29: Unable to assign [undefined] to bool
qrc:/ScrollBench/qml/GalleryViewSemanticScrollBench.qml:255:29: Unable to assign [undefined] to bool
qrc:/ScrollBench/qml/GalleryViewSemanticScrollBench.qml:255:29: Unable to assign [undefined] to bool
qrc:/ScrollBench/qml/GalleryViewSemanticScrollBench.qml:255:29: Unable to assign [undefined] to bool
qrc:/ScrollBench/qml/GalleryViewSemanticScrollBench.qml:255:29: Unable to assign [undefined] to bool
qrc:/ScrollBench/qml/GalleryViewSemanticScrollBench.qml:255:29: Unable to assign [undefined] to bool
qrc:/ScrollBench/qml/GalleryViewSemanticScrollBench.qml:255:29: Unable to assign [undefined] to bool
qrc:/ScrollBench/qml/GalleryViewSemanticScrollBench.qml:255:29: Unable to assign [undefined] to bool
qrc:/ScrollBench/qml/GalleryViewSemanticScrollBench.qml:255:29: Unable to assign [undefined] to bool
qrc:/ScrollBench/qml/GalleryViewSemanticScrollBench.qml:255:29: Unable to assign [undefined] to bool
qrc:/ScrollBench/qml/GalleryViewSemanticScrollBench.qml:255:29: Unable to assign [undefined] to bool
qrc:/ScrollBench/qml/GalleryViewSemanticScrollBench.qml:255:29: Unable to assign [undefined] to bool
qrc:/ScrollBench/qml/GalleryViewSemanticScrollBench.qml:255:29: Unable to assign [undefined] to bool
qrc:/ScrollBench/qml/GalleryViewSemanticScrollBench.qml:255:29: Unable to assign [undefined] to bool
[ "01:45:17.310" ][VideoThumbnailer] Entering extractFrame for "I:/MY SDCArds/S22 ultra/Camera/20260306_140557.heic"
[ "01:45:17.312" ][VideoThumbnailer] GPU decode enabled for "I:/MY SDCArds/S22 ultra/Camera/20260304_095501.heic"
qrc:/ScrollBench/qml/GalleryViewSemanticScrollBench.qml:255:29: Unable to assign [undefined] to bool
qrc:/ScrollBench/qml/GalleryViewSemanticScrollBench.qml:255:29: Unable to assign [undefined] to bool
qrc:/ScrollBench/qml/GalleryViewSemanticScrollBench.qml:255:29: Unable to assign [undefined] to bool
qrc:/ScrollBench/qml/GalleryViewSemanticScrollBench.qml:255:29: Unable to assign [undefined] to bool
qrc:/ScrollBench/qml/GalleryViewSemanticScrollBench.qml:255:29: Unable to assign [undefined] to bool
qrc:/ScrollBench/qml/GalleryViewSemanticScrollBench.qml:255:29: Unable to assign [undefined] to bool
qrc:/ScrollBench/qml/GalleryViewSemanticScrollBench.qml:255:29: Unable to assign [undefined] to bool
qrc:/ScrollBench/qml/GalleryViewSemanticScrollBench.qml:255:29: Unable to assign [undefined] to bool
qrc:/ScrollBench/qml/GalleryViewSemanticScrollBench.qml:255:29: Unable to assign [undefined] to bool
qrc:/ScrollBench/qml/GalleryViewSemanticScrollBench.qml:255:29: Unable to assign [undefined] to bool
qrc:/ScrollBench/qml/GalleryViewSemanticScrollBench.qml:255:29: Unable to assign [undefined] to bool
qrc:/ScrollBench/qml/GalleryViewSemanticScrollBench.qml:255:29: Unable to assign [undefined] to bool
qrc:/ScrollBench/qml/GalleryViewSemanticScrollBench.qml:255:29: Unable to assign [undefined] to bool
qrc:/ScrollBench/qml/GalleryViewSemanticScrollBench.qml:255:29: Unable to assign [undefined] to bool
qrc:/ScrollBench/qml/GalleryViewSemanticScrollBench.qml:255:29: Unable to assign [undefined] to bool
qrc:/ScrollBench/qml/GalleryViewSemanticScrollBench.qml:255:29: Unable to assign [undefined] to bool
qrc:/ScrollBench/qml/GalleryViewSemanticScrollBench.qml:255:29: Unable to assign [undefined] to bool
qrc:/ScrollBench/qml/GalleryViewSemanticScrollBench.qml:255:29: Unable to assign [undefined] to bool
[ "01:45:17.320" ][VideoThumbnailer] GPU decode enabled for "I:/MY SDCArds/S22 ultra/Camera/20260304_102533.heic"
qrc:/ScrollBench/qml/GalleryViewSemanticScrollBench.qml:255:29: Unable to assign [undefined] to bool
qrc:/ScrollBench/qml/GalleryViewSemanticScrollBench.qml:255:29: Unable to assign [undefined] to bool
qrc:/ScrollBench/qml/GalleryViewSemanticScrollBench.qml:255:29: Unable to assign [undefined] to bool
qrc:/ScrollBench/qml/GalleryViewSemanticScrollBench.qml:255:29: Unable to assign [undefined] to bool
qrc:/ScrollBench/qml/GalleryViewSemanticScrollBench.qml:255:29: Unable to assign [undefined] to bool
qrc:/ScrollBench/qml/GalleryViewSemanticScrollBench.qml:255:29: Unable to assign [undefined] to bool
qrc:/ScrollBench/qml/GalleryViewSemanticScrollBench.qml:255:29: Unable to assign [undefined] to bool
qrc:/ScrollBench/qml/GalleryViewSemanticScrollBench.qml:255:29: Unable to assign [undefined] to bool
qrc:/ScrollBench/qml/GalleryViewSemanticScrollBench.qml:255:29: Unable to assign [undefined] to bool
qrc:/ScrollBench/qml/GalleryViewSemanticScrollBench.qml:255:29: Unable to assign [undefined] to bool
qrc:/ScrollBench/qml/GalleryViewSemanticScrollBench.qml:255:29: Unable to assign [undefined] to bool
qrc:/ScrollBench/qml/GalleryViewSemanticScrollBench.qml:255:29: Unable to assign [undefined] to bool
qrc:/ScrollBench/qml/GalleryViewSemanticScrollBench.qml:255:29: Unable to assign [undefined] to bool
qrc:/ScrollBench/qml/GalleryViewSemanticScrollBench.qml:255:29: Unable to assign [undefined] to bool
qrc:/ScrollBench/qml/GalleryViewSemanticScrollBench.qml:255:29: Unable to assign [undefined] to bool
qrc:/ScrollBench/qml/GalleryViewSemanticScrollBench.qml:255:29: Unable to assign [undefined] to bool
qrc:/ScrollBench/qml/GalleryViewSemanticScrollBench.qml:255:29: Unable to assign [undefined] to bool
qrc:/ScrollBench/qml/GalleryViewSemanticScrollBench.qml:255:29: Unable to assign [undefined] to bool
qrc:/ScrollBench/qml/GalleryViewSemanticScrollBench.qml:255:29: Unable to assign [undefined] to bool
qrc:/ScrollBench/qml/GalleryViewSemanticScrollBench.qml:255:29: Unable to assign [undefined] to bool
qrc:/ScrollBench/qml/GalleryViewSemanticScrollBench.qml:255:29: Unable to assign [undefined] to bool
qrc:/ScrollBench/qml/GalleryViewSemanticScrollBench.qml:255:29: Unable to assign [undefined] to bool
qrc:/ScrollBench/qml/GalleryViewSemanticScrollBench.qml:255:29: Unable to assign [undefined] to bool
qrc:/ScrollBench/qml/GalleryViewSemanticScrollBench.qml:255:29: Unable to assign [undefined] to bool
qrc:/ScrollBench/qml/GalleryViewSemanticScrollBench.qml:255:29: Unable to assign [undefined] to bool
qrc:/ScrollBench/qml/GalleryViewSemanticScrollBench.qml:255:29: Unable to assign [undefined] to bool
qrc:/ScrollBench/qml/GalleryViewSemanticScrollBench.qml:255:29: Unable to assign [undefined] to bool
qrc:/ScrollBench/qml/GalleryViewSemanticScrollBench.qml:255:29: Unable to assign [undefined] to bool
qrc:/ScrollBench/qml/GalleryViewSemanticScrollBench.qml:255:29: Unable to assign [undefined] to bool
qrc:/ScrollBench/qml/GalleryViewSemanticScrollBench.qml:255:29: Unable to assign [undefined] to bool
qrc:/ScrollBench/qml/GalleryViewSemanticScrollBench.qml:255:29: Unable to assign [undefined] to bool
qrc:/ScrollBench/qml/GalleryViewSemanticScrollBench.qml:255:29: Unable to assign [undefined] to bool
qrc:/ScrollBench/qml/GalleryViewSemanticScrollBench.qml:255:29: Unable to assign [undefined] to bool
qrc:/ScrollBench/qml/GalleryViewSemanticScrollBench.qml:255:29: Unable to assign [undefined] to bool
qrc:/ScrollBench/qml/GalleryViewSemanticScrollBench.qml:255:29: Unable to assign [undefined] to bool
qrc:/ScrollBench/qml/GalleryViewSemanticScrollBench.qml:255:29: Unable to assign [undefined] to bool
[ "01:45:17.374" ][VideoThumbnailer] GPU decode enabled for "I:/MY SDCArds/S22 ultra/Camera/20260306_140557.heic"
[ "01:45:17.375" ][VideoThumbnailer] Entering extractFrame for "I:/MY SDCArds/S22 ultra/Camera/20260302_124450.heic"
qrc:/ScrollBench/qml/GalleryViewSemanticScrollBench.qml:255:29: Unable to assign [undefined] to bool
qrc:/ScrollBench/qml/GalleryViewSemanticScrollBench.qml:255:29: Unable to assign [undefined] to bool
qrc:/ScrollBench/qml/GalleryViewSemanticScrollBench.qml:255:29: Unable to assign [undefined] to bool
qrc:/ScrollBench/qml/GalleryViewSemanticScrollBench.qml:255:29: Unable to assign [undefined] to bool
qrc:/ScrollBench/qml/GalleryViewSemanticScrollBench.qml:255:29: Unable to assign [undefined] to bool
qrc:/ScrollBench/qml/GalleryViewSemanticScrollBench.qml:255:29: Unable to assign [undefined] to bool
qrc:/ScrollBench/qml/GalleryViewSemanticScrollBench.qml:255:29: Unable to assign [undefined] to bool
qrc:/ScrollBench/qml/GalleryViewSemanticScrollBench.qml:255:29: Unable to assign [undefined] to bool
qrc:/ScrollBench/qml/GalleryViewSemanticScrollBench.qml:255:29: Unable to assign [undefined] to bool
qrc:/ScrollBench/qml/GalleryViewSemanticScrollBench.qml:255:29: Unable to assign [undefined] to bool
qrc:/ScrollBench/qml/GalleryViewSemanticScrollBench.qml:255:29: Unable to assign [undefined] to bool
qrc:/ScrollBench/qml/GalleryViewSemanticScrollBench.qml:255:29: Unable to assign [undefined] to bool
qrc:/ScrollBench/qml/GalleryViewSemanticScrollBench.qml:255:29: Unable to assign [undefined] to bool
qrc:/ScrollBench/qml/GalleryViewSemanticScrollBench.qml:255:29: Unable to assign [undefined] to bool
qrc:/ScrollBench/qml/GalleryViewSemanticScrollBench.qml:255:29: Unable to assign [undefined] to bool
qrc:/ScrollBench/qml/GalleryViewSemanticScrollBench.qml:255:29: Unable to assign [undefined] to bool
qrc:/ScrollBench/qml/GalleryViewSemanticScrollBench.qml:255:29: Unable to assign [undefined] to bool
qrc:/ScrollBench/qml/GalleryViewSemanticScrollBench.qml:255:29: Unable to assign [undefined] to bool
[ "01:45:17.385" ][VideoThumbnailer] Entering extractFrame for "I:/MY SDCArds/S22 ultra/Camera/20260307_095332.heic"
qrc:/ScrollBench/qml/GalleryViewSemanticScrollBench.qml:255:29: Unable to assign [undefined] to bool
qrc:/ScrollBench/qml/GalleryViewSemanticScrollBench.qml:255:29: Unable to assign [undefined] to bool
qrc:/ScrollBench/qml/GalleryViewSemanticScrollBench.qml:255:29: Unable to assign [undefined] to bool
qrc:/ScrollBench/qml/GalleryViewSemanticScrollBench.qml:255:29: Unable to assign [undefined] to bool
qrc:/ScrollBench/qml/GalleryViewSemanticScrollBench.qml:255:29: Unable to assign [undefined] to bool
qrc:/ScrollBench/qml/GalleryViewSemanticScrollBench.qml:255:29: Unable to assign [undefined] to bool
qrc:/ScrollBench/qml/GalleryViewSemanticScrollBench.qml:255:29: Unable to assign [undefined] to bool
qrc:/ScrollBench/qml/GalleryViewSemanticScrollBench.qml:255:29: Unable to assign [undefined] to bool
qrc:/ScrollBench/qml/GalleryViewSemanticScrollBench.qml:255:29: Unable to assign [undefined] to bool
qrc:/ScrollBench/qml/GalleryViewSemanticScrollBench.qml:255:29: Unable to assign [undefined] to bool
qrc:/ScrollBench/qml/GalleryViewSemanticScrollBench.qml:255:29: Unable to assign [undefined] to bool
qrc:/ScrollBench/qml/GalleryViewSemanticScrollBench.qml:255:29: Unable to assign [undefined] to bool
qrc:/ScrollBench/qml/GalleryViewSemanticScrollBench.qml:255:29: Unable to assign [undefined] to bool
qrc:/ScrollBench/qml/GalleryViewSemanticScrollBench.qml:255:29: Unable to assign [undefined] to bool
qrc:/ScrollBench/qml/GalleryViewSemanticScrollBench.qml:255:29: Unable to assign [undefined] to bool
qrc:/ScrollBench/qml/GalleryViewSemanticScrollBench.qml:255:29: Unable to assign [undefined] to bool
qrc:/ScrollBench/qml/GalleryViewSemanticScrollBench.qml:255:29: Unable to assign [undefined] to bool
qrc:/ScrollBench/qml/GalleryViewSemanticScrollBench.qml:255:29: Unable to assign [undefined] to bool
[ "01:45:17.408" ][VideoThumbnailer] Entering extractFrame for "I:/MY SDCArds/S22 ultra/Camera/20260307_101412.heic"
[ "01:45:17.436" ][VideoThumbnailer] GPU decode enabled for "I:/MY SDCArds/S22 ultra/Camera/20260302_124450.heic"
[ "01:45:17.445" ][VideoThumbnailer] GPU decode enabled for "I:/MY SDCArds/S22 ultra/Camera/20260307_095332.heic"
[ "01:45:17.465" ][VideoThumbnailer] GPU decode enabled for "I:/MY SDCArds/S22 ultra/Camera/20260307_101412.heic"
[ "01:45:17.472" ][VideoThumbnailer] Entering extractFrame for "I:/MY SDCArds/S22 ultra/Camera/20260313_085854.heic"
[ "01:45:17.512" ][VideoThumbnailer] Entering extractFrame for "I:/MY SDCArds/S22 ultra/Camera/20260313_112133.heic"
[ "01:45:17.517" ][VideoThumbnailer] Entering extractFrame for "I:/MY SDCArds/S22 ultra/Camera/20260312_110058.heic"
[ "01:45:17.521" ][SystemMonitor] Stats Update: CPU App: 36.828 % | Sys: 90.8602 % | RAM App: 5466.54 MB | Sys Avail: 33812.4 MB / 65466.5 MB
[SystemMonitor] Resource Update: RAM: 5466.54 MB (Delta: -437.586 ) | VRAM: 1442.45 MB (Delta: 70.625 )
[ "01:45:17.534" ][VideoThumbnailer] GPU decode enabled for "I:/MY SDCArds/S22 ultra/Camera/20260313_085854.heic"
[ "01:45:17.573" ][VideoThumbnailer] Entering extractFrame for "I:/MY SDCArds/S22 ultra/Camera/20260316_083405.heic"
[ "01:45:17.577" ][VideoThumbnailer] GPU decode enabled for "I:/MY SDCArds/S22 ultra/Camera/20260312_110058.heic"
[ "01:45:17.591" ][VideoThumbnailer] GPU decode enabled for "I:/MY SDCArds/S22 ultra/Camera/20260313_112133.heic"
[ "01:45:17.609" ][VideoThumbnailer] Entering extractFrame for "I:/MY SDCArds/S22 ultra/Camera/20260523_151537.heic"
[ "01:45:17.629" ][VideoThumbnailer] Entering extractFrame for "I:/MY SDCArds/S22 ultra/100_CINE/MOV_0058.MP4"
[ "01:45:17.632" ][VideoThumbnailer] GPU decode enabled for "I:/MY SDCArds/S22 ultra/Camera/20260316_083405.heic"
qrc:/ScrollBench/qml/GalleryViewSemanticScrollBench.qml:255:29: Unable to assign [undefined] to bool
qrc:/ScrollBench/qml/GalleryViewSemanticScrollBench.qml:255:29: Unable to assign [undefined] to bool
qrc:/ScrollBench/qml/GalleryViewSemanticScrollBench.qml:255:29: Unable to assign [undefined] to bool
qrc:/ScrollBench/qml/GalleryViewSemanticScrollBench.qml:255:29: Unable to assign [undefined] to bool
qrc:/ScrollBench/qml/GalleryViewSemanticScrollBench.qml:255:29: Unable to assign [undefined] to bool
qrc:/ScrollBench/qml/GalleryViewSemanticScrollBench.qml:255:29: Unable to assign [undefined] to bool
qrc:/ScrollBench/qml/GalleryViewSemanticScrollBench.qml:255:29: Unable to assign [undefined] to bool
qrc:/ScrollBench/qml/GalleryViewSemanticScrollBench.qml:255:29: Unable to assign [undefined] to bool
qrc:/ScrollBench/qml/GalleryViewSemanticScrollBench.qml:255:29: Unable to assign [undefined] to bool
qrc:/ScrollBench/qml/GalleryViewSemanticScrollBench.qml:255:29: Unable to assign [undefined] to bool
qrc:/ScrollBench/qml/GalleryViewSemanticScrollBench.qml:255:29: Unable to assign [undefined] to bool
qrc:/ScrollBench/qml/GalleryViewSemanticScrollBench.qml:255:29: Unable to assign [undefined] to bool
qrc:/ScrollBench/qml/GalleryViewSemanticScrollBench.qml:255:29: Unable to assign [undefined] to bool
qrc:/ScrollBench/qml/GalleryViewSemanticScrollBench.qml:255:29: Unable to assign [undefined] to bool
qrc:/ScrollBench/qml/GalleryViewSemanticScrollBench.qml:255:29: Unable to assign [undefined] to bool
qrc:/ScrollBench/qml/GalleryViewSemanticScrollBench.qml:255:29: Unable to assign [undefined] to bool
qrc:/ScrollBench/qml/GalleryViewSemanticScrollBench.qml:255:29: Unable to assign [undefined] to bool
qrc:/ScrollBench/qml/GalleryViewSemanticScrollBench.qml:255:29: Unable to assign [undefined] to bool
[ "01:45:17.649" ][VideoThumbnailer] Entering extractFrame for "I:/MY SDCArds/S22 ultra/Camera/20260523_153729.heic"
[ "01:45:17.675" ][VideoThumbnailer] Entering extractFrame for "I:/MY SDCArds/S22 ultra/Camera/20260523_151543.heic"
[AdaptiveIO] Stats:  "I:/"  Avg:  54.2575  Limit:  4  ActiveWeight:  31
[ "01:45:17.704" ][VideoThumbnailer] Entering extractFrame for "I:/MY SDCArds/S22 ultra/100_CINE/MOV_0062.MP4"
[ "01:45:17.728" ][VideoThumbnailer] Entering extractFrame for "I:/MY SDCArds/S22 ultra/Camera/20260523_153731.heic"
[ "01:45:17.754" ][VideoThumbnailer] Entering extractFrame for "I:/MY SDCArds/S22 ultra/Camera/20260219_101510.heic"
[ "01:45:17.782" ][VideoThumbnailer] Entering extractFrame for "I:/MY SDCArds/S22 ultra/Camera/20260523_165909.heic"
[ "01:45:17.791" ][VideoThumbnailer] GPU decode enabled for "I:/MY SDCArds/S22 ultra/Camera/20260219_101510.heic"
[ "01:45:17.792" ][VideoThumbnailer] Entering extractFrame for "I:/MY SDCArds/S22 ultra/Camera/20260315_201735.mp4"
[ "01:45:17.817" ][VideoThumbnailer] Entering extractFrame for "I:/MY SDCArds/S22 ultra/Camera/20260527_100008.heic"
[ "01:45:17.833" ][VideoThumbnailer] Entering extractFrame for "I:/MY SDCArds/S22 ultra/Camera/20260527_100003.heic"
[ "01:45:17.847" ][VideoThumbnailer] GPU decode enabled for "I:/MY SDCArds/S22 ultra/Camera/20260315_201735.mp4"
[ "01:45:17.851" ][VideoThumbnailer] Entering extractFrame for "I:/MY SDCArds/S22 ultra/Camera/20260530_092051.heic"
[ "01:45:17.870" ][VideoThumbnailer] Entering extractFrame for "I:/MY SDCArds/S22 ultra/Camera/20260531_180226.heic"
[ "01:45:17.885" ][VideoThumbnailer] Entering extractFrame for "I:/MY SDCArds/S22 ultra/Camera/20260530_165704.heic"
[ "01:45:17.901" ][VideoThumbnailer] Entering extractFrame for "I:/MY SDCArds/S22 ultra/Camera/2157db40a81fafeb6293e0f8f0a9eed1.mp4"
[ "01:45:17.904" ][VideoThumbnailer] Entering extractFrame for "I:/MY SDCArds/S22 ultra/Camera/20260603_160727.heic"
[ "01:45:17.921" ][VideoThumbnailer] Entering extractFrame for "I:/MY SDCArds/S22 ultra/Camera/20260603_160728.heic"
[ "01:45:17.926" ][VideoThumbnailer] Entering extractFrame for "I:/MY SDCArds/S22 ultra/Camera/20260603_160730.heic"
[ "01:45:17.932" ][VideoThumbnailer] Entering extractFrame for "I:/MY SDCArds/S22 ultra/Camera/849e3afbf19e6f76c499963247a3f97a.mp4"
[ "01:45:17.935" ][VideoThumbnailer] Entering extractFrame for "I:/MY SDCArds/S22 ultra/Camera/20260603_173730.heic"
[ "01:45:17.952" ][VideoThumbnailer] Entering extractFrame for "I:/MY SDCArds/S22 ultra/Camera/20260527_100011.heic"
[ "01:45:17.958" ][VideoThumbnailer] Entering extractFrame for "I:/MY SDCArds/S22 ultra/Camera/20260524_122413.heic"
[ "01:45:17.999" ][VideoThumbnailer] Entering extractFrame for "I:/MY SDCArds/S22 ultra/Camera/20260606_103702.heic"
[ "01:45:18.005" ][VideoThumbnailer] Entering extractFrame for "I:/MY SDCArds/S22 ultra/Camera/937b9d9fb5fecb91f26651cad138c9f2.mp4"
[ "01:45:18.067" ][VideoThumbnailer] Entering extractFrame for "I:/MY SDCArds/S22 ultra/Camera/20260606_103659.heic"
[ "01:45:18.085" ][VideoThumbnailer] Entering extractFrame for "I:/MY SDCArds/S22 ultra/Whatsapp/VID-20230923-WA0011.mp4"
[ "01:45:18.095" ][VideoThumbnailer] Entering extractFrame for "I:/MY SDCArds/S22 ultra/Camera/20260606_103715.heic"
[ "01:45:18.126" ][VideoThumbnailer] Entering extractFrame for "I:/MY SDCArds/S22 ultra/Camera/946d1797055b1d45ed9ba152c6d4db11.mp4"
[ "01:45:18.164" ][VideoThumbnailer] Entering extractFrame for "I:/MY SDCArds/S22 ultra/Snapchat/Snapchat-1717667834.mp4"
[AdaptiveIO] Stats:  "I:/"  Avg:  31.1187  Limit:  4  ActiveWeight:  30
[ "01:45:18.280" ][VideoThumbnailer] Entering extractFrame for "I:/MY SDCArds/S22 ultra/Camera/20260606_103731.heic"
[QML ViewportRange] Precise detected range: 0 to 233 (234 items)
setVisibleEndIndex called with: 233
[ViewportCulling] Current settings: m_viewportCullingEnabled= true , BUFFER_SIZE= 50
[ViewportCulling] RANGE UPDATE: 
  Viewport indices: 0 to 233 ( 234 items) 
  Buffered range: 0 to 283 ( 284 items with BUFFER_SIZE= 50 ) 
  Total items in model: 8948
[ViewportCulling] Setting 284 visible paths in VRM
[VRM] Total visible paths: 284 Sample: "I:/MY SDCArds/S22 ultra/Facebook/FB_IMG_1637162332411.jpg"
[ViewportCulling] Requested: 0 | Already loaded: 284 | Total in range: 284
[ "01:45:18.597" ][SystemMonitor] Stats Update: CPU App: 63.285 % | Sys: 96.8599 % | RAM App: 6431.5 MB | Sys Avail: 32849.2 MB / 65466.5 MB
[SystemMonitor] Resource Update: RAM: 6431.5 MB (Delta: 964.965 ) | VRAM: 2957.66 MB (Delta: 1515.21 )
[ "01:45:18.902" ][VideoThumbnailer] Entering extractFrame for "I:/MY SDCArds/S22 ultra/Ezviz/1754068438705.mp4"
[AdaptiveIO] Stats:  "I:/"  Avg:  26.5  Limit:  4  ActiveWeight:  30
[ "01:45:18.945" ][VideoThumbnailer] Entering extractFrame for "I:/MY SDCArds/S22 ultra/Ezviz/1752069828324.mp4"
[ "01:45:19.296" ][VideoThumbnailer] Entering extractFrame for "I:/MY SDCArds/S22 ultra/Snapchat/Snapchat-1390399253.mp4"
[AdaptiveIO] Stats:  "I:/"  Avg:  28.1071  Limit:  4  ActiveWeight:  29
[ "01:45:19.513" ][SystemMonitor] Stats Update: CPU App: 53.7356 % | Sys: 93.9655 % | RAM App: 7359.99 MB | Sys Avail: 31934.4 MB / 65466.5 MB
[SystemMonitor] Resource Update: RAM: 7359.99 MB (Delta: 928.488 ) | VRAM: 1366.41 MB (Delta: -1591.25 )
[AdaptiveIO] Stats:  "I:/"  Avg:  16.9925  Limit:  4  ActiveWeight:  30
[ "01:45:20.082" ][VideoThumbnailer] Entering extractFrame for "I:/MY SDCArds/S22 ultra/Camera/20260606_103712.heic"
TelemetryMonitor: Processed 300 frames. Current FPS: 16
[ "01:45:20.168" ][VideoThumbnailer] Entering extractFrame for "I:/MY SDCArds/S22 ultra/Camera/20260526_113042.heic"
[ "01:45:20.168" ][VideoThumbnailer] Entering extractFrame for "I:/MY SDCArds/S22 ultra/Camera/20260324_113828.heic"
[AdaptiveIO] Stats:  "I:/"  Avg:  9.77765  Limit:  4  ActiveWeight:  24
[ "01:45:20.201" ][VideoThumbnailer] GPU decode enabled for "I:/MY SDCArds/S22 ultra/Camera/20260324_113828.heic"
[ "01:45:20.459" ][VideoThumbnailer] Entering extractFrame for "I:/MY SDCArds/S22 ultra/Snapchat/Snapchat-235618355.mp4"
[ "01:45:20.500" ][VideoThumbnailer] Entering extractFrame for "I:/MY SDCArds/S22 ultra/Snapchat/Snapchat-2127517485.mp4"
[ "01:45:20.502" ][SystemMonitor] Stats Update: CPU App: 59.8958 % | Sys: 95.5729 % | RAM App: 8653.08 MB | Sys Avail: 30559.4 MB / 65466.5 MB
[SystemMonitor] Resource Update: RAM: 8653.08 MB (Delta: 1293.09 ) | VRAM: 1736.73 MB (Delta: 370.324 )
[Diagnostics] CRITICAL: "Load stalled for 5s. Pending: 30. Stuck: I:/MY SDCArds/S22 ultra/Screenshots/Screenshot_20220306-210932_Instagram.jpg?idx=123, I:/MY SDCArds/S22 ultra/Screenshots/Screenshot_20220306-211054_Instagram.jpg?idx=129, I:/MY SDCArds/S22 ultra/S..."
[DiagnosticsUI] CRITICAL ISSUE: Load stalled for 5s. Pending: 30. Stuck: I:/MY SDCArds/S22 ultra/Screenshots/Screenshot_20220306-210932_Instagram.jpg?idx=123, I:/MY SDCArds/S22 ultra/Screenshots/Screenshot_20220306-211054_Instagram.jpg?idx=129, I:/MY SDCArds/S22 ultra/S...
[AdaptiveIO] Stats:  "I:/"  Avg:  19.8304  Limit:  4  ActiveWeight:  29
[ "01:45:20.780" ][VideoThumbnailer] Entering extractFrame for "I:/MY SDCArds/S22 ultra/Snapchat/Snapchat-647663909.mp4"
[ "01:45:20.829" ][VideoThumbnailer] Entering extractFrame for "I:/MY SDCArds/S22 ultra/Snapchat/Snapchat-1429238178.mp4"
[ "01:45:20.926" ][VideoThumbnailer] Entering extractFrame for "I:/MY SDCArds/S22 ultra/Snapchat/Snapchat-1932978751.mp4"
[ "01:45:21.006" ][VideoThumbnailer] Entering extractFrame for "I:/MY SDCArds/S22 ultra/Whatsapp/VID-20230809-WA0002.mp4"
[AdaptiveIO] Stats:  "I:/"  Avg:  16.7374  Limit:  4  ActiveWeight:  30
[ "01:45:21.502" ][SystemMonitor] Stats Update: CPU App: 60.1563 % | Sys: 91.1458 % | RAM App: 9690.2 MB | Sys Avail: 29517.1 MB / 65466.5 MB
[SystemMonitor] Resource Update: RAM: 9690.2 MB (Delta: 1037.12 ) | VRAM: 1736.73 MB (Delta: 0 )
[Diagnostics] CRITICAL: "Load stalled for 6s. Pending: 15. Stuck: I:/MY SDCArds/S22 ultra/Canon/IMG_2081.JPG?idx=306, I:/MY SDCArds/S22 ultra/Canon/IMG_2085.JPG?idx=305, I:/MY SDCArds/S22 ultra/Canon/IMG_2153.JPG?idx=304, I:/MY SDCArds/S22 ultra/Canon/IMG_2158.JP..."
[DiagnosticsUI] CRITICAL ISSUE: Load stalled for 6s. Pending: 15. Stuck: I:/MY SDCArds/S22 ultra/Canon/IMG_2081.JPG?idx=306, I:/MY SDCArds/S22 ultra/Canon/IMG_2085.JPG?idx=305, I:/MY SDCArds/S22 ultra/Canon/IMG_2153.JPG?idx=304, I:/MY SDCArds/S22 ultra/Canon/IMG_2158.JP...
[ "01:45:21.567" ][VideoThumbnailer] Entering extractFrame for "I:/MY SDCArds/S22 ultra/Camera/20260618_122310.heic"
[ "01:45:21.616" ][VideoThumbnailer] Entering extractFrame for "I:/MY SDCArds/S22 ultra/Camera/20260618_133902.heic"
[ "01:45:21.770" ][VideoThumbnailer] Entering extractFrame for "I:/MY SDCArds/S22 ultra/Snapchat/Snapchat-1932978751.mp4"
[ "01:45:21.769" ][VideoThumbnailer] Entering extractFrame for "I:/MY SDCArds/S22 ultra/Whatsapp/VID-20230809-WA0002.mp4"
[ "01:45:21.783" ][VideoThumbnailer] GPU decode enabled for "I:/MY SDCArds/S22 ultra/Whatsapp/VID-20230809-WA0002.mp4"
[ "01:45:21.800" ][VideoThumbnailer] GPU decode enabled for "I:/MY SDCArds/S22 ultra/Snapchat/Snapchat-1932978751.mp4"
[ "01:45:21.855" ][VideoThumbnailer] Entering extractFrame for "I:/MY SDCArds/S22 ultra/Whatsapp/VID-20230923-WA0011.mp4"
[ "01:45:21.866" ][VideoThumbnailer] GPU decode enabled for "I:/MY SDCArds/S22 ultra/Whatsapp/VID-20230923-WA0011.mp4"
[ "01:45:21.895" ][VideoThumbnailer] Entering extractFrame for "I:/MY SDCArds/S22 ultra/Snapchat/Snapchat-2127517485.mp4"
[ "01:45:21.900" ][VideoThumbnailer] Entering extractFrame for "I:/MY SDCArds/S22 ultra/Snapchat/Snapchat-85323170.mp4"
[ "01:45:21.931" ][VideoThumbnailer] GPU decode enabled for "I:/MY SDCArds/S22 ultra/Snapchat/Snapchat-2127517485.mp4"
[ "01:45:21.939" ][VideoThumbnailer] GPU decode enabled for "I:/MY SDCArds/S22 ultra/Snapchat/Snapchat-85323170.mp4"
[ "01:45:22.028" ][VideoThumbnailer] Entering extractFrame for "I:/MY SDCArds/S22 ultra/Snapchat/Snapchat-1390399253.mp4"
[ "01:45:22.030" ][VideoThumbnailer] Entering extractFrame for "I:/MY SDCArds/S22 ultra/Snapchat/Snapchat-1020230256.mp4"
[ "01:45:22.088" ][VideoThumbnailer] GPU decode enabled for "I:/MY SDCArds/S22 ultra/Snapchat/Snapchat-1390399253.mp4"
[ "01:45:22.100" ][VideoThumbnailer] GPU decode enabled for "I:/MY SDCArds/S22 ultra/Snapchat/Snapchat-1020230256.mp4"
[ "01:45:22.186" ][VideoThumbnailer] Entering extractFrame for "I:/MY SDCArds/S22 ultra/Snapchat/Snapchat-235618355.mp4"
[ "01:45:22.197" ][VideoThumbnailer] Entering extractFrame for "I:/MY SDCArds/S22 ultra/Snapchat/Snapchat-647663909.mp4"
[ "01:45:22.221" ][VideoThumbnailer] GPU decode enabled for "I:/MY SDCArds/S22 ultra/Snapchat/Snapchat-235618355.mp4"
[ "01:45:22.269" ][VideoThumbnailer] GPU decode enabled for "I:/MY SDCArds/S22 ultra/Snapchat/Snapchat-647663909.mp4"
[ "01:45:22.315" ][VideoThumbnailer] Entering extractFrame for "I:/MY SDCArds/S22 ultra/Snapchat/Snapchat-315429331.mp4"
[ "01:45:22.317" ][VideoThumbnailer] GPU decode enabled for "I:/MY SDCArds/S22 ultra/Snapchat/Snapchat-315429331.mp4"
[ "01:45:22.356" ][VideoThumbnailer] Entering extractFrame for "I:/MY SDCArds/S22 ultra/Snapchat/Snapchat-1237898371.mp4"
[ "01:45:22.361" ][VideoThumbnailer] GPU decode enabled for "I:/MY SDCArds/S22 ultra/Snapchat/Snapchat-1237898371.mp4"
[ "01:45:22.369" ][VideoThumbnailer] Entering extractFrame for "I:/MY SDCArds/S22 ultra/Snapchat/Snapchat-960036586.mp4"
[ "01:45:22.432" ][VideoThumbnailer] Entering extractFrame for "I:/MY SDCArds/S22 ultra/Snapchat/Snapchat-1717667834.mp4"
[ "01:45:22.441" ][VideoThumbnailer] GPU decode enabled for "I:/MY SDCArds/S22 ultra/Snapchat/Snapchat-960036586.mp4"
[ "01:45:22.494" ][VideoThumbnailer] GPU decode enabled for "I:/MY SDCArds/S22 ultra/Snapchat/Snapchat-1717667834.mp4"
[ "01:45:22.504" ][SystemMonitor] Stats Update: CPU App: 38.0208 % | Sys: 85.4167 % | RAM App: 9850.45 MB | Sys Avail: 29347.4 MB / 65466.5 MB
[SystemMonitor] Resource Update: RAM: 9850.45 MB (Delta: 160.25 ) | VRAM: 1825.15 MB (Delta: 88.4219 )
[Diagnostics] CRITICAL: "Load stalled for 7s. Pending: 3. Stuck: I:/MY SDCArds/S22 ultra/Snapchat/Snapchat-1717667834.mp4, I:/MY SDCArds/S22 ultra/Snapchat/Snapchat-960036586.mp4"
[DiagnosticsUI] CRITICAL ISSUE: Load stalled for 7s. Pending: 3. Stuck: I:/MY SDCArds/S22 ultra/Snapchat/Snapchat-1717667834.mp4, I:/MY SDCArds/S22 ultra/Snapchat/Snapchat-960036586.mp4
[ "01:45:22.538" ][VideoThumbnailer] Entering extractFrame for "I:/MY SDCArds/S22 ultra/Snapchat/Snapchat-1429238178.mp4"
[ "01:45:22.592" ][VideoThumbnailer] GPU decode enabled for "I:/MY SDCArds/S22 ultra/Snapchat/Snapchat-1429238178.mp4"
[ "01:45:22.605" ][VideoThumbnailer] Entering extractFrame for "I:/MY SDCArds/S22 ultra/Snapchat/Snapchat-289408284.mp4"
[ "01:45:22.674" ][VideoThumbnailer] GPU decode enabled for "I:/MY SDCArds/S22 ultra/Snapchat/Snapchat-289408284.mp4"
[ "01:45:22.707" ][VideoThumbnailer] Entering extractFrame for "I:/MY SDCArds/S22 ultra/Movies/VID-20230903-WA0001.mp4"
[ "01:45:22.720" ][VideoThumbnailer] GPU decode enabled for "I:/MY SDCArds/S22 ultra/Movies/VID-20230903-WA0001.mp4"
[ "01:45:22.923" ][VideoThumbnailer] Entering extractFrame for "I:/MY SDCArds/S22 ultra/Ezviz/1752069828324.mp4"
[ "01:45:22.936" ][VideoThumbnailer] GPU decode enabled for "I:/MY SDCArds/S22 ultra/Ezviz/1752069828324.mp4"
[ "01:45:23.040" ][VideoThumbnailer] Entering extractFrame for "I:/MY SDCArds/S22 ultra/Camera/20260618_133902.heic"
[ "01:45:23.044" ][VideoThumbnailer] Entering extractFrame for "I:/MY SDCArds/S22 ultra/Camera/20260618_122310.heic"
[ "01:45:23.081" ][VideoThumbnailer] GPU decode enabled for "I:/MY SDCArds/S22 ultra/Camera/20260618_133902.heic"
[ "01:45:23.087" ][VideoThumbnailer] GPU decode enabled for "I:/MY SDCArds/S22 ultra/Camera/20260618_122310.heic"
[ "01:45:23.114" ][VideoThumbnailer] Entering extractFrame for "I:/MY SDCArds/S22 ultra/Double Side Camera/2023_02_23_15_19_16_033.mp4"
[ "01:45:23.119" ][VideoThumbnailer] Entering extractFrame for "I:/MY SDCArds/S22 ultra/Camera/20260523_153729.heic"
[ "01:45:23.149" ][VideoThumbnailer] GPU decode enabled for "I:/MY SDCArds/S22 ultra/Camera/20260523_153729.heic"
[ "01:45:23.155" ][VideoThumbnailer] GPU decode enabled for "I:/MY SDCArds/S22 ultra/Double Side Camera/2023_02_23_15_19_16_033.mp4"
[AdaptiveIO] Stats:  "I:/"  Avg:  120.686  Limit:  4  ActiveWeight:  4
[ "01:45:23.208" ][VideoThumbnailer] Entering extractFrame for "I:/MY SDCArds/S22 ultra/Ezviz/1774196660266.mp4"
[ "01:45:23.210" ][VideoThumbnailer] Entering extractFrame for "I:/MY SDCArds/S22 ultra/Ezviz/1774196661121.mp4"
[ "01:45:23.216" ][VideoThumbnailer] GPU decode enabled for "I:/MY SDCArds/S22 ultra/Ezviz/1774196660266.mp4"
[ "01:45:23.222" ][VideoThumbnailer] GPU decode enabled for "I:/MY SDCArds/S22 ultra/Ezviz/1774196661121.mp4"
[ "01:45:23.298" ][VideoThumbnailer] Entering extractFrame for "I:/MY SDCArds/S22 ultra/Ezviz/1763990955123.mp4"
[ "01:45:23.302" ][VideoThumbnailer] GPU decode enabled for "I:/MY SDCArds/S22 ultra/Ezviz/1763990955123.mp4"
[ "01:45:23.358" ][VideoThumbnailer] Entering extractFrame for "I:/MY SDCArds/S22 ultra/Ezviz/1763224378035.mp4"
[ "01:45:23.362" ][VideoThumbnailer] Entering extractFrame for "I:/MY SDCArds/S22 ultra/Ezviz/1763396447984.mp4"
[ "01:45:23.370" ][VideoThumbnailer] GPU decode enabled for "I:/MY SDCArds/S22 ultra/Ezviz/1763224378035.mp4"
[ "01:45:23.375" ][VideoThumbnailer] GPU decode enabled for "I:/MY SDCArds/S22 ultra/Ezviz/1763396447984.mp4"
[ "01:45:23.492" ][VideoThumbnailer] Entering extractFrame for "I:/MY SDCArds/S22 ultra/Camera/e8b34621aff4a014b465e5305d98095d.mp4"
[ "01:45:23.492" ][VideoThumbnailer] Entering extractFrame for "I:/MY SDCArds/S22 ultra/Camera/e4b411977edebcbbee2108809de75278.mp4"
[ "01:45:23.500" ][SystemMonitor] Stats Update: CPU App: 17.7083 % | Sys: 84.375 % | RAM App: 9959.85 MB | Sys Avail: 29158.9 MB / 65466.5 MB
[ "01:45:23.500" ][VideoThumbnailer] GPU decode enabled for "I:/MY SDCArds/S22 ultra/Camera/e8b34621aff4a014b465e5305d98095d.mp4"
[SystemMonitor] Resource Update: RAM: 9959.85 MB (Delta: 109.398 ) | VRAM: 1823.04 MB (Delta: -2.10938 )
[Diagnostics] CRITICAL: "Load stalled for 8s. Pending: 2. Stuck: I:/MY SDCArds/S22 ultra/Camera/e4b411977edebcbbee2108809de75278.mp4, I:/MY SDCArds/S22 ultra/Camera/e8b34621aff4a014b465e5305d98095d.mp4"
[DiagnosticsUI] CRITICAL ISSUE: Load stalled for 8s. Pending: 2. Stuck: I:/MY SDCArds/S22 ultra/Camera/e4b411977edebcbbee2108809de75278.mp4, I:/MY SDCArds/S22 ultra/Camera/e8b34621aff4a014b465e5305d98095d.mp4
[ "01:45:23.509" ][VideoThumbnailer] GPU decode enabled for "I:/MY SDCArds/S22 ultra/Camera/e4b411977edebcbbee2108809de75278.mp4"
[ "01:45:23.540" ][VideoThumbnailer] Entering extractFrame for "I:/MY SDCArds/S22 ultra/Camera/ebd1c0d2f2e5140a51d207c2b89e9197.mp4"
[ "01:45:23.543" ][VideoThumbnailer] Entering extractFrame for "I:/MY SDCArds/S22 ultra/Camera/20251009_092524.heic"
[ "01:45:23.543" ][VideoThumbnailer] Entering extractFrame for "I:/MY SDCArds/S22 ultra/Camera/ec618d97d534ccc60544ab32f27d4bb5.mp4"
[ "01:45:23.548" ][VideoThumbnailer] GPU decode enabled for "I:/MY SDCArds/S22 ultra/Camera/ebd1c0d2f2e5140a51d207c2b89e9197.mp4"
[ "01:45:23.564" ][VideoThumbnailer] GPU decode enabled for "I:/MY SDCArds/S22 ultra/Camera/ec618d97d534ccc60544ab32f27d4bb5.mp4"
[ "01:45:23.588" ][VideoThumbnailer] Entering extractFrame for "I:/MY SDCArds/S22 ultra/Camera/20251008_150909.heic"
[ "01:45:23.622" ][VideoThumbnailer] Entering extractFrame for "I:/MY SDCArds/S22 ultra/Camera/20250925_180506.heic"
[ "01:45:23.634" ][VideoThumbnailer] GPU decode enabled for "I:/MY SDCArds/S22 ultra/Camera/20251009_092524.heic"
[ "01:45:23.667" ][VideoThumbnailer] Entering extractFrame for "I:/MY SDCArds/S22 ultra/Camera/20250925_103013.heic"
[ "01:45:23.676" ][VideoThumbnailer] GPU decode enabled for "I:/MY SDCArds/S22 ultra/Camera/20250925_180506.heic"
[ "01:45:23.685" ][VideoThumbnailer] GPU decode enabled for "I:/MY SDCArds/S22 ultra/Camera/20251008_150909.heic"
[ "01:45:23.727" ][VideoThumbnailer] Entering extractFrame for "I:/MY SDCArds/S22 ultra/Camera/20250925_180508.heic"
[ "01:45:23.727" ][VideoThumbnailer] Entering extractFrame for "I:/MY SDCArds/S22 ultra/Camera/20250929_083436.heic"
[ "01:45:23.735" ][VideoThumbnailer] GPU decode enabled for "I:/MY SDCArds/S22 ultra/Camera/20250925_103013.heic"
[ "01:45:23.771" ][VideoThumbnailer] Entering extractFrame for "I:/MY SDCArds/S22 ultra/Camera/20251223_192025.heic"
[ "01:45:23.798" ][VideoThumbnailer] GPU decode enabled for "I:/MY SDCArds/S22 ultra/Camera/20250929_083436.heic"
[ "01:45:23.805" ][VideoThumbnailer] GPU decode enabled for "I:/MY SDCArds/S22 ultra/Camera/20250925_180508.heic"
[ "01:45:23.826" ][VideoThumbnailer] Entering extractFrame for "I:/MY SDCArds/S22 ultra/Camera/20251002_213723.heic"
[ "01:45:23.833" ][VideoThumbnailer] Entering extractFrame for "I:/MY SDCArds/S22 ultra/Camera/20251003_174020.heic"
[ "01:45:23.833" ][VideoThumbnailer] GPU decode enabled for "I:/MY SDCArds/S22 ultra/Camera/20251223_192025.heic"
[ "01:45:23.857" ][VideoThumbnailer] Entering extractFrame for "I:/MY SDCArds/S22 ultra/Camera/20251030_111046.heic"
[ "01:45:23.883" ][VideoThumbnailer] GPU decode enabled for "I:/MY SDCArds/S22 ultra/Camera/20251003_174020.heic"
[ "01:45:23.907" ][VideoThumbnailer] Entering extractFrame for "I:/MY SDCArds/S22 ultra/Camera/20251001_104135.heic"
[ "01:45:23.920" ][VideoThumbnailer] GPU decode enabled for "I:/MY SDCArds/S22 ultra/Camera/20251002_213723.heic"
[ "01:45:23.926" ][VideoThumbnailer] GPU decode enabled for "I:/MY SDCArds/S22 ultra/Camera/20251030_111046.heic"
[ "01:45:23.957" ][VideoThumbnailer] Entering extractFrame for "I:/MY SDCArds/S22 ultra/Camera/20251008_140833.heic"
[ "01:45:23.960" ][VideoThumbnailer] Entering extractFrame for "I:/MY SDCArds/S22 ultra/Camera/20251007_094330.heic"
[ "01:45:23.991" ][VideoThumbnailer] GPU decode enabled for "I:/MY SDCArds/S22 ultra/Camera/20251001_104135.heic"
[ "01:45:24.013" ][VideoThumbnailer] Entering extractFrame for "I:/MY SDCArds/S22 ultra/Camera/20251006_202515.heic"
[ "01:45:24.037" ][VideoThumbnailer] GPU decode enabled for "I:/MY SDCArds/S22 ultra/Camera/20251007_094330.heic"
[ "01:45:24.061" ][VideoThumbnailer] Entering extractFrame for "I:/MY SDCArds/S22 ultra/Camera/20251007_094335.heic"
[ "01:45:24.064" ][VideoThumbnailer] GPU decode enabled for "I:/MY SDCArds/S22 ultra/Camera/20251008_140833.heic"
[ "01:45:24.070" ][VideoThumbnailer] GPU decode enabled for "I:/MY SDCArds/S22 ultra/Camera/20251006_202515.heic"
[ "01:45:24.119" ][VideoThumbnailer] GPU decode enabled for "I:/MY SDCArds/S22 ultra/Camera/20251007_094335.heic"
[ "01:45:24.136" ][VideoThumbnailer] Entering extractFrame for "I:/MY SDCArds/S22 ultra/Camera/20251014_094812.heic"
[ "01:45:24.152" ][VideoThumbnailer] Entering extractFrame for "I:/MY SDCArds/S22 ultra/Camera/20260615_162104.heic"
[ "01:45:24.192" ][VideoThumbnailer] Entering extractFrame for "I:/MY SDCArds/S22 ultra/Camera/20251015_125627.heic"
[ "01:45:24.216" ][VideoThumbnailer] GPU decode enabled for "I:/MY SDCArds/S22 ultra/Camera/20251014_094812.heic"
[ "01:45:24.242" ][VideoThumbnailer] Entering extractFrame for "I:/MY SDCArds/S22 ultra/Camera/20251205_194610.heic"
[ "01:45:24.302" ][VideoThumbnailer] Entering extractFrame for "I:/MY SDCArds/S22 ultra/Camera/20251018_115458.heic"
[ "01:45:24.323" ][VideoThumbnailer] GPU decode enabled for "I:/MY SDCArds/S22 ultra/Camera/20251015_125627.heic"
[ "01:45:24.353" ][VideoThumbnailer] Entering extractFrame for "I:/MY SDCArds/S22 ultra/Camera/20260118_174417.heic"
[ "01:45:24.362" ][VideoThumbnailer] GPU decode enabled for "I:/MY SDCArds/S22 ultra/Camera/20251205_194610.heic"
[ "01:45:24.398" ][VideoThumbnailer] GPU decode enabled for "I:/MY SDCArds/S22 ultra/Camera/20251018_115458.heic"
[ "01:45:24.401" ][VideoThumbnailer] Entering extractFrame for "I:/MY SDCArds/S22 ultra/Camera/20251019_150855.heic"
[ "01:45:24.428" ][VideoThumbnailer] Entering extractFrame for "I:/MY SDCArds/S22 ultra/Camera/20251019_164547.heic"
[ "01:45:24.429" ][VideoThumbnailer] GPU decode enabled for "I:/MY SDCArds/S22 ultra/Camera/20260118_174417.heic"
[ "01:45:24.442" ][VideoThumbnailer] GPU decode enabled for "I:/MY SDCArds/S22 ultra/Camera/20251019_150855.heic"
[ "01:45:24.461" ][VideoThumbnailer] Entering extractFrame for "I:/MY SDCArds/S22 ultra/Camera/20251020_140137.heic"
[ "01:45:24.473" ][VideoThumbnailer] Entering extractFrame for "I:/MY SDCArds/S22 ultra/Camera/20251020_140220.heic"
[ "01:45:24.477" ][VideoThumbnailer] GPU decode enabled for "I:/MY SDCArds/S22 ultra/Camera/20251019_164547.heic"
[ "01:45:24.503" ][SystemMonitor] Stats Update: CPU App: 23.1771 % | Sys: 72.1354 % | RAM App: 10094.6 MB | Sys Avail: 28971.5 MB / 65466.5 MB
[SystemMonitor] Resource Update: RAM: 10094.6 MB (Delta: 134.723 ) | VRAM: 1823.04 MB (Delta: 0 )
[Diagnostics] CRITICAL: "Load stalled for 9s. Pending: 5. Stuck: I:/MY SDCArds/S22 ultra/Camera/20251020_140137.heic?idx=873, I:/MY SDCArds/S22 ultra/Camera/20251020_140220.heic?idx=872, I:/MY SDCArds/S22 ultra/Camera/20251201_093924.jpg?idx=821"
[DiagnosticsUI] CRITICAL ISSUE: Load stalled for 9s. Pending: 5. Stuck: I:/MY SDCArds/S22 ultra/Camera/20251020_140137.heic?idx=873, I:/MY SDCArds/S22 ultra/Camera/20251020_140220.heic?idx=872, I:/MY SDCArds/S22 ultra/Camera/20251201_093924.jpg?idx=821
[ "01:45:24.508" ][VideoThumbnailer] Entering extractFrame for "I:/MY SDCArds/S22 ultra/Camera/20251021_144707.heic"
[ "01:45:24.535" ][VideoThumbnailer] GPU decode enabled for "I:/MY SDCArds/S22 ultra/Camera/20251020_140220.heic"
[AdaptiveIO] Stats:  "I:/"  Avg:  80.248  Limit:  4  ActiveWeight:  4
[ "01:45:24.566" ][VideoThumbnailer] Entering extractFrame for "I:/MY SDCArds/S22 ultra/Camera/20251021_150410.heic"
[ "01:45:24.570" ][VideoThumbnailer] GPU decode enabled for "I:/MY SDCArds/S22 ultra/Camera/20251021_144707.heic"
[ "01:45:24.591" ][VideoThumbnailer] GPU decode enabled for "I:/MY SDCArds/S22 ultra/Camera/20251020_140137.heic"
[ "01:45:24.615" ][VideoThumbnailer] Entering extractFrame for "I:/MY SDCArds/S22 ultra/Camera/20251022_133607.heic"
[ "01:45:24.621" ][VideoThumbnailer] Entering extractFrame for "I:/MY SDCArds/S22 ultra/Camera/20251022_141135.heic"
[ "01:45:24.628" ][VideoThumbnailer] GPU decode enabled for "I:/MY SDCArds/S22 ultra/Camera/20251022_133607.heic"
[ "01:45:24.647" ][VideoThumbnailer] GPU decode enabled for "I:/MY SDCArds/S22 ultra/Camera/20251021_150410.heic"
[ "01:45:24.659" ][VideoThumbnailer] Entering extractFrame for "I:/MY SDCArds/S22 ultra/Camera/20251023_092538.heic"
[ "01:45:24.725" ][VideoThumbnailer] GPU decode enabled for "I:/MY SDCArds/S22 ultra/Camera/20251022_141135.heic"
[ "01:45:24.736" ][VideoThumbnailer] Entering extractFrame for "I:/MY SDCArds/S22 ultra/Camera/20251024_124546.heic"
[ "01:45:24.756" ][VideoThumbnailer] Entering extractFrame for "I:/MY SDCArds/S22 ultra/Camera/20251024_211432.heic"
[ "01:45:24.766" ][VideoThumbnailer] GPU decode enabled for "I:/MY SDCArds/S22 ultra/Camera/20251023_092538.heic"
[ "01:45:24.786" ][VideoThumbnailer] GPU decode enabled for "I:/MY SDCArds/S22 ultra/Camera/20251024_124546.heic"
[ "01:45:24.796" ][VideoThumbnailer] Entering extractFrame for "I:/MY SDCArds/S22 ultra/Camera/20251025_151633.heic"
[ "01:45:24.808" ][VideoThumbnailer] Entering extractFrame for "I:/MY SDCArds/S22 ultra/Camera/20251025_151708.heic"
[ "01:45:24.831" ][VideoThumbnailer] GPU decode enabled for "I:/MY SDCArds/S22 ultra/Camera/20251025_151633.heic"
[ "01:45:24.847" ][VideoThumbnailer] GPU decode enabled for "I:/MY SDCArds/S22 ultra/Camera/20251025_151708.heic"
[ "01:45:24.856" ][VideoThumbnailer] Entering extractFrame for "I:/MY SDCArds/S22 ultra/Camera/20251025_153631.heic"
[ "01:45:24.870" ][VideoThumbnailer] Entering extractFrame for "I:/MY SDCArds/S22 ultra/Camera/20251025_153705.heic"
[ "01:45:24.878" ][VideoThumbnailer] GPU decode enabled for "I:/MY SDCArds/S22 ultra/Camera/20251024_211432.heic"
[ "01:45:24.916" ][VideoThumbnailer] GPU decode enabled for "I:/MY SDCArds/S22 ultra/Camera/20251025_153631.heic"
[ "01:45:24.935" ][VideoThumbnailer] GPU decode enabled for "I:/MY SDCArds/S22 ultra/Camera/20251025_153705.heic"
[ "01:45:24.948" ][VideoThumbnailer] Entering extractFrame for "I:/MY SDCArds/S22 ultra/Camera/20251029_205151.mp4"
[ "01:45:24.984" ][VideoThumbnailer] GPU decode enabled for "I:/MY SDCArds/S22 ultra/Camera/20251029_205151.mp4"
TelemetryMonitor: Processed 300 frames. Current FPS: 62
[ "01:45:25.379" ][VideoThumbnailer] Entering extractFrame for "I:/MY SDCArds/S22 ultra/Camera/20251223_192151.heic"
[ "01:45:25.426" ][VideoThumbnailer] GPU decode enabled for "I:/MY SDCArds/S22 ultra/Camera/20251223_192151.heic"
[ "01:45:25.446" ][VideoThumbnailer] Entering extractFrame for "I:/MY SDCArds/S22 ultra/Camera/20251223_192041.heic"
[ "01:45:25.460" ][VideoThumbnailer] Entering extractFrame for "I:/MY SDCArds/S22 ultra/Camera/20251106_105201.heic"
[ "01:45:25.503" ][SystemMonitor] Stats Update: CPU App: 37.7604 % | Sys: 78.6458 % | RAM App: 10841.6 MB | Sys Avail: 28242.3 MB / 65466.5 MB
[SystemMonitor] Resource Update: RAM: 10841.6 MB (Delta: 747.027 ) | VRAM: 1823.04 MB (Delta: 0 )
[Diagnostics] CRITICAL: "Load stalled for 10s. Pending: 5. Stuck: I:/MY SDCArds/S22 ultra/Camera/20251105_155656.jpg?idx=845, I:/MY SDCArds/S22 ultra/Camera/20251106_105201.heic?idx=842, I:/MY SDCArds/S22 ultra/Camera/20251223_192041.heic?idx=778"
[DiagnosticsUI] CRITICAL ISSUE: Load stalled for 10s. Pending: 5. Stuck: I:/MY SDCArds/S22 ultra/Camera/20251105_155656.jpg?idx=845, I:/MY SDCArds/S22 ultra/Camera/20251106_105201.heic?idx=842, I:/MY SDCArds/S22 ultra/Camera/20251223_192041.heic?idx=778
[ "01:45:25.510" ][VideoThumbnailer] Entering extractFrame for "I:/MY SDCArds/S22 ultra/Camera/20251106_134935.heic"
[ "01:45:25.537" ][VideoThumbnailer] GPU decode enabled for "I:/MY SDCArds/S22 ultra/Camera/20251223_192041.heic"
[ "01:45:25.566" ][VideoThumbnailer] Entering extractFrame for "I:/MY SDCArds/S22 ultra/Camera/20251110_100407.heic"
[ "01:45:25.593" ][VideoThumbnailer] GPU decode enabled for "I:/MY SDCArds/S22 ultra/Camera/20251106_105201.heic"
[ "01:45:25.609" ][VideoThumbnailer] GPU decode enabled for "I:/MY SDCArds/S22 ultra/Camera/20251106_134935.heic"
[ "01:45:25.641" ][VideoThumbnailer] GPU decode enabled for "I:/MY SDCArds/S22 ultra/Camera/20251110_100407.heic"
[ "01:45:25.651" ][VideoThumbnailer] Entering extractFrame for "I:/MY SDCArds/S22 ultra/Camera/20251110_100444.heic"
[ "01:45:25.660" ][VideoThumbnailer] Entering extractFrame for "I:/MY SDCArds/S22 ultra/Camera/20251111_163142.heic"
[ "01:45:25.675" ][VideoThumbnailer] Entering extractFrame for "I:/MY SDCArds/S22 ultra/Camera/20251113_144245.heic"
[ "01:45:25.692" ][VideoThumbnailer] GPU decode enabled for "I:/MY SDCArds/S22 ultra/Camera/20251110_100444.heic"
[ "01:45:25.715" ][VideoThumbnailer] Entering extractFrame for "I:/MY SDCArds/S22 ultra/Camera/20251114_091159.heic"
[ "01:45:25.719" ][VideoThumbnailer] GPU decode enabled for "I:/MY SDCArds/S22 ultra/Camera/20251113_144245.heic"
[ "01:45:25.736" ][VideoThumbnailer] GPU decode enabled for "I:/MY SDCArds/S22 ultra/Camera/20251111_163142.heic"
[ "01:45:25.744" ][VideoThumbnailer] GPU decode enabled for "I:/MY SDCArds/S22 ultra/Camera/20251114_091159.heic"
[ "01:45:25.754" ][VideoThumbnailer] Entering extractFrame for "I:/MY SDCArds/S22 ultra/Camera/20251114_142110.heic"
[ "01:45:25.765" ][VideoThumbnailer] Entering extractFrame for "I:/MY SDCArds/S22 ultra/Camera/20251114_142115.heic"
[ "01:45:25.776" ][VideoThumbnailer] Entering extractFrame for "I:/MY SDCArds/S22 ultra/Camera/20251223_192153.heic"
[ "01:45:25.780" ][VideoThumbnailer] GPU decode enabled for "I:/MY SDCArds/S22 ultra/Camera/20251114_142110.heic"
[ "01:45:25.786" ][VideoThumbnailer] GPU decode enabled for "I:/MY SDCArds/S22 ultra/Camera/20251114_142115.heic"
[ "01:45:25.811" ][VideoThumbnailer] Entering extractFrame for "I:/MY SDCArds/S22 ultra/Camera/20251114_150920.heic"
[ "01:45:25.819" ][VideoThumbnailer] Entering extractFrame for "I:/MY SDCArds/S22 ultra/Camera/20251227_162959.heic"
[ "01:45:25.827" ][VideoThumbnailer] GPU decode enabled for "I:/MY SDCArds/S22 ultra/Camera/20251223_192153.heic"
[ "01:45:25.851" ][VideoThumbnailer] Entering extractFrame for "I:/MY SDCArds/S22 ultra/Camera/20251223_192155.heic"
[ "01:45:25.853" ][VideoThumbnailer] GPU decode enabled for "I:/MY SDCArds/S22 ultra/Camera/20251114_150920.heic"
[ "01:45:25.863" ][VideoThumbnailer] GPU decode enabled for "I:/MY SDCArds/S22 ultra/Camera/20251227_162959.heic"
[ "01:45:25.888" ][VideoThumbnailer] Entering extractFrame for "I:/MY SDCArds/S22 ultra/Camera/20251116_183516.heic"
[ "01:45:25.894" ][VideoThumbnailer] Entering extractFrame for "I:/MY SDCArds/S22 ultra/Camera/20251223_191750.heic"
[ "01:45:25.939" ][VideoThumbnailer] GPU decode enabled for "I:/MY SDCArds/S22 ultra/Camera/20251116_183516.heic"
[ "01:45:25.956" ][VideoThumbnailer] GPU decode enabled for "I:/MY SDCArds/S22 ultra/Camera/20251223_192155.heic"
[ "01:45:25.966" ][VideoThumbnailer] GPU decode enabled for "I:/MY SDCArds/S22 ultra/Camera/20251223_191750.heic"
[ "01:45:25.968" ][VideoThumbnailer] Entering extractFrame for "I:/MY SDCArds/S22 ultra/Camera/20251119_131805.heic"
[AdaptiveIO] Stats:  "I:/"  Avg:  73.9883  Limit:  4  ActiveWeight:  5
[ "01:45:25.987" ][VideoThumbnailer] Entering extractFrame for "I:/MY SDCArds/S22 ultra/Camera/20251124_120452.heic"
[ "01:45:25.994" ][VideoThumbnailer] Entering extractFrame for "I:/MY SDCArds/S22 ultra/Camera/20260118_174425.heic"
[ "01:45:26.041" ][VideoThumbnailer] GPU decode enabled for "I:/MY SDCArds/S22 ultra/Camera/20251119_131805.heic"
[ "01:45:26.055" ][VideoThumbnailer] GPU decode enabled for "I:/MY SDCArds/S22 ultra/Camera/20260118_174425.heic"
[ "01:45:26.066" ][VideoThumbnailer] GPU decode enabled for "I:/MY SDCArds/S22 ultra/Camera/20251124_120452.heic"
[ "01:45:26.072" ][VideoThumbnailer] Entering extractFrame for "I:/MY SDCArds/S22 ultra/Camera/20251130_102458.heic"
[ "01:45:26.081" ][VideoThumbnailer] Entering extractFrame for "I:/MY SDCArds/S22 ultra/Camera/20251129_141945.heic"
[ "01:45:26.097" ][VideoThumbnailer] Entering extractFrame for "I:/MY SDCArds/S22 ultra/Camera/20251201_210216.heic"
[ "01:45:26.142" ][VideoThumbnailer] GPU decode enabled for "I:/MY SDCArds/S22 ultra/Camera/20251130_102458.heic"
[ "01:45:26.166" ][VideoThumbnailer] GPU decode enabled for "I:/MY SDCArds/S22 ultra/Camera/20251201_210216.heic"
[ "01:45:26.228" ][VideoThumbnailer] GPU decode enabled for "I:/MY SDCArds/S22 ultra/Camera/20251129_141945.heic"
[ "01:45:26.254" ][VideoThumbnailer] Entering extractFrame for "I:/MY SDCArds/S22 ultra/Camera/20251218_213226.mp4"
[ "01:45:26.278" ][VideoThumbnailer] GPU decode enabled for "I:/MY SDCArds/S22 ultra/Camera/20251218_213226.mp4"
[ "01:45:26.301" ][VideoThumbnailer] Entering extractFrame for "I:/MY SDCArds/S22 ultra/Camera/20251211_192004.heic"
[ "01:45:26.340" ][VideoThumbnailer] GPU decode enabled for "I:/MY SDCArds/S22 ultra/Camera/20251211_192004.heic"
[ "01:45:26.482" ][VideoThumbnailer] Entering extractFrame for "I:/MY SDCArds/S22 ultra/Camera/20251223_185708.heic"
[ "01:45:26.489" ][VideoThumbnailer] Entering extractFrame for "I:/MY SDCArds/S22 ultra/Camera/20251223_185713.mp4"
[ "01:45:26.504" ][SystemMonitor] Stats Update: CPU App: 28.125 % | Sys: 71.3542 % | RAM App: 11135.7 MB | Sys Avail: 27973.2 MB / 65466.5 MB
[SystemMonitor] Resource Update: RAM: 11135.7 MB (Delta: 294.066 ) | VRAM: 1823.04 MB (Delta: 0 )
[Diagnostics] CRITICAL: "Load stalled for 11s. Pending: 5. Stuck: I:/MY SDCArds/S22 ultra/Camera/20251215_112853.jpg?idx=810, I:/MY SDCArds/S22 ultra/Camera/20251223_185708.heic?idx=805, I:/MY SDCArds/S22 ultra/Camera/20251223_185713.mp4?idx=804, I:/MY SDCArds/S2..."
[DiagnosticsUI] CRITICAL ISSUE: Load stalled for 11s. Pending: 5. Stuck: I:/MY SDCArds/S22 ultra/Camera/20251215_112853.jpg?idx=810, I:/MY SDCArds/S22 ultra/Camera/20251223_185708.heic?idx=805, I:/MY SDCArds/S22 ultra/Camera/20251223_185713.mp4?idx=804, I:/MY SDCArds/S2...
[ "01:45:26.544" ][VideoThumbnailer] GPU decode enabled for "I:/MY SDCArds/S22 ultra/Camera/20251223_185708.heic"
[ "01:45:26.549" ][VideoThumbnailer] GPU decode enabled for "I:/MY SDCArds/S22 ultra/Camera/20251223_185713.mp4"
[ "01:45:26.619" ][VideoThumbnailer] Entering extractFrame for "I:/MY SDCArds/S22 ultra/Camera/20251223_191240.heic"
[ "01:45:26.679" ][VideoThumbnailer] GPU decode enabled for "I:/MY SDCArds/S22 ultra/Camera/20251223_191240.heic"
[ "01:45:26.697" ][VideoThumbnailer] Entering extractFrame for "I:/MY SDCArds/S22 ultra/Camera/20251223_191241.heic"
[ "01:45:26.766" ][VideoThumbnailer] GPU decode enabled for "I:/MY SDCArds/S22 ultra/Camera/20251223_191241.heic"
[ "01:45:26.910" ][VideoThumbnailer] Entering extractFrame for "I:/MY SDCArds/S22 ultra/Camera/20251223_191424.heic"
[ "01:45:26.920" ][VideoThumbnailer] Entering extractFrame for "I:/MY SDCArds/S22 ultra/Camera/20251223_191426.heic"
[ "01:45:26.926" ][VideoThumbnailer] GPU decode enabled for "I:/MY SDCArds/S22 ultra/Camera/20251223_191424.heic"
[ "01:45:26.956" ][VideoThumbnailer] GPU decode enabled for "I:/MY SDCArds/S22 ultra/Camera/20251223_191426.heic"
[ "01:45:26.962" ][VideoThumbnailer] Entering extractFrame for "I:/MY SDCArds/S22 ultra/Camera/20251227_163047.heic"
[ "01:45:26.984" ][VideoThumbnailer] Entering extractFrame for "I:/MY SDCArds/S22 ultra/Camera/20251223_191430.heic"
[ "01:45:26.989" ][VideoThumbnailer] Entering extractFrame for "I:/MY SDCArds/S22 ultra/Camera/20251223_191427.heic"
[ "01:45:27.010" ][VideoThumbnailer] GPU decode enabled for "I:/MY SDCArds/S22 ultra/Camera/20251227_163047.heic"
[ "01:45:27.015" ][VideoThumbnailer] GPU decode enabled for "I:/MY SDCArds/S22 ultra/Camera/20251223_191427.heic"
[ "01:45:27.034" ][VideoThumbnailer] GPU decode enabled for "I:/MY SDCArds/S22 ultra/Camera/20251223_191430.heic"
[ "01:45:27.037" ][VideoThumbnailer] Entering extractFrame for "I:/MY SDCArds/S22 ultra/Camera/20260113_222612.heic"
[ "01:45:27.045" ][VideoThumbnailer] Entering extractFrame for "I:/MY SDCArds/S22 ultra/Camera/20251223_191450.heic"
[ "01:45:27.058" ][VideoThumbnailer] Entering extractFrame for "I:/MY SDCArds/S22 ultra/Camera/20251223_191451.heic"
[ "01:45:27.075" ][VideoThumbnailer] GPU decode enabled for "I:/MY SDCArds/S22 ultra/Camera/20251223_191450.heic"
[ "01:45:27.078" ][VideoThumbnailer] GPU decode enabled for "I:/MY SDCArds/S22 ultra/Camera/20260113_222612.heic"
[ "01:45:27.104" ][VideoThumbnailer] GPU decode enabled for "I:/MY SDCArds/S22 ultra/Camera/20251223_191451.heic"
[ "01:45:27.108" ][VideoThumbnailer] Entering extractFrame for "I:/MY SDCArds/S22 ultra/Camera/20251223_191551.mp4"
[ "01:45:27.116" ][VideoThumbnailer] Entering extractFrame for "I:/MY SDCArds/S22 ultra/Camera/20251223_191616.heic"
[ "01:45:27.143" ][VideoThumbnailer] Entering extractFrame for "I:/MY SDCArds/S22 ultra/Camera/20251223_191731.heic"
[ "01:45:27.146" ][VideoThumbnailer] GPU decode enabled for "I:/MY SDCArds/S22 ultra/Camera/20251223_191616.heic"
[ "01:45:27.172" ][VideoThumbnailer] Entering extractFrame for "I:/MY SDCArds/S22 ultra/Camera/20251223_191748.heic"
[ "01:45:27.174" ][VideoThumbnailer] GPU decode enabled for "I:/MY SDCArds/S22 ultra/Camera/20251223_191551.mp4"
[ "01:45:27.177" ][VideoThumbnailer] GPU decode enabled for "I:/MY SDCArds/S22 ultra/Camera/20251223_191731.heic"
[ "01:45:27.187" ][VideoThumbnailer] GPU decode enabled for "I:/MY SDCArds/S22 ultra/Camera/20251223_191748.heic"
[ "01:45:27.226" ][VideoThumbnailer] Entering extractFrame for "I:/MY SDCArds/S22 ultra/Camera/20251223_191738.heic"
[ "01:45:27.241" ][VideoThumbnailer] Entering extractFrame for "I:/MY SDCArds/S22 ultra/Camera/20251223_191751.heic"
[ "01:45:27.247" ][VideoThumbnailer] Entering extractFrame for "I:/MY SDCArds/S22 ultra/Camera/20251223_192024.heic"
[ "01:45:27.278" ][VideoThumbnailer] GPU decode enabled for "I:/MY SDCArds/S22 ultra/Camera/20251223_191751.heic"
[ "01:45:27.281" ][VideoThumbnailer] GPU decode enabled for "I:/MY SDCArds/S22 ultra/Camera/20251223_192024.heic"
[ "01:45:27.285" ][VideoThumbnailer] GPU decode enabled for "I:/MY SDCArds/S22 ultra/Camera/20251223_191738.heic"
[ "01:45:27.329" ][VideoThumbnailer] Entering extractFrame for "I:/MY SDCArds/S22 ultra/Camera/20251227_163050.heic"
[ "01:45:27.330" ][VideoThumbnailer] Entering extractFrame for "I:/MY SDCArds/S22 ultra/Camera/20251227_163049.heic"
[ "01:45:27.330" ][VideoThumbnailer] Entering extractFrame for "I:/MY SDCArds/S22 ultra/Camera/20251227_163048.heic"
[AdaptiveIO] Stats:  "I:/"  Avg:  92.5301  Limit:  4  ActiveWeight:  6
[ "01:45:27.420" ][VideoThumbnailer] GPU decode enabled for "I:/MY SDCArds/S22 ultra/Camera/20251227_163048.heic"
[ "01:45:27.431" ][VideoThumbnailer] GPU decode enabled for "I:/MY SDCArds/S22 ultra/Camera/20251227_163049.heic"
[ "01:45:27.439" ][VideoThumbnailer] GPU decode enabled for "I:/MY SDCArds/S22 ultra/Camera/20251227_163050.heic"
[ "01:45:27.456" ][VideoThumbnailer] Entering extractFrame for "I:/MY SDCArds/S22 ultra/Camera/20251227_163048(0).heic"
[ "01:45:27.469" ][VideoThumbnailer] Entering extractFrame for "I:/MY SDCArds/S22 ultra/100_CINE/MOV_0064.MP4"
[ "01:45:27.488" ][VideoThumbnailer] Entering extractFrame for "I:/MY SDCArds/S22 ultra/Camera/20251227_163050(0).heic"
[ "01:45:27.488" ][VideoThumbnailer] Entering extractFrame for "I:/MY SDCArds/S22 ultra/Camera/20251227_163053.heic"
[ "01:45:27.505" ][SystemMonitor] Stats Update: CPU App: 35.6771 % | Sys: 83.0729 % | RAM App: 11556.2 MB | Sys Avail: 27524.8 MB / 65466.5 MB
[SystemMonitor] Resource Update: RAM: 11556.2 MB (Delta: 420.531 ) | VRAM: 1823.04 MB (Delta: 0 )
[Diagnostics] CRITICAL: "Load stalled for 12s. Pending: 4. Stuck: I:/MY SDCArds/S22 ultra/Camera/20251227_163048(0).heic?idx=771, I:/MY SDCArds/S22 ultra/Camera/20251227_163050(0).heic?idx=768, I:/MY SDCArds/S22 ultra/Camera/20251227_163053.heic?idx=767, I:/MY SD..."
[DiagnosticsUI] CRITICAL ISSUE: Load stalled for 12s. Pending: 4. Stuck: I:/MY SDCArds/S22 ultra/Camera/20251227_163048(0).heic?idx=771, I:/MY SDCArds/S22 ultra/Camera/20251227_163050(0).heic?idx=768, I:/MY SDCArds/S22 ultra/Camera/20251227_163053.heic?idx=767, I:/MY SD...
[ "01:45:27.529" ][VideoThumbnailer] GPU decode enabled for "I:/MY SDCArds/S22 ultra/Camera/20251227_163048(0).heic"
[ "01:45:27.546" ][VideoThumbnailer] GPU decode enabled for "I:/MY SDCArds/S22 ultra/Camera/20251227_163050(0).heic"
[ "01:45:27.560" ][VideoThumbnailer] GPU decode enabled for "I:/MY SDCArds/S22 ultra/Camera/20251227_163053.heic"
[ "01:45:27.563" ][VideoThumbnailer] Entering extractFrame for "I:/MY SDCArds/S22 ultra/Camera/20251227_163241.heic"
[ "01:45:27.573" ][VideoThumbnailer] Entering extractFrame for "I:/MY SDCArds/S22 ultra/Camera/20251227_163302.heic"
[ "01:45:27.584" ][VideoThumbnailer] Entering extractFrame for "I:/MY SDCArds/S22 ultra/Camera/20251227_163338.heic"
[ "01:45:27.619" ][VideoThumbnailer] GPU decode enabled for "I:/MY SDCArds/S22 ultra/Camera/20251227_163338.heic"
[ "01:45:27.630" ][VideoThumbnailer] GPU decode enabled for "I:/MY SDCArds/S22 ultra/Camera/20251227_163302.heic"
[ "01:45:27.642" ][VideoThumbnailer] GPU decode enabled for "I:/MY SDCArds/S22 ultra/Camera/20251227_163241.heic"
[ "01:45:27.653" ][VideoThumbnailer] Entering extractFrame for "I:/MY SDCArds/S22 ultra/Camera/20251227_163352.heic"
[ "01:45:27.659" ][VideoThumbnailer] Entering extractFrame for "I:/MY SDCArds/S22 ultra/Camera/20251227_163601.heic"
[ "01:45:27.669" ][VideoThumbnailer] Entering extractFrame for "I:/MY SDCArds/S22 ultra/Camera/20251227_163611.heic"
[ "01:45:27.670" ][VideoThumbnailer] GPU decode enabled for "I:/MY SDCArds/S22 ultra/Camera/20251227_163352.heic"
[ "01:45:27.683" ][VideoThumbnailer] GPU decode enabled for "I:/MY SDCArds/S22 ultra/Camera/20251227_163601.heic"
[ "01:45:27.701" ][VideoThumbnailer] GPU decode enabled for "I:/MY SDCArds/S22 ultra/Camera/20251227_163611.heic"
[ "01:45:27.704" ][VideoThumbnailer] Entering extractFrame for "I:/MY SDCArds/S22 ultra/Camera/20251227_163626.heic"
[ "01:45:27.712" ][VideoThumbnailer] Entering extractFrame for "I:/MY SDCArds/S22 ultra/Camera/20251227_163639.heic"
[ "01:45:27.727" ][VideoThumbnailer] Entering extractFrame for "I:/MY SDCArds/S22 ultra/Camera/20251227_163826.heic"
[ "01:45:27.736" ][VideoThumbnailer] GPU decode enabled for "I:/MY SDCArds/S22 ultra/Camera/20251227_163626.heic"
[ "01:45:27.758" ][VideoThumbnailer] Entering extractFrame for "I:/MY SDCArds/S22 ultra/Camera/20251228_134011.mp4"
[ "01:45:27.792" ][VideoThumbnailer] GPU decode enabled for "I:/MY SDCArds/S22 ultra/Camera/20251227_163639.heic"
[ "01:45:27.799" ][VideoThumbnailer] GPU decode enabled for "I:/MY SDCArds/S22 ultra/Camera/20251227_163826.heic"
[ "01:45:27.821" ][VideoThumbnailer] Entering extractFrame for "I:/MY SDCArds/S22 ultra/Camera/20260101_171037.mp4"
[ "01:45:27.833" ][VideoThumbnailer] Entering extractFrame for "I:/MY SDCArds/S22 ultra/Camera/20260104_162516.heic"
[ "01:45:27.836" ][VideoThumbnailer] GPU decode enabled for "I:/MY SDCArds/S22 ultra/Camera/20260101_171037.mp4"
[ "01:45:27.844" ][VideoThumbnailer] GPU decode enabled for "I:/MY SDCArds/S22 ultra/Camera/20251228_134011.mp4"
[ "01:45:27.878" ][VideoThumbnailer] GPU decode enabled for "I:/MY SDCArds/S22 ultra/Camera/20260104_162516.heic"
[ "01:45:27.975" ][VideoThumbnailer] Entering extractFrame for "I:/MY SDCArds/S22 ultra/Camera/20260101_174419.mp4"
[ "01:45:27.987" ][VideoThumbnailer] GPU decode enabled for "I:/MY SDCArds/S22 ultra/Camera/20260101_174419.mp4"
[ "01:45:27.992" ][VideoThumbnailer] Entering extractFrame for "I:/MY SDCArds/S22 ultra/Camera/20260105_170742.mp4"
[ "01:45:28.025" ][VideoThumbnailer] GPU decode enabled for "I:/MY SDCArds/S22 ultra/Camera/20260105_170742.mp4"
[ "01:45:28.071" ][VideoThumbnailer] Entering extractFrame for "I:/MY SDCArds/S22 ultra/Camera/20260104_162818.mp4"
[ "01:45:28.085" ][VideoThumbnailer] GPU decode enabled for "I:/MY SDCArds/S22 ultra/Camera/20260104_162818.mp4"
[ "01:45:28.289" ][VideoThumbnailer] Entering extractFrame for "I:/MY SDCArds/S22 ultra/Camera/20260104_131152.heic"
[ "01:45:28.317" ][VideoThumbnailer] GPU decode enabled for "I:/MY SDCArds/S22 ultra/Camera/20260104_131152.heic"
[ "01:45:28.471" ][VideoThumbnailer] Entering extractFrame for "I:/MY SDCArds/S22 ultra/Camera/20260104_160115.heic"
[ "01:45:28.481" ][VideoThumbnailer] Entering extractFrame for "I:/MY SDCArds/S22 ultra/Camera/e4b411977edebcbbee2108809de75278.mp4"
[ "01:45:28.486" ][VideoThumbnailer] Entering extractFrame for "I:/MY SDCArds/S22 ultra/Camera/20260104_162452.heic"
[ "01:45:28.503" ][SystemMonitor] Stats Update: CPU App: 21.3542 % | Sys: 71.875 % | RAM App: 12504.5 MB | Sys Avail: 26574.9 MB / 65466.5 MB
[SystemMonitor] Resource Update: RAM: 12504.5 MB (Delta: 948.289 ) | VRAM: 2364.04 MB (Delta: 541 )
[Diagnostics] CRITICAL: "Load stalled for 13s. Pending: 4. Stuck: I:/MY SDCArds/S22 ultra/Camera/20260104_160115.heic?idx=753, I:/MY SDCArds/S22 ultra/Camera/20260104_160128.jpg?idx=752, I:/MY SDCArds/S22 ultra/Camera/20260104_162452.heic?idx=751, I:/MY SDCArds/S..."
[DiagnosticsUI] CRITICAL ISSUE: Load stalled for 13s. Pending: 4. Stuck: I:/MY SDCArds/S22 ultra/Camera/20260104_160115.heic?idx=753, I:/MY SDCArds/S22 ultra/Camera/20260104_160128.jpg?idx=752, I:/MY SDCArds/S22 ultra/Camera/20260104_162452.heic?idx=751, I:/MY SDCArds/S...
[ "01:45:28.537" ][VideoThumbnailer] GPU decode enabled for "I:/MY SDCArds/S22 ultra/Camera/20260104_160115.heic"
[ "01:45:28.552" ][VideoThumbnailer] GPU decode enabled for "I:/MY SDCArds/S22 ultra/Camera/20260104_162452.heic"
[ "01:45:28.593" ][VideoThumbnailer] Entering extractFrame for "I:/MY SDCArds/S22 ultra/Camera/20260106_124959.mp4"
[ "01:45:28.610" ][VideoThumbnailer] GPU decode enabled for "I:/MY SDCArds/S22 ultra/Camera/20260106_124959.mp4"
[Performance] SLOW LOAD detected: 699 ms for "I:/MY SDCArds/S22 ultra/Camera/20260104_162818.mp4?idx=749"
[ "01:45:28.704" ][VideoThumbnailer] Entering extractFrame for "I:/MY SDCArds/S22 ultra/Camera/20260107_204643.mp4"
[ "01:45:28.777" ][VideoThumbnailer] GPU decode enabled for "I:/MY SDCArds/S22 ultra/Camera/20260107_204643.mp4"
[ "01:45:28.801" ][VideoThumbnailer] Entering extractFrame for "I:/MY SDCArds/S22 ultra/Camera/20260109_144430.mp4"
[ "01:45:28.813" ][VideoThumbnailer] GPU decode enabled for "I:/MY SDCArds/S22 ultra/Camera/20260109_144430.mp4"
[ "01:45:28.908" ][VideoThumbnailer] Entering extractFrame for "I:/MY SDCArds/S22 ultra/Camera/20260114_163622.mp4"
[ "01:45:28.918" ][VideoThumbnailer] GPU decode enabled for "I:/MY SDCArds/S22 ultra/Camera/20260114_163622.mp4"
[ "01:45:28.922" ][VideoThumbnailer] Entering extractFrame for "I:/MY SDCArds/S22 ultra/Camera/20260116_182604.heic"
[ "01:45:28.962" ][FFmpeg Warn] "Stream #0: not enough frames to estimate rate; consider increasing probesize"
[ "01:45:28.962" ][FFmpeg Warn] "Stream #1: not enough frames to estimate rate; consider increasing probesize"
[ "01:45:28.962" ][FFmpeg Warn] "Stream #2: not enough frames to estimate rate; consider increasing probesize"
[ "01:45:28.962" ][FFmpeg Warn] "Stream #3: not enough frames to estimate rate; consider increasing probesize"
[ "01:45:28.962" ][FFmpeg Warn] "Stream #4: not enough frames to estimate rate; consider increasing probesize"
[ "01:45:28.962" ][FFmpeg Warn] "Stream #5: not enough frames to estimate rate; consider increasing probesize"
[ "01:45:28.962" ][FFmpeg Warn] "Stream #6: not enough frames to estimate rate; consider increasing probesize"
[ "01:45:28.962" ][FFmpeg Warn] "Stream #7: not enough frames to estimate rate; consider increasing probesize"
[ "01:45:28.962" ][FFmpeg Warn] "Stream #8: not enough frames to estimate rate; consider increasing probesize"
[ "01:45:28.962" ][FFmpeg Warn] "Stream #9: not enough frames to estimate rate; consider increasing probesize"
[ "01:45:28.962" ][FFmpeg Warn] "Stream #10: not enough frames to estimate rate; consider increasing probesize"
[ "01:45:28.962" ][FFmpeg Warn] "Stream #11: not enough frames to estimate rate; consider increasing probesize"
[ "01:45:28.962" ][FFmpeg Warn] "Stream #12: not enough frames to estimate rate; consider increasing probesize"
[ "01:45:28.962" ][FFmpeg Warn] "Stream #13: not enough frames to estimate rate; consider increasing probesize"
[ "01:45:28.962" ][FFmpeg Warn] "Stream #14: not enough frames to estimate rate; consider increasing probesize"
[ "01:45:28.962" ][FFmpeg Warn] "Stream #15: not enough frames to estimate rate; consider increasing probesize"
[ "01:45:28.962" ][FFmpeg Warn] "Stream #16: not enough frames to estimate rate; consider increasing probesize"
[ "01:45:28.962" ][FFmpeg Warn] "Stream #17: not enough frames to estimate rate; consider increasing probesize"
[ "01:45:28.962" ][FFmpeg Warn] "Stream #18: not enough frames to estimate rate; consider increasing probesize"
[ "01:45:28.962" ][FFmpeg Warn] "Stream #19: not enough frames to estimate rate; consider increasing probesize"
[ "01:45:28.962" ][FFmpeg Warn] "Stream #20: not enough frames to estimate rate; consider increasing probesize"
[ "01:45:28.962" ][FFmpeg Warn] "Stream #21: not enough frames to estimate rate; consider increasing probesize"
[ "01:45:28.962" ][FFmpeg Warn] "Stream #22: not enough frames to estimate rate; consider increasing probesize"
[ "01:45:28.962" ][FFmpeg Warn] "Stream #23: not enough frames to estimate rate; consider increasing probesize"
[ "01:45:28.962" ][FFmpeg Warn] "Stream #24: not enough frames to estimate rate; consider increasing probesize"
[ "01:45:28.962" ][FFmpeg Warn] "Stream #25: not enough frames to estimate rate; consider increasing probesize"
[ "01:45:28.962" ][FFmpeg Warn] "Stream #26: not enough frames to estimate rate; consider increasing probesize"
[ "01:45:28.962" ][FFmpeg Warn] "Stream #27: not enough frames to estimate rate; consider increasing probesize"
[ "01:45:28.962" ][FFmpeg Warn] "Stream #28: not enough frames to estimate rate; consider increasing probesize"
[ "01:45:28.962" ][FFmpeg Warn] "Stream #29: not enough frames to estimate rate; consider increasing probesize"
[ "01:45:28.962" ][FFmpeg Warn] "Stream #30: not enough frames to estimate rate; consider increasing probesize"
[ "01:45:28.962" ][FFmpeg Warn] "Stream #31: not enough frames to estimate rate; consider increasing probesize"
[ "01:45:28.962" ][FFmpeg Warn] "Stream #32: not enough frames to estimate rate; consider increasing probesize"
[ "01:45:28.962" ][FFmpeg Warn] "Stream #33: not enough frames to estimate rate; consider increasing probesize"
[ "01:45:28.962" ][FFmpeg Warn] "Stream #34: not enough frames to estimate rate; consider increasing probesize"
[ "01:45:28.963" ][FFmpeg Warn] "Stream #35: not enough frames to estimate rate; consider increasing probesize"
[ "01:45:28.963" ][FFmpeg Warn] "Stream #36: not enough frames to estimate rate; consider increasing probesize"
[ "01:45:28.963" ][FFmpeg Warn] "Stream #37: not enough frames to estimate rate; consider increasing probesize"
[ "01:45:28.963" ][FFmpeg Warn] "Stream #38: not enough frames to estimate rate; consider increasing probesize"
[ "01:45:28.963" ][FFmpeg Warn] "Stream #39: not enough frames to estimate rate; consider increasing probesize"
[ "01:45:28.963" ][FFmpeg Warn] "Stream #40: not enough frames to estimate rate; consider increasing probesize"
[ "01:45:28.963" ][FFmpeg Warn] "Stream #41: not enough frames to estimate rate; consider increasing probesize"
[ "01:45:28.963" ][FFmpeg Warn] "Stream #42: not enough frames to estimate rate; consider increasing probesize"
[ "01:45:28.963" ][FFmpeg Warn] "Stream #43: not enough frames to estimate rate; consider increasing probesize"
[ "01:45:28.963" ][FFmpeg Warn] "Stream #44: not enough frames to estimate rate; consider increasing probesize"
[ "01:45:28.963" ][FFmpeg Warn] "Stream #45: not enough frames to estimate rate; consider increasing probesize"
[ "01:45:28.963" ][FFmpeg Warn] "Stream #46: not enough frames to estimate rate; consider increasing probesize"
[ "01:45:28.963" ][FFmpeg Warn] "Stream #47: not enough frames to estimate rate; consider increasing probesize"
[ "01:45:28.963" ][FFmpeg Warn] "Stream #48: not enough frames to estimate rate; consider increasing probesize"
[ "01:45:28.964" ][VideoThumbnailer] GPU decode enabled for "I:/MY SDCArds/S22 ultra/Camera/20260116_182604.heic"
[ "01:45:28.996" ][VideoThumbnailer] Entering extractFrame for "I:/MY SDCArds/S22 ultra/Camera/20260116_183713.heic"
[ "01:45:29.016" ][VideoThumbnailer] GPU decode enabled for "I:/MY SDCArds/S22 ultra/Camera/20260116_183713.heic"
[ "01:45:29.034" ][VideoThumbnailer] Entering extractFrame for "I:/MY SDCArds/S22 ultra/Camera/20260118_164946.heic"
[ "01:45:29.058" ][VideoThumbnailer] Entering extractFrame for "I:/MY SDCArds/S22 ultra/Camera/20260118_172041.heic"
[ "01:45:29.062" ][VideoThumbnailer] GPU decode enabled for "I:/MY SDCArds/S22 ultra/Camera/20260118_164946.heic"
[ "01:45:29.067" ][VideoThumbnailer] Entering extractFrame for "I:/MY SDCArds/S22 ultra/Camera/20260118_172044.heic"
[ "01:45:29.075" ][VideoThumbnailer] GPU decode enabled for "I:/MY SDCArds/S22 ultra/Camera/20260118_172041.heic"
[ "01:45:29.082" ][VideoThumbnailer] GPU decode enabled for "I:/MY SDCArds/S22 ultra/Camera/20260118_172044.heic"
[ "01:45:29.092" ][VideoThumbnailer] Entering extractFrame for "I:/MY SDCArds/S22 ultra/Camera/20260118_172047.heic"
[ "01:45:29.103" ][VideoThumbnailer] Entering extractFrame for "I:/MY SDCArds/S22 ultra/Camera/20260118_172054.heic"
[ "01:45:29.106" ][VideoThumbnailer] GPU decode enabled for "I:/MY SDCArds/S22 ultra/Camera/20260118_172047.heic"
[ "01:45:29.109" ][VideoThumbnailer] Entering extractFrame for "I:/MY SDCArds/S22 ultra/Camera/20260118_174230.heic"
[ "01:45:29.130" ][VideoThumbnailer] Entering extractFrame for "I:/MY SDCArds/S22 ultra/Camera/daec6559523c02d405b64e445d400abf.mp4"
[ "01:45:29.138" ][VideoThumbnailer] Entering extractFrame for "I:/MY SDCArds/S22 ultra/Camera/20260118_174233.heic"
[ "01:45:29.157" ][VideoThumbnailer] GPU decode enabled for "I:/MY SDCArds/S22 ultra/Camera/20260118_174230.heic"
[ "01:45:29.168" ][VideoThumbnailer] GPU decode enabled for "I:/MY SDCArds/S22 ultra/Camera/20260118_172054.heic"
[ "01:45:29.187" ][VideoThumbnailer] Entering extractFrame for "I:/MY SDCArds/S22 ultra/Camera/20260118_174235.heic"
[AdaptiveIO] Stats:  "I:/"  Avg:  111.084  Limit:  4  ActiveWeight:  4
[ "01:45:29.193" ][VideoThumbnailer] GPU decode enabled for "I:/MY SDCArds/S22 ultra/Camera/20260118_174233.heic"
[ "01:45:29.197" ][VideoThumbnailer] Entering extractFrame for "I:/MY SDCArds/S22 ultra/Camera/20260118_174237.heic"
[ "01:45:29.225" ][VideoThumbnailer] GPU decode enabled for "I:/MY SDCArds/S22 ultra/Camera/20260118_174237.heic"
[ "01:45:29.226" ][VideoThumbnailer] Entering extractFrame for "I:/MY SDCArds/S22 ultra/Camera/9a77fc917cbae4e87b477cda89bb8ee1.mp4"
[ "01:45:29.233" ][VideoThumbnailer] Entering extractFrame for "I:/MY SDCArds/S22 ultra/Camera/45a373b660754d8de9c2344b956a4b1b.mp4"
[ "01:45:29.238" ][VideoThumbnailer] Entering extractFrame for "I:/MY SDCArds/S22 ultra/Camera/37ced116f0b5664c39d99600f32296c0.mp4"
[ "01:45:29.252" ][VideoThumbnailer] GPU decode enabled for "I:/MY SDCArds/S22 ultra/Camera/20260118_174235.heic"
[ "01:45:29.273" ][VideoThumbnailer] Entering extractFrame for "I:/MY SDCArds/S22 ultra/Camera/20260118_174307.heic"
[ "01:45:29.273" ][VideoThumbnailer] Entering extractFrame for "I:/MY SDCArds/S22 ultra/Camera/20260118_174309.heic"
[ "01:45:29.281" ][VideoThumbnailer] Entering extractFrame for "I:/MY SDCArds/S22 ultra/Camera/20260118_174423.heic"
[ "01:45:29.336" ][VideoThumbnailer] GPU decode enabled for "I:/MY SDCArds/S22 ultra/Camera/20260118_174423.heic"
[ "01:45:29.363" ][VideoThumbnailer] GPU decode enabled for "I:/MY SDCArds/S22 ultra/Camera/20260118_174307.heic"
[ "01:45:29.366" ][VideoThumbnailer] Entering extractFrame for "I:/MY SDCArds/S22 ultra/Camera/20260120_084853.heic"
[ "01:45:29.400" ][VideoThumbnailer] Entering extractFrame for "I:/MY SDCArds/S22 ultra/Camera/20260122_095604.heic"
[ "01:45:29.438" ][VideoThumbnailer] GPU decode enabled for "I:/MY SDCArds/S22 ultra/Camera/20260118_174309.heic"
[ "01:45:29.439" ][VideoThumbnailer] GPU decode enabled for "I:/MY SDCArds/S22 ultra/Camera/20260120_084853.heic"
[ "01:45:29.460" ][VideoThumbnailer] GPU decode enabled for "I:/MY SDCArds/S22 ultra/Camera/20260122_095604.heic"
[ "01:45:29.471" ][VideoThumbnailer] Entering extractFrame for "I:/MY SDCArds/S22 ultra/Camera/20260122_095615.heic"
[ "01:45:29.475" ][VideoThumbnailer] Entering extractFrame for "I:/MY SDCArds/S22 ultra/Camera/20260122_101025.mp4"
[ "01:45:29.485" ][VideoThumbnailer] Entering extractFrame for "I:/MY SDCArds/S22 ultra/Camera/20260122_121325.heic"
[ "01:45:29.501" ][SystemMonitor] Stats Update: CPU App: 33.8542 % | Sys: 85.1563 % | RAM App: 12592.1 MB | Sys Avail: 26473.8 MB / 65466.5 MB
[SystemMonitor] Resource Update: RAM: 12592.1 MB (Delta: 87.582 ) | VRAM: 1823.04 MB (Delta: -541 )
[Diagnostics] CRITICAL: "Load stalled for 14s. Pending: 4. Stuck: I:/MY SDCArds/S22 ultra/Camera/20260122_095615.heic?idx=711, I:/MY SDCArds/S22 ultra/Camera/20260122_101025.mp4?idx=710, I:/MY SDCArds/S22 ultra/Camera/20260122_121325.heic?idx=709, I:/MY SDCArds/S..."
[DiagnosticsUI] CRITICAL ISSUE: Load stalled for 14s. Pending: 4. Stuck: I:/MY SDCArds/S22 ultra/Camera/20260122_095615.heic?idx=711, I:/MY SDCArds/S22 ultra/Camera/20260122_101025.mp4?idx=710, I:/MY SDCArds/S22 ultra/Camera/20260122_121325.heic?idx=709, I:/MY SDCArds/S...
[ "01:45:29.504" ][VideoThumbnailer] GPU decode enabled for "I:/MY SDCArds/S22 ultra/Camera/20260122_101025.mp4"
[ "01:45:29.538" ][VideoThumbnailer] GPU decode enabled for "I:/MY SDCArds/S22 ultra/Camera/20260122_121325.heic"
[ "01:45:29.563" ][VideoThumbnailer] GPU decode enabled for "I:/MY SDCArds/S22 ultra/Camera/20260122_095615.heic"
[ "01:45:29.592" ][VideoThumbnailer] Entering extractFrame for "I:/MY SDCArds/S22 ultra/Camera/20260122_121330.heic"
[ "01:45:29.602" ][VideoThumbnailer] Entering extractFrame for "I:/MY SDCArds/S22 ultra/Camera/20260122_121335.heic"
[ "01:45:29.624" ][VideoThumbnailer] GPU decode enabled for "I:/MY SDCArds/S22 ultra/Camera/20260122_121335.heic"
[ "01:45:29.631" ][VideoThumbnailer] Entering extractFrame for "I:/MY SDCArds/S22 ultra/Camera/20260122_121342.heic"
[ "01:45:29.650" ][VideoThumbnailer] Entering extractFrame for "I:/MY SDCArds/S22 ultra/Camera/20260122_131405.heic"
[ "01:45:29.689" ][VideoThumbnailer] GPU decode enabled for "I:/MY SDCArds/S22 ultra/Camera/20260122_121330.heic"
[ "01:45:29.692" ][VideoThumbnailer] GPU decode enabled for "I:/MY SDCArds/S22 ultra/Camera/20260122_131405.heic"
[ "01:45:29.700" ][VideoThumbnailer] GPU decode enabled for "I:/MY SDCArds/S22 ultra/Camera/20260122_121342.heic"
[ "01:45:29.720" ][VideoThumbnailer] Entering extractFrame for "I:/MY SDCArds/S22 ultra/Camera/20260122_131902.heic"
[ "01:45:29.726" ][VideoThumbnailer] Entering extractFrame for "I:/MY SDCArds/S22 ultra/Camera/20260122_131908.heic"
[ "01:45:29.726" ][VideoThumbnailer] Entering extractFrame for "I:/MY SDCArds/S22 ultra/Camera/20260122_131917.heic"
[ "01:45:29.784" ][VideoThumbnailer] GPU decode enabled for "I:/MY SDCArds/S22 ultra/Camera/20260122_131917.heic"
[ "01:45:29.800" ][VideoThumbnailer] GPU decode enabled for "I:/MY SDCArds/S22 ultra/Camera/20260122_131908.heic"
[ "01:45:29.808" ][VideoThumbnailer] GPU decode enabled for "I:/MY SDCArds/S22 ultra/Camera/20260122_131902.heic"
[ "01:45:29.812" ][VideoThumbnailer] Entering extractFrame for "I:/MY SDCArds/S22 ultra/Camera/d4428b05a7603f2125072d7a751fb94b.mp4"
[ "01:45:29.823" ][VideoThumbnailer] Entering extractFrame for "I:/MY SDCArds/S22 ultra/Camera/20260615_162202.heic"
[ "01:45:29.835" ][VideoThumbnailer] Entering extractFrame for "I:/MY SDCArds/S22 ultra/Camera/20260122_131929.heic"
[ "01:45:29.854" ][VideoThumbnailer] Entering extractFrame for "I:/MY SDCArds/S22 ultra/Camera/20260610_065048.mp4"
[ "01:45:29.858" ][VideoThumbnailer] Entering extractFrame for "I:/MY SDCArds/S22 ultra/Camera/20260615_162208.mp4"
[ "01:45:29.866" ][VideoThumbnailer] Entering extractFrame for "I:/MY SDCArds/S22 ultra/100_CINE/MOV_0065.MP4"
[ "01:45:29.866" ][VideoThumbnailer] Entering extractFrame for "I:/MY SDCArds/S22 ultra/Camera/20260617_072451.heic"
[ "01:45:29.875" ][VideoThumbnailer] GPU decode enabled for "I:/MY SDCArds/S22 ultra/Camera/20260122_131929.heic"
[ "01:45:29.892" ][VideoThumbnailer] Entering extractFrame for "I:/MY SDCArds/S22 ultra/100_CINE/MOV_0067.MP4"
[ "01:45:29.902" ][VideoThumbnailer] Entering extractFrame for "I:/MY SDCArds/S22 ultra/100_CINE/MOV_0068.MP4"
[ "01:45:29.902" ][VideoThumbnailer] Entering extractFrame for "I:/MY SDCArds/S22 ultra/100_CINE/MOV_0069.MP4"
[ "01:45:29.902" ][VideoThumbnailer] Entering extractFrame for "I:/MY SDCArds/S22 ultra/100_CINE/MOV_0070.MP4"
[ "01:45:29.908" ][VideoThumbnailer] Entering extractFrame for "I:/MY SDCArds/S22 ultra/100_CINE/MOV_0072.mp4"
[ "01:45:29.916" ][VideoThumbnailer] Entering extractFrame for "I:/MY SDCArds/S22 ultra/100_CINE/MOV_0076.MP4"
[ "01:45:29.922" ][VideoThumbnailer] Entering extractFrame for "I:/MY SDCArds/S22 ultra/100_CINE/MOV_0077.MP4"
[ "01:45:29.932" ][VideoThumbnailer] Entering extractFrame for "I:/MY SDCArds/S22 ultra/Camera/0cd8f78a49f760189265deb264e7a046.mp4"
[ "01:45:29.937" ][VideoThumbnailer] Entering extractFrame for "I:/MY SDCArds/S22 ultra/Camera/0cef630871e4692a3692ea3f2549e3e3.mp4"
[ "01:45:29.941" ][VideoThumbnailer] Entering extractFrame for "I:/MY SDCArds/S22 ultra/Camera/2e5b1ace31b491aad70d2df043b5a427.mp4"
[ "01:45:29.945" ][VideoThumbnailer] Entering extractFrame for "I:/MY SDCArds/S22 ultra/Camera/2e5d3e86f276ceefd440bb7a6effba3a.mp4"
[ "01:45:29.956" ][VideoThumbnailer] Entering extractFrame for "I:/MY SDCArds/S22 ultra/Camera/3b69154fbebc2fd1e6d4e61be896240f.mp4"
[ "01:45:29.965" ][VideoThumbnailer] Entering extractFrame for "I:/MY SDCArds/S22 ultra/Camera/3bb7155546984b26c7c2ed5db9bbfa92.mp4"
[ "01:45:29.974" ][VideoThumbnailer] Entering extractFrame for "I:/MY SDCArds/S22 ultra/Camera/4eb33c89b76a386ce771423c5475cd55.mp4"
[ "01:45:29.974" ][VideoThumbnailer] Entering extractFrame for "I:/MY SDCArds/S22 ultra/Camera/5aff3e2dc65647f1251e942612c4f04b.mp4"
[ "01:45:29.981" ][VideoThumbnailer] Entering extractFrame for "I:/MY SDCArds/S22 ultra/Camera/5c1e9b63a20c93a5cd0b109e89a82fae.mp4"
[ "01:45:29.986" ][VideoThumbnailer] Entering extractFrame for "I:/MY SDCArds/S22 ultra/Camera/5d16fe01c27eca56b235bfcc300236d9.mp4"
[ "01:45:29.990" ][VideoThumbnailer] Entering extractFrame for "I:/MY SDCArds/S22 ultra/Camera/7ee609991a4a478dbf45405735d23d14.mp4"
[ "01:45:30.000" ][VideoThumbnailer] Entering extractFrame for "I:/MY SDCArds/S22 ultra/Camera/47c9a60562e98c98f4830cf33a0941e6.mp4"
[ "01:45:30.004" ][VideoThumbnailer] Entering extractFrame for "I:/MY SDCArds/S22 ultra/Camera/58fdc7b732bdee96c371b6a9c3f02bbb.mp4"
[ "01:45:30.008" ][VideoThumbnailer] Entering extractFrame for "I:/MY SDCArds/S22 ultra/Camera/65de94cd190e4c857f3f117d49a42860.mp4"
[AdaptiveIO] Stats:  "I:/"  Avg:  28.8084  Limit:  4  ActiveWeight:  4
[ "01:45:30.023" ][VideoThumbnailer] Entering extractFrame for "I:/MY SDCArds/S22 ultra/Camera/73c8ff94adad83bce000ded5968cf9b9.mp4"
[ "01:45:30.023" ][VideoThumbnailer] Entering extractFrame for "I:/MY SDCArds/S22 ultra/Camera/070d55d441509f358e66bf20183195b5.mp4"
[ "01:45:30.031" ][VideoThumbnailer] Entering extractFrame for "I:/MY SDCArds/S22 ultra/Camera/76f14fb3d33e99d9e449cad3b8e408a1.mp4"
[ "01:45:30.036" ][VideoThumbnailer] Entering extractFrame for "I:/MY SDCArds/S22 ultra/Camera/87fc39454200d213e1a16c81ee0e6a1d.mp4"
[ "01:45:30.043" ][VideoThumbnailer] Entering extractFrame for "I:/MY SDCArds/S22 ultra/Camera/96ad5fbda2c723152e1779a891e1bba5.mp4"
[ "01:45:30.049" ][VideoThumbnailer] Entering extractFrame for "I:/MY SDCArds/S22 ultra/Camera/244cd01932b98c5592f03d82be7b4795.mp4"
[ "01:45:30.051" ][VideoThumbnailer] Entering extractFrame for "I:/MY SDCArds/S22 ultra/Camera/129e42681cac315687ba79e014fd37fa.mp4"
[ "01:45:30.058" ][VideoThumbnailer] Entering extractFrame for "I:/MY SDCArds/S22 ultra/Camera/305fd731c329dd1439aee9a4ea83b31a.mp4"
[ "01:45:30.060" ][VideoThumbnailer] Entering extractFrame for "I:/MY SDCArds/S22 ultra/Camera/863ba5b6a6a1e27ebf88d2b96d3a72ba.mp4"
[ "01:45:30.066" ][VideoThumbnailer] Entering extractFrame for "I:/MY SDCArds/S22 ultra/Camera/3996acec79970bcd86eddd1a265f5030.mp4"
[ "01:45:30.072" ][VideoThumbnailer] Entering extractFrame for "I:/MY SDCArds/S22 ultra/Camera/5750e6869edab59846a65acd7dc2e8ff.mp4"
[ "01:45:30.077" ][VideoThumbnailer] Entering extractFrame for "I:/MY SDCArds/S22 ultra/Camera/51486ba4d604deeaee445c90e60affcf.mp4"
[ "01:45:30.087" ][VideoThumbnailer] Entering extractFrame for "I:/MY SDCArds/S22 ultra/Camera/fa9b9e4e6957ebbc71efc4f467a9905d.mp4"
[ "01:45:30.092" ][VideoThumbnailer] Entering extractFrame for "I:/MY SDCArds/S22 ultra/Camera/531134dac9b1af080ca7aeeb776bbf50.mp4"
[ "01:45:30.097" ][VideoThumbnailer] Entering extractFrame for "I:/MY SDCArds/S22 ultra/Camera/598299a40fd386365ca8d3aed94731e0.mp4"
[ "01:45:30.102" ][VideoThumbnailer] Entering extractFrame for "I:/MY SDCArds/S22 ultra/Camera/607494d83d9287894d819f0cea02cea9.mp4"
[ "01:45:30.111" ][VideoThumbnailer] Entering extractFrame for "I:/MY SDCArds/S22 ultra/Camera/613004b735f7cc60008abe9bc61fe178.mp4"
[ "01:45:30.121" ][VideoThumbnailer] Entering extractFrame for "I:/MY SDCArds/S22 ultra/Camera/6297322f3bd5f18cd1be1562bd92e74a.mp4"
[ "01:45:30.127" ][VideoThumbnailer] Entering extractFrame for "I:/MY SDCArds/S22 ultra/Camera/8443591f33bc194b3513f322b8c781be.mp4"
[ "01:45:30.127" ][VideoThumbnailer] Entering extractFrame for "I:/MY SDCArds/S22 ultra/Camera/b53c1a8911cac6831560fb208ca83789.mp4"
TelemetryMonitor: Processed 300 frames. Current FPS: 62
[ "01:45:30.132" ][VideoThumbnailer] Entering extractFrame for "I:/MY SDCArds/S22 ultra/Camera/598627694f6d58b5e64da9b6c67b3b40.mp4"
[ "01:45:30.143" ][VideoThumbnailer] Entering extractFrame for "I:/MY SDCArds/S22 ultra/Camera/65269303efa21dfe0e5b47128220f1e9.mp4"
[ "01:45:30.151" ][VideoThumbnailer] Entering extractFrame for "I:/MY SDCArds/S22 ultra/Camera/a099d2a733ee8cf1ff691e3ba44ecb44.mp4"
[ "01:45:30.153" ][VideoThumbnailer] Entering extractFrame for "I:/MY SDCArds/S22 ultra/Camera/fd0df56a41a0585671643546821e5e62.mp4"
[ "01:45:30.159" ][VideoThumbnailer] Entering extractFrame for "I:/MY SDCArds/S22 ultra/Camera/a3381531c0678086b742d906c0c99754.mp4"
[ "01:45:30.168" ][VideoThumbnailer] Entering extractFrame for "I:/MY SDCArds/S22 ultra/Camera/a718c67c8c2494e3924b2ac0668040d0.mp4"
[ "01:45:30.177" ][VideoThumbnailer] Entering extractFrame for "I:/MY SDCArds/S22 ultra/Camera/a8959f0e710bd1f030c4dbbe5a77e8e5.mp4"
[ "01:45:30.183" ][VideoThumbnailer] Entering extractFrame for "I:/MY SDCArds/S22 ultra/Camera/b0213c16473efc872b2e9d4b386db8cc.mp4"
[ "01:45:30.183" ][VideoThumbnailer] Entering extractFrame for "I:/MY SDCArds/S22 ultra/Camera/b4bb736acf42ef19b0b3acc390f487de.mp4"
[ "01:45:30.187" ][VideoThumbnailer] Entering extractFrame for "I:/MY SDCArds/S22 ultra/Camera/bc33001d2c0580c7eee2c94422e95035.mp4"
[ "01:45:30.195" ][VideoThumbnailer] Entering extractFrame for "I:/MY SDCArds/S22 ultra/Camera/bf58c1d0a196cdddc25ed870c99c6f28.mp4"
[ "01:45:30.201" ][VideoThumbnailer] Entering extractFrame for "I:/MY SDCArds/S22 ultra/Camera/c277144919e829710cb5665600cfc6bb.mp4"
[ "01:45:30.205" ][VideoThumbnailer] Entering extractFrame for "I:/MY SDCArds/S22 ultra/Camera/c3ebccbde00575d81714474880a54e21.mp4"
[ "01:45:30.212" ][VideoThumbnailer] Entering extractFrame for "I:/MY SDCArds/S22 ultra/Camera/c3971d2d790c17dcf2b7e682723365d3.mp4"
[ "01:45:30.220" ][VideoThumbnailer] Entering extractFrame for "I:/MY SDCArds/S22 ultra/Camera/c42a6d2b497dfcef0118e25f6fba0b35.mp4"
[ "01:45:30.228" ][VideoThumbnailer] Entering extractFrame for "I:/MY SDCArds/S22 ultra/Camera/c50053564b8f205b27f8fff01319fb26.mp4"
[ "01:45:30.238" ][VideoThumbnailer] Entering extractFrame for "I:/MY SDCArds/S22 ultra/Camera/c6eac33bfa9e8609bdcc15d29ce81db5.mp4"
[ "01:45:30.256" ][VideoThumbnailer] Entering extractFrame for "I:/MY SDCArds/S22 ultra/Camera/c78e25fe6703271eb3ae375b0a4a0881.mp4"
[ "01:45:30.257" ][VideoThumbnailer] Entering extractFrame for "I:/MY SDCArds/S22 ultra/Camera/ca1eb1f9c673d3ce2d36d9b0e0452d80.mp4"
[ "01:45:30.267" ][VideoThumbnailer] Entering extractFrame for "I:/MY SDCArds/S22 ultra/Camera/cf3d36275fe99e914264b8827039a1fb.mp4"
[ "01:45:30.275" ][VideoThumbnailer] Entering extractFrame for "I:/MY SDCArds/S22 ultra/Camera/dce195fda485c26595032e1b1479727b.mp4"
[ "01:45:30.282" ][VideoThumbnailer] Entering extractFrame for "I:/MY SDCArds/S22 ultra/Camera/e42a17581b9cd45b23deae20bbb3f663.mp4"
[ "01:45:30.289" ][VideoThumbnailer] Entering extractFrame for "I:/MY SDCArds/S22 ultra/Camera/e8b34621aff4a014b465e5305d98095d.mp4"
[ "01:45:30.293" ][VideoThumbnailer] Entering extractFrame for "I:/MY SDCArds/S22 ultra/Camera/ebd1c0d2f2e5140a51d207c2b89e9197.mp4"
[ "01:45:30.301" ][VideoThumbnailer] Entering extractFrame for "I:/MY SDCArds/S22 ultra/Camera/ec618d97d534ccc60544ab32f27d4bb5.mp4"
[ "01:45:30.308" ][VideoThumbnailer] Entering extractFrame for "I:/MY SDCArds/S22 ultra/Camera/f123491e1f00322b6c5e87b6ff41de35.mp4"
[ "01:45:30.308" ][VideoThumbnailer] Entering extractFrame for "I:/MY SDCArds/S22 ultra/Camera/fa9b9e4e6957ebbc71efc4f467a9905d.mp4"
[ "01:45:30.313" ][VideoThumbnailer] GPU decode enabled for "I:/MY SDCArds/S22 ultra/Camera/fa9b9e4e6957ebbc71efc4f467a9905d.mp4"
[ "01:45:30.314" ][VideoThumbnailer] GPU decode enabled for "I:/MY SDCArds/S22 ultra/Camera/f123491e1f00322b6c5e87b6ff41de35.mp4"
[AdaptiveIO] Stats:  "I:/"  Avg:  25.0797  Limit:  4  ActiveWeight:  16
[ "01:45:30.367" ][VideoThumbnailer] Entering extractFrame for "I:/MY SDCArds/S22 ultra/Camera/fd0df56a41a0585671643546821e5e62.mp4"
[ "01:45:30.373" ][VideoThumbnailer] GPU decode enabled for "I:/MY SDCArds/S22 ultra/Camera/fd0df56a41a0585671643546821e5e62.mp4"
[ "01:45:30.378" ][VideoThumbnailer] Entering extractFrame for "I:/MY SDCArds/S22 ultra/Camera/ece55d1ae67dfbe98de9b172dbc6e0eb.mp4"
[ "01:45:30.393" ][VideoThumbnailer] GPU decode enabled for "I:/MY SDCArds/S22 ultra/Camera/ece55d1ae67dfbe98de9b172dbc6e0eb.mp4"
[ "01:45:30.431" ][VideoThumbnailer] Entering extractFrame for "I:/MY SDCArds/S22 ultra/Camera/f51c840581e2f64ca12d0eb7faf84bfa.mp4"
[ "01:45:30.431" ][VideoThumbnailer] Entering extractFrame for "I:/MY SDCArds/S22 ultra/Camera/f60ea2c96345e99c0a4801287c32c8e4.mp4"
[ "01:45:30.665" ][SystemMonitor] Stats Update: CPU App: 30.1802 % | Sys: 73.6486 % | RAM App: 12973.8 MB | Sys Avail: 26091.3 MB / 65466.5 MB
[SystemMonitor] Resource Update: RAM: 12973.8 MB (Delta: 381.77 ) | VRAM: 1823.04 MB (Delta: 0 )
[Diagnostics] CRITICAL: "Load stalled for 16s. Pending: 33. Stuck: I:/MY SDCArds/S22 ultra/Facebook/FB_IMG_1687018045056.jpg, I:/MY SDCArds/S22 ultra/Facebook/FB_IMG_1691517893407.jpg, I:/MY SDCArds/S22 ultra/Facebook/FB_IMG_1720161356521.jpg, I:/MY SDCArds/S22 ul..."
[DiagnosticsUI] CRITICAL ISSUE: Load stalled for 16s. Pending: 33. Stuck: I:/MY SDCArds/S22 ultra/Facebook/FB_IMG_1687018045056.jpg, I:/MY SDCArds/S22 ultra/Facebook/FB_IMG_1691517893407.jpg, I:/MY SDCArds/S22 ultra/Facebook/FB_IMG_1720161356521.jpg, I:/MY SDCArds/S22 ul...
[AdaptiveIO] Stats:  "I:/"  Avg:  9.80076  Limit:  4  ActiveWeight:  30
[AdaptiveIO] Stats:  "I:/"  Avg:  17.9779  Limit:  4  ActiveWeight:  30
[AdaptiveIO] Stats:  "I:/"  Avg:  25.6094  Limit:  4  ActiveWeight:  30
[AdaptiveIO] Stats:  "I:/"  Avg:  19.4887  Limit:  4  ActiveWeight:  32
[ "01:45:31.635" ][SystemMonitor] Stats Update: CPU App: 74.1935 % | Sys: 98.3871 % | RAM App: 13091.6 MB | Sys Avail: 26041.4 MB / 65466.5 MB
[SystemMonitor] Resource Update: RAM: 13091.6 MB (Delta: 117.789 ) | VRAM: 2862.61 MB (Delta: 1039.57 )
[Diagnostics] CRITICAL: "Load stalled for 17s. Pending: 30. Stuck: I:/MY SDCArds/S22 ultra/Snapchat/Snapchat-1325371888.jpg, I:/MY SDCArds/S22 ultra/Snapchat/Snapchat-1349981900.jpg, I:/MY SDCArds/S22 ultra/Snapchat/Snapchat-303742177.jpg"
[DiagnosticsUI] CRITICAL ISSUE: Load stalled for 17s. Pending: 30. Stuck: I:/MY SDCArds/S22 ultra/Snapchat/Snapchat-1325371888.jpg, I:/MY SDCArds/S22 ultra/Snapchat/Snapchat-1349981900.jpg, I:/MY SDCArds/S22 ultra/Snapchat/Snapchat-303742177.jpg
[AdaptiveIO] Stats:  "I:/"  Avg:  18.5813  Limit:  4  ActiveWeight:  20
[ "01:45:31.906" ][VideoThumbnailer] Entering extractFrame for "I:/MY SDCArds/S22 ultra/Ezviz/1754068438705.mp4"
[ "01:45:31.907" ][VideoThumbnailer] GPU decode enabled for "I:/MY SDCArds/S22 ultra/Ezviz/1754068438705.mp4"
[ "01:45:32.096" ][VideoThumbnailer] Entering extractFrame for "I:/MY SDCArds/S22 ultra/Camera/531134dac9b1af080ca7aeeb776bbf50.mp4"
[ "01:45:32.107" ][VideoThumbnailer] GPU decode enabled for "I:/MY SDCArds/S22 ultra/Camera/531134dac9b1af080ca7aeeb776bbf50.mp4"
[ "01:45:32.305" ][VideoThumbnailer] Entering extractFrame for "I:/MY SDCArds/S22 ultra/100_CINE/MOV_0077.MP4"
[ "01:45:32.460" ][VideoThumbnailer] GPU decode enabled for "I:/MY SDCArds/S22 ultra/100_CINE/MOV_0077.MP4"
qrc:/ScrollBench/qml/GalleryViewSemanticScrollBench.qml:255:29: Unable to assign [undefined] to bool
qrc:/ScrollBench/qml/GalleryViewSemanticScrollBench.qml:255:29: Unable to assign [undefined] to bool
qrc:/ScrollBench/qml/GalleryViewSemanticScrollBench.qml:255:29: Unable to assign [undefined] to bool
qrc:/ScrollBench/qml/GalleryViewSemanticScrollBench.qml:255:29: Unable to assign [undefined] to bool
qrc:/ScrollBench/qml/GalleryViewSemanticScrollBench.qml:255:29: Unable to assign [undefined] to bool
qrc:/ScrollBench/qml/GalleryViewSemanticScrollBench.qml:255:29: Unable to assign [undefined] to bool
qrc:/ScrollBench/qml/GalleryViewSemanticScrollBench.qml:255:29: Unable to assign [undefined] to bool
qrc:/ScrollBench/qml/GalleryViewSemanticScrollBench.qml:255:29: Unable to assign [undefined] to bool
qrc:/ScrollBench/qml/GalleryViewSemanticScrollBench.qml:255:29: Unable to assign [undefined] to bool
qrc:/ScrollBench/qml/GalleryViewSemanticScrollBench.qml:255:29: Unable to assign [undefined] to bool
qrc:/ScrollBench/qml/GalleryViewSemanticScrollBench.qml:255:29: Unable to assign [undefined] to bool
qrc:/ScrollBench/qml/GalleryViewSemanticScrollBench.qml:255:29: Unable to assign [undefined] to bool
qrc:/ScrollBench/qml/GalleryViewSemanticScrollBench.qml:255:29: Unable to assign [undefined] to bool
qrc:/ScrollBench/qml/GalleryViewSemanticScrollBench.qml:255:29: Unable to assign [undefined] to bool
qrc:/ScrollBench/qml/GalleryViewSemanticScrollBench.qml:255:29: Unable to assign [undefined] to bool
qrc:/ScrollBench/qml/GalleryViewSemanticScrollBench.qml:255:29: Unable to assign [undefined] to bool
qrc:/ScrollBench/qml/GalleryViewSemanticScrollBench.qml:255:29: Unable to assign [undefined] to bool
qrc:/ScrollBench/qml/GalleryViewSemanticScrollBench.qml:255:29: Unable to assign [undefined] to bool
qrc:/ScrollBench/qml/GalleryViewSemanticScrollBench.qml:255:29: Unable to assign [undefined] to bool
qrc:/ScrollBench/qml/GalleryViewSemanticScrollBench.qml:255:29: Unable to assign [undefined] to bool
qrc:/ScrollBench/qml/GalleryViewSemanticScrollBench.qml:255:29: Unable to assign [undefined] to bool
qrc:/ScrollBench/qml/GalleryViewSemanticScrollBench.qml:255:29: Unable to assign [undefined] to bool
qrc:/ScrollBench/qml/GalleryViewSemanticScrollBench.qml:255:29: Unable to assign [undefined] to bool
qrc:/ScrollBench/qml/GalleryViewSemanticScrollBench.qml:255:29: Unable to assign [undefined] to bool
qrc:/ScrollBench/qml/GalleryViewSemanticScrollBench.qml:255:29: Unable to assign [undefined] to bool
qrc:/ScrollBench/qml/GalleryViewSemanticScrollBench.qml:255:29: Unable to assign [undefined] to bool
qrc:/ScrollBench/qml/GalleryViewSemanticScrollBench.qml:255:29: Unable to assign [undefined] to bool
qrc:/ScrollBench/qml/GalleryViewSemanticScrollBench.qml:255:29: Unable to assign [undefined] to bool
qrc:/ScrollBench/qml/GalleryViewSemanticScrollBench.qml:255:29: Unable to assign [undefined] to bool
qrc:/ScrollBench/qml/GalleryViewSemanticScrollBench.qml:255:29: Unable to assign [undefined] to bool
qrc:/ScrollBench/qml/GalleryViewSemanticScrollBench.qml:255:29: Unable to assign [undefined] to bool
qrc:/ScrollBench/qml/GalleryViewSemanticScrollBench.qml:255:29: Unable to assign [undefined] to bool
qrc:/ScrollBench/qml/GalleryViewSemanticScrollBench.qml:255:29: Unable to assign [undefined] to bool
qrc:/ScrollBench/qml/GalleryViewSemanticScrollBench.qml:255:29: Unable to assign [undefined] to bool
qrc:/ScrollBench/qml/GalleryViewSemanticScrollBench.qml:255:29: Unable to assign [undefined] to bool
qrc:/ScrollBench/qml/GalleryViewSemanticScrollBench.qml:255:29: Unable to assign [undefined] to bool
qrc:/ScrollBench/qml/GalleryViewSemanticScrollBench.qml:255:29: Unable to assign [undefined] to bool
qrc:/ScrollBench/qml/GalleryViewSemanticScrollBench.qml:255:29: Unable to assign [undefined] to bool
qrc:/ScrollBench/qml/GalleryViewSemanticScrollBench.qml:255:29: Unable to assign [undefined] to bool
qrc:/ScrollBench/qml/GalleryViewSemanticScrollBench.qml:255:29: Unable to assign [undefined] to bool
qrc:/ScrollBench/qml/GalleryViewSemanticScrollBench.qml:255:29: Unable to assign [undefined] to bool
qrc:/ScrollBench/qml/GalleryViewSemanticScrollBench.qml:255:29: Unable to assign [undefined] to bool
qrc:/ScrollBench/qml/GalleryViewSemanticScrollBench.qml:255:29: Unable to assign [undefined] to bool
qrc:/ScrollBench/qml/GalleryViewSemanticScrollBench.qml:255:29: Unable to assign [undefined] to bool
qrc:/ScrollBench/qml/GalleryViewSemanticScrollBench.qml:255:29: Unable to assign [undefined] to bool
qrc:/ScrollBench/qml/GalleryViewSemanticScrollBench.qml:255:29: Unable to assign [undefined] to bool
qrc:/ScrollBench/qml/GalleryViewSemanticScrollBench.qml:255:29: Unable to assign [undefined] to bool
qrc:/ScrollBench/qml/GalleryViewSemanticScrollBench.qml:255:29: Unable to assign [undefined] to bool
qrc:/ScrollBench/qml/GalleryViewSemanticScrollBench.qml:255:29: Unable to assign [undefined] to bool
qrc:/ScrollBench/qml/GalleryViewSemanticScrollBench.qml:255:29: Unable to assign [undefined] to bool
qrc:/ScrollBench/qml/GalleryViewSemanticScrollBench.qml:255:29: Unable to assign [undefined] to bool
qrc:/ScrollBench/qml/GalleryViewSemanticScrollBench.qml:255:29: Unable to assign [undefined] to bool
qrc:/ScrollBench/qml/GalleryViewSemanticScrollBench.qml:255:29: Unable to assign [undefined] to bool
qrc:/ScrollBench/qml/GalleryViewSemanticScrollBench.qml:255:29: Unable to assign [undefined] to bool
qrc:/ScrollBench/qml/GalleryViewSemanticScrollBench.qml:255:29: Unable to assign [undefined] to bool
qrc:/ScrollBench/qml/GalleryViewSemanticScrollBench.qml:255:29: Unable to assign [undefined] to bool
qrc:/ScrollBench/qml/GalleryViewSemanticScrollBench.qml:255:29: Unable to assign [undefined] to bool
qrc:/ScrollBench/qml/GalleryViewSemanticScrollBench.qml:255:29: Unable to assign [undefined] to bool
qrc:/ScrollBench/qml/GalleryViewSemanticScrollBench.qml:255:29: Unable to assign [undefined] to bool
qrc:/ScrollBench/qml/GalleryViewSemanticScrollBench.qml:255:29: Unable to assign [undefined] to bool
qrc:/ScrollBench/qml/GalleryViewSemanticScrollBench.qml:255:29: Unable to assign [undefined] to bool
qrc:/ScrollBench/qml/GalleryViewSemanticScrollBench.qml:255:29: Unable to assign [undefined] to bool
qrc:/ScrollBench/qml/GalleryViewSemanticScrollBench.qml:255:29: Unable to assign [undefined] to bool
qrc:/ScrollBench/qml/GalleryViewSemanticScrollBench.qml:255:29: Unable to assign [undefined] to bool
qrc:/ScrollBench/qml/GalleryViewSemanticScrollBench.qml:255:29: Unable to assign [undefined] to bool
qrc:/ScrollBench/qml/GalleryViewSemanticScrollBench.qml:255:29: Unable to assign [undefined] to bool
qrc:/ScrollBench/qml/GalleryViewSemanticScrollBench.qml:255:29: Unable to assign [undefined] to bool
qrc:/ScrollBench/qml/GalleryViewSemanticScrollBench.qml:255:29: Unable to assign [undefined] to bool
qrc:/ScrollBench/qml/GalleryViewSemanticScrollBench.qml:255:29: Unable to assign [undefined] to bool
qrc:/ScrollBench/qml/GalleryViewSemanticScrollBench.qml:255:29: Unable to assign [undefined] to bool
qrc:/ScrollBench/qml/GalleryViewSemanticScrollBench.qml:255:29: Unable to assign [undefined] to bool
qrc:/ScrollBench/qml/GalleryViewSemanticScrollBench.qml:255:29: Unable to assign [undefined] to bool
qrc:/ScrollBench/qml/GalleryViewSemanticScrollBench.qml:255:29: Unable to assign [undefined] to bool
qrc:/ScrollBench/qml/GalleryViewSemanticScrollBench.qml:255:29: Unable to assign [undefined] to bool
qrc:/ScrollBench/qml/GalleryViewSemanticScrollBench.qml:255:29: Unable to assign [undefined] to bool
qrc:/ScrollBench/qml/GalleryViewSemanticScrollBench.qml:255:29: Unable to assign [undefined] to bool
qrc:/ScrollBench/qml/GalleryViewSemanticScrollBench.qml:255:29: Unable to assign [undefined] to bool
qrc:/ScrollBench/qml/GalleryViewSemanticScrollBench.qml:255:29: Unable to assign [undefined] to bool
qrc:/ScrollBench/qml/GalleryViewSemanticScrollBench.qml:255:29: Unable to assign [undefined] to bool
qrc:/ScrollBench/qml/GalleryViewSemanticScrollBench.qml:255:29: Unable to assign [undefined] to bool
qrc:/ScrollBench/qml/GalleryViewSemanticScrollBench.qml:255:29: Unable to assign [undefined] to bool
qrc:/ScrollBench/qml/GalleryViewSemanticScrollBench.qml:255:29: Unable to assign [undefined] to bool
qrc:/ScrollBench/qml/GalleryViewSemanticScrollBench.qml:255:29: Unable to assign [undefined] to bool
qrc:/ScrollBench/qml/GalleryViewSemanticScrollBench.qml:255:29: Unable to assign [undefined] to bool
qrc:/ScrollBench/qml/GalleryViewSemanticScrollBench.qml:255:29: Unable to assign [undefined] to bool
qrc:/ScrollBench/qml/GalleryViewSemanticScrollBench.qml:255:29: Unable to assign [undefined] to bool
qrc:/ScrollBench/qml/GalleryViewSemanticScrollBench.qml:255:29: Unable to assign [undefined] to bool
qrc:/ScrollBench/qml/GalleryViewSemanticScrollBench.qml:255:29: Unable to assign [undefined] to bool
qrc:/ScrollBench/qml/GalleryViewSemanticScrollBench.qml:255:29: Unable to assign [undefined] to bool
qrc:/ScrollBench/qml/GalleryViewSemanticScrollBench.qml:255:29: Unable to assign [undefined] to bool
qrc:/ScrollBench/qml/GalleryViewSemanticScrollBench.qml:255:29: Unable to assign [undefined] to bool
qrc:/ScrollBench/qml/GalleryViewSemanticScrollBench.qml:255:29: Unable to assign [undefined] to bool
qrc:/ScrollBench/qml/GalleryViewSemanticScrollBench.qml:255:29: Unable to assign [undefined] to bool
qrc:/ScrollBench/qml/GalleryViewSemanticScrollBench.qml:255:29: Unable to assign [undefined] to bool
qrc:/ScrollBench/qml/GalleryViewSemanticScrollBench.qml:255:29: Unable to assign [undefined] to bool
qrc:/ScrollBench/qml/GalleryViewSemanticScrollBench.qml:255:29: Unable to assign [undefined] to bool
qrc:/ScrollBench/qml/GalleryViewSemanticScrollBench.qml:255:29: Unable to assign [undefined] to bool
qrc:/ScrollBench/qml/GalleryViewSemanticScrollBench.qml:255:29: Unable to assign [undefined] to bool
qrc:/ScrollBench/qml/GalleryViewSemanticScrollBench.qml:255:29: Unable to assign [undefined] to bool
qrc:/ScrollBench/qml/GalleryViewSemanticScrollBench.qml:255:29: Unable to assign [undefined] to bool
qrc:/ScrollBench/qml/GalleryViewSemanticScrollBench.qml:255:29: Unable to assign [undefined] to bool
qrc:/ScrollBench/qml/GalleryViewSemanticScrollBench.qml:255:29: Unable to assign [undefined] to bool
qrc:/ScrollBench/qml/GalleryViewSemanticScrollBench.qml:255:29: Unable to assign [undefined] to bool
qrc:/ScrollBench/qml/GalleryViewSemanticScrollBench.qml:255:29: Unable to assign [undefined] to bool
qrc:/ScrollBench/qml/GalleryViewSemanticScrollBench.qml:255:29: Unable to assign [undefined] to bool
qrc:/ScrollBench/qml/GalleryViewSemanticScrollBench.qml:255:29: Unable to assign [undefined] to bool
qrc:/ScrollBench/qml/GalleryViewSemanticScrollBench.qml:255:29: Unable to assign [undefined] to bool
qrc:/ScrollBench/qml/GalleryViewSemanticScrollBench.qml:255:29: Unable to assign [undefined] to bool
qrc:/ScrollBench/qml/GalleryViewSemanticScrollBench.qml:255:29: Unable to assign [undefined] to bool
qrc:/ScrollBench/qml/GalleryViewSemanticScrollBench.qml:255:29: Unable to assign [undefined] to bool
qrc:/ScrollBench/qml/GalleryViewSemanticScrollBench.qml:255:29: Unable to assign [undefined] to bool
qrc:/ScrollBench/qml/GalleryViewSemanticScrollBench.qml:255:29: Unable to assign [undefined] to bool
qrc:/ScrollBench/qml/GalleryViewSemanticScrollBench.qml:255:29: Unable to assign [undefined] to bool
qrc:/ScrollBench/qml/GalleryViewSemanticScrollBench.qml:255:29: Unable to assign [undefined] to bool
qrc:/ScrollBench/qml/GalleryViewSemanticScrollBench.qml:255:29: Unable to assign [undefined] to bool
qrc:/ScrollBench/qml/GalleryViewSemanticScrollBench.qml:255:29: Unable to assign [undefined] to bool
qrc:/ScrollBench/qml/GalleryViewSemanticScrollBench.qml:255:29: Unable to assign [undefined] to bool
qrc:/ScrollBench/qml/GalleryViewSemanticScrollBench.qml:255:29: Unable to assign [undefined] to bool
qrc:/ScrollBench/qml/GalleryViewSemanticScrollBench.qml:255:29: Unable to assign [undefined] to bool
qrc:/ScrollBench/qml/GalleryViewSemanticScrollBench.qml:255:29: Unable to assign [undefined] to bool
qrc:/ScrollBench/qml/GalleryViewSemanticScrollBench.qml:255:29: Unable to assign [undefined] to bool
qrc:/ScrollBench/qml/GalleryViewSemanticScrollBench.qml:255:29: Unable to assign [undefined] to bool
qrc:/ScrollBench/qml/GalleryViewSemanticScrollBench.qml:255:29: Unable to assign [undefined] to bool
qrc:/ScrollBench/qml/GalleryViewSemanticScrollBench.qml:255:29: Unable to assign [undefined] to bool
qrc:/ScrollBench/qml/GalleryViewSemanticScrollBench.qml:255:29: Unable to assign [undefined] to bool
qrc:/ScrollBench/qml/GalleryViewSemanticScrollBench.qml:255:29: Unable to assign [undefined] to bool
qrc:/ScrollBench/qml/GalleryViewSemanticScrollBench.qml:255:29: Unable to assign [undefined] to bool
qrc:/ScrollBench/qml/GalleryViewSemanticScrollBench.qml:255:29: Unable to assign [undefined] to bool
qrc:/ScrollBench/qml/GalleryViewSemanticScrollBench.qml:255:29: Unable to assign [undefined] to bool
qrc:/ScrollBench/qml/GalleryViewSemanticScrollBench.qml:255:29: Unable to assign [undefined] to bool
qrc:/ScrollBench/qml/GalleryViewSemanticScrollBench.qml:255:29: Unable to assign [undefined] to bool
qrc:/ScrollBench/qml/GalleryViewSemanticScrollBench.qml:255:29: Unable to assign [undefined] to bool
qrc:/ScrollBench/qml/GalleryViewSemanticScrollBench.qml:255:29: Unable to assign [undefined] to bool
qrc:/ScrollBench/qml/GalleryViewSemanticScrollBench.qml:255:29: Unable to assign [undefined] to bool
qrc:/ScrollBench/qml/GalleryViewSemanticScrollBench.qml:255:29: Unable to assign [undefined] to bool
qrc:/ScrollBench/qml/GalleryViewSemanticScrollBench.qml:255:29: Unable to assign [undefined] to bool
qrc:/ScrollBench/qml/GalleryViewSemanticScrollBench.qml:255:29: Unable to assign [undefined] to bool
qrc:/ScrollBench/qml/GalleryViewSemanticScrollBench.qml:255:29: Unable to assign [undefined] to bool
qrc:/ScrollBench/qml/GalleryViewSemanticScrollBench.qml:255:29: Unable to assign [undefined] to bool
qrc:/ScrollBench/qml/GalleryViewSemanticScrollBench.qml:255:29: Unable to assign [undefined] to bool
qrc:/ScrollBench/qml/GalleryViewSemanticScrollBench.qml:255:29: Unable to assign [undefined] to bool
qrc:/ScrollBench/qml/GalleryViewSemanticScrollBench.qml:255:29: Unable to assign [undefined] to bool
qrc:/ScrollBench/qml/GalleryViewSemanticScrollBench.qml:255:29: Unable to assign [undefined] to bool
qrc:/ScrollBench/qml/GalleryViewSemanticScrollBench.qml:255:29: Unable to assign [undefined] to bool
qrc:/ScrollBench/qml/GalleryViewSemanticScrollBench.qml:255:29: Unable to assign [undefined] to bool
qrc:/ScrollBench/qml/GalleryViewSemanticScrollBench.qml:255:29: Unable to assign [undefined] to bool
qrc:/ScrollBench/qml/GalleryViewSemanticScrollBench.qml:255:29: Unable to assign [undefined] to bool
qrc:/ScrollBench/qml/GalleryViewSemanticScrollBench.qml:255:29: Unable to assign [undefined] to bool
qrc:/ScrollBench/qml/GalleryViewSemanticScrollBench.qml:255:29: Unable to assign [undefined] to bool
qrc:/ScrollBench/qml/GalleryViewSemanticScrollBench.qml:255:29: Unable to assign [undefined] to bool
qrc:/ScrollBench/qml/GalleryViewSemanticScrollBench.qml:255:29: Unable to assign [undefined] to bool
qrc:/ScrollBench/qml/GalleryViewSemanticScrollBench.qml:255:29: Unable to assign [undefined] to bool
qrc:/ScrollBench/qml/GalleryViewSemanticScrollBench.qml:255:29: Unable to assign [undefined] to bool
qrc:/ScrollBench/qml/GalleryViewSemanticScrollBench.qml:255:29: Unable to assign [undefined] to bool
qrc:/ScrollBench/qml/GalleryViewSemanticScrollBench.qml:255:29: Unable to assign [undefined] to bool
qrc:/ScrollBench/qml/GalleryViewSemanticScrollBench.qml:255:29: Unable to assign [undefined] to bool
qrc:/ScrollBench/qml/GalleryViewSemanticScrollBench.qml:255:29: Unable to assign [undefined] to bool
qrc:/ScrollBench/qml/GalleryViewSemanticScrollBench.qml:255:29: Unable to assign [undefined] to bool
qrc:/ScrollBench/qml/GalleryViewSemanticScrollBench.qml:255:29: Unable to assign [undefined] to bool
qrc:/ScrollBench/qml/GalleryViewSemanticScrollBench.qml:255:29: Unable to assign [undefined] to bool
qrc:/ScrollBench/qml/GalleryViewSemanticScrollBench.qml:255:29: Unable to assign [undefined] to bool
qrc:/ScrollBench/qml/GalleryViewSemanticScrollBench.qml:255:29: Unable to assign [undefined] to bool
qrc:/ScrollBench/qml/GalleryViewSemanticScrollBench.qml:255:29: Unable to assign [undefined] to bool
qrc:/ScrollBench/qml/GalleryViewSemanticScrollBench.qml:255:29: Unable to assign [undefined] to bool
qrc:/ScrollBench/qml/GalleryViewSemanticScrollBench.qml:255:29: Unable to assign [undefined] to bool
qrc:/ScrollBench/qml/GalleryViewSemanticScrollBench.qml:255:29: Unable to assign [undefined] to bool
qrc:/ScrollBench/qml/GalleryViewSemanticScrollBench.qml:255:29: Unable to assign [undefined] to bool
qrc:/ScrollBench/qml/GalleryViewSemanticScrollBench.qml:255:29: Unable to assign [undefined] to bool
qrc:/ScrollBench/qml/GalleryViewSemanticScrollBench.qml:255:29: Unable to assign [undefined] to bool
qrc:/ScrollBench/qml/GalleryViewSemanticScrollBench.qml:255:29: Unable to assign [undefined] to bool
qrc:/ScrollBench/qml/GalleryViewSemanticScrollBench.qml:255:29: Unable to assign [undefined] to bool
qrc:/ScrollBench/qml/GalleryViewSemanticScrollBench.qml:255:29: Unable to assign [undefined] to bool
qrc:/ScrollBench/qml/GalleryViewSemanticScrollBench.qml:255:29: Unable to assign [undefined] to bool
qrc:/ScrollBench/qml/GalleryViewSemanticScrollBench.qml:255:29: Unable to assign [undefined] to bool
qrc:/ScrollBench/qml/GalleryViewSemanticScrollBench.qml:255:29: Unable to assign [undefined] to bool
qrc:/ScrollBench/qml/GalleryViewSemanticScrollBench.qml:255:29: Unable to assign [undefined] to bool
qrc:/ScrollBench/qml/GalleryViewSemanticScrollBench.qml:255:29: Unable to assign [undefined] to bool
qrc:/ScrollBench/qml/GalleryViewSemanticScrollBench.qml:255:29: Unable to assign [undefined] to bool
qrc:/ScrollBench/qml/GalleryViewSemanticScrollBench.qml:255:29: Unable to assign [undefined] to bool
qrc:/ScrollBench/qml/GalleryViewSemanticScrollBench.qml:255:29: Unable to assign [undefined] to bool
qrc:/ScrollBench/qml/GalleryViewSemanticScrollBench.qml:255:29: Unable to assign [undefined] to bool
qrc:/ScrollBench/qml/GalleryViewSemanticScrollBench.qml:255:29: Unable to assign [undefined] to bool
qrc:/ScrollBench/qml/GalleryViewSemanticScrollBench.qml:255:29: Unable to assign [undefined] to bool
qrc:/ScrollBench/qml/GalleryViewSemanticScrollBench.qml:255:29: Unable to assign [undefined] to bool
qrc:/ScrollBench/qml/GalleryViewSemanticScrollBench.qml:255:29: Unable to assign [undefined] to bool
qrc:/ScrollBench/qml/GalleryViewSemanticScrollBench.qml:255:29: Unable to assign [undefined] to bool
qrc:/ScrollBench/qml/GalleryViewSemanticScrollBench.qml:255:29: Unable to assign [undefined] to bool
qrc:/ScrollBench/qml/GalleryViewSemanticScrollBench.qml:255:29: Unable to assign [undefined] to bool
qrc:/ScrollBench/qml/GalleryViewSemanticScrollBench.qml:255:29: Unable to assign [undefined] to bool
qrc:/ScrollBench/qml/GalleryViewSemanticScrollBench.qml:255:29: Unable to assign [undefined] to bool
qrc:/ScrollBench/qml/GalleryViewSemanticScrollBench.qml:255:29: Unable to assign [undefined] to bool
qrc:/ScrollBench/qml/GalleryViewSemanticScrollBench.qml:255:29: Unable to assign [undefined] to bool
qrc:/ScrollBench/qml/GalleryViewSemanticScrollBench.qml:255:29: Unable to assign [undefined] to bool
qrc:/ScrollBench/qml/GalleryViewSemanticScrollBench.qml:255:29: Unable to assign [undefined] to bool
qrc:/ScrollBench/qml/GalleryViewSemanticScrollBench.qml:255:29: Unable to assign [undefined] to bool
qrc:/ScrollBench/qml/GalleryViewSemanticScrollBench.qml:255:29: Unable to assign [undefined] to bool
qrc:/ScrollBench/qml/GalleryViewSemanticScrollBench.qml:255:29: Unable to assign [undefined] to bool
qrc:/ScrollBench/qml/GalleryViewSemanticScrollBench.qml:255:29: Unable to assign [undefined] to bool
qrc:/ScrollBench/qml/GalleryViewSemanticScrollBench.qml:255:29: Unable to assign [undefined] to bool
qrc:/ScrollBench/qml/GalleryViewSemanticScrollBench.qml:255:29: Unable to assign [undefined] to bool
qrc:/ScrollBench/qml/GalleryViewSemanticScrollBench.qml:255:29: Unable to assign [undefined] to bool
qrc:/ScrollBench/qml/GalleryViewSemanticScrollBench.qml:255:29: Unable to assign [undefined] to bool
qrc:/ScrollBench/qml/GalleryViewSemanticScrollBench.qml:255:29: Unable to assign [undefined] to bool
qrc:/ScrollBench/qml/GalleryViewSemanticScrollBench.qml:255:29: Unable to assign [undefined] to bool
qrc:/ScrollBench/qml/GalleryViewSemanticScrollBench.qml:255:29: Unable to assign [undefined] to bool
qrc:/ScrollBench/qml/GalleryViewSemanticScrollBench.qml:255:29: Unable to assign [undefined] to bool
qrc:/ScrollBench/qml/GalleryViewSemanticScrollBench.qml:255:29: Unable to assign [undefined] to bool
qrc:/ScrollBench/qml/GalleryViewSemanticScrollBench.qml:255:29: Unable to assign [undefined] to bool
qrc:/ScrollBench/qml/GalleryViewSemanticScrollBench.qml:255:29: Unable to assign [undefined] to bool
qrc:/ScrollBench/qml/GalleryViewSemanticScrollBench.qml:255:29: Unable to assign [undefined] to bool
qrc:/ScrollBench/qml/GalleryViewSemanticScrollBench.qml:255:29: Unable to assign [undefined] to bool
qrc:/ScrollBench/qml/GalleryViewSemanticScrollBench.qml:255:29: Unable to assign [undefined] to bool
qrc:/ScrollBench/qml/GalleryViewSemanticScrollBench.qml:255:29: Unable to assign [undefined] to bool
qrc:/ScrollBench/qml/GalleryViewSemanticScrollBench.qml:255:29: Unable to assign [undefined] to bool
qrc:/ScrollBench/qml/GalleryViewSemanticScrollBench.qml:255:29: Unable to assign [undefined] to bool
qrc:/ScrollBench/qml/GalleryViewSemanticScrollBench.qml:255:29: Unable to assign [undefined] to bool
[ "01:45:32.507" ][SystemMonitor] Stats Update: CPU App: 43.4524 % | Sys: 84.8214 % | RAM App: 14319.6 MB | Sys Avail: 24798.5 MB / 65466.5 MB
[SystemMonitor] Resource Update: RAM: 14319.6 MB (Delta: 1228 ) | VRAM: 1855.98 MB (Delta: -1006.63 )
[Diagnostics] CRITICAL: "Load stalled for 17s. Pending: 1. Stuck: I:/MY SDCArds/S22 ultra/100_CINE/MOV_0077.MP4"
[DiagnosticsUI] CRITICAL ISSUE: Load stalled for 17s. Pending: 1. Stuck: I:/MY SDCArds/S22 ultra/100_CINE/MOV_0077.MP4
[ "01:45:33.347" ][VideoThumbnailer] Entering extractFrame for "I:/MY SDCArds/S22 ultra/Camera/fe85daaf7d0a17287c33257ac4781d2d.mp4"
[AdaptiveIO] Stats:  "I:/"  Avg:  90.6684  Limit:  4  ActiveWeight:  1
[ "01:45:33.373" ][VideoThumbnailer] Entering extractFrame for "I:/MY SDCArds/S22 ultra/Camera/20260606_103659.heic"
[ "01:45:33.400" ][VideoThumbnailer] GPU decode enabled for "I:/MY SDCArds/S22 ultra/Camera/20260606_103659.heic"
[ "01:45:33.425" ][VideoThumbnailer] Entering extractFrame for "I:/MY SDCArds/S22 ultra/Camera/20260606_103702.heic"
[ "01:45:33.449" ][VideoThumbnailer] GPU decode enabled for "I:/MY SDCArds/S22 ultra/Camera/20260606_103702.heic"
[ "01:45:33.477" ][VideoThumbnailer] Entering extractFrame for "I:/MY SDCArds/S22 ultra/Camera/20260606_103712.heic"
[ "01:45:33.498" ][VideoThumbnailer] GPU decode enabled for "I:/MY SDCArds/S22 ultra/Camera/20260606_103712.heic"
[ "01:45:33.502" ][SystemMonitor] Stats Update: CPU App: 54.6875 % | Sys: 88.0208 % | RAM App: 15159.9 MB | Sys Avail: 23989.5 MB / 65466.5 MB
[SystemMonitor] Resource Update: RAM: 15159.9 MB (Delta: 840.32 ) | VRAM: 1823.04 MB (Delta: -32.9375 )
[Diagnostics] CRITICAL: "Load stalled for 18s. Pending: 1. Stuck: I:/MY SDCArds/S22 ultra/Camera/20260606_103712.heic"
[DiagnosticsUI] CRITICAL ISSUE: Load stalled for 18s. Pending: 1. Stuck: I:/MY SDCArds/S22 ultra/Camera/20260606_103712.heic
[ "01:45:33.526" ][VideoThumbnailer] Entering extractFrame for "I:/MY SDCArds/S22 ultra/Camera/20260606_103715.heic"
[ "01:45:33.548" ][VideoThumbnailer] GPU decode enabled for "I:/MY SDCArds/S22 ultra/Camera/20260606_103715.heic"
[ "01:45:33.570" ][VideoThumbnailer] Entering extractFrame for "I:/MY SDCArds/S22 ultra/Camera/20260606_103731.heic"
[ "01:45:33.603" ][VideoThumbnailer] GPU decode enabled for "I:/MY SDCArds/S22 ultra/Camera/20260606_103731.heic"
[ "01:45:33.628" ][VideoThumbnailer] Entering extractFrame for "I:/MY SDCArds/S22 ultra/Camera/20260610_065048.mp4"
[ "01:45:33.642" ][VideoThumbnailer] GPU decode enabled for "I:/MY SDCArds/S22 ultra/Camera/20260610_065048.mp4"
[ "01:45:33.732" ][VideoThumbnailer] Entering extractFrame for "I:/MY SDCArds/S22 ultra/Camera/20260612_090115.heic"
[ "01:45:33.764" ][VideoThumbnailer] GPU decode enabled for "I:/MY SDCArds/S22 ultra/Camera/20260612_090115.heic"
[ "01:45:34.798" ][SystemMonitor] Stats Update: CPU App: 18.0723 % | Sys: 63.4538 % | RAM App: 16658.8 MB | Sys Avail: 22524.8 MB / 65466.5 MB
[SystemMonitor] Resource Update: RAM: 16658.8 MB (Delta: 1498.84 ) | VRAM: 2623.33 MB (Delta: 800.285 )
[ "01:45:35.850" ][SystemMonitor] Stats Update: CPU App: 8.20896 % | Sys: 47.5124 % | RAM App: 17352.7 MB | Sys Avail: 21692 MB / 65466.5 MB
[SystemMonitor] Resource Update: RAM: 17352.7 MB (Delta: 693.945 ) | VRAM: 1819.44 MB (Delta: -803.887 )
qrc:/ScrollBench/qml/GalleryViewSemanticScrollBench.qml:255:29: Unable to assign [undefined] to bool
qrc:/ScrollBench/qml/GalleryViewSemanticScrollBench.qml:255:29: Unable to assign [undefined] to bool
qrc:/ScrollBench/qml/GalleryViewSemanticScrollBench.qml:255:29: Unable to assign [undefined] to bool
qrc:/ScrollBench/qml/GalleryViewSemanticScrollBench.qml:255:29: Unable to assign [undefined] to bool
qrc:/ScrollBench/qml/GalleryViewSemanticScrollBench.qml:255:29: Unable to assign [undefined] to bool
qrc:/ScrollBench/qml/GalleryViewSemanticScrollBench.qml:255:29: Unable to assign [undefined] to bool
qrc:/ScrollBench/qml/GalleryViewSemanticScrollBench.qml:255:29: Unable to assign [undefined] to bool
qrc:/ScrollBench/qml/GalleryViewSemanticScrollBench.qml:255:29: Unable to assign [undefined] to bool
qrc:/ScrollBench/qml/GalleryViewSemanticScrollBench.qml:255:29: Unable to assign [undefined] to bool
qrc:/ScrollBench/qml/GalleryViewSemanticScrollBench.qml:255:29: Unable to assign [undefined] to bool
qrc:/ScrollBench/qml/GalleryViewSemanticScrollBench.qml:255:29: Unable to assign [undefined] to bool
qrc:/ScrollBench/qml/GalleryViewSemanticScrollBench.qml:255:29: Unable to assign [undefined] to bool
qrc:/ScrollBench/qml/GalleryViewSemanticScrollBench.qml:255:29: Unable to assign [undefined] to bool
qrc:/ScrollBench/qml/GalleryViewSemanticScrollBench.qml:255:29: Unable to assign [undefined] to bool
qrc:/ScrollBench/qml/GalleryViewSemanticScrollBench.qml:255:29: Unable to assign [undefined] to bool
qrc:/ScrollBench/qml/GalleryViewSemanticScrollBench.qml:255:29: Unable to assign [undefined] to bool
qrc:/ScrollBench/qml/GalleryViewSemanticScrollBench.qml:255:29: Unable to assign [undefined] to bool
qrc:/ScrollBench/qml/GalleryViewSemanticScrollBench.qml:255:29: Unable to assign [undefined] to bool
qrc:/ScrollBench/qml/GalleryViewSemanticScrollBench.qml:255:29: Unable to assign [undefined] to bool
qrc:/ScrollBench/qml/GalleryViewSemanticScrollBench.qml:255:29: Unable to assign [undefined] to bool
qrc:/ScrollBench/qml/GalleryViewSemanticScrollBench.qml:255:29: Unable to assign [undefined] to bool
qrc:/ScrollBench/qml/GalleryViewSemanticScrollBench.qml:255:29: Unable to assign [undefined] to bool
qrc:/ScrollBench/qml/GalleryViewSemanticScrollBench.qml:255:29: Unable to assign [undefined] to bool
qrc:/ScrollBench/qml/GalleryViewSemanticScrollBench.qml:255:29: Unable to assign [undefined] to bool
qrc:/ScrollBench/qml/GalleryViewSemanticScrollBench.qml:255:29: Unable to assign [undefined] to bool
qrc:/ScrollBench/qml/GalleryViewSemanticScrollBench.qml:255:29: Unable to assign [undefined] to bool
qrc:/ScrollBench/qml/GalleryViewSemanticScrollBench.qml:255:29: Unable to assign [undefined] to bool
qrc:/ScrollBench/qml/GalleryViewSemanticScrollBench.qml:255:29: Unable to assign [undefined] to bool
qrc:/ScrollBench/qml/GalleryViewSemanticScrollBench.qml:255:29: Unable to assign [undefined] to bool
qrc:/ScrollBench/qml/GalleryViewSemanticScrollBench.qml:255:29: Unable to assign [undefined] to bool
qrc:/ScrollBench/qml/GalleryViewSemanticScrollBench.qml:255:29: Unable to assign [undefined] to bool
qrc:/ScrollBench/qml/GalleryViewSemanticScrollBench.qml:255:29: Unable to assign [undefined] to bool
qrc:/ScrollBench/qml/GalleryViewSemanticScrollBench.qml:255:29: Unable to assign [undefined] to bool
qrc:/ScrollBench/qml/GalleryViewSemanticScrollBench.qml:255:29: Unable to assign [undefined] to bool
qrc:/ScrollBench/qml/GalleryViewSemanticScrollBench.qml:255:29: Unable to assign [undefined] to bool
qrc:/ScrollBench/qml/GalleryViewSemanticScrollBench.qml:255:29: Unable to assign [undefined] to bool
qrc:/ScrollBench/qml/GalleryViewSemanticScrollBench.qml:255:29: Unable to assign [undefined] to bool
qrc:/ScrollBench/qml/GalleryViewSemanticScrollBench.qml:255:29: Unable to assign [undefined] to bool
qrc:/ScrollBench/qml/GalleryViewSemanticScrollBench.qml:255:29: Unable to assign [undefined] to bool
qrc:/ScrollBench/qml/GalleryViewSemanticScrollBench.qml:255:29: Unable to assign [undefined] to bool
qrc:/ScrollBench/qml/GalleryViewSemanticScrollBench.qml:255:29: Unable to assign [undefined] to bool
qrc:/ScrollBench/qml/GalleryViewSemanticScrollBench.qml:255:29: Unable to assign [undefined] to bool
[ "01:45:37.079" ][SystemMonitor] Stats Update: CPU App: 16.6667 % | Sys: 53.7975 % | RAM App: 18479.9 MB | Sys Avail: 20576.3 MB / 65466.5 MB
[SystemMonitor] Resource Update: RAM: 18479.9 MB (Delta: 1127.16 ) | VRAM: 2540.19 MB (Delta: 720.75 )
[ "01:45:38.151" ][SystemMonitor] Stats Update: CPU App: 6.86275 % | Sys: 45.8333 % | RAM App: 19360.6 MB | Sys Avail: 19664 MB / 65466.5 MB
[SystemMonitor] Resource Update: RAM: 19360.6 MB (Delta: 880.691 ) | VRAM: 1819.32 MB (Delta: -720.875 )
qrc:/ScrollBench/qml/GalleryViewSemanticScrollBench.qml:255:29: Unable to assign [undefined] to bool
qrc:/ScrollBench/qml/GalleryViewSemanticScrollBench.qml:255:29: Unable to assign [undefined] to bool
qrc:/ScrollBench/qml/GalleryViewSemanticScrollBench.qml:255:29: Unable to assign [undefined] to bool
qrc:/ScrollBench/qml/GalleryViewSemanticScrollBench.qml:255:29: Unable to assign [undefined] to bool
qrc:/ScrollBench/qml/GalleryViewSemanticScrollBench.qml:255:29: Unable to assign [undefined] to bool
qrc:/ScrollBench/qml/GalleryViewSemanticScrollBench.qml:255:29: Unable to assign [undefined] to bool
qrc:/ScrollBench/qml/GalleryViewSemanticScrollBench.qml:255:29: Unable to assign [undefined] to bool
qrc:/ScrollBench/qml/GalleryViewSemanticScrollBench.qml:255:29: Unable to assign [undefined] to bool
qrc:/ScrollBench/qml/GalleryViewSemanticScrollBench.qml:255:29: Unable to assign [undefined] to bool
qrc:/ScrollBench/qml/GalleryViewSemanticScrollBench.qml:255:29: Unable to assign [undefined] to bool
qrc:/ScrollBench/qml/GalleryViewSemanticScrollBench.qml:255:29: Unable to assign [undefined] to bool
qrc:/ScrollBench/qml/GalleryViewSemanticScrollBench.qml:255:29: Unable to assign [undefined] to bool
qrc:/ScrollBench/qml/GalleryViewSemanticScrollBench.qml:255:29: Unable to assign [undefined] to bool
qrc:/ScrollBench/qml/GalleryViewSemanticScrollBench.qml:255:29: Unable to assign [undefined] to bool
qrc:/ScrollBench/qml/GalleryViewSemanticScrollBench.qml:255:29: Unable to assign [undefined] to bool
qrc:/ScrollBench/qml/GalleryViewSemanticScrollBench.qml:255:29: Unable to assign [undefined] to bool
qrc:/ScrollBench/qml/GalleryViewSemanticScrollBench.qml:255:29: Unable to assign [undefined] to bool
qrc:/ScrollBench/qml/GalleryViewSemanticScrollBench.qml:255:29: Unable to assign [undefined] to bool
qrc:/ScrollBench/qml/GalleryViewSemanticScrollBench.qml:255:29: Unable to assign [undefined] to bool
qrc:/ScrollBench/qml/GalleryViewSemanticScrollBench.qml:255:29: Unable to assign [undefined] to bool
qrc:/ScrollBench/qml/GalleryViewSemanticScrollBench.qml:255:29: Unable to assign [undefined] to bool
qrc:/ScrollBench/qml/GalleryViewSemanticScrollBench.qml:255:29: Unable to assign [undefined] to bool
qrc:/ScrollBench/qml/GalleryViewSemanticScrollBench.qml:255:29: Unable to assign [undefined] to bool
qrc:/ScrollBench/qml/GalleryViewSemanticScrollBench.qml:255:29: Unable to assign [undefined] to bool
qrc:/ScrollBench/qml/GalleryViewSemanticScrollBench.qml:255:29: Unable to assign [undefined] to bool
qrc:/ScrollBench/qml/GalleryViewSemanticScrollBench.qml:255:29: Unable to assign [undefined] to bool
qrc:/ScrollBench/qml/GalleryViewSemanticScrollBench.qml:255:29: Unable to assign [undefined] to bool
qrc:/ScrollBench/qml/GalleryViewSemanticScrollBench.qml:255:29: Unable to assign [undefined] to bool
qrc:/ScrollBench/qml/GalleryViewSemanticScrollBench.qml:255:29: Unable to assign [undefined] to bool
qrc:/ScrollBench/qml/GalleryViewSemanticScrollBench.qml:255:29: Unable to assign [undefined] to bool
qrc:/ScrollBench/qml/GalleryViewSemanticScrollBench.qml:255:29: Unable to assign [undefined] to bool
qrc:/ScrollBench/qml/GalleryViewSemanticScrollBench.qml:255:29: Unable to assign [undefined] to bool
qrc:/ScrollBench/qml/GalleryViewSemanticScrollBench.qml:255:29: Unable to assign [undefined] to bool
qrc:/ScrollBench/qml/GalleryViewSemanticScrollBench.qml:255:29: Unable to assign [undefined] to bool
qrc:/ScrollBench/qml/GalleryViewSemanticScrollBench.qml:255:29: Unable to assign [undefined] to bool
qrc:/ScrollBench/qml/GalleryViewSemanticScrollBench.qml:255:29: Unable to assign [undefined] to bool
qrc:/ScrollBench/qml/GalleryViewSemanticScrollBench.qml:255:29: Unable to assign [undefined] to bool
qrc:/ScrollBench/qml/GalleryViewSemanticScrollBench.qml:255:29: Unable to assign [undefined] to bool
qrc:/ScrollBench/qml/GalleryViewSemanticScrollBench.qml:255:29: Unable to assign [undefined] to bool
qrc:/ScrollBench/qml/GalleryViewSemanticScrollBench.qml:255:29: Unable to assign [undefined] to bool
qrc:/ScrollBench/qml/GalleryViewSemanticScrollBench.qml:255:29: Unable to assign [undefined] to bool
qrc:/ScrollBench/qml/GalleryViewSemanticScrollBench.qml:255:29: Unable to assign [undefined] to bool
[ "01:45:39.387" ][SystemMonitor] Stats Update: CPU App: 15.6118 % | Sys: 53.5865 % | RAM App: 20839.5 MB | Sys Avail: 18203.6 MB / 65466.5 MB
[SystemMonitor] Resource Update: RAM: 20839.5 MB (Delta: 1478.88 ) | VRAM: 3135.44 MB (Delta: 1316.13 )
[ "01:45:40.069" ][SystemMonitor] Stats Update: CPU App: 4.92424 % | Sys: 43.9394 % | RAM App: 21088.2 MB | Sys Avail: 17940.2 MB / 65466.5 MB
[SystemMonitor] Resource Update: RAM: 21088.2 MB (Delta: 248.73 ) | VRAM: 1819.19 MB (Delta: -1316.25 )
qrc:/ScrollBench/qml/GalleryViewSemanticScrollBench.qml:255:29: Unable to assign [undefined] to bool
qrc:/ScrollBench/qml/GalleryViewSemanticScrollBench.qml:255:29: Unable to assign [undefined] to bool
qrc:/ScrollBench/qml/GalleryViewSemanticScrollBench.qml:255:29: Unable to assign [undefined] to bool
qrc:/ScrollBench/qml/GalleryViewSemanticScrollBench.qml:255:29: Unable to assign [undefined] to bool
qrc:/ScrollBench/qml/GalleryViewSemanticScrollBench.qml:255:29: Unable to assign [undefined] to bool
qrc:/ScrollBench/qml/GalleryViewSemanticScrollBench.qml:255:29: Unable to assign [undefined] to bool
qrc:/ScrollBench/qml/GalleryViewSemanticScrollBench.qml:255:29: Unable to assign [undefined] to bool
qrc:/ScrollBench/qml/GalleryViewSemanticScrollBench.qml:255:29: Unable to assign [undefined] to bool
qrc:/ScrollBench/qml/GalleryViewSemanticScrollBench.qml:255:29: Unable to assign [undefined] to bool
qrc:/ScrollBench/qml/GalleryViewSemanticScrollBench.qml:255:29: Unable to assign [undefined] to bool
qrc:/ScrollBench/qml/GalleryViewSemanticScrollBench.qml:255:29: Unable to assign [undefined] to bool
qrc:/ScrollBench/qml/GalleryViewSemanticScrollBench.qml:255:29: Unable to assign [undefined] to bool
qrc:/ScrollBench/qml/GalleryViewSemanticScrollBench.qml:255:29: Unable to assign [undefined] to bool
qrc:/ScrollBench/qml/GalleryViewSemanticScrollBench.qml:255:29: Unable to assign [undefined] to bool
qrc:/ScrollBench/qml/GalleryViewSemanticScrollBench.qml:255:29: Unable to assign [undefined] to bool
qrc:/ScrollBench/qml/GalleryViewSemanticScrollBench.qml:255:29: Unable to assign [undefined] to bool
qrc:/ScrollBench/qml/GalleryViewSemanticScrollBench.qml:255:29: Unable to assign [undefined] to bool
qrc:/ScrollBench/qml/GalleryViewSemanticScrollBench.qml:255:29: Unable to assign [undefined] to bool
qrc:/ScrollBench/qml/GalleryViewSemanticScrollBench.qml:255:29: Unable to assign [undefined] to bool
qrc:/ScrollBench/qml/GalleryViewSemanticScrollBench.qml:255:29: Unable to assign [undefined] to bool
qrc:/ScrollBench/qml/GalleryViewSemanticScrollBench.qml:255:29: Unable to assign [undefined] to bool
qrc:/ScrollBench/qml/GalleryViewSemanticScrollBench.qml:255:29: Unable to assign [undefined] to bool
qrc:/ScrollBench/qml/GalleryViewSemanticScrollBench.qml:255:29: Unable to assign [undefined] to bool
qrc:/ScrollBench/qml/GalleryViewSemanticScrollBench.qml:255:29: Unable to assign [undefined] to bool
qrc:/ScrollBench/qml/GalleryViewSemanticScrollBench.qml:255:29: Unable to assign [undefined] to bool
qrc:/ScrollBench/qml/GalleryViewSemanticScrollBench.qml:255:29: Unable to assign [undefined] to bool
qrc:/ScrollBench/qml/GalleryViewSemanticScrollBench.qml:255:29: Unable to assign [undefined] to bool
qrc:/ScrollBench/qml/GalleryViewSemanticScrollBench.qml:255:29: Unable to assign [undefined] to bool
qrc:/ScrollBench/qml/GalleryViewSemanticScrollBench.qml:255:29: Unable to assign [undefined] to bool
qrc:/ScrollBench/qml/GalleryViewSemanticScrollBench.qml:255:29: Unable to assign [undefined] to bool
qrc:/ScrollBench/qml/GalleryViewSemanticScrollBench.qml:255:29: Unable to assign [undefined] to bool
qrc:/ScrollBench/qml/GalleryViewSemanticScrollBench.qml:255:29: Unable to assign [undefined] to bool
qrc:/ScrollBench/qml/GalleryViewSemanticScrollBench.qml:255:29: Unable to assign [undefined] to bool
qrc:/ScrollBench/qml/GalleryViewSemanticScrollBench.qml:255:29: Unable to assign [undefined] to bool
qrc:/ScrollBench/qml/GalleryViewSemanticScrollBench.qml:255:29: Unable to assign [undefined] to bool
qrc:/ScrollBench/qml/GalleryViewSemanticScrollBench.qml:255:29: Unable to assign [undefined] to bool
qrc:/ScrollBench/qml/GalleryViewSemanticScrollBench.qml:255:29: Unable to assign [undefined] to bool
qrc:/ScrollBench/qml/GalleryViewSemanticScrollBench.qml:255:29: Unable to assign [undefined] to bool
qrc:/ScrollBench/qml/GalleryViewSemanticScrollBench.qml:255:29: Unable to assign [undefined] to bool
qrc:/ScrollBench/qml/GalleryViewSemanticScrollBench.qml:255:29: Unable to assign [undefined] to bool
qrc:/ScrollBench/qml/GalleryViewSemanticScrollBench.qml:255:29: Unable to assign [undefined] to bool
qrc:/ScrollBench/qml/GalleryViewSemanticScrollBench.qml:255:29: Unable to assign [undefined] to bool
[ "01:45:40.738" ][SystemMonitor] Stats Update: CPU App: 10.4651 % | Sys: 58.9147 % | RAM App: 21149.9 MB | Sys Avail: 17884.2 MB / 65466.5 MB
[SystemMonitor] Resource Update: RAM: 21149.9 MB (Delta: 61.7383 ) | VRAM: 2346.25 MB (Delta: 527.063 )
qrc:/ScrollBench/qml/GalleryViewSemanticScrollBench.qml:255:29: Unable to assign [undefined] to bool
qrc:/ScrollBench/qml/GalleryViewSemanticScrollBench.qml:255:29: Unable to assign [undefined] to bool
qrc:/ScrollBench/qml/GalleryViewSemanticScrollBench.qml:255:29: Unable to assign [undefined] to bool
qrc:/ScrollBench/qml/GalleryViewSemanticScrollBench.qml:255:29: Unable to assign [undefined] to bool
qrc:/ScrollBench/qml/GalleryViewSemanticScrollBench.qml:255:29: Unable to assign [undefined] to bool
qrc:/ScrollBench/qml/GalleryViewSemanticScrollBench.qml:255:29: Unable to assign [undefined] to bool
qrc:/ScrollBench/qml/GalleryViewSemanticScrollBench.qml:255:29: Unable to assign [undefined] to bool
qrc:/ScrollBench/qml/GalleryViewSemanticScrollBench.qml:255:29: Unable to assign [undefined] to bool
qrc:/ScrollBench/qml/GalleryViewSemanticScrollBench.qml:255:29: Unable to assign [undefined] to bool
qrc:/ScrollBench/qml/GalleryViewSemanticScrollBench.qml:255:29: Unable to assign [undefined] to bool
qrc:/ScrollBench/qml/GalleryViewSemanticScrollBench.qml:255:29: Unable to assign [undefined] to bool
qrc:/ScrollBench/qml/GalleryViewSemanticScrollBench.qml:255:29: Unable to assign [undefined] to bool
qrc:/ScrollBench/qml/GalleryViewSemanticScrollBench.qml:255:29: Unable to assign [undefined] to bool
qrc:/ScrollBench/qml/GalleryViewSemanticScrollBench.qml:255:29: Unable to assign [undefined] to bool
qrc:/ScrollBench/qml/GalleryViewSemanticScrollBench.qml:255:29: Unable to assign [undefined] to bool
qrc:/ScrollBench/qml/GalleryViewSemanticScrollBench.qml:255:29: Unable to assign [undefined] to bool
qrc:/ScrollBench/qml/GalleryViewSemanticScrollBench.qml:255:29: Unable to assign [undefined] to bool
qrc:/ScrollBench/qml/GalleryViewSemanticScrollBench.qml:255:29: Unable to assign [undefined] to bool
qrc:/ScrollBench/qml/GalleryViewSemanticScrollBench.qml:255:29: Unable to assign [undefined] to bool
qrc:/ScrollBench/qml/GalleryViewSemanticScrollBench.qml:255:29: Unable to assign [undefined] to bool
qrc:/ScrollBench/qml/GalleryViewSemanticScrollBench.qml:255:29: Unable to assign [undefined] to bool
qrc:/ScrollBench/qml/GalleryViewSemanticScrollBench.qml:255:29: Unable to assign [undefined] to bool
qrc:/ScrollBench/qml/GalleryViewSemanticScrollBench.qml:255:29: Unable to assign [undefined] to bool
qrc:/ScrollBench/qml/GalleryViewSemanticScrollBench.qml:255:29: Unable to assign [undefined] to bool
qrc:/ScrollBench/qml/GalleryViewSemanticScrollBench.qml:255:29: Unable to assign [undefined] to bool
qrc:/ScrollBench/qml/GalleryViewSemanticScrollBench.qml:255:29: Unable to assign [undefined] to bool
qrc:/ScrollBench/qml/GalleryViewSemanticScrollBench.qml:255:29: Unable to assign [undefined] to bool
qrc:/ScrollBench/qml/GalleryViewSemanticScrollBench.qml:255:29: Unable to assign [undefined] to bool
qrc:/ScrollBench/qml/GalleryViewSemanticScrollBench.qml:255:29: Unable to assign [undefined] to bool
qrc:/ScrollBench/qml/GalleryViewSemanticScrollBench.qml:255:29: Unable to assign [undefined] to bool
qrc:/ScrollBench/qml/GalleryViewSemanticScrollBench.qml:255:29: Unable to assign [undefined] to bool
qrc:/ScrollBench/qml/GalleryViewSemanticScrollBench.qml:255:29: Unable to assign [undefined] to bool
qrc:/ScrollBench/qml/GalleryViewSemanticScrollBench.qml:255:29: Unable to assign [undefined] to bool
qrc:/ScrollBench/qml/GalleryViewSemanticScrollBench.qml:255:29: Unable to assign [undefined] to bool
qrc:/ScrollBench/qml/GalleryViewSemanticScrollBench.qml:255:29: Unable to assign [undefined] to bool
qrc:/ScrollBench/qml/GalleryViewSemanticScrollBench.qml:255:29: Unable to assign [undefined] to bool
[ "01:45:41.502" ][SystemMonitor] Stats Update: CPU App: 7.48299 % | Sys: 42.1769 % | RAM App: 20895.8 MB | Sys Avail: 18137 MB / 65466.5 MB
[SystemMonitor] Resource Update: RAM: 20895.8 MB (Delta: -254.109 ) | VRAM: 2347.06 MB (Delta: 0.804688 )
[ "01:45:42.505" ][SystemMonitor] Stats Update: CPU App: 1.30208 % | Sys: 36.9792 % | RAM App: 20895.8 MB | Sys Avail: 18143.9 MB / 65466.5 MB
[ "01:45:43.501" ][SystemMonitor] Stats Update: CPU App: 2.08333 % | Sys: 38.8021 % | RAM App: 20895.8 MB | Sys Avail: 18133.2 MB / 65466.5 MB
TelemetryMonitor: Processed 300 frames. Current FPS: 62
[ "01:45:44.503" ][SystemMonitor] Stats Update: CPU App: 1.5625 % | Sys: 37.7604 % | RAM App: 20667.8 MB | Sys Avail: 18364.2 MB / 65466.5 MB
[SystemMonitor] Resource Update: RAM: 20667.8 MB (Delta: -228.004 ) | VRAM: 2347.06 MB (Delta: 0 )
[ "01:45:45.502" ][SystemMonitor] Stats Update: CPU App: 1.04167 % | Sys: 37.7604 % | RAM App: 20667.8 MB | Sys Avail: 18376.5 MB / 65466.5 MB
[ "01:45:46.503" ][SystemMonitor] Stats Update: CPU App: 2.34375 % | Sys: 44.0104 % | RAM App: 20667.7 MB | Sys Avail: 18371.4 MB / 65466.5 MB
[ "01:45:47.501" ][SystemMonitor] Stats Update: CPU App: 2.08333 % | Sys: 55.2083 % | RAM App: 20566.1 MB | Sys Avail: 18463.3 MB / 65466.5 MB
[SystemMonitor] Resource Update: RAM: 20566.1 MB (Delta: -101.719 ) | VRAM: 2347.18 MB (Delta: 0.125 )
[ "01:45:48.504" ][SystemMonitor] Stats Update: CPU App: 1.30208 % | Sys: 63.5417 % | RAM App: 20565.9 MB | Sys Avail: 18472.8 MB / 65466.5 MB
TelemetryMonitor: Processed 300 frames. Current FPS: 62
[ "01:45:49.502" ][SystemMonitor] Stats Update: CPU App: 1.5625 % | Sys: 92.9688 % | RAM App: 20595.5 MB | Sys Avail: 18379.2 MB / 65466.5 MB
[ "01:45:50.504" ][SystemMonitor] Stats Update: CPU App: 1.82292 % | Sys: 66.9271 % | RAM App: 20700.5 MB | Sys Avail: 18341.4 MB / 65466.5 MB
[SystemMonitor] Resource Update: RAM: 20700.5 MB (Delta: 134.422 ) | VRAM: 593.934 MB (Delta: -1753.25 )
[ "01:45:51.502" ][SystemMonitor] Stats Update: CPU App: 2.34375 % | Sys: 40.625 % | RAM App: 20700.5 MB | Sys Avail: 18371.2 MB / 65466.5 MB
Retrying to obtain clipboard.
[ "01:45:52.508" ][SystemMonitor] Stats Update: CPU App: 2.08333 % | Sys: 54.9479 % | RAM App: 20732.3 MB | Sys Avail: 18342.7 MB / 65466.5 MB
[ "01:45:53.512" ][SystemMonitor] Stats Update: CPU App: 1.30208 % | Sys: 54.6875 % | RAM App: 20732.3 MB | Sys Avail: 18354.9 MB / 65466.5 MB
TelemetryMonitor: Processed 300 frames. Current FPS: 62
[ "01:45:54.504" ][SystemMonitor] Stats Update: CPU App: 1.30208 % | Sys: 44.2708 % | RAM App: 20732.3 MB | Sys Avail: 18334.8 MB / 65466.5 MB
[ "01:45:55.524" ][SystemMonitor] Stats Update: CPU App: 1.53846 % | Sys: 40.2564 % | RAM App: 20732.3 MB | Sys Avail: 18356.9 MB / 65466.5 MB
[ "01:45:56.501" ][SystemMonitor] Stats Update: CPU App: 1.85185 % | Sys: 61.1111 % | RAM App: 20732.3 MB | Sys Avail: 18327.4 MB / 65466.5 MB
[ "01:45:57.503" ][SystemMonitor] Stats Update: CPU App: 1.82292 % | Sys: 40.8854 % | RAM App: 20732.3 MB | Sys Avail: 18335.9 MB / 65466.5 MB
[ "01:45:58.500" ][SystemMonitor] Stats Update: CPU App: 2.34375 % | Sys: 39.0625 % | RAM App: 20732.3 MB | Sys Avail: 18329.9 MB / 65466.5 MB
TelemetryMonitor: Processed 300 frames. Current FPS: 62
[ "01:45:59.500" ][SystemMonitor] Stats Update: CPU App: 1.04167 % | Sys: 38.5417 % | RAM App: 20732.3 MB | Sys Avail: 18340 MB / 65466.5 MB
[ "01:46:00.501" ][SystemMonitor] Stats Update: CPU App: 1.82292 % | Sys: 40.3646 % | RAM App: 20732.3 MB | Sys Avail: 18336.3 MB / 65466.5 MB
[ "01:46:01.502" ][SystemMonitor] Stats Update: CPU App: 1.82292 % | Sys: 48.1771 % | RAM App: 20732.3 MB | Sys Avail: 18316.6 MB / 65466.5 MB
[ "01:46:02.503" ][SystemMonitor] Stats Update: CPU App: 1.5625 % | Sys: 45.5729 % | RAM App: 20732.3 MB | Sys Avail: 18320.4 MB / 65466.5 MB
[ "01:46:03.502" ][SystemMonitor] Stats Update: CPU App: 1.30208 % | Sys: 36.1979 % | RAM App: 20732.3 MB | Sys Avail: 18322.4 MB / 65466.5 MB
TelemetryMonitor: Processed 300 frames. Current FPS: 62
[ "01:46:04.504" ][SystemMonitor] Stats Update: CPU App: 1.82292 % | Sys: 37.7604 % | RAM App: 20732.3 MB | Sys Avail: 18317.6 MB / 65466.5 MB
[ "01:46:05.501" ][SystemMonitor] Stats Update: CPU App: 1.30208 % | Sys: 36.4583 % | RAM App: 20732.3 MB | Sys Avail: 18325.7 MB / 65466.5 MB
[ "01:46:06.505" ][SystemMonitor] Stats Update: CPU App: 2.08333 % | Sys: 39.5833 % | RAM App: 20732.3 MB | Sys Avail: 18333.3 MB / 65466.5 MB
[ "01:46:07.501" ][SystemMonitor] Stats Update: CPU App: 1.30208 % | Sys: 40.8854 % | RAM App: 20732.3 MB | Sys Avail: 18330.5 MB / 65466.5 MB
[ "01:46:08.502" ][SystemMonitor] Stats Update: CPU App: 1.5625 % | Sys: 36.4583 % | RAM App: 20732.3 MB | Sys Avail: 18338.9 MB / 65466.5 MB
TelemetryMonitor: Processed 300 frames. Current FPS: 62
[ "01:46:09.500" ][SystemMonitor] Stats Update: CPU App: 1.5625 % | Sys: 51.8229 % | RAM App: 20732.3 MB | Sys Avail: 18335.9 MB / 65466.5 MB
[ "01:46:10.504" ][SystemMonitor] Stats Update: CPU App: 1.82292 % | Sys: 68.2292 % | RAM App: 20732.3 MB | Sys Avail: 18194.9 MB / 65466.5 MB
[ "01:46:11.503" ][SystemMonitor] Stats Update: CPU App: 1.30208 % | Sys: 41.4063 % | RAM App: 20732.3 MB | Sys Avail: 18213.6 MB / 65466.5 MB
[ "01:46:12.504" ][SystemMonitor] Stats Update: CPU App: 1.82292 % | Sys: 38.5417 % | RAM App: 20732.3 MB | Sys Avail: 18238.5 MB / 65466.5 MB
[ "01:46:13.501" ][SystemMonitor] Stats Update: CPU App: 1.30208 % | Sys: 49.7396 % | RAM App: 20732.3 MB | Sys Avail: 18170.8 MB / 65466.5 MB
TelemetryMonitor: Processed 300 frames. Current FPS: 62
[ "01:46:14.503" ][SystemMonitor] Stats Update: CPU App: 2.08333 % | Sys: 71.6146 % | RAM App: 20732.3 MB | Sys Avail: 18281.9 MB / 65466.5 MB
[ "01:46:15.501" ][SystemMonitor] Stats Update: CPU App: 1.5625 % | Sys: 42.9688 % | RAM App: 20732.3 MB | Sys Avail: 18308.9 MB / 65466.5 MB
[ "01:46:16.500" ][SystemMonitor] Stats Update: CPU App: 1.5625 % | Sys: 54.1667 % | RAM App: 20732.3 MB | Sys Avail: 18318.1 MB / 65466.5 MB
[ "01:46:17.501" ][SystemMonitor] Stats Update: CPU App: 2.08333 % | Sys: 42.7083 % | RAM App: 20732.3 MB | Sys Avail: 18333.6 MB / 65466.5 MB
[ "01:46:18.504" ][SystemMonitor] Stats Update: CPU App: 1.82292 % | Sys: 41.4063 % | RAM App: 20732.3 MB | Sys Avail: 18347.8 MB / 65466.5 MB
TelemetryMonitor: Processed 300 frames. Current FPS: 62
[ "01:46:19.502" ][SystemMonitor] Stats Update: CPU App: 1.04167 % | Sys: 48.6979 % | RAM App: 20732.3 MB | Sys Avail: 18368.1 MB / 65466.5 MB
[ "01:46:20.503" ][SystemMonitor] Stats Update: CPU App: 1.82292 % | Sys: 63.8021 % | RAM App: 20732.3 MB | Sys Avail: 18336.9 MB / 65466.5 MB
[ "01:46:21.502" ][SystemMonitor] Stats Update: CPU App: 1.30208 % | Sys: 54.4271 % | RAM App: 20732.3 MB | Sys Avail: 18334.1 MB / 65466.5 MB
[ "01:46:22.504" ][SystemMonitor] Stats Update: CPU App: 1.30208 % | Sys: 36.9792 % | RAM App: 20732.3 MB | Sys Avail: 18346.3 MB / 65466.5 MB
[ "01:46:23.501" ][SystemMonitor] Stats Update: CPU App: 2.08333 % | Sys: 68.4896 % | RAM App: 20732.3 MB | Sys Avail: 18363.3 MB / 65466.5 MB
TelemetryMonitor: Processed 300 frames. Current FPS: 62
[ "01:46:24.501" ][SystemMonitor] Stats Update: CPU App: 1.5625 % | Sys: 54.6875 % | RAM App: 20730.8 MB | Sys Avail: 18040.6 MB / 65466.5 MB
[ "01:46:25.499" ][SystemMonitor] Stats Update: CPU App: 1.30208 % | Sys: 63.5417 % | RAM App: 20727.4 MB | Sys Avail: 17888.6 MB / 65466.5 MB
[ "01:46:26.504" ][SystemMonitor] Stats Update: CPU App: 1.5625 % | Sys: 58.8542 % | RAM App: 20701.1 MB | Sys Avail: 17637.9 MB / 65466.5 MB
[ "01:46:27.503" ][SystemMonitor] Stats Update: CPU App: 1.5625 % | Sys: 40.3646 % | RAM App: 20701.1 MB | Sys Avail: 17640.3 MB / 65466.5 MB
[ "01:46:28.504" ][SystemMonitor] Stats Update: CPU App: 1.30208 % | Sys: 35.9375 % | RAM App: 20701.2 MB | Sys Avail: 17647.8 MB / 65466.5 MB
TelemetryMonitor: Processed 300 frames. Current FPS: 62
[ "01:46:29.500" ][SystemMonitor] Stats Update: CPU App: 1.04167 % | Sys: 46.6146 % | RAM App: 20701.2 MB | Sys Avail: 17658.6 MB / 65466.5 MB
[ "01:46:30.503" ][SystemMonitor] Stats Update: CPU App: 1.5625 % | Sys: 42.4479 % | RAM App: 20701.2 MB | Sys Avail: 17645.7 MB / 65466.5 MB
[ "01:46:31.501" ][SystemMonitor] Stats Update: CPU App: 1.5625 % | Sys: 45.5729 % | RAM App: 20693.9 MB | Sys Avail: 17638.1 MB / 65466.5 MB
[ "01:46:32.504" ][SystemMonitor] Stats Update: CPU App: 1.30208 % | Sys: 39.0625 % | RAM App: 20693.9 MB | Sys Avail: 17650.5 MB / 65466.5 MB
[ "01:46:33.503" ][SystemMonitor] Stats Update: CPU App: 1.5625 % | Sys: 41.9271 % | RAM App: 20693.5 MB | Sys Avail: 17717.1 MB / 65466.5 MB
TelemetryMonitor: Processed 300 frames. Current FPS: 62
[ "01:46:34.503" ][SystemMonitor] Stats Update: CPU App: 1.30208 % | Sys: 58.3333 % | RAM App: 20687.6 MB | Sys Avail: 17671.4 MB / 65466.5 MB
[ "01:46:35.502" ][SystemMonitor] Stats Update: CPU App: 0.520833 % | Sys: 62.5 % | RAM App: 20673.9 MB | Sys Avail: 17678.2 MB / 65466.5 MB
[ "01:46:36.503" ][SystemMonitor] Stats Update: CPU App: 1.30208 % | Sys: 44.7917 % | RAM App: 20668.5 MB | Sys Avail: 17697.2 MB / 65466.5 MB
[ "01:46:37.501" ][SystemMonitor] Stats Update: CPU App: 1.30208 % | Sys: 36.1979 % | RAM App: 20668.5 MB | Sys Avail: 17683.6 MB / 65466.5 MB
[ "01:46:38.501" ][SystemMonitor] Stats Update: CPU App: 1.82292 % | Sys: 39.8438 % | RAM App: 20668.5 MB | Sys Avail: 17685.7 MB / 65466.5 MB
TelemetryMonitor: Processed 300 frames. Current FPS: 62
[ "01:46:39.502" ][SystemMonitor] Stats Update: CPU App: 1.82292 % | Sys: 37.5 % | RAM App: 20668.5 MB | Sys Avail: 17668.7 MB / 65466.5 MB
[ "01:46:40.501" ][SystemMonitor] Stats Update: CPU App: 0.78125 % | Sys: 35.9375 % | RAM App: 20668.3 MB | Sys Avail: 17684.3 MB / 65466.5 MB
[ "01:46:41.501" ][SystemMonitor] Stats Update: CPU App: 1.30208 % | Sys: 38.2813 % | RAM App: 20668.3 MB | Sys Avail: 17684.1 MB / 65466.5 MB
[ "01:46:42.505" ][SystemMonitor] Stats Update: CPU App: 1.04167 % | Sys: 63.2813 % | RAM App: 20668.3 MB | Sys Avail: 17517.3 MB / 65466.5 MB
[ "01:46:43.501" ][SystemMonitor] Stats Update: CPU App: 1.5625 % | Sys: 40.625 % | RAM App: 20668.3 MB | Sys Avail: 17523.9 MB / 65466.5 MB
TelemetryMonitor: Processed 300 frames. Current FPS: 62
[ "01:46:44.499" ][SystemMonitor] Stats Update: CPU App: 1.30208 % | Sys: 34.1146 % | RAM App: 20668.3 MB | Sys Avail: 17547.6 MB / 65466.5 MB
[ "01:46:45.499" ][SystemMonitor] Stats Update: CPU App: 0.78125 % | Sys: 50 % | RAM App: 20668.3 MB | Sys Avail: 17691.9 MB / 65466.5 MB
[ "01:46:46.504" ][SystemMonitor] Stats Update: CPU App: 1.04167 % | Sys: 55.2083 % | RAM App: 20668.3 MB | Sys Avail: 17542.2 MB / 65466.5 MB
[ "01:46:47.512" ][SystemMonitor] Stats Update: CPU App: 1.30208 % | Sys: 54.1667 % | RAM App: 20668.3 MB | Sys Avail: 17509.4 MB / 65466.5 MB
[ "01:46:48.504" ][SystemMonitor] Stats Update: CPU App: 0.78125 % | Sys: 70.5729 % | RAM App: 20668.3 MB | Sys Avail: 17465.4 MB / 65466.5 MB
TelemetryMonitor: Processed 300 frames. Current FPS: 62
[ "01:46:49.508" ][SystemMonitor] Stats Update: CPU App: 1.30208 % | Sys: 81.7708 % | RAM App: 20668.3 MB | Sys Avail: 17386.3 MB / 65466.5 MB
[ "01:46:50.504" ][SystemMonitor] Stats Update: CPU App: 1.04167 % | Sys: 92.4479 % | RAM App: 20668.3 MB | Sys Avail: 17250.1 MB / 65466.5 MB
[ "01:46:51.500" ][SystemMonitor] Stats Update: CPU App: 1.04167 % | Sys: 78.3854 % | RAM App: 20668.3 MB | Sys Avail: 17204.5 MB / 65466.5 MB
[ "01:46:52.501" ][SystemMonitor] Stats Update: CPU App: 1.82292 % | Sys: 62.5 % | RAM App: 20664.7 MB | Sys Avail: 17194.5 MB / 65466.5 MB
[ "01:46:53.501" ][SystemMonitor] Stats Update: CPU App: 1.82292 % | Sys: 54.4271 % | RAM App: 20662.2 MB | Sys Avail: 17231 MB / 65466.5 MB
TelemetryMonitor: Processed 300 frames. Current FPS: 62
[ "01:46:54.501" ][SystemMonitor] Stats Update: CPU App: 1.5625 % | Sys: 52.6042 % | RAM App: 20658 MB | Sys Avail: 17203.9 MB / 65466.5 MB
[ "01:46:55.502" ][SystemMonitor] Stats Update: CPU App: 1.5625 % | Sys: 52.8646 % | RAM App: 20649.1 MB | Sys Avail: 17186.8 MB / 65466.5 MB
[SystemMonitor] Resource Update: RAM: 20649.1 MB (Delta: -51.375 ) | VRAM: 593.934 MB (Delta: 0 )
[ "01:46:56.503" ][SystemMonitor] Stats Update: CPU App: 0.78125 % | Sys: 55.2083 % | RAM App: 20649.1 MB | Sys Avail: 17319.3 MB / 65466.5 MB
[ "01:46:57.502" ][SystemMonitor] Stats Update: CPU App: 0.520833 % | Sys: 43.4896 % | RAM App: 20635.8 MB | Sys Avail: 17328.1 MB / 65466.5 MB
[ "01:46:58.503" ][SystemMonitor] Stats Update: CPU App: 2.08333 % | Sys: 61.7188 % | RAM App: 20635.4 MB | Sys Avail: 17293 MB / 65466.5 MB
TelemetryMonitor: Processed 300 frames. Current FPS: 62
[ "01:46:59.502" ][SystemMonitor] Stats Update: CPU App: 1.82292 % | Sys: 39.8438 % | RAM App: 20635.4 MB | Sys Avail: 17314.4 MB / 65466.5 MB
[ "01:47:00.504" ][SystemMonitor] Stats Update: CPU App: 1.30208 % | Sys: 36.1979 % | RAM App: 20635.4 MB | Sys Avail: 17315.4 MB / 65466.5 MB
[ "01:47:01.502" ][SystemMonitor] Stats Update: CPU App: 1.30208 % | Sys: 36.9792 % | RAM App: 20635.4 MB | Sys Avail: 17328.6 MB / 65466.5 MB
[ "01:47:02.501" ][SystemMonitor] Stats Update: CPU App: 1.30208 % | Sys: 38.2813 % | RAM App: 20635.4 MB | Sys Avail: 17316.8 MB / 65466.5 MB
[ "01:47:03.500" ][SystemMonitor] Stats Update: CPU App: 0.520833 % | Sys: 40.625 % | RAM App: 20635.4 MB | Sys Avail: 17317.3 MB / 65466.5 MB
TelemetryMonitor: Processed 300 frames. Current FPS: 62
[ "01:47:04.500" ][SystemMonitor] Stats Update: CPU App: 0.78125 % | Sys: 42.9688 % | RAM App: 20623.5 MB | Sys Avail: 17332.6 MB / 65466.5 MB
[ "01:47:05.501" ][SystemMonitor] Stats Update: CPU App: 1.30208 % | Sys: 44.0104 % | RAM App: 20621.6 MB | Sys Avail: 17322.6 MB / 65466.5 MB
[ "01:47:06.501" ][SystemMonitor] Stats Update: CPU App: 1.04167 % | Sys: 63.5417 % | RAM App: 20617.1 MB | Sys Avail: 17334.3 MB / 65466.5 MB
[ "01:47:07.502" ][SystemMonitor] Stats Update: CPU App: 1.04167 % | Sys: 45.8333 % | RAM App: 20617.1 MB | Sys Avail: 17336.7 MB / 65466.5 MB
[ "01:47:08.503" ][SystemMonitor] Stats Update: CPU App: 0.260417 % | Sys: 37.5 % | RAM App: 20617.1 MB | Sys Avail: 17356.8 MB / 65466.5 MB
TelemetryMonitor: Processed 300 frames. Current FPS: 62
[ "01:47:09.503" ][SystemMonitor] Stats Update: CPU App: 1.82292 % | Sys: 37.5 % | RAM App: 20617.1 MB | Sys Avail: 17380.3 MB / 65466.5 MB
[ "01:47:10.504" ][SystemMonitor] Stats Update: CPU App: 1.04167 % | Sys: 37.2396 % | RAM App: 20617.1 MB | Sys Avail: 17385.1 MB / 65466.5 MB
[ "01:47:11.501" ][SystemMonitor] Stats Update: CPU App: 1.04167 % | Sys: 51.5625 % | RAM App: 20617.1 MB | Sys Avail: 17441.1 MB / 65466.5 MB
[ "01:47:12.504" ][SystemMonitor] Stats Update: CPU App: 1.04167 % | Sys: 48.1771 % | RAM App: 20617.1 MB | Sys Avail: 17476.6 MB / 65466.5 MB
[ "01:47:13.501" ][SystemMonitor] Stats Update: CPU App: 1.04167 % | Sys: 61.4583 % | RAM App: 20617.1 MB | Sys Avail: 17475.3 MB / 65466.5 MB
TelemetryMonitor: Processed 300 frames. Current FPS: 62
[ "01:47:14.504" ][SystemMonitor] Stats Update: CPU App: 1.30208 % | Sys: 41.9271 % | RAM App: 20617.1 MB | Sys Avail: 17512.2 MB / 65466.5 MB
[ "01:47:15.510" ][SystemMonitor] Stats Update: CPU App: 1.04167 % | Sys: 40.1042 % | RAM App: 20617.1 MB | Sys Avail: 17533.1 MB / 65466.5 MB
[ "01:47:16.504" ][SystemMonitor] Stats Update: CPU App: 1.04167 % | Sys: 50.2604 % | RAM App: 20617.1 MB | Sys Avail: 17554.3 MB / 65466.5 MB
[ "01:47:17.500" ][SystemMonitor] Stats Update: CPU App: 1.04167 % | Sys: 40.1042 % | RAM App: 20615.3 MB | Sys Avail: 17570.7 MB / 65466.5 MB
[ "01:47:18.503" ][SystemMonitor] Stats Update: CPU App: 1.5625 % | Sys: 36.9792 % | RAM App: 20613.1 MB | Sys Avail: 17586.1 MB / 65466.5 MB
TelemetryMonitor: Processed 300 frames. Current FPS: 62
[ "01:47:19.501" ][SystemMonitor] Stats Update: CPU App: 1.04167 % | Sys: 38.0208 % | RAM App: 20595.5 MB | Sys Avail: 17630.4 MB / 65466.5 MB
[SystemMonitor] Resource Update: RAM: 20595.5 MB (Delta: -53.6875 ) | VRAM: 593.934 MB (Delta: 0 )
[ "01:47:20.503" ][SystemMonitor] Stats Update: CPU App: 1.04167 % | Sys: 48.1771 % | RAM App: 20595.5 MB | Sys Avail: 17645.5 MB / 65466.5 MB
[ "01:47:21.501" ][SystemMonitor] Stats Update: CPU App: 2.08333 % | Sys: 38.2813 % | RAM App: 20595.5 MB | Sys Avail: 17661.9 MB / 65466.5 MB
[ "01:47:22.504" ][SystemMonitor] Stats Update: CPU App: 2.08333 % | Sys: 40.625 % | RAM App: 20595.5 MB | Sys Avail: 17694.4 MB / 65466.5 MB
[ "01:47:23.500" ][SystemMonitor] Stats Update: CPU App: 1.04167 % | Sys: 38.8021 % | RAM App: 20595.5 MB | Sys Avail: 17694.6 MB / 65466.5 MB
TelemetryMonitor: Processed 300 frames. Current FPS: 62
[ "01:47:24.503" ][SystemMonitor] Stats Update: CPU App: 1.82292 % | Sys: 36.9792 % | RAM App: 20595.5 MB | Sys Avail: 17723.2 MB / 65466.5 MB
[ "01:47:25.500" ][SystemMonitor] Stats Update: CPU App: 1.04167 % | Sys: 44.0104 % | RAM App: 20595.5 MB | Sys Avail: 17745.1 MB / 65466.5 MB
[ "01:47:26.503" ][SystemMonitor] Stats Update: CPU App: 1.04167 % | Sys: 41.6667 % | RAM App: 20595.5 MB | Sys Avail: 17776.4 MB / 65466.5 MB
[ "01:47:27.501" ][SystemMonitor] Stats Update: CPU App: 2.34375 % | Sys: 41.9271 % | RAM App: 20595 MB | Sys Avail: 17766.7 MB / 65466.5 MB
[ "01:47:28.504" ][SystemMonitor] Stats Update: CPU App: 1.5625 % | Sys: 48.6979 % | RAM App: 20595 MB | Sys Avail: 17758.5 MB / 65466.5 MB
TelemetryMonitor: Processed 300 frames. Current FPS: 62
[ "01:47:29.499" ][SystemMonitor] Stats Update: CPU App: 0.78125 % | Sys: 38.5417 % | RAM App: 20595 MB | Sys Avail: 17791.9 MB / 65466.5 MB
[ "01:47:30.500" ][SystemMonitor] Stats Update: CPU App: 1.82292 % | Sys: 40.625 % | RAM App: 20591.4 MB | Sys Avail: 17816.5 MB / 65466.5 MB
[ "01:47:31.500" ][SystemMonitor] Stats Update: CPU App: 1.30208 % | Sys: 44.0104 % | RAM App: 20591.4 MB | Sys Avail: 17830 MB / 65466.5 MB
[ "01:47:32.504" ][SystemMonitor] Stats Update: CPU App: 1.5625 % | Sys: 43.75 % | RAM App: 20591.4 MB | Sys Avail: 17842.1 MB / 65466.5 MB
[ "01:47:33.500" ][SystemMonitor] Stats Update: CPU App: 1.04167 % | Sys: 43.2292 % | RAM App: 20562.2 MB | Sys Avail: 17868.1 MB / 65466.5 MB
TelemetryMonitor: Processed 300 frames. Current FPS: 62
[ "01:47:34.500" ][SystemMonitor] Stats Update: CPU App: 1.5625 % | Sys: 42.9688 % | RAM App: 20545.5 MB | Sys Avail: 17887.4 MB / 65466.5 MB
[ "01:47:35.502" ][SystemMonitor] Stats Update: CPU App: 2.08333 % | Sys: 53.3854 % | RAM App: 20545.5 MB | Sys Avail: 17875.1 MB / 65466.5 MB
[ "01:47:36.500" ][SystemMonitor] Stats Update: CPU App: 1.5625 % | Sys: 55.2083 % | RAM App: 20528.3 MB | Sys Avail: 17959.4 MB / 65466.5 MB
[SystemMonitor] Resource Update: RAM: 20528.3 MB (Delta: -67.1719 ) | VRAM: 593.934 MB (Delta: 0 )
[ "01:47:37.502" ][SystemMonitor] Stats Update: CPU App: 1.82292 % | Sys: 52.0833 % | RAM App: 20528.3 MB | Sys Avail: 17992.6 MB / 65466.5 MB
[ "01:47:38.500" ][SystemMonitor] Stats Update: CPU App: 1.04167 % | Sys: 41.4063 % | RAM App: 20528.3 MB | Sys Avail: 18031.1 MB / 65466.5 MB
TelemetryMonitor: Processed 300 frames. Current FPS: 62
[ "01:47:39.500" ][SystemMonitor] Stats Update: CPU App: 0.520833 % | Sys: 37.7604 % | RAM App: 20511.5 MB | Sys Avail: 18060.5 MB / 65466.5 MB
[ "01:47:40.501" ][SystemMonitor] Stats Update: CPU App: 1.04167 % | Sys: 34.6354 % | RAM App: 20511.5 MB | Sys Avail: 18068.4 MB / 65466.5 MB
[ "01:47:41.500" ][SystemMonitor] Stats Update: CPU App: 0.78125 % | Sys: 36.9792 % | RAM App: 20511.5 MB | Sys Avail: 18098.1 MB / 65466.5 MB
[ "01:47:42.501" ][SystemMonitor] Stats Update: CPU App: 0.78125 % | Sys: 45.0521 % | RAM App: 20511.5 MB | Sys Avail: 18105.6 MB / 65466.5 MB
[ "01:47:43.500" ][SystemMonitor] Stats Update: CPU App: 1.30208 % | Sys: 47.3958 % | RAM App: 20505.3 MB | Sys Avail: 18073.6 MB / 65466.5 MB
TelemetryMonitor: Processed 300 frames. Current FPS: 62
[ "01:47:44.500" ][SystemMonitor] Stats Update: CPU App: 1.04167 % | Sys: 34.1146 % | RAM App: 20505.3 MB | Sys Avail: 18109.9 MB / 65466.5 MB
[ "01:47:45.500" ][SystemMonitor] Stats Update: CPU App: 1.30208 % | Sys: 56.25 % | RAM App: 20505.3 MB | Sys Avail: 18123.8 MB / 65466.5 MB
[ "01:47:46.500" ][SystemMonitor] Stats Update: CPU App: 1.5625 % | Sys: 41.6667 % | RAM App: 20497.7 MB | Sys Avail: 18125.4 MB / 65466.5 MB
[ "01:47:47.500" ][SystemMonitor] Stats Update: CPU App: 1.30208 % | Sys: 40.625 % | RAM App: 20497.7 MB | Sys Avail: 18171.2 MB / 65466.5 MB
[ "01:47:48.500" ][SystemMonitor] Stats Update: CPU App: 1.5625 % | Sys: 53.6458 % | RAM App: 20485 MB | Sys Avail: 18154 MB / 65466.5 MB
TelemetryMonitor: Processed 300 frames. Current FPS: 62
[ "01:47:49.501" ][SystemMonitor] Stats Update: CPU App: 1.5625 % | Sys: 62.7604 % | RAM App: 20485 MB | Sys Avail: 18169.4 MB / 65466.5 MB
[ "01:47:50.501" ][SystemMonitor] Stats Update: CPU App: 2.34375 % | Sys: 83.8542 % | RAM App: 20485 MB | Sys Avail: 18180.8 MB / 65466.5 MB
[ "01:47:51.501" ][SystemMonitor] Stats Update: CPU App: 1.5625 % | Sys: 66.6667 % | RAM App: 20485 MB | Sys Avail: 18223.6 MB / 65466.5 MB
[ "01:47:52.500" ][SystemMonitor] Stats Update: CPU App: 1.04167 % | Sys: 40.625 % | RAM App: 20477.5 MB | Sys Avail: 18250.4 MB / 65466.5 MB
[SystemMonitor] Resource Update: RAM: 20477.5 MB (Delta: -50.8047 ) | VRAM: 593.934 MB (Delta: 0 )
[ "01:47:53.502" ][SystemMonitor] Stats Update: CPU App: 1.30208 % | Sys: 43.4896 % | RAM App: 20473.7 MB | Sys Avail: 18254.4 MB / 65466.5 MB
TelemetryMonitor: Processed 300 frames. Current FPS: 62
[ "01:47:54.501" ][SystemMonitor] Stats Update: CPU App: 1.5625 % | Sys: 37.7604 % | RAM App: 20473.7 MB | Sys Avail: 18262.5 MB / 65466.5 MB
[ "01:47:55.500" ][SystemMonitor] Stats Update: CPU App: 1.04167 % | Sys: 45.5729 % | RAM App: 20473.7 MB | Sys Avail: 18283.5 MB / 65466.5 MB
[ "01:47:56.500" ][SystemMonitor] Stats Update: CPU App: 1.30208 % | Sys: 66.1458 % | RAM App: 20473.7 MB | Sys Avail: 18280.4 MB / 65466.5 MB
[ "01:47:57.501" ][SystemMonitor] Stats Update: CPU App: 1.30208 % | Sys: 47.9167 % | RAM App: 20490.6 MB | Sys Avail: 18283.6 MB / 65466.5 MB
[ "01:47:58.500" ][SystemMonitor] Stats Update: CPU App: 1.30208 % | Sys: 44.2708 % | RAM App: 20485.5 MB | Sys Avail: 18298.1 MB / 65466.5 MB
TelemetryMonitor: Processed 300 frames. Current FPS: 62
[ "01:47:59.501" ][SystemMonitor] Stats Update: CPU App: 1.30208 % | Sys: 36.1979 % | RAM App: 20485.5 MB | Sys Avail: 18309.5 MB / 65466.5 MB
[ "01:48:00.501" ][SystemMonitor] Stats Update: CPU App: 2.34375 % | Sys: 39.5833 % | RAM App: 20485.5 MB | Sys Avail: 18334.7 MB / 65466.5 MB
[ "01:48:01.500" ][SystemMonitor] Stats Update: CPU App: 0.78125 % | Sys: 38.2813 % | RAM App: 20485.5 MB | Sys Avail: 18345.1 MB / 65466.5 MB
[ "01:48:02.501" ][SystemMonitor] Stats Update: CPU App: 1.04167 % | Sys: 50 % | RAM App: 20480 MB | Sys Avail: 18384.4 MB / 65466.5 MB
[ "01:48:03.501" ][SystemMonitor] Stats Update: CPU App: 1.04167 % | Sys: 36.9792 % | RAM App: 20472.3 MB | Sys Avail: 18421.1 MB / 65466.5 MB
TelemetryMonitor: Processed 300 frames. Current FPS: 62
[ "01:48:04.501" ][SystemMonitor] Stats Update: CPU App: 1.04167 % | Sys: 41.4063 % | RAM App: 20470.1 MB | Sys Avail: 18421.2 MB / 65466.5 MB
[ "01:48:05.500" ][SystemMonitor] Stats Update: CPU App: 0.78125 % | Sys: 43.4896 % | RAM App: 20470.2 MB | Sys Avail: 18403.2 MB / 65466.5 MB
[ "01:48:06.501" ][SystemMonitor] Stats Update: CPU App: 0.78125 % | Sys: 44.0104 % | RAM App: 20467.6 MB | Sys Avail: 18409.6 MB / 65466.5 MB
[ "01:48:07.501" ][SystemMonitor] Stats Update: CPU App: 1.5625 % | Sys: 38.2813 % | RAM App: 20467.6 MB | Sys Avail: 18442.9 MB / 65466.5 MB
[ "01:48:08.501" ][SystemMonitor] Stats Update: CPU App: 1.30208 % | Sys: 38.8021 % | RAM App: 20467.6 MB | Sys Avail: 18461.3 MB / 65466.5 MB
TelemetryMonitor: Processed 300 frames. Current FPS: 62
[ "01:48:09.501" ][SystemMonitor] Stats Update: CPU App: 1.04167 % | Sys: 33.3333 % | RAM App: 20467.6 MB | Sys Avail: 18470.3 MB / 65466.5 MB
[ "01:48:10.501" ][SystemMonitor] Stats Update: CPU App: 1.04167 % | Sys: 46.0938 % | RAM App: 20467.6 MB | Sys Avail: 18503.3 MB / 65466.5 MB
[ "01:48:11.502" ][SystemMonitor] Stats Update: CPU App: 0.78125 % | Sys: 39.3229 % | RAM App: 20467.7 MB | Sys Avail: 18532.7 MB / 65466.5 MB
[ "01:48:12.502" ][SystemMonitor] Stats Update: CPU App: 1.04167 % | Sys: 40.8854 % | RAM App: 20467.7 MB | Sys Avail: 18556.3 MB / 65466.5 MB
[ "01:48:13.501" ][SystemMonitor] Stats Update: CPU App: 1.82292 % | Sys: 40.8854 % | RAM App: 20467.7 MB | Sys Avail: 18559.2 MB / 65466.5 MB
TelemetryMonitor: Processed 300 frames. Current FPS: 62
[ "01:48:14.501" ][SystemMonitor] Stats Update: CPU App: 1.30208 % | Sys: 46.3542 % | RAM App: 20467.7 MB | Sys Avail: 18549.3 MB / 65466.5 MB
[ "01:48:15.501" ][SystemMonitor] Stats Update: CPU App: 0.78125 % | Sys: 42.7083 % | RAM App: 20467.8 MB | Sys Avail: 18564.4 MB / 65466.5 MB
[ "01:48:16.501" ][SystemMonitor] Stats Update: CPU App: 1.04167 % | Sys: 52.6042 % | RAM App: 20467.8 MB | Sys Avail: 18531.7 MB / 65466.5 MB
[ "01:48:17.502" ][SystemMonitor] Stats Update: CPU App: 1.04167 % | Sys: 38.8021 % | RAM App: 20467.8 MB | Sys Avail: 18548.2 MB / 65466.5 MB
[ "01:48:18.502" ][SystemMonitor] Stats Update: CPU App: 1.04167 % | Sys: 42.9688 % | RAM App: 20467.8 MB | Sys Avail: 18508.8 MB / 65466.5 MB
[ "01:48:19.501" ][SystemMonitor] Stats Update: CPU App: 1.04167 % | Sys: 40.1042 % | RAM App: 20467.8 MB | Sys Avail: 18536 MB / 65466.5 MB
TelemetryMonitor: Processed 300 frames. Current FPS: 62
[ "01:48:20.501" ][SystemMonitor] Stats Update: CPU App: 1.04167 % | Sys: 35.6771 % | RAM App: 20467.9 MB | Sys Avail: 18547.2 MB / 65466.5 MB
[ "01:48:21.501" ][SystemMonitor] Stats Update: CPU App: 1.82292 % | Sys: 58.3333 % | RAM App: 20467.9 MB | Sys Avail: 18524.8 MB / 65466.5 MB
[ "01:48:22.501" ][SystemMonitor] Stats Update: CPU App: 2.08333 % | Sys: 43.2292 % | RAM App: 20467.9 MB | Sys Avail: 18507.9 MB / 65466.5 MB
[ "01:48:23.501" ][SystemMonitor] Stats Update: CPU App: 1.04167 % | Sys: 37.5 % | RAM App: 20467.9 MB | Sys Avail: 18520.5 MB / 65466.5 MB
[ "01:48:24.502" ][SystemMonitor] Stats Update: CPU App: 1.5625 % | Sys: 40.625 % | RAM App: 20467.9 MB | Sys Avail: 18518.1 MB / 65466.5 MB
TelemetryMonitor: Processed 300 frames. Current FPS: 62
[ "01:48:25.501" ][SystemMonitor] Stats Update: CPU App: 1.30208 % | Sys: 42.1875 % | RAM App: 20468 MB | Sys Avail: 18537.7 MB / 65466.5 MB
[ "01:48:26.502" ][SystemMonitor] Stats Update: CPU App: 2.60417 % | Sys: 46.6146 % | RAM App: 20468 MB | Sys Avail: 18533 MB / 65466.5 MB
[ "01:48:27.503" ][SystemMonitor] Stats Update: CPU App: 0.78125 % | Sys: 45.8333 % | RAM App: 20468 MB | Sys Avail: 18517 MB / 65466.5 MB
[ "01:48:28.501" ][SystemMonitor] Stats Update: CPU App: 1.5625 % | Sys: 46.6146 % | RAM App: 20468 MB | Sys Avail: 18523.7 MB / 65466.5 MB
[ "01:48:29.502" ][SystemMonitor] Stats Update: CPU App: 1.30208 % | Sys: 40.1042 % | RAM App: 20468 MB | Sys Avail: 18528.5 MB / 65466.5 MB
TelemetryMonitor: Processed 300 frames. Current FPS: 62
[ "01:48:30.502" ][SystemMonitor] Stats Update: CPU App: 0.520833 % | Sys: 36.7188 % | RAM App: 20468.1 MB | Sys Avail: 18549.6 MB / 65466.5 MB
[ "01:48:31.500" ][SystemMonitor] Stats Update: CPU App: 0.78125 % | Sys: 39.3229 % | RAM App: 20468.1 MB | Sys Avail: 18776.3 MB / 65466.5 MB
[ "01:48:32.502" ][SystemMonitor] Stats Update: CPU App: 1.30208 % | Sys: 54.4271 % | RAM App: 20468.1 MB | Sys Avail: 18620.9 MB / 65466.5 MB
[ "01:48:33.503" ][SystemMonitor] Stats Update: CPU App: 1.5625 % | Sys: 55.4688 % | RAM App: 20468.1 MB | Sys Avail: 18565.3 MB / 65466.5 MB
[ "01:48:34.502" ][SystemMonitor] Stats Update: CPU App: 1.5625 % | Sys: 57.2917 % | RAM App: 20468.1 MB | Sys Avail: 18599.2 MB / 65466.5 MB
TelemetryMonitor: Processed 300 frames. Current FPS: 62
[ "01:48:35.502" ][SystemMonitor] Stats Update: CPU App: 2.08333 % | Sys: 52.8646 % | RAM App: 20468.2 MB | Sys Avail: 18532 MB / 65466.5 MB
[ "01:48:36.503" ][SystemMonitor] Stats Update: CPU App: 1.5625 % | Sys: 61.9792 % | RAM App: 20468.2 MB | Sys Avail: 18603.5 MB / 65466.5 MB
[ "01:48:37.502" ][SystemMonitor] Stats Update: CPU App: 1.30208 % | Sys: 84.1146 % | RAM App: 20468.2 MB | Sys Avail: 18527 MB / 65466.5 MB
[ "01:48:38.502" ][SystemMonitor] Stats Update: CPU App: 1.30208 % | Sys: 68.2292 % | RAM App: 20468.3 MB | Sys Avail: 18480.9 MB / 65466.5 MB
[ "01:48:39.502" ][SystemMonitor] Stats Update: CPU App: 2.08333 % | Sys: 55.7292 % | RAM App: 20468.3 MB | Sys Avail: 18465.7 MB / 65466.5 MB
TelemetryMonitor: Processed 300 frames. Current FPS: 62
[ "01:48:40.501" ][SystemMonitor] Stats Update: CPU App: 1.82292 % | Sys: 53.6458 % | RAM App: 20468.3 MB | Sys Avail: 18446.7 MB / 65466.5 MB
[ "01:48:41.503" ][SystemMonitor] Stats Update: CPU App: 1.30208 % | Sys: 52.8646 % | RAM App: 20468.3 MB | Sys Avail: 18414 MB / 65466.5 MB
[ "01:48:42.500" ][SystemMonitor] Stats Update: CPU App: 1.04167 % | Sys: 45.0521 % | RAM App: 20468.4 MB | Sys Avail: 18504.3 MB / 65466.5 MB
[ "01:48:43.501" ][SystemMonitor] Stats Update: CPU App: 0.78125 % | Sys: 46.0938 % | RAM App: 20468.4 MB | Sys Avail: 18497.7 MB / 65466.5 MB
[ "01:48:44.502" ][SystemMonitor] Stats Update: CPU App: 0.78125 % | Sys: 39.0625 % | RAM App: 20468.4 MB | Sys Avail: 18494.7 MB / 65466.5 MB
TelemetryMonitor: Processed 300 frames. Current FPS: 62
[ "01:48:45.502" ][SystemMonitor] Stats Update: CPU App: 1.5625 % | Sys: 40.625 % | RAM App: 20468.4 MB | Sys Avail: 18502 MB / 65466.5 MB
[ "01:48:46.502" ][SystemMonitor] Stats Update: CPU App: 2.08333 % | Sys: 42.9688 % | RAM App: 20468.4 MB | Sys Avail: 18499.3 MB / 65466.5 MB
[ "01:48:47.502" ][SystemMonitor] Stats Update: CPU App: 1.04167 % | Sys: 38.2813 % | RAM App: 20468.5 MB | Sys Avail: 18512.7 MB / 65466.5 MB
[ "01:48:48.502" ][SystemMonitor] Stats Update: CPU App: 1.30208 % | Sys: 68.75 % | RAM App: 20468.5 MB | Sys Avail: 18532.5 MB / 65466.5 MB
[ "01:48:49.502" ][SystemMonitor] Stats Update: CPU App: 1.82292 % | Sys: 82.5521 % | RAM App: 20468.5 MB | Sys Avail: 18543.6 MB / 65466.5 MB
TelemetryMonitor: Processed 300 frames. Current FPS: 62
[ "01:48:50.504" ][SystemMonitor] Stats Update: CPU App: 1.82292 % | Sys: 71.875 % | RAM App: 20468.5 MB | Sys Avail: 18563.4 MB / 65466.5 MB
[ "01:48:51.501" ][SystemMonitor] Stats Update: CPU App: 1.5625 % | Sys: 86.9792 % | RAM App: 20468.6 MB | Sys Avail: 18569.2 MB / 65466.5 MB
[ "01:48:52.503" ][SystemMonitor] Stats Update: CPU App: 1.04167 % | Sys: 65.8854 % | RAM App: 20468.6 MB | Sys Avail: 18508.3 MB / 65466.5 MB
[ "01:48:53.502" ][SystemMonitor] Stats Update: CPU App: 1.04167 % | Sys: 47.3958 % | RAM App: 20468.6 MB | Sys Avail: 18504.5 MB / 65466.5 MB
[ "01:48:54.505" ][SystemMonitor] Stats Update: CPU App: 1.30208 % | Sys: 37.7604 % | RAM App: 20468.6 MB | Sys Avail: 18495.4 MB / 65466.5 MB
TelemetryMonitor: Processed 300 frames. Current FPS: 62
[ "01:48:55.501" ][SystemMonitor] Stats Update: CPU App: 1.30208 % | Sys: 46.3542 % | RAM App: 20468.6 MB | Sys Avail: 18521.7 MB / 65466.5 MB
[ "01:48:56.503" ][SystemMonitor] Stats Update: CPU App: 0.78125 % | Sys: 43.75 % | RAM App: 20468.7 MB | Sys Avail: 18599.1 MB / 65466.5 MB
[ "01:48:57.505" ][SystemMonitor] Stats Update: CPU App: 1.30208 % | Sys: 52.3438 % | RAM App: 20468.7 MB | Sys Avail: 18591.1 MB / 65466.5 MB
[ "01:48:58.502" ][SystemMonitor] Stats Update: CPU App: 1.30208 % | Sys: 42.9688 % | RAM App: 20468.7 MB | Sys Avail: 18585.9 MB / 65466.5 MB
[ "01:48:59.502" ][SystemMonitor] Stats Update: CPU App: 1.82292 % | Sys: 39.8438 % | RAM App: 20468.7 MB | Sys Avail: 18589.2 MB / 65466.5 MB
TelemetryMonitor: Processed 300 frames. Current FPS: 62
[ "01:49:00.503" ][SystemMonitor] Stats Update: CPU App: 1.5625 % | Sys: 34.6354 % | RAM App: 20468.8 MB | Sys Avail: 18587 MB / 65466.5 MB
[ "01:49:01.503" ][SystemMonitor] Stats Update: CPU App: 1.30208 % | Sys: 51.5625 % | RAM App: 20468.8 MB | Sys Avail: 18523.6 MB / 65466.5 MB
[ "01:49:02.503" ][SystemMonitor] Stats Update: CPU App: 1.30208 % | Sys: 54.1667 % | RAM App: 20468.8 MB | Sys Avail: 18534.6 MB / 65466.5 MB
[ "01:49:03.502" ][SystemMonitor] Stats Update: CPU App: 1.04167 % | Sys: 38.0208 % | RAM App: 20468.8 MB | Sys Avail: 18522.1 MB / 65466.5 MB
[ "01:49:04.503" ][SystemMonitor] Stats Update: CPU App: 1.30208 % | Sys: 39.5833 % | RAM App: 20468.8 MB | Sys Avail: 18532.7 MB / 65466.5 MB
TelemetryMonitor: Processed 300 frames. Current FPS: 62
[ "01:49:05.502" ][SystemMonitor] Stats Update: CPU App: 1.04167 % | Sys: 36.7188 % | RAM App: 20468.9 MB | Sys Avail: 18534.8 MB / 65466.5 MB
[ "01:49:06.502" ][SystemMonitor] Stats Update: CPU App: 1.30208 % | Sys: 36.9792 % | RAM App: 20468.9 MB | Sys Avail: 18545.6 MB / 65466.5 MB
[ "01:49:07.502" ][SystemMonitor] Stats Update: CPU App: 1.82292 % | Sys: 41.4063 % | RAM App: 20468.9 MB | Sys Avail: 18572 MB / 65466.5 MB
[ "01:49:08.503" ][SystemMonitor] Stats Update: CPU App: 1.30208 % | Sys: 37.2396 % | RAM App: 20468.9 MB | Sys Avail: 18559.6 MB / 65466.5 MB
[ "01:49:09.502" ][SystemMonitor] Stats Update: CPU App: 0.520833 % | Sys: 45.3125 % | RAM App: 20469 MB | Sys Avail: 18551.5 MB / 65466.5 MB
TelemetryMonitor: Processed 300 frames. Current FPS: 62
[ "01:49:10.502" ][SystemMonitor] Stats Update: CPU App: 1.5625 % | Sys: 42.9688 % | RAM App: 20469 MB | Sys Avail: 18551.4 MB / 65466.5 MB
[ "01:49:11.502" ][SystemMonitor] Stats Update: CPU App: 0.520833 % | Sys: 44.5313 % | RAM App: 20469 MB | Sys Avail: 18537 MB / 65466.5 MB
[ "01:49:12.503" ][SystemMonitor] Stats Update: CPU App: 0.78125 % | Sys: 35.9375 % | RAM App: 20469 MB | Sys Avail: 18552 MB / 65466.5 MB
[ "01:49:13.502" ][SystemMonitor] Stats Update: CPU App: 1.5625 % | Sys: 37.2396 % | RAM App: 20469 MB | Sys Avail: 18550 MB / 65466.5 MB
[ "01:49:14.503" ][SystemMonitor] Stats Update: CPU App: 1.5625 % | Sys: 33.8542 % | RAM App: 20469.1 MB | Sys Avail: 18555.5 MB / 65466.5 MB
TelemetryMonitor: Processed 300 frames. Current FPS: 62
[ "01:49:15.502" ][SystemMonitor] Stats Update: CPU App: 1.04167 % | Sys: 51.5625 % | RAM App: 20469.1 MB | Sys Avail: 18562.1 MB / 65466.5 MB
[ "01:49:16.503" ][SystemMonitor] Stats Update: CPU App: 1.04167 % | Sys: 42.1875 % | RAM App: 20469.1 MB | Sys Avail: 18549.1 MB / 65466.5 MB
[ "01:49:17.501" ][SystemMonitor] Stats Update: CPU App: 1.5625 % | Sys: 42.4479 % | RAM App: 20467.4 MB | Sys Avail: 18449.7 MB / 65466.5 MB
[ "01:49:18.503" ][SystemMonitor] Stats Update: CPU App: 1.30208 % | Sys: 37.2396 % | RAM App: 20467.4 MB | Sys Avail: 18448.8 MB / 65466.5 MB
[ "01:49:19.501" ][SystemMonitor] Stats Update: CPU App: 1.5625 % | Sys: 39.8438 % | RAM App: 20467.4 MB | Sys Avail: 18474 MB / 65466.5 MB
TelemetryMonitor: Processed 300 frames. Current FPS: 62
[ "01:49:20.503" ][SystemMonitor] Stats Update: CPU App: 0.78125 % | Sys: 35.4167 % | RAM App: 20467.4 MB | Sys Avail: 18474.1 MB / 65466.5 MB
[ "01:49:21.502" ][SystemMonitor] Stats Update: CPU App: 1.5625 % | Sys: 41.9271 % | RAM App: 20467.5 MB | Sys Avail: 18460.9 MB / 65466.5 MB
[ "01:49:22.504" ][SystemMonitor] Stats Update: CPU App: 1.04167 % | Sys: 49.4792 % | RAM App: 20467.5 MB | Sys Avail: 18464.9 MB / 65466.5 MB
[ "01:49:23.501" ][SystemMonitor] Stats Update: CPU App: 1.04167 % | Sys: 39.5833 % | RAM App: 20467.5 MB | Sys Avail: 18480.6 MB / 65466.5 MB
[ "01:49:24.504" ][SystemMonitor] Stats Update: CPU App: 1.82292 % | Sys: 41.9271 % | RAM App: 20464.8 MB | Sys Avail: 18460.4 MB / 65466.5 MB
TelemetryMonitor: Processed 300 frames. Current FPS: 66
[ "01:49:25.501" ][SystemMonitor] Stats Update: CPU App: 1.30208 % | Sys: 40.625 % | RAM App: 20457.3 MB | Sys Avail: 18484.4 MB / 65466.5 MB
[ "01:49:26.503" ][SystemMonitor] Stats Update: CPU App: 1.30208 % | Sys: 39.0625 % | RAM App: 20457.3 MB | Sys Avail: 18485.8 MB / 65466.5 MB
[ "01:49:27.501" ][SystemMonitor] Stats Update: CPU App: 1.5625 % | Sys: 42.7083 % | RAM App: 20457.3 MB | Sys Avail: 18473.1 MB / 65466.5 MB
[ "01:49:28.504" ][SystemMonitor] Stats Update: CPU App: 2.08333 % | Sys: 40.1042 % | RAM App: 20457.3 MB | Sys Avail: 18462.7 MB / 65466.5 MB
[ "01:49:29.501" ][SystemMonitor] Stats Update: CPU App: 2.34375 % | Sys: 64.3229 % | RAM App: 20457.3 MB | Sys Avail: 18481.3 MB / 65466.5 MB
TelemetryMonitor: Processed 300 frames. Current FPS: 62
[ "01:49:30.504" ][SystemMonitor] Stats Update: CPU App: 1.04167 % | Sys: 44.7917 % | RAM App: 20457.3 MB | Sys Avail: 18481.5 MB / 65466.5 MB
[ "01:49:31.502" ][SystemMonitor] Stats Update: CPU App: 1.30208 % | Sys: 38.8021 % | RAM App: 20457.3 MB | Sys Avail: 18462.8 MB / 65466.5 MB
[ "01:49:32.503" ][SystemMonitor] Stats Update: CPU App: 0.78125 % | Sys: 34.8958 % | RAM App: 20457.3 MB | Sys Avail: 18472.7 MB / 65466.5 MB
[ "01:49:33.502" ][SystemMonitor] Stats Update: CPU App: 1.30208 % | Sys: 42.4479 % | RAM App: 20457.3 MB | Sys Avail: 18478.6 MB / 65466.5 MB
[ "01:49:34.504" ][SystemMonitor] Stats Update: CPU App: 1.5625 % | Sys: 41.6667 % | RAM App: 20457.3 MB | Sys Avail: 18484.1 MB / 65466.5 MB
TelemetryMonitor: Processed 300 frames. Current FPS: 62
[ "01:49:35.501" ][SystemMonitor] Stats Update: CPU App: 1.30548 % | Sys: 37.859 % | RAM App: 20457.3 MB | Sys Avail: 18500.4 MB / 65466.5 MB
[ "01:49:36.500" ][SystemMonitor] Stats Update: CPU App: 1.2987 % | Sys: 49.3506 % | RAM App: 20457.3 MB | Sys Avail: 18481 MB / 65466.5 MB
[ "01:49:37.502" ][SystemMonitor] Stats Update: CPU App: 0.78125 % | Sys: 82.0313 % | RAM App: 20457.3 MB | Sys Avail: 18518.8 MB / 65466.5 MB
[ "01:49:38.503" ][SystemMonitor] Stats Update: CPU App: 1.04167 % | Sys: 58.5938 % | RAM App: 20457.3 MB | Sys Avail: 18573.5 MB / 65466.5 MB
[ "01:49:39.500" ][SystemMonitor] Stats Update: CPU App: 1.5625 % | Sys: 48.4375 % | RAM App: 20457.3 MB | Sys Avail: 18590.1 MB / 65466.5 MB
TelemetryMonitor: Processed 300 frames. Current FPS: 62
[ "01:49:40.503" ][SystemMonitor] Stats Update: CPU App: 1.04167 % | Sys: 38.8021 % | RAM App: 20457.3 MB | Sys Avail: 18607.5 MB / 65466.5 MB
[ "01:49:41.502" ][SystemMonitor] Stats Update: CPU App: 1.30208 % | Sys: 46.0938 % | RAM App: 20457.3 MB | Sys Avail: 18614.4 MB / 65466.5 MB
[ "01:49:42.504" ][SystemMonitor] Stats Update: CPU App: 1.82292 % | Sys: 41.9271 % | RAM App: 20457.3 MB | Sys Avail: 18615.2 MB / 65466.5 MB
[ "01:49:43.502" ][SystemMonitor] Stats Update: CPU App: 1.82292 % | Sys: 36.4583 % | RAM App: 20457.3 MB | Sys Avail: 18626 MB / 65466.5 MB
[ "01:49:44.503" ][SystemMonitor] Stats Update: CPU App: 2.60417 % | Sys: 45.3125 % | RAM App: 20457.3 MB | Sys Avail: 18608.5 MB / 65466.5 MB
TelemetryMonitor: Processed 300 frames. Current FPS: 62
[ "01:49:45.502" ][SystemMonitor] Stats Update: CPU App: 1.30208 % | Sys: 39.0625 % | RAM App: 20457.3 MB | Sys Avail: 18612.5 MB / 65466.5 MB
[ "01:49:46.505" ][SystemMonitor] Stats Update: CPU App: 1.82292 % | Sys: 40.625 % | RAM App: 20457.3 MB | Sys Avail: 18623.9 MB / 65466.5 MB
[ "01:49:47.501" ][SystemMonitor] Stats Update: CPU App: 0.520833 % | Sys: 37.5 % | RAM App: 20457.3 MB | Sys Avail: 18633.5 MB / 65466.5 MB
[ "01:49:48.504" ][SystemMonitor] Stats Update: CPU App: 1.30208 % | Sys: 42.1875 % | RAM App: 20457.3 MB | Sys Avail: 18638.6 MB / 65466.5 MB
[ "01:49:49.501" ][SystemMonitor] Stats Update: CPU App: 2.08333 % | Sys: 41.9271 % | RAM App: 20457.3 MB | Sys Avail: 18631.3 MB / 65466.5 MB
TelemetryMonitor: Processed 300 frames. Current FPS: 62
[ "01:49:50.500" ][SystemMonitor] Stats Update: CPU App: 1.5625 % | Sys: 66.4063 % | RAM App: 20457.3 MB | Sys Avail: 18641.6 MB / 65466.5 MB
[ "01:49:51.502" ][SystemMonitor] Stats Update: CPU App: 0.520833 % | Sys: 77.3438 % | RAM App: 20457.3 MB | Sys Avail: 18645.7 MB / 65466.5 MB
[ "01:49:52.503" ][SystemMonitor] Stats Update: CPU App: 1.30208 % | Sys: 69.2708 % | RAM App: 20457.3 MB | Sys Avail: 18620.9 MB / 65466.5 MB
[ "01:49:53.502" ][SystemMonitor] Stats Update: CPU App: 1.04167 % | Sys: 41.4063 % | RAM App: 20457.3 MB | Sys Avail: 18628.3 MB / 65466.5 MB
[ "01:49:54.504" ][SystemMonitor] Stats Update: CPU App: 1.04167 % | Sys: 37.2396 % | RAM App: 20457.3 MB | Sys Avail: 18643.6 MB / 65466.5 MB
TelemetryMonitor: Processed 300 frames. Current FPS: 62
[ "01:49:55.499" ][SystemMonitor] Stats Update: CPU App: 1.04167 % | Sys: 37.7604 % | RAM App: 20457.3 MB | Sys Avail: 18637 MB / 65466.5 MB
[ "01:49:56.503" ][SystemMonitor] Stats Update: CPU App: 1.04167 % | Sys: 40.1042 % | RAM App: 20457.3 MB | Sys Avail: 18644.9 MB / 65466.5 MB
[ "01:49:57.503" ][SystemMonitor] Stats Update: CPU App: 1.5625 % | Sys: 75 % | RAM App: 20457.3 MB | Sys Avail: 18636.2 MB / 65466.5 MB
[ "01:49:58.505" ][SystemMonitor] Stats Update: CPU App: 1.5625 % | Sys: 44.7917 % | RAM App: 20457.3 MB | Sys Avail: 18637 MB / 65466.5 MB
[ "01:49:59.502" ][SystemMonitor] Stats Update: CPU App: 1.5625 % | Sys: 39.8438 % | RAM App: 20457.3 MB | Sys Avail: 18637.6 MB / 65466.5 MB
TelemetryMonitor: Processed 300 frames. Current FPS: 62
[ "01:50:00.505" ][SystemMonitor] Stats Update: CPU App: 1.30208 % | Sys: 37.7604 % | RAM App: 20457.3 MB | Sys Avail: 18632.8 MB / 65466.5 MB
[ "01:50:01.502" ][SystemMonitor] Stats Update: CPU App: 0.78125 % | Sys: 35.6771 % | RAM App: 20457.3 MB | Sys Avail: 18669.3 MB / 65466.5 MB
[ "01:50:02.503" ][SystemMonitor] Stats Update: CPU App: 1.04167 % | Sys: 39.3229 % | RAM App: 20457.3 MB | Sys Avail: 18664.1 MB / 65466.5 MB
[ "01:50:03.501" ][SystemMonitor] Stats Update: CPU App: 1.04167 % | Sys: 38.0208 % | RAM App: 20457.3 MB | Sys Avail: 18675.8 MB / 65466.5 MB
[ "01:50:04.504" ][SystemMonitor] Stats Update: CPU App: 1.30208 % | Sys: 40.625 % | RAM App: 20457.3 MB | Sys Avail: 18676.2 MB / 65466.5 MB
TelemetryMonitor: Processed 300 frames. Current FPS: 62
[ "01:50:05.505" ][SystemMonitor] Stats Update: CPU App: 1.04167 % | Sys: 52.0833 % | RAM App: 20445.6 MB | Sys Avail: 18684.4 MB / 65466.5 MB
[ "01:50:06.504" ][SystemMonitor] Stats Update: CPU App: 1.5625 % | Sys: 52.8646 % | RAM App: 20438.3 MB | Sys Avail: 18706.4 MB / 65466.5 MB
[ "01:50:07.503" ][SystemMonitor] Stats Update: CPU App: 1.30208 % | Sys: 39.0625 % | RAM App: 20436.6 MB | Sys Avail: 18702.2 MB / 65466.5 MB
[ "01:50:08.504" ][SystemMonitor] Stats Update: CPU App: 1.5625 % | Sys: 39.8438 % | RAM App: 20400.3 MB | Sys Avail: 18719 MB / 65466.5 MB
[SystemMonitor] Resource Update: RAM: 20400.3 MB (Delta: -77.1328 ) | VRAM: 593.934 MB (Delta: 0 )
[ "01:50:09.502" ][SystemMonitor] Stats Update: CPU App: 0.78125 % | Sys: 35.9375 % | RAM App: 20375.7 MB | Sys Avail: 18730.8 MB / 65466.5 MB
TelemetryMonitor: Processed 300 frames. Current FPS: 62
[ "01:50:10.501" ][SystemMonitor] Stats Update: CPU App: 1.30208 % | Sys: 42.7083 % | RAM App: 20372.1 MB | Sys Avail: 18940.4 MB / 65466.5 MB
[ "01:50:11.505" ][SystemMonitor] Stats Update: CPU App: 0.520833 % | Sys: 55.4688 % | RAM App: 20372.1 MB | Sys Avail: 18817 MB / 65466.5 MB
[ "01:50:12.504" ][SystemMonitor] Stats Update: CPU App: 2.34375 % | Sys: 54.4271 % | RAM App: 20372.1 MB | Sys Avail: 18765.6 MB / 65466.5 MB
[ "01:50:13.501" ][SystemMonitor] Stats Update: CPU App: 1.30208 % | Sys: 50.5208 % | RAM App: 20372.1 MB | Sys Avail: 18786.1 MB / 65466.5 MB
[ "01:50:14.504" ][SystemMonitor] Stats Update: CPU App: 1.30208 % | Sys: 45.5729 % | RAM App: 20372.1 MB | Sys Avail: 18697.9 MB / 65466.5 MB
TelemetryMonitor: Processed 300 frames. Current FPS: 62
[ "01:50:15.502" ][SystemMonitor] Stats Update: CPU App: 1.04167 % | Sys: 52.0833 % | RAM App: 20372.1 MB | Sys Avail: 18814.8 MB / 65466.5 MB
[ "01:50:16.504" ][SystemMonitor] Stats Update: CPU App: 1.30208 % | Sys: 42.4479 % | RAM App: 20372.1 MB | Sys Avail: 18781.9 MB / 65466.5 MB
[ "01:50:17.502" ][SystemMonitor] Stats Update: CPU App: 1.04167 % | Sys: 42.1875 % | RAM App: 20372.1 MB | Sys Avail: 18722.6 MB / 65466.5 MB
[ "01:50:18.501" ][SystemMonitor] Stats Update: CPU App: 1.30208 % | Sys: 53.125 % | RAM App: 20372.1 MB | Sys Avail: 18711.7 MB / 65466.5 MB
[ "01:50:19.502" ][SystemMonitor] Stats Update: CPU App: 1.04167 % | Sys: 39.0625 % | RAM App: 20367.7 MB | Sys Avail: 18728.3 MB / 65466.5 MB
TelemetryMonitor: Processed 300 frames. Current FPS: 62
[ "01:50:20.503" ][SystemMonitor] Stats Update: CPU App: 1.04167 % | Sys: 42.7083 % | RAM App: 20367.7 MB | Sys Avail: 18711.4 MB / 65466.5 MB
[ "01:50:21.504" ][SystemMonitor] Stats Update: CPU App: 1.30208 % | Sys: 37.7604 % | RAM App: 20367.7 MB | Sys Avail: 18712.5 MB / 65466.5 MB
[ "01:50:22.503" ][SystemMonitor] Stats Update: CPU App: 1.82292 % | Sys: 43.75 % | RAM App: 20367.7 MB | Sys Avail: 18678.2 MB / 65466.5 MB
[ "01:50:23.502" ][SystemMonitor] Stats Update: CPU App: 1.04167 % | Sys: 37.7604 % | RAM App: 20362.1 MB | Sys Avail: 18687.9 MB / 65466.5 MB
[ "01:50:24.504" ][SystemMonitor] Stats Update: CPU App: 1.5625 % | Sys: 38.2813 % | RAM App: 20362.1 MB | Sys Avail: 18658.6 MB / 65466.5 MB
TelemetryMonitor: Processed 300 frames. Current FPS: 62
[ "01:50:25.501" ][SystemMonitor] Stats Update: CPU App: 1.5625 % | Sys: 38.2813 % | RAM App: 20343 MB | Sys Avail: 18685.2 MB / 65466.5 MB
[SystemMonitor] Resource Update: RAM: 20343 MB (Delta: -57.3789 ) | VRAM: 593.934 MB (Delta: 0 )
[ "01:50:26.504" ][SystemMonitor] Stats Update: CPU App: 1.30208 % | Sys: 38.2813 % | RAM App: 20302.4 MB | Sys Avail: 18704.1 MB / 65466.5 MB
[ "01:50:27.500" ][SystemMonitor] Stats Update: CPU App: 1.04167 % | Sys: 38.8021 % | RAM App: 20262.9 MB | Sys Avail: 18731.1 MB / 65466.5 MB
[SystemMonitor] Resource Update: RAM: 20262.9 MB (Delta: -80.1016 ) | VRAM: 593.934 MB (Delta: 0 )
[ "01:50:28.504" ][SystemMonitor] Stats Update: CPU App: 1.30208 % | Sys: 39.3229 % | RAM App: 20252.1 MB | Sys Avail: 18730.7 MB / 65466.5 MB
[ "01:50:29.506" ][SystemMonitor] Stats Update: CPU App: 1.04167 % | Sys: 49.4792 % | RAM App: 20212.6 MB | Sys Avail: 18736.4 MB / 65466.5 MB
[SystemMonitor] Resource Update: RAM: 20212.6 MB (Delta: -50.3125 ) | VRAM: 593.934 MB (Delta: 0 )
TelemetryMonitor: Processed 300 frames. Current FPS: 62
[ "01:50:30.501" ][SystemMonitor] Stats Update: CPU App: 1.30208 % | Sys: 67.1875 % | RAM App: 20212.6 MB | Sys Avail: 18701.4 MB / 65466.5 MB
[ "01:50:31.499" ][SystemMonitor] Stats Update: CPU App: 1.30208 % | Sys: 37.5 % | RAM App: 20202.4 MB | Sys Avail: 18764.1 MB / 65466.5 MB
[ "01:50:32.504" ][SystemMonitor] Stats Update: CPU App: 1.04167 % | Sys: 38.8021 % | RAM App: 20182.7 MB | Sys Avail: 18793.7 MB / 65466.5 MB
[ "01:50:33.501" ][SystemMonitor] Stats Update: CPU App: 1.04167 % | Sys: 38.5417 % | RAM App: 20182.7 MB | Sys Avail: 18815.8 MB / 65466.5 MB
[ "01:50:34.504" ][SystemMonitor] Stats Update: CPU App: 1.5625 % | Sys: 37.5 % | RAM App: 20169.9 MB | Sys Avail: 18826.4 MB / 65466.5 MB
TelemetryMonitor: Processed 300 frames. Current FPS: 62
[ "01:50:35.502" ][SystemMonitor] Stats Update: CPU App: 1.5625 % | Sys: 39.8438 % | RAM App: 20169.9 MB | Sys Avail: 18843.9 MB / 65466.5 MB
[ "01:50:36.504" ][SystemMonitor] Stats Update: CPU App: 1.82292 % | Sys: 42.4479 % | RAM App: 20169.9 MB | Sys Avail: 18845.1 MB / 65466.5 MB
[ "01:50:37.502" ][SystemMonitor] Stats Update: CPU App: 1.30208 % | Sys: 38.8021 % | RAM App: 20169.9 MB | Sys Avail: 18892.2 MB / 65466.5 MB
[ "01:50:38.504" ][SystemMonitor] Stats Update: CPU App: 1.04167 % | Sys: 40.1042 % | RAM App: 20169.9 MB | Sys Avail: 18892.2 MB / 65466.5 MB
[ "01:50:39.502" ][SystemMonitor] Stats Update: CPU App: 1.30208 % | Sys: 38.0208 % | RAM App: 20162.6 MB | Sys Avail: 18903.6 MB / 65466.5 MB
TelemetryMonitor: Processed 300 frames. Current FPS: 62
[ "01:50:40.503" ][SystemMonitor] Stats Update: CPU App: 1.30208 % | Sys: 52.0833 % | RAM App: 20162.6 MB | Sys Avail: 18790.4 MB / 65466.5 MB
[ "01:50:41.506" ][SystemMonitor] Stats Update: CPU App: 2.08333 % | Sys: 63.2813 % | RAM App: 20147.4 MB | Sys Avail: 18756.3 MB / 65466.5 MB
[SystemMonitor] Resource Update: RAM: 20147.4 MB (Delta: -65.125 ) | VRAM: 593.934 MB (Delta: 0 )
[ "01:50:42.504" ][SystemMonitor] Stats Update: CPU App: 1.30208 % | Sys: 55.2083 % | RAM App: 20147.4 MB | Sys Avail: 18721.8 MB / 65466.5 MB
[ "01:50:43.506" ][SystemMonitor] Stats Update: CPU App: 1.5625 % | Sys: 64.8438 % | RAM App: 20147.4 MB | Sys Avail: 18679 MB / 65466.5 MB
[ "01:50:44.504" ][SystemMonitor] Stats Update: CPU App: 1.5625 % | Sys: 66.6667 % | RAM App: 20147.4 MB | Sys Avail: 18623.6 MB / 65466.5 MB
TelemetryMonitor: Processed 300 frames. Current FPS: 62
[ "01:50:45.502" ][SystemMonitor] Stats Update: CPU App: 1.30208 % | Sys: 49.4792 % | RAM App: 20147.4 MB | Sys Avail: 18716.9 MB / 65466.5 MB
[ "01:50:46.499" ][SystemMonitor] Stats Update: CPU App: 1.5625 % | Sys: 40.3646 % | RAM App: 20147.4 MB | Sys Avail: 18711 MB / 65466.5 MB
[ "01:50:47.501" ][SystemMonitor] Stats Update: CPU App: 1.04167 % | Sys: 37.5 % | RAM App: 20147.4 MB | Sys Avail: 18723.9 MB / 65466.5 MB
[ "01:50:48.501" ][SystemMonitor] Stats Update: CPU App: 1.5625 % | Sys: 41.4063 % | RAM App: 20147.4 MB | Sys Avail: 18723.5 MB / 65466.5 MB
[ "01:50:49.502" ][SystemMonitor] Stats Update: CPU App: 0.78125 % | Sys: 45.5729 % | RAM App: 20147.4 MB | Sys Avail: 18691.7 MB / 65466.5 MB
TelemetryMonitor: Processed 300 frames. Current FPS: 62
[ "01:50:50.502" ][SystemMonitor] Stats Update: CPU App: 1.82292 % | Sys: 58.8542 % | RAM App: 20147 MB | Sys Avail: 18713.2 MB / 65466.5 MB
[ "01:50:51.501" ][SystemMonitor] Stats Update: CPU App: 1.5625 % | Sys: 67.4479 % | RAM App: 20147 MB | Sys Avail: 18708.7 MB / 65466.5 MB
[ "01:50:52.505" ][SystemMonitor] Stats Update: CPU App: 0.78125 % | Sys: 91.6667 % | RAM App: 20146.9 MB | Sys Avail: 18646.2 MB / 65466.5 MB
[ "01:50:53.507" ][SystemMonitor] Stats Update: CPU App: 1.5625 % | Sys: 88.0208 % | RAM App: 20146.9 MB | Sys Avail: 18680 MB / 65466.5 MB
[ "01:50:54.504" ][SystemMonitor] Stats Update: CPU App: 0.520833 % | Sys: 41.6667 % | RAM App: 20146.9 MB | Sys Avail: 18698.4 MB / 65466.5 MB
TelemetryMonitor: Processed 300 frames. Current FPS: 62
[ "01:50:55.501" ][SystemMonitor] Stats Update: CPU App: 1.30208 % | Sys: 37.2396 % | RAM App: 20146.9 MB | Sys Avail: 18683.2 MB / 65466.5 MB
[ "01:50:56.503" ][SystemMonitor] Stats Update: CPU App: 1.30208 % | Sys: 35.6771 % | RAM App: 20146.9 MB | Sys Avail: 18697.4 MB / 65466.5 MB
[ "01:50:57.502" ][SystemMonitor] Stats Update: CPU App: 1.5625 % | Sys: 39.3229 % | RAM App: 20146.9 MB | Sys Avail: 18709.2 MB / 65466.5 MB
[ "01:50:58.504" ][SystemMonitor] Stats Update: CPU App: 1.30208 % | Sys: 36.7188 % | RAM App: 20146.9 MB | Sys Avail: 18694.8 MB / 65466.5 MB
[ "01:50:59.502" ][SystemMonitor] Stats Update: CPU App: 1.04167 % | Sys: 58.0729 % | RAM App: 20146.9 MB | Sys Avail: 18699.6 MB / 65466.5 MB
TelemetryMonitor: Processed 300 frames. Current FPS: 62
[ "01:51:00.504" ][SystemMonitor] Stats Update: CPU App: 1.5625 % | Sys: 42.1875 % | RAM App: 20146.9 MB | Sys Avail: 18703 MB / 65466.5 MB
[ "01:51:01.502" ][SystemMonitor] Stats Update: CPU App: 1.30208 % | Sys: 46.0938 % | RAM App: 20146.9 MB | Sys Avail: 18683.4 MB / 65466.5 MB
[ "01:51:02.504" ][SystemMonitor] Stats Update: CPU App: 1.30208 % | Sys: 41.6667 % | RAM App: 20144.8 MB | Sys Avail: 18697 MB / 65466.5 MB
[ "01:51:03.502" ][SystemMonitor] Stats Update: CPU App: 1.04167 % | Sys: 37.7604 % | RAM App: 20143.7 MB | Sys Avail: 18727.5 MB / 65466.5 MB
[ "01:51:04.504" ][SystemMonitor] Stats Update: CPU App: 1.30208 % | Sys: 38.5417 % | RAM App: 20143.7 MB | Sys Avail: 18736.8 MB / 65466.5 MB
TelemetryMonitor: Processed 300 frames. Current FPS: 62
[ "01:51:05.502" ][SystemMonitor] Stats Update: CPU App: 1.04167 % | Sys: 33.5938 % | RAM App: 20143.7 MB | Sys Avail: 18733.3 MB / 65466.5 MB
[ "01:51:06.504" ][SystemMonitor] Stats Update: CPU App: 1.5625 % | Sys: 39.8438 % | RAM App: 20143.7 MB | Sys Avail: 18735.2 MB / 65466.5 MB
[ "01:51:07.502" ][SystemMonitor] Stats Update: CPU App: 1.82292 % | Sys: 44.2708 % | RAM App: 20143.2 MB | Sys Avail: 18737.8 MB / 65466.5 MB
[ "01:51:08.503" ][SystemMonitor] Stats Update: CPU App: 1.30208 % | Sys: 39.0625 % | RAM App: 20143.2 MB | Sys Avail: 18737.6 MB / 65466.5 MB
[ "01:51:09.502" ][SystemMonitor] Stats Update: CPU App: 1.5625 % | Sys: 34.8958 % | RAM App: 20143.2 MB | Sys Avail: 18757.4 MB / 65466.5 MB
TelemetryMonitor: Processed 300 frames. Current FPS: 62
[ "01:51:10.503" ][SystemMonitor] Stats Update: CPU App: 0.78125 % | Sys: 50.5208 % | RAM App: 20143.2 MB | Sys Avail: 18808.1 MB / 65466.5 MB
[ "01:51:11.502" ][SystemMonitor] Stats Update: CPU App: 2.08333 % | Sys: 40.1042 % | RAM App: 20143.2 MB | Sys Avail: 18800.5 MB / 65466.5 MB
[ "01:51:12.500" ][SystemMonitor] Stats Update: CPU App: 1.04167 % | Sys: 37.7604 % | RAM App: 20143.2 MB | Sys Avail: 18810.1 MB / 65466.5 MB
[ "01:51:13.502" ][SystemMonitor] Stats Update: CPU App: 1.04167 % | Sys: 42.7083 % | RAM App: 20143.2 MB | Sys Avail: 18799.2 MB / 65466.5 MB
[ "01:51:14.504" ][SystemMonitor] Stats Update: CPU App: 1.04167 % | Sys: 46.3542 % | RAM App: 20143.2 MB | Sys Avail: 18777.4 MB / 65466.5 MB
TelemetryMonitor: Processed 300 frames. Current FPS: 62
[ "01:51:15.502" ][SystemMonitor] Stats Update: CPU App: 1.82292 % | Sys: 40.1042 % | RAM App: 20143.2 MB | Sys Avail: 18783.9 MB / 65466.5 MB
[ "01:51:16.500" ][SystemMonitor] Stats Update: CPU App: 1.30208 % | Sys: 46.6146 % | RAM App: 20143.2 MB | Sys Avail: 18773.1 MB / 65466.5 MB
[ "01:51:17.500" ][SystemMonitor] Stats Update: CPU App: 1.5625 % | Sys: 38.8021 % | RAM App: 20143.2 MB | Sys Avail: 18768.9 MB / 65466.5 MB
[ "01:51:18.503" ][SystemMonitor] Stats Update: CPU App: 1.82292 % | Sys: 46.875 % | RAM App: 20143.2 MB | Sys Avail: 18687.1 MB / 65466.5 MB
[ "01:51:19.508" ][SystemMonitor] Stats Update: CPU App: 1.30208 % | Sys: 49.7396 % | RAM App: 20143.2 MB | Sys Avail: 18722 MB / 65466.5 MB
TelemetryMonitor: Processed 300 frames. Current FPS: 62
[ "01:51:20.504" ][SystemMonitor] Stats Update: CPU App: 0.78125 % | Sys: 42.1875 % | RAM App: 20143.2 MB | Sys Avail: 18711.5 MB / 65466.5 MB
[ "01:51:21.502" ][SystemMonitor] Stats Update: CPU App: 0.78125 % | Sys: 50.5208 % | RAM App: 20143.2 MB | Sys Avail: 18684.3 MB / 65466.5 MB
[ "01:51:22.503" ][SystemMonitor] Stats Update: CPU App: 1.04167 % | Sys: 38.0208 % | RAM App: 20143.2 MB | Sys Avail: 18708.4 MB / 65466.5 MB
[ "01:51:23.502" ][SystemMonitor] Stats Update: CPU App: 1.30208 % | Sys: 35.6771 % | RAM App: 20143.2 MB | Sys Avail: 18721.5 MB / 65466.5 MB
[ "01:51:24.505" ][SystemMonitor] Stats Update: CPU App: 1.30208 % | Sys: 35.6771 % | RAM App: 20143.2 MB | Sys Avail: 18738.7 MB / 65466.5 MB
TelemetryMonitor: Processed 300 frames. Current FPS: 62
[ "01:51:25.501" ][SystemMonitor] Stats Update: CPU App: 1.30548 % | Sys: 40.9922 % | RAM App: 20143.2 MB | Sys Avail: 18745.6 MB / 65466.5 MB
[ "01:51:26.505" ][SystemMonitor] Stats Update: CPU App: 1.55844 % | Sys: 41.039 % | RAM App: 20143.2 MB | Sys Avail: 18739.9 MB / 65466.5 MB
[ "01:51:27.502" ][SystemMonitor] Stats Update: CPU App: 1.5625 % | Sys: 45.3125 % | RAM App: 20143.2 MB | Sys Avail: 18717.8 MB / 65466.5 MB
[ "01:51:28.504" ][SystemMonitor] Stats Update: CPU App: 1.04167 % | Sys: 35.4167 % | RAM App: 20143.2 MB | Sys Avail: 18720.1 MB / 65466.5 MB
[ "01:51:29.502" ][SystemMonitor] Stats Update: CPU App: 2.60417 % | Sys: 36.9792 % | RAM App: 20143.2 MB | Sys Avail: 18725.7 MB / 65466.5 MB
TelemetryMonitor: Processed 300 frames. Current FPS: 62
[ "01:51:30.504" ][SystemMonitor] Stats Update: CPU App: 1.5625 % | Sys: 41.6667 % | RAM App: 20143.2 MB | Sys Avail: 18714.2 MB / 65466.5 MB
[ "01:51:31.502" ][SystemMonitor] Stats Update: CPU App: 1.5625 % | Sys: 38.0208 % | RAM App: 20143.2 MB | Sys Avail: 18707 MB / 65466.5 MB
[ "01:51:32.503" ][SystemMonitor] Stats Update: CPU App: 1.04167 % | Sys: 37.7604 % | RAM App: 20143.2 MB | Sys Avail: 18725.4 MB / 65466.5 MB
[ "01:51:33.501" ][SystemMonitor] Stats Update: CPU App: 1.82292 % | Sys: 39.5833 % | RAM App: 20143.2 MB | Sys Avail: 18724.5 MB / 65466.5 MB
[ "01:51:34.504" ][SystemMonitor] Stats Update: CPU App: 1.30208 % | Sys: 35.9375 % | RAM App: 20143.2 MB | Sys Avail: 18712.1 MB / 65466.5 MB
TelemetryMonitor: Processed 300 frames. Current FPS: 62
[ "01:51:35.502" ][SystemMonitor] Stats Update: CPU App: 1.5625 % | Sys: 44.2708 % | RAM App: 20143.2 MB | Sys Avail: 18731.9 MB / 65466.5 MB
[ "01:51:36.504" ][SystemMonitor] Stats Update: CPU App: 1.04167 % | Sys: 35.6771 % | RAM App: 20143.2 MB | Sys Avail: 18728.3 MB / 65466.5 MB
[ "01:51:37.504" ][SystemMonitor] Stats Update: CPU App: 1.04167 % | Sys: 39.0625 % | RAM App: 20143.2 MB | Sys Avail: 18725.2 MB / 65466.5 MB
[ "01:51:38.503" ][SystemMonitor] Stats Update: CPU App: 2.08333 % | Sys: 38.8021 % | RAM App: 20143.2 MB | Sys Avail: 18779.6 MB / 65466.5 MB
[ "01:51:39.503" ][SystemMonitor] Stats Update: CPU App: 0.78125 % | Sys: 36.7188 % | RAM App: 20143.2 MB | Sys Avail: 18788.3 MB / 65466.5 MB
TelemetryMonitor: Processed 300 frames. Current FPS: 62
[ "01:51:40.556" ][SystemMonitor] Stats Update: CPU App: 1.00251 % | Sys: 42.7861 % | RAM App: 20143.2 MB | Sys Avail: 18781.4 MB / 65466.5 MB
[ "01:51:41.503" ][SystemMonitor] Stats Update: CPU App: 1.62602 % | Sys: 41.2568 % | RAM App: 20143.2 MB | Sys Avail: 18800.7 MB / 65466.5 MB
[ "01:51:42.504" ][SystemMonitor] Stats Update: CPU App: 1.5625 % | Sys: 41.6667 % | RAM App: 20143.2 MB | Sys Avail: 18802.4 MB / 65466.5 MB
[ "01:51:43.508" ][SystemMonitor] Stats Update: CPU App: 0.78125 % | Sys: 45.3125 % | RAM App: 20143.2 MB | Sys Avail: 18788.6 MB / 65466.5 MB
[ "01:51:44.504" ][SystemMonitor] Stats Update: CPU App: 0.78125 % | Sys: 45.5729 % | RAM App: 20143.3 MB | Sys Avail: 18789.3 MB / 65466.5 MB
TelemetryMonitor: Processed 300 frames. Current FPS: 62
[ "01:51:45.502" ][SystemMonitor] Stats Update: CPU App: 1.5625 % | Sys: 39.5833 % | RAM App: 20143.3 MB | Sys Avail: 18781.7 MB / 65466.5 MB
[ "01:51:46.503" ][SystemMonitor] Stats Update: CPU App: 0.78125 % | Sys: 38.0208 % | RAM App: 20143.3 MB | Sys Avail: 18786.3 MB / 65466.5 MB
[ "01:51:47.501" ][SystemMonitor] Stats Update: CPU App: 1.82292 % | Sys: 39.5833 % | RAM App: 20143.3 MB | Sys Avail: 18802 MB / 65466.5 MB
[ "01:51:48.503" ][SystemMonitor] Stats Update: CPU App: 1.5625 % | Sys: 48.1771 % | RAM App: 20143.3 MB | Sys Avail: 18836.6 MB / 65466.5 MB
[ "01:51:49.501" ][SystemMonitor] Stats Update: CPU App: 0.78125 % | Sys: 35.6771 % | RAM App: 20143.4 MB | Sys Avail: 18856.5 MB / 65466.5 MB
TelemetryMonitor: Processed 300 frames. Current FPS: 62
[ "01:51:50.503" ][SystemMonitor] Stats Update: CPU App: 1.30208 % | Sys: 44.2708 % | RAM App: 20143.4 MB | Sys Avail: 18882.8 MB / 65466.5 MB
[ "01:51:51.503" ][SystemMonitor] Stats Update: CPU App: 1.30208 % | Sys: 60.9375 % | RAM App: 20143.4 MB | Sys Avail: 18883.6 MB / 65466.5 MB
[ "01:51:52.504" ][SystemMonitor] Stats Update: CPU App: 1.82292 % | Sys: 71.0938 % | RAM App: 20143.4 MB | Sys Avail: 18863.8 MB / 65466.5 MB
[ "01:51:53.501" ][SystemMonitor] Stats Update: CPU App: 1.82292 % | Sys: 86.9792 % | RAM App: 20143.4 MB | Sys Avail: 18850.4 MB / 65466.5 MB
[ "01:51:54.500" ][SystemMonitor] Stats Update: CPU App: 1.82292 % | Sys: 41.6667 % | RAM App: 20143.5 MB | Sys Avail: 18863.8 MB / 65466.5 MB
TelemetryMonitor: Processed 300 frames. Current FPS: 62
[ "01:51:55.501" ][SystemMonitor] Stats Update: CPU App: 1.30208 % | Sys: 40.625 % | RAM App: 20143.5 MB | Sys Avail: 18861.1 MB / 65466.5 MB
[ "01:51:56.502" ][SystemMonitor] Stats Update: CPU App: 1.82292 % | Sys: 39.3229 % | RAM App: 20143.5 MB | Sys Avail: 18877.9 MB / 65466.5 MB
[ "01:51:57.499" ][SystemMonitor] Stats Update: CPU App: 1.30208 % | Sys: 35.4167 % | RAM App: 20143.5 MB | Sys Avail: 18899.1 MB / 65466.5 MB
[ "01:51:58.499" ][SystemMonitor] Stats Update: CPU App: 1.5625 % | Sys: 47.9167 % | RAM App: 20143.5 MB | Sys Avail: 18910.3 MB / 65466.5 MB
[ "01:51:59.503" ][SystemMonitor] Stats Update: CPU App: 1.30208 % | Sys: 39.5833 % | RAM App: 20143.6 MB | Sys Avail: 18910.5 MB / 65466.5 MB
TelemetryMonitor: Processed 300 frames. Current FPS: 62
[ "01:52:00.504" ][SystemMonitor] Stats Update: CPU App: 0.78125 % | Sys: 41.9271 % | RAM App: 20143.6 MB | Sys Avail: 18890.9 MB / 65466.5 MB
[ "01:52:01.501" ][SystemMonitor] Stats Update: CPU App: 1.30208 % | Sys: 36.1979 % | RAM App: 20143.6 MB | Sys Avail: 18886.5 MB / 65466.5 MB
[ "01:52:02.504" ][SystemMonitor] Stats Update: CPU App: 1.30208 % | Sys: 40.625 % | RAM App: 20143.6 MB | Sys Avail: 18892.6 MB / 65466.5 MB
[ "01:52:03.503" ][SystemMonitor] Stats Update: CPU App: 1.82292 % | Sys: 75.2604 % | RAM App: 20143.7 MB | Sys Avail: 18857.3 MB / 65466.5 MB
[ "01:52:04.505" ][SystemMonitor] Stats Update: CPU App: 1.30208 % | Sys: 44.7917 % | RAM App: 20143.7 MB | Sys Avail: 18870.7 MB / 65466.5 MB
TelemetryMonitor: Processed 300 frames. Current FPS: 62
[ "01:52:05.501" ][SystemMonitor] Stats Update: CPU App: 1.04439 % | Sys: 34.2037 % | RAM App: 20143.7 MB | Sys Avail: 18871.4 MB / 65466.5 MB
[ "01:52:06.504" ][SystemMonitor] Stats Update: CPU App: 1.03896 % | Sys: 34.8052 % | RAM App: 20143.7 MB | Sys Avail: 18873.5 MB / 65466.5 MB
[ "01:52:07.501" ][SystemMonitor] Stats Update: CPU App: 1.5625 % | Sys: 37.7604 % | RAM App: 20143.7 MB | Sys Avail: 18888 MB / 65466.5 MB
[ "01:52:08.503" ][SystemMonitor] Stats Update: CPU App: 2.08333 % | Sys: 39.8438 % | RAM App: 20143.8 MB | Sys Avail: 18880.4 MB / 65466.5 MB
[ "01:52:09.503" ][SystemMonitor] Stats Update: CPU App: 1.5625 % | Sys: 38.0208 % | RAM App: 20143.8 MB | Sys Avail: 18898.7 MB / 65466.5 MB
TelemetryMonitor: Processed 300 frames. Current FPS: 62
[ "01:52:10.503" ][SystemMonitor] Stats Update: CPU App: 1.5625 % | Sys: 40.625 % | RAM App: 20143.8 MB | Sys Avail: 18897.3 MB / 65466.5 MB
[ "01:52:11.502" ][SystemMonitor] Stats Update: CPU App: 1.82292 % | Sys: 51.8229 % | RAM App: 20143.8 MB | Sys Avail: 18868.9 MB / 65466.5 MB
[ "01:52:12.504" ][SystemMonitor] Stats Update: CPU App: 0.78125 % | Sys: 58.0729 % | RAM App: 20143.8 MB | Sys Avail: 18895.6 MB / 65466.5 MB
[ "01:52:13.502" ][SystemMonitor] Stats Update: CPU App: 1.04167 % | Sys: 58.0729 % | RAM App: 20143.9 MB | Sys Avail: 18926.4 MB / 65466.5 MB
[ "01:52:14.504" ][SystemMonitor] Stats Update: CPU App: 1.04167 % | Sys: 43.4896 % | RAM App: 20143.9 MB | Sys Avail: 18915.9 MB / 65466.5 MB
TelemetryMonitor: Processed 300 frames. Current FPS: 62
[ "01:52:15.502" ][SystemMonitor] Stats Update: CPU App: 1.04167 % | Sys: 39.8438 % | RAM App: 20143.9 MB | Sys Avail: 18936.1 MB / 65466.5 MB
[ "01:52:16.504" ][SystemMonitor] Stats Update: CPU App: 2.34375 % | Sys: 42.7083 % | RAM App: 20143.9 MB | Sys Avail: 18945 MB / 65466.5 MB
[ "01:52:17.502" ][SystemMonitor] Stats Update: CPU App: 0.78125 % | Sys: 37.5 % | RAM App: 20143.9 MB | Sys Avail: 18933.7 MB / 65466.5 MB
[ "01:52:18.504" ][SystemMonitor] Stats Update: CPU App: 0.520833 % | Sys: 44.0104 % | RAM App: 20144 MB | Sys Avail: 18923.9 MB / 65466.5 MB
[ "01:52:19.501" ][SystemMonitor] Stats Update: CPU App: 1.5625 % | Sys: 40.8854 % | RAM App: 20144 MB | Sys Avail: 18866.2 MB / 65466.5 MB
TelemetryMonitor: Processed 300 frames. Current FPS: 62
[ "01:52:20.503" ][SystemMonitor] Stats Update: CPU App: 1.04167 % | Sys: 39.0625 % | RAM App: 20144 MB | Sys Avail: 18875.6 MB / 65466.5 MB
[ "01:52:21.502" ][SystemMonitor] Stats Update: CPU App: 0.520833 % | Sys: 35.4167 % | RAM App: 20144 MB | Sys Avail: 18869.8 MB / 65466.5 MB
[ "01:52:22.504" ][SystemMonitor] Stats Update: CPU App: 0.520833 % | Sys: 38.0208 % | RAM App: 20144 MB | Sys Avail: 18875.4 MB / 65466.5 MB
[ "01:52:23.501" ][SystemMonitor] Stats Update: CPU App: 1.04167 % | Sys: 37.2396 % | RAM App: 20144.1 MB | Sys Avail: 18867.1 MB / 65466.5 MB
[ "01:52:24.505" ][SystemMonitor] Stats Update: CPU App: 1.04167 % | Sys: 39.0625 % | RAM App: 20144.1 MB | Sys Avail: 18873.4 MB / 65466.5 MB
TelemetryMonitor: Processed 300 frames. Current FPS: 62
[ "01:52:25.503" ][SystemMonitor] Stats Update: CPU App: 0.520833 % | Sys: 36.7188 % | RAM App: 20144.1 MB | Sys Avail: 18880.8 MB / 65466.5 MB
[ "01:52:26.504" ][SystemMonitor] Stats Update: CPU App: 0.78125 % | Sys: 39.0625 % | RAM App: 20144.1 MB | Sys Avail: 18868.9 MB / 65466.5 MB
[ "01:52:27.502" ][SystemMonitor] Stats Update: CPU App: 1.30208 % | Sys: 43.2292 % | RAM App: 20144.2 MB | Sys Avail: 18859.2 MB / 65466.5 MB
[ "01:52:28.503" ][SystemMonitor] Stats Update: CPU App: 1.04167 % | Sys: 38.5417 % | RAM App: 20144.2 MB | Sys Avail: 18881.8 MB / 65466.5 MB
[ "01:52:29.502" ][SystemMonitor] Stats Update: CPU App: 1.5625 % | Sys: 72.3958 % | RAM App: 20144.2 MB | Sys Avail: 18848.3 MB / 65466.5 MB
TelemetryMonitor: Processed 300 frames. Current FPS: 62
[ "01:52:30.504" ][SystemMonitor] Stats Update: CPU App: 1.5625 % | Sys: 39.3229 % | RAM App: 20144.2 MB | Sys Avail: 18843.9 MB / 65466.5 MB
[ "01:52:31.503" ][SystemMonitor] Stats Update: CPU App: 0.78125 % | Sys: 42.9688 % | RAM App: 20144.2 MB | Sys Avail: 19113.6 MB / 65466.5 MB
[ "01:52:32.504" ][SystemMonitor] Stats Update: CPU App: 1.30208 % | Sys: 51.0417 % | RAM App: 20144.3 MB | Sys Avail: 18961.4 MB / 65466.5 MB
[ "01:52:33.504" ][SystemMonitor] Stats Update: CPU App: 1.04167 % | Sys: 52.8646 % | RAM App: 20144.3 MB | Sys Avail: 18936.6 MB / 65466.5 MB
[ "01:52:34.502" ][SystemMonitor] Stats Update: CPU App: 1.5625 % | Sys: 54.1667 % | RAM App: 20144.3 MB | Sys Avail: 18999.8 MB / 65466.5 MB
TelemetryMonitor: Processed 300 frames. Current FPS: 62
[ "01:52:35.501" ][SystemMonitor] Stats Update: CPU App: 1.04167 % | Sys: 47.1354 % | RAM App: 20144.3 MB | Sys Avail: 18945.2 MB / 65466.5 MB
[ "01:52:36.501" ][SystemMonitor] Stats Update: CPU App: 1.30208 % | Sys: 49.4792 % | RAM App: 20144.4 MB | Sys Avail: 18978 MB / 65466.5 MB
[ "01:52:37.501" ][SystemMonitor] Stats Update: CPU App: 1.04167 % | Sys: 51.8229 % | RAM App: 20144.4 MB | Sys Avail: 18968.7 MB / 65466.5 MB
[ "01:52:38.504" ][SystemMonitor] Stats Update: CPU App: 1.30208 % | Sys: 48.1771 % | RAM App: 20144.4 MB | Sys Avail: 18997.5 MB / 65466.5 MB
[ "01:52:39.501" ][SystemMonitor] Stats Update: CPU App: 1.5625 % | Sys: 41.6667 % | RAM App: 20144.4 MB | Sys Avail: 19073 MB / 65466.5 MB
TelemetryMonitor: Processed 300 frames. Current FPS: 62
[ "01:52:40.504" ][SystemMonitor] Stats Update: CPU App: 1.5625 % | Sys: 51.8229 % | RAM App: 20144.4 MB | Sys Avail: 18971.6 MB / 65466.5 MB
[ "01:52:41.507" ][SystemMonitor] Stats Update: CPU App: 1.82292 % | Sys: 56.7708 % | RAM App: 20144.5 MB | Sys Avail: 18892.3 MB / 65466.5 MB
[ "01:52:42.504" ][SystemMonitor] Stats Update: CPU App: 1.82292 % | Sys: 53.3854 % | RAM App: 20144.5 MB | Sys Avail: 18890.1 MB / 65466.5 MB
[ "01:52:43.502" ][SystemMonitor] Stats Update: CPU App: 1.82292 % | Sys: 48.1771 % | RAM App: 20144.5 MB | Sys Avail: 18879 MB / 65466.5 MB
[ "01:52:44.504" ][SystemMonitor] Stats Update: CPU App: 1.5625 % | Sys: 53.9063 % | RAM App: 20144.5 MB | Sys Avail: 18778.6 MB / 65466.5 MB
TelemetryMonitor: Processed 300 frames. Current FPS: 62
[ "01:52:45.501" ][SystemMonitor] Stats Update: CPU App: 1.5625 % | Sys: 54.9479 % | RAM App: 20144.6 MB | Sys Avail: 18832.6 MB / 65466.5 MB
[ "01:52:46.505" ][SystemMonitor] Stats Update: CPU App: 1.82292 % | Sys: 46.875 % | RAM App: 20144.6 MB | Sys Avail: 18788.8 MB / 65466.5 MB
[ "01:52:47.502" ][SystemMonitor] Stats Update: CPU App: 0.78125 % | Sys: 41.6667 % | RAM App: 20144.6 MB | Sys Avail: 18802 MB / 65466.5 MB
[ "01:52:48.504" ][SystemMonitor] Stats Update: CPU App: 2.08333 % | Sys: 50.5208 % | RAM App: 20144.6 MB | Sys Avail: 18804.9 MB / 65466.5 MB
[ "01:52:49.503" ][SystemMonitor] Stats Update: CPU App: 1.5625 % | Sys: 46.6146 % | RAM App: 20144.7 MB | Sys Avail: 18813.7 MB / 65466.5 MB
TelemetryMonitor: Processed 300 frames. Current FPS: 62
[ "01:52:50.504" ][SystemMonitor] Stats Update: CPU App: 0.78125 % | Sys: 42.1875 % | RAM App: 20144.7 MB | Sys Avail: 18805.4 MB / 65466.5 MB
[ "01:52:51.502" ][SystemMonitor] Stats Update: CPU App: 1.82292 % | Sys: 68.4896 % | RAM App: 20144.7 MB | Sys Avail: 18809.4 MB / 65466.5 MB
[ "01:52:52.504" ][SystemMonitor] Stats Update: CPU App: 1.30208 % | Sys: 61.9792 % | RAM App: 20144.7 MB | Sys Avail: 18810.6 MB / 65466.5 MB
[ "01:52:53.502" ][SystemMonitor] Stats Update: CPU App: 1.30208 % | Sys: 82.2917 % | RAM App: 20144.8 MB | Sys Avail: 18812.2 MB / 65466.5 MB
[ "01:52:54.504" ][SystemMonitor] Stats Update: CPU App: 1.5625 % | Sys: 60.6771 % | RAM App: 20144.8 MB | Sys Avail: 18826.8 MB / 65466.5 MB
TelemetryMonitor: Processed 300 frames. Current FPS: 62
[ "01:52:55.500" ][SystemMonitor] Stats Update: CPU App: 1.04167 % | Sys: 36.7188 % | RAM App: 20144.8 MB | Sys Avail: 18818.7 MB / 65466.5 MB
[ "01:52:56.504" ][SystemMonitor] Stats Update: CPU App: 1.30208 % | Sys: 47.1354 % | RAM App: 20144.8 MB | Sys Avail: 18846.1 MB / 65466.5 MB
[ "01:52:57.502" ][SystemMonitor] Stats Update: CPU App: 1.5625 % | Sys: 40.625 % | RAM App: 20144.8 MB | Sys Avail: 18845.1 MB / 65466.5 MB
[ "01:52:58.503" ][SystemMonitor] Stats Update: CPU App: 1.82292 % | Sys: 34.375 % | RAM App: 20144.9 MB | Sys Avail: 18844.4 MB / 65466.5 MB
[ "01:52:59.502" ][SystemMonitor] Stats Update: CPU App: 1.82292 % | Sys: 43.2292 % | RAM App: 20144.9 MB | Sys Avail: 18849.7 MB / 65466.5 MB
TelemetryMonitor: Processed 300 frames. Current FPS: 62
[ "01:53:00.504" ][SystemMonitor] Stats Update: CPU App: 1.30208 % | Sys: 40.625 % | RAM App: 20144.9 MB | Sys Avail: 18849.5 MB / 65466.5 MB
[ "01:53:01.502" ][SystemMonitor] Stats Update: CPU App: 1.56658 % | Sys: 40.9922 % | RAM App: 20144.9 MB | Sys Avail: 18837.2 MB / 65466.5 MB
[ "01:53:02.504" ][SystemMonitor] Stats Update: CPU App: 2.33766 % | Sys: 52.7273 % | RAM App: 20144.9 MB | Sys Avail: 18867.9 MB / 65466.5 MB
[ "01:53:03.502" ][SystemMonitor] Stats Update: CPU App: 2.08333 % | Sys: 41.4063 % | RAM App: 20145 MB | Sys Avail: 18874.2 MB / 65466.5 MB
[ "01:53:04.504" ][SystemMonitor] Stats Update: CPU App: 1.82292 % | Sys: 41.9271 % | RAM App: 20145 MB | Sys Avail: 18869.1 MB / 65466.5 MB
TelemetryMonitor: Processed 300 frames. Current FPS: 62
[ "01:53:05.500" ][SystemMonitor] Stats Update: CPU App: 1.30208 % | Sys: 40.625 % | RAM App: 20145 MB | Sys Avail: 18865.4 MB / 65466.5 MB
[ "01:53:06.500" ][SystemMonitor] Stats Update: CPU App: 1.30208 % | Sys: 61.9792 % | RAM App: 20145 MB | Sys Avail: 18804.3 MB / 65466.5 MB
[ "01:53:07.503" ][SystemMonitor] Stats Update: CPU App: 1.30208 % | Sys: 59.375 % | RAM App: 20143.1 MB | Sys Avail: 18833.1 MB / 65466.5 MB
[ "01:53:08.502" ][SystemMonitor] Stats Update: CPU App: 1.04167 % | Sys: 39.0625 % | RAM App: 20143.1 MB | Sys Avail: 18839.6 MB / 65466.5 MB
[ "01:53:09.503" ][SystemMonitor] Stats Update: CPU App: 1.04167 % | Sys: 39.5833 % | RAM App: 20143.1 MB | Sys Avail: 18841.5 MB / 65466.5 MB
TelemetryMonitor: Processed 300 frames. Current FPS: 62
[ "01:53:10.503" ][SystemMonitor] Stats Update: CPU App: 1.30208 % | Sys: 46.0938 % | RAM App: 20143.1 MB | Sys Avail: 18890.3 MB / 65466.5 MB
[ "01:53:11.502" ][SystemMonitor] Stats Update: CPU App: 1.5625 % | Sys: 39.3229 % | RAM App: 20143.1 MB | Sys Avail: 18912.2 MB / 65466.5 MB
[ "01:53:12.504" ][SystemMonitor] Stats Update: CPU App: 1.82292 % | Sys: 40.8854 % | RAM App: 20143.1 MB | Sys Avail: 18909.5 MB / 65466.5 MB
[ "01:53:13.502" ][SystemMonitor] Stats Update: CPU App: 1.82292 % | Sys: 83.0729 % | RAM App: 20143.2 MB | Sys Avail: 18848.8 MB / 65466.5 MB
[ "01:53:14.503" ][SystemMonitor] Stats Update: CPU App: 1.30208 % | Sys: 42.7083 % | RAM App: 20143.2 MB | Sys Avail: 18876.3 MB / 65466.5 MB
TelemetryMonitor: Processed 300 frames. Current FPS: 62
[ "01:53:15.500" ][SystemMonitor] Stats Update: CPU App: 1.04167 % | Sys: 39.3229 % | RAM App: 20143.2 MB | Sys Avail: 18892.4 MB / 65466.5 MB
[ "01:53:16.499" ][SystemMonitor] Stats Update: CPU App: 1.82292 % | Sys: 40.625 % | RAM App: 20143.2 MB | Sys Avail: 18877.8 MB / 65466.5 MB
[ "01:53:17.502" ][SystemMonitor] Stats Update: CPU App: 1.30208 % | Sys: 38.5417 % | RAM App: 20143.2 MB | Sys Avail: 18871.6 MB / 65466.5 MB
[ "01:53:18.505" ][SystemMonitor] Stats Update: CPU App: 1.5625 % | Sys: 38.5417 % | RAM App: 20143.2 MB | Sys Avail: 18882.1 MB / 65466.5 MB
[ "01:53:19.501" ][SystemMonitor] Stats Update: CPU App: 1.30208 % | Sys: 44.7917 % | RAM App: 20143.2 MB | Sys Avail: 18805.1 MB / 65466.5 MB
TelemetryMonitor: Processed 300 frames. Current FPS: 62
[ "01:53:20.504" ][SystemMonitor] Stats Update: CPU App: 0.260417 % | Sys: 58.5938 % | RAM App: 20143.2 MB | Sys Avail: 18809.5 MB / 65466.5 MB
[ "01:53:21.502" ][SystemMonitor] Stats Update: CPU App: 1.5625 % | Sys: 57.5521 % | RAM App: 20143.2 MB | Sys Avail: 18837.1 MB / 65466.5 MB
[ "01:53:22.504" ][SystemMonitor] Stats Update: CPU App: 1.30208 % | Sys: 48.1771 % | RAM App: 20143.2 MB | Sys Avail: 18850.9 MB / 65466.5 MB
[ "01:53:23.506" ][SystemMonitor] Stats Update: CPU App: 0.520833 % | Sys: 49.7396 % | RAM App: 20143.2 MB | Sys Avail: 18836.8 MB / 65466.5 MB
[ "01:53:24.504" ][SystemMonitor] Stats Update: CPU App: 1.5625 % | Sys: 40.8854 % | RAM App: 20143.2 MB | Sys Avail: 18832.1 MB / 65466.5 MB
TelemetryMonitor: Processed 300 frames. Current FPS: 62
[ "01:53:25.502" ][SystemMonitor] Stats Update: CPU App: 1.04167 % | Sys: 38.2813 % | RAM App: 20143.2 MB | Sys Avail: 18825 MB / 65466.5 MB
[ "01:53:26.504" ][SystemMonitor] Stats Update: CPU App: 0.78125 % | Sys: 38.5417 % | RAM App: 20143.2 MB | Sys Avail: 18830.2 MB / 65466.5 MB
[ "01:53:27.503" ][SystemMonitor] Stats Update: CPU App: 1.5625 % | Sys: 36.9792 % | RAM App: 20143.2 MB | Sys Avail: 18834.3 MB / 65466.5 MB
[ "01:53:28.500" ][SystemMonitor] Stats Update: CPU App: 0.78125 % | Sys: 38.2813 % | RAM App: 20143.2 MB | Sys Avail: 18835.9 MB / 65466.5 MB
[ "01:53:29.501" ][SystemMonitor] Stats Update: CPU App: 0.78125 % | Sys: 56.7708 % | RAM App: 20143.2 MB | Sys Avail: 18815.2 MB / 65466.5 MB
TelemetryMonitor: Processed 300 frames. Current FPS: 62
[ "01:53:30.505" ][SystemMonitor] Stats Update: CPU App: 0.260417 % | Sys: 36.1979 % | RAM App: 20143.2 MB | Sys Avail: 18825.3 MB / 65466.5 MB
[ "01:53:31.501" ][SystemMonitor] Stats Update: CPU App: 1.04167 % | Sys: 39.3229 % | RAM App: 20143.2 MB | Sys Avail: 18817.8 MB / 65466.5 MB
[ "01:53:32.504" ][SystemMonitor] Stats Update: CPU App: 0.260417 % | Sys: 33.8542 % | RAM App: 20143.2 MB | Sys Avail: 18846.5 MB / 65466.5 MB
[ "01:53:33.503" ][SystemMonitor] Stats Update: CPU App: 1.30208 % | Sys: 35.4167 % | RAM App: 20143.2 MB | Sys Avail: 18827.1 MB / 65466.5 MB
[ "01:53:34.505" ][SystemMonitor] Stats Update: CPU App: 0.520833 % | Sys: 35.6771 % | RAM App: 20143.2 MB | Sys Avail: 18824.6 MB / 65466.5 MB
TelemetryMonitor: Processed 300 frames. Current FPS: 62
[ "01:53:35.502" ][SystemMonitor] Stats Update: CPU App: 1.30208 % | Sys: 41.1458 % | RAM App: 20143.2 MB | Sys Avail: 18835.3 MB / 65466.5 MB
[ "01:53:36.503" ][SystemMonitor] Stats Update: CPU App: 1.30208 % | Sys: 40.1042 % | RAM App: 20143.2 MB | Sys Avail: 18873.4 MB / 65466.5 MB
[ "01:53:37.502" ][SystemMonitor] Stats Update: CPU App: 1.30208 % | Sys: 40.3646 % | RAM App: 20143.2 MB | Sys Avail: 19089 MB / 65466.5 MB
[ "01:53:38.504" ][SystemMonitor] Stats Update: CPU App: 0.78125 % | Sys: 54.9479 % | RAM App: 20143.2 MB | Sys Avail: 18920.5 MB / 65466.5 MB
[ "01:53:39.509" ][SystemMonitor] Stats Update: CPU App: 1.5625 % | Sys: 56.7708 % | RAM App: 20143.2 MB | Sys Avail: 18951.8 MB / 65466.5 MB
TelemetryMonitor: Processed 300 frames. Current FPS: 62
[ "01:53:40.504" ][SystemMonitor] Stats Update: CPU App: 1.30208 % | Sys: 55.7292 % | RAM App: 20143.2 MB | Sys Avail: 18940.9 MB / 65466.5 MB
[ "01:53:41.512" ][SystemMonitor] Stats Update: CPU App: 2.08333 % | Sys: 51.5625 % | RAM App: 20143.2 MB | Sys Avail: 18908 MB / 65466.5 MB
[ "01:53:42.504" ][SystemMonitor] Stats Update: CPU App: 2.60417 % | Sys: 56.25 % | RAM App: 20143.2 MB | Sys Avail: 18989.1 MB / 65466.5 MB
[ "01:53:43.501" ][SystemMonitor] Stats Update: CPU App: 2.34375 % | Sys: 39.8438 % | RAM App: 20143.2 MB | Sys Avail: 18991.9 MB / 65466.5 MB
[ "01:53:44.503" ][SystemMonitor] Stats Update: CPU App: 1.5625 % | Sys: 41.6667 % | RAM App: 20143.2 MB | Sys Avail: 18985.2 MB / 65466.5 MB
TelemetryMonitor: Processed 300 frames. Current FPS: 62
[ "01:53:45.502" ][SystemMonitor] Stats Update: CPU App: 1.5625 % | Sys: 40.1042 % | RAM App: 20143.2 MB | Sys Avail: 18996 MB / 65466.5 MB
[ "01:53:46.504" ][SystemMonitor] Stats Update: CPU App: 2.34375 % | Sys: 41.6667 % | RAM App: 20143.2 MB | Sys Avail: 18981.1 MB / 65466.5 MB
[ "01:53:47.503" ][SystemMonitor] Stats Update: CPU App: 1.04167 % | Sys: 37.7604 % | RAM App: 20143.2 MB | Sys Avail: 18990.7 MB / 65466.5 MB
[ "01:53:48.504" ][SystemMonitor] Stats Update: CPU App: 1.82292 % | Sys: 35.9375 % | RAM App: 20143.2 MB | Sys Avail: 18995.9 MB / 65466.5 MB
[ "01:53:49.502" ][SystemMonitor] Stats Update: CPU App: 1.5625 % | Sys: 47.3958 % | RAM App: 20143.2 MB | Sys Avail: 18982.5 MB / 65466.5 MB
TelemetryMonitor: Processed 300 frames. Current FPS: 62
[ "01:53:50.504" ][SystemMonitor] Stats Update: CPU App: 1.30208 % | Sys: 43.2292 % | RAM App: 20143.2 MB | Sys Avail: 18951.2 MB / 65466.5 MB
[ "01:53:51.502" ][SystemMonitor] Stats Update: CPU App: 1.30208 % | Sys: 63.0208 % | RAM App: 20143.2 MB | Sys Avail: 18811 MB / 65466.5 MB
[ "01:53:52.503" ][SystemMonitor] Stats Update: CPU App: 2.08333 % | Sys: 87.2396 % | RAM App: 20143.2 MB | Sys Avail: 18795.2 MB / 65466.5 MB
[ "01:53:53.512" ][SystemMonitor] Stats Update: CPU App: 1.5625 % | Sys: 90.625 % | RAM App: 20143.2 MB | Sys Avail: 18817.4 MB / 65466.5 MB
[ "01:53:54.501" ][SystemMonitor] Stats Update: CPU App: 2.86458 % | Sys: 79.6875 % | RAM App: 20143.2 MB | Sys Avail: 18842.4 MB / 65466.5 MB
TelemetryMonitor: Processed 300 frames. Current FPS: 62
[ "01:53:55.501" ][SystemMonitor] Stats Update: CPU App: 1.5625 % | Sys: 80.7292 % | RAM App: 20143.2 MB | Sys Avail: 18878.8 MB / 65466.5 MB
[ "01:53:56.503" ][SystemMonitor] Stats Update: CPU App: 1.82292 % | Sys: 54.1667 % | RAM App: 20143.2 MB | Sys Avail: 18826.8 MB / 65466.5 MB
[ "01:53:57.500" ][SystemMonitor] Stats Update: CPU App: 1.5625 % | Sys: 41.6667 % | RAM App: 20143.2 MB | Sys Avail: 18922.2 MB / 65466.5 MB
[ "01:53:58.503" ][SystemMonitor] Stats Update: CPU App: 1.82292 % | Sys: 40.3646 % | RAM App: 20143.2 MB | Sys Avail: 18935.7 MB / 65466.5 MB
[ "01:53:59.502" ][SystemMonitor] Stats Update: CPU App: 1.5625 % | Sys: 39.5833 % | RAM App: 20143.2 MB | Sys Avail: 18914 MB / 65466.5 MB
TelemetryMonitor: Processed 300 frames. Current FPS: 62
[ "01:54:00.505" ][SystemMonitor] Stats Update: CPU App: 1.5625 % | Sys: 35.9375 % | RAM App: 20143.2 MB | Sys Avail: 18912.2 MB / 65466.5 MB
[ "01:54:01.502" ][SystemMonitor] Stats Update: CPU App: 2.08333 % | Sys: 65.8854 % | RAM App: 20143.2 MB | Sys Avail: 18930.6 MB / 65466.5 MB
[ "01:54:02.505" ][SystemMonitor] Stats Update: CPU App: 2.08333 % | Sys: 36.7188 % | RAM App: 20143.2 MB | Sys Avail: 18921.6 MB / 65466.5 MB
[ "01:54:03.522" ][SystemMonitor] Stats Update: CPU App: 2.5641 % | Sys: 60.5128 % | RAM App: 20143.2 MB | Sys Avail: 18907.9 MB / 65466.5 MB
[ "01:54:04.504" ][SystemMonitor] Stats Update: CPU App: 1.85185 % | Sys: 56.8783 % | RAM App: 20143.2 MB | Sys Avail: 18871.7 MB / 65466.5 MB
TelemetryMonitor: Processed 300 frames. Current FPS: 62
[ "01:54:05.501" ][SystemMonitor] Stats Update: CPU App: 2.08333 % | Sys: 54.4271 % | RAM App: 20143.2 MB | Sys Avail: 18837.2 MB / 65466.5 MB
[ "01:54:06.499" ][SystemMonitor] Stats Update: CPU App: 1.82292 % | Sys: 40.8854 % | RAM App: 20143.2 MB | Sys Avail: 18832.2 MB / 65466.5 MB
[ "01:54:07.500" ][SystemMonitor] Stats Update: CPU App: 0.78125 % | Sys: 39.0625 % | RAM App: 20143.2 MB | Sys Avail: 18819.4 MB / 65466.5 MB
[ "01:54:08.504" ][SystemMonitor] Stats Update: CPU App: 1.5625 % | Sys: 40.8854 % | RAM App: 20143.2 MB | Sys Avail: 18844.6 MB / 65466.5 MB
[ "01:54:09.503" ][SystemMonitor] Stats Update: CPU App: 2.34375 % | Sys: 39.0625 % | RAM App: 20143.2 MB | Sys Avail: 18905.7 MB / 65466.5 MB
TelemetryMonitor: Processed 300 frames. Current FPS: 62
[ "01:54:10.503" ][SystemMonitor] Stats Update: CPU App: 1.5625 % | Sys: 49.4792 % | RAM App: 20143.2 MB | Sys Avail: 18895.9 MB / 65466.5 MB
[ "01:54:11.501" ][SystemMonitor] Stats Update: CPU App: 1.5625 % | Sys: 51.3021 % | RAM App: 20143.2 MB | Sys Avail: 18886.1 MB / 65466.5 MB
[ "01:54:12.501" ][SystemMonitor] Stats Update: CPU App: 1.5625 % | Sys: 40.3646 % | RAM App: 20143.2 MB | Sys Avail: 18879 MB / 65466.5 MB
[ "01:54:13.501" ][SystemMonitor] Stats Update: CPU App: 2.08333 % | Sys: 43.2292 % | RAM App: 20143.2 MB | Sys Avail: 18900.1 MB / 65466.5 MB
[ "01:54:14.504" ][SystemMonitor] Stats Update: CPU App: 2.08333 % | Sys: 42.1875 % | RAM App: 20143.2 MB | Sys Avail: 18905.7 MB / 65466.5 MB
TelemetryMonitor: Processed 300 frames. Current FPS: 62
[ "01:54:15.503" ][SystemMonitor] Stats Update: CPU App: 1.82292 % | Sys: 45.5729 % | RAM App: 20143.2 MB | Sys Avail: 18907.7 MB / 65466.5 MB
[ "01:54:16.505" ][SystemMonitor] Stats Update: CPU App: 1.5625 % | Sys: 45.3125 % | RAM App: 20143.2 MB | Sys Avail: 18893.2 MB / 65466.5 MB
[ "01:54:17.504" ][SystemMonitor] Stats Update: CPU App: 1.82292 % | Sys: 54.9479 % | RAM App: 20143.2 MB | Sys Avail: 18883.8 MB / 65466.5 MB
[ "01:54:18.504" ][SystemMonitor] Stats Update: CPU App: 2.08333 % | Sys: 65.3646 % | RAM App: 20143.2 MB | Sys Avail: 18896 MB / 65466.5 MB
[ "01:54:19.512" ][SystemMonitor] Stats Update: CPU App: 1.30208 % | Sys: 64.8438 % | RAM App: 20143.2 MB | Sys Avail: 18902.6 MB / 65466.5 MB
TelemetryMonitor: Processed 300 frames. Current FPS: 62
[ "01:54:20.504" ][SystemMonitor] Stats Update: CPU App: 1.82292 % | Sys: 55.9896 % | RAM App: 20143.2 MB | Sys Avail: 18818.2 MB / 65466.5 MB
[ "01:54:21.502" ][SystemMonitor] Stats Update: CPU App: 2.08333 % | Sys: 63.8021 % | RAM App: 20143.2 MB | Sys Avail: 18849.4 MB / 65466.5 MB
[ "01:54:22.500" ][SystemMonitor] Stats Update: CPU App: 0.78125 % | Sys: 45.3125 % | RAM App: 20143.2 MB | Sys Avail: 18856.7 MB / 65466.5 MB
[ "01:54:23.502" ][SystemMonitor] Stats Update: CPU App: 0.520833 % | Sys: 45.8333 % | RAM App: 20143.2 MB | Sys Avail: 18855.6 MB / 65466.5 MB
[ "01:54:24.504" ][SystemMonitor] Stats Update: CPU App: 1.30208 % | Sys: 42.9688 % | RAM App: 20143.2 MB | Sys Avail: 18851.4 MB / 65466.5 MB
TelemetryMonitor: Processed 300 frames. Current FPS: 62
[ "01:54:25.501" ][SystemMonitor] Stats Update: CPU App: 1.82292 % | Sys: 46.875 % | RAM App: 20143.2 MB | Sys Avail: 18864.6 MB / 65466.5 MB
[ "01:54:26.504" ][SystemMonitor] Stats Update: CPU App: 1.5625 % | Sys: 45.8333 % | RAM App: 20143.2 MB | Sys Avail: 18862 MB / 65466.5 MB
[ "01:54:27.502" ][SystemMonitor] Stats Update: CPU App: 1.82292 % | Sys: 41.1458 % | RAM App: 20143.2 MB | Sys Avail: 18853.4 MB / 65466.5 MB
[ "01:54:28.504" ][SystemMonitor] Stats Update: CPU App: 1.82292 % | Sys: 47.9167 % | RAM App: 20143.2 MB | Sys Avail: 18862.6 MB / 65466.5 MB
[ "01:54:29.501" ][SystemMonitor] Stats Update: CPU App: 2.08333 % | Sys: 52.8646 % | RAM App: 20143.2 MB | Sys Avail: 18838.6 MB / 65466.5 MB
TelemetryMonitor: Processed 300 frames. Current FPS: 62
[ "01:54:30.503" ][SystemMonitor] Stats Update: CPU App: 1.5625 % | Sys: 59.6354 % | RAM App: 20143.2 MB | Sys Avail: 18829.8 MB / 65466.5 MB
[ "01:54:31.509" ][SystemMonitor] Stats Update: CPU App: 1.30208 % | Sys: 46.875 % | RAM App: 20143.2 MB | Sys Avail: 18831.6 MB / 65466.5 MB
[ "01:54:32.505" ][SystemMonitor] Stats Update: CPU App: 1.04167 % | Sys: 59.375 % | RAM App: 20143.2 MB | Sys Avail: 18820.3 MB / 65466.5 MB
[ "01:54:33.501" ][SystemMonitor] Stats Update: CPU App: 0.520833 % | Sys: 41.6667 % | RAM App: 20143.2 MB | Sys Avail: 18869.7 MB / 65466.5 MB
[ "01:54:34.504" ][SystemMonitor] Stats Update: CPU App: 1.5625 % | Sys: 41.1458 % | RAM App: 20143.2 MB | Sys Avail: 19098.6 MB / 65466.5 MB
TelemetryMonitor: Processed 300 frames. Current FPS: 62
[ "01:54:35.507" ][SystemMonitor] Stats Update: CPU App: 1.30208 % | Sys: 60.4167 % | RAM App: 20143.2 MB | Sys Avail: 18964.1 MB / 65466.5 MB
[ "01:54:36.504" ][SystemMonitor] Stats Update: CPU App: 1.5625 % | Sys: 55.7292 % | RAM App: 20143.2 MB | Sys Avail: 18932.8 MB / 65466.5 MB
[ "01:54:37.504" ][SystemMonitor] Stats Update: CPU App: 1.30208 % | Sys: 53.6458 % | RAM App: 20143.2 MB | Sys Avail: 18922.1 MB / 65466.5 MB
[ "01:54:38.501" ][SystemMonitor] Stats Update: CPU App: 1.5625 % | Sys: 50 % | RAM App: 20143.2 MB | Sys Avail: 18877 MB / 65466.5 MB
[ "01:54:39.501" ][SystemMonitor] Stats Update: CPU App: 1.82292 % | Sys: 69.5313 % | RAM App: 20143.2 MB | Sys Avail: 18932.3 MB / 65466.5 MB
TelemetryMonitor: Processed 300 frames. Current FPS: 62
[ "01:54:40.503" ][SystemMonitor] Stats Update: CPU App: 1.5625 % | Sys: 41.4063 % | RAM App: 20143.2 MB | Sys Avail: 19010.7 MB / 65466.5 MB
[ "01:54:41.500" ][SystemMonitor] Stats Update: CPU App: 1.04167 % | Sys: 41.1458 % | RAM App: 20143.2 MB | Sys Avail: 19019.9 MB / 65466.5 MB
[ "01:54:42.504" ][SystemMonitor] Stats Update: CPU App: 2.60417 % | Sys: 50 % | RAM App: 20143.2 MB | Sys Avail: 19015 MB / 65466.5 MB
[ "01:54:43.502" ][SystemMonitor] Stats Update: CPU App: 1.5625 % | Sys: 48.9583 % | RAM App: 20143.2 MB | Sys Avail: 19032.9 MB / 65466.5 MB
[ "01:54:44.504" ][SystemMonitor] Stats Update: CPU App: 1.5625 % | Sys: 43.2292 % | RAM App: 20143.2 MB | Sys Avail: 19025 MB / 65466.5 MB
TelemetryMonitor: Processed 300 frames. Current FPS: 62
[ "01:54:45.500" ][SystemMonitor] Stats Update: CPU App: 1.82292 % | Sys: 45.0521 % | RAM App: 20143.2 MB | Sys Avail: 18986.7 MB / 65466.5 MB
[ "01:54:46.503" ][SystemMonitor] Stats Update: CPU App: 1.82292 % | Sys: 70.3125 % | RAM App: 20143.2 MB | Sys Avail: 18872.4 MB / 65466.5 MB
[ "01:54:47.511" ][SystemMonitor] Stats Update: CPU App: 1.04167 % | Sys: 66.9271 % | RAM App: 20143.2 MB | Sys Avail: 18845.9 MB / 65466.5 MB
[ "01:54:48.503" ][SystemMonitor] Stats Update: CPU App: 1.82292 % | Sys: 59.375 % | RAM App: 20143.2 MB | Sys Avail: 18778.3 MB / 65466.5 MB
[ "01:54:49.502" ][SystemMonitor] Stats Update: CPU App: 2.34375 % | Sys: 53.3854 % | RAM App: 20143.2 MB | Sys Avail: 18840.9 MB / 65466.5 MB
TelemetryMonitor: Processed 300 frames. Current FPS: 62
[ "01:54:50.504" ][SystemMonitor] Stats Update: CPU App: 1.5625 % | Sys: 57.2917 % | RAM App: 20143.2 MB | Sys Avail: 18847.4 MB / 65466.5 MB
[ "01:54:51.500" ][SystemMonitor] Stats Update: CPU App: 1.5625 % | Sys: 53.9063 % | RAM App: 20143.2 MB | Sys Avail: 18866.4 MB / 65466.5 MB
[ "01:54:52.501" ][SystemMonitor] Stats Update: CPU App: 1.82292 % | Sys: 55.9896 % | RAM App: 20143.2 MB | Sys Avail: 18865.8 MB / 65466.5 MB
[ "01:54:53.501" ][SystemMonitor] Stats Update: CPU App: 1.82292 % | Sys: 79.9479 % | RAM App: 20143.2 MB | Sys Avail: 18850.7 MB / 65466.5 MB
[ "01:54:54.504" ][SystemMonitor] Stats Update: CPU App: 1.30208 % | Sys: 88.0208 % | RAM App: 20143.2 MB | Sys Avail: 18834.2 MB / 65466.5 MB
TelemetryMonitor: Processed 300 frames. Current FPS: 62
[ "01:54:55.502" ][SystemMonitor] Stats Update: CPU App: 1.30208 % | Sys: 82.5521 % | RAM App: 20143.2 MB | Sys Avail: 18860.3 MB / 65466.5 MB
[ "01:54:56.499" ][SystemMonitor] Stats Update: CPU App: 0.78125 % | Sys: 41.4063 % | RAM App: 20143.3 MB | Sys Avail: 18889.8 MB / 65466.5 MB
[ "01:54:57.500" ][SystemMonitor] Stats Update: CPU App: 2.08333 % | Sys: 38.0208 % | RAM App: 20143.3 MB | Sys Avail: 18886.2 MB / 65466.5 MB
[ "01:54:58.504" ][SystemMonitor] Stats Update: CPU App: 0.520833 % | Sys: 40.625 % | RAM App: 20143.3 MB | Sys Avail: 18874.7 MB / 65466.5 MB
[ "01:54:59.502" ][SystemMonitor] Stats Update: CPU App: 1.04167 % | Sys: 40.3646 % | RAM App: 20143.3 MB | Sys Avail: 18849.1 MB / 65466.5 MB
TelemetryMonitor: Processed 300 frames. Current FPS: 62
[ "01:55:00.504" ][SystemMonitor] Stats Update: CPU App: 1.5625 % | Sys: 55.2083 % | RAM App: 20143.3 MB | Sys Avail: 18873.9 MB / 65466.5 MB
[ "01:55:01.502" ][SystemMonitor] Stats Update: CPU App: 1.30208 % | Sys: 45.0521 % | RAM App: 20143.3 MB | Sys Avail: 18857.9 MB / 65466.5 MB
[ "01:55:02.503" ][SystemMonitor] Stats Update: CPU App: 0.520833 % | Sys: 34.8958 % | RAM App: 20143.3 MB | Sys Avail: 18861.5 MB / 65466.5 MB
[ "01:55:03.503" ][SystemMonitor] Stats Update: CPU App: 2.08333 % | Sys: 37.2396 % | RAM App: 20143.3 MB | Sys Avail: 18868.7 MB / 65466.5 MB
[ "01:55:04.503" ][SystemMonitor] Stats Update: CPU App: 0.78125 % | Sys: 36.4583 % | RAM App: 20143.3 MB | Sys Avail: 18882 MB / 65466.5 MB
TelemetryMonitor: Processed 300 frames. Current FPS: 62
[ "01:55:05.502" ][SystemMonitor] Stats Update: CPU App: 1.30208 % | Sys: 41.4063 % | RAM App: 20143.3 MB | Sys Avail: 18892.4 MB / 65466.5 MB
[ "01:55:06.503" ][SystemMonitor] Stats Update: CPU App: 1.04167 % | Sys: 43.75 % | RAM App: 20143.3 MB | Sys Avail: 18913.8 MB / 65466.5 MB
[ "01:55:07.502" ][SystemMonitor] Stats Update: CPU App: 1.30208 % | Sys: 39.3229 % | RAM App: 20143.3 MB | Sys Avail: 18934.2 MB / 65466.5 MB
[ "01:55:08.504" ][SystemMonitor] Stats Update: CPU App: 1.30208 % | Sys: 36.9792 % | RAM App: 20143.3 MB | Sys Avail: 18921.2 MB / 65466.5 MB
[ "01:55:09.503" ][SystemMonitor] Stats Update: CPU App: 1.04167 % | Sys: 37.5 % | RAM App: 20143.3 MB | Sys Avail: 18905.8 MB / 65466.5 MB
TelemetryMonitor: Processed 300 frames. Current FPS: 62
[ "01:55:10.504" ][SystemMonitor] Stats Update: CPU App: 1.82292 % | Sys: 58.0729 % | RAM App: 20143.3 MB | Sys Avail: 18835.8 MB / 65466.5 MB
[ "01:55:11.502" ][SystemMonitor] Stats Update: CPU App: 1.30208 % | Sys: 53.3854 % | RAM App: 20143.3 MB | Sys Avail: 18841.6 MB / 65466.5 MB
[ "01:55:12.504" ][SystemMonitor] Stats Update: CPU App: 1.04167 % | Sys: 39.8438 % | RAM App: 20143.3 MB | Sys Avail: 18844 MB / 65466.5 MB
[ "01:55:13.502" ][SystemMonitor] Stats Update: CPU App: 1.82292 % | Sys: 38.5417 % | RAM App: 20143.3 MB | Sys Avail: 18835.2 MB / 65466.5 MB
[ "01:55:14.504" ][SystemMonitor] Stats Update: CPU App: 1.04167 % | Sys: 39.8438 % | RAM App: 20143.3 MB | Sys Avail: 18845 MB / 65466.5 MB
TelemetryMonitor: Processed 300 frames. Current FPS: 62
[ "01:55:15.500" ][SystemMonitor] Stats Update: CPU App: 1.5625 % | Sys: 40.1042 % | RAM App: 20143.3 MB | Sys Avail: 18856.2 MB / 65466.5 MB
[ "01:55:16.501" ][SystemMonitor] Stats Update: CPU App: 1.5625 % | Sys: 42.9688 % | RAM App: 20143.3 MB | Sys Avail: 18872.1 MB / 65466.5 MB
[ "01:55:17.502" ][SystemMonitor] Stats Update: CPU App: 0.78125 % | Sys: 46.3542 % | RAM App: 20143.3 MB | Sys Avail: 18853.5 MB / 65466.5 MB
[ "01:55:18.503" ][SystemMonitor] Stats Update: CPU App: 1.30208 % | Sys: 52.6042 % | RAM App: 20143.3 MB | Sys Avail: 18864.5 MB / 65466.5 MB
[ "01:55:19.502" ][SystemMonitor] Stats Update: CPU App: 1.82292 % | Sys: 41.4063 % | RAM App: 20143.3 MB | Sys Avail: 18865.9 MB / 65466.5 MB
TelemetryMonitor: Processed 300 frames. Current FPS: 62
[ "01:55:20.503" ][SystemMonitor] Stats Update: CPU App: 1.30208 % | Sys: 45.8333 % | RAM App: 20143.3 MB | Sys Avail: 18850.4 MB / 65466.5 MB
[ "01:55:21.502" ][SystemMonitor] Stats Update: CPU App: 1.30208 % | Sys: 50.2604 % | RAM App: 20143.3 MB | Sys Avail: 18816.1 MB / 65466.5 MB
[ "01:55:22.504" ][SystemMonitor] Stats Update: CPU App: 2.34375 % | Sys: 54.9479 % | RAM App: 20143.3 MB | Sys Avail: 18774.9 MB / 65466.5 MB
[ "01:55:23.501" ][SystemMonitor] Stats Update: CPU App: 0.78125 % | Sys: 39.0625 % | RAM App: 20143.3 MB | Sys Avail: 18764.1 MB / 65466.5 MB
[ "01:55:24.504" ][SystemMonitor] Stats Update: CPU App: 1.5625 % | Sys: 40.625 % | RAM App: 20143.3 MB | Sys Avail: 18765.7 MB / 65466.5 MB
TelemetryMonitor: Processed 300 frames. Current FPS: 62
[ "01:55:25.503" ][SystemMonitor] Stats Update: CPU App: 0.78125 % | Sys: 35.9375 % | RAM App: 20143.3 MB | Sys Avail: 18775.8 MB / 65466.5 MB
[ "01:55:26.504" ][SystemMonitor] Stats Update: CPU App: 2.08333 % | Sys: 40.625 % | RAM App: 20143.3 MB | Sys Avail: 18785.7 MB / 65466.5 MB
[ "01:55:27.502" ][SystemMonitor] Stats Update: CPU App: 1.04167 % | Sys: 37.2396 % | RAM App: 20143.3 MB | Sys Avail: 18769.5 MB / 65466.5 MB
[ "01:55:28.499" ][SystemMonitor] Stats Update: CPU App: 1.04167 % | Sys: 38.8021 % | RAM App: 20143.3 MB | Sys Avail: 18753.2 MB / 65466.5 MB
[ "01:55:29.501" ][SystemMonitor] Stats Update: CPU App: 0.78125 % | Sys: 71.0938 % | RAM App: 20143.3 MB | Sys Avail: 18717.2 MB / 65466.5 MB
TelemetryMonitor: Processed 300 frames. Current FPS: 62
[ "01:55:30.502" ][SystemMonitor] Stats Update: CPU App: 1.04167 % | Sys: 43.4896 % | RAM App: 20143.3 MB | Sys Avail: 18738 MB / 65466.5 MB
[ "01:55:31.501" ][SystemMonitor] Stats Update: CPU App: 1.04167 % | Sys: 36.7188 % | RAM App: 20143.3 MB | Sys Avail: 18723.5 MB / 65466.5 MB
[ "01:55:32.502" ][SystemMonitor] Stats Update: CPU App: 1.30208 % | Sys: 38.2813 % | RAM App: 20143.3 MB | Sys Avail: 18756.1 MB / 65466.5 MB
[ "01:55:33.502" ][SystemMonitor] Stats Update: CPU App: 1.04167 % | Sys: 38.5417 % | RAM App: 20143.3 MB | Sys Avail: 18771 MB / 65466.5 MB
[ "01:55:34.503" ][SystemMonitor] Stats Update: CPU App: 0.78125 % | Sys: 40.3646 % | RAM App: 20143.3 MB | Sys Avail: 18741.8 MB / 65466.5 MB
TelemetryMonitor: Processed 300 frames. Current FPS: 62
[ "01:55:35.502" ][SystemMonitor] Stats Update: CPU App: 0.520833 % | Sys: 42.4479 % | RAM App: 20143.3 MB | Sys Avail: 18751.2 MB / 65466.5 MB
[ "01:55:36.503" ][SystemMonitor] Stats Update: CPU App: 1.5625 % | Sys: 52.3438 % | RAM App: 20143.4 MB | Sys Avail: 18749.6 MB / 65466.5 MB
[ "01:55:37.505" ][SystemMonitor] Stats Update: CPU App: 1.04167 % | Sys: 59.6354 % | RAM App: 20143.4 MB | Sys Avail: 18726.7 MB / 65466.5 MB
[ "01:55:38.503" ][SystemMonitor] Stats Update: CPU App: 1.30208 % | Sys: 64.5833 % | RAM App: 20143.4 MB | Sys Avail: 18728.6 MB / 65466.5 MB
[ "01:55:39.507" ][SystemMonitor] Stats Update: CPU App: 1.82292 % | Sys: 69.7917 % | RAM App: 20143.4 MB | Sys Avail: 18721.5 MB / 65466.5 MB
TelemetryMonitor: Processed 300 frames. Current FPS: 62
[ "01:55:40.504" ][SystemMonitor] Stats Update: CPU App: 1.04167 % | Sys: 51.0417 % | RAM App: 20143.4 MB | Sys Avail: 18724.4 MB / 65466.5 MB
[ "01:55:41.504" ][SystemMonitor] Stats Update: CPU App: 1.04167 % | Sys: 46.3542 % | RAM App: 20143.5 MB | Sys Avail: 18824.6 MB / 65466.5 MB
[ "01:55:42.503" ][SystemMonitor] Stats Update: CPU App: 1.82292 % | Sys: 41.1458 % | RAM App: 20143.5 MB | Sys Avail: 18822 MB / 65466.5 MB
[ "01:55:43.501" ][SystemMonitor] Stats Update: CPU App: 1.30208 % | Sys: 40.625 % | RAM App: 20143.5 MB | Sys Avail: 18820.3 MB / 65466.5 MB
[ "01:55:44.504" ][SystemMonitor] Stats Update: CPU App: 1.5625 % | Sys: 40.3646 % | RAM App: 20143.5 MB | Sys Avail: 18808 MB / 65466.5 MB
TelemetryMonitor: Processed 300 frames. Current FPS: 62
[ "01:55:45.501" ][SystemMonitor] Stats Update: CPU App: 0.78125 % | Sys: 36.4583 % | RAM App: 20143.6 MB | Sys Avail: 18819.7 MB / 65466.5 MB
[ "01:55:46.502" ][SystemMonitor] Stats Update: CPU App: 1.04167 % | Sys: 43.2292 % | RAM App: 20143.6 MB | Sys Avail: 18795.3 MB / 65466.5 MB
[ "01:55:47.502" ][SystemMonitor] Stats Update: CPU App: 1.04167 % | Sys: 41.1458 % | RAM App: 20143.6 MB | Sys Avail: 18789.4 MB / 65466.5 MB
[ "01:55:48.503" ][SystemMonitor] Stats Update: CPU App: 1.30208 % | Sys: 59.8958 % | RAM App: 20143.6 MB | Sys Avail: 18762 MB / 65466.5 MB
[ "01:55:49.502" ][SystemMonitor] Stats Update: CPU App: 1.30208 % | Sys: 65.3646 % | RAM App: 20143.6 MB | Sys Avail: 18667.7 MB / 65466.5 MB
[ "01:55:50.501" ][SystemMonitor] Stats Update: CPU App: 0.78125 % | Sys: 78.3854 % | RAM App: 20143.7 MB | Sys Avail: 18633.6 MB / 65466.5 MB
TelemetryMonitor: Processed 300 frames. Current FPS: 62
[ "01:55:51.511" ][SystemMonitor] Stats Update: CPU App: 1.30208 % | Sys: 76.3021 % | RAM App: 20143.7 MB | Sys Avail: 18709.5 MB / 65466.5 MB
[ "01:55:52.504" ][SystemMonitor] Stats Update: CPU App: 1.04167 % | Sys: 97.3958 % | RAM App: 20143.7 MB | Sys Avail: 18675.3 MB / 65466.5 MB
[ "01:55:53.511" ][SystemMonitor] Stats Update: CPU App: 1.5625 % | Sys: 97.9167 % | RAM App: 20143.7 MB | Sys Avail: 18499.1 MB / 65466.5 MB
[ "01:55:54.503" ][SystemMonitor] Stats Update: CPU App: 1.30208 % | Sys: 100 % | RAM App: 20143.8 MB | Sys Avail: 18076.5 MB / 65466.5 MB
[ "01:55:55.502" ][SystemMonitor] Stats Update: CPU App: 1.5625 % | Sys: 100 % | RAM App: 20143.8 MB | Sys Avail: 17586.6 MB / 65466.5 MB
TelemetryMonitor: Processed 300 frames. Current FPS: 62
[ "01:55:56.500" ][SystemMonitor] Stats Update: CPU App: 0.78125 % | Sys: 100 % | RAM App: 20143.8 MB | Sys Avail: 17034.7 MB / 65466.5 MB
[ "01:55:57.508" ][SystemMonitor] Stats Update: CPU App: 1.82292 % | Sys: 100 % | RAM App: 20143.8 MB | Sys Avail: 16795.9 MB / 65466.5 MB
[ "01:55:58.504" ][SystemMonitor] Stats Update: CPU App: 1.30208 % | Sys: 100 % | RAM App: 20143.8 MB | Sys Avail: 16929.6 MB / 65466.5 MB
[ "01:55:59.512" ][SystemMonitor] Stats Update: CPU App: 2.08333 % | Sys: 100 % | RAM App: 20143.9 MB | Sys Avail: 16612.8 MB / 65466.5 MB
[ "01:56:00.500" ][SystemMonitor] Stats Update: CPU App: 1.82292 % | Sys: 100 % | RAM App: 20143.9 MB | Sys Avail: 16435.1 MB / 65466.5 MB
TelemetryMonitor: Processed 300 frames. Current FPS: 62
[ "01:56:01.500" ][SystemMonitor] Stats Update: CPU App: 0.78125 % | Sys: 100 % | RAM App: 20143.9 MB | Sys Avail: 16246.3 MB / 65466.5 MB
[ "01:56:02.500" ][SystemMonitor] Stats Update: CPU App: 0.78125 % | Sys: 100 % | RAM App: 20143.9 MB | Sys Avail: 15889.5 MB / 65466.5 MB
[ "01:56:03.500" ][SystemMonitor] Stats Update: CPU App: 1.04167 % | Sys: 100 % | RAM App: 20143.9 MB | Sys Avail: 17216.2 MB / 65466.5 MB
[ "01:56:04.503" ][SystemMonitor] Stats Update: CPU App: 1.04167 % | Sys: 99.7396 % | RAM App: 20143.9 MB | Sys Avail: 17505.6 MB / 65466.5 MB
[ "01:56:05.504" ][SystemMonitor] Stats Update: CPU App: 2.08333 % | Sys: 100 % | RAM App: 20144 MB | Sys Avail: 18193.5 MB / 65466.5 MB
TelemetryMonitor: Processed 300 frames. Current FPS: 62
[ "01:56:06.505" ][SystemMonitor] Stats Update: CPU App: 2.60417 % | Sys: 100 % | RAM App: 20144 MB | Sys Avail: 18267.8 MB / 65466.5 MB
[ "01:56:07.503" ][SystemMonitor] Stats Update: CPU App: 1.82292 % | Sys: 99.7396 % | RAM App: 20144 MB | Sys Avail: 18348.5 MB / 65466.5 MB
[ "01:56:08.500" ][SystemMonitor] Stats Update: CPU App: 1.04167 % | Sys: 80.9896 % | RAM App: 20144 MB | Sys Avail: 18760.7 MB / 65466.5 MB
[ "01:56:09.502" ][SystemMonitor] Stats Update: CPU App: 1.30208 % | Sys: 50.5208 % | RAM App: 20144.1 MB | Sys Avail: 18726.9 MB / 65466.5 MB
[ "01:56:10.500" ][SystemMonitor] Stats Update: CPU App: 1.5625 % | Sys: 47.6563 % | RAM App: 20144.1 MB | Sys Avail: 18732.8 MB / 65466.5 MB
TelemetryMonitor: Processed 300 frames. Current FPS: 62
[ "01:56:11.500" ][SystemMonitor] Stats Update: CPU App: 0.78125 % | Sys: 40.3646 % | RAM App: 20144.1 MB | Sys Avail: 18746.1 MB / 65466.5 MB
[ "01:56:12.500" ][SystemMonitor] Stats Update: CPU App: 1.30208 % | Sys: 47.6563 % | RAM App: 20144.1 MB | Sys Avail: 18748.7 MB / 65466.5 MB
[ "01:56:13.502" ][SystemMonitor] Stats Update: CPU App: 1.82292 % | Sys: 47.1354 % | RAM App: 20144.1 MB | Sys Avail: 18768.9 MB / 65466.5 MB
[ "01:56:14.504" ][SystemMonitor] Stats Update: CPU App: 1.04167 % | Sys: 39.5833 % | RAM App: 20144.2 MB | Sys Avail: 18779.5 MB / 65466.5 MB
[ "01:56:15.500" ][SystemMonitor] Stats Update: CPU App: 1.82292 % | Sys: 38.8021 % | RAM App: 20144.2 MB | Sys Avail: 18780.4 MB / 65466.5 MB
TelemetryMonitor: Processed 300 frames. Current FPS: 62
[ "01:56:16.501" ][SystemMonitor] Stats Update: CPU App: 2.08333 % | Sys: 52.6042 % | RAM App: 20144.2 MB | Sys Avail: 18788.8 MB / 65466.5 MB
[ "01:56:17.500" ][SystemMonitor] Stats Update: CPU App: 1.5625 % | Sys: 40.3646 % | RAM App: 20144.2 MB | Sys Avail: 18786.7 MB / 65466.5 MB
[ "01:56:18.500" ][SystemMonitor] Stats Update: CPU App: 1.5625 % | Sys: 35.9375 % | RAM App: 20144.3 MB | Sys Avail: 18765.2 MB / 65466.5 MB
[ "01:56:19.501" ][SystemMonitor] Stats Update: CPU App: 1.30208 % | Sys: 45.8333 % | RAM App: 20144.3 MB | Sys Avail: 18770.9 MB / 65466.5 MB
[ "01:56:20.500" ][SystemMonitor] Stats Update: CPU App: 1.04167 % | Sys: 42.1875 % | RAM App: 20144 MB | Sys Avail: 18784.8 MB / 65466.5 MB
TelemetryMonitor: Processed 300 frames. Current FPS: 62
[ "01:56:21.500" ][SystemMonitor] Stats Update: CPU App: 1.04167 % | Sys: 57.8125 % | RAM App: 20144 MB | Sys Avail: 18699.6 MB / 65466.5 MB
[ "01:56:22.500" ][SystemMonitor] Stats Update: CPU App: 1.30208 % | Sys: 43.75 % | RAM App: 20144.1 MB | Sys Avail: 18741.5 MB / 65466.5 MB
[ "01:56:23.500" ][SystemMonitor] Stats Update: CPU App: 1.5625 % | Sys: 36.9792 % | RAM App: 20144.1 MB | Sys Avail: 18748.8 MB / 65466.5 MB
[ "01:56:24.501" ][SystemMonitor] Stats Update: CPU App: 1.30208 % | Sys: 38.5417 % | RAM App: 20144.1 MB | Sys Avail: 18763 MB / 65466.5 MB
[ "01:56:25.500" ][SystemMonitor] Stats Update: CPU App: 1.30208 % | Sys: 36.9792 % | RAM App: 20144.2 MB | Sys Avail: 18761.3 MB / 65466.5 MB
TelemetryMonitor: Processed 300 frames. Current FPS: 62
[ "01:56:26.500" ][SystemMonitor] Stats Update: CPU App: 2.08333 % | Sys: 45.0521 % | RAM App: 20144.2 MB | Sys Avail: 18730.5 MB / 65466.5 MB
[ "01:56:27.501" ][SystemMonitor] Stats Update: CPU App: 2.34375 % | Sys: 50.7813 % | RAM App: 20144.2 MB | Sys Avail: 18702.9 MB / 65466.5 MB
[ "01:56:28.500" ][SystemMonitor] Stats Update: CPU App: 1.82292 % | Sys: 45.0521 % | RAM App: 20144.2 MB | Sys Avail: 18719.6 MB / 65466.5 MB
[ "01:56:29.500" ][SystemMonitor] Stats Update: CPU App: 1.5625 % | Sys: 52.8646 % | RAM App: 20144.3 MB | Sys Avail: 18726.5 MB / 65466.5 MB
[ "01:56:30.501" ][SystemMonitor] Stats Update: CPU App: 1.30208 % | Sys: 55.7292 % | RAM App: 20144.3 MB | Sys Avail: 18737.7 MB / 65466.5 MB
TelemetryMonitor: Processed 300 frames. Current FPS: 62
[ "01:56:31.501" ][SystemMonitor] Stats Update: CPU App: 1.5625 % | Sys: 60.4167 % | RAM App: 20144.3 MB | Sys Avail: 18735.6 MB / 65466.5 MB
[ "01:56:32.501" ][SystemMonitor] Stats Update: CPU App: 1.04167 % | Sys: 50 % | RAM App: 20144.3 MB | Sys Avail: 18747.1 MB / 65466.5 MB
[ "01:56:33.500" ][SystemMonitor] Stats Update: CPU App: 1.5625 % | Sys: 39.5833 % | RAM App: 20144.4 MB | Sys Avail: 18743.4 MB / 65466.5 MB
[ "01:56:34.500" ][SystemMonitor] Stats Update: CPU App: 2.08333 % | Sys: 46.0938 % | RAM App: 20144.4 MB | Sys Avail: 18734.6 MB / 65466.5 MB
[ "01:56:35.501" ][SystemMonitor] Stats Update: CPU App: 0.260417 % | Sys: 54.6875 % | RAM App: 20144.4 MB | Sys Avail: 18730.9 MB / 65466.5 MB
TelemetryMonitor: Processed 300 frames. Current FPS: 62
[ "01:56:36.501" ][SystemMonitor] Stats Update: CPU App: 0.78125 % | Sys: 42.7083 % | RAM App: 20144.4 MB | Sys Avail: 18712.1 MB / 65466.5 MB
[ "01:56:37.501" ][SystemMonitor] Stats Update: CPU App: 1.5625 % | Sys: 48.9583 % | RAM App: 20144.4 MB | Sys Avail: 18717.6 MB / 65466.5 MB
[ "01:56:38.500" ][SystemMonitor] Stats Update: CPU App: 1.04167 % | Sys: 41.1458 % | RAM App: 20144.5 MB | Sys Avail: 18735.6 MB / 65466.5 MB
[ "01:56:39.500" ][SystemMonitor] Stats Update: CPU App: 0.520833 % | Sys: 36.1979 % | RAM App: 20144.4 MB | Sys Avail: 18729.7 MB / 65466.5 MB
[ "01:56:40.501" ][SystemMonitor] Stats Update: CPU App: 1.82292 % | Sys: 41.9271 % | RAM App: 20144.2 MB | Sys Avail: 18741.7 MB / 65466.5 MB
TelemetryMonitor: Processed 300 frames. Current FPS: 62
[ "01:56:41.501" ][SystemMonitor] Stats Update: CPU App: 1.82292 % | Sys: 60.1563 % | RAM App: 20144.2 MB | Sys Avail: 18757.3 MB / 65466.5 MB
[ "01:56:42.501" ][SystemMonitor] Stats Update: CPU App: 1.04167 % | Sys: 59.375 % | RAM App: 20144.2 MB | Sys Avail: 18780.8 MB / 65466.5 MB
[ "01:56:43.501" ][SystemMonitor] Stats Update: CPU App: 0.78125 % | Sys: 85.1563 % | RAM App: 20144.2 MB | Sys Avail: 18721.3 MB / 65466.5 MB
[ "01:56:44.500" ][SystemMonitor] Stats Update: CPU App: 0.260417 % | Sys: 98.6979 % | RAM App: 20144.3 MB | Sys Avail: 18626.6 MB / 65466.5 MB
[ "01:56:45.502" ][SystemMonitor] Stats Update: CPU App: 1.04167 % | Sys: 100 % | RAM App: 20144.3 MB | Sys Avail: 18319.5 MB / 65466.5 MB
TelemetryMonitor: Processed 300 frames. Current FPS: 62
[ "01:56:46.501" ][SystemMonitor] Stats Update: CPU App: 0.78125 % | Sys: 100 % | RAM App: 20144.3 MB | Sys Avail: 17781.4 MB / 65466.5 MB
[ "01:56:47.501" ][SystemMonitor] Stats Update: CPU App: 2.60417 % | Sys: 100 % | RAM App: 20144.3 MB | Sys Avail: 17277.9 MB / 65466.5 MB
[ "01:56:48.501" ][SystemMonitor] Stats Update: CPU App: 1.82292 % | Sys: 100 % | RAM App: 20144.4 MB | Sys Avail: 17005.8 MB / 65466.5 MB
[ "01:56:49.502" ][SystemMonitor] Stats Update: CPU App: 1.30208 % | Sys: 100 % | RAM App: 20144.4 MB | Sys Avail: 16621.4 MB / 65466.5 MB
[ "01:56:50.502" ][SystemMonitor] Stats Update: CPU App: 1.82292 % | Sys: 100 % | RAM App: 20144.4 MB | Sys Avail: 16394.6 MB / 65466.5 MB
TelemetryMonitor: Processed 300 frames. Current FPS: 62
[ "01:56:51.502" ][SystemMonitor] Stats Update: CPU App: 1.5625 % | Sys: 100 % | RAM App: 20144.5 MB | Sys Avail: 17371.1 MB / 65466.5 MB
[ "01:56:52.501" ][SystemMonitor] Stats Update: CPU App: 1.5625 % | Sys: 100 % | RAM App: 20144.5 MB | Sys Avail: 17050.9 MB / 65466.5 MB
[ "01:56:53.500" ][SystemMonitor] Stats Update: CPU App: 1.04167 % | Sys: 100 % | RAM App: 20144.5 MB | Sys Avail: 16538.9 MB / 65466.5 MB
[ "01:56:54.502" ][SystemMonitor] Stats Update: CPU App: 2.08333 % | Sys: 100 % | RAM App: 20144.5 MB | Sys Avail: 16098.3 MB / 65466.5 MB
[ "01:56:55.502" ][SystemMonitor] Stats Update: CPU App: 1.04167 % | Sys: 100 % | RAM App: 20144.5 MB | Sys Avail: 16430.5 MB / 65466.5 MB
TelemetryMonitor: Processed 300 frames. Current FPS: 62
[ "01:56:56.501" ][SystemMonitor] Stats Update: CPU App: 1.5625 % | Sys: 100 % | RAM App: 20144.6 MB | Sys Avail: 16156.8 MB / 65466.5 MB
[ "01:56:57.502" ][SystemMonitor] Stats Update: CPU App: 1.30208 % | Sys: 100 % | RAM App: 20144.6 MB | Sys Avail: 16567.4 MB / 65466.5 MB
[ "01:56:58.502" ][SystemMonitor] Stats Update: CPU App: 0.78125 % | Sys: 100 % | RAM App: 20144.6 MB | Sys Avail: 16948.1 MB / 65466.5 MB
[ "01:56:59.501" ][SystemMonitor] Stats Update: CPU App: 1.82292 % | Sys: 100 % | RAM App: 20144.6 MB | Sys Avail: 17151.7 MB / 65466.5 MB
[ "01:57:00.502" ][SystemMonitor] Stats Update: CPU App: 1.30208 % | Sys: 96.875 % | RAM App: 20144.6 MB | Sys Avail: 18330.8 MB / 65466.5 MB
TelemetryMonitor: Processed 300 frames. Current FPS: 62
[ "01:57:01.501" ][SystemMonitor] Stats Update: CPU App: 1.5625 % | Sys: 87.2396 % | RAM App: 20144.7 MB | Sys Avail: 18716.5 MB / 65466.5 MB
[ "01:57:02.502" ][SystemMonitor] Stats Update: CPU App: 1.30208 % | Sys: 55.4688 % | RAM App: 20142.7 MB | Sys Avail: 18748.3 MB / 65466.5 MB
[ "01:57:03.503" ][SystemMonitor] Stats Update: CPU App: 1.82292 % | Sys: 60.9375 % | RAM App: 20142.7 MB | Sys Avail: 18766.5 MB / 65466.5 MB
[ "01:57:04.503" ][SystemMonitor] Stats Update: CPU App: 1.5625 % | Sys: 91.9271 % | RAM App: 20142.7 MB | Sys Avail: 18772.8 MB / 65466.5 MB
[ "01:57:05.501" ][SystemMonitor] Stats Update: CPU App: 1.82292 % | Sys: 75.5208 % | RAM App: 20142.7 MB | Sys Avail: 18741.5 MB / 65466.5 MB
TelemetryMonitor: Processed 300 frames. Current FPS: 62
[ "01:57:06.501" ][SystemMonitor] Stats Update: CPU App: 0.520833 % | Sys: 39.8438 % | RAM App: 20142.8 MB | Sys Avail: 18723.2 MB / 65466.5 MB
[ "01:57:07.501" ][SystemMonitor] Stats Update: CPU App: 1.30208 % | Sys: 36.1979 % | RAM App: 20142.8 MB | Sys Avail: 18765.4 MB / 65466.5 MB
[ "01:57:08.502" ][SystemMonitor] Stats Update: CPU App: 0.78125 % | Sys: 40.1042 % | RAM App: 20142.8 MB | Sys Avail: 18777.8 MB / 65466.5 MB
[ "01:57:09.503" ][SystemMonitor] Stats Update: CPU App: 1.5625 % | Sys: 44.0104 % | RAM App: 20142.8 MB | Sys Avail: 18748 MB / 65466.5 MB
[ "01:57:10.502" ][SystemMonitor] Stats Update: CPU App: 1.30208 % | Sys: 38.8021 % | RAM App: 20142.8 MB | Sys Avail: 18753.3 MB / 65466.5 MB
TelemetryMonitor: Processed 300 frames. Current FPS: 62
[ "01:57:11.502" ][SystemMonitor] Stats Update: CPU App: 2.08333 % | Sys: 46.875 % | RAM App: 20142.8 MB | Sys Avail: 18774.5 MB / 65466.5 MB
[ "01:57:12.502" ][SystemMonitor] Stats Update: CPU App: 1.30208 % | Sys: 48.6979 % | RAM App: 20142.8 MB | Sys Avail: 18802.8 MB / 65466.5 MB
[ "01:57:13.502" ][SystemMonitor] Stats Update: CPU App: 0.78125 % | Sys: 42.1875 % | RAM App: 20142.8 MB | Sys Avail: 18812.1 MB / 65466.5 MB
[ "01:57:14.502" ][SystemMonitor] Stats Update: CPU App: 1.04167 % | Sys: 48.1771 % | RAM App: 20142.8 MB | Sys Avail: 18849.3 MB / 65466.5 MB
[ "01:57:15.500" ][SystemMonitor] Stats Update: CPU App: 1.30208 % | Sys: 60.1563 % | RAM App: 20142.8 MB | Sys Avail: 18938.8 MB / 65466.5 MB
TelemetryMonitor: Processed 300 frames. Current FPS: 62
[ "01:57:16.499" ][SystemMonitor] Stats Update: CPU App: 2.08333 % | Sys: 55.4688 % | RAM App: 20142.8 MB | Sys Avail: 18924.4 MB / 65466.5 MB
[ "01:57:17.502" ][SystemMonitor] Stats Update: CPU App: 0.78125 % | Sys: 46.3542 % | RAM App: 20142.8 MB | Sys Avail: 18927.3 MB / 65466.5 MB
[ "01:57:18.503" ][SystemMonitor] Stats Update: CPU App: 2.08333 % | Sys: 52.8646 % | RAM App: 20142.8 MB | Sys Avail: 18928.5 MB / 65466.5 MB
[ "01:57:19.500" ][SystemMonitor] Stats Update: CPU App: 0.78125 % | Sys: 46.6146 % | RAM App: 20142.8 MB | Sys Avail: 18906.9 MB / 65466.5 MB
[ "01:57:20.502" ][SystemMonitor] Stats Update: CPU App: 1.30208 % | Sys: 37.5 % | RAM App: 20142.8 MB | Sys Avail: 18915.2 MB / 65466.5 MB
TelemetryMonitor: Processed 300 frames. Current FPS: 62
[ "01:57:21.503" ][SystemMonitor] Stats Update: CPU App: 1.82292 % | Sys: 46.0938 % | RAM App: 20142.8 MB | Sys Avail: 18902.3 MB / 65466.5 MB
[ "01:57:22.500" ][SystemMonitor] Stats Update: CPU App: 1.04167 % | Sys: 42.4479 % | RAM App: 20142.8 MB | Sys Avail: 18807.2 MB / 65466.5 MB
[ "01:57:23.501" ][SystemMonitor] Stats Update: CPU App: 1.30208 % | Sys: 45.3125 % | RAM App: 20142.8 MB | Sys Avail: 18814.9 MB / 65466.5 MB
[ "01:57:24.499" ][SystemMonitor] Stats Update: CPU App: 2.08333 % | Sys: 55.7292 % | RAM App: 20142.8 MB | Sys Avail: 18791.2 MB / 65466.5 MB
[ "01:57:25.502" ][SystemMonitor] Stats Update: CPU App: 1.04167 % | Sys: 65.1042 % | RAM App: 20142.8 MB | Sys Avail: 18688.4 MB / 65466.5 MB
TelemetryMonitor: Processed 300 frames. Current FPS: 62
[ "01:57:26.505" ][SystemMonitor] Stats Update: CPU App: 1.30208 % | Sys: 83.0729 % | RAM App: 20142.8 MB | Sys Avail: 18599.4 MB / 65466.5 MB
[ "01:57:27.499" ][SystemMonitor] Stats Update: CPU App: 2.34375 % | Sys: 99.2188 % | RAM App: 20142.8 MB | Sys Avail: 18700.4 MB / 65466.5 MB
[ "01:57:28.505" ][SystemMonitor] Stats Update: CPU App: 0.520833 % | Sys: 100 % | RAM App: 20142.8 MB | Sys Avail: 18505.9 MB / 65466.5 MB
[ "01:57:29.502" ][SystemMonitor] Stats Update: CPU App: 1.82292 % | Sys: 100 % | RAM App: 20142.8 MB | Sys Avail: 18033.4 MB / 65466.5 MB
[ "01:57:30.501" ][SystemMonitor] Stats Update: CPU App: 1.04167 % | Sys: 100 % | RAM App: 20142.8 MB | Sys Avail: 17513.5 MB / 65466.5 MB
TelemetryMonitor: Processed 300 frames. Current FPS: 66
[ "01:57:31.503" ][SystemMonitor] Stats Update: CPU App: 1.30208 % | Sys: 100 % | RAM App: 20142.8 MB | Sys Avail: 16944 MB / 65466.5 MB
[ "01:57:32.502" ][SystemMonitor] Stats Update: CPU App: 2.08333 % | Sys: 100 % | RAM App: 20142.8 MB | Sys Avail: 16760.7 MB / 65466.5 MB
[ "01:57:33.503" ][SystemMonitor] Stats Update: CPU App: 1.5625 % | Sys: 100 % | RAM App: 20142.8 MB | Sys Avail: 16462.6 MB / 65466.5 MB
[ "01:57:34.502" ][SystemMonitor] Stats Update: CPU App: 1.82292 % | Sys: 100 % | RAM App: 20142.8 MB | Sys Avail: 16836.9 MB / 65466.5 MB
[ "01:57:35.503" ][SystemMonitor] Stats Update: CPU App: 1.5625 % | Sys: 100 % | RAM App: 20142.8 MB | Sys Avail: 16588.5 MB / 65466.5 MB
TelemetryMonitor: Processed 300 frames. Current FPS: 62
[ "01:57:36.503" ][SystemMonitor] Stats Update: CPU App: 1.82292 % | Sys: 100 % | RAM App: 20142.8 MB | Sys Avail: 16554.3 MB / 65466.5 MB
[ "01:57:37.500" ][SystemMonitor] Stats Update: CPU App: 0.78125 % | Sys: 100 % | RAM App: 20142.8 MB | Sys Avail: 16493.1 MB / 65466.5 MB
[ "01:57:38.503" ][SystemMonitor] Stats Update: CPU App: 1.30208 % | Sys: 100 % | RAM App: 20142.8 MB | Sys Avail: 16119.9 MB / 65466.5 MB
[ "01:57:39.504" ][SystemMonitor] Stats Update: CPU App: 1.30208 % | Sys: 100 % | RAM App: 20142.8 MB | Sys Avail: 15841.1 MB / 65466.5 MB
[ "01:57:40.503" ][SystemMonitor] Stats Update: CPU App: 1.5625 % | Sys: 100 % | RAM App: 20142.8 MB | Sys Avail: 16288.3 MB / 65466.5 MB
TelemetryMonitor: Processed 300 frames. Current FPS: 62
[ "01:57:41.499" ][SystemMonitor] Stats Update: CPU App: 0.78125 % | Sys: 100 % | RAM App: 20142.8 MB | Sys Avail: 16061.2 MB / 65466.5 MB
[ "01:57:42.503" ][SystemMonitor] Stats Update: CPU App: 2.34375 % | Sys: 100 % | RAM App: 20142.8 MB | Sys Avail: 16446.5 MB / 65466.5 MB
[ "01:57:43.613" ][SystemMonitor] Stats Update: CPU App: 1.17371 % | Sys: 100 % | RAM App: 20142.8 MB | Sys Avail: 17081.4 MB / 65466.5 MB
[ "01:57:44.616" ][SystemMonitor] Stats Update: CPU App: 1.5625 % | Sys: 100 % | RAM App: 20142.8 MB | Sys Avail: 17163.6 MB / 65466.5 MB
[ "01:57:45.612" ][SystemMonitor] Stats Update: CPU App: 1.5625 % | Sys: 100 % | RAM App: 20142.8 MB | Sys Avail: 18045.3 MB / 65466.5 MB
TelemetryMonitor: Processed 300 frames. Current FPS: 62
[ "01:57:46.612" ][SystemMonitor] Stats Update: CPU App: 1.82292 % | Sys: 100 % | RAM App: 20142.8 MB | Sys Avail: 18058 MB / 65466.5 MB
[ "01:57:47.616" ][SystemMonitor] Stats Update: CPU App: 1.82292 % | Sys: 100 % | RAM App: 20142.8 MB | Sys Avail: 17797.1 MB / 65466.5 MB
[ "01:57:48.615" ][SystemMonitor] Stats Update: CPU App: 0.78125 % | Sys: 100 % | RAM App: 20142.8 MB | Sys Avail: 17740.6 MB / 65466.5 MB
[ "01:57:49.620" ][SystemMonitor] Stats Update: CPU App: 1.5625 % | Sys: 100 % | RAM App: 20142.8 MB | Sys Avail: 17983.2 MB / 65466.5 MB
[ "01:57:50.615" ][SystemMonitor] Stats Update: CPU App: 1.04167 % | Sys: 100 % | RAM App: 20142.8 MB | Sys Avail: 17641.9 MB / 65466.5 MB
TelemetryMonitor: Processed 300 frames. Current FPS: 62
[ "01:57:51.609" ][SystemMonitor] Stats Update: CPU App: 1.82292 % | Sys: 100 % | RAM App: 20142.8 MB | Sys Avail: 17808 MB / 65466.5 MB
[ "01:57:52.609" ][SystemMonitor] Stats Update: CPU App: 1.82292 % | Sys: 99.4792 % | RAM App: 20142.8 MB | Sys Avail: 18031.1 MB / 65466.5 MB
[ "01:57:53.618" ][SystemMonitor] Stats Update: CPU App: 1.04167 % | Sys: 97.9167 % | RAM App: 20142.8 MB | Sys Avail: 18770.4 MB / 65466.5 MB
[ "01:57:54.615" ][SystemMonitor] Stats Update: CPU App: 1.82292 % | Sys: 88.8021 % | RAM App: 20142.8 MB | Sys Avail: 18848.5 MB / 65466.5 MB
[ "01:57:55.618" ][SystemMonitor] Stats Update: CPU App: 1.04167 % | Sys: 89.0625 % | RAM App: 20142.8 MB | Sys Avail: 18991.6 MB / 65466.5 MB
TelemetryMonitor: Processed 300 frames. Current FPS: 62
[ "01:57:56.610" ][SystemMonitor] Stats Update: CPU App: 1.5625 % | Sys: 63.8021 % | RAM App: 20142.8 MB | Sys Avail: 19016.9 MB / 65466.5 MB
[ "01:57:57.611" ][SystemMonitor] Stats Update: CPU App: 1.04167 % | Sys: 59.8958 % | RAM App: 20142.8 MB | Sys Avail: 18989.3 MB / 65466.5 MB
[ "01:57:58.616" ][SystemMonitor] Stats Update: CPU App: 0.78125 % | Sys: 70.3125 % | RAM App: 20142.8 MB | Sys Avail: 19173.6 MB / 65466.5 MB
[ "01:57:59.613" ][SystemMonitor] Stats Update: CPU App: 2.34375 % | Sys: 54.1667 % | RAM App: 20142.8 MB | Sys Avail: 19143.7 MB / 65466.5 MB
[ "01:58:00.611" ][SystemMonitor] Stats Update: CPU App: 0.78125 % | Sys: 53.3854 % | RAM App: 20142.8 MB | Sys Avail: 19230.8 MB / 65466.5 MB
TelemetryMonitor: Processed 300 frames. Current FPS: 62
[ "01:58:01.610" ][SystemMonitor] Stats Update: CPU App: 1.04167 % | Sys: 61.4583 % | RAM App: 20142.8 MB | Sys Avail: 19192.2 MB / 65466.5 MB
[ "01:58:02.609" ][SystemMonitor] Stats Update: CPU App: 1.30208 % | Sys: 53.6458 % | RAM App: 20142.8 MB | Sys Avail: 19139.8 MB / 65466.5 MB
[ "01:58:03.613" ][SystemMonitor] Stats Update: CPU App: 2.08333 % | Sys: 77.8646 % | RAM App: 20142.8 MB | Sys Avail: 19289.5 MB / 65466.5 MB
