================ ENVIRONMENT SNAPSHOT ================
OS              : "Windows 10 Version 22H2"
CPU Arch        : "x86_64" ( 6 logical threads)
Total System RAM: 65466.5 MB
GPU detected    : "NVIDIA GeForce GTX 1050 Ti" ( 4004 MB VRAM)
======================================================
[ "01:29:32.928" ][HWAccel] Requested mode: SettingsHelper::Auto
[ "01:29:32.928" ][HWAccel] Initiating Auto Fallback Chain...
[ "01:29:32.928" ][HWAccel] Attempting cuda ...
[ "01:29:32.928" ][HWAccel] SUCCESS: cuda initialized
[Diagnostics] Monitor started - running checks every 1000ms
SystemMonitor: Starting monitoring with interval 1000 ms
[ "01:29:33.024" ][SystemMonitor] Stats Update: CPU App: 0 % | Sys: 0 % | RAM App: 112.113 MB | Sys Avail: 28154.8 MB / 65466.5 MB
[SystemMonitor] Resource Update: RAM: 112.113 MB (Delta: 112.113 ) | VRAM: 46 MB (Delta: 46 )
[Diagnostics] Attached to ScrollBenchImageModel
[Diagnostics] Attached to SettingsHelper
[TaskScheduler] Started 2 CPU threads and 4 IO threads.
qrc:/ScrollBench/qml/SelectionActionBar.qml:17:5: Unable to assign [undefined] to int
[ "01:29:34.018" ][SystemMonitor] Stats Update: CPU App: 11.4583 % | Sys: 79.1667 % | RAM App: 184.129 MB | Sys Avail: 28140 MB / 65466.5 MB
[SystemMonitor] Resource Update: RAM: 184.129 MB (Delta: 72.0156 ) | VRAM: 73.5742 MB (Delta: 27.5742 )
[ "01:29:35.021" ][SystemMonitor] Stats Update: CPU App: 1.04167 % | Sys: 66.9271 % | RAM App: 186.238 MB | Sys Avail: 28193.5 MB / 65466.5 MB
[ "01:29:36.018" ][SystemMonitor] Stats Update: CPU App: 0.78125 % | Sys: 58.3333 % | RAM App: 186.305 MB | Sys Avail: 28121.2 MB / 65466.5 MB
[ "01:29:37.023" ][SystemMonitor] Stats Update: CPU App: 0.520833 % | Sys: 69.0104 % | RAM App: 186.414 MB | Sys Avail: 28390.8 MB / 65466.5 MB
[ "01:29:38.016" ][SystemMonitor] Stats Update: CPU App: 0.260417 % | Sys: 79.4271 % | RAM App: 186.461 MB | Sys Avail: 28349.1 MB / 65466.5 MB
TelemetryMonitor: Processed 300 frames. Current FPS: 62
[ "01:29:39.017" ][SystemMonitor] Stats Update: CPU App: 0.260417 % | Sys: 98.1771 % | RAM App: 186.484 MB | Sys Avail: 28435.1 MB / 65466.5 MB
[ "01:29:40.081" ][SystemMonitor] Stats Update: CPU App: 0.735294 % | Sys: 99.7549 % | RAM App: 186.582 MB | Sys Avail: 28438.5 MB / 65466.5 MB
[ "01:29:41.015" ][SystemMonitor] Stats Update: CPU App: 0.555556 % | Sys: 68.8889 % | RAM App: 186.496 MB | Sys Avail: 28445.4 MB / 65466.5 MB
[ "01:29:42.016" ][SystemMonitor] Stats Update: CPU App: 1.04167 % | Sys: 55.2083 % | RAM App: 186.516 MB | Sys Avail: 28431.5 MB / 65466.5 MB
[ "01:29:43.020" ][SystemMonitor] Stats Update: CPU App: 0.78125 % | Sys: 40.3646 % | RAM App: 186.566 MB | Sys Avail: 28451.5 MB / 65466.5 MB
TelemetryMonitor: Processed 300 frames. Current FPS: 62
[ "01:29:44.016" ][SystemMonitor] Stats Update: CPU App: 0.520833 % | Sys: 38.5417 % | RAM App: 186.621 MB | Sys Avail: 28461.2 MB / 65466.5 MB
[ "01:29:45.016" ][SystemMonitor] Stats Update: CPU App: 0.78125 % | Sys: 35.9375 % | RAM App: 186.656 MB | Sys Avail: 28450.5 MB / 65466.5 MB
[ "01:29:46.018" ][SystemMonitor] Stats Update: CPU App: 1.04167 % | Sys: 37.2396 % | RAM App: 186.68 MB | Sys Avail: 28458.6 MB / 65466.5 MB
[ "01:29:47.016" ][SystemMonitor] Stats Update: CPU App: 0 % | Sys: 38.2813 % | RAM App: 186.734 MB | Sys Avail: 28462.7 MB / 65466.5 MB
[ "01:29:48.017" ][SystemMonitor] Stats Update: CPU App: 0.520833 % | Sys: 42.1875 % | RAM App: 186.777 MB | Sys Avail: 28477.1 MB / 65466.5 MB
TelemetryMonitor: Processed 300 frames. Current FPS: 62
[ "01:29:49.016" ][SystemMonitor] Stats Update: CPU App: 0.260417 % | Sys: 37.2396 % | RAM App: 186.875 MB | Sys Avail: 28489.8 MB / 65466.5 MB
[ "01:29:50.017" ][SystemMonitor] Stats Update: CPU App: 0.520833 % | Sys: 38.8021 % | RAM App: 186.902 MB | Sys Avail: 28484.4 MB / 65466.5 MB
[ "01:29:51.016" ][SystemMonitor] Stats Update: CPU App: 1.04167 % | Sys: 40.3646 % | RAM App: 186.945 MB | Sys Avail: 28483.9 MB / 65466.5 MB
[ "01:29:52.016" ][SystemMonitor] Stats Update: CPU App: 0.78125 % | Sys: 37.2396 % | RAM App: 186.969 MB | Sys Avail: 28514.5 MB / 65466.5 MB
[ "01:29:53.016" ][SystemMonitor] Stats Update: CPU App: 1.04167 % | Sys: 43.2292 % | RAM App: 186.992 MB | Sys Avail: 28533.5 MB / 65466.5 MB
TelemetryMonitor: Processed 300 frames. Current FPS: 62
[ "01:29:54.015" ][SystemMonitor] Stats Update: CPU App: 1.04167 % | Sys: 39.5833 % | RAM App: 185.258 MB | Sys Avail: 28543.2 MB / 65466.5 MB
[ "01:29:55.016" ][SystemMonitor] Stats Update: CPU App: 0.520833 % | Sys: 41.6667 % | RAM App: 185.367 MB | Sys Avail: 28529.4 MB / 65466.5 MB
[ "01:29:56.016" ][SystemMonitor] Stats Update: CPU App: 0.78125 % | Sys: 46.875 % | RAM App: 185.445 MB | Sys Avail: 28525.9 MB / 65466.5 MB
[ "01:29:57.016" ][SystemMonitor] Stats Update: CPU App: 0.78125 % | Sys: 48.9583 % | RAM App: 185.488 MB | Sys Avail: 28451.7 MB / 65466.5 MB
[ "01:29:58.017" ][SystemMonitor] Stats Update: CPU App: 1.04167 % | Sys: 38.5417 % | RAM App: 185.52 MB | Sys Avail: 28480.9 MB / 65466.5 MB
TelemetryMonitor: Processed 300 frames. Current FPS: 62
[ "01:29:59.016" ][SystemMonitor] Stats Update: CPU App: 0.520833 % | Sys: 56.25 % | RAM App: 185.555 MB | Sys Avail: 28455.2 MB / 65466.5 MB
[ "01:30:00.017" ][SystemMonitor] Stats Update: CPU App: 0.78125 % | Sys: 46.0938 % | RAM App: 185.578 MB | Sys Avail: 28462.5 MB / 65466.5 MB
[ "01:30:01.016" ][SystemMonitor] Stats Update: CPU App: 1.30208 % | Sys: 38.0208 % | RAM App: 185.543 MB | Sys Avail: 28458.1 MB / 65466.5 MB
[ "01:30:02.016" ][SystemMonitor] Stats Update: CPU App: 1.30208 % | Sys: 33.3333 % | RAM App: 185.566 MB | Sys Avail: 28444 MB / 65466.5 MB
[ "01:30:03.017" ][SystemMonitor] Stats Update: CPU App: 1.04167 % | Sys: 42.1875 % | RAM App: 185.609 MB | Sys Avail: 28460.3 MB / 65466.5 MB
TelemetryMonitor: Processed 300 frames. Current FPS: 62
[ "01:30:04.016" ][SystemMonitor] Stats Update: CPU App: 0.78125 % | Sys: 40.8854 % | RAM App: 184.5 MB | Sys Avail: 28453.6 MB / 65466.5 MB
[ "01:30:05.016" ][SystemMonitor] Stats Update: CPU App: 0.78125 % | Sys: 40.1042 % | RAM App: 184.684 MB | Sys Avail: 28484.6 MB / 65466.5 MB
[ "01:30:06.017" ][SystemMonitor] Stats Update: CPU App: 0.520833 % | Sys: 37.5 % | RAM App: 184.723 MB | Sys Avail: 28487.2 MB / 65466.5 MB
[ "01:30:07.016" ][SystemMonitor] Stats Update: CPU App: 1.5625 % | Sys: 34.6354 % | RAM App: 184.742 MB | Sys Avail: 28482.3 MB / 65466.5 MB
[ "01:30:08.017" ][SystemMonitor] Stats Update: CPU App: 0.520833 % | Sys: 37.5 % | RAM App: 184.883 MB | Sys Avail: 28497.8 MB / 65466.5 MB
TelemetryMonitor: Processed 300 frames. Current FPS: 62
[ "01:30:09.016" ][SystemMonitor] Stats Update: CPU App: 1.04167 % | Sys: 35.4167 % | RAM App: 184.934 MB | Sys Avail: 28560.5 MB / 65466.5 MB
[ "01:30:10.016" ][SystemMonitor] Stats Update: CPU App: 0.78125 % | Sys: 38.2813 % | RAM App: 184.391 MB | Sys Avail: 28581.4 MB / 65466.5 MB
[ "01:30:11.015" ][SystemMonitor] Stats Update: CPU App: 23.9583 % | Sys: 65.8854 % | RAM App: 213.262 MB | Sys Avail: 28600.1 MB / 65466.5 MB
[ "01:30:12.017" ][SystemMonitor] Stats Update: CPU App: 4.42708 % | Sys: 43.75 % | RAM App: 216.285 MB | Sys Avail: 28602.1 MB / 65466.5 MB
[ "01:30:13.018" ][SystemMonitor] Stats Update: CPU App: 2.86458 % | Sys: 40.8854 % | RAM App: 216.441 MB | Sys Avail: 28609.8 MB / 65466.5 MB
TelemetryMonitor: Processed 300 frames. Current FPS: 62
[ "01:30:14.016" ][SystemMonitor] Stats Update: CPU App: 1.30208 % | Sys: 37.5 % | RAM App: 216.496 MB | Sys Avail: 28594.9 MB / 65466.5 MB
[ "01:30:15.016" ][SystemMonitor] Stats Update: CPU App: 0.260417 % | Sys: 37.7604 % | RAM App: 215.984 MB | Sys Avail: 28599 MB / 65466.5 MB
[ "01:30:16.017" ][SystemMonitor] Stats Update: CPU App: 1.04167 % | Sys: 40.3646 % | RAM App: 216.578 MB | Sys Avail: 28612.5 MB / 65466.5 MB
[ "01:30:17.017" ][SystemMonitor] Stats Update: CPU App: 0.520833 % | Sys: 40.8854 % | RAM App: 216.613 MB | Sys Avail: 28590.4 MB / 65466.5 MB
[ "01:30:18.017" ][SystemMonitor] Stats Update: CPU App: 3.64583 % | Sys: 40.1042 % | RAM App: 217.719 MB | Sys Avail: 28605.4 MB / 65466.5 MB
TelemetryMonitor: Processed 300 frames. Current FPS: 66
[ "01:30:19.017" ][SystemMonitor] Stats Update: CPU App: 0.78125 % | Sys: 35.9375 % | RAM App: 217.887 MB | Sys Avail: 28596.4 MB / 65466.5 MB
[ "01:30:20.016" ][SystemMonitor] Stats Update: CPU App: 3.125 % | Sys: 48.1771 % | RAM App: 217.672 MB | Sys Avail: 28565.2 MB / 65466.5 MB
[ "01:30:21.017" ][SystemMonitor] Stats Update: CPU App: 1.5625 % | Sys: 40.3646 % | RAM App: 218.914 MB | Sys Avail: 28581.3 MB / 65466.5 MB
[ "01:30:22.016" ][SystemMonitor] Stats Update: CPU App: 4.94792 % | Sys: 46.875 % | RAM App: 219.352 MB | Sys Avail: 28556.4 MB / 65466.5 MB
[NetworkScan] Detected mapped network drive: "I:\\MY SDCArds" Device: "\\\\?\\Volume{53c9d0f1-9d99-4d19-8241-f18cb8d6e107}\\"
[NetworkScan] Using non-incremental scan strategy for network path
Corrupt JPEG data: premature end of data segment
[AdaptiveIO] Stats:  "I:/"  Avg:  54  Limit:  2  ActiveWeight:  2
[AdaptiveIO] Stats:  "I:/"  Avg:  54.3  Limit:  6  ActiveWeight:  3
[ "01:30:22.928" ][VideoThumbnailer] Entering extractFrame for "I:/MY SDCArds/S22 ultra/100_CINE/MOV_0061.MP4"
[ "01:30:22.966" ][VideoThumbnailer] GPU decode enabled for "I:/MY SDCArds/S22 ultra/100_CINE/MOV_0061.MP4"
[AdaptiveIO] Stats:  "I:/"  Avg:  54.77  Limit:  6  ActiveWeight:  6
[AdaptiveIO] Stats:  "I:/"  Avg:  56.193  Limit:  6  ActiveWeight:  5
[ "01:30:23.001" ][VideoThumbnailer] GPU-decoded frame detected, transferring to CPU memory
[AdaptiveIO] Stats:  "I:/"  Avg:  58.8737  Limit:  6  ActiveWeight:  4
[ "01:30:23.014" ][VideoThumbnailer] Entering extractFrame for "I:/MY SDCArds/S22 ultra/100_CINE/MOV_0060.MP4"
[ "01:30:23.017" ][SystemMonitor] Stats Update: CPU App: 14.0625 % | Sys: 61.1979 % | RAM App: 247.148 MB | Sys Avail: 28501.2 MB / 65466.5 MB
[SystemMonitor] Resource Update: RAM: 247.148 MB (Delta: 63.0195 ) | VRAM: 74.207 MB (Delta: 0.632813 )
[ "01:30:23.043" ][VideoThumbnailer] GPU decode enabled for "I:/MY SDCArds/S22 ultra/100_CINE/MOV_0060.MP4"
[AdaptiveIO] Stats:  "I:/"  Avg:  61.5863  Limit:  6  ActiveWeight:  4
[ "01:30:23.101" ][VideoThumbnailer] Entering extractFrame for "I:/MY SDCArds/S22 ultra/100_CINE/MOV_0058.MP4"
[ "01:30:23.131" ][VideoThumbnailer] GPU decode enabled for "I:/MY SDCArds/S22 ultra/100_CINE/MOV_0058.MP4"
[AdaptiveIO] Stats:  "I:/"  Avg:  61.9277  Limit:  6  ActiveWeight:  4
[ "01:30:23.166" ][VideoThumbnailer] Entering extractFrame for "I:/MY SDCArds/S22 ultra/100_CINE/MOV_0056.MP4"
[ "01:30:23.220" ][VideoThumbnailer] GPU decode enabled for "I:/MY SDCArds/S22 ultra/100_CINE/MOV_0056.MP4"
[AdaptiveIO] Stats:  "I:/"  Avg:  68.2349  Limit:  6  ActiveWeight:  4
[ "01:30:24.034" ][SystemMonitor] Stats Update: CPU App: 19.4872 % | Sys: 64.8718 % | RAM App: 296.043 MB | Sys Avail: 28448.8 MB / 65466.5 MB
TelemetryMonitor: Processed 300 frames. Current FPS: 31
[ "01:30:25.033" ][SystemMonitor] Stats Update: CPU App: 16.4063 % | Sys: 63.5417 % | RAM App: 297.082 MB | Sys Avail: 28443.8 MB / 65466.5 MB
Using Qt multimedia with FFmpeg version 7.1.1 LGPL version 2.1 or later
Starting video (isCurrent): file:///I:/MY SDCArds/S22 ultra/Whatsapp/VID-20230809-WA0002.mp4
Starting video (isCurrent): file:///I:/MY SDCArds/S22 ultra/Whatsapp/VID-20230923-WA0011.mp4
[ "01:30:28.745" ][SystemMonitor] Stats Update: CPU App: 16.948 % | Sys: 53.6568 % | RAM App: 467.652 MB | Sys Avail: 28267.6 MB / 65466.5 MB
[SystemMonitor] Resource Update: RAM: 467.652 MB (Delta: 220.504 ) | VRAM: 74.207 MB (Delta: 0 )
[Diagnostics] CRITICAL: "Load stalled for 6s. Pending: 0. Stuck: None (Logic Error?)"
[DiagnosticsUI] CRITICAL ISSUE: Load stalled for 6s. Pending: 0. Stuck: None (Logic Error?)
[ "01:30:28.909" ][VideoThumbnailer] Entering extractFrame for "I:/MY SDCArds/S22 ultra/Camera/20250725_164701.heic"
[AdaptiveIO] Stats:  "I:/"  Avg:  61.8114  Limit:  6  ActiveWeight:  6
[AdaptiveIO] Stats:  "I:/"  Avg:  67.8303  Limit:  8  ActiveWeight:  8
[ "01:30:29.033" ][SystemMonitor] Stats Update: CPU App: 42.1053 % | Sys: 68.4211 % | RAM App: 647.938 MB | Sys Avail: 28096.7 MB / 65466.5 MB
[SystemMonitor] Resource Update: RAM: 647.938 MB (Delta: 180.285 ) | VRAM: 74.8633 MB (Delta: 0.65625 )
[Diagnostics] WARNING: "Viewport only showing 1 items - possible detection issue"
[Diagnostics] CRITICAL: "Load stalled for 7s. Pending: 8. Stuck: I:/MY SDCArds/S22 ultra/Camera/20250725_163908.jpg?idx=1069, I:/MY SDCArds/S22 ultra/Camera/20250725_164021.jpg?idx=1067, I:/MY SDCArds/S22 ultra/Camera/20250725_164941.jpg?idx=1061"
[DiagnosticsUI] CRITICAL ISSUE: Load stalled for 7s. Pending: 8. Stuck: I:/MY SDCArds/S22 ultra/Camera/20250725_163908.jpg?idx=1069, I:/MY SDCArds/S22 ultra/Camera/20250725_164021.jpg?idx=1067, I:/MY SDCArds/S22 ultra/Camera/20250725_164941.jpg?idx=1061
[AdaptiveIO] Stats:  "I:/"  Avg:  74.8473  Limit:  8  ActiveWeight:  8
[AdaptiveIO] Stats:  "I:/"  Avg:  81.5625  Limit:  8  ActiveWeight:  7
[ "01:30:29.065" ][VideoThumbnailer] Entering extractFrame for "I:/MY SDCArds/S22 ultra/Camera/20250725_170239.heic"
[ "01:30:29.067" ][VideoThumbnailer] Entering extractFrame for "I:/MY SDCArds/S22 ultra/Camera/20250725_164258.mp4"
[AdaptiveIO] Stats:  "I:/"  Avg:  73.4063  Limit:  8  ActiveWeight:  10
[AdaptiveIO] Stats:  "I:/"  Avg:  66.3657  Limit:  8  ActiveWeight:  9
[ "01:30:29.084" ][VideoThumbnailer] Entering extractFrame for "I:/MY SDCArds/S22 ultra/Camera/20260509_095953.heic"
[AdaptiveIO] Stats:  "I:/"  Avg:  75.1291  Limit:  8  ActiveWeight:  10
[AdaptiveIO] Stats:  "I:/"  Avg:  67.9162  Limit:  8  ActiveWeight:  9
setVisibleEndIndex called with: 800
[Diagnostics] CRITICAL: "Load stalled for 7s. Pending: 11. Stuck: I:/MY SDCArds/S22 ultra/Camera/20260606_103723.jpg"
[DiagnosticsUI] CRITICAL ISSUE: Load stalled for 7s. Pending: 11. Stuck: I:/MY SDCArds/S22 ultra/Camera/20260606_103723.jpg
[ViewportCulling] Current settings: m_viewportCullingEnabled= true , BUFFER_SIZE= 50
[ViewportCulling] RANGE UPDATE: 
  Viewport indices: 0 to 800 ( 801 items) 
  Buffered range: 0 to 850 ( 851 items with BUFFER_SIZE= 50 ) 
  Total items in model: 8948
[ViewportCulling] Setting 851 visible paths in VRM
[VRM] Total visible paths: 851 Sample: "I:/MY SDCArds/S22 ultra/Facebook/FB_IMG_1637162332411.jpg"
[ViewportCulling] Requested: 851 | Already loaded: 0 | Total in range: 851
Viewport settled at: 0 - 800
[ "01:30:29.099" ][VideoThumbnailer] Entering extractFrame for "I:/MY SDCArds/S22 ultra/Camera/20260311_161723.heic"
[AdaptiveIO] Stats:  "I:/"  Avg:  61.5246  Limit:  8  ActiveWeight:  60
[AdaptiveIO] Stats:  "I:/"  Avg:  58.2721  Limit:  8  ActiveWeight:  59
[ "01:30:29.133" ][VideoThumbnailer] Entering extractFrame for "I:/MY SDCArds/S22 ultra/Camera/20260313_085854.heic"
[AdaptiveIO] Stats:  "I:/"  Avg:  52.4449  Limit:  8  ActiveWeight:  58
[ "01:30:29.139" ][VideoThumbnailer] Entering extractFrame for "I:/MY SDCArds/S22 ultra/Camera/20260315_201735.mp4"
[AdaptiveIO] Stats:  "I:/"  Avg:  47.2004  Limit:  8  ActiveWeight:  57
processPendingUpdates: Emitted dataChanged for range: 0 to 19
[ "01:30:29.153" ][VideoThumbnailer] Entering extractFrame for "I:/MY SDCArds/S22 ultra/Camera/20260615_161644.heic"
[ "01:30:29.163" ][VideoThumbnailer] GPU decode enabled for "I:/MY SDCArds/S22 ultra/Camera/20260615_161644.heic"
processPendingUpdates: Emitted dataChanged for range: 20 to 39
[AdaptiveIO] Stats:  "I:/"  Avg:  66.1804  Limit:  8  ActiveWeight:  64
[AdaptiveIO] Stats:  "I:/"  Avg:  83.8623  Limit:  8  ActiveWeight:  60
[AdaptiveIO] Stats:  "I:/"  Avg:  111.476  Limit:  8  ActiveWeight:  59
processPendingUpdates: Emitted dataChanged for range: 40 to 59
[ "01:30:29.452" ][VideoThumbnailer] Entering extractFrame for "I:/MY SDCArds/S22 ultra/Camera/20260312_110058.heic"
[AdaptiveIO] Stats:  "I:/"  Avg:  100.328  Limit:  8  ActiveWeight:  58
[AdaptiveIO] Stats:  "I:/"  Avg:  121.796  Limit:  8  ActiveWeight:  57
[ "01:30:29.486" ][VideoThumbnailer] Entering extractFrame for "I:/MY SDCArds/S22 ultra/Camera/129e42681cac315687ba79e014fd37fa.mp4"
[AdaptiveIO] Stats:  "I:/"  Avg:  109.616  Limit:  8  ActiveWeight:  56
[ "01:30:29.502" ][VideoThumbnailer] Entering extractFrame for "I:/MY SDCArds/S22 ultra/Camera/20260313_112133.heic"
[AdaptiveIO] Stats:  "I:/"  Avg:  98.6545  Limit:  8  ActiveWeight:  55
[AdaptiveIO] Stats:  "I:/"  Avg:  124.089  Limit:  8  ActiveWeight:  54
[AdaptiveIO] Stats:  "I:/"  Avg:  124.08  Limit:  8  ActiveWeight:  53
[AdaptiveIO] Stats:  "I:/"  Avg:  112.772  Limit:  8  ActiveWeight:  52
[AdaptiveIO] Stats:  "I:/"  Avg:  102.495  Limit:  8  ActiveWeight:  52
[ "01:30:29.547" ][VideoThumbnailer] Entering extractFrame for "I:/MY SDCArds/S22 ultra/Camera/20260316_083405.heic"
[AdaptiveIO] Stats:  "I:/"  Avg:  93.3454  Limit:  8  ActiveWeight:  51
[ "01:30:29.548" ][VideoThumbnailer] Entering extractFrame for "I:/MY SDCArds/S22 ultra/Camera/244cd01932b98c5592f03d82be7b4795.mp4"
[AdaptiveIO] Stats:  "I:/"  Avg:  84.0109  Limit:  8  ActiveWeight:  49
[AdaptiveIO] Stats:  "I:/"  Avg:  75.8098  Limit:  8  ActiveWeight:  48
[ "01:30:29.551" ][VideoThumbnailer] Entering extractFrame for "I:/MY SDCArds/S22 ultra/Camera/20260316_195129.heic"
[AdaptiveIO] Stats:  "I:/"  Avg:  68.3288  Limit:  8  ActiveWeight:  47
[ "01:30:29.553" ][VideoThumbnailer] Entering extractFrame for "I:/MY SDCArds/S22 ultra/Camera/20260317_134151.heic"
[AdaptiveIO] Stats:  "I:/"  Avg:  61.8959  Limit:  8  ActiveWeight:  46
[AdaptiveIO] Stats:  "I:/"  Avg:  55.8063  Limit:  8  ActiveWeight:  45
[ "01:30:29.559" ][VideoThumbnailer] Entering extractFrame for "I:/MY SDCArds/S22 ultra/Camera/20260317_202422.heic"
[ "01:30:29.559" ][VideoThumbnailer] Entering extractFrame for "I:/MY SDCArds/S22 ultra/Camera/20260317_202423.heic"
[ "01:30:29.559" ][VideoThumbnailer] Entering extractFrame for "I:/MY SDCArds/S22 ultra/Camera/305fd731c329dd1439aee9a4ea83b31a.mp4"
[AdaptiveIO] Stats:  "I:/"  Avg:  50.2257  Limit:  8  ActiveWeight:  44
[AdaptiveIO] Stats:  "I:/"  Avg:  45.9031  Limit:  8  ActiveWeight:  43
[AdaptiveIO] Stats:  "I:/"  Avg:  42.2128  Limit:  8  ActiveWeight:  42
[AdaptiveIO] Stats:  "I:/"  Avg:  39.7915  Limit:  8  ActiveWeight:  41
[AdaptiveIO] Stats:  "I:/"  Avg:  37.3124  Limit:  8  ActiveWeight:  40
processPendingUpdates: Emitted dataChanged for range: 60 to 79
[ "01:30:29.608" ][VideoThumbnailer] Entering extractFrame for "I:/MY SDCArds/S22 ultra/Camera/359a15de79c48405f2d5da40640b97b5.mp4"
[AdaptiveIO] Stats:  "I:/"  Avg:  33.6811  Limit:  8  ActiveWeight:  39
processPendingUpdates: Emitted dataChanged for range: 80 to 99
[AdaptiveIO] Stats:  "I:/"  Avg:  42.613  Limit:  8  ActiveWeight:  38
[ "01:30:29.744" ][VideoThumbnailer] Entering extractFrame for "I:/MY SDCArds/S22 ultra/Camera/20260320_100916.heic"
[AdaptiveIO] Stats:  "I:/"  Avg:  38.3517  Limit:  8  ActiveWeight:  37
[AdaptiveIO] Stats:  "I:/"  Avg:  53.0166  Limit:  8  ActiveWeight:  36
[AdaptiveIO] Stats:  "I:/"  Avg:  60.2149  Limit:  8  ActiveWeight:  35
[ "01:30:29.765" ][VideoThumbnailer] Entering extractFrame for "I:/MY SDCArds/S22 ultra/Camera/20260320_142207.heic"
[AdaptiveIO] Stats:  "I:/"  Avg:  55.0934  Limit:  8  ActiveWeight:  34
[AdaptiveIO] Stats:  "I:/"  Avg:  49.7841  Limit:  8  ActiveWeight:  33
[ "01:30:29.769" ][VideoThumbnailer] Entering extractFrame for "I:/MY SDCArds/S22 ultra/Camera/20260320_142027.heic"
[AdaptiveIO] Stats:  "I:/"  Avg:  44.9057  Limit:  8  ActiveWeight:  32
[AdaptiveIO] Stats:  "I:/"  Avg:  58.7151  Limit:  8  ActiveWeight:  31
processPendingUpdates: Emitted dataChanged for range: 100 to 119
[ "01:30:29.795" ][VideoThumbnailer] Entering extractFrame for "I:/MY SDCArds/S22 ultra/Camera/532d8ad6009f7a76f0f7b3e96fdeb1c8.mp4"
[AdaptiveIO] Stats:  "I:/"  Avg:  52.8436  Limit:  8  ActiveWeight:  34
[AdaptiveIO] Stats:  "I:/"  Avg:  50.9592  Limit:  8  ActiveWeight:  49
processPendingUpdates: Emitted dataChanged for range: 120 to 139
[AdaptiveIO] Stats:  "I:/"  Avg:  46.7633  Limit:  8  ActiveWeight:  48
processPendingUpdates: Emitted dataChanged for range: 140 to 159
[ "01:30:29.940" ][VideoThumbnailer] Entering extractFrame for "I:/MY SDCArds/S22 ultra/Camera/2e5d3e86f276ceefd440bb7a6effba3a.mp4"
[AdaptiveIO] Stats:  "I:/"  Avg:  42.087  Limit:  10  ActiveWeight:  47
[AdaptiveIO] Stats:  "I:/"  Avg:  52.6783  Limit:  10  ActiveWeight:  46
[AdaptiveIO] Stats:  "I:/"  Avg:  61.3104  Limit:  10  ActiveWeight:  45
[AdaptiveIO] Stats:  "I:/"  Avg:  56.0794  Limit:  10  ActiveWeight:  44
[AdaptiveIO] Stats:  "I:/"  Avg:  68.8715  Limit:  10  ActiveWeight:  43
[AdaptiveIO] Stats:  "I:/"  Avg:  68.2843  Limit:  10  ActiveWeight:  42
[ "01:30:30.034" ][SystemMonitor] Stats Update: CPU App: 58.8542 % | Sys: 97.6563 % | RAM App: 1329.38 MB | Sys Avail: 27401.3 MB / 65466.5 MB
[SystemMonitor] Resource Update: RAM: 1329.38 MB (Delta: 681.441 ) | VRAM: 74.2656 MB (Delta: -0.597656 )
processPendingUpdates: Emitted dataChanged for range: 160 to 179
[AdaptiveIO] Stats:  "I:/"  Avg:  67.4559  Limit:  10  ActiveWeight:  41
[AdaptiveIO] Stats:  "I:/"  Avg:  61.6103  Limit:  10  ActiveWeight:  40
[ "01:30:30.040" ][VideoThumbnailer] Entering extractFrame for "I:/MY SDCArds/S22 ultra/Camera/3b69154fbebc2fd1e6d4e61be896240f.mp4"
[AdaptiveIO] Stats:  "I:/"  Avg:  55.4493  Limit:  10  ActiveWeight:  39
[AdaptiveIO] Stats:  "I:/"  Avg:  55.3043  Limit:  10  ActiveWeight:  38
[AdaptiveIO] Stats:  "I:/"  Avg:  50.7739  Limit:  10  ActiveWeight:  37
[AdaptiveIO] Stats:  "I:/"  Avg:  45.8965  Limit:  10  ActiveWeight:  36
[AdaptiveIO] Stats:  "I:/"  Avg:  42.3069  Limit:  10  ActiveWeight:  35
[ "01:30:30.099" ][VideoThumbnailer] Entering extractFrame for "I:/MY SDCArds/S22 ultra/Camera/622b1a61d57021a5cfb554d92243e192.mp4"
[AdaptiveIO] Stats:  "I:/"  Avg:  38.0762  Limit:  10  ActiveWeight:  40
[AdaptiveIO] Stats:  "I:/"  Avg:  35.5686  Limit:  10  ActiveWeight:  39
[AdaptiveIO] Stats:  "I:/"  Avg:  34.3117  Limit:  10  ActiveWeight:  38
[AdaptiveIO] Stats:  "I:/"  Avg:  31.0805  Limit:  10  ActiveWeight:  39
processPendingUpdates: Emitted dataChanged for range: 180 to 199
[AdaptiveIO] Stats:  "I:/"  Avg:  30.9725  Limit:  10  ActiveWeight:  38
[ "01:30:30.213" ][VideoThumbnailer] Entering extractFrame for "I:/MY SDCArds/S22 ultra/Camera/698ec1107c3134347d2d3b329f6d5748.mp4"
[AdaptiveIO] Stats:  "I:/"  Avg:  27.9752  Limit:  10  ActiveWeight:  37
[AdaptiveIO] Stats:  "I:/"  Avg:  26.1777  Limit:  10  ActiveWeight:  36
processPendingUpdates: Emitted dataChanged for range: 200 to 219
[AdaptiveIO] Stats:  "I:/"  Avg:  23.9599  Limit:  10  ActiveWeight:  36
[AdaptiveIO] Stats:  "I:/"  Avg:  37.0639  Limit:  10  ActiveWeight:  35
[AdaptiveIO] Stats:  "I:/"  Avg:  49.9575  Limit:  10  ActiveWeight:  34
[PhotoViewer] Image source changed to: file:///I:/MY SDCArds/S22 ultra/Videocaptures/VideoCapture_20250110-122217.jpg?v=undefined
[PhotoViewer] Image status: 2 for index: 2
[AdaptiveIO] Stats:  "I:/"  Avg:  65.5618  Limit:  10  ActiveWeight:  42
[AdaptiveIO] Stats:  "I:/"  Avg:  59.8056  Limit:  10  ActiveWeight:  41
[AdaptiveIO] Stats:  "I:/"  Avg:  55.6251  Limit:  10  ActiveWeight:  40
[ "01:30:30.355" ][VideoThumbnailer] Entering extractFrame for "I:/MY SDCArds/S22 ultra/Camera/0833fe746c091f2e1447cbdc6712279a.mp4"
[AdaptiveIO] Stats:  "I:/"  Avg:  50.0625  Limit:  10  ActiveWeight:  39
[AdaptiveIO] Stats:  "I:/"  Avg:  45.7563  Limit:  10  ActiveWeight:  38
processPendingUpdates: Emitted dataChanged for range: 220 to 229
[ "01:30:30.371" ][VideoThumbnailer] Entering extractFrame for "I:/MY SDCArds/S22 ultra/Camera/20260122_131908.heic"
[AdaptiveIO] Stats:  "I:/"  Avg:  41.2807  Limit:  10  ActiveWeight:  37
[AdaptiveIO] Stats:  "I:/"  Avg:  37.8526  Limit:  10  ActiveWeight:  36
processPendingUpdates: Emitted dataChanged for range: 230 to 249
[ "01:30:30.392" ][VideoThumbnailer] Entering extractFrame for "I:/MY SDCArds/S22 ultra/Camera/20251113_144245.heic"
[AdaptiveIO] Stats:  "I:/"  Avg:  34.1673  Limit:  10  ActiveWeight:  39
[ "01:30:30.411" ][VideoThumbnailer] Entering extractFrame for "I:/MY SDCArds/S22 ultra/Camera/849e3afbf19e6f76c499963247a3f97a.mp4"
[AdaptiveIO] Stats:  "I:/"  Avg:  30.7506  Limit:  10  ActiveWeight:  38
[PhotoViewer] Image status: 1 for index: 2
processPendingUpdates: Emitted dataChanged for range: 250 to 269
[AdaptiveIO] Stats:  "I:/"  Avg:  35.6755  Limit:  10  ActiveWeight:  37
processPendingUpdates: Emitted dataChanged for range: 270 to 279
[AdaptiveIO] Stats:  "I:/"  Avg:  43.508  Limit:  10  ActiveWeight:  36
[AdaptiveIO] Stats:  "I:/"  Avg:  47.4572  Limit:  10  ActiveWeight:  35
processPendingUpdates: Emitted dataChanged for range: 280 to 289
[AdaptiveIO] Stats:  "I:/"  Avg:  43.9115  Limit:  10  ActiveWeight:  38
[AdaptiveIO] Stats:  "I:/"  Avg:  42.5203  Limit:  10  ActiveWeight:  39
[ "01:30:30.574" ][VideoThumbnailer] Entering extractFrame for "I:/MY SDCArds/S22 ultra/Camera/863ba5b6a6a1e27ebf88d2b96d3a72ba.mp4"
[AdaptiveIO] Stats:  "I:/"  Avg:  54.1683  Limit:  10  ActiveWeight:  38
[AdaptiveIO] Stats:  "I:/"  Avg:  48.8515  Limit:  10  ActiveWeight:  37
processPendingUpdates: Emitted dataChanged for range: 290 to 299
[AdaptiveIO] Stats:  "I:/"  Avg:  45.6663  Limit:  10  ActiveWeight:  36
processPendingUpdates: Emitted dataChanged for range: 300 to 309
[AdaptiveIO] Stats:  "I:/"  Avg:  43.9997  Limit:  10  ActiveWeight:  36
[AdaptiveIO] Stats:  "I:/"  Avg:  40.4997  Limit:  10  ActiveWeight:  36
[ "01:30:30.654" ][VideoThumbnailer] Entering extractFrame for "I:/MY SDCArds/S22 ultra/Camera/VID-20230315-WA0004.mp4"
[AdaptiveIO] Stats:  "I:/"  Avg:  36.4497  Limit:  10  ActiveWeight:  37
processPendingUpdates: Emitted dataChanged for range: 310 to 329
[AdaptiveIO] Stats:  "I:/"  Avg:  36.5048  Limit:  10  ActiveWeight:  36
[AdaptiveIO] Stats:  "I:/"  Avg:  43.2543  Limit:  10  ActiveWeight:  36
[AdaptiveIO] Stats:  "I:/"  Avg:  40.5289  Limit:  10  ActiveWeight:  36
[ "01:30:30.733" ][VideoThumbnailer] Entering extractFrame for "I:/MY SDCArds/S22 ultra/Camera/20260526_174230.heic"
[ "01:30:30.735" ][VideoThumbnailer] Entering extractFrame for "I:/MY SDCArds/S22 ultra/Camera/20260526_174659.heic"
processPendingUpdates: Emitted dataChanged for range: 330 to 349
[ "01:30:30.749" ][VideoThumbnailer] Entering extractFrame for "I:/MY SDCArds/S22 ultra/Camera/20260526_113042.heic"
[ "01:30:30.750" ][VideoThumbnailer] Entering extractFrame for "I:/MY SDCArds/S22 ultra/Camera/909c35d7aa2bf2cc78f973e0bcffcadb.mp4"
processPendingUpdates: Emitted dataChanged for range: 350 to 369
[ "01:30:30.850" ][VideoThumbnailer] Entering extractFrame for "I:/MY SDCArds/S22 ultra/Camera/937b9d9fb5fecb91f26651cad138c9f2.mp4"
[ "01:30:30.879" ][VideoThumbnailer] Entering extractFrame for "I:/MY SDCArds/S22 ultra/Camera/20260527_095955.heic"
[ "01:30:30.895" ][VideoThumbnailer] Entering extractFrame for "I:/MY SDCArds/S22 ultra/Camera/fa9b9e4e6957ebbc71efc4f467a9905d.mp4"
processPendingUpdates: Emitted dataChanged for range: 370 to 389
processPendingUpdates: Emitted dataChanged for range: 390 to 399
[ "01:30:31.030" ][SystemMonitor] Stats Update: CPU App: 60.582 % | Sys: 93.1217 % | RAM App: 2095.05 MB | Sys Avail: 26645.7 MB / 65466.5 MB
[SystemMonitor] Resource Update: RAM: 2095.05 MB (Delta: 765.676 ) | VRAM: 120.211 MB (Delta: 45.9453 )
processPendingUpdates: Emitted dataChanged for range: 400 to 419
[ "01:30:31.039" ][VideoThumbnailer] Entering extractFrame for "I:/MY SDCArds/S22 ultra/Camera/946d1797055b1d45ed9ba152c6d4db11.mp4"
processPendingUpdates: Emitted dataChanged for range: 420 to 429
processPendingUpdates: Emitted dataChanged for range: 430 to 449
[ "01:30:31.184" ][VideoThumbnailer] Entering extractFrame for "I:/MY SDCArds/S22 ultra/Camera/2157db40a81fafeb6293e0f8f0a9eed1.mp4"
processPendingUpdates: Emitted dataChanged for range: 450 to 469
[ "01:30:31.280" ][VideoThumbnailer] Entering extractFrame for "I:/MY SDCArds/S22 ultra/Camera/20251227_162959.heic"
processPendingUpdates: Emitted dataChanged for range: 470 to 489
processPendingUpdates: Emitted dataChanged for range: 490 to 499
[ "01:30:31.344" ][VideoThumbnailer] Entering extractFrame for "I:/MY SDCArds/S22 ultra/Camera/3996acec79970bcd86eddd1a265f5030.mp4"
processPendingUpdates: Emitted dataChanged for range: 500 to 509
processPendingUpdates: Emitted dataChanged for range: 510 to 529
[ "01:30:31.444" ][VideoThumbnailer] Entering extractFrame for "I:/MY SDCArds/S22 ultra/Camera/5750e6869edab59846a65acd7dc2e8ff.mp4"
processPendingUpdates: Emitted dataChanged for range: 530 to 549
processPendingUpdates: Emitted dataChanged for range: 550 to 559
processPendingUpdates: Emitted dataChanged for range: 560 to 579
[ "01:30:31.599" ][VideoThumbnailer] Entering extractFrame for "I:/MY SDCArds/S22 ultra/Screen recordings/Screen_Recording_20260322_104035_Facebook.mp4"
[AdaptiveIO] Stats:  "I:/"  Avg:  72.0709  Limit:  6  ActiveWeight:  30
processPendingUpdates: Emitted dataChanged for range: 580 to 599
[ "01:30:31.710" ][VideoThumbnailer] Entering extractFrame for "I:/MY SDCArds/S22 ultra/Camera/51486ba4d604deeaee445c90e60affcf.mp4"
processPendingUpdates: Emitted dataChanged for range: 600 to 609
processPendingUpdates: Emitted dataChanged for range: 610 to 619
processPendingUpdates: Emitted dataChanged for range: 620 to 639
processPendingUpdates: Emitted dataChanged for range: 640 to 649
processPendingUpdates: Emitted dataChanged for range: 650 to 669
[ "01:30:32.004" ][VideoThumbnailer] Entering extractFrame for "I:/MY SDCArds/S22 ultra/Camera/069137efc3b20bc4cebcc654c5884f14.mp4"
processPendingUpdates: Emitted dataChanged for range: 670 to 689
[ "01:30:32.037" ][SystemMonitor] Stats Update: CPU App: 61.7949 % | Sys: 99.2308 % | RAM App: 2837.86 MB | Sys Avail: 25891.3 MB / 65466.5 MB
[SystemMonitor] Resource Update: RAM: 2837.86 MB (Delta: 742.805 ) | VRAM: 160.918 MB (Delta: 40.707 )
processPendingUpdates: Emitted dataChanged for range: 690 to 699
[ "01:30:32.152" ][VideoThumbnailer] Entering extractFrame for "I:/MY SDCArds/S22 ultra/Camera/531134dac9b1af080ca7aeeb776bbf50.mp4"
processPendingUpdates: Emitted dataChanged for range: 700 to 709
processPendingUpdates: Emitted dataChanged for range: 710 to 719
processPendingUpdates: Emitted dataChanged for range: 720 to 729
[ "01:30:32.293" ][VideoThumbnailer] Entering extractFrame for "I:/MY SDCArds/S22 ultra/Camera/47c9a60562e98c98f4830cf33a0941e6.mp4"
[Performance] SLOW LOAD detected: 571 ms for "I:/MY SDCArds/S22 ultra/Camera/20251223_191342.jpg"
processPendingUpdates: Emitted dataChanged for range: 730 to 739
processPendingUpdates: Emitted dataChanged for range: 740 to 759
[ "01:30:32.421" ][VideoThumbnailer] Entering extractFrame for "I:/MY SDCArds/S22 ultra/Camera/ebd1c0d2f2e5140a51d207c2b89e9197.mp4"
processPendingUpdates: Emitted dataChanged for range: 760 to 779
processPendingUpdates: Emitted dataChanged for range: 780 to 789
processPendingUpdates: Emitted dataChanged for range: 790 to 799
[ "01:30:32.606" ][VideoThumbnailer] Entering extractFrame for "I:/MY SDCArds/S22 ultra/Camera/607494d83d9287894d819f0cea02cea9.mp4"
[ "01:30:32.629" ][VideoThumbnailer] Entering extractFrame for "I:/MY SDCArds/S22 ultra/Camera/20251106_134935.heic"
processPendingUpdates: Emitted dataChanged for range: 800 to 809
processPendingUpdates: Emitted dataChanged for range: 810 to 829
[ "01:30:32.676" ][VideoThumbnailer] Entering extractFrame for "I:/MY SDCArds/S22 ultra/Camera/20251106_105201.heic"
[ "01:30:32.698" ][VideoThumbnailer] Entering extractFrame for "I:/MY SDCArds/S22 ultra/Camera/598299a40fd386365ca8d3aed94731e0.mp4"
processPendingUpdates: Emitted dataChanged for range: 830 to 849
processPendingUpdates: Emitted dataChanged for range: 850 to 850
[ "01:30:32.791" ][VideoThumbnailer] Entering extractFrame for "I:/MY SDCArds/S22 ultra/Camera/20251111_163142.heic"
[ "01:30:32.809" ][VideoThumbnailer] Entering extractFrame for "I:/MY SDCArds/S22 ultra/Camera/613004b735f7cc60008abe9bc61fe178.mp4"
[ "01:30:32.837" ][VideoThumbnailer] Entering extractFrame for "I:/MY SDCArds/S22 ultra/Camera/20251223_192041.heic"
[ "01:30:32.877" ][VideoThumbnailer] Entering extractFrame for "I:/MY SDCArds/S22 ultra/Camera/20251223_192153.heic"
[ "01:30:32.902" ][VideoThumbnailer] Entering extractFrame for "I:/MY SDCArds/S22 ultra/Camera/6297322f3bd5f18cd1be1562bd92e74a.mp4"
[AdaptiveIO] Stats:  "I:/"  Avg:  46.2003  Limit:  4  ActiveWeight:  30
[ "01:30:32.923" ][VideoThumbnailer] Entering extractFrame for "I:/MY SDCArds/S22 ultra/Camera/20251223_192151.heic"
[ "01:30:33.033" ][SystemMonitor] Stats Update: CPU App: 57.5521 % | Sys: 98.6979 % | RAM App: 3602.44 MB | Sys Avail: 25128.3 MB / 65466.5 MB
[SystemMonitor] Resource Update: RAM: 3602.44 MB (Delta: 764.578 ) | VRAM: 164.965 MB (Delta: 4.04688 )
[ "01:30:33.108" ][VideoThumbnailer] Entering extractFrame for "I:/MY SDCArds/S22 ultra/Camera/20260105_170742.mp4"
[ "01:30:33.142" ][VideoThumbnailer] Entering extractFrame for "I:/MY SDCArds/S22 ultra/Camera/20251114_091159.heic"
[ "01:30:33.258" ][VideoThumbnailer] Entering extractFrame for "I:/MY SDCArds/S22 ultra/Camera/8443591f33bc194b3513f322b8c781be.mp4"
[ "01:30:33.316" ][VideoThumbnailer] Entering extractFrame for "I:/MY SDCArds/S22 ultra/Camera/20260606_103731.heic"
[ "01:30:33.385" ][VideoThumbnailer] Entering extractFrame for "I:/MY SDCArds/S22 ultra/Camera/20260610_065048.mp4"
[ "01:30:33.514" ][VideoThumbnailer] Entering extractFrame for "I:/MY SDCArds/S22 ultra/Camera/20260513_151738.heic"
[ "01:30:33.615" ][VideoThumbnailer] Entering extractFrame for "I:/MY SDCArds/S22 ultra/Screen recordings/Screen_Recording_20260323_091759_Facebook.mp4"
[ "01:30:33.684" ][VideoThumbnailer] Entering extractFrame for "I:/MY SDCArds/S22 ultra/Camera/20260122_131917.heic"
[ "01:30:33.719" ][VideoThumbnailer] Entering extractFrame for "I:/MY SDCArds/S22 ultra/Camera/c42a6d2b497dfcef0118e25f6fba0b35.mp4"
[ "01:30:33.872" ][VideoThumbnailer] Entering extractFrame for "I:/MY SDCArds/S22 ultra/Movies/VID-20230903-WA0001.mp4"
[ "01:30:33.885" ][VideoThumbnailer] Entering extractFrame for "I:/MY SDCArds/S22 ultra/Camera/20260120_084853.heic"
[ "01:30:33.908" ][VideoThumbnailer] Entering extractFrame for "I:/MY SDCArds/S22 ultra/Camera/20260122_131929.heic"
[ "01:30:33.925" ][VideoThumbnailer] Entering extractFrame for "I:/MY SDCArds/S22 ultra/Camera/a8b06f9b40ddb82cf82216a4dfad3fbd.mp4"
[ "01:30:33.996" ][VideoThumbnailer] Entering extractFrame for "I:/MY SDCArds/S22 ultra/Camera/20251130_102458.heic"
[ "01:30:34.010" ][VideoThumbnailer] Entering extractFrame for "I:/MY SDCArds/S22 ultra/Camera/20260214_171604.heic"
[ "01:30:34.034" ][VideoThumbnailer] Entering extractFrame for "I:/MY SDCArds/S22 ultra/Camera/198828937b76e9d2df0326d92008c483.mp4"
[ "01:30:34.035" ][SystemMonitor] Stats Update: CPU App: 61.9792 % | Sys: 93.4896 % | RAM App: 4421.02 MB | Sys Avail: 24308.8 MB / 65466.5 MB
[SystemMonitor] Resource Update: RAM: 4421.02 MB (Delta: 818.578 ) | VRAM: 339.449 MB (Delta: 174.484 )
[AdaptiveIO] Stats:  "I:/"  Avg:  29.0631  Limit:  4  ActiveWeight:  31
[ "01:30:34.050" ][VideoThumbnailer] Entering extractFrame for "I:/MY SDCArds/S22 ultra/Camera/20260304_102533.heic"
[ "01:30:34.086" ][VideoThumbnailer] Entering extractFrame for "I:/MY SDCArds/S22 ultra/Camera/20251129_141945.heic"
[ "01:30:34.091" ][VideoThumbnailer] Entering extractFrame for "I:/MY SDCArds/S22 ultra/Camera/20260306_140557.heic"
[ "01:30:34.092" ][VideoThumbnailer] Entering extractFrame for "I:/MY SDCArds/S22 ultra/Camera/20251124_120452.heic"
[ "01:30:34.119" ][VideoThumbnailer] Entering extractFrame for "I:/MY SDCArds/S22 ultra/Camera/20260122_142855.heic"
[ "01:30:34.119" ][VideoThumbnailer] Entering extractFrame for "I:/MY SDCArds/S22 ultra/Camera/20260125_173516.heic"
[ "01:30:34.124" ][VideoThumbnailer] Entering extractFrame for "I:/MY SDCArds/S22 ultra/Camera/20251110_100407.heic"
[ "01:30:34.136" ][VideoThumbnailer] Entering extractFrame for "I:/MY SDCArds/S22 ultra/Camera/20251110_100444.heic"
[ "01:30:34.165" ][VideoThumbnailer] Entering extractFrame for "I:/MY SDCArds/S22 ultra/Camera/20251114_150920.heic"
[ "01:30:34.173" ][VideoThumbnailer] Entering extractFrame for "I:/MY SDCArds/S22 ultra/Camera/20251116_183516.heic"
[ "01:30:34.337" ][VideoThumbnailer] Entering extractFrame for "I:/MY SDCArds/S22 ultra/Camera/20251114_142110.heic"
[ "01:30:34.340" ][VideoThumbnailer] Entering extractFrame for "I:/MY SDCArds/S22 ultra/Camera/20251114_142115.heic"
[ "01:30:34.375" ][VideoThumbnailer] Entering extractFrame for "I:/MY SDCArds/S22 ultra/Camera/20260122_121325.heic"
[ "01:30:34.463" ][VideoThumbnailer] Entering extractFrame for "I:/MY SDCArds/S22 ultra/Camera/20251119_131805.heic"
[ "01:30:34.495" ][VideoThumbnailer] Entering extractFrame for "I:/MY SDCArds/S22 ultra/Camera/20260125_173809.heic"
[ "01:30:34.615" ][VideoThumbnailer] Entering extractFrame for "I:/MY SDCArds/S22 ultra/Camera/20260125_173807.heic"
[ "01:30:34.638" ][VideoThumbnailer] Entering extractFrame for "I:/MY SDCArds/S22 ultra/Camera/20260211_112823.heic"
[ "01:30:34.665" ][VideoThumbnailer] Entering extractFrame for "I:/MY SDCArds/S22 ultra/Camera/VID-20230315-WA0006.mp4"
[ "01:30:34.707" ][VideoThumbnailer] Entering extractFrame for "I:/MY SDCArds/S22 ultra/Camera/20251223_191748.heic"
[ "01:30:34.710" ][VideoThumbnailer] Entering extractFrame for "I:/MY SDCArds/S22 ultra/Camera/20251227_163050.heic"
[ "01:30:34.730" ][VideoThumbnailer] Entering extractFrame for "I:/MY SDCArds/S22 ultra/Camera/20251223_191738.heic"
[ "01:30:34.735" ][VideoThumbnailer] Entering extractFrame for "I:/MY SDCArds/S22 ultra/Camera/20260331_132933.heic"
[ "01:30:34.764" ][VideoThumbnailer] Entering extractFrame for "I:/MY SDCArds/S22 ultra/Camera/20260125_173812.heic"
[ "01:30:34.781" ][VideoThumbnailer] Entering extractFrame for "I:/MY SDCArds/S22 ultra/Camera/20251223_191240.heic"
[ "01:30:34.801" ][VideoThumbnailer] Entering extractFrame for "I:/MY SDCArds/S22 ultra/Camera/20251223_191241.heic"
[AdaptiveIO] Stats:  "I:/"  Avg:  24.2647  Limit:  4  ActiveWeight:  30
[ "01:30:34.873" ][VideoThumbnailer] Entering extractFrame for "I:/MY SDCArds/S22 ultra/Car Audio/20260324_132430.heic"
[ "01:30:34.891" ][VideoThumbnailer] Entering extractFrame for "I:/MY SDCArds/S22 ultra/Camera/20260219_101651.heic"
[ "01:30:34.924" ][VideoThumbnailer] Entering extractFrame for "I:/MY SDCArds/S22 ultra/Camera/20251218_213226.mp4"
[ "01:30:34.949" ][VideoThumbnailer] Entering extractFrame for "I:/MY SDCArds/S22 ultra/Camera/20260329_185019.heic"
[ "01:30:34.990" ][VideoThumbnailer] Entering extractFrame for "I:/MY SDCArds/S22 ultra/Camera/20260125_173818.heic"
[ "01:30:34.991" ][VideoThumbnailer] Entering extractFrame for "I:/MY SDCArds/S22 ultra/Camera/20260125_173821.heic"
[ "01:30:34.992" ][VideoThumbnailer] Entering extractFrame for "I:/MY SDCArds/S22 ultra/Camera/20260125_173823.heic"
[ "01:30:34.997" ][VideoThumbnailer] Entering extractFrame for "I:/MY SDCArds/S22 ultra/Camera/20251201_210216.heic"
[ "01:30:35.006" ][VideoThumbnailer] Entering extractFrame for "I:/MY SDCArds/S22 ultra/Camera/20251205_194610.heic"
[ "01:30:35.015" ][VideoThumbnailer] Entering extractFrame for "I:/MY SDCArds/S22 ultra/Camera/20251211_192004.heic"
[ "01:30:35.033" ][SystemMonitor] Stats Update: CPU App: 50.2604 % | Sys: 85.1563 % | RAM App: 4990.91 MB | Sys Avail: 23763.8 MB / 65466.5 MB
[SystemMonitor] Resource Update: RAM: 4990.91 MB (Delta: 569.891 ) | VRAM: 387.84 MB (Delta: 48.3906 )
[ "01:30:35.091" ][VideoThumbnailer] Entering extractFrame for "I:/MY SDCArds/S22 ultra/Camera/20251223_185713.mp4"
[ "01:30:35.119" ][VideoThumbnailer] Entering extractFrame for "I:/MY SDCArds/S22 ultra/Camera/20251223_185708.heic"
[ "01:30:35.192" ][VideoThumbnailer] Entering extractFrame for "I:/MY SDCArds/S22 ultra/Camera/7ee609991a4a478dbf45405735d23d14.mp4"
[ "01:30:35.338" ][VideoThumbnailer] Entering extractFrame for "I:/MY SDCArds/S22 ultra/Camera/20251223_191426.heic"
[ "01:30:35.375" ][VideoThumbnailer] Entering extractFrame for "I:/MY SDCArds/S22 ultra/Camera/20251223_191424.heic"
[ "01:30:35.387" ][VideoThumbnailer] Entering extractFrame for "I:/MY SDCArds/S22 ultra/Camera/9a77fc917cbae4e87b477cda89bb8ee1.mp4"
[ "01:30:35.437" ][VideoThumbnailer] Entering extractFrame for "I:/MY SDCArds/S22 ultra/Camera/20260225_091456.heic"
[ "01:30:35.437" ][VideoThumbnailer] Entering extractFrame for "I:/MY SDCArds/S22 ultra/Camera/20251223_191430.heic"
[ "01:30:35.456" ][VideoThumbnailer] Entering extractFrame for "I:/MY SDCArds/S22 ultra/Camera/20251223_191427.heic"
[ "01:30:35.489" ][VideoThumbnailer] Entering extractFrame for "I:/MY SDCArds/S22 ultra/Camera/f51c840581e2f64ca12d0eb7faf84bfa.mp4"
[ "01:30:35.493" ][VideoThumbnailer] Entering extractFrame for "I:/MY SDCArds/S22 ultra/Camera/20260307_095332.heic"
[ "01:30:35.512" ][VideoThumbnailer] Entering extractFrame for "I:/MY SDCArds/S22 ultra/Camera/20260307_101412.heic"
[ "01:30:35.536" ][VideoThumbnailer] Entering extractFrame for "I:/MY SDCArds/S22 ultra/Camera/20260228_095633.heic"
[ "01:30:35.564" ][VideoThumbnailer] Entering extractFrame for "I:/MY SDCArds/S22 ultra/100_CINE/MOV_0068.MP4"
[AdaptiveIO] Stats:  "I:/"  Avg:  22.2433  Limit:  4  ActiveWeight:  30
[ "01:30:35.721" ][VideoThumbnailer] Entering extractFrame for "I:/MY SDCArds/S22 ultra/Camera/20251223_191450.heic"
[ "01:30:35.743" ][VideoThumbnailer] Entering extractFrame for "I:/MY SDCArds/S22 ultra/Camera/20251223_191451.heic"
[ "01:30:35.765" ][VideoThumbnailer] Entering extractFrame for "I:/MY SDCArds/S22 ultra/Camera/20251223_191551.mp4"
[ "01:30:35.796" ][VideoThumbnailer] Entering extractFrame for "I:/MY SDCArds/S22 ultra/Camera/20251223_191616.heic"
[ "01:30:35.845" ][VideoThumbnailer] Entering extractFrame for "I:/MY SDCArds/S22 ultra/Camera/20260122_121330.heic"
[ "01:30:35.862" ][VideoThumbnailer] Entering extractFrame for "I:/MY SDCArds/S22 ultra/Camera/20251223_191731.heic"
[ "01:30:35.880" ][VideoThumbnailer] Entering extractFrame for "I:/MY SDCArds/S22 ultra/Camera/14eb2a6290cb37015048f8a3cd6bc30c.mp4"
[ "01:30:35.883" ][VideoThumbnailer] Entering extractFrame for "I:/MY SDCArds/S22 ultra/Camera/20251223_191750.heic"
[ "01:30:35.903" ][VideoThumbnailer] Entering extractFrame for "I:/MY SDCArds/S22 ultra/Camera/20251223_192025.heic"
[ "01:30:35.917" ][VideoThumbnailer] Entering extractFrame for "I:/MY SDCArds/S22 ultra/Camera/20251223_192155.heic"
[ "01:30:35.932" ][VideoThumbnailer] Entering extractFrame for "I:/MY SDCArds/S22 ultra/Camera/20251227_163047.heic"
[ "01:30:35.947" ][VideoThumbnailer] Entering extractFrame for "I:/MY SDCArds/S22 ultra/Camera/16dc3732a5a3ccb9bb52c401dfd1a096.mp4"
[ "01:30:35.962" ][VideoThumbnailer] Entering extractFrame for "I:/MY SDCArds/S22 ultra/Camera/20251227_163639.heic"
[ "01:30:36.010" ][VideoThumbnailer] Entering extractFrame for "I:/MY SDCArds/S22 ultra/Ezviz/1752069828324.mp4"
[ "01:30:36.027" ][SystemMonitor] Stats Update: CPU App: 50.5291 % | Sys: 87.037 % | RAM App: 5604.99 MB | Sys Avail: 23154 MB / 65466.5 MB
[SystemMonitor] Resource Update: RAM: 5604.99 MB (Delta: 614.086 ) | VRAM: 599.059 MB (Delta: 211.219 )
[ "01:30:36.037" ][VideoThumbnailer] Entering extractFrame for "I:/MY SDCArds/S22 ultra/Camera/20251223_191751.heic"
[ "01:30:36.041" ][VideoThumbnailer] Entering extractFrame for "I:/MY SDCArds/S22 ultra/Camera/20251223_192024.heic"
[ "01:30:36.054" ][VideoThumbnailer] Entering extractFrame for "I:/MY SDCArds/S22 ultra/Camera/27bbc32c197bcc9388a4e93e452694d4.mp4"
[ "01:30:36.107" ][VideoThumbnailer] Entering extractFrame for "I:/MY SDCArds/S22 ultra/100_CINE/MOV_0060.MP4"
[ "01:30:36.168" ][VideoThumbnailer] Entering extractFrame for "I:/MY SDCArds/S22 ultra/Camera/e4b411977edebcbbee2108809de75278.mp4"
[ "01:30:36.200" ][VideoThumbnailer] Entering extractFrame for "I:/MY SDCArds/S22 ultra/Camera/20251227_163048.heic"
[ "01:30:36.264" ][VideoThumbnailer] Entering extractFrame for "I:/MY SDCArds/S22 ultra/100_CINE/MOV_0065.MP4"
[ "01:30:36.282" ][VideoThumbnailer] Entering extractFrame for "I:/MY SDCArds/S22 ultra/Camera/20260615_162202.heic"
[AdaptiveIO] Stats:  "I:/"  Avg:  11.4601  Limit:  4  ActiveWeight:  29
[ "01:30:36.296" ][VideoThumbnailer] Entering extractFrame for "I:/MY SDCArds/S22 ultra/Camera/20251227_163048(0).heic"
[ "01:30:36.339" ][VideoThumbnailer] Entering extractFrame for "I:/MY SDCArds/S22 ultra/Camera/20260615_162104.heic"
[ "01:30:36.340" ][VideoThumbnailer] Entering extractFrame for "I:/MY SDCArds/S22 ultra/100_CINE/MOV_0062.MP4"
[ "01:30:36.342" ][VideoThumbnailer] Entering extractFrame for "I:/MY SDCArds/S22 ultra/Camera/20260615_162200.heic"
[ "01:30:36.377" ][VideoThumbnailer] Entering extractFrame for "I:/MY SDCArds/S22 ultra/Camera/20251227_163601.heic"
[ "01:30:36.401" ][VideoThumbnailer] Entering extractFrame for "I:/MY SDCArds/S22 ultra/Camera/20251227_163352.heic"
[ "01:30:36.402" ][VideoThumbnailer] Entering extractFrame for "I:/MY SDCArds/S22 ultra/Camera/20260101_174419.mp4"
[ "01:30:36.413" ][VideoThumbnailer] Entering extractFrame for "I:/MY SDCArds/S22 ultra/Camera/20251227_163049.heic"
[ "01:30:36.454" ][VideoThumbnailer] Entering extractFrame for "I:/MY SDCArds/S22 ultra/Camera/20251227_163050(0).heic"
[ "01:30:36.458" ][VideoThumbnailer] Entering extractFrame for "I:/MY SDCArds/S22 ultra/Camera/20251227_163053.heic"
[ "01:30:36.468" ][VideoThumbnailer] Entering extractFrame for "I:/MY SDCArds/S22 ultra/Camera/20251227_163241.heic"
[ "01:30:36.479" ][VideoThumbnailer] Entering extractFrame for "I:/MY SDCArds/S22 ultra/Camera/20251228_134011.mp4"
[ "01:30:36.501" ][VideoThumbnailer] Entering extractFrame for "I:/MY SDCArds/S22 ultra/Camera/20251227_163302.heic"
[ "01:30:36.529" ][VideoThumbnailer] Entering extractFrame for "I:/MY SDCArds/S22 ultra/Camera/20260104_131152.heic"
[ "01:30:36.559" ][VideoThumbnailer] Entering extractFrame for "I:/MY SDCArds/S22 ultra/Camera/20251227_163338.heic"
[ "01:30:36.577" ][VideoThumbnailer] Entering extractFrame for "I:/MY SDCArds/S22 ultra/Camera/20260101_171037.mp4"
[ "01:30:36.588" ][VideoThumbnailer] Entering extractFrame for "I:/MY SDCArds/S22 ultra/Camera/20260613_100558.heic"
TelemetryMonitor: Processed 300 frames. Current FPS: 50
[ "01:30:36.600" ][VideoThumbnailer] Entering extractFrame for "I:/MY SDCArds/S22 ultra/Camera/20260118_172044.heic"
[ "01:30:36.615" ][VideoThumbnailer] Entering extractFrame for "I:/MY SDCArds/S22 ultra/Camera/20260118_172047.heic"
[ "01:30:36.638" ][VideoThumbnailer] Entering extractFrame for "I:/MY SDCArds/S22 ultra/Camera/4eb33c89b76a386ce771423c5475cd55.mp4"
[ "01:30:36.652" ][VideoThumbnailer] Entering extractFrame for "I:/MY SDCArds/S22 ultra/Camera/20260211_112819.heic"
[ "01:30:36.690" ][VideoThumbnailer] Entering extractFrame for "I:/MY SDCArds/S22 ultra/Camera/20260116_182604.heic"
[ "01:30:36.694" ][VideoThumbnailer] Entering extractFrame for "I:/MY SDCArds/S22 ultra/Camera/20260211_113026.heic"
[ "01:30:36.710" ][VideoThumbnailer] Entering extractFrame for "I:/MY SDCArds/S22 ultra/Camera/20260211_083603.heic"
[ "01:30:36.711" ][VideoThumbnailer] Entering extractFrame for "I:/MY SDCArds/S22 ultra/Camera/20260214_212129.mp4"
[ "01:30:36.716" ][VideoThumbnailer] Entering extractFrame for "I:/MY SDCArds/S22 ultra/Camera/20260104_160115.heic"
[ "01:30:36.731" ][VideoThumbnailer] Entering extractFrame for "I:/MY SDCArds/S22 ultra/Camera/20260211_083612.heic"
[ "01:30:36.767" ][VideoThumbnailer] Entering extractFrame for "I:/MY SDCArds/S22 ultra/Camera/20260216_103630.heic"
[ "01:30:36.768" ][VideoThumbnailer] Entering extractFrame for "I:/MY SDCArds/S22 ultra/Camera/20260104_162452.heic"
[ "01:30:36.769" ][VideoThumbnailer] Entering extractFrame for "I:/MY SDCArds/S22 ultra/Camera/20260214_212816.mp4"
[ "01:30:36.771" ][VideoThumbnailer] Entering extractFrame for "I:/MY SDCArds/S22 ultra/Camera/20260211_083616.heic"
[ "01:30:36.795" ][VideoThumbnailer] Entering extractFrame for "I:/MY SDCArds/S22 ultra/Camera/20260104_162516.heic"
[ "01:30:36.858" ][VideoThumbnailer] Entering extractFrame for "I:/MY SDCArds/S22 ultra/Camera/20260104_162818.mp4"
[ "01:30:36.877" ][VideoThumbnailer] Entering extractFrame for "I:/MY SDCArds/S22 ultra/Camera/20260304_095454.heic"
[AdaptiveIO] Stats:  "I:/"  Avg:  16.852  Limit:  4  ActiveWeight:  29
[ "01:30:36.965" ][VideoThumbnailer] Entering extractFrame for "I:/MY SDCArds/S22 ultra/Camera/20260107_204643.mp4"
[ "01:30:37.017" ][SystemMonitor] Stats Update: CPU App: 46.0938 % | Sys: 86.4583 % | RAM App: 6118.44 MB | Sys Avail: 22615.5 MB / 65466.5 MB
[SystemMonitor] Resource Update: RAM: 6118.44 MB (Delta: 513.449 ) | VRAM: 787.871 MB (Delta: 188.813 )
[ "01:30:37.043" ][VideoThumbnailer] Entering extractFrame for "I:/MY SDCArds/S22 ultra/Camera/20251227_163611.heic"
[ "01:30:37.054" ][VideoThumbnailer] Entering extractFrame for "I:/MY SDCArds/S22 ultra/Camera/20251227_163626.heic"
[ "01:30:37.054" ][VideoThumbnailer] Entering extractFrame for "I:/MY SDCArds/S22 ultra/Camera/20251227_163826.heic"
[ "01:30:37.068" ][VideoThumbnailer] Entering extractFrame for "I:/MY SDCArds/S22 ultra/Camera/20260109_144430.mp4"
[ "01:30:37.164" ][VideoThumbnailer] Entering extractFrame for "I:/MY SDCArds/S22 ultra/Screen recordings/Screen_Recording_20260409_012156_Instagram.mp4"
[ "01:30:37.307" ][VideoThumbnailer] Entering extractFrame for "I:/MY SDCArds/S22 ultra/Camera/20260113_222612.heic"
[ "01:30:37.393" ][VideoThumbnailer] Entering extractFrame for "I:/MY SDCArds/S22 ultra/Camera/20260106_124959.mp4"
[ "01:30:37.425" ][VideoThumbnailer] Entering extractFrame for "I:/MY SDCArds/S22 ultra/Camera/20260116_183713.heic"
[ "01:30:37.437" ][VideoThumbnailer] Entering extractFrame for "I:/MY SDCArds/S22 ultra/Camera/20260501_140030.heic"
[ "01:30:37.444" ][VideoThumbnailer] Entering extractFrame for "I:/MY SDCArds/S22 ultra/Camera/20260501_140042.heic"
[ "01:30:37.457" ][VideoThumbnailer] Entering extractFrame for "I:/MY SDCArds/S22 ultra/Camera/20260501_154741.heic"
[ "01:30:37.458" ][VideoThumbnailer] Entering extractFrame for "I:/MY SDCArds/S22 ultra/Car Audio/20260501_161713.heic"
[ "01:30:37.460" ][VideoThumbnailer] Entering extractFrame for "I:/MY SDCArds/S22 ultra/Camera/20260114_163622.mp4"
[ "01:30:37.499" ][VideoThumbnailer] Entering extractFrame for "I:/MY SDCArds/S22 ultra/Car Audio/20260501_161735.heic"
[ "01:30:37.535" ][VideoThumbnailer] Entering extractFrame for "I:/MY SDCArds/S22 ultra/Camera/20260118_164946.heic"
[ "01:30:37.540" ][VideoThumbnailer] Entering extractFrame for "I:/MY SDCArds/S22 ultra/100_CINE/MOV_0064.MP4"
[ "01:30:37.612" ][VideoThumbnailer] Entering extractFrame for "I:/MY SDCArds/S22 ultra/Camera/20260118_172041.heic"
[ "01:30:37.649" ][VideoThumbnailer] Entering extractFrame for "I:/MY SDCArds/S22 ultra/Car Audio/20260501_161829.heic"
[ "01:30:37.684" ][VideoThumbnailer] Entering extractFrame for "I:/MY SDCArds/S22 ultra/Camera/36f8161b55b835d85e06b60fbc7fd43c.mp4"
[ "01:30:37.713" ][VideoThumbnailer] Entering extractFrame for "I:/MY SDCArds/S22 ultra/Camera/20260118_174230.heic"
[ "01:30:37.758" ][VideoThumbnailer] Entering extractFrame for "I:/MY SDCArds/S22 ultra/Camera/20260118_174233.heic"
[ "01:30:37.782" ][VideoThumbnailer] Entering extractFrame for "I:/MY SDCArds/S22 ultra/Camera/20260118_174235.heic"
[ "01:30:37.821" ][VideoThumbnailer] Entering extractFrame for "I:/MY SDCArds/S22 ultra/Camera/20260118_174237.heic"
[ "01:30:37.863" ][VideoThumbnailer] Entering extractFrame for "I:/MY SDCArds/S22 ultra/Camera/20260118_172054.heic"
[ "01:30:37.892" ][VideoThumbnailer] Entering extractFrame for "I:/MY SDCArds/S22 ultra/Camera/37ced116f0b5664c39d99600f32296c0.mp4"
[ "01:30:37.897" ][VideoThumbnailer] Entering extractFrame for "I:/MY SDCArds/S22 ultra/Camera/20260118_174309.heic"
[ "01:30:37.927" ][VideoThumbnailer] Entering extractFrame for "I:/MY SDCArds/S22 ultra/Camera/20260118_174307.heic"
[ "01:30:37.929" ][VideoThumbnailer] Entering extractFrame for "I:/MY SDCArds/S22 ultra/Camera/20260118_174417.heic"
[AdaptiveIO] Stats:  "I:/"  Avg:  59.1823  Limit:  4  ActiveWeight:  26
[ "01:30:37.969" ][VideoThumbnailer] Entering extractFrame for "I:/MY SDCArds/S22 ultra/Camera/45a373b660754d8de9c2344b956a4b1b.mp4"
[ "01:30:37.986" ][VideoThumbnailer] Entering extractFrame for "I:/MY SDCArds/S22 ultra/Camera/20260513_151741.heic"
[ "01:30:38.016" ][VideoThumbnailer] Entering extractFrame for "I:/MY SDCArds/S22 ultra/Camera/20260411_104752.heic"
[ "01:30:38.032" ][VideoThumbnailer] Entering extractFrame for "I:/MY SDCArds/S22 ultra/Camera/20260122_101025.mp4"
[ "01:30:38.044" ][VideoThumbnailer] Entering extractFrame for "I:/MY SDCArds/S22 ultra/Camera/20260125_173517.heic"
[ "01:30:38.058" ][VideoThumbnailer] Entering extractFrame for "I:/MY SDCArds/S22 ultra/Camera/20260118_174423.heic"
[ "01:30:38.070" ][VideoThumbnailer] Entering extractFrame for "I:/MY SDCArds/S22 ultra/Camera/20260118_174425.heic"
[ "01:30:38.085" ][VideoThumbnailer] Entering extractFrame for "I:/MY SDCArds/S22 ultra/Camera/056dff2ae2f24270add40b70a8263e16.mp4"
[ "01:30:38.092" ][VideoThumbnailer] Entering extractFrame for "I:/MY SDCArds/S22 ultra/Camera/20260501_135952.heic"
[ "01:30:38.124" ][VideoThumbnailer] Entering extractFrame for "I:/MY SDCArds/S22 ultra/Camera/20260125_173518.heic"
[ "01:30:38.125" ][VideoThumbnailer] Entering extractFrame for "I:/MY SDCArds/S22 ultra/Camera/20260122_095604.heic"
[ "01:30:38.129" ][VideoThumbnailer] Entering extractFrame for "I:/MY SDCArds/S22 ultra/Camera/20260122_095615.heic"
[ "01:30:38.147" ][VideoThumbnailer] Entering extractFrame for "I:/MY SDCArds/S22 ultra/Camera/58fdc7b732bdee96c371b6a9c3f02bbb.mp4"
[ "01:30:38.162" ][VideoThumbnailer] Entering extractFrame for "I:/MY SDCArds/S22 ultra/Camera/20260612_090115.heic"
[ "01:30:38.179" ][VideoThumbnailer] Entering extractFrame for "I:/MY SDCArds/S22 ultra/Camera/20260125_173526.heic"
[ "01:30:38.188" ][SystemMonitor] Stats Update: CPU App: 43.6937 % | Sys: 98.8739 % | RAM App: 7278.96 MB | Sys Avail: 21422.1 MB / 65466.5 MB
[SystemMonitor] Resource Update: RAM: 7278.96 MB (Delta: 1160.52 ) | VRAM: 1991.56 MB (Delta: 1203.69 )
[Diagnostics] CRITICAL: "Load stalled for 5s. Pending: 33. Stuck: I:/MY SDCArds/S22 ultra/Snapchat/Snapchat-1812212972.jpg"
[DiagnosticsUI] CRITICAL ISSUE: Load stalled for 5s. Pending: 33. Stuck: I:/MY SDCArds/S22 ultra/Snapchat/Snapchat-1812212972.jpg
[ "01:30:38.219" ][VideoThumbnailer] Entering extractFrame for "I:/MY SDCArds/S22 ultra/Camera/65de94cd190e4c857f3f117d49a42860.mp4"
[ "01:30:38.239" ][VideoThumbnailer] Entering extractFrame for "I:/MY SDCArds/S22 ultra/Camera/20260125_173635.heic"
[ "01:30:38.241" ][VideoThumbnailer] Entering extractFrame for "I:/MY SDCArds/S22 ultra/Camera/20260613_100455.heic"
[ "01:30:38.274" ][VideoThumbnailer] Entering extractFrame for "I:/MY SDCArds/S22 ultra/Camera/070d55d441509f358e66bf20183195b5.mp4"
[ "01:30:38.364" ][VideoThumbnailer] Entering extractFrame for "I:/MY SDCArds/S22 ultra/Camera/73c8ff94adad83bce000ded5968cf9b9.mp4"
[ "01:30:38.369" ][VideoThumbnailer] Entering extractFrame for "I:/MY SDCArds/S22 ultra/Camera/20260125_173637.heic"
[ "01:30:38.405" ][VideoThumbnailer] Entering extractFrame for "I:/MY SDCArds/S22 ultra/Camera/20260125_173824.heic"
[ "01:30:38.448" ][VideoThumbnailer] Entering extractFrame for "I:/MY SDCArds/S22 ultra/Camera/6e2e24966def117a925ad84005b1ba57.mp4"
[ "01:30:38.461" ][VideoThumbnailer] Entering extractFrame for "I:/MY SDCArds/S22 ultra/Camera/20260125_173827.heic"
[ "01:30:38.471" ][VideoThumbnailer] Entering extractFrame for "I:/MY SDCArds/S22 ultra/Camera/20260126_144754.heic"
[AdaptiveIO] Stats:  "I:/"  Avg:  21.0632  Limit:  4  ActiveWeight:  29
[ "01:30:38.531" ][VideoThumbnailer] Entering extractFrame for "I:/MY SDCArds/S22 ultra/Camera/20260125_173642.heic"
[ "01:30:38.552" ][VideoThumbnailer] Entering extractFrame for "I:/MY SDCArds/S22 ultra/Camera/20260129_122532.heic"
[ "01:30:38.554" ][VideoThumbnailer] Entering extractFrame for "I:/MY SDCArds/S22 ultra/Camera/20260126_144759.heic"
[ "01:30:38.571" ][VideoThumbnailer] Entering extractFrame for "I:/MY SDCArds/S22 ultra/Camera/20260129_122421.heic"
[ "01:30:38.572" ][VideoThumbnailer] Entering extractFrame for "I:/MY SDCArds/S22 ultra/Camera/20260127_082239.heic"
[ "01:30:38.577" ][VideoThumbnailer] Entering extractFrame for "I:/MY SDCArds/S22 ultra/Camera/20260323_080130.heic"
[ "01:30:38.581" ][VideoThumbnailer] Entering extractFrame for "I:/MY SDCArds/S22 ultra/Camera/20260129_122536.heic"
[ "01:30:38.614" ][VideoThumbnailer] Entering extractFrame for "I:/MY SDCArds/S22 ultra/Camera/20260203_085406.heic"
[ "01:30:38.615" ][VideoThumbnailer] Entering extractFrame for "I:/MY SDCArds/S22 ultra/Camera/20260203_085411.heic"
[ "01:30:38.626" ][VideoThumbnailer] Entering extractFrame for "I:/MY SDCArds/S22 ultra/Camera/20260129_122541.heic"
[ "01:30:38.634" ][VideoThumbnailer] Entering extractFrame for "I:/MY SDCArds/S22 ultra/Camera/20260201_113652.heic"
[ "01:30:38.665" ][VideoThumbnailer] Entering extractFrame for "I:/MY SDCArds/S22 ultra/Camera/20260203_085541.heic"
[ "01:30:38.685" ][VideoThumbnailer] Entering extractFrame for "I:/MY SDCArds/S22 ultra/Camera/20260203_085749.heic"
[ "01:30:38.731" ][VideoThumbnailer] Entering extractFrame for "I:/MY SDCArds/S22 ultra/Camera/20260204_085622.heic"
[ "01:30:38.764" ][VideoThumbnailer] Entering extractFrame for "I:/MY SDCArds/S22 ultra/Camera/20260129_122547.heic"
[ "01:30:38.796" ][VideoThumbnailer] Entering extractFrame for "I:/MY SDCArds/S22 ultra/Camera/20260131_140323.heic"
[ "01:30:38.823" ][VideoThumbnailer] Entering extractFrame for "I:/MY SDCArds/S22 ultra/Camera/20260125_173801.heic"
[ "01:30:38.836" ][VideoThumbnailer] Entering extractFrame for "I:/MY SDCArds/S22 ultra/Camera/20260204_085724.heic"
[ "01:30:38.927" ][VideoThumbnailer] Entering extractFrame for "I:/MY SDCArds/S22 ultra/Camera/20260207_140933.heic"
[ "01:30:38.945" ][VideoThumbnailer] Entering extractFrame for "I:/MY SDCArds/S22 ultra/Camera/20260207_140934.heic"
[ "01:30:38.962" ][VideoThumbnailer] Entering extractFrame for "I:/MY SDCArds/S22 ultra/Camera/20260209_203754.mp4"
[ "01:30:39.028" ][VideoThumbnailer] Entering extractFrame for "I:/MY SDCArds/S22 ultra/Car Audio/20260324_132447.heic"
[ "01:30:39.034" ][VideoThumbnailer] Entering extractFrame for "I:/MY SDCArds/S22 ultra/Camera/20260211_083640.heic"
[ "01:30:39.035" ][VideoThumbnailer] Entering extractFrame for "I:/MY SDCArds/S22 ultra/Camera/20260209_204206.mp4"
[ "01:30:39.038" ][VideoThumbnailer] Entering extractFrame for "I:/MY SDCArds/S22 ultra/Camera/20260211_083623.heic"
[ "01:30:39.040" ][VideoThumbnailer] Entering extractFrame for "I:/MY SDCArds/S22 ultra/Camera/20260211_083627.heic"
[ "01:30:39.044" ][VideoThumbnailer] Entering extractFrame for "I:/MY SDCArds/S22 ultra/Camera/20260211_083636.heic"
[ "01:30:39.062" ][VideoThumbnailer] Entering extractFrame for "I:/MY SDCArds/S22 ultra/Car Audio/20260324_132434.heic"
[ "01:30:39.087" ][VideoThumbnailer] Entering extractFrame for "I:/MY SDCArds/S22 ultra/Camera/20260209_204347.mp4"
[ "01:30:39.087" ][VideoThumbnailer] Entering extractFrame for "I:/MY SDCArds/S22 ultra/Camera/20260613_100536.heic"
[ "01:30:39.088" ][VideoThumbnailer] Entering extractFrame for "I:/MY SDCArds/S22 ultra/Camera/20260325_203739.heic"
[ "01:30:39.091" ][VideoThumbnailer] Entering extractFrame for "I:/MY SDCArds/S22 ultra/Camera/20260327_113607.heic"
[AdaptiveIO] Stats:  "I:/"  Avg:  12.2916  Limit:  4  ActiveWeight:  27
[ "01:30:39.106" ][VideoThumbnailer] Entering extractFrame for "I:/MY SDCArds/S22 ultra/Camera/20260327_113616.heic"
[ "01:30:39.135" ][VideoThumbnailer] Entering extractFrame for "I:/MY SDCArds/S22 ultra/Camera/20260211_112350.heic"
[ "01:30:39.157" ][VideoThumbnailer] Entering extractFrame for "I:/MY SDCArds/S22 ultra/Camera/20260211_112420.heic"
[ "01:30:39.173" ][VideoThumbnailer] Entering extractFrame for "I:/MY SDCArds/S22 ultra/Camera/a099d2a733ee8cf1ff691e3ba44ecb44.mp4"
[ "01:30:39.184" ][VideoThumbnailer] Entering extractFrame for "I:/MY SDCArds/S22 ultra/Camera/20260219_201358.heic"
[ "01:30:39.212" ][VideoThumbnailer] Entering extractFrame for "I:/MY SDCArds/S22 ultra/Camera/20260219_201423.heic"
[ "01:30:39.220" ][VideoThumbnailer] Entering extractFrame for "I:/MY SDCArds/S22 ultra/Camera/20260219_201427.heic"
[ "01:30:39.220" ][VideoThumbnailer] Entering extractFrame for "I:/MY SDCArds/S22 ultra/Camera/20260219_201359.heic"
[ "01:30:39.221" ][VideoThumbnailer] Entering extractFrame for "I:/MY SDCArds/S22 ultra/Camera/20260211_112758.heic"
[ "01:30:39.237" ][VideoThumbnailer] Entering extractFrame for "I:/MY SDCArds/S22 ultra/Camera/a3381531c0678086b742d906c0c99754.mp4"
[ "01:30:39.289" ][VideoThumbnailer] Entering extractFrame for "I:/MY SDCArds/S22 ultra/Camera/20260220_193122.heic"
[ "01:30:39.314" ][VideoThumbnailer] Entering extractFrame for "I:/MY SDCArds/S22 ultra/Camera/a718c67c8c2494e3924b2ac0668040d0.mp4"
[ "01:30:39.352" ][VideoThumbnailer] Entering extractFrame for "I:/MY SDCArds/S22 ultra/Camera/20260224_080756.heic"
[ "01:30:39.374" ][VideoThumbnailer] Entering extractFrame for "I:/MY SDCArds/S22 ultra/Camera/20260228_171317.heic"
[ "01:30:39.410" ][VideoThumbnailer] Entering extractFrame for "I:/MY SDCArds/S22 ultra/Camera/20260324_113828.heic"
[ "01:30:39.411" ][VideoThumbnailer] Entering extractFrame for "I:/MY SDCArds/S22 ultra/Camera/65269303efa21dfe0e5b47128220f1e9.mp4"
[ "01:30:39.418" ][VideoThumbnailer] Entering extractFrame for "I:/MY SDCArds/S22 ultra/Camera/20260324_113822.heic"
[ "01:30:39.446" ][VideoThumbnailer] Entering extractFrame for "I:/MY SDCArds/S22 ultra/Camera/20260615_161644.heic"
[ "01:30:39.467" ][VideoThumbnailer] Entering extractFrame for "I:/MY SDCArds/S22 ultra/Camera/20260603_160727.heic"
[ "01:30:39.518" ][VideoThumbnailer] Entering extractFrame for "I:/MY SDCArds/S22 ultra/Camera/20260324_113941.heic"
[ "01:30:39.544" ][VideoThumbnailer] Entering extractFrame for "I:/MY SDCArds/S22 ultra/Camera/20260324_113845.heic"
[ "01:30:39.577" ][VideoThumbnailer] Entering extractFrame for "I:/MY SDCArds/S22 ultra/Camera/20260225_091443.heic"
[ "01:30:39.586" ][VideoThumbnailer] Entering extractFrame for "I:/MY SDCArds/S22 ultra/Ezviz/1763396447984.mp4"
[ "01:30:39.595" ][VideoThumbnailer] Entering extractFrame for "I:/MY SDCArds/S22 ultra/Camera/20260302_124312.heic"
[ "01:30:39.628" ][VideoThumbnailer] Entering extractFrame for "I:/MY SDCArds/S22 ultra/Camera/20260302_124450.heic"
[ "01:30:39.629" ][VideoThumbnailer] Entering extractFrame for "I:/MY SDCArds/S22 ultra/Camera/20260302_125832.heic"
[ "01:30:39.642" ][VideoThumbnailer] Entering extractFrame for "I:/MY SDCArds/S22 ultra/Ezviz/1763224378035.mp4"
[ "01:30:39.662" ][VideoThumbnailer] Entering extractFrame for "I:/MY SDCArds/S22 ultra/Camera/20260302_125841.heic"
[ "01:30:39.664" ][VideoThumbnailer] Entering extractFrame for "I:/MY SDCArds/S22 ultra/Camera/20260303_135629.heic"
[ "01:30:39.696" ][VideoThumbnailer] Entering extractFrame for "I:/MY SDCArds/S22 ultra/Camera/20260228_171255.heic"
[AdaptiveIO] Stats:  "I:/"  Avg:  13.1694  Limit:  4  ActiveWeight:  28
[ "01:30:39.708" ][VideoThumbnailer] Entering extractFrame for "I:/MY SDCArds/S22 ultra/Camera/fe85daaf7d0a17287c33257ac4781d2d.mp4"
[ "01:30:39.757" ][VideoThumbnailer] Entering extractFrame for "I:/MY SDCArds/S22 ultra/Camera/20260304_095501.heic"
[ "01:30:39.761" ][VideoThumbnailer] Entering extractFrame for "I:/MY SDCArds/S22 ultra/Camera/20260307_101458.heic"
[ "01:30:39.774" ][VideoThumbnailer] Entering extractFrame for "I:/MY SDCArds/S22 ultra/Camera/20260309_094416.heic"
[ "01:30:39.891" ][VideoThumbnailer] Entering extractFrame for "I:/MY SDCArds/S22 ultra/Camera/20260211_112805.heic"
[ "01:30:39.921" ][VideoThumbnailer] Entering extractFrame for "I:/MY SDCArds/S22 ultra/Car Audio/20260321_095332.heic"
[ "01:30:39.940" ][VideoThumbnailer] Entering extractFrame for "I:/MY SDCArds/S22 ultra/Screen recordings/Screen_Recording_20260309_204645_Brave_1_1.mp4"
[ "01:30:39.949" ][VideoThumbnailer] Entering extractFrame for "I:/MY SDCArds/S22 ultra/Camera/20260321_105325.heic"
[ "01:30:39.967" ][VideoThumbnailer] Entering extractFrame for "I:/MY SDCArds/S22 ultra/Camera/20260320_194248.heic"
[ "01:30:40.000" ][VideoThumbnailer] Entering extractFrame for "I:/MY SDCArds/S22 ultra/Camera/20260320_194323.heic"
[ "01:30:40.002" ][VideoThumbnailer] Entering extractFrame for "I:/MY SDCArds/S22 ultra/Camera/20260530_092051.heic"
[ "01:30:40.004" ][SystemMonitor] Stats Update: CPU App: 57.6923 % | Sys: 96.5812 % | RAM App: 6997.29 MB | Sys Avail: 21797.3 MB / 65466.5 MB
[SystemMonitor] Resource Update: RAM: 6997.29 MB (Delta: -281.672 ) | VRAM: 2932.68 MB (Delta: 941.125 )
[Diagnostics] CRITICAL: "Load stalled for 6s. Pending: 33. Stuck: None (Logic Error?)"
[DiagnosticsUI] CRITICAL ISSUE: Load stalled for 6s. Pending: 33. Stuck: None (Logic Error?)
[ "01:30:40.011" ][VideoThumbnailer] Entering extractFrame for "I:/MY SDCArds/S22 ultra/Camera/20260530_165704.heic"
[ "01:30:40.013" ][VideoThumbnailer] Entering extractFrame for "I:/MY SDCArds/S22 ultra/Screen recordings/Screen_Recording_20260321_002407_Facebook.mp4"
[ "01:30:40.086" ][VideoThumbnailer] Entering extractFrame for "I:/MY SDCArds/S22 ultra/Camera/20260531_180149.heic"
[ "01:30:40.096" ][VideoThumbnailer] Entering extractFrame for "I:/MY SDCArds/S22 ultra/Camera/20260531_180151.heic"
[ "01:30:40.146" ][VideoThumbnailer] Entering extractFrame for "I:/MY SDCArds/S22 ultra/Ezviz/1763990955123.mp4"
[ "01:30:40.197" ][VideoThumbnailer] Entering extractFrame for "I:/MY SDCArds/S22 ultra/Camera/20260321_105329.heic"
[ "01:30:40.201" ][VideoThumbnailer] Entering extractFrame for "I:/MY SDCArds/S22 ultra/Camera/20260527_100021.heic"
[ "01:30:40.203" ][VideoThumbnailer] Entering extractFrame for "I:/MY SDCArds/S22 ultra/Camera/20260219_101503.heic"
[ "01:30:40.204" ][VideoThumbnailer] Entering extractFrame for "I:/MY SDCArds/S22 ultra/Double Side Camera/2023_02_23_15_19_16_033.mp4"
[ "01:30:40.207" ][VideoThumbnailer] Entering extractFrame for "I:/MY SDCArds/S22 ultra/Camera/20260219_101510.heic"
[ "01:30:40.208" ][VideoThumbnailer] Entering extractFrame for "I:/MY SDCArds/S22 ultra/Camera/20260219_101644.heic"
[ "01:30:40.214" ][VideoThumbnailer] Entering extractFrame for "I:/MY SDCArds/S22 ultra/Camera/20260122_121335.heic"
[ "01:30:40.218" ][VideoThumbnailer] Entering extractFrame for "I:/MY SDCArds/S22 ultra/Camera/20260122_121342.heic"
[ "01:30:40.230" ][VideoThumbnailer] Entering extractFrame for "I:/MY SDCArds/S22 ultra/Ezviz/1774196661121.mp4"
[ "01:30:40.235" ][VideoThumbnailer] Entering extractFrame for "I:/MY SDCArds/S22 ultra/Camera/20260122_131405.heic"
[AdaptiveIO] Stats:  "I:/"  Avg:  5.21611  Limit:  4  ActiveWeight:  19
[ "01:30:40.249" ][VideoThumbnailer] Entering extractFrame for "I:/MY SDCArds/S22 ultra/Camera/20260122_131902.heic"
[ "01:30:40.275" ][VideoThumbnailer] Entering extractFrame for "I:/MY SDCArds/S22 ultra/Ezviz/1774196660266.mp4"
[ "01:30:40.299" ][VideoThumbnailer] Entering extractFrame for "I:/MY SDCArds/S22 ultra/Camera/20260329_185212.heic"
[ "01:30:40.365" ][VideoThumbnailer] Entering extractFrame for "I:/MY SDCArds/S22 ultra/Medical/20260408_102520.heic"
[ "01:30:40.375" ][VideoThumbnailer] Entering extractFrame for "I:/MY SDCArds/S22 ultra/Camera/20260618_122310.heic"
[ "01:30:40.439" ][VideoThumbnailer] Entering extractFrame for "I:/MY SDCArds/S22 ultra/Camera/20260416_095014.heic"
[ "01:30:40.471" ][VideoThumbnailer] Entering extractFrame for "I:/MY SDCArds/S22 ultra/Camera/20260423_121114.heic"
[ "01:30:40.555" ][VideoThumbnailer] Entering extractFrame for "I:/MY SDCArds/S22 ultra/Screen recordings/Screen_Recording_20260425_132435_Facebook.mp4"
[ "01:30:40.595" ][VideoThumbnailer] Entering extractFrame for "I:/MY SDCArds/S22 ultra/Camera/20260520_114814.heic"
[ "01:30:40.604" ][VideoThumbnailer] Entering extractFrame for "I:/MY SDCArds/S22 ultra/Camera/83faf13f31b9863be2207767837a1d48.mp4"
[ "01:30:40.611" ][VideoThumbnailer] Entering extractFrame for "I:/MY SDCArds/S22 ultra/Camera/20260328_100616.heic"
[ "01:30:40.623" ][VideoThumbnailer] Entering extractFrame for "I:/MY SDCArds/S22 ultra/Camera/20260328_101019.heic"
[ "01:30:40.652" ][SystemMonitor] Stats Update: CPU App: 58.9431 % | Sys: 96.748 % | RAM App: 6350.62 MB | Sys Avail: 22455.4 MB / 65466.5 MB
[SystemMonitor] Resource Update: RAM: 6350.62 MB (Delta: -646.668 ) | VRAM: 2932.68 MB (Delta: 0 )
[Diagnostics] CRITICAL: "Load stalled for 7s. Pending: 24. Stuck: I:/MY SDCArds/S22 ultra/Camera/20260324_110133.jpg?idx=559, I:/MY SDCArds/S22 ultra/Camera/20260329_185122.jpg?idx=543"
[DiagnosticsUI] CRITICAL ISSUE: Load stalled for 7s. Pending: 24. Stuck: I:/MY SDCArds/S22 ultra/Camera/20260324_110133.jpg?idx=559, I:/MY SDCArds/S22 ultra/Camera/20260329_185122.jpg?idx=543
[ "01:30:40.660" ][VideoThumbnailer] Entering extractFrame for "I:/MY SDCArds/S22 ultra/Camera/20260501_140040.heic"
[ "01:30:40.689" ][VideoThumbnailer] Entering extractFrame for "I:/MY SDCArds/S22 ultra/Camera/76f14fb3d33e99d9e449cad3b8e408a1.mp4"
[ "01:30:40.705" ][VideoThumbnailer] Entering extractFrame for "I:/MY SDCArds/S22 ultra/Camera/20260523_140703.heic"
[ "01:30:40.716" ][VideoThumbnailer] Entering extractFrame for "I:/MY SDCArds/S22 ultra/Camera/20260523_151537.heic"
[ "01:30:40.735" ][VideoThumbnailer] Entering extractFrame for "I:/MY SDCArds/S22 ultra/Camera/20260613_100655.heic"
[ "01:30:40.746" ][VideoThumbnailer] Entering extractFrame for "I:/MY SDCArds/S22 ultra/Camera/20260523_151543.heic"
[ "01:30:40.772" ][VideoThumbnailer] Entering extractFrame for "I:/MY SDCArds/S22 ultra/Camera/20260613_100701.heic"
[ "01:30:40.772" ][VideoThumbnailer] Entering extractFrame for "I:/MY SDCArds/S22 ultra/Screen recordings/Screen_Recording_20260425_200301_Facebook.mp4"
[ "01:30:40.777" ][VideoThumbnailer] Entering extractFrame for "I:/MY SDCArds/S22 ultra/Camera/20260523_153729.heic"
[ "01:30:40.787" ][VideoThumbnailer] Entering extractFrame for "I:/MY SDCArds/S22 ultra/Camera/20260523_153731.heic"
[ "01:30:40.789" ][VideoThumbnailer] Entering extractFrame for "I:/MY SDCArds/S22 ultra/Camera/20260523_165909.heic"
[ "01:30:40.791" ][VideoThumbnailer] Entering extractFrame for "I:/MY SDCArds/S22 ultra/Camera/20260524_122413.heic"
[ "01:30:40.807" ][VideoThumbnailer] Entering extractFrame for "I:/MY SDCArds/S22 ultra/Camera/20260615_161643.heic"
[ "01:30:40.807" ][VideoThumbnailer] Entering extractFrame for "I:/MY SDCArds/S22 ultra/Camera/20260527_100003.heic"
[ "01:30:40.809" ][VideoThumbnailer] Entering extractFrame for "I:/MY SDCArds/S22 ultra/Camera/20260527_100008.heic"
[AdaptiveIO] Stats:  "I:/"  Avg:  18.127  Limit:  4  ActiveWeight:  32
[ "01:30:40.821" ][VideoThumbnailer] Entering extractFrame for "I:/MY SDCArds/S22 ultra/Camera/20260527_100011.heic"
[ "01:30:40.821" ][VideoThumbnailer] Entering extractFrame for "I:/MY SDCArds/S22 ultra/Camera/20260531_180226.heic"
[ "01:30:40.822" ][VideoThumbnailer] Entering extractFrame for "I:/MY SDCArds/S22 ultra/Camera/20260615_161647.heic"
[ "01:30:40.833" ][VideoThumbnailer] Entering extractFrame for "I:/MY SDCArds/S22 ultra/Camera/20260603_160728.heic"
[ "01:30:40.839" ][VideoThumbnailer] Entering extractFrame for "I:/MY SDCArds/S22 ultra/Camera/20260603_160730.heic"
[ "01:30:40.850" ][VideoThumbnailer] Entering extractFrame for "I:/MY SDCArds/S22 ultra/Camera/20260603_173730.heic"
[ "01:30:40.855" ][VideoThumbnailer] Entering extractFrame for "I:/MY SDCArds/S22 ultra/100_CINE/MOV_0069.MP4"
[ "01:30:40.863" ][VideoThumbnailer] Entering extractFrame for "I:/MY SDCArds/S22 ultra/Camera/20260606_103702.heic"
[ "01:30:40.879" ][VideoThumbnailer] Entering extractFrame for "I:/MY SDCArds/S22 ultra/Camera/20260606_103659.heic"
[ "01:30:40.894" ][VideoThumbnailer] Entering extractFrame for "I:/MY SDCArds/S22 ultra/Camera/20260606_103712.heic"
[ "01:30:40.911" ][VideoThumbnailer] Entering extractFrame for "I:/MY SDCArds/S22 ultra/Camera/20260606_103715.heic"
[ "01:30:40.926" ][VideoThumbnailer] Entering extractFrame for "I:/MY SDCArds/S22 ultra/Camera/20260613_100608.heic"
[ "01:30:40.944" ][VideoThumbnailer] Entering extractFrame for "I:/MY SDCArds/S22 ultra/Camera/20260615_162101.heic"
[ "01:30:40.976" ][VideoThumbnailer] Entering extractFrame for "I:/MY SDCArds/S22 ultra/Camera/20260615_162102.heic"
[ "01:30:40.993" ][VideoThumbnailer] Entering extractFrame for "I:/MY SDCArds/S22 ultra/Camera/20260617_072451.heic"
[ "01:30:40.996" ][VideoThumbnailer] Entering extractFrame for "I:/MY SDCArds/S22 ultra/Camera/20260615_162208.mp4"
[ "01:30:40.997" ][VideoThumbnailer] Entering extractFrame for "I:/MY SDCArds/S22 ultra/Camera/20260515_083730.heic"
[ "01:30:41.002" ][VideoThumbnailer] Entering extractFrame for "I:/MY SDCArds/S22 ultra/Camera/20260519_084449.heic"
[ "01:30:41.012" ][VideoThumbnailer] Entering extractFrame for "I:/MY SDCArds/S22 ultra/Camera/20260520_090610.heic"
[ "01:30:41.015" ][VideoThumbnailer] Entering extractFrame for "I:/MY SDCArds/S22 ultra/Camera/20260617_150220.heic"
[ "01:30:41.030" ][VideoThumbnailer] Entering extractFrame for "I:/MY SDCArds/S22 ultra/100_CINE/MOV_0066.MP4"
[ "01:30:41.065" ][VideoThumbnailer] Entering extractFrame for "I:/MY SDCArds/S22 ultra/Camera/20260521_123312.heic"
[ "01:30:41.073" ][VideoThumbnailer] Entering extractFrame for "I:/MY SDCArds/S22 ultra/Camera/20260521_210816.heic"
[ "01:30:41.076" ][VideoThumbnailer] Entering extractFrame for "I:/MY SDCArds/S22 ultra/Camera/20260523_140723.heic"
[ "01:30:41.084" ][VideoThumbnailer] Entering extractFrame for "I:/MY SDCArds/S22 ultra/100_CINE/MOV_0071.MP4"
[ "01:30:41.097" ][VideoThumbnailer] Entering extractFrame for "I:/MY SDCArds/S22 ultra/Camera/20260329_185133.heic"
[ "01:30:41.110" ][VideoThumbnailer] Entering extractFrame for "I:/MY SDCArds/S22 ultra/Camera/20260329_185138.heic"
[ "01:30:41.120" ][VideoThumbnailer] Entering extractFrame for "I:/MY SDCArds/S22 ultra/Camera/20260329_185205.heic"
[ "01:30:41.150" ][VideoThumbnailer] Entering extractFrame for "I:/MY SDCArds/S22 ultra/100_CINE/MOV_0072.mp4"
[ "01:30:41.162" ][VideoThumbnailer] Entering extractFrame for "I:/MY SDCArds/S22 ultra/Camera/20260329_185207.heic"
[ "01:30:41.165" ][VideoThumbnailer] Entering extractFrame for "I:/MY SDCArds/S22 ultra/Camera/20260329_185209.heic"
[ "01:30:41.172" ][VideoThumbnailer] Entering extractFrame for "I:/MY SDCArds/S22 ultra/Camera/20260411_104816.heic"
[ "01:30:41.172" ][VideoThumbnailer] Entering extractFrame for "I:/MY SDCArds/S22 ultra/Camera/2e5b1ace31b491aad70d2df043b5a427.mp4"
[AdaptiveIO] Stats:  "I:/"  Avg:  14.2861  Limit:  4  ActiveWeight:  27
[ "01:30:41.242" ][VideoThumbnailer] Entering extractFrame for "I:/MY SDCArds/S22 ultra/Camera/3bb7155546984b26c7c2ed5db9bbfa92.mp4"
[ "01:30:41.285" ][VideoThumbnailer] Entering extractFrame for "I:/MY SDCArds/S22 ultra/Camera/5aff3e2dc65647f1251e942612c4f04b.mp4"
[ "01:30:41.336" ][VideoThumbnailer] Entering extractFrame for "I:/MY SDCArds/S22 ultra/Camera/VID-20230410-WA0020.mp4"
[ "01:30:41.608" ][VideoThumbnailer] Entering extractFrame for "I:/MY SDCArds/S22 ultra/Camera/20260411_183228.heic"
[ "01:30:41.617" ][VideoThumbnailer] Entering extractFrame for "I:/MY SDCArds/S22 ultra/Camera/87fc39454200d213e1a16c81ee0e6a1d.mp4"
[ "01:30:41.637" ][VideoThumbnailer] Entering extractFrame for "I:/MY SDCArds/S22 ultra/Camera/20260320_142221.heic"
[ "01:30:41.671" ][VideoThumbnailer] Entering extractFrame for "I:/MY SDCArds/S22 ultra/Camera/20260320_194236.heic"
[ "01:30:41.690" ][VideoThumbnailer] Entering extractFrame for "I:/MY SDCArds/S22 ultra/Camera/b53c1a8911cac6831560fb208ca83789.mp4"
[ "01:30:41.726" ][VideoThumbnailer] Entering extractFrame for "I:/MY SDCArds/S22 ultra/Camera/20250725_164708.heic"
[ "01:30:41.865" ][VideoThumbnailer] Entering extractFrame for "I:/MY SDCArds/S22 ultra/Camera/c3ebccbde00575d81714474880a54e21.mp4"
[ "01:30:41.880" ][VideoThumbnailer] Entering extractFrame for "I:/MY SDCArds/S22 ultra/Camera/c50053564b8f205b27f8fff01319fb26.mp4"
[ "01:30:41.901" ][VideoThumbnailer] Entering extractFrame for "I:/MY SDCArds/S22 ultra/Camera/c6eac33bfa9e8609bdcc15d29ce81db5.mp4"
[ "01:30:41.904" ][VideoThumbnailer] Entering extractFrame for "I:/MY SDCArds/S22 ultra/Camera/c3971d2d790c17dcf2b7e682723365d3.mp4"
[ "01:30:41.906" ][VideoThumbnailer] Entering extractFrame for "I:/MY SDCArds/S22 ultra/Camera/bf58c1d0a196cdddc25ed870c99c6f28.mp4"
[ "01:30:41.909" ][VideoThumbnailer] Entering extractFrame for "I:/MY SDCArds/S22 ultra/Camera/c277144919e829710cb5665600cfc6bb.mp4"
[ "01:30:41.915" ][VideoThumbnailer] Entering extractFrame for "I:/MY SDCArds/S22 ultra/Camera/b7424719f4ed920cfac61645e277da80.mp4"
[ "01:30:41.921" ][VideoThumbnailer] Entering extractFrame for "I:/MY SDCArds/S22 ultra/Camera/bc33001d2c0580c7eee2c94422e95035.mp4"
[ "01:30:41.938" ][VideoThumbnailer] Entering extractFrame for "I:/MY SDCArds/S22 ultra/Camera/a8959f0e710bd1f030c4dbbe5a77e8e5.mp4"
[ "01:30:41.958" ][VideoThumbnailer] Entering extractFrame for "I:/MY SDCArds/S22 ultra/Camera/c78e25fe6703271eb3ae375b0a4a0881.mp4"
[ "01:30:41.958" ][VideoThumbnailer] Entering extractFrame for "I:/MY SDCArds/S22 ultra/Camera/ca1eb1f9c673d3ce2d36d9b0e0452d80.mp4"
[ "01:30:41.959" ][VideoThumbnailer] Entering extractFrame for "I:/MY SDCArds/S22 ultra/Camera/cf3d36275fe99e914264b8827039a1fb.mp4"
[ "01:30:41.965" ][VideoThumbnailer] Entering extractFrame for "I:/MY SDCArds/S22 ultra/Camera/d230aabd76ed33160fd255defcb41e2d.mp4"
[ "01:30:41.981" ][VideoThumbnailer] Entering extractFrame for "I:/MY SDCArds/S22 ultra/Camera/d4428b05a7603f2125072d7a751fb94b.mp4"
[ "01:30:41.993" ][VideoThumbnailer] Entering extractFrame for "I:/MY SDCArds/S22 ultra/Camera/daec6559523c02d405b64e445d400abf.mp4"
[ "01:30:42.016" ][VideoThumbnailer] Entering extractFrame for "I:/MY SDCArds/S22 ultra/Camera/dc7a0533f555e355aa02bfe6a07a99e6.mp4"
[ "01:30:42.045" ][VideoThumbnailer] Entering extractFrame for "I:/MY SDCArds/S22 ultra/Camera/e42a17581b9cd45b23deae20bbb3f663.mp4"
[ "01:30:42.045" ][VideoThumbnailer] Entering extractFrame for "I:/MY SDCArds/S22 ultra/Camera/e8b34621aff4a014b465e5305d98095d.mp4"
[AdaptiveIO] Stats:  "I:/"  Avg:  25.6985  Limit:  4  ActiveWeight:  29
[ "01:30:42.048" ][VideoThumbnailer] Entering extractFrame for "I:/MY SDCArds/S22 ultra/Camera/ec618d97d534ccc60544ab32f27d4bb5.mp4"
[ "01:30:42.062" ][VideoThumbnailer] Entering extractFrame for "I:/MY SDCArds/S22 ultra/Camera/ece55d1ae67dfbe98de9b172dbc6e0eb.mp4"
[ "01:30:42.081" ][VideoThumbnailer] Entering extractFrame for "I:/MY SDCArds/S22 ultra/Camera/20260618_133902.heic"
[ "01:30:42.089" ][VideoThumbnailer] Entering extractFrame for "I:/MY SDCArds/S22 ultra/Camera/f123491e1f00322b6c5e87b6ff41de35.mp4"
[ "01:30:42.104" ][SystemMonitor] Stats Update: CPU App: 63.6201 % | Sys: 98.3871 % | RAM App: 6355.59 MB | Sys Avail: 22467.5 MB / 65466.5 MB
[Diagnostics] CRITICAL: "Load stalled for 9s. Pending: 29. Stuck: I:/MY SDCArds/S22 ultra/Camera/20260618_133912.jpg?idx=299, I:/MY SDCArds/S22 ultra/Canon/IMG_2153.JPG?idx=304, I:/MY SDCArds/S22 ultra/Screenshots/Screenshot_20260618_124533_Instagram.jpg?idx=301"
[DiagnosticsUI] CRITICAL ISSUE: Load stalled for 9s. Pending: 29. Stuck: I:/MY SDCArds/S22 ultra/Camera/20260618_133912.jpg?idx=299, I:/MY SDCArds/S22 ultra/Canon/IMG_2153.JPG?idx=304, I:/MY SDCArds/S22 ultra/Screenshots/Screenshot_20260618_124533_Instagram.jpg?idx=301
[ "01:30:42.205" ][VideoThumbnailer] Entering extractFrame for "I:/MY SDCArds/S22 ultra/Ezviz/1754068438705.mp4"
[ "01:30:42.330" ][VideoThumbnailer] Entering extractFrame for "I:/MY SDCArds/S22 ultra/Ezviz/1754068439899.mp4"
[ "01:30:42.382" ][VideoThumbnailer] Entering extractFrame for "I:/MY SDCArds/S22 ultra/Camera/f60ea2c96345e99c0a4801287c32c8e4.mp4"
[ "01:30:42.608" ][VideoThumbnailer] Entering extractFrame for "I:/MY SDCArds/S22 ultra/Camera/fd0df56a41a0585671643546821e5e62.mp4"
[ "01:30:42.717" ][VideoThumbnailer] Entering extractFrame for "I:/MY SDCArds/S22 ultra/Camera/dc9dfae46e060561a0625f57cf1ca36d.mp4"
[ "01:30:42.935" ][VideoThumbnailer] Entering extractFrame for "I:/MY SDCArds/S22 ultra/Camera/dce195fda485c26595032e1b1479727b.mp4"
[ "01:30:43.076" ][VideoThumbnailer] Entering extractFrame for "I:/MY SDCArds/S22 ultra/Camera/b0213c16473efc872b2e9d4b386db8cc.mp4"
[AdaptiveIO] Stats:  "I:/"  Avg:  57.694  Limit:  4  ActiveWeight:  30
[ "01:30:43.153" ][VideoThumbnailer] Entering extractFrame for "I:/MY SDCArds/S22 ultra/Camera/b4bb736acf42ef19b0b3acc390f487de.mp4"
[ "01:30:43.189" ][SystemMonitor] Stats Update: CPU App: 62.1429 % | Sys: 99.7619 % | RAM App: 6842.74 MB | Sys Avail: 21978 MB / 65466.5 MB
[SystemMonitor] Resource Update: RAM: 6842.74 MB (Delta: 492.121 ) | VRAM: 2932.68 MB (Delta: 0 )
[Diagnostics] CRITICAL: "Load stalled for 10s. Pending: 30. Stuck: I:/MY SDCArds/S22 ultra/Snapchat/Snapchat-1155870780.jpg, I:/MY SDCArds/S22 ultra/Videocaptures/VideoCapture_20250110-122217.jpg, I:/MY SDCArds/S22 ultra/Videocaptures/VideoCapture_20250514-161145.jpg"
[DiagnosticsUI] CRITICAL ISSUE: Load stalled for 10s. Pending: 30. Stuck: I:/MY SDCArds/S22 ultra/Snapchat/Snapchat-1155870780.jpg, I:/MY SDCArds/S22 ultra/Videocaptures/VideoCapture_20250110-122217.jpg, I:/MY SDCArds/S22 ultra/Videocaptures/VideoCapture_20250514-161145.jpg
[ "01:30:43.230" ][VideoThumbnailer] Entering extractFrame for "I:/MY SDCArds/S22 ultra/Camera/598627694f6d58b5e64da9b6c67b3b40.mp4"
[ "01:30:43.276" ][VideoThumbnailer] Entering extractFrame for "I:/MY SDCArds/S22 ultra/Camera/90e55ff6a28db7737d963137ea5ed616.mp4"
[ "01:30:43.330" ][VideoThumbnailer] Entering extractFrame for "I:/MY SDCArds/S22 ultra/Camera/96ad5fbda2c723152e1779a891e1bba5.mp4"
[ "01:30:43.424" ][VideoThumbnailer] Entering extractFrame for "I:/MY SDCArds/S22 ultra/Camera/73ca2ba6f5be15670fb5c54309283b9d.mp4"
[ "01:30:43.544" ][VideoThumbnailer] Entering extractFrame for "I:/MY SDCArds/S22 ultra/Camera/5bf5b63a277f1ec214f3f81ed02e94eb.mp4"
[ "01:30:43.651" ][VideoThumbnailer] Entering extractFrame for "I:/MY SDCArds/S22 ultra/Camera/5c1e9b63a20c93a5cd0b109e89a82fae.mp4"
[ "01:30:43.742" ][VideoThumbnailer] Entering extractFrame for "I:/MY SDCArds/S22 ultra/Camera/5d16fe01c27eca56b235bfcc300236d9.mp4"
[AdaptiveIO] Stats:  "I:/"  Avg:  33.0335  Limit:  4  ActiveWeight:  29
[ "01:30:43.802" ][VideoThumbnailer] Entering extractFrame for "I:/MY SDCArds/S22 ultra/100_CINE/MOV_0076.MP4"
[ "01:30:43.851" ][VideoThumbnailer] Entering extractFrame for "I:/MY SDCArds/S22 ultra/100_CINE/MOV_0077.MP4"
[ "01:30:43.921" ][VideoThumbnailer] Entering extractFrame for "I:/MY SDCArds/S22 ultra/100_CINE/MOV_0078.MP4"
[ "01:30:43.965" ][VideoThumbnailer] Entering extractFrame for "I:/MY SDCArds/S22 ultra/Camera/0cd8f78a49f760189265deb264e7a046.mp4"
[ "01:30:44.041" ][VideoThumbnailer] Entering extractFrame for "I:/MY SDCArds/S22 ultra/Camera/0cef630871e4692a3692ea3f2549e3e3.mp4"
[ "01:30:44.112" ][SystemMonitor] Stats Update: CPU App: 52.5424 % | Sys: 98.5876 % | RAM App: 8155.66 MB | Sys Avail: 20585.4 MB / 65466.5 MB
[SystemMonitor] Resource Update: RAM: 8155.66 MB (Delta: 1312.92 ) | VRAM: 1016.04 MB (Delta: -1916.65 )
[Diagnostics] CRITICAL: "Load stalled for 11s. Pending: 32. Stuck: I:/MY SDCArds/S22 ultra/Screenshots/Screenshot_20230831-184446_ABC Kids.jpg"
[DiagnosticsUI] CRITICAL ISSUE: Load stalled for 11s. Pending: 32. Stuck: I:/MY SDCArds/S22 ultra/Screenshots/Screenshot_20230831-184446_ABC Kids.jpg
[QML ViewportRange] Precise detected range: 0 to 800 (801 items)
setVisibleEndIndex called with: 800
[ "01:30:44.125" ][VideoThumbnailer] Entering extractFrame for "I:/MY SDCArds/S22 ultra/Camera/01cd8d184f0f8aae46d7ac9d344bf736.mp4"
[ "01:30:44.206" ][VideoThumbnailer] Entering extractFrame for "I:/MY SDCArds/S22 ultra/100_CINE/MOV_0070.MP4"
[ "01:30:44.284" ][VideoThumbnailer] Entering extractFrame for "I:/MY SDCArds/S22 ultra/100_CINE/MOV_0056.MP4"
[ "01:30:44.497" ][VideoThumbnailer] Entering extractFrame for "I:/MY SDCArds/S22 ultra/100_CINE/MOV_0058.MP4"
[AdaptiveIO] Stats:  "I:/"  Avg:  37.1601  Limit:  4  ActiveWeight:  32
[ "01:30:44.559" ][VideoThumbnailer] Entering extractFrame for "I:/MY SDCArds/S22 ultra/100_CINE/MOV_0061.MP4"
[ "01:30:44.745" ][VideoThumbnailer] Entering extractFrame for "I:/MY SDCArds/S22 ultra/100_CINE/MOV_0067.MP4"
[ "01:30:45.035" ][SystemMonitor] Stats Update: CPU App: 60.1695 % | Sys: 99.7175 % | RAM App: 9351.92 MB | Sys Avail: 19337.8 MB / 65466.5 MB
[SystemMonitor] Resource Update: RAM: 9351.92 MB (Delta: 1196.26 ) | VRAM: 1489.8 MB (Delta: 473.762 )
[Diagnostics] CRITICAL: "Load stalled for 12s. Pending: 34. Stuck: I:/MY SDCArds/S22 ultra/Camera/20251223_190021.jpg, I:/MY SDCArds/S22 ultra/Camera/20251223_190118.jpg, I:/MY SDCArds/S22 ultra/Camera/20251223_190121.jpg, I:/MY SDCArds/S22 ultra/Camera/20251223_1..."
[DiagnosticsUI] CRITICAL ISSUE: Load stalled for 12s. Pending: 34. Stuck: I:/MY SDCArds/S22 ultra/Camera/20251223_190021.jpg, I:/MY SDCArds/S22 ultra/Camera/20251223_190118.jpg, I:/MY SDCArds/S22 ultra/Camera/20251223_190121.jpg, I:/MY SDCArds/S22 ultra/Camera/20251223_1...
[AdaptiveIO] Stats:  "I:/"  Avg:  48.6432  Limit:  4  ActiveWeight:  30
[AdaptiveIO] Stats:  "I:/"  Avg:  22.0555  Limit:  4  ActiveWeight:  31
[ "01:30:46.361" ][VideoThumbnailer] Entering extractFrame for "I:/MY SDCArds/S22 ultra/Whatsapp/VID-20230809-WA0002.mp4"
[AdaptiveIO] Stats:  "I:/"  Avg:  38.8229  Limit:  4  ActiveWeight:  30
[ "01:30:46.604" ][VideoThumbnailer] Entering extractFrame for "I:/MY SDCArds/S22 ultra/Snapchat/Snapchat-1390399253.mp4"
[ "01:30:46.625" ][VideoThumbnailer] Entering extractFrame for "I:/MY SDCArds/S22 ultra/Snapchat/Snapchat-1020230256.mp4"
[AdaptiveIO] Stats:  "I:/"  Avg:  10.7032  Limit:  4  ActiveWeight:  36
[ "01:30:47.027" ][SystemMonitor] Stats Update: CPU App: 60.6299 % | Sys: 99.4751 % | RAM App: 12806.8 MB | Sys Avail: 15777.6 MB / 65466.5 MB
[SystemMonitor] Resource Update: RAM: 12806.8 MB (Delta: 3454.84 ) | VRAM: 2642.46 MB (Delta: 1152.67 )
[Diagnostics] CRITICAL: "Load stalled for 13s. Pending: 30. Stuck: I:/MY SDCArds/S22 ultra/Canon/IMG_2078.JPG, I:/MY SDCArds/S22 ultra/Canon/IMG_2079.JPG"
[DiagnosticsUI] CRITICAL ISSUE: Load stalled for 13s. Pending: 30. Stuck: I:/MY SDCArds/S22 ultra/Canon/IMG_2078.JPG, I:/MY SDCArds/S22 ultra/Canon/IMG_2079.JPG
[AdaptiveIO] Stats:  "I:/"  Avg:  65.2669  Limit:  4  ActiveWeight:  30
[ "01:30:47.622" ][VideoThumbnailer] Entering extractFrame for "I:/MY SDCArds/S22 ultra/Snapchat/Snapchat-647663909.mp4"
[ "01:30:47.678" ][VideoThumbnailer] Entering extractFrame for "I:/MY SDCArds/S22 ultra/Snapchat/Snapchat-1237898371.mp4"
[ "01:30:47.716" ][VideoThumbnailer] Entering extractFrame for "I:/MY SDCArds/S22 ultra/Snapchat/Snapchat-1429238178.mp4"
[ "01:30:47.759" ][VideoThumbnailer] Entering extractFrame for "I:/MY SDCArds/S22 ultra/Snapchat/Snapchat-235618355.mp4"
[AdaptiveIO] Stats:  "I:/"  Avg:  18.7429  Limit:  4  ActiveWeight:  29
[ "01:30:47.803" ][VideoThumbnailer] Entering extractFrame for "I:/MY SDCArds/S22 ultra/Snapchat/Snapchat-85323170.mp4"
[ "01:30:47.838" ][VideoThumbnailer] Entering extractFrame for "I:/MY SDCArds/S22 ultra/Snapchat/Snapchat-1932978751.mp4"
[ "01:30:47.869" ][VideoThumbnailer] Entering extractFrame for "I:/MY SDCArds/S22 ultra/Snapchat/Snapchat-2127517485.mp4"
[ "01:30:47.917" ][VideoThumbnailer] Entering extractFrame for "I:/MY SDCArds/S22 ultra/Snapchat/Snapchat-289408284.mp4"
[ "01:30:48.031" ][VideoThumbnailer] Entering extractFrame for "I:/MY SDCArds/S22 ultra/Whatsapp/VID-20230923-WA0011.mp4"
[ "01:30:48.097" ][VideoThumbnailer] Entering extractFrame for "I:/MY SDCArds/S22 ultra/Snapchat/Snapchat-1717667834.mp4"
[ "01:30:48.231" ][VideoThumbnailer] Entering extractFrame for "I:/MY SDCArds/S22 ultra/Snapchat/Snapchat-960036586.mp4"
[ "01:30:48.297" ][SystemMonitor] Stats Update: CPU App: 52.4691 % | Sys: 100 % | RAM App: 14479.1 MB | Sys Avail: 14041.6 MB / 65466.5 MB
[SystemMonitor] Resource Update: RAM: 14479.1 MB (Delta: 1672.39 ) | VRAM: 2476.38 MB (Delta: -166.086 )
[Diagnostics] CRITICAL: "Load stalled for 15s. Pending: 10. Stuck: I:/MY SDCArds/S22 ultra/Camera/20260106_125018.jpg, I:/MY SDCArds/S22 ultra/Camera/20260617_072846.jpg, I:/MY SDCArds/S22 ultra/Videocaptures/VideoCapture_20250323-175658.jpg?idx=7"
[DiagnosticsUI] CRITICAL ISSUE: Load stalled for 15s. Pending: 10. Stuck: I:/MY SDCArds/S22 ultra/Camera/20260106_125018.jpg, I:/MY SDCArds/S22 ultra/Camera/20260617_072846.jpg, I:/MY SDCArds/S22 ultra/Videocaptures/VideoCapture_20250323-175658.jpg?idx=7
[ "01:30:48.302" ][VideoThumbnailer] Entering extractFrame for "I:/MY SDCArds/S22 ultra/Snapchat/Snapchat-315429331.mp4"
[ "01:30:48.491" ][VideoThumbnailer] Entering extractFrame for "I:/MY SDCArds/S22 ultra/Camera/20260615_161643.heic"
[ "01:30:48.502" ][VideoThumbnailer] GPU decode enabled for "I:/MY SDCArds/S22 ultra/Camera/20260615_161643.heic"
[Performance] SLOW LOAD detected: 588 ms for "I:/MY SDCArds/S22 ultra/Videocaptures/VideoCapture_20250323-175658.jpg?idx=7"
[AdaptiveIO] Stats:  "I:/"  Avg:  271.252  Limit:  4  ActiveWeight:  10
[ "01:30:48.627" ][VideoThumbnailer] Entering extractFrame for "I:/MY SDCArds/S22 ultra/Camera/20260610_065048.mp4"
[ "01:30:48.648" ][VideoThumbnailer] GPU decode enabled for "I:/MY SDCArds/S22 ultra/Camera/20260610_065048.mp4"
[ "01:30:48.760" ][VideoThumbnailer] Entering extractFrame for "I:/MY SDCArds/S22 ultra/Camera/20260526_174230.heic"
[ "01:30:48.766" ][VideoThumbnailer] GPU decode enabled for "I:/MY SDCArds/S22 ultra/Camera/20260526_174230.heic"
[ "01:30:48.810" ][VideoThumbnailer] Entering extractFrame for "I:/MY SDCArds/S22 ultra/Camera/20260526_113042.heic"
[ "01:30:48.818" ][VideoThumbnailer] GPU decode enabled for "I:/MY SDCArds/S22 ultra/Camera/20260526_113042.heic"
[ "01:30:48.842" ][VideoThumbnailer] Entering extractFrame for "I:/MY SDCArds/S22 ultra/Camera/20260526_174659.heic"
[ "01:30:48.854" ][VideoThumbnailer] GPU decode enabled for "I:/MY SDCArds/S22 ultra/Camera/20260526_174659.heic"
[ "01:30:48.911" ][VideoThumbnailer] Entering extractFrame for "I:/MY SDCArds/S22 ultra/Camera/20260527_095955.heic"
[ "01:30:48.922" ][VideoThumbnailer] GPU decode enabled for "I:/MY SDCArds/S22 ultra/Camera/20260527_095955.heic"
[ "01:30:48.928" ][VideoThumbnailer] Entering extractFrame for "I:/MY SDCArds/S22 ultra/Camera/20260615_162208.mp4"
[ "01:30:48.953" ][VideoThumbnailer] GPU decode enabled for "I:/MY SDCArds/S22 ultra/Camera/20260615_162208.mp4"
[ "01:30:48.979" ][VideoThumbnailer] Entering extractFrame for "I:/MY SDCArds/S22 ultra/Camera/20260527_100003.heic"
[ "01:30:48.987" ][VideoThumbnailer] GPU decode enabled for "I:/MY SDCArds/S22 ultra/Camera/20260527_100003.heic"
[ "01:30:49.020" ][SystemMonitor] Stats Update: CPU App: 49.2908 % | Sys: 99.6454 % | RAM App: 14879.8 MB | Sys Avail: 13664.6 MB / 65466.5 MB
[SystemMonitor] Resource Update: RAM: 14879.8 MB (Delta: 400.688 ) | VRAM: 2659.88 MB (Delta: 183.5 )
[Diagnostics] CRITICAL: "Load stalled for 15s. Pending: 3. Stuck: I:/MY SDCArds/S22 ultra/Camera/20260527_100003.heic"
[DiagnosticsUI] CRITICAL ISSUE: Load stalled for 15s. Pending: 3. Stuck: I:/MY SDCArds/S22 ultra/Camera/20260527_100003.heic
[ "01:30:49.022" ][VideoThumbnailer] Entering extractFrame for "I:/MY SDCArds/S22 ultra/Camera/20260527_100008.heic"
[ "01:30:49.030" ][VideoThumbnailer] GPU decode enabled for "I:/MY SDCArds/S22 ultra/Camera/20260527_100008.heic"
[ "01:30:49.039" ][VideoThumbnailer] Entering extractFrame for "I:/MY SDCArds/S22 ultra/Camera/20260527_100011.heic"
[ "01:30:49.048" ][VideoThumbnailer] GPU decode enabled for "I:/MY SDCArds/S22 ultra/Camera/20260527_100011.heic"
[ "01:30:49.086" ][VideoThumbnailer] Entering extractFrame for "I:/MY SDCArds/S22 ultra/Camera/20260527_100021.heic"
[ "01:30:49.088" ][VideoThumbnailer] Entering extractFrame for "I:/MY SDCArds/S22 ultra/Camera/20260530_165704.heic"
[ "01:30:49.097" ][VideoThumbnailer] GPU decode enabled for "I:/MY SDCArds/S22 ultra/Camera/20260527_100021.heic"
[ "01:30:49.098" ][VideoThumbnailer] GPU decode enabled for "I:/MY SDCArds/S22 ultra/Camera/20260530_165704.heic"
[ "01:30:49.133" ][VideoThumbnailer] Entering extractFrame for "I:/MY SDCArds/S22 ultra/Camera/20260531_180149.heic"
[ "01:30:49.140" ][VideoThumbnailer] Entering extractFrame for "I:/MY SDCArds/S22 ultra/Camera/20260530_092051.heic"
[ "01:30:49.141" ][VideoThumbnailer] GPU decode enabled for "I:/MY SDCArds/S22 ultra/Camera/20260531_180149.heic"
[ "01:30:49.154" ][VideoThumbnailer] GPU decode enabled for "I:/MY SDCArds/S22 ultra/Camera/20260530_092051.heic"
[ "01:30:49.197" ][VideoThumbnailer] Entering extractFrame for "I:/MY SDCArds/S22 ultra/Camera/20260531_180226.heic"
[ "01:30:49.197" ][VideoThumbnailer] Entering extractFrame for "I:/MY SDCArds/S22 ultra/Camera/20260531_180151.heic"
[ "01:30:49.207" ][VideoThumbnailer] GPU decode enabled for "I:/MY SDCArds/S22 ultra/Camera/20260531_180226.heic"
[ "01:30:49.208" ][VideoThumbnailer] GPU decode enabled for "I:/MY SDCArds/S22 ultra/Camera/20260531_180151.heic"
[ "01:30:49.263" ][VideoThumbnailer] Entering extractFrame for "I:/MY SDCArds/S22 ultra/Camera/20260603_160728.heic"
[ "01:30:49.276" ][VideoThumbnailer] GPU decode enabled for "I:/MY SDCArds/S22 ultra/Camera/20260603_160728.heic"
[ "01:30:49.289" ][VideoThumbnailer] Entering extractFrame for "I:/MY SDCArds/S22 ultra/Camera/20260603_160730.heic"
[ "01:30:49.302" ][VideoThumbnailer] GPU decode enabled for "I:/MY SDCArds/S22 ultra/Camera/20260603_160730.heic"
[ "01:30:49.340" ][VideoThumbnailer] Entering extractFrame for "I:/MY SDCArds/S22 ultra/Camera/20260603_160727.heic"
[ "01:30:49.370" ][VideoThumbnailer] GPU decode enabled for "I:/MY SDCArds/S22 ultra/Camera/20260603_160727.heic"
[ "01:30:49.381" ][VideoThumbnailer] Entering extractFrame for "I:/MY SDCArds/S22 ultra/Camera/20260603_173730.heic"
[ "01:30:49.394" ][VideoThumbnailer] GPU decode enabled for "I:/MY SDCArds/S22 ultra/Camera/20260603_173730.heic"
[ "01:30:49.434" ][VideoThumbnailer] Entering extractFrame for "I:/MY SDCArds/S22 ultra/Camera/20260606_103702.heic"
[ "01:30:49.442" ][VideoThumbnailer] Entering extractFrame for "I:/MY SDCArds/S22 ultra/Camera/20260606_103659.heic"
[ "01:30:49.443" ][VideoThumbnailer] GPU decode enabled for "I:/MY SDCArds/S22 ultra/Camera/20260606_103702.heic"
[ "01:30:49.453" ][VideoThumbnailer] GPU decode enabled for "I:/MY SDCArds/S22 ultra/Camera/20260606_103659.heic"
[ "01:30:49.498" ][VideoThumbnailer] Entering extractFrame for "I:/MY SDCArds/S22 ultra/Camera/20260606_103712.heic"
[ "01:30:49.504" ][VideoThumbnailer] Entering extractFrame for "I:/MY SDCArds/S22 ultra/Camera/20260618_122310.heic"
[ "01:30:49.508" ][VideoThumbnailer] GPU decode enabled for "I:/MY SDCArds/S22 ultra/Camera/20260606_103712.heic"
[ "01:30:49.520" ][VideoThumbnailer] Entering extractFrame for "I:/MY SDCArds/S22 ultra/Camera/2e5b1ace31b491aad70d2df043b5a427.mp4"
[ "01:30:49.528" ][VideoThumbnailer] GPU decode enabled for "I:/MY SDCArds/S22 ultra/Camera/2e5b1ace31b491aad70d2df043b5a427.mp4"
[ "01:30:49.592" ][VideoThumbnailer] Entering extractFrame for "I:/MY SDCArds/S22 ultra/Camera/20260606_103715.heic"
[ "01:30:49.602" ][VideoThumbnailer] GPU decode enabled for "I:/MY SDCArds/S22 ultra/Camera/20260606_103715.heic"
[ "01:30:49.613" ][VideoThumbnailer] Entering extractFrame for "I:/MY SDCArds/S22 ultra/Camera/20260606_103731.heic"
[ "01:30:49.622" ][VideoThumbnailer] GPU decode enabled for "I:/MY SDCArds/S22 ultra/Camera/20260606_103731.heic"
[ "01:30:49.679" ][VideoThumbnailer] Entering extractFrame for "I:/MY SDCArds/S22 ultra/Camera/20260612_090115.heic"
[ "01:30:49.689" ][VideoThumbnailer] GPU decode enabled for "I:/MY SDCArds/S22 ultra/Camera/20260612_090115.heic"
[ "01:30:49.717" ][VideoThumbnailer] Entering extractFrame for "I:/MY SDCArds/S22 ultra/Camera/20260613_100455.heic"
[ "01:30:49.726" ][VideoThumbnailer] GPU decode enabled for "I:/MY SDCArds/S22 ultra/Camera/20260613_100455.heic"
[ "01:30:49.748" ][VideoThumbnailer] Entering extractFrame for "I:/MY SDCArds/S22 ultra/Camera/20260613_100536.heic"
[ "01:30:49.757" ][VideoThumbnailer] GPU decode enabled for "I:/MY SDCArds/S22 ultra/Camera/20260613_100536.heic"
[ "01:30:49.789" ][VideoThumbnailer] Entering extractFrame for "I:/MY SDCArds/S22 ultra/Camera/20260613_100558.heic"
[ "01:30:49.796" ][VideoThumbnailer] GPU decode enabled for "I:/MY SDCArds/S22 ultra/Camera/20260613_100558.heic"
[ "01:30:49.812" ][VideoThumbnailer] Entering extractFrame for "I:/MY SDCArds/S22 ultra/Camera/20260613_100608.heic"
[ "01:30:49.821" ][VideoThumbnailer] GPU decode enabled for "I:/MY SDCArds/S22 ultra/Camera/20260613_100608.heic"
[ "01:30:49.852" ][VideoThumbnailer] Entering extractFrame for "I:/MY SDCArds/S22 ultra/Camera/20260613_100655.heic"
[ "01:30:49.861" ][VideoThumbnailer] GPU decode enabled for "I:/MY SDCArds/S22 ultra/Camera/20260613_100655.heic"
[ "01:30:49.882" ][VideoThumbnailer] Entering extractFrame for "I:/MY SDCArds/S22 ultra/Camera/20260613_100701.heic"
[ "01:30:49.892" ][VideoThumbnailer] GPU decode enabled for "I:/MY SDCArds/S22 ultra/Camera/20260613_100701.heic"
[ "01:30:49.932" ][VideoThumbnailer] Entering extractFrame for "I:/MY SDCArds/S22 ultra/Camera/20260615_161644.heic"
[ "01:30:49.947" ][VideoThumbnailer] GPU decode enabled for "I:/MY SDCArds/S22 ultra/Camera/20260615_161644.heic"
[ "01:30:49.968" ][VideoThumbnailer] Entering extractFrame for "I:/MY SDCArds/S22 ultra/Camera/20260615_161647.heic"
[ "01:30:49.977" ][VideoThumbnailer] GPU decode enabled for "I:/MY SDCArds/S22 ultra/Camera/20260615_161647.heic"
[ "01:30:50.018" ][SystemMonitor] Stats Update: CPU App: 27.3438 % | Sys: 98.6979 % | RAM App: 14912.7 MB | Sys Avail: 13659 MB / 65466.5 MB
[Diagnostics] CRITICAL: "Load stalled for 16s. Pending: 3. Stuck: I:/MY SDCArds/S22 ultra/Camera/20260615_161644.heic, I:/MY SDCArds/S22 ultra/Camera/20260615_161647.heic"
[DiagnosticsUI] CRITICAL ISSUE: Load stalled for 16s. Pending: 3. Stuck: I:/MY SDCArds/S22 ultra/Camera/20260615_161644.heic, I:/MY SDCArds/S22 ultra/Camera/20260615_161647.heic
[ "01:30:50.030" ][VideoThumbnailer] Entering extractFrame for "I:/MY SDCArds/S22 ultra/Camera/20260615_162101.heic"
[ "01:30:50.039" ][VideoThumbnailer] GPU decode enabled for "I:/MY SDCArds/S22 ultra/Camera/20260615_162101.heic"
[ "01:30:50.059" ][VideoThumbnailer] Entering extractFrame for "I:/MY SDCArds/S22 ultra/Camera/20260615_162102.heic"
[ "01:30:50.077" ][VideoThumbnailer] GPU decode enabled for "I:/MY SDCArds/S22 ultra/Camera/20260615_162102.heic"
[ "01:30:50.120" ][VideoThumbnailer] Entering extractFrame for "I:/MY SDCArds/S22 ultra/Camera/20260615_162104.heic"
[ "01:30:50.132" ][VideoThumbnailer] GPU decode enabled for "I:/MY SDCArds/S22 ultra/Camera/20260615_162104.heic"
[ "01:30:50.138" ][VideoThumbnailer] Entering extractFrame for "I:/MY SDCArds/S22 ultra/Camera/20260615_162200.heic"
[ "01:30:50.148" ][VideoThumbnailer] GPU decode enabled for "I:/MY SDCArds/S22 ultra/Camera/20260615_162200.heic"
[ "01:30:50.222" ][VideoThumbnailer] Entering extractFrame for "I:/MY SDCArds/S22 ultra/Camera/20260615_162202.heic"
[AdaptiveIO] Stats:  "I:/"  Avg:  73.3963  Limit:  4  ActiveWeight:  10
[ "01:30:50.232" ][VideoThumbnailer] Entering extractFrame for "I:/MY SDCArds/S22 ultra/Camera/20260523_140703.heic"
[ "01:30:50.232" ][VideoThumbnailer] GPU decode enabled for "I:/MY SDCArds/S22 ultra/Camera/20260615_162202.heic"
[ "01:30:50.239" ][VideoThumbnailer] GPU decode enabled for "I:/MY SDCArds/S22 ultra/Camera/20260523_140703.heic"
[QML ViewportRange] Precise detected range: 279 to 452 (174 items)
[Diagnostics] CRITICAL: "Load stalled for 17s. Pending: 4. Stuck: I:/MY SDCArds/S22 ultra/Camera/20260523_140703.heic, I:/MY SDCArds/S22 ultra/Camera/20260523_153737.jpg, I:/MY SDCArds/S22 ultra/Camera/20260523_153741.jpg, I:/MY SDCArds/S22 ultra/Camera/20260615_..."
[DiagnosticsUI] CRITICAL ISSUE: Load stalled for 17s. Pending: 4. Stuck: I:/MY SDCArds/S22 ultra/Camera/20260523_140703.heic, I:/MY SDCArds/S22 ultra/Camera/20260523_153737.jpg, I:/MY SDCArds/S22 ultra/Camera/20260523_153741.jpg, I:/MY SDCArds/S22 ultra/Camera/20260615_...
[ViewportCulling] Current settings: m_viewportCullingEnabled= true , BUFFER_SIZE= 50
[ViewportCulling] RANGE UPDATE: 
  Viewport indices: 279 to 800 ( 522 items) 
  Buffered range: 229 to 850 ( 622 items with BUFFER_SIZE= 50 ) 
  Total items in model: 8948
[ViewportCulling] Setting 622 visible paths in VRM
[VRM] Total visible paths: 622 Sample: "I:/MY SDCArds/S22 ultra/Camera/20260615_162200.heic"
[ViewportCulling] Requested: 0 | Already loaded: 622 | Total in range: 622
setVisibleEndIndex called with: 452
[Diagnostics] CRITICAL: "Load stalled for 17s. Pending: 4. Stuck: I:/MY SDCArds/S22 ultra/Camera/20260523_140703.heic, I:/MY SDCArds/S22 ultra/Camera/20260523_153737.jpg, I:/MY SDCArds/S22 ultra/Camera/20260523_153741.jpg, I:/MY SDCArds/S22 ultra/Camera/20260615_..."
[DiagnosticsUI] CRITICAL ISSUE: Load stalled for 17s. Pending: 4. Stuck: I:/MY SDCArds/S22 ultra/Camera/20260523_140703.heic, I:/MY SDCArds/S22 ultra/Camera/20260523_153737.jpg, I:/MY SDCArds/S22 ultra/Camera/20260523_153741.jpg, I:/MY SDCArds/S22 ultra/Camera/20260615_...
[ViewportCulling] Current settings: m_viewportCullingEnabled= true , BUFFER_SIZE= 50
[ViewportCulling] RANGE UPDATE: 
  Viewport indices: 279 to 452 ( 174 items) 
  Buffered range: 229 to 502 ( 274 items with BUFFER_SIZE= 50 ) 
  Total items in model: 8948
[ViewportCulling] Setting 274 visible paths in VRM
[VRM] Total visible paths: 274 Sample: "I:/MY SDCArds/S22 ultra/Camera/20260615_162200.heic"
[ViewportCulling] Requested: 0 | Already loaded: 274 | Total in range: 274
[ "01:30:50.431" ][VideoThumbnailer] Entering extractFrame for "I:/MY SDCArds/S22 ultra/Camera/20260513_151741.heic"
[ "01:30:50.438" ][VideoThumbnailer] Entering extractFrame for "I:/MY SDCArds/S22 ultra/Camera/20260513_151738.heic"
[ "01:30:50.441" ][VideoThumbnailer] GPU decode enabled for "I:/MY SDCArds/S22 ultra/Camera/20260513_151741.heic"
[ "01:30:50.447" ][VideoThumbnailer] GPU decode enabled for "I:/MY SDCArds/S22 ultra/Camera/20260513_151738.heic"
[QML ViewportRange] Precise detected range: 469 to 493 (25 items)
[Diagnostics] WARNING: "Viewport only showing -16 items - possible detection issue"
[Diagnostics] CRITICAL: "Load stalled for 17s. Pending: 7. Stuck: I:/MY SDCArds/S22 ultra/Camera/20260513_151738.heic, I:/MY SDCArds/S22 ultra/Camera/20260513_151741.heic"
[DiagnosticsUI] CRITICAL ISSUE: Load stalled for 17s. Pending: 7. Stuck: I:/MY SDCArds/S22 ultra/Camera/20260513_151738.heic, I:/MY SDCArds/S22 ultra/Camera/20260513_151741.heic
[ViewportCulling] Current settings: m_viewportCullingEnabled= true , BUFFER_SIZE= 50
[ViewportCulling] RANGE UPDATE: 
  Viewport indices: 469 to 452 ( -16 items) 
  Buffered range: 419 to 502 ( 84 items with BUFFER_SIZE= 50 ) 
  Total items in model: 8948
[ViewportCulling] Setting 84 visible paths in VRM
[VRM] Total visible paths: 84 Sample: "I:/MY SDCArds/S22 ultra/Camera/20260613_100558.heic"
[ViewportCulling] Requested: 0 | Already loaded: 84 | Total in range: 84
setVisibleEndIndex called with: 493
[Diagnostics] CRITICAL: "Load stalled for 17s. Pending: 7. Stuck: I:/MY SDCArds/S22 ultra/Camera/20260513_151738.heic, I:/MY SDCArds/S22 ultra/Camera/20260513_151741.heic"
[DiagnosticsUI] CRITICAL ISSUE: Load stalled for 17s. Pending: 7. Stuck: I:/MY SDCArds/S22 ultra/Camera/20260513_151738.heic, I:/MY SDCArds/S22 ultra/Camera/20260513_151741.heic
[ViewportCulling] Current settings: m_viewportCullingEnabled= true , BUFFER_SIZE= 50
[ViewportCulling] RANGE UPDATE: 
  Viewport indices: 469 to 493 ( 25 items) 
  Buffered range: 419 to 543 ( 125 items with BUFFER_SIZE= 50 ) 
  Total items in model: 8948
[ViewportCulling] Setting 125 visible paths in VRM
[VRM] Total visible paths: 125 Sample: "I:/MY SDCArds/S22 ultra/Screenshots/Screenshot_20260426_103214_WiFiman.jpg"
[ViewportCulling] Requested: 0 | Already loaded: 125 | Total in range: 125
[ "01:30:50.773" ][VideoThumbnailer] Entering extractFrame for "I:/MY SDCArds/S22 ultra/Camera/20260515_083730.heic"
[ "01:30:50.795" ][VideoThumbnailer] GPU decode enabled for "I:/MY SDCArds/S22 ultra/Camera/20260515_083730.heic"
[ "01:30:50.894" ][VideoThumbnailer] Entering extractFrame for "I:/MY SDCArds/S22 ultra/Camera/20260329_185133.heic"
[ "01:30:50.908" ][VideoThumbnailer] GPU decode enabled for "I:/MY SDCArds/S22 ultra/Camera/20260329_185133.heic"
[QML ViewportRange] Precise detected range: 536 to 564 (29 items)
[Diagnostics] WARNING: "Viewport only showing -42 items - possible detection issue"
[Diagnostics] CRITICAL: "Load stalled for 17s. Pending: 5. Stuck: I:/MY SDCArds/S22 ultra/Camera/20260329_185122.jpg, I:/MY SDCArds/S22 ultra/Camera/20260329_185133.heic, I:/MY SDCArds/S22 ultra/Camera/20260515_083730.heic"
[DiagnosticsUI] CRITICAL ISSUE: Load stalled for 17s. Pending: 5. Stuck: I:/MY SDCArds/S22 ultra/Camera/20260329_185122.jpg, I:/MY SDCArds/S22 ultra/Camera/20260329_185133.heic, I:/MY SDCArds/S22 ultra/Camera/20260515_083730.heic
[ViewportCulling] Current settings: m_viewportCullingEnabled= true , BUFFER_SIZE= 50
[ViewportCulling] RANGE UPDATE: 
  Viewport indices: 536 to 493 ( -42 items) 
  Buffered range: 486 to 543 ( 58 items with BUFFER_SIZE= 50 ) 
  Total items in model: 8948
[ViewportCulling] Setting 58 visible paths in VRM
[VRM] Total visible paths: 58 Sample: "I:/MY SDCArds/S22 ultra/Screenshots/Screenshot_20260404_233405_Facebook.jpg"
[ViewportCulling] Requested: 0 | Already loaded: 58 | Total in range: 58
setVisibleEndIndex called with: 564
[Diagnostics] CRITICAL: "Load stalled for 17s. Pending: 5. Stuck: I:/MY SDCArds/S22 ultra/Camera/20260329_185122.jpg, I:/MY SDCArds/S22 ultra/Camera/20260329_185133.heic, I:/MY SDCArds/S22 ultra/Camera/20260515_083730.heic"
[DiagnosticsUI] CRITICAL ISSUE: Load stalled for 17s. Pending: 5. Stuck: I:/MY SDCArds/S22 ultra/Camera/20260329_185122.jpg, I:/MY SDCArds/S22 ultra/Camera/20260329_185133.heic, I:/MY SDCArds/S22 ultra/Camera/20260515_083730.heic
[ViewportCulling] Current settings: m_viewportCullingEnabled= true , BUFFER_SIZE= 50
[ViewportCulling] RANGE UPDATE: 
  Viewport indices: 536 to 564 ( 29 items) 
  Buffered range: 486 to 614 ( 129 items with BUFFER_SIZE= 50 ) 
  Total items in model: 8948
[ViewportCulling] Setting 129 visible paths in VRM
[VRM] Total visible paths: 129 Sample: "I:/MY SDCArds/S22 ultra/Car Audio/20260501_161829.heic"
[ViewportCulling] Requested: 0 | Already loaded: 129 | Total in range: 129
[ "01:30:51.027" ][VideoThumbnailer] Entering extractFrame for "I:/MY SDCArds/S22 ultra/Camera/20260329_185138.heic"
[ "01:30:51.041" ][SystemMonitor] Stats Update: CPU App: 37.6923 % | Sys: 99.7436 % | RAM App: 15408.6 MB | Sys Avail: 13112.2 MB / 65466.5 MB
[SystemMonitor] Resource Update: RAM: 15408.6 MB (Delta: 528.801 ) | VRAM: 2675.38 MB (Delta: 15.5 )
[Diagnostics] CRITICAL: "Load stalled for 18s. Pending: 21. Stuck: I:/MY SDCArds/S22 ultra/Camera/20260317_202431.jpg, I:/MY SDCArds/S22 ultra/Camera/20260318_161956.jpg, I:/MY SDCArds/S22 ultra/Camera/20260329_185133.heic, I:/MY SDCArds/S22 ultra/Camera/20260329_..."
[DiagnosticsUI] CRITICAL ISSUE: Load stalled for 18s. Pending: 21. Stuck: I:/MY SDCArds/S22 ultra/Camera/20260317_202431.jpg, I:/MY SDCArds/S22 ultra/Camera/20260318_161956.jpg, I:/MY SDCArds/S22 ultra/Camera/20260329_185133.heic, I:/MY SDCArds/S22 ultra/Camera/20260329_...
[ "01:30:51.050" ][VideoThumbnailer] GPU decode enabled for "I:/MY SDCArds/S22 ultra/Camera/20260329_185138.heic"
[AdaptiveIO] Stats:  "I:/"  Avg:  114.761  Limit:  4  ActiveWeight:  11
[ "01:30:51.548" ][VideoThumbnailer] Entering extractFrame for "I:/MY SDCArds/S22 ultra/Camera/20260306_140557.heic"
[ "01:30:51.558" ][VideoThumbnailer] GPU decode enabled for "I:/MY SDCArds/S22 ultra/Camera/20260306_140557.heic"
[ "01:30:51.818" ][VideoThumbnailer] Entering extractFrame for "I:/MY SDCArds/S22 ultra/Camera/20250511_173542.heic"
[ "01:30:51.822" ][VideoThumbnailer] GPU decode enabled for "I:/MY SDCArds/S22 ultra/Camera/20250511_173542.heic"
[ "01:30:51.828" ][VideoThumbnailer] Entering extractFrame for "I:/MY SDCArds/S22 ultra/Camera/20250719_122112.heic"
[ "01:30:51.837" ][VideoThumbnailer] GPU decode enabled for "I:/MY SDCArds/S22 ultra/Camera/20250719_122112.heic"
[ "01:30:51.901" ][VideoThumbnailer] Entering extractFrame for "I:/MY SDCArds/S22 ultra/Camera/20250718_100106.heic"
[ "01:30:51.911" ][VideoThumbnailer] GPU decode enabled for "I:/MY SDCArds/S22 ultra/Camera/20250718_100106.heic"
[ "01:30:52.054" ][SystemMonitor] Stats Update: CPU App: 67.4359 % | Sys: 99.2308 % | RAM App: 15758.5 MB | Sys Avail: 12773.4 MB / 65466.5 MB
[SystemMonitor] Resource Update: RAM: 15758.5 MB (Delta: 349.902 ) | VRAM: 432.004 MB (Delta: -2243.38 )
[Diagnostics] CRITICAL: "Load stalled for 19s. Pending: 4. Stuck: I:/MY SDCArds/S22 ultra/Camera/20250902_194224.jpg, I:/MY SDCArds/S22 ultra/Camera/20250902_194258.jpg, I:/MY SDCArds/S22 ultra/Camera/20251105_155656.jpg, I:/MY SDCArds/S22 ultra/Videocaptures/Scr..."
[DiagnosticsUI] CRITICAL ISSUE: Load stalled for 19s. Pending: 4. Stuck: I:/MY SDCArds/S22 ultra/Camera/20250902_194224.jpg, I:/MY SDCArds/S22 ultra/Camera/20250902_194258.jpg, I:/MY SDCArds/S22 ultra/Camera/20251105_155656.jpg, I:/MY SDCArds/S22 ultra/Videocaptures/Scr...
[ "01:30:52.175" ][VideoThumbnailer] Entering extractFrame for "I:/MY SDCArds/S22 ultra/Camera/20250211_180704.heic"
[ "01:30:52.219" ][VideoThumbnailer] GPU decode enabled for "I:/MY SDCArds/S22 ultra/Camera/20250211_180704.heic"
[ "01:30:52.323" ][VideoThumbnailer] Entering extractFrame for "I:/MY SDCArds/S22 ultra/Camera/20250922_113321.heic"
[AdaptiveIO] Stats:  "I:/"  Avg:  113.594  Limit:  4  ActiveWeight:  5
[ "01:30:52.589" ][VideoThumbnailer] Entering extractFrame for "I:/MY SDCArds/S22 ultra/Camera/20250422_201607.mp4"
[ "01:30:52.644" ][VideoThumbnailer] GPU decode enabled for "I:/MY SDCArds/S22 ultra/Camera/20250422_201607.mp4"
[ "01:30:52.718" ][VideoThumbnailer] Entering extractFrame for "I:/MY SDCArds/S22 ultra/Camera/20250718_100752.heic"
[ "01:30:52.726" ][VideoThumbnailer] GPU decode enabled for "I:/MY SDCArds/S22 ultra/Camera/20250718_100752.heic"
Corrupt JPEG data: premature end of data segment
Unsupported marker type 0x8a
Unsupported marker type 0x8a
[ "01:30:52.998" ][VideoThumbnailer] Entering extractFrame for "I:/MY SDCArds/S22 ultra/Camera/20250922_144127.heic"
[ "01:30:53.068" ][SystemMonitor] Stats Update: CPU App: 63.8462 % | Sys: 98.2051 % | RAM App: 15774.7 MB | Sys Avail: 12759.6 MB / 65466.5 MB
[Diagnostics] CRITICAL: "Load stalled for 20s. Pending: 4. Stuck: I:/MY SDCArds/S22 ultra/Camera/20240505_144453.jpg, I:/MY SDCArds/S22 ultra/Camera/20240508_173216.jpg, I:/MY SDCArds/S22 ultra/Camera/20240514_162257_remastered.jpg, I:/MY SDCArds/S22 ultra/Expert..."
[DiagnosticsUI] CRITICAL ISSUE: Load stalled for 20s. Pending: 4. Stuck: I:/MY SDCArds/S22 ultra/Camera/20240505_144453.jpg, I:/MY SDCArds/S22 ultra/Camera/20240508_173216.jpg, I:/MY SDCArds/S22 ultra/Camera/20240514_162257_remastered.jpg, I:/MY SDCArds/S22 ultra/Expert...
[ "01:30:53.129" ][VideoThumbnailer] Entering extractFrame for "I:/MY SDCArds/S22 ultra/Camera/20250124_121418.heic"
[ "01:30:53.168" ][VideoThumbnailer] GPU decode enabled for "I:/MY SDCArds/S22 ultra/Camera/20250124_121418.heic"
[ "01:30:53.442" ][VideoThumbnailer] Entering extractFrame for "I:/MY SDCArds/S22 ultra/Camera/20250630_101717.heic"
[ "01:30:53.451" ][VideoThumbnailer] GPU decode enabled for "I:/MY SDCArds/S22 ultra/Camera/20250630_101717.heic"
[QML ViewportRange] Precise detected range: 4373 to 4416 (44 items)
[Diagnostics] WARNING: "Viewport only showing -3808 items - possible detection issue"
[Diagnostics] CRITICAL: "Load stalled for 20s. Pending: 5. Stuck: I:/MY SDCArds/2020 - 2021/20211217_152628.jpg, I:/MY SDCArds/2020 - 2021/20211225_234413.jpg, I:/MY SDCArds/S22 ultra/Camera/20250619_111846.jpg?idx=1196"
[DiagnosticsUI] CRITICAL ISSUE: Load stalled for 20s. Pending: 5. Stuck: I:/MY SDCArds/2020 - 2021/20211217_152628.jpg, I:/MY SDCArds/2020 - 2021/20211225_234413.jpg, I:/MY SDCArds/S22 ultra/Camera/20250619_111846.jpg?idx=1196
[ViewportCulling] Current settings: m_viewportCullingEnabled= true , BUFFER_SIZE= 50
[ViewportCulling] RANGE UPDATE: 
  Viewport indices: 4373 to 564 ( -3808 items) 
  Buffered range: 4323 to 614 ( -3708 items with BUFFER_SIZE= 50 ) 
  Total items in model: 8948
[ViewportCulling] Setting 0 visible paths in VRM
[ViewportCulling] Requested: 0 | Already loaded: 0 | Total in range: -3708
setVisibleEndIndex called with: 4416
[Diagnostics] CRITICAL: "Load stalled for 20s. Pending: 5. Stuck: I:/MY SDCArds/2020 - 2021/20211217_152628.jpg, I:/MY SDCArds/2020 - 2021/20211225_234413.jpg, I:/MY SDCArds/S22 ultra/Camera/20250619_111846.jpg?idx=1196"
[DiagnosticsUI] CRITICAL ISSUE: Load stalled for 20s. Pending: 5. Stuck: I:/MY SDCArds/2020 - 2021/20211217_152628.jpg, I:/MY SDCArds/2020 - 2021/20211225_234413.jpg, I:/MY SDCArds/S22 ultra/Camera/20250619_111846.jpg?idx=1196
[ViewportCulling] Current settings: m_viewportCullingEnabled= true , BUFFER_SIZE= 50
[ViewportCulling] RANGE UPDATE: 
  Viewport indices: 4373 to 4416 ( 44 items) 
  Buffered range: 4323 to 4466 ( 144 items with BUFFER_SIZE= 50 ) 
  Total items in model: 8948
[ViewportCulling] Setting 144 visible paths in VRM
[VRM] Total visible paths: 144 Sample: "I:/MY SDCArds/S22 ultra/Shopping/20220315_130709.jpg"
[ViewportCulling] Requested: 144 | Already loaded: 0 | Total in range: 144
[ "01:30:53.806" ][VideoThumbnailer] Entering extractFrame for "I:/MY SDCArds/2020 - 2021/20211207_172819.mp4"
[ "01:30:53.808" ][VideoThumbnailer] GPU decode enabled for "I:/MY SDCArds/2020 - 2021/20211207_172819.mp4"
processPendingUpdates: Emitted dataChanged for range: 4323 to 4332
processPendingUpdates: Emitted dataChanged for range: 4333 to 4342
processPendingUpdates: Emitted dataChanged for range: 4343 to 4362
processPendingUpdates: Emitted dataChanged for range: 4363 to 4372
processPendingUpdates: Emitted dataChanged for range: 4373 to 4392
[ "01:30:54.018" ][SystemMonitor] Stats Update: CPU App: 66.9399 % | Sys: 100 % | RAM App: 16428.4 MB | Sys Avail: 12110.7 MB / 65466.5 MB
[SystemMonitor] Resource Update: RAM: 16428.4 MB (Delta: 669.828 ) | VRAM: 538.691 MB (Delta: 106.688 )
processPendingUpdates: Emitted dataChanged for range: 4393 to 4402
[AdaptiveIO] Stats:  "I:/"  Avg:  126.546  Limit:  4  ActiveWeight:  33
processPendingUpdates: Emitted dataChanged for range: 4403 to 4422
processPendingUpdates: Emitted dataChanged for range: 4423 to 4432
processPendingUpdates: Emitted dataChanged for range: 4433 to 4452
processPendingUpdates: Emitted dataChanged for range: 4453 to 4466
TelemetryMonitor: Processed 300 frames. Current FPS: 21
[ "01:30:55.048" ][SystemMonitor] Stats Update: CPU App: 68.9394 % | Sys: 98.2323 % | RAM App: 17109.7 MB | Sys Avail: 11395.8 MB / 65466.5 MB
[SystemMonitor] Resource Update: RAM: 17109.7 MB (Delta: 681.383 ) | VRAM: 649.473 MB (Delta: 110.781 )
[QML ViewportRange] Precise detected range: 0 to 465 (466 items)
[ViewportCulling] Current settings: m_viewportCullingEnabled= true , BUFFER_SIZE= 50
[ViewportCulling] RANGE UPDATE: 
  Viewport indices: 0 to 4416 ( 4417 items) 
  Buffered range: 0 to 4466 ( 4467 items with BUFFER_SIZE= 50 ) 
  Total items in model: 8948
[ViewportCulling] Setting 4467 visible paths in VRM
[VRM] Total visible paths: 4467 Sample: "I:/MY SDCArds/S22 ultra/Camera/20250619_111831.jpg"
[ViewportCulling] Requested: 3472 | Already loaded: 995 | Total in range: 4467
setVisibleEndIndex called with: 465
[ViewportCulling] Current settings: m_viewportCullingEnabled= true , BUFFER_SIZE= 50
[ViewportCulling] RANGE UPDATE: 
  Viewport indices: 0 to 465 ( 466 items) 
  Buffered range: 0 to 515 ( 516 items with BUFFER_SIZE= 50 ) 
  Total items in model: 8948
[ViewportCulling] Setting 516 visible paths in VRM
[VRM] Total visible paths: 516 Sample: "I:/MY SDCArds/S22 ultra/Facebook/FB_IMG_1637162332411.jpg"
[ViewportCulling] Requested: 0 | Already loaded: 516 | Total in range: 516
processPendingUpdates: Emitted dataChanged for range: 851 to 870
[ "01:30:55.804" ][VideoThumbnailer] Entering extractFrame for "I:/MY SDCArds/S22 ultra/Camera/20260530_092051.heic"
[ "01:30:55.814" ][VideoThumbnailer] GPU decode enabled for "I:/MY SDCArds/S22 ultra/Camera/20260530_092051.heic"
[AdaptiveIO] Stats:  "I:/"  Avg:  134.121  Limit:  4  ActiveWeight:  30
processPendingUpdates: Emitted dataChanged for range: 871 to 890
processPendingUpdates: Emitted dataChanged for range: 891 to 900
processPendingUpdates: Emitted dataChanged for range: 901 to 920
processPendingUpdates: Emitted dataChanged for range: 921 to 940
processPendingUpdates: Emitted dataChanged for range: 941 to 960
[ "01:30:56.018" ][SystemMonitor] Stats Update: CPU App: 63.4409 % | Sys: 99.7312 % | RAM App: 17260 MB | Sys Avail: 11227 MB / 65466.5 MB
[SystemMonitor] Resource Update: RAM: 17260 MB (Delta: 150.262 ) | VRAM: 723.223 MB (Delta: 73.75 )
processPendingUpdates: Emitted dataChanged for range: 961 to 970
processPendingUpdates: Emitted dataChanged for range: 971 to 980
processPendingUpdates: Emitted dataChanged for range: 981 to 1000
processPendingUpdates: Emitted dataChanged for range: 1001 to 1020
processPendingUpdates: Emitted dataChanged for range: 1021 to 1040
processPendingUpdates: Emitted dataChanged for range: 1041 to 1050
[AdaptiveIO] Stats:  "I:/"  Avg:  20.5072  Limit:  4  ActiveWeight:  32
processPendingUpdates: Emitted dataChanged for range: 1051 to 1060
processPendingUpdates: Emitted dataChanged for range: 1061 to 1080
processPendingUpdates: Emitted dataChanged for range: 1081 to 1090
processPendingUpdates: Emitted dataChanged for range: 1091 to 1110
processPendingUpdates: Emitted dataChanged for range: 1111 to 1130
processPendingUpdates: Emitted dataChanged for range: 1131 to 1150
processPendingUpdates: Emitted dataChanged for range: 1151 to 1160
processPendingUpdates: Emitted dataChanged for range: 1161 to 1170
[AdaptiveIO] Stats:  "I:/"  Avg:  15.2558  Limit:  4  ActiveWeight:  28
processPendingUpdates: Emitted dataChanged for range: 1171 to 1180
processPendingUpdates: Emitted dataChanged for range: 1181 to 1200
processPendingUpdates: Emitted dataChanged for range: 1201 to 1220
processPendingUpdates: Emitted dataChanged for range: 1221 to 1240
processPendingUpdates: Emitted dataChanged for range: 1241 to 1250
processPendingUpdates: Emitted dataChanged for range: 1251 to 1270
processPendingUpdates: Emitted dataChanged for range: 1271 to 1280
processPendingUpdates: Emitted dataChanged for range: 1281 to 1300
processPendingUpdates: Emitted dataChanged for range: 1301 to 1310
processPendingUpdates: Emitted dataChanged for range: 1311 to 1330
[ "01:30:57.015" ][SystemMonitor] Stats Update: CPU App: 61.7188 % | Sys: 98.1771 % | RAM App: 17912.7 MB | Sys Avail: 10577.1 MB / 65466.5 MB
[SystemMonitor] Resource Update: RAM: 17912.7 MB (Delta: 652.723 ) | VRAM: 1333.43 MB (Delta: 610.203 )
processPendingUpdates: Emitted dataChanged for range: 1331 to 1350
[AdaptiveIO] Stats:  "I:/"  Avg:  17.3818  Limit:  4  ActiveWeight:  30
processPendingUpdates: Emitted dataChanged for range: 1351 to 1370
processPendingUpdates: Emitted dataChanged for range: 1371 to 1390
processPendingUpdates: Emitted dataChanged for range: 1391 to 1410
processPendingUpdates: Emitted dataChanged for range: 1411 to 1420
processPendingUpdates: Emitted dataChanged for range: 1421 to 1440
processPendingUpdates: Emitted dataChanged for range: 1441 to 1450
processPendingUpdates: Emitted dataChanged for range: 1451 to 1470
processPendingUpdates: Emitted dataChanged for range: 1471 to 1480
[AdaptiveIO] Stats:  "I:/"  Avg:  40.19  Limit:  4  ActiveWeight:  31
processPendingUpdates: Emitted dataChanged for range: 1481 to 1490
[AdaptiveIO] Stats:  "I:/"  Avg:  17.2422  Limit:  4  ActiveWeight:  30
Starting video (isCurrent): file:///I:/MY SDCArds/S22 ultra/Whatsapp/VID-20230809-WA0002.mp4
Starting video (isCurrent): file:///I:/MY SDCArds/S22 ultra/Whatsapp/VID-20230923-WA0011.mp4
[ "01:30:58.211" ][VideoThumbnailer] Entering extractFrame for "I:/MY SDCArds/S22 ultra/Snapchat/Snapchat-289408284.mp4"
[ "01:30:58.283" ][VideoThumbnailer] GPU decode enabled for "I:/MY SDCArds/S22 ultra/Snapchat/Snapchat-289408284.mp4"
[ "01:30:58.495" ][VideoThumbnailer] Entering extractFrame for "I:/MY SDCArds/S22 ultra/Double Side Camera/2023_02_23_15_19_16_033.mp4"
[ "01:30:58.540" ][VideoThumbnailer] GPU decode enabled for "I:/MY SDCArds/S22 ultra/Double Side Camera/2023_02_23_15_19_16_033.mp4"
[AdaptiveIO] Stats:  "I:/"  Avg:  36.5854  Limit:  4  ActiveWeight:  29
[ "01:30:58.612" ][VideoThumbnailer] Entering extractFrame for "I:/MY SDCArds/S22 ultra/Camera/47c9a60562e98c98f4830cf33a0941e6.mp4"
[ "01:30:58.619" ][VideoThumbnailer] GPU decode enabled for "I:/MY SDCArds/S22 ultra/Camera/47c9a60562e98c98f4830cf33a0941e6.mp4"
[ "01:30:58.682" ][VideoThumbnailer] Entering extractFrame for "I:/MY SDCArds/S22 ultra/Camera/20260530_092051.heic"
[ "01:30:58.688" ][VideoThumbnailer] GPU decode enabled for "I:/MY SDCArds/S22 ultra/Camera/20260530_092051.heic"
[ "01:30:58.727" ][VideoThumbnailer] Entering extractFrame for "I:/MY SDCArds/S22 ultra/Camera/20260530_165704.heic"
[ "01:30:58.735" ][VideoThumbnailer] GPU decode enabled for "I:/MY SDCArds/S22 ultra/Camera/20260530_165704.heic"
[ "01:30:58.790" ][VideoThumbnailer] Entering extractFrame for "I:/MY SDCArds/S22 ultra/Camera/532d8ad6009f7a76f0f7b3e96fdeb1c8.mp4"
[ "01:30:58.801" ][VideoThumbnailer] GPU decode enabled for "I:/MY SDCArds/S22 ultra/Camera/532d8ad6009f7a76f0f7b3e96fdeb1c8.mp4"
[ "01:30:58.868" ][VideoThumbnailer] Entering extractFrame for "I:/MY SDCArds/S22 ultra/Screen recordings/Screen_Recording_20260425_200301_Facebook.mp4"
[ "01:30:58.921" ][VideoThumbnailer] GPU decode enabled for "I:/MY SDCArds/S22 ultra/Screen recordings/Screen_Recording_20260425_200301_Facebook.mp4"
[ "01:30:58.922" ][VideoThumbnailer] Entering extractFrame for "I:/MY SDCArds/S22 ultra/Camera/5750e6869edab59846a65acd7dc2e8ff.mp4"
[ "01:30:58.930" ][VideoThumbnailer] GPU decode enabled for "I:/MY SDCArds/S22 ultra/Camera/5750e6869edab59846a65acd7dc2e8ff.mp4"
[ "01:30:58.998" ][VideoThumbnailer] Entering extractFrame for "I:/MY SDCArds/S22 ultra/Camera/20260501_135952.heic"
[ "01:30:59.004" ][VideoThumbnailer] GPU decode enabled for "I:/MY SDCArds/S22 ultra/Camera/20260501_135952.heic"
[ "01:30:59.009" ][VideoThumbnailer] Entering extractFrame for "I:/MY SDCArds/S22 ultra/Camera/20260501_140030.heic"
[ "01:30:59.014" ][VideoThumbnailer] GPU decode enabled for "I:/MY SDCArds/S22 ultra/Camera/20260501_140030.heic"
[ "01:30:59.049" ][VideoThumbnailer] Entering extractFrame for "I:/MY SDCArds/S22 ultra/Car Audio/20260501_161713.heic"
[ "01:30:59.054" ][VideoThumbnailer] Entering extractFrame for "I:/MY SDCArds/S22 ultra/Camera/20260501_140040.heic"
[ "01:30:59.058" ][VideoThumbnailer] GPU decode enabled for "I:/MY SDCArds/S22 ultra/Car Audio/20260501_161713.heic"
[ "01:30:59.060" ][VideoThumbnailer] GPU decode enabled for "I:/MY SDCArds/S22 ultra/Camera/20260501_140040.heic"
[ "01:30:59.094" ][VideoThumbnailer] Entering extractFrame for "I:/MY SDCArds/S22 ultra/Camera/f60ea2c96345e99c0a4801287c32c8e4.mp4"
[ "01:30:59.103" ][VideoThumbnailer] GPU decode enabled for "I:/MY SDCArds/S22 ultra/Camera/f60ea2c96345e99c0a4801287c32c8e4.mp4"
[ "01:30:59.110" ][VideoThumbnailer] Entering extractFrame for "I:/MY SDCArds/S22 ultra/Camera/20260501_140042.heic"
[ "01:30:59.118" ][VideoThumbnailer] GPU decode enabled for "I:/MY SDCArds/S22 ultra/Camera/20260501_140042.heic"
[ "01:30:59.151" ][VideoThumbnailer] Entering extractFrame for "I:/MY SDCArds/S22 ultra/Camera/20260501_154741.heic"
[ "01:30:59.160" ][VideoThumbnailer] GPU decode enabled for "I:/MY SDCArds/S22 ultra/Camera/20260501_154741.heic"
[ "01:30:59.161" ][VideoThumbnailer] Entering extractFrame for "I:/MY SDCArds/S22 ultra/Car Audio/20260501_161829.heic"
[ "01:30:59.169" ][VideoThumbnailer] GPU decode enabled for "I:/MY SDCArds/S22 ultra/Car Audio/20260501_161829.heic"
[ "01:30:59.199" ][VideoThumbnailer] Entering extractFrame for "I:/MY SDCArds/S22 ultra/Car Audio/20260501_161735.heic"
[ "01:30:59.208" ][VideoThumbnailer] Entering extractFrame for "I:/MY SDCArds/S22 ultra/Camera/20260513_151738.heic"
[ "01:30:59.209" ][VideoThumbnailer] GPU decode enabled for "I:/MY SDCArds/S22 ultra/Car Audio/20260501_161735.heic"
[ "01:30:59.213" ][VideoThumbnailer] Entering extractFrame for "I:/MY SDCArds/S22 ultra/Camera/909c35d7aa2bf2cc78f973e0bcffcadb.mp4"
[ "01:30:59.216" ][VideoThumbnailer] GPU decode enabled for "I:/MY SDCArds/S22 ultra/Camera/20260513_151738.heic"
[ "01:30:59.219" ][VideoThumbnailer] GPU decode enabled for "I:/MY SDCArds/S22 ultra/Camera/909c35d7aa2bf2cc78f973e0bcffcadb.mp4"
[ "01:30:59.278" ][VideoThumbnailer] Entering extractFrame for "I:/MY SDCArds/S22 ultra/Camera/20260519_084449.heic"
[ "01:30:59.279" ][VideoThumbnailer] Entering extractFrame for "I:/MY SDCArds/S22 ultra/Camera/20260603_160728.heic"
[ "01:30:59.284" ][VideoThumbnailer] GPU decode enabled for "I:/MY SDCArds/S22 ultra/Camera/20260519_084449.heic"
[ "01:30:59.286" ][VideoThumbnailer] GPU decode enabled for "I:/MY SDCArds/S22 ultra/Camera/20260603_160728.heic"
[ "01:30:59.288" ][VideoThumbnailer] Entering extractFrame for "I:/MY SDCArds/S22 ultra/Camera/20260509_095953.heic"
[ "01:30:59.291" ][VideoThumbnailer] GPU decode enabled for "I:/MY SDCArds/S22 ultra/Camera/20260509_095953.heic"
[ "01:30:59.337" ][VideoThumbnailer] Entering extractFrame for "I:/MY SDCArds/S22 ultra/Camera/45a373b660754d8de9c2344b956a4b1b.mp4"
[ "01:30:59.347" ][VideoThumbnailer] Entering extractFrame for "I:/MY SDCArds/S22 ultra/Camera/20260520_114814.heic"
[ "01:30:59.347" ][VideoThumbnailer] GPU decode enabled for "I:/MY SDCArds/S22 ultra/Camera/45a373b660754d8de9c2344b956a4b1b.mp4"
[ "01:30:59.349" ][VideoThumbnailer] GPU decode enabled for "I:/MY SDCArds/S22 ultra/Camera/20260520_114814.heic"
[ "01:30:59.349" ][VideoThumbnailer] Entering extractFrame for "I:/MY SDCArds/S22 ultra/Camera/20260520_090610.heic"
[ "01:30:59.357" ][VideoThumbnailer] GPU decode enabled for "I:/MY SDCArds/S22 ultra/Camera/20260520_090610.heic"
Starting video (isCurrent): file:///I:/MY SDCArds/S22 ultra/Whatsapp/VID-20230809-WA0002.mp4
Starting video (isCurrent): file:///I:/MY SDCArds/S22 ultra/Whatsapp/VID-20230923-WA0011.mp4
[ "01:30:59.408" ][VideoThumbnailer] Entering extractFrame for "I:/MY SDCArds/S22 ultra/Camera/20260521_123312.heic"
[ "01:30:59.411" ][VideoThumbnailer] GPU decode enabled for "I:/MY SDCArds/S22 ultra/Camera/20260521_123312.heic"
[ "01:30:59.425" ][VideoThumbnailer] Entering extractFrame for "I:/MY SDCArds/S22 ultra/Camera/056dff2ae2f24270add40b70a8263e16.mp4"
[ "01:30:59.426" ][VideoThumbnailer] Entering extractFrame for "I:/MY SDCArds/S22 ultra/Camera/20260523_151537.heic"
[ "01:30:59.434" ][VideoThumbnailer] GPU decode enabled for "I:/MY SDCArds/S22 ultra/Camera/056dff2ae2f24270add40b70a8263e16.mp4"
[ "01:30:59.436" ][VideoThumbnailer] GPU decode enabled for "I:/MY SDCArds/S22 ultra/Camera/20260523_151537.heic"
[ "01:30:59.438" ][VideoThumbnailer] Entering extractFrame for "I:/MY SDCArds/S22 ultra/Camera/20260523_140703.heic"
[ "01:30:59.440" ][VideoThumbnailer] GPU decode enabled for "I:/MY SDCArds/S22 ultra/Camera/20260523_140703.heic"
[ "01:30:59.468" ][VideoThumbnailer] Entering extractFrame for "I:/MY SDCArds/S22 ultra/Camera/20260523_140723.heic"
[ "01:30:59.471" ][VideoThumbnailer] GPU decode enabled for "I:/MY SDCArds/S22 ultra/Camera/20260523_140723.heic"
[AdaptiveIO] Stats:  "I:/"  Avg:  45.7025  Limit:  4  ActiveWeight:  29
[ "01:30:59.484" ][VideoThumbnailer] Entering extractFrame for "I:/MY SDCArds/S22 ultra/Camera/20260523_151543.heic"
[ "01:30:59.491" ][VideoThumbnailer] GPU decode enabled for "I:/MY SDCArds/S22 ultra/Camera/20260523_151543.heic"
[ "01:30:59.493" ][VideoThumbnailer] Entering extractFrame for "I:/MY SDCArds/S22 ultra/Camera/698ec1107c3134347d2d3b329f6d5748.mp4"
[ "01:30:59.501" ][VideoThumbnailer] GPU decode enabled for "I:/MY SDCArds/S22 ultra/Camera/698ec1107c3134347d2d3b329f6d5748.mp4"
[ "01:30:59.514" ][VideoThumbnailer] Entering extractFrame for "I:/MY SDCArds/S22 ultra/Camera/20260523_153731.heic"
[ "01:30:59.521" ][VideoThumbnailer] GPU decode enabled for "I:/MY SDCArds/S22 ultra/Camera/20260523_153731.heic"
[ "01:30:59.537" ][VideoThumbnailer] Entering extractFrame for "I:/MY SDCArds/S22 ultra/Camera/20260523_165909.heic"
[ "01:30:59.538" ][VideoThumbnailer] GPU decode enabled for "I:/MY SDCArds/S22 ultra/Camera/20260523_165909.heic"
[ "01:30:59.561" ][VideoThumbnailer] Entering extractFrame for "I:/MY SDCArds/S22 ultra/Camera/20260524_122413.heic"
[ "01:30:59.566" ][VideoThumbnailer] GPU decode enabled for "I:/MY SDCArds/S22 ultra/Camera/20260524_122413.heic"
[ "01:30:59.566" ][VideoThumbnailer] Entering extractFrame for "I:/MY SDCArds/S22 ultra/Camera/20260526_113042.heic"
[ "01:30:59.570" ][VideoThumbnailer] GPU decode enabled for "I:/MY SDCArds/S22 ultra/Camera/20260526_113042.heic"
[ "01:30:59.605" ][VideoThumbnailer] Entering extractFrame for "I:/MY SDCArds/S22 ultra/Camera/dc9dfae46e060561a0625f57cf1ca36d.mp4"
[ "01:30:59.610" ][VideoThumbnailer] GPU decode enabled for "I:/MY SDCArds/S22 ultra/Camera/dc9dfae46e060561a0625f57cf1ca36d.mp4"
[ "01:30:59.618" ][VideoThumbnailer] Entering extractFrame for "I:/MY SDCArds/S22 ultra/Camera/20260526_174659.heic"
[ "01:30:59.621" ][VideoThumbnailer] Entering extractFrame for "I:/MY SDCArds/S22 ultra/Camera/20260527_095955.heic"
[ "01:30:59.627" ][VideoThumbnailer] GPU decode enabled for "I:/MY SDCArds/S22 ultra/Camera/20260526_174659.heic"
[ "01:30:59.629" ][VideoThumbnailer] GPU decode enabled for "I:/MY SDCArds/S22 ultra/Camera/20260527_095955.heic"
[ "01:30:59.664" ][VideoThumbnailer] Entering extractFrame for "I:/MY SDCArds/S22 ultra/Camera/20260527_100003.heic"
[ "01:30:59.667" ][VideoThumbnailer] Entering extractFrame for "I:/MY SDCArds/S22 ultra/Camera/20260526_174230.heic"
[ "01:30:59.669" ][VideoThumbnailer] GPU decode enabled for "I:/MY SDCArds/S22 ultra/Camera/20260527_100003.heic"
[ "01:30:59.670" ][VideoThumbnailer] GPU decode enabled for "I:/MY SDCArds/S22 ultra/Camera/20260526_174230.heic"
[ "01:30:59.680" ][VideoThumbnailer] Entering extractFrame for "I:/MY SDCArds/S22 ultra/Camera/20260527_100008.heic"
[ "01:30:59.685" ][VideoThumbnailer] GPU decode enabled for "I:/MY SDCArds/S22 ultra/Camera/20260527_100008.heic"
[ "01:30:59.714" ][VideoThumbnailer] Entering extractFrame for "I:/MY SDCArds/S22 ultra/Camera/20260527_100021.heic"
[ "01:30:59.719" ][VideoThumbnailer] Entering extractFrame for "I:/MY SDCArds/S22 ultra/Camera/20260531_180149.heic"
[ "01:30:59.720" ][VideoThumbnailer] GPU decode enabled for "I:/MY SDCArds/S22 ultra/Camera/20260527_100021.heic"
[ "01:30:59.725" ][VideoThumbnailer] GPU decode enabled for "I:/MY SDCArds/S22 ultra/Camera/20260531_180149.heic"
[ "01:30:59.741" ][VideoThumbnailer] Entering extractFrame for "I:/MY SDCArds/S22 ultra/Camera/20260531_180226.heic"
[ "01:30:59.746" ][VideoThumbnailer] GPU decode enabled for "I:/MY SDCArds/S22 ultra/Camera/20260531_180226.heic"
[ "01:30:59.771" ][VideoThumbnailer] Entering extractFrame for "I:/MY SDCArds/S22 ultra/Camera/20260531_180151.heic"
[ "01:30:59.776" ][VideoThumbnailer] Entering extractFrame for "I:/MY SDCArds/S22 ultra/Camera/20260527_100011.heic"
[ "01:30:59.780" ][VideoThumbnailer] GPU decode enabled for "I:/MY SDCArds/S22 ultra/Camera/20260531_180151.heic"
[ "01:30:59.784" ][VideoThumbnailer] GPU decode enabled for "I:/MY SDCArds/S22 ultra/Camera/20260527_100011.heic"
[ "01:30:59.784" ][VideoThumbnailer] Entering extractFrame for "I:/MY SDCArds/S22 ultra/Camera/20260603_173730.heic"
[ "01:30:59.792" ][VideoThumbnailer] GPU decode enabled for "I:/MY SDCArds/S22 ultra/Camera/20260603_173730.heic"
[ "01:30:59.817" ][VideoThumbnailer] Entering extractFrame for "I:/MY SDCArds/S22 ultra/Camera/20260603_160727.heic"
[ "01:30:59.822" ][VideoThumbnailer] GPU decode enabled for "I:/MY SDCArds/S22 ultra/Camera/20260603_160727.heic"
[ "01:30:59.832" ][VideoThumbnailer] Entering extractFrame for "I:/MY SDCArds/S22 ultra/Camera/20260603_160730.heic"
[ "01:30:59.838" ][VideoThumbnailer] GPU decode enabled for "I:/MY SDCArds/S22 ultra/Camera/20260603_160730.heic"
[ "01:30:59.890" ][VideoThumbnailer] Entering extractFrame for "I:/MY SDCArds/S22 ultra/100_CINE/MOV_0065.MP4"
[ "01:30:59.891" ][VideoThumbnailer] Entering extractFrame for "I:/MY SDCArds/S22 ultra/Camera/20260618_122310.heic"
[ "01:30:59.897" ][VideoThumbnailer] GPU decode enabled for "I:/MY SDCArds/S22 ultra/Camera/20260618_122310.heic"
[ "01:30:59.904" ][VideoThumbnailer] Entering extractFrame for "I:/MY SDCArds/S22 ultra/Camera/20260606_103702.heic"
[ "01:30:59.909" ][VideoThumbnailer] GPU decode enabled for "I:/MY SDCArds/S22 ultra/Camera/20260606_103702.heic"
[ "01:30:59.922" ][VideoThumbnailer] GPU decode enabled for "I:/MY SDCArds/S22 ultra/100_CINE/MOV_0065.MP4"
[ "01:30:59.965" ][VideoThumbnailer] Entering extractFrame for "I:/MY SDCArds/S22 ultra/Camera/20260618_133902.heic"
[ "01:30:59.973" ][VideoThumbnailer] GPU decode enabled for "I:/MY SDCArds/S22 ultra/Camera/20260618_133902.heic"
[ "01:30:59.980" ][VideoThumbnailer] Entering extractFrame for "I:/MY SDCArds/S22 ultra/Camera/20260606_103715.heic"
[ "01:30:59.987" ][VideoThumbnailer] GPU decode enabled for "I:/MY SDCArds/S22 ultra/Camera/20260606_103715.heic"
[ "01:31:00.023" ][VideoThumbnailer] Entering extractFrame for "I:/MY SDCArds/S22 ultra/Camera/20260606_103712.heic"
[ "01:31:00.029" ][VideoThumbnailer] GPU decode enabled for "I:/MY SDCArds/S22 ultra/Camera/20260606_103712.heic"
[ "01:31:00.062" ][VideoThumbnailer] Entering extractFrame for "I:/MY SDCArds/S22 ultra/Camera/20260606_103731.heic"
[ "01:31:00.077" ][VideoThumbnailer] GPU decode enabled for "I:/MY SDCArds/S22 ultra/Camera/20260606_103731.heic"
[ "01:31:00.105" ][VideoThumbnailer] Entering extractFrame for "I:/MY SDCArds/S22 ultra/Camera/20260606_103659.heic"
[ "01:31:00.111" ][VideoThumbnailer] GPU decode enabled for "I:/MY SDCArds/S22 ultra/Camera/20260606_103659.heic"
[ "01:31:00.180" ][VideoThumbnailer] Entering extractFrame for "I:/MY SDCArds/S22 ultra/Camera/20260613_100455.heic"
[ "01:31:00.186" ][VideoThumbnailer] GPU decode enabled for "I:/MY SDCArds/S22 ultra/Camera/20260613_100455.heic"
[ "01:31:00.212" ][VideoThumbnailer] Entering extractFrame for "I:/MY SDCArds/S22 ultra/Camera/20260613_100536.heic"
[ "01:31:00.221" ][VideoThumbnailer] GPU decode enabled for "I:/MY SDCArds/S22 ultra/Camera/20260613_100536.heic"
[ "01:31:00.275" ][VideoThumbnailer] Entering extractFrame for "I:/MY SDCArds/S22 ultra/Camera/20260610_065048.mp4"
[ "01:31:00.286" ][VideoThumbnailer] Entering extractFrame for "I:/MY SDCArds/S22 ultra/Camera/20260613_100701.heic"
[ "01:31:00.288" ][VideoThumbnailer] GPU decode enabled for "I:/MY SDCArds/S22 ultra/Camera/20260610_065048.mp4"
[ "01:31:00.294" ][VideoThumbnailer] GPU decode enabled for "I:/MY SDCArds/S22 ultra/Camera/20260613_100701.heic"
[ "01:31:00.306" ][VideoThumbnailer] Entering extractFrame for "I:/MY SDCArds/S22 ultra/Camera/20260613_100608.heic"
[ "01:31:00.311" ][VideoThumbnailer] GPU decode enabled for "I:/MY SDCArds/S22 ultra/Camera/20260613_100608.heic"
[ "01:31:00.325" ][VideoThumbnailer] Entering extractFrame for "I:/MY SDCArds/S22 ultra/Camera/20260613_100655.heic"
[ "01:31:00.331" ][VideoThumbnailer] GPU decode enabled for "I:/MY SDCArds/S22 ultra/Camera/20260613_100655.heic"
[ "01:31:00.357" ][VideoThumbnailer] Entering extractFrame for "I:/MY SDCArds/S22 ultra/Camera/20260615_161643.heic"
[ "01:31:00.363" ][VideoThumbnailer] GPU decode enabled for "I:/MY SDCArds/S22 ultra/Camera/20260615_161643.heic"
[ "01:31:00.366" ][VideoThumbnailer] Entering extractFrame for "I:/MY SDCArds/S22 ultra/Camera/20260613_100558.heic"
[ "01:31:00.372" ][VideoThumbnailer] Entering extractFrame for "I:/MY SDCArds/S22 ultra/Camera/20260615_161644.heic"
[ "01:31:00.372" ][VideoThumbnailer] GPU decode enabled for "I:/MY SDCArds/S22 ultra/Camera/20260613_100558.heic"
[ "01:31:00.384" ][VideoThumbnailer] GPU decode enabled for "I:/MY SDCArds/S22 ultra/Camera/20260615_161644.heic"
[AdaptiveIO] Stats:  "I:/"  Avg:  65.3673  Limit:  4  ActiveWeight:  32
[ "01:31:00.429" ][VideoThumbnailer] Entering extractFrame for "I:/MY SDCArds/S22 ultra/Camera/20260615_162101.heic"
[ "01:31:00.436" ][VideoThumbnailer] Entering extractFrame for "I:/MY SDCArds/S22 ultra/Camera/20260615_161647.heic"
[ "01:31:00.437" ][VideoThumbnailer] GPU decode enabled for "I:/MY SDCArds/S22 ultra/Camera/20260615_162101.heic"
[ "01:31:00.443" ][VideoThumbnailer] GPU decode enabled for "I:/MY SDCArds/S22 ultra/Camera/20260615_161647.heic"
[ "01:31:00.499" ][VideoThumbnailer] Entering extractFrame for "I:/MY SDCArds/S22 ultra/Camera/20260615_162102.heic"
[ "01:31:00.505" ][VideoThumbnailer] GPU decode enabled for "I:/MY SDCArds/S22 ultra/Camera/20260615_162102.heic"
[ "01:31:00.515" ][VideoThumbnailer] Entering extractFrame for "I:/MY SDCArds/S22 ultra/Camera/20260615_162200.heic"
[ "01:31:00.520" ][VideoThumbnailer] Entering extractFrame for "I:/MY SDCArds/S22 ultra/Camera/20260615_162202.heic"
[ "01:31:00.521" ][VideoThumbnailer] GPU decode enabled for "I:/MY SDCArds/S22 ultra/Camera/20260615_162200.heic"
[ "01:31:00.527" ][VideoThumbnailer] GPU decode enabled for "I:/MY SDCArds/S22 ultra/Camera/20260615_162202.heic"
[ "01:31:00.567" ][VideoThumbnailer] Entering extractFrame for "I:/MY SDCArds/S22 ultra/Camera/20260615_162208.mp4"
[ "01:31:00.587" ][VideoThumbnailer] GPU decode enabled for "I:/MY SDCArds/S22 ultra/Camera/20260615_162208.mp4"
[ "01:31:00.601" ][VideoThumbnailer] Entering extractFrame for "I:/MY SDCArds/S22 ultra/Camera/20260617_072451.heic"
[ "01:31:00.606" ][VideoThumbnailer] GPU decode enabled for "I:/MY SDCArds/S22 ultra/Camera/20260617_072451.heic"
[ "01:31:00.613" ][VideoThumbnailer] Entering extractFrame for "I:/MY SDCArds/S22 ultra/Camera/20260617_150220.heic"
[ "01:31:00.619" ][VideoThumbnailer] GPU decode enabled for "I:/MY SDCArds/S22 ultra/Camera/20260617_150220.heic"
[ "01:31:00.666" ][VideoThumbnailer] Entering extractFrame for "I:/MY SDCArds/S22 ultra/100_CINE/MOV_0056.MP4"
[ "01:31:00.666" ][VideoThumbnailer] Entering extractFrame for "I:/MY SDCArds/S22 ultra/Camera/20260615_162104.heic"
[ "01:31:00.676" ][VideoThumbnailer] GPU decode enabled for "I:/MY SDCArds/S22 ultra/Camera/20260615_162104.heic"
[ "01:31:00.685" ][VideoThumbnailer] Entering extractFrame for "I:/MY SDCArds/S22 ultra/Camera/20260612_090115.heic"
[ "01:31:00.698" ][VideoThumbnailer] GPU decode enabled for "I:/MY SDCArds/S22 ultra/Camera/20260612_090115.heic"
[ "01:31:00.725" ][VideoThumbnailer] GPU decode enabled for "I:/MY SDCArds/S22 ultra/100_CINE/MOV_0056.MP4"
qrc:/ScrollBench/qml/MainScrollBench.qml:293: TypeError: Property 'setFilterQuery' of object AlbumModel(0x1940c8ba8e0) is not a function
[ "01:31:00.770" ][SystemMonitor] Stats Update: CPU App: 64.0278 % | Sys: 95.8333 % | RAM App: 19465.6 MB | Sys Avail: 8864.6 MB / 65466.5 MB
[SystemMonitor] Resource Update: RAM: 19465.6 MB (Delta: 1552.89 ) | VRAM: 2004.74 MB (Delta: 671.313 )
[ "01:31:00.865" ][VideoThumbnailer] Entering extractFrame for "I:/MY SDCArds/S22 ultra/Camera/20260523_153729.heic"
[ "01:31:00.873" ][VideoThumbnailer] GPU decode enabled for "I:/MY SDCArds/S22 ultra/Camera/20260523_153729.heic"
[ "01:31:00.926" ][VideoThumbnailer] Entering extractFrame for "I:/MY SDCArds/S22 ultra/Camera/20260521_210816.heic"
[ "01:31:00.931" ][VideoThumbnailer] GPU decode enabled for "I:/MY SDCArds/S22 ultra/Camera/20260521_210816.heic"
[ "01:31:00.950" ][VideoThumbnailer] Entering extractFrame for "I:/MY SDCArds/S22 ultra/Camera/20260513_151741.heic"
[ "01:31:00.957" ][VideoThumbnailer] GPU decode enabled for "I:/MY SDCArds/S22 ultra/Camera/20260513_151741.heic"
[ "01:31:00.968" ][VideoThumbnailer] Entering extractFrame for "I:/MY SDCArds/S22 ultra/100_CINE/MOV_0064.MP4"
[ "01:31:00.984" ][VideoThumbnailer] Entering extractFrame for "I:/MY SDCArds/S22 ultra/Camera/20260515_083730.heic"
[ "01:31:00.992" ][VideoThumbnailer] GPU decode enabled for "I:/MY SDCArds/S22 ultra/Camera/20260515_083730.heic"
[ "01:31:01.001" ][VideoThumbnailer] GPU decode enabled for "I:/MY SDCArds/S22 ultra/100_CINE/MOV_0064.MP4"
[ "01:31:01.065" ][VideoThumbnailer] Entering extractFrame for "I:/MY SDCArds/S22 ultra/100_CINE/MOV_0070.MP4"
[ "01:31:01.351" ][VideoThumbnailer] Entering extractFrame for "I:/MY SDCArds/S22 ultra/100_CINE/MOV_0078.MP4"
Starting video (isCurrent): file:///I:/MY SDCArds/S22 ultra/Whatsapp/VID-20230809-WA0002.mp4
Starting video (isCurrent): file:///I:/MY SDCArds/S22 ultra/Whatsapp/VID-20230923-WA0011.mp4
[ "01:31:01.531" ][VideoThumbnailer] Entering extractFrame for "I:/MY SDCArds/S22 ultra/Camera/2e5b1ace31b491aad70d2df043b5a427.mp4"
[ "01:31:01.740" ][VideoThumbnailer] Entering extractFrame for "I:/MY SDCArds/S22 ultra/Camera/5bf5b63a277f1ec214f3f81ed02e94eb.mp4"
[AdaptiveIO] Stats:  "I:/"  Avg:  94.7869  Limit:  4  ActiveWeight:  29
[ "01:31:01.789" ][VideoThumbnailer] Entering extractFrame for "I:/MY SDCArds/S22 ultra/Camera/9a77fc917cbae4e87b477cda89bb8ee1.mp4"
[ "01:31:01.797" ][VideoThumbnailer] Entering extractFrame for "I:/MY SDCArds/S22 ultra/Camera/14eb2a6290cb37015048f8a3cd6bc30c.mp4"
[ "01:31:01.807" ][VideoThumbnailer] Entering extractFrame for "I:/MY SDCArds/S22 ultra/Camera/16dc3732a5a3ccb9bb52c401dfd1a096.mp4"
[ "01:31:01.812" ][VideoThumbnailer] Entering extractFrame for "I:/MY SDCArds/S22 ultra/Camera/27bbc32c197bcc9388a4e93e452694d4.mp4"
[ "01:31:01.818" ][VideoThumbnailer] Entering extractFrame for "I:/MY SDCArds/S22 ultra/Camera/58fdc7b732bdee96c371b6a9c3f02bbb.mp4"
[ "01:31:01.823" ][VideoThumbnailer] Entering extractFrame for "I:/MY SDCArds/S22 ultra/Camera/36f8161b55b835d85e06b60fbc7fd43c.mp4"
[ "01:31:01.837" ][VideoThumbnailer] Entering extractFrame for "I:/MY SDCArds/S22 ultra/Camera/73c8ff94adad83bce000ded5968cf9b9.mp4"
[ "01:31:01.848" ][VideoThumbnailer] Entering extractFrame for "I:/MY SDCArds/S22 ultra/Camera/37ced116f0b5664c39d99600f32296c0.mp4"
[ "01:31:01.856" ][VideoThumbnailer] Entering extractFrame for "I:/MY SDCArds/S22 ultra/Ezviz/1754068439899.mp4"
[ "01:31:01.859" ][VideoThumbnailer] Entering extractFrame for "I:/MY SDCArds/S22 ultra/Camera/73ca2ba6f5be15670fb5c54309283b9d.mp4"
[ "01:31:01.874" ][VideoThumbnailer] Entering extractFrame for "I:/MY SDCArds/S22 ultra/Camera/198828937b76e9d2df0326d92008c483.mp4"
[ "01:31:01.875" ][VideoThumbnailer] Entering extractFrame for "I:/MY SDCArds/S22 ultra/Camera/dc7a0533f555e355aa02bfe6a07a99e6.mp4"
[ "01:31:01.876" ][VideoThumbnailer] Entering extractFrame for "I:/MY SDCArds/S22 ultra/Camera/65de94cd190e4c857f3f117d49a42860.mp4"
[ "01:31:01.877" ][VideoThumbnailer] Entering extractFrame for "I:/MY SDCArds/S22 ultra/Camera/070d55d441509f358e66bf20183195b5.mp4"
[ "01:31:01.881" ][VideoThumbnailer] Entering extractFrame for "I:/MY SDCArds/S22 ultra/Camera/7ee609991a4a478dbf45405735d23d14.mp4"
[ "01:31:01.881" ][VideoThumbnailer] Entering extractFrame for "I:/MY SDCArds/S22 ultra/Camera/5c1e9b63a20c93a5cd0b109e89a82fae.mp4"
[ "01:31:01.884" ][VideoThumbnailer] Entering extractFrame for "I:/MY SDCArds/S22 ultra/Camera/5d16fe01c27eca56b235bfcc300236d9.mp4"
[ "01:31:01.889" ][VideoThumbnailer] Entering extractFrame for "I:/MY SDCArds/S22 ultra/Camera/244cd01932b98c5592f03d82be7b4795.mp4"
[ "01:31:01.894" ][VideoThumbnailer] Entering extractFrame for "I:/MY SDCArds/S22 ultra/Camera/6e2e24966def117a925ad84005b1ba57.mp4"
[ "01:31:01.905" ][VideoThumbnailer] Entering extractFrame for "I:/MY SDCArds/S22 ultra/Camera/76f14fb3d33e99d9e449cad3b8e408a1.mp4"
[ "01:31:01.912" ][VideoThumbnailer] Entering extractFrame for "I:/MY SDCArds/S22 ultra/Camera/83faf13f31b9863be2207767837a1d48.mp4"
[ "01:31:01.916" ][VideoThumbnailer] Entering extractFrame for "I:/MY SDCArds/S22 ultra/Camera/359a15de79c48405f2d5da40640b97b5.mp4"
[ "01:31:01.926" ][VideoThumbnailer] Entering extractFrame for "I:/MY SDCArds/S22 ultra/Camera/622b1a61d57021a5cfb554d92243e192.mp4"
[ "01:31:01.928" ][VideoThumbnailer] Entering extractFrame for "I:/MY SDCArds/S22 ultra/Camera/0833fe746c091f2e1447cbdc6712279a.mp4"
[ "01:31:01.935" ][VideoThumbnailer] Entering extractFrame for "I:/MY SDCArds/S22 ultra/Camera/849e3afbf19e6f76c499963247a3f97a.mp4"
[ "01:31:01.935" ][VideoThumbnailer] Entering extractFrame for "I:/MY SDCArds/S22 ultra/Camera/863ba5b6a6a1e27ebf88d2b96d3a72ba.mp4"
[ "01:31:01.946" ][VideoThumbnailer] Entering extractFrame for "I:/MY SDCArds/S22 ultra/Camera/937b9d9fb5fecb91f26651cad138c9f2.mp4"
[ "01:31:01.949" ][VideoThumbnailer] Entering extractFrame for "I:/MY SDCArds/S22 ultra/Camera/946d1797055b1d45ed9ba152c6d4db11.mp4"
[ "01:31:01.957" ][VideoThumbnailer] Entering extractFrame for "I:/MY SDCArds/S22 ultra/Camera/3996acec79970bcd86eddd1a265f5030.mp4"
[ "01:31:01.960" ][VideoThumbnailer] Entering extractFrame for "I:/MY SDCArds/S22 ultra/Camera/2157db40a81fafeb6293e0f8f0a9eed1.mp4"
[ "01:31:01.965" ][VideoThumbnailer] Entering extractFrame for "I:/MY SDCArds/S22 ultra/Camera/87fc39454200d213e1a16c81ee0e6a1d.mp4"
[ "01:31:01.966" ][VideoThumbnailer] Entering extractFrame for "I:/MY SDCArds/S22 ultra/Camera/90e55ff6a28db7737d963137ea5ed616.mp4"
[ "01:31:01.967" ][VideoThumbnailer] Entering extractFrame for "I:/MY SDCArds/S22 ultra/Camera/96ad5fbda2c723152e1779a891e1bba5.mp4"
[ "01:31:01.974" ][VideoThumbnailer] Entering extractFrame for "I:/MY SDCArds/S22 ultra/Camera/613004b735f7cc60008abe9bc61fe178.mp4"
[ "01:31:01.987" ][VideoThumbnailer] Entering extractFrame for "I:/MY SDCArds/S22 ultra/Camera/51486ba4d604deeaee445c90e60affcf.mp4"
[ "01:31:01.997" ][VideoThumbnailer] Entering extractFrame for "I:/MY SDCArds/S22 ultra/Camera/a099d2a733ee8cf1ff691e3ba44ecb44.mp4"
[ "01:31:02.008" ][VideoThumbnailer] Entering extractFrame for "I:/MY SDCArds/S22 ultra/Camera/069137efc3b20bc4cebcc654c5884f14.mp4"
[ "01:31:02.011" ][VideoThumbnailer] Entering extractFrame for "I:/MY SDCArds/S22 ultra/Camera/531134dac9b1af080ca7aeeb776bbf50.mp4"
[ "01:31:02.014" ][VideoThumbnailer] Entering extractFrame for "I:/MY SDCArds/S22 ultra/Camera/598299a40fd386365ca8d3aed94731e0.mp4"
[ "01:31:02.049" ][VideoThumbnailer] Entering extractFrame for "I:/MY SDCArds/S22 ultra/Camera/a3381531c0678086b742d906c0c99754.mp4"
[AdaptiveIO] Stats:  "I:/"  Avg:  10.5087  Limit:  4  ActiveWeight:  32
[ "01:31:02.052" ][VideoThumbnailer] Entering extractFrame for "I:/MY SDCArds/S22 ultra/Camera/c277144919e829710cb5665600cfc6bb.mp4"
[ "01:31:02.059" ][VideoThumbnailer] Entering extractFrame for "I:/MY SDCArds/S22 ultra/Camera/607494d83d9287894d819f0cea02cea9.mp4"
[ "01:31:02.062" ][VideoThumbnailer] Entering extractFrame for "I:/MY SDCArds/S22 ultra/Camera/6297322f3bd5f18cd1be1562bd92e74a.mp4"
[ "01:31:02.071" ][VideoThumbnailer] Entering extractFrame for "I:/MY SDCArds/S22 ultra/Camera/8443591f33bc194b3513f322b8c781be.mp4"
[ "01:31:02.071" ][VideoThumbnailer] Entering extractFrame for "I:/MY SDCArds/S22 ultra/Camera/598627694f6d58b5e64da9b6c67b3b40.mp4"
[ "01:31:02.077" ][VideoThumbnailer] Entering extractFrame for "I:/MY SDCArds/S22 ultra/Camera/a718c67c8c2494e3924b2ac0668040d0.mp4"
[ "01:31:02.123" ][VideoThumbnailer] Entering extractFrame for "I:/MY SDCArds/S22 ultra/Camera/a8959f0e710bd1f030c4dbbe5a77e8e5.mp4"
[ "01:31:02.133" ][VideoThumbnailer] Entering extractFrame for "I:/MY SDCArds/S22 ultra/Camera/b4bb736acf42ef19b0b3acc390f487de.mp4"
[ "01:31:02.142" ][VideoThumbnailer] Entering extractFrame for "I:/MY SDCArds/S22 ultra/Camera/b0213c16473efc872b2e9d4b386db8cc.mp4"
[ "01:31:02.142" ][VideoThumbnailer] Entering extractFrame for "I:/MY SDCArds/S22 ultra/Camera/c78e25fe6703271eb3ae375b0a4a0881.mp4"
[ "01:31:02.150" ][VideoThumbnailer] Entering extractFrame for "I:/MY SDCArds/S22 ultra/Camera/VID-20230410-WA0020.mp4"
[ "01:31:02.161" ][VideoThumbnailer] Entering extractFrame for "I:/MY SDCArds/S22 ultra/Camera/ca1eb1f9c673d3ce2d36d9b0e0452d80.mp4"
[ "01:31:02.163" ][VideoThumbnailer] Entering extractFrame for "I:/MY SDCArds/S22 ultra/Camera/b53c1a8911cac6831560fb208ca83789.mp4"
[ "01:31:02.167" ][VideoThumbnailer] Entering extractFrame for "I:/MY SDCArds/S22 ultra/Snapchat/Snapchat-647663909.mp4"
[ "01:31:02.174" ][VideoThumbnailer] Entering extractFrame for "I:/MY SDCArds/S22 ultra/Camera/b7424719f4ed920cfac61645e277da80.mp4"
[ "01:31:02.186" ][VideoThumbnailer] Entering extractFrame for "I:/MY SDCArds/S22 ultra/Camera/bf58c1d0a196cdddc25ed870c99c6f28.mp4"
[ "01:31:02.193" ][VideoThumbnailer] Entering extractFrame for "I:/MY SDCArds/S22 ultra/Camera/c50053564b8f205b27f8fff01319fb26.mp4"
[ "01:31:02.195" ][VideoThumbnailer] Entering extractFrame for "I:/MY SDCArds/S22 ultra/Camera/a8b06f9b40ddb82cf82216a4dfad3fbd.mp4"
[ "01:31:02.199" ][VideoThumbnailer] Entering extractFrame for "I:/MY SDCArds/S22 ultra/Snapchat/Snapchat-1429238178.mp4"
[ "01:31:02.204" ][VideoThumbnailer] Entering extractFrame for "I:/MY SDCArds/S22 ultra/Camera/65269303efa21dfe0e5b47128220f1e9.mp4"
[ "01:31:02.210" ][VideoThumbnailer] Entering extractFrame for "I:/MY SDCArds/S22 ultra/Camera/c6eac33bfa9e8609bdcc15d29ce81db5.mp4"
[ "01:31:02.217" ][VideoThumbnailer] Entering extractFrame for "I:/MY SDCArds/S22 ultra/Camera/bc33001d2c0580c7eee2c94422e95035.mp4"
[ "01:31:02.229" ][VideoThumbnailer] Entering extractFrame for "I:/MY SDCArds/S22 ultra/Camera/d230aabd76ed33160fd255defcb41e2d.mp4"
[ "01:31:02.247" ][VideoThumbnailer] Entering extractFrame for "I:/MY SDCArds/S22 ultra/Camera/c3ebccbde00575d81714474880a54e21.mp4"
[ "01:31:02.248" ][VideoThumbnailer] Entering extractFrame for "I:/MY SDCArds/S22 ultra/Camera/c3971d2d790c17dcf2b7e682723365d3.mp4"
[ "01:31:02.250" ][VideoThumbnailer] Entering extractFrame for "I:/MY SDCArds/S22 ultra/Camera/c42a6d2b497dfcef0118e25f6fba0b35.mp4"
[ "01:31:02.258" ][VideoThumbnailer] Entering extractFrame for "I:/MY SDCArds/S22 ultra/Camera/e42a17581b9cd45b23deae20bbb3f663.mp4"
[ "01:31:02.263" ][VideoThumbnailer] Entering extractFrame for "I:/MY SDCArds/S22 ultra/Camera/f51c840581e2f64ca12d0eb7faf84bfa.mp4"
[ "01:31:02.268" ][VideoThumbnailer] Entering extractFrame for "I:/MY SDCArds/S22 ultra/Camera/d4428b05a7603f2125072d7a751fb94b.mp4"
[ "01:31:02.273" ][VideoThumbnailer] Entering extractFrame for "I:/MY SDCArds/S22 ultra/Camera/daec6559523c02d405b64e445d400abf.mp4"
[ "01:31:02.274" ][VideoThumbnailer] Entering extractFrame for "I:/MY SDCArds/S22 ultra/Camera/dce195fda485c26595032e1b1479727b.mp4"
[ "01:31:02.280" ][VideoThumbnailer] Entering extractFrame for "I:/MY SDCArds/S22 ultra/Camera/f123491e1f00322b6c5e87b6ff41de35.mp4"
[ "01:31:02.289" ][VideoThumbnailer] Entering extractFrame for "I:/MY SDCArds/S22 ultra/Camera/fa9b9e4e6957ebbc71efc4f467a9905d.mp4"
[ "01:31:02.293" ][VideoThumbnailer] Entering extractFrame for "I:/MY SDCArds/S22 ultra/Camera/fd0df56a41a0585671643546821e5e62.mp4"
[ "01:31:02.294" ][VideoThumbnailer] Entering extractFrame for "I:/MY SDCArds/S22 ultra/Camera/fe85daaf7d0a17287c33257ac4781d2d.mp4"
[ "01:31:02.295" ][VideoThumbnailer] Entering extractFrame for "I:/MY SDCArds/S22 ultra/Camera/VID-20230315-WA0004.mp4"
[AdaptiveIO] Stats:  "I:/"  Avg:  4.28364  Limit:  4  ActiveWeight:  31
[ "01:31:02.299" ][VideoThumbnailer] Entering extractFrame for "I:/MY SDCArds/S22 ultra/Camera/VID-20230315-WA0006.mp4"
[ "01:31:02.303" ][VideoThumbnailer] Entering extractFrame for "I:/MY SDCArds/S22 ultra/Camera/e4b411977edebcbbee2108809de75278.mp4"
[ "01:31:02.304" ][VideoThumbnailer] Entering extractFrame for "I:/MY SDCArds/S22 ultra/Camera/e8b34621aff4a014b465e5305d98095d.mp4"
[ "01:31:02.309" ][VideoThumbnailer] Entering extractFrame for "I:/MY SDCArds/S22 ultra/Camera/ebd1c0d2f2e5140a51d207c2b89e9197.mp4"
[ "01:31:02.328" ][VideoThumbnailer] Entering extractFrame for "I:/MY SDCArds/S22 ultra/Camera/ec618d97d534ccc60544ab32f27d4bb5.mp4"
[ "01:31:02.368" ][VideoThumbnailer] Entering extractFrame for "I:/MY SDCArds/S22 ultra/Camera/ece55d1ae67dfbe98de9b172dbc6e0eb.mp4"
[ "01:31:02.553" ][VideoThumbnailer] Entering extractFrame for "I:/MY SDCArds/S22 ultra/Ezviz/1763990955123.mp4"
[ "01:31:02.563" ][VideoThumbnailer] Entering extractFrame for "I:/MY SDCArds/S22 ultra/Ezviz/1763396447984.mp4"
Starting video (isCurrent): file:///I:/MY SDCArds/S22 ultra/Whatsapp/VID-20230809-WA0002.mp4
Starting video (isCurrent): file:///I:/MY SDCArds/S22 ultra/Whatsapp/VID-20230923-WA0011.mp4
[ "01:31:02.774" ][VideoThumbnailer] Entering extractFrame for "I:/MY SDCArds/S22 ultra/Ezviz/1774196661121.mp4"
[ "01:31:02.780" ][VideoThumbnailer] Entering extractFrame for "I:/MY SDCArds/S22 ultra/Ezviz/1754068438705.mp4"
[ "01:31:02.828" ][VideoThumbnailer] Entering extractFrame for "I:/MY SDCArds/S22 ultra/Ezviz/1752069828324.mp4"
[ "01:31:02.830" ][VideoThumbnailer] Entering extractFrame for "I:/MY SDCArds/S22 ultra/Ezviz/1774196660266.mp4"
[ "01:31:02.835" ][VideoThumbnailer] Entering extractFrame for "I:/MY SDCArds/S22 ultra/Camera/cf3d36275fe99e914264b8827039a1fb.mp4"
[ "01:31:02.861" ][VideoThumbnailer] Entering extractFrame for "I:/MY SDCArds/S22 ultra/Camera/129e42681cac315687ba79e014fd37fa.mp4"
[ "01:31:02.891" ][VideoThumbnailer] Entering extractFrame for "I:/MY SDCArds/S22 ultra/Camera/305fd731c329dd1439aee9a4ea83b31a.mp4"
[ "01:31:02.958" ][VideoThumbnailer] Entering extractFrame for "I:/MY SDCArds/S22 ultra/Camera/5aff3e2dc65647f1251e942612c4f04b.mp4"
[AdaptiveIO] Stats:  "I:/"  Avg:  23.5463  Limit:  4  ActiveWeight:  29
[ "01:31:02.992" ][VideoThumbnailer] Entering extractFrame for "I:/MY SDCArds/S22 ultra/Camera/4eb33c89b76a386ce771423c5475cd55.mp4"
[ "01:31:03.022" ][VideoThumbnailer] Entering extractFrame for "I:/MY SDCArds/S22 ultra/Camera/3bb7155546984b26c7c2ed5db9bbfa92.mp4"
[ "01:31:03.056" ][VideoThumbnailer] Entering extractFrame for "I:/MY SDCArds/S22 ultra/Camera/3b69154fbebc2fd1e6d4e61be896240f.mp4"
[ "01:31:03.081" ][VideoThumbnailer] Entering extractFrame for "I:/MY SDCArds/S22 ultra/Camera/2e5d3e86f276ceefd440bb7a6effba3a.mp4"
[ "01:31:03.109" ][VideoThumbnailer] Entering extractFrame for "I:/MY SDCArds/S22 ultra/Camera/01cd8d184f0f8aae46d7ac9d344bf736.mp4"
[ "01:31:03.134" ][VideoThumbnailer] Entering extractFrame for "I:/MY SDCArds/S22 ultra/Camera/0cef630871e4692a3692ea3f2549e3e3.mp4"
[ "01:31:03.165" ][VideoThumbnailer] Entering extractFrame for "I:/MY SDCArds/S22 ultra/Camera/0cd8f78a49f760189265deb264e7a046.mp4"
[ "01:31:03.187" ][VideoThumbnailer] Entering extractFrame for "I:/MY SDCArds/S22 ultra/100_CINE/MOV_0076.MP4"
[ "01:31:03.218" ][VideoThumbnailer] Entering extractFrame for "I:/MY SDCArds/S22 ultra/100_CINE/MOV_0071.MP4"
[AdaptiveIO] Stats:  "I:/"  Avg:  10.8353  Limit:  4  ActiveWeight:  33
[ "01:31:03.256" ][VideoThumbnailer] Entering extractFrame for "I:/MY SDCArds/S22 ultra/100_CINE/MOV_0072.mp4"
[ "01:31:03.281" ][VideoThumbnailer] Entering extractFrame for "I:/MY SDCArds/S22 ultra/100_CINE/MOV_0077.MP4"
[ "01:31:03.318" ][VideoThumbnailer] Entering extractFrame for "I:/MY SDCArds/S22 ultra/100_CINE/MOV_0069.MP4"
[ "01:31:03.354" ][VideoThumbnailer] Entering extractFrame for "I:/MY SDCArds/S22 ultra/100_CINE/MOV_0066.MP4"
[ "01:31:03.381" ][VideoThumbnailer] Entering extractFrame for "I:/MY SDCArds/S22 ultra/Movies/VID-20230903-WA0001.mp4"
[ "01:31:03.407" ][VideoThumbnailer] Entering extractFrame for "I:/MY SDCArds/S22 ultra/100_CINE/MOV_0067.MP4"
[ "01:31:03.485" ][VideoThumbnailer] Entering extractFrame for "I:/MY SDCArds/S22 ultra/100_CINE/MOV_0068.MP4"
[ "01:31:03.554" ][VideoThumbnailer] Entering extractFrame for "I:/MY SDCArds/S22 ultra/100_CINE/MOV_0062.MP4"
[AdaptiveIO] Stats:  "I:/"  Avg:  35.1314  Limit:  4  ActiveWeight:  29
[ "01:31:03.592" ][VideoThumbnailer] Entering extractFrame for "I:/MY SDCArds/S22 ultra/100_CINE/MOV_0061.MP4"
[ "01:31:03.629" ][VideoThumbnailer] Entering extractFrame for "I:/MY SDCArds/S22 ultra/100_CINE/MOV_0060.MP4"
[ "01:31:03.658" ][VideoThumbnailer] Entering extractFrame for "I:/MY SDCArds/S22 ultra/Snapchat/Snapchat-2127517485.mp4"
[ "01:31:03.704" ][VideoThumbnailer] Entering extractFrame for "I:/MY SDCArds/S22 ultra/100_CINE/MOV_0058.MP4"
[ "01:31:03.746" ][VideoThumbnailer] Entering extractFrame for "I:/MY SDCArds/S22 ultra/Ezviz/1763224378035.mp4"
[ "01:31:03.842" ][VideoThumbnailer] Entering extractFrame for "I:/MY SDCArds/S22 ultra/Snapchat/Snapchat-1717667834.mp4"
[ "01:31:03.885" ][VideoThumbnailer] Entering extractFrame for "I:/MY SDCArds/S22 ultra/Snapchat/Snapchat-1020230256.mp4"
qrc:/ScrollBench/qml/MainScrollBench.qml:293: TypeError: Property 'setFilterQuery' of object AlbumModel(0x1940c8ba8e0) is not a function
[AdaptiveIO] Stats:  "I:/"  Avg:  17.4759  Limit:  4  ActiveWeight:  30
[ "01:31:03.914" ][VideoThumbnailer] Entering extractFrame for "I:/MY SDCArds/S22 ultra/Snapchat/Snapchat-1390399253.mp4"
Starting video (isCurrent): file:///I:/MY SDCArds/S22 ultra/Whatsapp/VID-20230809-WA0002.mp4
Starting video (isCurrent): file:///I:/MY SDCArds/S22 ultra/Whatsapp/VID-20230923-WA0011.mp4
[PhotoViewer] Image source changed to: file:///I:/MY SDCArds/S22 ultra/Screenshots/Screenshot_20240203-130840_My Cat.jpg?v=undefined
[PhotoViewer] Image status: 2 for index: 0
[PhotoViewer] Image source changed to: file:///I:/MY SDCArds/S22 ultra/Screenshots/Screenshot_20240203-130840_My Cat.jpg?v=undefined
[PhotoViewer] Image status: 2 for index: 0
qrc:/ScrollBench/qml/MainScrollBench.qml:293: TypeError: Property 'setFilterQuery' of object AlbumModel(0x1940c8ba8e0) is not a function
[ "01:31:03.939" ][SystemMonitor] Stats Update: CPU App: 65.6814 % | Sys: 97.8654 % | RAM App: 21000.7 MB | Sys Avail: 7344.22 MB / 65466.5 MB
[SystemMonitor] Resource Update: RAM: 21000.7 MB (Delta: 1535.1 ) | VRAM: 1981.61 MB (Delta: -23.125 )
processPendingUpdates: Emitted dataChanged for range: 1491 to 1500
[ "01:31:03.958" ][VideoThumbnailer] Entering extractFrame for "I:/MY SDCArds/S22 ultra/Snapchat/Snapchat-235618355.mp4"
[ "01:31:03.987" ][VideoThumbnailer] Entering extractFrame for "I:/MY SDCArds/S22 ultra/Snapchat/Snapchat-1932978751.mp4"
[ "01:31:04.012" ][VideoThumbnailer] Entering extractFrame for "I:/MY SDCArds/S22 ultra/Snapchat/Snapchat-85323170.mp4"
[ "01:31:04.057" ][VideoThumbnailer] Entering extractFrame for "I:/MY SDCArds/S22 ultra/Snapchat/Snapchat-960036586.mp4"
[ "01:31:04.207" ][SystemMonitor] Stats Update: CPU App: 72.549 % | Sys: 98.0392 % | RAM App: 21070.1 MB | Sys Avail: 7289.73 MB / 65466.5 MB
[SystemMonitor] Resource Update: RAM: 21070.1 MB (Delta: 69.4102 ) | VRAM: 1981.61 MB (Delta: 0 )
[PhotoViewer] Image status: 1 for index: 0
[QML ViewportRange] Precise detected range: 0 to 0 (1 items)
setVisibleEndIndex called with: 0
[ViewportCulling] Current settings: m_viewportCullingEnabled= true , BUFFER_SIZE= 50
[ViewportCulling] RANGE UPDATE: 
  Viewport indices: 0 to 0 ( 1 items) 
  Buffered range: 0 to 0 ( 1 items with BUFFER_SIZE= 50 ) 
  Total items in model: 1
[ViewportCulling] Setting 1 visible paths in VRM
[VRM] Total visible paths: 1 Sample: "I:/MY SDCArds/S22 ultra/Screenshots/Screenshot_20240203-130840_My Cat.jpg"
[ViewportCulling] Requested: 1 | Already loaded: 0 | Total in range: 1
[AdaptiveIO] Stats:  "I:/"  Avg:  22.1294  Limit:  4  ActiveWeight:  9
setVisibleEndIndex called with: 0
Viewport settled at: 0 - 0
[ "01:31:05.018" ][SystemMonitor] Stats Update: CPU App: 15.0641 % | Sys: 54.1667 % | RAM App: 19599.1 MB | Sys Avail: 8800.2 MB / 65466.5 MB
[SystemMonitor] Resource Update: RAM: 19599.1 MB (Delta: -1471.02 ) | VRAM: 1991.18 MB (Delta: 9.5625 )
[ "01:31:06.017" ][SystemMonitor] Stats Update: CPU App: 1.04167 % | Sys: 40.3646 % | RAM App: 19599.3 MB | Sys Avail: 8815.17 MB / 65466.5 MB
Starting video (isCurrent): file:///I:/MY SDCArds/S22 ultra/Whatsapp/VID-20230809-WA0002.mp4
Starting video (isCurrent): file:///I:/MY SDCArds/S22 ultra/Whatsapp/VID-20230923-WA0011.mp4
qrc:/ScrollBench/qml/MainScrollBench.qml:293: TypeError: Property 'setFilterQuery' of object AlbumModel(0x1940c8ba8e0) is not a function
[ "01:31:09.146" ][SystemMonitor] Stats Update: CPU App: 13.75 % | Sys: 44.75 % | RAM App: 19598.9 MB | Sys Avail: 8862.27 MB / 65466.5 MB
Starting video (isCurrent): file:///I:/MY SDCArds/S22 ultra/Whatsapp/VID-20230809-WA0002.mp4
Starting video (isCurrent): file:///I:/MY SDCArds/S22 ultra/Whatsapp/VID-20230923-WA0011.mp4
Starting video (isCurrent): file:///I:/MY SDCArds/S22 ultra/Whatsapp/VID-20230809-WA0002.mp4
Starting video (isCurrent): file:///I:/MY SDCArds/S22 ultra/Whatsapp/VID-20230923-WA0011.mp4
qrc:/ScrollBench/qml/MainScrollBench.qml:293: TypeError: Property 'setFilterQuery' of object AlbumModel(0x1940c8ba8e0) is not a function
Starting video (isCurrent): file:///I:/MY SDCArds/S22 ultra/Whatsapp/VID-20230809-WA0002.mp4
Starting video (isCurrent): file:///I:/MY SDCArds/S22 ultra/Whatsapp/VID-20230923-WA0011.mp4
Starting video (isCurrent): file:///I:/MY SDCArds/S22 ultra/Whatsapp/VID-20230809-WA0002.mp4
Starting video (isCurrent): file:///I:/MY SDCArds/S22 ultra/Whatsapp/VID-20230923-WA0011.mp4
qrc:/ScrollBench/qml/MainScrollBench.qml:293: TypeError: Property 'setFilterQuery' of object AlbumModel(0x1940c8ba8e0) is not a function
[ "01:31:14.615" ][SystemMonitor] Stats Update: CPU App: 16.4286 % | Sys: 45.4286 % | RAM App: 19577.9 MB | Sys Avail: 8871.35 MB / 65466.5 MB
[Diagnostics] WARNING: "Viewport only showing 1 items - possible detection issue"
processPendingUpdates: Emitted dataChanged for range: 2381 to 2400
[ "01:31:14.758" ][VideoThumbnailer] Entering extractFrame for "I:/MY SDCArds/S22 ultra/Camera/20250725_164708.heic"
[ "01:31:14.759" ][VideoThumbnailer] Entering extractFrame for "I:/MY SDCArds/S22 ultra/Camera/20250725_164701.heic"
[ "01:31:14.760" ][VideoThumbnailer] Entering extractFrame for "I:/MY SDCArds/S22 ultra/Camera/20250725_164258.mp4"
[ "01:31:14.760" ][VideoThumbnailer] Entering extractFrame for "I:/MY SDCArds/S22 ultra/Camera/20250725_165009.heic"
[ "01:31:14.768" ][VideoThumbnailer] Entering extractFrame for "I:/MY SDCArds/S22 ultra/Camera/20250725_165001.heic"
[ "01:31:14.777" ][VideoThumbnailer] Entering extractFrame for "I:/MY SDCArds/S22 ultra/Camera/20250725_170239.heic"
[ "01:31:14.783" ][VideoThumbnailer] Entering extractFrame for "I:/MY SDCArds/S22 ultra/Camera/20250915_095231.heic"
[ "01:31:14.790" ][VideoThumbnailer] Entering extractFrame for "I:/MY SDCArds/S22 ultra/Camera/20250826_124618.heic"
[ "01:31:14.797" ][VideoThumbnailer] Entering extractFrame for "I:/MY SDCArds/S22 ultra/Camera/20250826_124616.heic"
[ "01:31:14.801" ][VideoThumbnailer] Entering extractFrame for "I:/MY SDCArds/S22 ultra/Camera/20250725_165119.heic"
[ "01:31:14.822" ][VideoThumbnailer] Entering extractFrame for "I:/MY SDCArds/S22 ultra/Camera/20250725_170238.heic"
[ "01:31:14.831" ][VideoThumbnailer] Entering extractFrame for "I:/MY SDCArds/S22 ultra/Camera/20250725_170236.heic"
[ "01:31:14.844" ][VideoThumbnailer] Entering extractFrame for "I:/MY SDCArds/S22 ultra/Camera/20250725_165153.heic"
[ "01:31:14.852" ][VideoThumbnailer] Entering extractFrame for "I:/MY SDCArds/S22 ultra/Camera/20250725_165646.heic"
[ "01:31:14.862" ][VideoThumbnailer] Entering extractFrame for "I:/MY SDCArds/S22 ultra/Camera/20250725_165144.heic"
[ "01:31:14.871" ][VideoThumbnailer] Entering extractFrame for "I:/MY SDCArds/S22 ultra/Camera/20250725_165122.heic"
[ "01:31:14.879" ][VideoThumbnailer] Entering extractFrame for "I:/MY SDCArds/S22 ultra/Camera/20250725_171314.heic"
[ "01:31:14.890" ][VideoThumbnailer] Entering extractFrame for "I:/MY SDCArds/S22 ultra/Camera/20250725_170242.heic"
[ "01:31:14.900" ][VideoThumbnailer] Entering extractFrame for "I:/MY SDCArds/S22 ultra/Camera/20250725_171316.heic"
[ "01:31:14.908" ][VideoThumbnailer] Entering extractFrame for "I:/MY SDCArds/S22 ultra/Camera/20250725_165000.heic"
[ "01:31:14.956" ][VideoThumbnailer] Entering extractFrame for "I:/MY SDCArds/S22 ultra/Camera/20250725_171334.mp4"
[ "01:31:14.967" ][VideoThumbnailer] Entering extractFrame for "I:/MY SDCArds/S22 ultra/Camera/20250725_171913.heic"
[ "01:31:14.976" ][VideoThumbnailer] Entering extractFrame for "I:/MY SDCArds/S22 ultra/Camera/20250725_171918.heic"
[ "01:31:14.987" ][VideoThumbnailer] Entering extractFrame for "I:/MY SDCArds/S22 ultra/Camera/20250725_171915.heic"
setVisibleEndIndex called with: 800
[ViewportCulling] Current settings: m_viewportCullingEnabled= true , BUFFER_SIZE= 50
[ViewportCulling] RANGE UPDATE: 
  Viewport indices: 0 to 800 ( 801 items) 
  Buffered range: 0 to 850 ( 851 items with BUFFER_SIZE= 50 ) 
  Total items in model: 8948
[ViewportCulling] Setting 851 visible paths in VRM
[VRM] Total visible paths: 851 Sample: "I:/MY SDCArds/S22 ultra/Facebook/FB_IMG_1637162332411.jpg"
[ViewportCulling] Requested: 851 | Already loaded: 0 | Total in range: 851
Viewport settled at: 0 - 800
[ "01:31:15.003" ][VideoThumbnailer] Entering extractFrame for "I:/MY SDCArds/S22 ultra/Camera/20251129_141945.heic"
processPendingUpdates: Emitted dataChanged for range: 2401 to 2415
[ "01:31:15.030" ][VideoThumbnailer] Entering extractFrame for "I:/MY SDCArds/S22 ultra/Camera/20251218_213226.mp4"
[ "01:31:15.120" ][VideoThumbnailer] Entering extractFrame for "I:/MY SDCArds/S22 ultra/Camera/20251223_185713.mp4"
[AdaptiveIO] Stats:  "I:/"  Avg:  56.6111  Limit:  6  ActiveWeight:  49
[ "01:31:15.195" ][VideoThumbnailer] Entering extractFrame for "I:/MY SDCArds/S22 ultra/Camera/20251106_105201.heic"
[ "01:31:15.195" ][VideoThumbnailer] Entering extractFrame for "I:/MY SDCArds/S22 ultra/Camera/20251110_100407.heic"
[ "01:31:15.196" ][VideoThumbnailer] Entering extractFrame for "I:/MY SDCArds/S22 ultra/Camera/20251106_134935.heic"
[ "01:31:15.198" ][VideoThumbnailer] Entering extractFrame for "I:/MY SDCArds/S22 ultra/Camera/20251110_100444.heic"
[ "01:31:15.201" ][VideoThumbnailer] Entering extractFrame for "I:/MY SDCArds/S22 ultra/Camera/20251111_163142.heic"
[ "01:31:15.207" ][VideoThumbnailer] Entering extractFrame for "I:/MY SDCArds/S22 ultra/Camera/20251113_144245.heic"
[ "01:31:15.215" ][VideoThumbnailer] Entering extractFrame for "I:/MY SDCArds/S22 ultra/Camera/20251114_091159.heic"
[ "01:31:15.223" ][VideoThumbnailer] Entering extractFrame for "I:/MY SDCArds/S22 ultra/Camera/20251114_142110.heic"
[ "01:31:15.233" ][VideoThumbnailer] Entering extractFrame for "I:/MY SDCArds/S22 ultra/Camera/20251114_142115.heic"
[ "01:31:15.246" ][VideoThumbnailer] Entering extractFrame for "I:/MY SDCArds/S22 ultra/Camera/20251114_150920.heic"
[ "01:31:15.260" ][VideoThumbnailer] Entering extractFrame for "I:/MY SDCArds/S22 ultra/Camera/20251116_183516.heic"
[ "01:31:15.268" ][VideoThumbnailer] Entering extractFrame for "I:/MY SDCArds/S22 ultra/Camera/20251119_131805.heic"
[ "01:31:15.272" ][VideoThumbnailer] Entering extractFrame for "I:/MY SDCArds/S22 ultra/Camera/20251124_120452.heic"
[ "01:31:15.279" ][VideoThumbnailer] Entering extractFrame for "I:/MY SDCArds/S22 ultra/Camera/20251223_191241.heic"
[ "01:31:15.296" ][VideoThumbnailer] Entering extractFrame for "I:/MY SDCArds/S22 ultra/Camera/20251223_191424.heic"
[ "01:31:15.455" ][VideoThumbnailer] Entering extractFrame for "I:/MY SDCArds/S22 ultra/Camera/20251223_191426.heic"
[ "01:31:15.466" ][VideoThumbnailer] Entering extractFrame for "I:/MY SDCArds/S22 ultra/Camera/20251223_191430.heic"
[ "01:31:15.478" ][VideoThumbnailer] Entering extractFrame for "I:/MY SDCArds/S22 ultra/Camera/20251223_191450.heic"
[ "01:31:15.481" ][SystemMonitor] Stats Update: CPU App: 68.4848 % | Sys: 98.4848 % | RAM App: 21328.5 MB | Sys Avail: 7128.59 MB / 65466.5 MB
[SystemMonitor] Resource Update: RAM: 21328.5 MB (Delta: 1729.38 ) | VRAM: 2932.93 MB (Delta: 941.75 )
[ "01:31:15.493" ][VideoThumbnailer] Entering extractFrame for "I:/MY SDCArds/S22 ultra/Camera/20251223_191616.heic"
[ "01:31:15.493" ][VideoThumbnailer] Entering extractFrame for "I:/MY SDCArds/S22 ultra/Camera/20251223_191731.heic"
[ "01:31:15.495" ][VideoThumbnailer] Entering extractFrame for "I:/MY SDCArds/S22 ultra/Camera/20251223_191451.heic"
[ "01:31:15.517" ][VideoThumbnailer] Entering extractFrame for "I:/MY SDCArds/S22 ultra/Camera/20251223_191551.mp4"
[ "01:31:15.519" ][VideoThumbnailer] Entering extractFrame for "I:/MY SDCArds/S22 ultra/Camera/20251223_191748.heic"
[ "01:31:15.528" ][VideoThumbnailer] Entering extractFrame for "I:/MY SDCArds/S22 ultra/Camera/20260126_144759.heic"
[ "01:31:15.529" ][VideoThumbnailer] Entering extractFrame for "I:/MY SDCArds/S22 ultra/Camera/20260125_173827.heic"
[ "01:31:15.538" ][VideoThumbnailer] Entering extractFrame for "I:/MY SDCArds/S22 ultra/Camera/20260209_203754.mp4"
[ "01:31:15.538" ][VideoThumbnailer] Entering extractFrame for "I:/MY SDCArds/S22 ultra/Camera/20251223_191738.heic"
[ "01:31:15.544" ][VideoThumbnailer] Entering extractFrame for "I:/MY SDCArds/S22 ultra/Camera/20251223_191750.heic"
[ "01:31:15.548" ][VideoThumbnailer] Entering extractFrame for "I:/MY SDCArds/S22 ultra/Camera/20260125_173824.heic"
[AdaptiveIO] Stats:  "I:/"  Avg:  18.2988  Limit:  6  ActiveWeight:  35
[ "01:31:15.624" ][VideoThumbnailer] Entering extractFrame for "I:/MY SDCArds/S22 ultra/Camera/20260126_144754.heic"
[ "01:31:15.645" ][VideoThumbnailer] Entering extractFrame for "I:/MY SDCArds/S22 ultra/Camera/20251223_191427.heic"
[ "01:31:15.650" ][VideoThumbnailer] Entering extractFrame for "I:/MY SDCArds/S22 ultra/Camera/20260204_085622.heic"
[ "01:31:15.650" ][VideoThumbnailer] Entering extractFrame for "I:/MY SDCArds/S22 ultra/Camera/20251130_102458.heic"
[ "01:31:15.658" ][VideoThumbnailer] Entering extractFrame for "I:/MY SDCArds/S22 ultra/Camera/20251223_192151.heic"
[ "01:31:15.661" ][VideoThumbnailer] Entering extractFrame for "I:/MY SDCArds/S22 ultra/Camera/20251223_191751.heic"
[ "01:31:15.671" ][VideoThumbnailer] Entering extractFrame for "I:/MY SDCArds/S22 ultra/Camera/20251223_192024.heic"
[ "01:31:15.672" ][VideoThumbnailer] Entering extractFrame for "I:/MY SDCArds/S22 ultra/Camera/20251223_192025.heic"
[ "01:31:15.680" ][VideoThumbnailer] Entering extractFrame for "I:/MY SDCArds/S22 ultra/Camera/20251223_192041.heic"
[ "01:31:15.686" ][VideoThumbnailer] Entering extractFrame for "I:/MY SDCArds/S22 ultra/Camera/20260324_113845.heic"
[ "01:31:15.693" ][VideoThumbnailer] Entering extractFrame for "I:/MY SDCArds/S22 ultra/Camera/20251227_163048(0).heic"
[ "01:31:15.693" ][VideoThumbnailer] Entering extractFrame for "I:/MY SDCArds/S22 ultra/Camera/20260104_162452.heic"
[ "01:31:15.711" ][VideoThumbnailer] Entering extractFrame for "I:/MY SDCArds/S22 ultra/Camera/20260122_095604.heic"
[ "01:31:15.724" ][VideoThumbnailer] Entering extractFrame for "I:/MY SDCArds/S22 ultra/Camera/20251227_163050.heic"
[ "01:31:15.726" ][VideoThumbnailer] Entering extractFrame for "I:/MY SDCArds/S22 ultra/Camera/20251227_163050(0).heic"
[ "01:31:15.736" ][VideoThumbnailer] Entering extractFrame for "I:/MY SDCArds/S22 ultra/Camera/20251227_163049.heic"
[ "01:31:15.740" ][VideoThumbnailer] Entering extractFrame for "I:/MY SDCArds/S22 ultra/Camera/20251227_163241.heic"
[ "01:31:15.749" ][VideoThumbnailer] Entering extractFrame for "I:/MY SDCArds/S22 ultra/Camera/20260118_174417.heic"
[ "01:31:15.750" ][VideoThumbnailer] Entering extractFrame for "I:/MY SDCArds/S22 ultra/Camera/20260211_113026.heic"
[ "01:31:15.754" ][VideoThumbnailer] Entering extractFrame for "I:/MY SDCArds/S22 ultra/Camera/20251227_163053.heic"
[ "01:31:15.759" ][VideoThumbnailer] Entering extractFrame for "I:/MY SDCArds/S22 ultra/Camera/20251223_192153.heic"
[ "01:31:15.760" ][VideoThumbnailer] Entering extractFrame for "I:/MY SDCArds/S22 ultra/Camera/20251223_192155.heic"
[ "01:31:15.765" ][VideoThumbnailer] Entering extractFrame for "I:/MY SDCArds/S22 ultra/Camera/20260125_173809.heic"
[ "01:31:15.774" ][VideoThumbnailer] Entering extractFrame for "I:/MY SDCArds/S22 ultra/Camera/20251227_163352.heic"
[ "01:31:15.777" ][VideoThumbnailer] Entering extractFrame for "I:/MY SDCArds/S22 ultra/Camera/20260125_173807.heic"
[ "01:31:15.787" ][VideoThumbnailer] Entering extractFrame for "I:/MY SDCArds/S22 ultra/Camera/20260125_173812.heic"
[ "01:31:15.789" ][VideoThumbnailer] Entering extractFrame for "I:/MY SDCArds/S22 ultra/Camera/20251227_162959.heic"
[ "01:31:15.796" ][VideoThumbnailer] Entering extractFrame for "I:/MY SDCArds/S22 ultra/Camera/20260209_204347.mp4"
[ "01:31:15.819" ][VideoThumbnailer] Entering extractFrame for "I:/MY SDCArds/S22 ultra/Camera/20251227_163048.heic"
[ "01:31:15.828" ][VideoThumbnailer] Entering extractFrame for "I:/MY SDCArds/S22 ultra/Camera/20260125_173516.heic"
[ "01:31:15.829" ][VideoThumbnailer] Entering extractFrame for "I:/MY SDCArds/S22 ultra/Camera/20260122_131405.heic"
[ "01:31:15.836" ][VideoThumbnailer] Entering extractFrame for "I:/MY SDCArds/S22 ultra/Camera/20260122_131902.heic"
[ "01:31:15.842" ][VideoThumbnailer] Entering extractFrame for "I:/MY SDCArds/S22 ultra/Camera/20251227_163302.heic"
[ "01:31:15.842" ][VideoThumbnailer] Entering extractFrame for "I:/MY SDCArds/S22 ultra/Camera/20260104_162516.heic"
[ "01:31:15.845" ][VideoThumbnailer] Entering extractFrame for "I:/MY SDCArds/S22 ultra/Camera/20251227_163338.heic"
[AdaptiveIO] Stats:  "I:/"  Avg:  3.46995  Limit:  4  ActiveWeight:  32
[ "01:31:15.858" ][VideoThumbnailer] Entering extractFrame for "I:/MY SDCArds/S22 ultra/Camera/20260122_142855.heic"
[ "01:31:15.858" ][VideoThumbnailer] Entering extractFrame for "I:/MY SDCArds/S22 ultra/Camera/20260129_122532.heic"
[ "01:31:15.860" ][VideoThumbnailer] Entering extractFrame for "I:/MY SDCArds/S22 ultra/Camera/20260125_173517.heic"
[ "01:31:15.862" ][VideoThumbnailer] Entering extractFrame for "I:/MY SDCArds/S22 ultra/Camera/20260125_173526.heic"
[ "01:31:15.872" ][VideoThumbnailer] Entering extractFrame for "I:/MY SDCArds/S22 ultra/Camera/20251227_163601.heic"
[ "01:31:15.920" ][VideoThumbnailer] Entering extractFrame for "I:/MY SDCArds/S22 ultra/Camera/20251227_163611.heic"
[ "01:31:15.928" ][VideoThumbnailer] Entering extractFrame for "I:/MY SDCArds/S22 ultra/Camera/20251227_163626.heic"
[ "01:31:15.937" ][VideoThumbnailer] Entering extractFrame for "I:/MY SDCArds/S22 ultra/Camera/20251227_163639.heic"
[ "01:31:15.945" ][VideoThumbnailer] Entering extractFrame for "I:/MY SDCArds/S22 ultra/Camera/20251227_163826.heic"
[ "01:31:15.964" ][VideoThumbnailer] Entering extractFrame for "I:/MY SDCArds/S22 ultra/Camera/20251228_134011.mp4"
processPendingUpdates: Emitted dataChanged for range: 2416 to 2435
[ "01:31:16.010" ][VideoThumbnailer] Entering extractFrame for "I:/MY SDCArds/S22 ultra/Camera/20260125_173518.heic"
[ "01:31:16.024" ][SystemMonitor] Stats Update: CPU App: 50 % | Sys: 94.7619 % | RAM App: 22133 MB | Sys Avail: 6315.38 MB / 65466.5 MB
[SystemMonitor] Resource Update: RAM: 22133 MB (Delta: 804.469 ) | VRAM: 2964.61 MB (Delta: 31.6875 )
processPendingUpdates: Emitted dataChanged for range: 2436 to 2455
[ "01:31:16.108" ][VideoThumbnailer] Entering extractFrame for "I:/MY SDCArds/S22 ultra/Camera/20260101_171037.mp4"
processPendingUpdates: Emitted dataChanged for range: 2456 to 2465
processPendingUpdates: Emitted dataChanged for range: 2466 to 2485
processPendingUpdates: Emitted dataChanged for range: 2486 to 2505
[ "01:31:16.246" ][VideoThumbnailer] Entering extractFrame for "I:/MY SDCArds/S22 ultra/Camera/20260118_172041.heic"
[ "01:31:16.247" ][VideoThumbnailer] Entering extractFrame for "I:/MY SDCArds/S22 ultra/Camera/20260101_174419.mp4"
[PhotoViewer] Image source changed to: file:///I:/MY SDCArds/S22 ultra/Videocaptures/VideoCapture_20250110-122217.jpg?v=undefined
[PhotoViewer] Image status: 2 for index: 2
processPendingUpdates: Emitted dataChanged for range: 2506 to 2525
[ "01:31:16.323" ][VideoThumbnailer] Entering extractFrame for "I:/MY SDCArds/S22 ultra/Camera/20260104_131152.heic"
processPendingUpdates: Emitted dataChanged for range: 2526 to 2545
[ "01:31:16.337" ][VideoThumbnailer] Entering extractFrame for "I:/MY SDCArds/S22 ultra/Camera/20260104_160115.heic"
[PhotoViewer] Image status: 1 for index: 2
processPendingUpdates: Emitted dataChanged for range: 2546 to 2565
processPendingUpdates: Emitted dataChanged for range: 2566 to 2575
[ "01:31:16.447" ][VideoThumbnailer] Entering extractFrame for "I:/MY SDCArds/S22 ultra/Camera/20251227_163047.heic"
processPendingUpdates: Emitted dataChanged for range: 2576 to 2585
[ "01:31:16.480" ][VideoThumbnailer] Entering extractFrame for "I:/MY SDCArds/S22 ultra/Camera/20260106_124959.mp4"
processPendingUpdates: Emitted dataChanged for range: 2586 to 2595
processPendingUpdates: Emitted dataChanged for range: 2596 to 2605
processPendingUpdates: Emitted dataChanged for range: 2606 to 2625
processPendingUpdates: Emitted dataChanged for range: 2626 to 2645
processPendingUpdates: Emitted dataChanged for range: 2646 to 2665
[ "01:31:16.683" ][VideoThumbnailer] Entering extractFrame for "I:/MY SDCArds/S22 ultra/Camera/20260107_204643.mp4"
processPendingUpdates: Emitted dataChanged for range: 2666 to 2685
[ "01:31:16.763" ][VideoThumbnailer] Entering extractFrame for "I:/MY SDCArds/S22 ultra/Camera/20260109_144430.mp4"
[AdaptiveIO] Stats:  "I:/"  Avg:  69.0649  Limit:  4  ActiveWeight:  30
processPendingUpdates: Emitted dataChanged for range: 2686 to 2705
[ "01:31:16.830" ][VideoThumbnailer] Entering extractFrame for "I:/MY SDCArds/S22 ultra/Camera/20260320_100916.heic"
processPendingUpdates: Emitted dataChanged for range: 2706 to 2715
[ "01:31:16.853" ][VideoThumbnailer] Entering extractFrame for "I:/MY SDCArds/S22 ultra/Camera/20260105_170742.mp4"
[ "01:31:16.874" ][VideoThumbnailer] Entering extractFrame for "I:/MY SDCArds/S22 ultra/Camera/20260118_174423.heic"
[ "01:31:16.884" ][VideoThumbnailer] Entering extractFrame for "I:/MY SDCArds/S22 ultra/Camera/20260216_103630.heic"
[ "01:31:16.890" ][VideoThumbnailer] Entering extractFrame for "I:/MY SDCArds/S22 ultra/Camera/20260104_162818.mp4"
processPendingUpdates: Emitted dataChanged for range: 2716 to 2735
[ "01:31:16.903" ][VideoThumbnailer] Entering extractFrame for "I:/MY SDCArds/S22 ultra/Camera/20260317_202423.heic"
[ "01:31:16.910" ][VideoThumbnailer] Entering extractFrame for "I:/MY SDCArds/S22 ultra/Camera/20260118_172044.heic"
[ "01:31:16.914" ][VideoThumbnailer] Entering extractFrame for "I:/MY SDCArds/S22 ultra/Camera/20260219_101503.heic"
[ "01:31:16.931" ][VideoThumbnailer] Entering extractFrame for "I:/MY SDCArds/S22 ultra/Camera/20260118_172047.heic"
processPendingUpdates: Emitted dataChanged for range: 2736 to 2755
[ "01:31:16.950" ][VideoThumbnailer] Entering extractFrame for "I:/MY SDCArds/S22 ultra/Camera/20260116_182604.heic"
[ "01:31:16.954" ][VideoThumbnailer] Entering extractFrame for "I:/MY SDCArds/S22 ultra/Camera/20260113_222612.heic"
processPendingUpdates: Emitted dataChanged for range: 2756 to 2775
[ "01:31:17.040" ][SystemMonitor] Stats Update: CPU App: 59.4872 % | Sys: 98.9744 % | RAM App: 22610 MB | Sys Avail: 5838.57 MB / 65466.5 MB
[SystemMonitor] Resource Update: RAM: 22610 MB (Delta: 477.012 ) | VRAM: 3110.96 MB (Delta: 146.344 )
processPendingUpdates: Emitted dataChanged for range: 2776 to 2795
[ "01:31:17.078" ][VideoThumbnailer] Entering extractFrame for "I:/MY SDCArds/S22 ultra/Camera/20260116_183713.heic"
processPendingUpdates: Emitted dataChanged for range: 2796 to 2805
processPendingUpdates: Emitted dataChanged for range: 2806 to 2815
[ "01:31:17.117" ][VideoThumbnailer] Entering extractFrame for "I:/MY SDCArds/S22 ultra/Camera/20260114_163622.mp4"
[ "01:31:17.127" ][VideoThumbnailer] Entering extractFrame for "I:/MY SDCArds/S22 ultra/Camera/20260329_185019.heic"
[ "01:31:17.136" ][VideoThumbnailer] Entering extractFrame for "I:/MY SDCArds/S22 ultra/Camera/20260118_172054.heic"
[ "01:31:17.145" ][VideoThumbnailer] Entering extractFrame for "I:/MY SDCArds/S22 ultra/Camera/20260118_174230.heic"
processPendingUpdates: Emitted dataChanged for range: 2816 to 2825
processPendingUpdates: Emitted dataChanged for range: 2826 to 2845
[ "01:31:17.175" ][VideoThumbnailer] Entering extractFrame for "I:/MY SDCArds/S22 ultra/Camera/20260118_164946.heic"
[ "01:31:17.188" ][VideoThumbnailer] Entering extractFrame for "I:/MY SDCArds/S22 ultra/Camera/20260219_201359.heic"
[AdaptiveIO] Stats:  "I:/"  Avg:  8.65124  Limit:  4  ActiveWeight:  31
[ "01:31:17.196" ][VideoThumbnailer] Entering extractFrame for "I:/MY SDCArds/S22 ultra/Camera/20260219_201423.heic"
[ "01:31:17.212" ][VideoThumbnailer] Entering extractFrame for "I:/MY SDCArds/S22 ultra/Camera/20260219_201427.heic"
[ "01:31:17.220" ][VideoThumbnailer] Entering extractFrame for "I:/MY SDCArds/S22 ultra/Camera/20260118_174235.heic"
processPendingUpdates: Emitted dataChanged for range: 2846 to 2865
[ "01:31:17.229" ][VideoThumbnailer] Entering extractFrame for "I:/MY SDCArds/S22 ultra/Camera/20260118_174233.heic"
[ "01:31:17.233" ][VideoThumbnailer] Entering extractFrame for "I:/MY SDCArds/S22 ultra/Camera/20260118_174237.heic"
TelemetryMonitor: Processed 300 frames. Current FPS: 5
[ "01:31:17.248" ][VideoThumbnailer] Entering extractFrame for "I:/MY SDCArds/S22 ultra/Camera/20260219_101644.heic"
[ "01:31:17.256" ][VideoThumbnailer] Entering extractFrame for "I:/MY SDCArds/S22 ultra/Camera/20260118_174307.heic"
[ "01:31:17.283" ][VideoThumbnailer] Entering extractFrame for "I:/MY SDCArds/S22 ultra/Camera/20260219_101651.heic"
[ "01:31:17.285" ][VideoThumbnailer] Entering extractFrame for "I:/MY SDCArds/S22 ultra/Camera/20260219_201358.heic"
processPendingUpdates: Emitted dataChanged for range: 2866 to 2875
[ "01:31:17.319" ][VideoThumbnailer] Entering extractFrame for "I:/MY SDCArds/S22 ultra/Camera/20260118_174309.heic"
[ "01:31:17.325" ][VideoThumbnailer] Entering extractFrame for "I:/MY SDCArds/S22 ultra/Camera/20260118_174425.heic"
processPendingUpdates: Emitted dataChanged for range: 2876 to 2885
[ "01:31:17.339" ][VideoThumbnailer] Entering extractFrame for "I:/MY SDCArds/S22 ultra/Camera/20260327_113607.heic"
[ "01:31:17.357" ][VideoThumbnailer] Entering extractFrame for "I:/MY SDCArds/S22 ultra/Camera/20260122_095615.heic"
processPendingUpdates: Emitted dataChanged for range: 2886 to 2905
[ "01:31:17.376" ][VideoThumbnailer] Entering extractFrame for "I:/MY SDCArds/S22 ultra/Camera/20260120_084853.heic"
[ "01:31:17.391" ][VideoThumbnailer] Entering extractFrame for "I:/MY SDCArds/S22 ultra/Whatsapp/VID-20230809-WA0002.mp4"
processPendingUpdates: Emitted dataChanged for range: 2906 to 2925
[ "01:31:17.421" ][VideoThumbnailer] Entering extractFrame for "I:/MY SDCArds/S22 ultra/Camera/20260122_121325.heic"
[ "01:31:17.441" ][VideoThumbnailer] Entering extractFrame for "I:/MY SDCArds/S22 ultra/Camera/20260122_101025.mp4"
processPendingUpdates: Emitted dataChanged for range: 2926 to 2935
[ "01:31:17.449" ][VideoThumbnailer] Entering extractFrame for "I:/MY SDCArds/S22 ultra/Camera/20260122_121330.heic"
[ "01:31:17.460" ][VideoThumbnailer] Entering extractFrame for "I:/MY SDCArds/S22 ultra/Car Audio/20260324_132434.heic"
[ "01:31:17.470" ][VideoThumbnailer] Entering extractFrame for "I:/MY SDCArds/S22 ultra/Camera/20260125_173823.heic"
processPendingUpdates: Emitted dataChanged for range: 2936 to 2955
[ "01:31:17.485" ][VideoThumbnailer] Entering extractFrame for "I:/MY SDCArds/S22 ultra/Camera/20260127_082239.heic"
[ "01:31:17.487" ][VideoThumbnailer] Entering extractFrame for "I:/MY SDCArds/S22 ultra/Camera/20260211_083640.heic"
[ "01:31:17.495" ][VideoThumbnailer] Entering extractFrame for "I:/MY SDCArds/S22 ultra/Camera/20260122_121335.heic"
[ "01:31:17.509" ][VideoThumbnailer] Entering extractFrame for "I:/MY SDCArds/S22 ultra/Camera/20260122_121342.heic"
[ "01:31:17.528" ][VideoThumbnailer] Entering extractFrame for "I:/MY SDCArds/S22 ultra/Camera/20260129_122421.heic"
[ "01:31:17.530" ][VideoThumbnailer] Entering extractFrame for "I:/MY SDCArds/S22 ultra/Camera/20260122_131908.heic"
processPendingUpdates: Emitted dataChanged for range: 2956 to 2975
[ "01:31:17.547" ][VideoThumbnailer] Entering extractFrame for "I:/MY SDCArds/S22 ultra/Camera/20260214_171604.heic"
[ "01:31:17.558" ][VideoThumbnailer] Entering extractFrame for "I:/MY SDCArds/S22 ultra/Camera/20260211_112823.heic"
[ "01:31:17.573" ][VideoThumbnailer] Entering extractFrame for "I:/MY SDCArds/S22 ultra/Camera/20260302_125841.heic"
[ "01:31:17.579" ][VideoThumbnailer] Entering extractFrame for "I:/MY SDCArds/S22 ultra/Camera/20260122_131917.heic"
[ "01:31:17.588" ][VideoThumbnailer] Entering extractFrame for "I:/MY SDCArds/S22 ultra/Camera/20260302_125832.heic"
[ "01:31:17.596" ][VideoThumbnailer] Entering extractFrame for "I:/MY SDCArds/S22 ultra/Camera/20260122_131929.heic"
processPendingUpdates: Emitted dataChanged for range: 2976 to 2995
[ "01:31:17.604" ][VideoThumbnailer] Entering extractFrame for "I:/MY SDCArds/S22 ultra/Camera/20260207_140934.heic"
[AdaptiveIO] Stats:  "I:/"  Avg:  6.59198  Limit:  4  ActiveWeight:  30
[ "01:31:17.653" ][VideoThumbnailer] Entering extractFrame for "I:/MY SDCArds/S22 ultra/Camera/20260125_173635.heic"
[ "01:31:17.668" ][VideoThumbnailer] Entering extractFrame for "I:/MY SDCArds/S22 ultra/Screen recordings/Screen_Recording_20260321_002407_Facebook.mp4"
[ "01:31:17.670" ][VideoThumbnailer] Entering extractFrame for "I:/MY SDCArds/S22 ultra/Camera/20260320_194323.heic"
processPendingUpdates: Emitted dataChanged for range: 2996 to 3015
[ "01:31:17.725" ][VideoThumbnailer] Entering extractFrame for "I:/MY SDCArds/S22 ultra/Camera/20260125_173637.heic"
[ "01:31:17.733" ][VideoThumbnailer] Entering extractFrame for "I:/MY SDCArds/S22 ultra/Camera/20260125_173642.heic"
[ "01:31:17.736" ][VideoThumbnailer] Entering extractFrame for "I:/MY SDCArds/S22 ultra/Camera/20260125_173801.heic"
processPendingUpdates: Emitted dataChanged for range: 3016 to 3035
processPendingUpdates: Emitted dataChanged for range: 3036 to 3045
[ "01:31:17.900" ][VideoThumbnailer] Entering extractFrame for "I:/MY SDCArds/S22 ultra/Camera/20260125_173821.heic"
[ "01:31:17.903" ][VideoThumbnailer] Entering extractFrame for "I:/MY SDCArds/S22 ultra/Camera/20260129_122541.heic"
[ "01:31:17.912" ][VideoThumbnailer] Entering extractFrame for "I:/MY SDCArds/S22 ultra/Camera/20260129_122536.heic"
[ "01:31:17.917" ][VideoThumbnailer] Entering extractFrame for "I:/MY SDCArds/S22 ultra/Camera/20260131_140323.heic"
[ "01:31:17.919" ][VideoThumbnailer] Entering extractFrame for "I:/MY SDCArds/S22 ultra/Camera/20260203_085406.heic"
[ "01:31:17.927" ][VideoThumbnailer] Entering extractFrame for "I:/MY SDCArds/S22 ultra/Camera/20260129_122547.heic"
[ "01:31:17.934" ][VideoThumbnailer] Entering extractFrame for "I:/MY SDCArds/S22 ultra/Screen recordings/Screen_Recording_20260323_091759_Facebook.mp4"
[ "01:31:17.940" ][VideoThumbnailer] Entering extractFrame for "I:/MY SDCArds/S22 ultra/Camera/20260211_083603.heic"
processPendingUpdates: Emitted dataChanged for range: 3046 to 3065
[ "01:31:17.947" ][VideoThumbnailer] Entering extractFrame for "I:/MY SDCArds/S22 ultra/Camera/20260306_140557.heic"
[ "01:31:17.951" ][VideoThumbnailer] Entering extractFrame for "I:/MY SDCArds/S22 ultra/Camera/20260201_113652.heic"
[ "01:31:17.955" ][VideoThumbnailer] Entering extractFrame for "I:/MY SDCArds/S22 ultra/Camera/20260125_173818.heic"
[ "01:31:17.960" ][VideoThumbnailer] Entering extractFrame for "I:/MY SDCArds/S22 ultra/Camera/20260211_083616.heic"
[ "01:31:17.976" ][VideoThumbnailer] Entering extractFrame for "I:/MY SDCArds/S22 ultra/Camera/20260312_110058.heic"
[ "01:31:17.976" ][VideoThumbnailer] Entering extractFrame for "I:/MY SDCArds/S22 ultra/Camera/20260313_085854.heic"
[ "01:31:17.991" ][VideoThumbnailer] Entering extractFrame for "I:/MY SDCArds/S22 ultra/Camera/20260203_085411.heic"
[ "01:31:18.002" ][VideoThumbnailer] Entering extractFrame for "I:/MY SDCArds/S22 ultra/Camera/20260203_085541.heic"
[ "01:31:18.018" ][SystemMonitor] Stats Update: CPU App: 39.1534 % | Sys: 99.7354 % | RAM App: 22905.4 MB | Sys Avail: 5597.86 MB / 65466.5 MB
[SystemMonitor] Resource Update: RAM: 22905.4 MB (Delta: 295.418 ) | VRAM: 3110.96 MB (Delta: 0 )
[ "01:31:18.020" ][VideoThumbnailer] Entering extractFrame for "I:/MY SDCArds/S22 ultra/Camera/20260211_083623.heic"
[ "01:31:18.021" ][VideoThumbnailer] Entering extractFrame for "I:/MY SDCArds/S22 ultra/Camera/20260203_085749.heic"
processPendingUpdates: Emitted dataChanged for range: 3066 to 3085
[ "01:31:18.039" ][VideoThumbnailer] Entering extractFrame for "I:/MY SDCArds/S22 ultra/Camera/20260204_085724.heic"
[ "01:31:18.049" ][VideoThumbnailer] Entering extractFrame for "I:/MY SDCArds/S22 ultra/Camera/20260411_104816.heic"
[AdaptiveIO] Stats:  "I:/"  Avg:  5.44146  Limit:  4  ActiveWeight:  30
[ "01:31:18.056" ][VideoThumbnailer] Entering extractFrame for "I:/MY SDCArds/S22 ultra/Camera/20260207_140933.heic"
processPendingUpdates: Emitted dataChanged for range: 3086 to 3105
[ "01:31:18.081" ][VideoThumbnailer] Entering extractFrame for "I:/MY SDCArds/S22 ultra/Camera/20260411_183228.heic"
processPendingUpdates: Emitted dataChanged for range: 3106 to 3125
processPendingUpdates: Emitted dataChanged for range: 3126 to 3135
[ "01:31:18.177" ][VideoThumbnailer] Entering extractFrame for "I:/MY SDCArds/S22 ultra/Camera/20260211_083612.heic"
[ "01:31:18.188" ][VideoThumbnailer] Entering extractFrame for "I:/MY SDCArds/S22 ultra/Camera/20260211_083627.heic"
[ "01:31:18.196" ][VideoThumbnailer] Entering extractFrame for "I:/MY SDCArds/S22 ultra/Camera/20260211_083636.heic"
[ "01:31:18.199" ][VideoThumbnailer] Entering extractFrame for "I:/MY SDCArds/S22 ultra/Camera/20260209_204206.mp4"
processPendingUpdates: Emitted dataChanged for range: 3136 to 3145
processPendingUpdates: Emitted dataChanged for range: 3146 to 3155
[ "01:31:18.232" ][VideoThumbnailer] Entering extractFrame for "I:/MY SDCArds/S22 ultra/Camera/20260211_112420.heic"
processPendingUpdates: Emitted dataChanged for range: 3156 to 3175
[ "01:31:18.268" ][VideoThumbnailer] Entering extractFrame for "I:/MY SDCArds/S22 ultra/Camera/20260211_112758.heic"
[ "01:31:18.282" ][VideoThumbnailer] Entering extractFrame for "I:/MY SDCArds/S22 ultra/Camera/20260211_112350.heic"
[ "01:31:18.293" ][VideoThumbnailer] Entering extractFrame for "I:/MY SDCArds/S22 ultra/Camera/20260211_112805.heic"
processPendingUpdates: Emitted dataChanged for range: 3176 to 3195
[ "01:31:18.309" ][VideoThumbnailer] Entering extractFrame for "I:/MY SDCArds/S22 ultra/Camera/20260219_101510.heic"
[ "01:31:18.312" ][VideoThumbnailer] Entering extractFrame for "I:/MY SDCArds/S22 ultra/Camera/20260220_193122.heic"
[ "01:31:18.323" ][VideoThumbnailer] Entering extractFrame for "I:/MY SDCArds/S22 ultra/Camera/20260224_080756.heic"
[ "01:31:18.332" ][VideoThumbnailer] Entering extractFrame for "I:/MY SDCArds/S22 ultra/Camera/20260214_212816.mp4"
[ "01:31:18.342" ][VideoThumbnailer] Entering extractFrame for "I:/MY SDCArds/S22 ultra/Camera/20260211_112819.heic"
[ "01:31:18.348" ][VideoThumbnailer] Entering extractFrame for "I:/MY SDCArds/S22 ultra/Camera/20260225_091443.heic"
[ "01:31:18.353" ][VideoThumbnailer] Entering extractFrame for "I:/MY SDCArds/S22 ultra/Camera/20260228_095633.heic"
[ "01:31:18.372" ][VideoThumbnailer] Entering extractFrame for "I:/MY SDCArds/S22 ultra/Camera/20260225_091456.heic"
[ "01:31:18.377" ][VideoThumbnailer] Entering extractFrame for "I:/MY SDCArds/S22 ultra/Camera/20260214_212129.mp4"
processPendingUpdates: Emitted dataChanged for range: 3196 to 3215
processPendingUpdates: Emitted dataChanged for range: 3216 to 3235
[ "01:31:18.452" ][VideoThumbnailer] Entering extractFrame for "I:/MY SDCArds/S22 ultra/Camera/20260228_171255.heic"
processPendingUpdates: Emitted dataChanged for range: 3236 to 3245
[ "01:31:18.495" ][VideoThumbnailer] Entering extractFrame for "I:/MY SDCArds/S22 ultra/Camera/20260302_124312.heic"
[ "01:31:18.501" ][VideoThumbnailer] Entering extractFrame for "I:/MY SDCArds/S22 ultra/Camera/20260228_171317.heic"
[ "01:31:18.502" ][VideoThumbnailer] Entering extractFrame for "I:/MY SDCArds/S22 ultra/Car Audio/20260324_132430.heic"
processPendingUpdates: Emitted dataChanged for range: 3246 to 3255
[ "01:31:18.517" ][VideoThumbnailer] Entering extractFrame for "I:/MY SDCArds/S22 ultra/Camera/20260304_095501.heic"
[ "01:31:18.522" ][VideoThumbnailer] Entering extractFrame for "I:/MY SDCArds/S22 ultra/Camera/20260302_124450.heic"
[AdaptiveIO] Stats:  "I:/"  Avg:  21.223  Limit:  4  ActiveWeight:  33
[ "01:31:18.528" ][VideoThumbnailer] Entering extractFrame for "I:/MY SDCArds/S22 ultra/Camera/20260303_135629.heic"
[ "01:31:18.531" ][VideoThumbnailer] Entering extractFrame for "I:/MY SDCArds/S22 ultra/Camera/20260304_095454.heic"
processPendingUpdates: Emitted dataChanged for range: 3256 to 3275
[ "01:31:18.547" ][VideoThumbnailer] Entering extractFrame for "I:/MY SDCArds/S22 ultra/Camera/20260304_102533.heic"
[ "01:31:18.551" ][VideoThumbnailer] Entering extractFrame for "I:/MY SDCArds/S22 ultra/Camera/20260307_095332.heic"
[ "01:31:18.555" ][VideoThumbnailer] Entering extractFrame for "I:/MY SDCArds/S22 ultra/Camera/20260307_101412.heic"
[ "01:31:18.585" ][VideoThumbnailer] Entering extractFrame for "I:/MY SDCArds/S22 ultra/Screen recordings/Screen_Recording_20260309_204645_Brave_1_1.mp4"
[ "01:31:18.596" ][VideoThumbnailer] Entering extractFrame for "I:/MY SDCArds/S22 ultra/Camera/20260313_112133.heic"
processPendingUpdates: Emitted dataChanged for range: 3276 to 3295
[ "01:31:18.615" ][VideoThumbnailer] Entering extractFrame for "I:/MY SDCArds/S22 ultra/Camera/20260311_161723.heic"
[ "01:31:18.647" ][VideoThumbnailer] Entering extractFrame for "I:/MY SDCArds/S22 ultra/Camera/20260315_201735.mp4"
[ "01:31:18.661" ][VideoThumbnailer] Entering extractFrame for "I:/MY SDCArds/S22 ultra/Camera/20260316_195129.heic"
[ "01:31:18.663" ][VideoThumbnailer] Entering extractFrame for "I:/MY SDCArds/S22 ultra/Camera/20260316_083405.heic"
[ "01:31:18.676" ][VideoThumbnailer] Entering extractFrame for "I:/MY SDCArds/S22 ultra/Camera/20260307_101458.heic"
[ "01:31:18.677" ][VideoThumbnailer] Entering extractFrame for "I:/MY SDCArds/S22 ultra/Camera/20260309_094416.heic"
processPendingUpdates: Emitted dataChanged for range: 3296 to 3305
[ "01:31:18.685" ][VideoThumbnailer] Entering extractFrame for "I:/MY SDCArds/S22 ultra/Camera/20260317_134151.heic"
[ "01:31:18.706" ][VideoThumbnailer] Entering extractFrame for "I:/MY SDCArds/S22 ultra/Camera/20260317_202422.heic"
processPendingUpdates: Emitted dataChanged for range: 3306 to 3325
[ "01:31:18.727" ][VideoThumbnailer] Entering extractFrame for "I:/MY SDCArds/S22 ultra/Screen recordings/Screen_Recording_20260409_012156_Instagram.mp4"
processPendingUpdates: Emitted dataChanged for range: 3326 to 3335
[ "01:31:18.926" ][VideoThumbnailer] Entering extractFrame for "I:/MY SDCArds/S22 ultra/Camera/20260320_142027.heic"
[ "01:31:18.946" ][VideoThumbnailer] Entering extractFrame for "I:/MY SDCArds/S22 ultra/Camera/20260320_194236.heic"
[ "01:31:18.947" ][VideoThumbnailer] Entering extractFrame for "I:/MY SDCArds/S22 ultra/Camera/20260320_142221.heic"
[ "01:31:18.969" ][VideoThumbnailer] Entering extractFrame for "I:/MY SDCArds/S22 ultra/Camera/20260329_185138.heic"
[ "01:31:18.979" ][VideoThumbnailer] Entering extractFrame for "I:/MY SDCArds/S22 ultra/Camera/20260320_194248.heic"
[ "01:31:18.986" ][VideoThumbnailer] Entering extractFrame for "I:/MY SDCArds/S22 ultra/Camera/20260320_142207.heic"
[ "01:31:19.000" ][VideoThumbnailer] Entering extractFrame for "I:/MY SDCArds/S22 ultra/Car Audio/20260321_095332.heic"
[ "01:31:19.005" ][VideoThumbnailer] Entering extractFrame for "I:/MY SDCArds/S22 ultra/Camera/20260321_105325.heic"
[AdaptiveIO] Stats:  "I:/"  Avg:  27.0026  Limit:  4  ActiveWeight:  31
[ "01:31:19.148" ][VideoThumbnailer] Entering extractFrame for "I:/MY SDCArds/S22 ultra/Camera/20260321_105329.heic"
Starting video (isCurrent): file:///I:/MY SDCArds/S22 ultra/Whatsapp/VID-20230809-WA0002.mp4
Starting video (isCurrent): file:///I:/MY SDCArds/S22 ultra/Whatsapp/VID-20230923-WA0011.mp4
[ "01:31:19.608" ][VideoThumbnailer] Entering extractFrame for "I:/MY SDCArds/S22 ultra/Camera/20260618_122310.heic"
[ "01:31:19.616" ][VideoThumbnailer] GPU decode enabled for "I:/MY SDCArds/S22 ultra/Camera/20260618_122310.heic"
[ "01:31:19.724" ][VideoThumbnailer] Entering extractFrame for "I:/MY SDCArds/S22 ultra/Camera/20260527_100003.heic"
[ "01:31:19.729" ][VideoThumbnailer] GPU decode enabled for "I:/MY SDCArds/S22 ultra/Camera/20260527_100003.heic"
[ "01:31:19.773" ][VideoThumbnailer] Entering extractFrame for "I:/MY SDCArds/S22 ultra/100_CINE/MOV_0056.MP4"
[ "01:31:19.818" ][VideoThumbnailer] Entering extractFrame for "I:/MY SDCArds/S22 ultra/Camera/20260523_165909.heic"
[ "01:31:19.819" ][VideoThumbnailer] GPU decode enabled for "I:/MY SDCArds/S22 ultra/Camera/20260523_165909.heic"
[ "01:31:19.827" ][VideoThumbnailer] GPU decode enabled for "I:/MY SDCArds/S22 ultra/100_CINE/MOV_0056.MP4"
[ "01:31:19.858" ][VideoThumbnailer] Entering extractFrame for "I:/MY SDCArds/S22 ultra/Camera/20260526_113042.heic"
[ "01:31:19.866" ][VideoThumbnailer] GPU decode enabled for "I:/MY SDCArds/S22 ultra/Camera/20260526_113042.heic"
[ "01:31:19.915" ][VideoThumbnailer] Entering extractFrame for "I:/MY SDCArds/S22 ultra/Camera/20260524_122413.heic"
[ "01:31:19.922" ][VideoThumbnailer] GPU decode enabled for "I:/MY SDCArds/S22 ultra/Camera/20260524_122413.heic"
[ "01:31:19.982" ][VideoThumbnailer] Entering extractFrame for "I:/MY SDCArds/S22 ultra/Camera/20260526_174230.heic"
[ "01:31:19.988" ][VideoThumbnailer] GPU decode enabled for "I:/MY SDCArds/S22 ultra/Camera/20260526_174230.heic"
[ "01:31:19.993" ][VideoThumbnailer] Entering extractFrame for "I:/MY SDCArds/S22 ultra/Camera/20260526_174659.heic"
[ "01:31:20.000" ][VideoThumbnailer] GPU decode enabled for "I:/MY SDCArds/S22 ultra/Camera/20260526_174659.heic"
[ "01:31:20.021" ][VideoThumbnailer] Entering extractFrame for "I:/MY SDCArds/S22 ultra/100_CINE/MOV_0065.MP4"
[ "01:31:20.041" ][VideoThumbnailer] Entering extractFrame for "I:/MY SDCArds/S22 ultra/Camera/20260527_100008.heic"
[ "01:31:20.046" ][VideoThumbnailer] GPU decode enabled for "I:/MY SDCArds/S22 ultra/Camera/20260527_100008.heic"
[ "01:31:20.054" ][VideoThumbnailer] GPU decode enabled for "I:/MY SDCArds/S22 ultra/100_CINE/MOV_0065.MP4"
[ "01:31:20.054" ][VideoThumbnailer] Entering extractFrame for "I:/MY SDCArds/S22 ultra/Camera/20260527_100011.heic"
[ "01:31:20.061" ][VideoThumbnailer] GPU decode enabled for "I:/MY SDCArds/S22 ultra/Camera/20260527_100011.heic"
[ "01:31:20.093" ][VideoThumbnailer] Entering extractFrame for "I:/MY SDCArds/S22 ultra/Camera/20260527_100021.heic"
[ "01:31:20.098" ][VideoThumbnailer] GPU decode enabled for "I:/MY SDCArds/S22 ultra/Camera/20260527_100021.heic"
[ "01:31:20.127" ][VideoThumbnailer] Entering extractFrame for "I:/MY SDCArds/S22 ultra/Camera/20260530_165704.heic"
[ "01:31:20.130" ][VideoThumbnailer] Entering extractFrame for "I:/MY SDCArds/S22 ultra/Camera/20260530_092051.heic"
[ "01:31:20.133" ][VideoThumbnailer] GPU decode enabled for "I:/MY SDCArds/S22 ultra/Camera/20260530_165704.heic"
[ "01:31:20.137" ][VideoThumbnailer] GPU decode enabled for "I:/MY SDCArds/S22 ultra/Camera/20260530_092051.heic"
[ "01:31:20.162" ][VideoThumbnailer] Entering extractFrame for "I:/MY SDCArds/S22 ultra/Camera/20260531_180149.heic"
[ "01:31:20.167" ][VideoThumbnailer] GPU decode enabled for "I:/MY SDCArds/S22 ultra/Camera/20260531_180149.heic"
[ "01:31:20.203" ][VideoThumbnailer] Entering extractFrame for "I:/MY SDCArds/S22 ultra/Camera/20260531_180151.heic"
[ "01:31:20.204" ][VideoThumbnailer] Entering extractFrame for "I:/MY SDCArds/S22 ultra/Camera/20260531_180226.heic"
[ "01:31:20.209" ][VideoThumbnailer] GPU decode enabled for "I:/MY SDCArds/S22 ultra/Camera/20260531_180151.heic"
[ "01:31:20.210" ][VideoThumbnailer] GPU decode enabled for "I:/MY SDCArds/S22 ultra/Camera/20260531_180226.heic"
[ "01:31:20.244" ][VideoThumbnailer] Entering extractFrame for "I:/MY SDCArds/S22 ultra/Camera/20260603_160727.heic"
[ "01:31:20.267" ][VideoThumbnailer] GPU decode enabled for "I:/MY SDCArds/S22 ultra/Camera/20260603_160727.heic"
[ "01:31:20.292" ][VideoThumbnailer] Entering extractFrame for "I:/MY SDCArds/S22 ultra/Camera/20260603_160728.heic"
[ "01:31:20.297" ][VideoThumbnailer] GPU decode enabled for "I:/MY SDCArds/S22 ultra/Camera/20260603_160728.heic"
[ "01:31:20.299" ][VideoThumbnailer] Entering extractFrame for "I:/MY SDCArds/S22 ultra/Camera/20260603_160730.heic"
[ "01:31:20.304" ][VideoThumbnailer] GPU decode enabled for "I:/MY SDCArds/S22 ultra/Camera/20260603_160730.heic"
[ "01:31:20.335" ][VideoThumbnailer] Entering extractFrame for "I:/MY SDCArds/S22 ultra/Camera/20260603_173730.heic"
[ "01:31:20.341" ][VideoThumbnailer] GPU decode enabled for "I:/MY SDCArds/S22 ultra/Camera/20260603_173730.heic"
[ "01:31:20.416" ][VideoThumbnailer] Entering extractFrame for "I:/MY SDCArds/S22 ultra/Camera/20260606_103702.heic"
Starting video (isCurrent): file:///I:/MY SDCArds/S22 ultra/Whatsapp/VID-20230809-WA0002.mp4
Starting video (isCurrent): file:///I:/MY SDCArds/S22 ultra/Whatsapp/VID-20230923-WA0011.mp4
[ "01:31:20.424" ][VideoThumbnailer] GPU decode enabled for "I:/MY SDCArds/S22 ultra/Camera/20260606_103702.heic"
[ "01:31:20.428" ][VideoThumbnailer] Entering extractFrame for "I:/MY SDCArds/S22 ultra/100_CINE/MOV_0058.MP4"
[ "01:31:20.437" ][VideoThumbnailer] Entering extractFrame for "I:/MY SDCArds/S22 ultra/Camera/20260606_103659.heic"
[ "01:31:20.443" ][VideoThumbnailer] GPU decode enabled for "I:/MY SDCArds/S22 ultra/Camera/20260606_103659.heic"
[ "01:31:20.461" ][VideoThumbnailer] GPU decode enabled for "I:/MY SDCArds/S22 ultra/100_CINE/MOV_0058.MP4"
[ "01:31:20.497" ][VideoThumbnailer] Entering extractFrame for "I:/MY SDCArds/S22 ultra/Camera/20260606_103712.heic"
[AdaptiveIO] Stats:  "I:/"  Avg:  90.4081  Limit:  4  ActiveWeight:  31
[ "01:31:20.505" ][VideoThumbnailer] Entering extractFrame for "I:/MY SDCArds/S22 ultra/Camera/20260527_095955.heic"
[ "01:31:20.508" ][VideoThumbnailer] GPU decode enabled for "I:/MY SDCArds/S22 ultra/Camera/20260606_103712.heic"
[ "01:31:20.513" ][VideoThumbnailer] GPU decode enabled for "I:/MY SDCArds/S22 ultra/Camera/20260527_095955.heic"
[ "01:31:20.567" ][VideoThumbnailer] Entering extractFrame for "I:/MY SDCArds/S22 ultra/100_CINE/MOV_0064.MP4"
[ "01:31:20.596" ][VideoThumbnailer] GPU decode enabled for "I:/MY SDCArds/S22 ultra/100_CINE/MOV_0064.MP4"
[ "01:31:20.642" ][VideoThumbnailer] Entering extractFrame for "I:/MY SDCArds/S22 ultra/Camera/20251201_210216.heic"
[ "01:31:20.665" ][VideoThumbnailer] Entering extractFrame for "I:/MY SDCArds/S22 ultra/100_CINE/MOV_0067.MP4"
[ "01:31:20.671" ][VideoThumbnailer] Entering extractFrame for "I:/MY SDCArds/S22 ultra/Camera/20251205_194610.heic"
[ "01:31:20.710" ][VideoThumbnailer] Entering extractFrame for "I:/MY SDCArds/S22 ultra/Camera/20251211_192004.heic"
[ "01:31:20.731" ][VideoThumbnailer] Entering extractFrame for "I:/MY SDCArds/S22 ultra/100_CINE/MOV_0072.mp4"
[ "01:31:20.931" ][VideoThumbnailer] GPU decode enabled for "I:/MY SDCArds/S22 ultra/100_CINE/MOV_0067.MP4"
[ "01:31:20.962" ][VideoThumbnailer] GPU decode enabled for "I:/MY SDCArds/S22 ultra/100_CINE/MOV_0072.mp4"
[ "01:31:20.993" ][VideoThumbnailer] Entering extractFrame for "I:/MY SDCArds/S22 ultra/Camera/0cef630871e4692a3692ea3f2549e3e3.mp4"
[ "01:31:20.999" ][VideoThumbnailer] GPU decode enabled for "I:/MY SDCArds/S22 ultra/Camera/0cef630871e4692a3692ea3f2549e3e3.mp4"
[ "01:31:21.045" ][VideoThumbnailer] Entering extractFrame for "I:/MY SDCArds/S22 ultra/Camera/20251223_185708.heic"
[ "01:31:21.075" ][VideoThumbnailer] Entering extractFrame for "I:/MY SDCArds/S22 ultra/Camera/3bb7155546984b26c7c2ed5db9bbfa92.mp4"
[ "01:31:21.082" ][VideoThumbnailer] GPU decode enabled for "I:/MY SDCArds/S22 ultra/Camera/3bb7155546984b26c7c2ed5db9bbfa92.mp4"
[ "01:31:21.149" ][VideoThumbnailer] Entering extractFrame for "I:/MY SDCArds/S22 ultra/Camera/20251223_191240.heic"
[ "01:31:21.223" ][VideoThumbnailer] Entering extractFrame for "I:/MY SDCArds/S22 ultra/Camera/5d16fe01c27eca56b235bfcc300236d9.mp4"
[ "01:31:21.228" ][VideoThumbnailer] GPU decode enabled for "I:/MY SDCArds/S22 ultra/Camera/5d16fe01c27eca56b235bfcc300236d9.mp4"
[ "01:31:21.262" ][VideoThumbnailer] Entering extractFrame for "I:/MY SDCArds/S22 ultra/Camera/20250725_171920.heic"
[ "01:31:21.281" ][VideoThumbnailer] Entering extractFrame for "I:/MY SDCArds/S22 ultra/Camera/20250725_171903.heic"
[ "01:31:21.291" ][VideoThumbnailer] Entering extractFrame for "I:/MY SDCArds/S22 ultra/Camera/20260323_080130.heic"
[ "01:31:21.313" ][VideoThumbnailer] Entering extractFrame for "I:/MY SDCArds/S22 ultra/Camera/16dc3732a5a3ccb9bb52c401dfd1a096.mp4"
[ "01:31:21.321" ][VideoThumbnailer] GPU decode enabled for "I:/MY SDCArds/S22 ultra/Camera/16dc3732a5a3ccb9bb52c401dfd1a096.mp4"
[ "01:31:21.350" ][VideoThumbnailer] Entering extractFrame for "I:/MY SDCArds/S22 ultra/Camera/7ee609991a4a478dbf45405735d23d14.mp4"
[ "01:31:21.356" ][VideoThumbnailer] GPU decode enabled for "I:/MY SDCArds/S22 ultra/Camera/7ee609991a4a478dbf45405735d23d14.mp4"
[ "01:31:21.578" ][VideoThumbnailer] Entering extractFrame for "I:/MY SDCArds/S22 ultra/Camera/27bbc32c197bcc9388a4e93e452694d4.mp4"
[ "01:31:21.583" ][VideoThumbnailer] GPU decode enabled for "I:/MY SDCArds/S22 ultra/Camera/27bbc32c197bcc9388a4e93e452694d4.mp4"
[ "01:31:21.624" ][VideoThumbnailer] Entering extractFrame for "I:/MY SDCArds/S22 ultra/Camera/36f8161b55b835d85e06b60fbc7fd43c.mp4"
[ "01:31:21.635" ][VideoThumbnailer] Entering extractFrame for "I:/MY SDCArds/S22 ultra/Camera/37ced116f0b5664c39d99600f32296c0.mp4"
[ "01:31:21.635" ][VideoThumbnailer] GPU decode enabled for "I:/MY SDCArds/S22 ultra/Camera/36f8161b55b835d85e06b60fbc7fd43c.mp4"
[ "01:31:21.662" ][VideoThumbnailer] GPU decode enabled for "I:/MY SDCArds/S22 ultra/Camera/37ced116f0b5664c39d99600f32296c0.mp4"
[ "01:31:21.681" ][VideoThumbnailer] Entering extractFrame for "I:/MY SDCArds/S22 ultra/Camera/45a373b660754d8de9c2344b956a4b1b.mp4"
[ "01:31:21.697" ][VideoThumbnailer] GPU decode enabled for "I:/MY SDCArds/S22 ultra/Camera/45a373b660754d8de9c2344b956a4b1b.mp4"
[ "01:31:21.702" ][VideoThumbnailer] Entering extractFrame for "I:/MY SDCArds/S22 ultra/Camera/47c9a60562e98c98f4830cf33a0941e6.mp4"
[ "01:31:21.707" ][VideoThumbnailer] GPU decode enabled for "I:/MY SDCArds/S22 ultra/Camera/47c9a60562e98c98f4830cf33a0941e6.mp4"
[ "01:31:21.722" ][VideoThumbnailer] Entering extractFrame for "I:/MY SDCArds/S22 ultra/Camera/056dff2ae2f24270add40b70a8263e16.mp4"
[ "01:31:21.730" ][VideoThumbnailer] GPU decode enabled for "I:/MY SDCArds/S22 ultra/Camera/056dff2ae2f24270add40b70a8263e16.mp4"
[ "01:31:21.753" ][VideoThumbnailer] Entering extractFrame for "I:/MY SDCArds/S22 ultra/Camera/9a77fc917cbae4e87b477cda89bb8ee1.mp4"
[ "01:31:21.753" ][VideoThumbnailer] Entering extractFrame for "I:/MY SDCArds/S22 ultra/Camera/58fdc7b732bdee96c371b6a9c3f02bbb.mp4"
[ "01:31:21.761" ][VideoThumbnailer] GPU decode enabled for "I:/MY SDCArds/S22 ultra/Camera/58fdc7b732bdee96c371b6a9c3f02bbb.mp4"
[ "01:31:21.770" ][VideoThumbnailer] GPU decode enabled for "I:/MY SDCArds/S22 ultra/Camera/9a77fc917cbae4e87b477cda89bb8ee1.mp4"
[AdaptiveIO] Stats:  "I:/"  Avg:  112.122  Limit:  4  ActiveWeight:  28
[ "01:31:21.788" ][VideoThumbnailer] Entering extractFrame for "I:/MY SDCArds/S22 ultra/Camera/73c8ff94adad83bce000ded5968cf9b9.mp4"
[ "01:31:21.797" ][VideoThumbnailer] GPU decode enabled for "I:/MY SDCArds/S22 ultra/Camera/73c8ff94adad83bce000ded5968cf9b9.mp4"
[ "01:31:21.840" ][VideoThumbnailer] Entering extractFrame for "I:/MY SDCArds/S22 ultra/Camera/73ca2ba6f5be15670fb5c54309283b9d.mp4"
[ "01:31:21.844" ][VideoThumbnailer] Entering extractFrame for "I:/MY SDCArds/S22 ultra/Camera/76f14fb3d33e99d9e449cad3b8e408a1.mp4"
[ "01:31:21.845" ][VideoThumbnailer] GPU decode enabled for "I:/MY SDCArds/S22 ultra/Camera/73ca2ba6f5be15670fb5c54309283b9d.mp4"
[ "01:31:21.850" ][VideoThumbnailer] Entering extractFrame for "I:/MY SDCArds/S22 ultra/Camera/65de94cd190e4c857f3f117d49a42860.mp4"
[ "01:31:21.850" ][VideoThumbnailer] GPU decode enabled for "I:/MY SDCArds/S22 ultra/Camera/76f14fb3d33e99d9e449cad3b8e408a1.mp4"
[ "01:31:21.860" ][VideoThumbnailer] GPU decode enabled for "I:/MY SDCArds/S22 ultra/Camera/65de94cd190e4c857f3f117d49a42860.mp4"
[ "01:31:21.891" ][VideoThumbnailer] Entering extractFrame for "I:/MY SDCArds/S22 ultra/Camera/87fc39454200d213e1a16c81ee0e6a1d.mp4"
[ "01:31:21.895" ][VideoThumbnailer] Entering extractFrame for "I:/MY SDCArds/S22 ultra/Camera/96ad5fbda2c723152e1779a891e1bba5.mp4"
[ "01:31:21.900" ][VideoThumbnailer] GPU decode enabled for "I:/MY SDCArds/S22 ultra/Camera/96ad5fbda2c723152e1779a891e1bba5.mp4"
[ "01:31:21.904" ][VideoThumbnailer] GPU decode enabled for "I:/MY SDCArds/S22 ultra/Camera/87fc39454200d213e1a16c81ee0e6a1d.mp4"
qrc:/ScrollBench/qml/MainScrollBench.qml:293: TypeError: Property 'setFilterQuery' of object AlbumModel(0x1940c8ba8e0) is not a function
[ "01:31:21.920" ][SystemMonitor] Stats Update: CPU App: 59.5047 % | Sys: 99.1968 % | RAM App: 25079.5 MB | Sys Avail: 3676.42 MB / 65466.5 MB
[SystemMonitor] Resource Update: RAM: 25079.5 MB (Delta: 2174.13 ) | VRAM: 59.4414 MB (Delta: -3051.52 )
[ "01:31:21.925" ][VideoThumbnailer] Entering extractFrame for "I:/MY SDCArds/S22 ultra/Camera/305fd731c329dd1439aee9a4ea83b31a.mp4"
[ "01:31:21.929" ][VideoThumbnailer] GPU decode enabled for "I:/MY SDCArds/S22 ultra/Camera/305fd731c329dd1439aee9a4ea83b31a.mp4"
[ "01:31:21.970" ][VideoThumbnailer] Entering extractFrame for "I:/MY SDCArds/S22 ultra/Camera/90e55ff6a28db7737d963137ea5ed616.mp4"
[ "01:31:21.971" ][VideoThumbnailer] GPU decode enabled for "I:/MY SDCArds/S22 ultra/Camera/90e55ff6a28db7737d963137ea5ed616.mp4"
[ "01:31:21.984" ][VideoThumbnailer] Entering extractFrame for "I:/MY SDCArds/S22 ultra/Camera/129e42681cac315687ba79e014fd37fa.mp4"
[ "01:31:21.989" ][VideoThumbnailer] GPU decode enabled for "I:/MY SDCArds/S22 ultra/Camera/129e42681cac315687ba79e014fd37fa.mp4"
[ "01:31:22.001" ][VideoThumbnailer] Entering extractFrame for "I:/MY SDCArds/S22 ultra/Camera/20260324_113822.heic"
[ "01:31:22.011" ][VideoThumbnailer] Entering extractFrame for "I:/MY SDCArds/S22 ultra/Camera/622b1a61d57021a5cfb554d92243e192.mp4"
processPendingUpdates: Emitted dataChanged for range: 3336 to 3355
[ "01:31:22.025" ][VideoThumbnailer] GPU decode enabled for "I:/MY SDCArds/S22 ultra/Camera/622b1a61d57021a5cfb554d92243e192.mp4"
[ "01:31:22.035" ][VideoThumbnailer] Entering extractFrame for "I:/MY SDCArds/S22 ultra/Camera/359a15de79c48405f2d5da40640b97b5.mp4"
[ "01:31:22.044" ][VideoThumbnailer] GPU decode enabled for "I:/MY SDCArds/S22 ultra/Camera/359a15de79c48405f2d5da40640b97b5.mp4"
[ "01:31:22.062" ][VideoThumbnailer] Entering extractFrame for "I:/MY SDCArds/S22 ultra/Camera/532d8ad6009f7a76f0f7b3e96fdeb1c8.mp4"
[ "01:31:22.069" ][VideoThumbnailer] GPU decode enabled for "I:/MY SDCArds/S22 ultra/Camera/532d8ad6009f7a76f0f7b3e96fdeb1c8.mp4"
[ "01:31:22.120" ][VideoThumbnailer] Entering extractFrame for "I:/MY SDCArds/S22 ultra/Camera/244cd01932b98c5592f03d82be7b4795.mp4"
[ "01:31:22.129" ][VideoThumbnailer] GPU decode enabled for "I:/MY SDCArds/S22 ultra/Camera/244cd01932b98c5592f03d82be7b4795.mp4"
[ "01:31:22.135" ][VideoThumbnailer] Entering extractFrame for "I:/MY SDCArds/S22 ultra/Camera/0833fe746c091f2e1447cbdc6712279a.mp4"
[ "01:31:22.141" ][VideoThumbnailer] GPU decode enabled for "I:/MY SDCArds/S22 ultra/Camera/0833fe746c091f2e1447cbdc6712279a.mp4"
[ "01:31:22.152" ][VideoThumbnailer] Entering extractFrame for "I:/MY SDCArds/S22 ultra/Camera/698ec1107c3134347d2d3b329f6d5748.mp4"
[ "01:31:22.158" ][VideoThumbnailer] GPU decode enabled for "I:/MY SDCArds/S22 ultra/Camera/698ec1107c3134347d2d3b329f6d5748.mp4"
[ "01:31:22.192" ][VideoThumbnailer] Entering extractFrame for "I:/MY SDCArds/S22 ultra/Camera/849e3afbf19e6f76c499963247a3f97a.mp4"
[ "01:31:22.201" ][VideoThumbnailer] GPU decode enabled for "I:/MY SDCArds/S22 ultra/Camera/849e3afbf19e6f76c499963247a3f97a.mp4"
[ "01:31:22.202" ][VideoThumbnailer] Entering extractFrame for "I:/MY SDCArds/S22 ultra/Camera/863ba5b6a6a1e27ebf88d2b96d3a72ba.mp4"
[ "01:31:22.211" ][VideoThumbnailer] Entering extractFrame for "I:/MY SDCArds/S22 ultra/Camera/946d1797055b1d45ed9ba152c6d4db11.mp4"
[ "01:31:22.212" ][VideoThumbnailer] GPU decode enabled for "I:/MY SDCArds/S22 ultra/Camera/863ba5b6a6a1e27ebf88d2b96d3a72ba.mp4"
[ "01:31:22.215" ][VideoThumbnailer] GPU decode enabled for "I:/MY SDCArds/S22 ultra/Camera/946d1797055b1d45ed9ba152c6d4db11.mp4"
[ "01:31:22.192" ][VideoThumbnailer] Failed to find frame after 2000 video packets at 2205 ms for "I:/MY SDCArds/S22 ultra/Camera/849e3afbf19e6f76c499963247a3f97a.mp4"
[ "01:31:22.253" ][VideoThumbnailer] Entering extractFrame for "I:/MY SDCArds/S22 ultra/Camera/909c35d7aa2bf2cc78f973e0bcffcadb.mp4"
[ "01:31:22.262" ][VideoThumbnailer] Entering extractFrame for "I:/MY SDCArds/S22 ultra/Camera/937b9d9fb5fecb91f26651cad138c9f2.mp4"
[ "01:31:22.273" ][VideoThumbnailer] Entering extractFrame for "I:/MY SDCArds/S22 ultra/Camera/20260618_133902.heic"
[ "01:31:22.277" ][VideoThumbnailer] Entering extractFrame for "I:/MY SDCArds/S22 ultra/Ezviz/1774196661121.mp4"
[ "01:31:22.279" ][FFmpeg Warn] "Packet corrupt (stream = 1, dts = 369152)."
[ "01:31:22.279" ][FFmpeg Error] "Invalid NAL unit size (7162 > 5957)."
[ "01:31:22.280" ][FFmpeg Error] "missing picture in access unit with size 5961"
[ "01:31:22.280" ][FFmpeg Error] "Invalid NAL unit size (7162 > 5957)."
[ "01:31:22.280" ][FFmpeg Error] "Error splitting the input into NAL units."
[ "01:31:22.281" ][FFmpeg Error] "stream 0, offset 0x2a4b53: partial file"
[ "01:31:22.211" ][VideoThumbnailer] Failed to find frame after 2000 video packets at 27410 ms for "I:/MY SDCArds/S22 ultra/Camera/946d1797055b1d45ed9ba152c6d4db11.mp4"
[ "01:31:22.357" ][VideoThumbnailer] Entering extractFrame for "I:/MY SDCArds/S22 ultra/Camera/070d55d441509f358e66bf20183195b5.mp4"
[ "01:31:22.447" ][VideoThumbnailer] Entering extractFrame for "I:/MY SDCArds/S22 ultra/Camera/14eb2a6290cb37015048f8a3cd6bc30c.mp4"
[ "01:31:22.506" ][VideoThumbnailer] Entering extractFrame for "I:/MY SDCArds/S22 ultra/Camera/6e2e24966def117a925ad84005b1ba57.mp4"
[AdaptiveIO] Stats:  "I:/"  Avg:  24.2701  Limit:  4  ActiveWeight:  30
[ "01:31:22.555" ][VideoThumbnailer] Entering extractFrame for "I:/MY SDCArds/S22 ultra/Snapchat/Snapchat-1932978751.mp4"
[ "01:31:22.601" ][VideoThumbnailer] Entering extractFrame for "I:/MY SDCArds/S22 ultra/Camera/5c1e9b63a20c93a5cd0b109e89a82fae.mp4"
[ "01:31:22.690" ][VideoThumbnailer] Entering extractFrame for "I:/MY SDCArds/S22 ultra/Camera/5aff3e2dc65647f1251e942612c4f04b.mp4"
[ "01:31:22.746" ][VideoThumbnailer] Entering extractFrame for "I:/MY SDCArds/S22 ultra/Camera/5bf5b63a277f1ec214f3f81ed02e94eb.mp4"
Starting video (isCurrent): file:///I:/MY SDCArds/S22 ultra/Whatsapp/VID-20230809-WA0002.mp4
Starting video (isCurrent): file:///I:/MY SDCArds/S22 ultra/Whatsapp/VID-20230923-WA0011.mp4
[ "01:31:22.813" ][VideoThumbnailer] Entering extractFrame for "I:/MY SDCArds/S22 ultra/Camera/4eb33c89b76a386ce771423c5475cd55.mp4"
[ "01:31:22.944" ][VideoThumbnailer] Entering extractFrame for "I:/MY SDCArds/S22 ultra/Camera/2e5b1ace31b491aad70d2df043b5a427.mp4"
[ "01:31:23.016" ][VideoThumbnailer] Entering extractFrame for "I:/MY SDCArds/S22 ultra/Ezviz/1774196660266.mp4"
[ "01:31:23.021" ][VideoThumbnailer] Entering extractFrame for "I:/MY SDCArds/S22 ultra/Car Audio/20260324_132447.heic"
[ "01:31:23.049" ][VideoThumbnailer] Entering extractFrame for "I:/MY SDCArds/S22 ultra/Double Side Camera/2023_02_23_15_19_16_033.mp4"
[ "01:31:23.056" ][VideoThumbnailer] Entering extractFrame for "I:/MY SDCArds/S22 ultra/Camera/20260325_203739.heic"
[ "01:31:23.077" ][VideoThumbnailer] Entering extractFrame for "I:/MY SDCArds/S22 ultra/Camera/20260327_113616.heic"
[ "01:31:23.079" ][VideoThumbnailer] Entering extractFrame for "I:/MY SDCArds/S22 ultra/Camera/2e5d3e86f276ceefd440bb7a6effba3a.mp4"
[ "01:31:23.080" ][VideoThumbnailer] Entering extractFrame for "I:/MY SDCArds/S22 ultra/Camera/20260328_100616.heic"
[AdaptiveIO] Stats:  "I:/"  Avg:  21.4127  Limit:  4  ActiveWeight:  33
[ "01:31:23.123" ][VideoThumbnailer] Entering extractFrame for "I:/MY SDCArds/S22 ultra/Camera/3b69154fbebc2fd1e6d4e61be896240f.mp4"
[ "01:31:23.423" ][VideoThumbnailer] Entering extractFrame for "I:/MY SDCArds/S22 ultra/Camera/01cd8d184f0f8aae46d7ac9d344bf736.mp4"
[ "01:31:23.447" ][VideoThumbnailer] Entering extractFrame for "I:/MY SDCArds/S22 ultra/Camera/20260225_091443.heic"
[ "01:31:23.451" ][VideoThumbnailer] Entering extractFrame for "I:/MY SDCArds/S22 ultra/Camera/20260216_103630.heic"
[ "01:31:23.454" ][VideoThumbnailer] Entering extractFrame for "I:/MY SDCArds/S22 ultra/Camera/20260219_101503.heic"
[ "01:31:23.465" ][VideoThumbnailer] GPU decode enabled for "I:/MY SDCArds/S22 ultra/Camera/20260225_091443.heic"
[ "01:31:23.476" ][VideoThumbnailer] GPU decode enabled for "I:/MY SDCArds/S22 ultra/Camera/20260216_103630.heic"
[ "01:31:23.493" ][VideoThumbnailer] GPU decode enabled for "I:/MY SDCArds/S22 ultra/Camera/20260219_101503.heic"
[ "01:31:23.505" ][VideoThumbnailer] Entering extractFrame for "I:/MY SDCArds/S22 ultra/Camera/20260214_212816.mp4"
[ "01:31:23.518" ][VideoThumbnailer] Entering extractFrame for "I:/MY SDCArds/S22 ultra/Camera/20260225_091456.heic"
[ "01:31:23.520" ][VideoThumbnailer] Entering extractFrame for "I:/MY SDCArds/S22 ultra/Camera/20260328_101019.heic"
[ "01:31:23.524" ][VideoThumbnailer] Entering extractFrame for "I:/MY SDCArds/S22 ultra/Camera/20260122_121342.heic"
[ "01:31:23.526" ][VideoThumbnailer] GPU decode enabled for "I:/MY SDCArds/S22 ultra/Camera/20260214_212816.mp4"
[ "01:31:23.566" ][VideoThumbnailer] GPU decode enabled for "I:/MY SDCArds/S22 ultra/Camera/20260225_091456.heic"
[ "01:31:23.577" ][VideoThumbnailer] GPU decode enabled for "I:/MY SDCArds/S22 ultra/Camera/20260122_121342.heic"
[ "01:31:23.594" ][VideoThumbnailer] Entering extractFrame for "I:/MY SDCArds/S22 ultra/Camera/20260122_131902.heic"
[ "01:31:23.605" ][VideoThumbnailer] Entering extractFrame for "I:/MY SDCArds/S22 ultra/Camera/20260122_131405.heic"
[ "01:31:23.611" ][VideoThumbnailer] GPU decode enabled for "I:/MY SDCArds/S22 ultra/Camera/20260122_131902.heic"
[ "01:31:23.615" ][VideoThumbnailer] Entering extractFrame for "I:/MY SDCArds/S22 ultra/Ezviz/1763990955123.mp4"
[ "01:31:23.622" ][VideoThumbnailer] GPU decode enabled for "I:/MY SDCArds/S22 ultra/Camera/20260122_131405.heic"
[ "01:31:23.662" ][VideoThumbnailer] Entering extractFrame for "I:/MY SDCArds/S22 ultra/Camera/20260219_101510.heic"
[ "01:31:23.668" ][VideoThumbnailer] Entering extractFrame for "I:/MY SDCArds/S22 ultra/Camera/20260107_204643.mp4"
[ "01:31:23.676" ][VideoThumbnailer] GPU decode enabled for "I:/MY SDCArds/S22 ultra/Camera/20260219_101510.heic"
[ "01:31:23.729" ][VideoThumbnailer] GPU decode enabled for "I:/MY SDCArds/S22 ultra/Camera/20260107_204643.mp4"
[ "01:31:23.809" ][VideoThumbnailer] Entering extractFrame for "I:/MY SDCArds/S22 ultra/Camera/20251205_194610.heic"
[ "01:31:23.829" ][VideoThumbnailer] GPU decode enabled for "I:/MY SDCArds/S22 ultra/Camera/20251205_194610.heic"
[ "01:31:23.866" ][VideoThumbnailer] Entering extractFrame for "I:/MY SDCArds/S22 ultra/Camera/0cd8f78a49f760189265deb264e7a046.mp4"
[ "01:31:23.918" ][VideoThumbnailer] Entering extractFrame for "I:/MY SDCArds/S22 ultra/Camera/20251211_192004.heic"
[ "01:31:23.928" ][VideoThumbnailer] GPU decode enabled for "I:/MY SDCArds/S22 ultra/Camera/20251211_192004.heic"
Starting video (isCurrent): file:///I:/MY SDCArds/S22 ultra/Whatsapp/VID-20230809-WA0002.mp4
Starting video (isCurrent): file:///I:/MY SDCArds/S22 ultra/Whatsapp/VID-20230923-WA0011.mp4
[ "01:31:23.941" ][VideoThumbnailer] Entering extractFrame for "I:/MY SDCArds/S22 ultra/Camera/20260109_144430.mp4"
[ "01:31:23.957" ][VideoThumbnailer] GPU decode enabled for "I:/MY SDCArds/S22 ultra/Camera/20260109_144430.mp4"
[ "01:31:24.023" ][VideoThumbnailer] Entering extractFrame for "I:/MY SDCArds/S22 ultra/Camera/20260116_182604.heic"
[ "01:31:24.068" ][VideoThumbnailer] Entering extractFrame for "I:/MY SDCArds/S22 ultra/Camera/20260113_222612.heic"
[ "01:31:24.295" ][VideoThumbnailer] Entering extractFrame for "I:/MY SDCArds/S22 ultra/Camera/20260114_163622.mp4"
qrc:/ScrollBench/qml/MainScrollBench.qml:293: TypeError: Property 'setFilterQuery' of object AlbumModel(0x1940c8ba8e0) is not a function
Starting video (isCurrent): file:///I:/MY SDCArds/S22 ultra/Whatsapp/VID-20230809-WA0002.mp4
Starting video (isCurrent): file:///I:/MY SDCArds/S22 ultra/Whatsapp/VID-20230923-WA0011.mp4
Starting video (isCurrent): file:///I:/MY SDCArds/S22 ultra/Whatsapp/VID-20230809-WA0002.mp4
Starting video (isCurrent): file:///I:/MY SDCArds/S22 ultra/Whatsapp/VID-20230923-WA0011.mp4
qrc:/ScrollBench/qml/MainScrollBench.qml:293: TypeError: Property 'setFilterQuery' of object AlbumModel(0x1940c8ba8e0) is not a function
[ "01:31:28.007" ][SystemMonitor] Stats Update: CPU App: 30 % | Sys: 69.0171 % | RAM App: 25558.1 MB | Sys Avail: 5374.27 MB / 65466.5 MB
[SystemMonitor] Resource Update: RAM: 25558.1 MB (Delta: 478.633 ) | VRAM: 81.5039 MB (Delta: 22.0625 )
[ "01:31:28.328" ][SystemMonitor] Stats Update: CPU App: 16.6667 % | Sys: 49.2063 % | RAM App: 25240.4 MB | Sys Avail: 5815.18 MB / 65466.5 MB
[SystemMonitor] Resource Update: RAM: 25240.4 MB (Delta: -317.75 ) | VRAM: 81.5039 MB (Delta: 0 )
processPendingUpdates: Emitted dataChanged for range: 3356 to 3375
processPendingUpdates: Emitted dataChanged for range: 3376 to 3395
processPendingUpdates: Emitted dataChanged for range: 3396 to 3415
processPendingUpdates: Emitted dataChanged for range: 3416 to 3425
setVisibleEndIndex called with: 800
Viewport settled at: 0 - 800
processPendingUpdates: Emitted dataChanged for range: 3426 to 3435
processPendingUpdates: Emitted dataChanged for range: 3436 to 3455
[PhotoViewer] Image source changed to: file:///I:/MY SDCArds/S22 ultra/Videocaptures/VideoCapture_20250110-122217.jpg?v=undefined
[PhotoViewer] Image status: 2 for index: 2
processPendingUpdates: Emitted dataChanged for range: 3456 to 3465
processPendingUpdates: Emitted dataChanged for range: 3466 to 3485
[PhotoViewer] Image status: 1 for index: 2
processPendingUpdates: Emitted dataChanged for range: 3486 to 3505
processPendingUpdates: Emitted dataChanged for range: 3506 to 3525
processPendingUpdates: Emitted dataChanged for range: 3526 to 3535
processPendingUpdates: Emitted dataChanged for range: 3536 to 3545
processPendingUpdates: Emitted dataChanged for range: 3546 to 3555
processPendingUpdates: Emitted dataChanged for range: 3556 to 3565
processPendingUpdates: Emitted dataChanged for range: 3566 to 3585
[ "01:31:29.018" ][SystemMonitor] Stats Update: CPU App: 17.803 % | Sys: 75 % | RAM App: 24925.7 MB | Sys Avail: 6348.73 MB / 65466.5 MB
[SystemMonitor] Resource Update: RAM: 24925.7 MB (Delta: -314.656 ) | VRAM: 82.2852 MB (Delta: 0.78125 )
processPendingUpdates: Emitted dataChanged for range: 3586 to 3605
processPendingUpdates: Emitted dataChanged for range: 3606 to 3625
processPendingUpdates: Emitted dataChanged for range: 3626 to 3645
processPendingUpdates: Emitted dataChanged for range: 3646 to 3655
processPendingUpdates: Emitted dataChanged for range: 3656 to 3675
processPendingUpdates: Emitted dataChanged for range: 3676 to 3685
processPendingUpdates: Emitted dataChanged for range: 3686 to 3695
processPendingUpdates: Emitted dataChanged for range: 3696 to 3705
processPendingUpdates: Emitted dataChanged for range: 3706 to 3715
processPendingUpdates: Emitted dataChanged for range: 3716 to 3735
processPendingUpdates: Emitted dataChanged for range: 3736 to 3745
processPendingUpdates: Emitted dataChanged for range: 3746 to 3765
processPendingUpdates: Emitted dataChanged for range: 3766 to 3785
processPendingUpdates: Emitted dataChanged for range: 3786 to 3795
processPendingUpdates: Emitted dataChanged for range: 3796 to 3805
processPendingUpdates: Emitted dataChanged for range: 3806 to 3815
processPendingUpdates: Emitted dataChanged for range: 3816 to 3825
processPendingUpdates: Emitted dataChanged for range: 3826 to 3845
processPendingUpdates: Emitted dataChanged for range: 3846 to 3865
processPendingUpdates: Emitted dataChanged for range: 3866 to 3885
processPendingUpdates: Emitted dataChanged for range: 3886 to 3905
processPendingUpdates: Emitted dataChanged for range: 3906 to 3925
[ "01:31:30.029" ][SystemMonitor] Stats Update: CPU App: 17.7083 % | Sys: 58.3333 % | RAM App: 24927.7 MB | Sys Avail: 6789.22 MB / 65466.5 MB
processPendingUpdates: Emitted dataChanged for range: 3926 to 3935
processPendingUpdates: Emitted dataChanged for range: 3936 to 3945
processPendingUpdates: Emitted dataChanged for range: 3946 to 3955
processPendingUpdates: Emitted dataChanged for range: 3956 to 3965
processPendingUpdates: Emitted dataChanged for range: 3966 to 3975
processPendingUpdates: Emitted dataChanged for range: 3976 to 3995
processPendingUpdates: Emitted dataChanged for range: 3996 to 4015
processPendingUpdates: Emitted dataChanged for range: 4016 to 4035
processPendingUpdates: Emitted dataChanged for range: 4036 to 4045
processPendingUpdates: Emitted dataChanged for range: 4046 to 4065
processPendingUpdates: Emitted dataChanged for range: 4066 to 4075
processPendingUpdates: Emitted dataChanged for range: 4076 to 4095
processPendingUpdates: Emitted dataChanged for range: 4096 to 4115
processPendingUpdates: Emitted dataChanged for range: 4116 to 4135
processPendingUpdates: Emitted dataChanged for range: 4136 to 4145
processPendingUpdates: Emitted dataChanged for range: 4146 to 4155
processPendingUpdates: Emitted dataChanged for range: 4156 to 4175
processPendingUpdates: Emitted dataChanged for range: 4176 to 4185
processPendingUpdates: Emitted dataChanged for range: 4186 to 4195
processPendingUpdates: Emitted dataChanged for range: 4196 to 4215
processPendingUpdates: Emitted dataChanged for range: 4216 to 4235
processPendingUpdates: Emitted dataChanged for range: 4236 to 4245
processPendingUpdates: Emitted dataChanged for range: 4246 to 4265
processPendingUpdates: Emitted dataChanged for range: 4266 to 4285
processPendingUpdates: Emitted dataChanged for range: 4286 to 4295
[ "01:31:31.016" ][SystemMonitor] Stats Update: CPU App: 8.85417 % | Sys: 49.2188 % | RAM App: 24929.1 MB | Sys Avail: 7176.09 MB / 65466.5 MB
processPendingUpdates: Emitted dataChanged for range: 4296 to 4315
processPendingUpdates: Emitted dataChanged for range: 4316 to 4322
processPendingUpdates: Emitted dataChanged for range: 8 to 27
processPendingUpdates: Emitted dataChanged for range: 28 to 47
processPendingUpdates: Emitted dataChanged for range: 48 to 67
processPendingUpdates: Emitted dataChanged for range: 68 to 87
processPendingUpdates: Emitted dataChanged for range: 88 to 97
processPendingUpdates: Emitted dataChanged for range: 98 to 107
processPendingUpdates: Emitted dataChanged for range: 108 to 127
processPendingUpdates: Emitted dataChanged for range: 128 to 147
processPendingUpdates: Emitted dataChanged for range: 148 to 167
processPendingUpdates: Emitted dataChanged for range: 168 to 177
processPendingUpdates: Emitted dataChanged for range: 178 to 197
processPendingUpdates: Emitted dataChanged for range: 198 to 207
processPendingUpdates: Emitted dataChanged for range: 208 to 217
processPendingUpdates: Emitted dataChanged for range: 218 to 237
processPendingUpdates: Emitted dataChanged for range: 238 to 247
processPendingUpdates: Emitted dataChanged for range: 248 to 257
processPendingUpdates: Emitted dataChanged for range: 258 to 277
processPendingUpdates: Emitted dataChanged for range: 278 to 287
processPendingUpdates: Emitted dataChanged for range: 288 to 307
processPendingUpdates: Emitted dataChanged for range: 308 to 317
processPendingUpdates: Emitted dataChanged for range: 318 to 337
processPendingUpdates: Emitted dataChanged for range: 338 to 347
processPendingUpdates: Emitted dataChanged for range: 348 to 367
processPendingUpdates: Emitted dataChanged for range: 368 to 387
[ "01:31:32.016" ][SystemMonitor] Stats Update: CPU App: 1.5625 % | Sys: 44.5313 % | RAM App: 24929.2 MB | Sys Avail: 7616.65 MB / 65466.5 MB
processPendingUpdates: Emitted dataChanged for range: 388 to 397
processPendingUpdates: Emitted dataChanged for range: 398 to 417
processPendingUpdates: Emitted dataChanged for range: 418 to 437
processPendingUpdates: Emitted dataChanged for range: 438 to 457
processPendingUpdates: Emitted dataChanged for range: 458 to 467
processPendingUpdates: Emitted dataChanged for range: 468 to 487
processPendingUpdates: Emitted dataChanged for range: 488 to 507
processPendingUpdates: Emitted dataChanged for range: 508 to 527
processPendingUpdates: Emitted dataChanged for range: 528 to 537
processPendingUpdates: Emitted dataChanged for range: 538 to 547
processPendingUpdates: Emitted dataChanged for range: 548 to 567
processPendingUpdates: Emitted dataChanged for range: 568 to 587
TelemetryMonitor: Processed 300 frames. Current FPS: 62
processPendingUpdates: Emitted dataChanged for range: 588 to 607
processPendingUpdates: Emitted dataChanged for range: 608 to 627
processPendingUpdates: Emitted dataChanged for range: 628 to 647
processPendingUpdates: Emitted dataChanged for range: 648 to 667
processPendingUpdates: Emitted dataChanged for range: 668 to 677
processPendingUpdates: Emitted dataChanged for range: 678 to 687
processPendingUpdates: Emitted dataChanged for range: 688 to 697
processPendingUpdates: Emitted dataChanged for range: 698 to 707
processPendingUpdates: Emitted dataChanged for range: 708 to 727
processPendingUpdates: Emitted dataChanged for range: 728 to 737
processPendingUpdates: Emitted dataChanged for range: 738 to 747
processPendingUpdates: Emitted dataChanged for range: 748 to 757
processPendingUpdates: Emitted dataChanged for range: 758 to 777
processPendingUpdates: Emitted dataChanged for range: 778 to 787
processPendingUpdates: Emitted dataChanged for range: 788 to 797
qrc:/ScrollBench/qml/AlbumsViewScrollBench.qml:214: ReferenceError: setFrameScheduler is not defined
qrc:/ScrollBench/qml/SelectionActionBar.qml:17:5: Unable to assign [undefined] to int
[ "01:31:33.028" ][SystemMonitor] Stats Update: CPU App: 2.08333 % | Sys: 45.0521 % | RAM App: 24930.2 MB | Sys Avail: 8013.33 MB / 65466.5 MB
[ "01:31:34.022" ][SystemMonitor] Stats Update: CPU App: 16.9271 % | Sys: 50.2604 % | RAM App: 24936.8 MB | Sys Avail: 8424.9 MB / 65466.5 MB
processPendingUpdates: Emitted dataChanged for range: 798 to 817
processPendingUpdates: Emitted dataChanged for range: 818 to 827
processPendingUpdates: Emitted dataChanged for range: 828 to 837
processPendingUpdates: Emitted dataChanged for range: 838 to 850
setVisibleEndIndex called with: 800
Viewport settled at: 0 - 800
[ "01:31:35.016" ][SystemMonitor] Stats Update: CPU App: 11.9792 % | Sys: 53.9063 % | RAM App: 24936.2 MB | Sys Avail: 8813.92 MB / 65466.5 MB
[ "01:31:36.017" ][SystemMonitor] Stats Update: CPU App: 13.0208 % | Sys: 50 % | RAM App: 24937.9 MB | Sys Avail: 9194.51 MB / 65466.5 MB
[ "01:31:37.019" ][SystemMonitor] Stats Update: CPU App: 3.64583 % | Sys: 56.25 % | RAM App: 24938.5 MB | Sys Avail: 9592.27 MB / 65466.5 MB
[ "01:31:38.017" ][SystemMonitor] Stats Update: CPU App: 1.30208 % | Sys: 45.3125 % | RAM App: 24938.5 MB | Sys Avail: 10050.8 MB / 65466.5 MB
[ "01:31:39.015" ][SystemMonitor] Stats Update: CPU App: 1.5625 % | Sys: 83.5938 % | RAM App: 24938.5 MB | Sys Avail: 10171.4 MB / 65466.5 MB
TelemetryMonitor: Processed 300 frames. Current FPS: 62
[ "01:31:40.018" ][SystemMonitor] Stats Update: CPU App: 1.30208 % | Sys: 72.6563 % | RAM App: 24938.5 MB | Sys Avail: 10179.2 MB / 65466.5 MB
[AsyncImageProvider] STALL DETECTED for: "I:/MY SDCArds/S22 ultra/Camera/20260113_222612.heic?idx=736" Duration: 15993 ms
[AsyncImageProvider] Forcing slots free for drive: "I:/" Weight recovered: 1 New Active Weight: 29
[AsyncImageProvider] STALL DETECTED for: "I:/MY SDCArds/S22 ultra/Camera/20260114_163622.mp4?idx=735" Duration: 15908 ms
[AsyncImageProvider] Forcing slots free for drive: "I:/" Weight recovered: 1 New Active Weight: 28
[AsyncImageProvider] STALL DETECTED for: "I:/MY SDCArds/S22 ultra/Camera/20260116_182604.heic?idx=734" Duration: 15996 ms
[AsyncImageProvider] Forcing slots free for drive: "I:/" Weight recovered: 1 New Active Weight: 27
[AsyncImageProvider] STALL DETECTED for: "I:/MY SDCArds/S22 ultra/Camera/20260118_164946.heic?idx=729" Duration: 15615 ms
[AsyncImageProvider] Forcing slots free for drive: "I:/" Weight recovered: 1 New Active Weight: 26
[AsyncImageProvider] Skipped pool expansion (stability check) for 4 stalled tasks.
[Diagnostics] CRITICAL: "Load stalled for 5s. Pending: 32. Stuck: None (Logic Error?)"
[DiagnosticsUI] CRITICAL ISSUE: Load stalled for 5s. Pending: 32. Stuck: None (Logic Error?)
[ "01:31:41.019" ][SystemMonitor] Stats Update: CPU App: 1.82292 % | Sys: 76.8229 % | RAM App: 24938.2 MB | Sys Avail: 10190.3 MB / 65466.5 MB
[Diagnostics] CRITICAL: "Load stalled for 6s. Pending: 32. Stuck: None (Logic Error?)"
[DiagnosticsUI] CRITICAL ISSUE: Load stalled for 6s. Pending: 32. Stuck: None (Logic Error?)
[ "01:31:41.623" ][FFmpeg Error] "moov atom not found"
[ "01:31:24.023" ][FFmpeg] Failed to open file (or timeout): "I:/MY SDCArds/S22 ultra/Camera/20260116_182604.heic"
[ "01:31:41.623" ][VideoThumbnailer] Entering extractFrame for "I:/MY SDCArds/S22 ultra/Camera/20260118_164946.heic"
[AdaptiveIO] Stats:  "I:/"  Avg:  6935.64  Limit:  4  ActiveWeight:  26
[Performance] SLOW LOAD detected: 17220 ms for "I:/MY SDCArds/S22 ultra/Camera/20260118_164946.heic?idx=729"
[Performance] SLOW LOAD detected: 17600 ms for "I:/MY SDCArds/S22 ultra/Camera/20260116_182604.heic?idx=734"
[ "01:31:41.627" ][VideoThumbnailer] Entering extractFrame for "I:/MY SDCArds/S22 ultra/Camera/20260116_183713.heic"
[ "01:31:41.628" ][FFmpeg Error] "moov atom not found"
[ "01:31:41.635" ][VideoThumbnailer] Entering extractFrame for "I:/MY SDCArds/S22 ultra/100_CINE/MOV_0078.MP4"
[ "01:31:41.638" ][FFmpeg Error] "moov atom not found"
[ "01:31:24.068" ][FFmpeg] Failed to open file (or timeout): "I:/MY SDCArds/S22 ultra/Camera/20260113_222612.heic"
[ "01:31:24.295" ][FFmpeg] Failed to open file (or timeout): "I:/MY SDCArds/S22 ultra/Camera/20260114_163622.mp4"
[Performance] SLOW LOAD detected: 17612 ms for "I:/MY SDCArds/S22 ultra/Camera/20260113_222612.heic?idx=736"
[Performance] SLOW LOAD detected: 17528 ms for "I:/MY SDCArds/S22 ultra/Camera/20260114_163622.mp4?idx=735"
[ "01:31:41.645" ][VideoThumbnailer] Entering extractFrame for "I:/MY SDCArds/S22 ultra/Camera/20260220_193122.heic"
[ "01:31:41.652" ][VideoThumbnailer] Entering extractFrame for "I:/MY SDCArds/S22 ultra/Camera/20260228_171255.heic"
[ "01:31:41.755" ][VideoThumbnailer] Entering extractFrame for "I:/MY SDCArds/S22 ultra/Camera/20260228_171317.heic"
[ "01:31:41.797" ][VideoThumbnailer] Entering extractFrame for "I:/MY SDCArds/S22 ultra/Camera/20260302_124312.heic"
[ "01:31:41.800" ][VideoThumbnailer] Entering extractFrame for "I:/MY SDCArds/S22 ultra/100_CINE/MOV_0076.MP4"
[ "01:31:41.804" ][VideoThumbnailer] Entering extractFrame for "I:/MY SDCArds/S22 ultra/Camera/20260302_124450.heic"
[ "01:31:41.847" ][VideoThumbnailer] Entering extractFrame for "I:/MY SDCArds/S22 ultra/100_CINE/MOV_0077.MP4"
[ "01:31:42.022" ][VideoThumbnailer] Entering extractFrame for "I:/MY SDCArds/S22 ultra/Screen recordings/Screen_Recording_20260322_104035_Facebook.mp4"
[ "01:31:42.025" ][SystemMonitor] Stats Update: CPU App: 16.9271 % | Sys: 77.8646 % | RAM App: 25132 MB | Sys Avail: 9962.77 MB / 65466.5 MB
[SystemMonitor] Resource Update: RAM: 25132 MB (Delta: 206.25 ) | VRAM: 82.5742 MB (Delta: 0.289063 )
[Diagnostics] CRITICAL: "Load stalled for 7s. Pending: 41. Stuck: I:/MY SDCArds/S22 ultra/Camera/20260615_161811.jpg, I:/MY SDCArds/S22 ultra/Camera/20260615_161815.jpg"
[DiagnosticsUI] CRITICAL ISSUE: Load stalled for 7s. Pending: 41. Stuck: I:/MY SDCArds/S22 ultra/Camera/20260615_161811.jpg, I:/MY SDCArds/S22 ultra/Camera/20260615_161815.jpg
[ "01:31:42.036" ][VideoThumbnailer] Entering extractFrame for "I:/MY SDCArds/S22 ultra/Camera/20260228_095633.heic"
[ "01:31:42.042" ][VideoThumbnailer] Entering extractFrame for "I:/MY SDCArds/S22 ultra/Camera/20260304_095454.heic"
[ "01:31:42.073" ][VideoThumbnailer] Entering extractFrame for "I:/MY SDCArds/S22 ultra/100_CINE/MOV_0070.MP4"
[ "01:31:42.196" ][VideoThumbnailer] Entering extractFrame for "I:/MY SDCArds/S22 ultra/100_CINE/MOV_0071.MP4"
[ "01:31:42.292" ][VideoThumbnailer] Entering extractFrame for "I:/MY SDCArds/S22 ultra/Snapchat/Snapchat-960036586.mp4"
[ "01:31:42.351" ][VideoThumbnailer] Entering extractFrame for "I:/MY SDCArds/S22 ultra/Camera/20260129_122547.heic"
[ "01:31:42.368" ][VideoThumbnailer] Entering extractFrame for "I:/MY SDCArds/S22 ultra/100_CINE/MOV_0068.MP4"
[AdaptiveIO] Stats:  "I:/"  Avg:  158.902  Limit:  4  ActiveWeight:  31
[ "01:31:42.430" ][VideoThumbnailer] Entering extractFrame for "I:/MY SDCArds/S22 ultra/100_CINE/MOV_0069.MP4"
[ "01:31:42.483" ][VideoThumbnailer] Entering extractFrame for "I:/MY SDCArds/S22 ultra/Camera/20260120_084853.heic"
[ "01:31:42.502" ][VideoThumbnailer] Entering extractFrame for "I:/MY SDCArds/S22 ultra/Camera/20260122_095604.heic"
[ "01:31:42.529" ][VideoThumbnailer] Entering extractFrame for "I:/MY SDCArds/S22 ultra/100_CINE/MOV_0066.MP4"
[ "01:31:42.606" ][VideoThumbnailer] Entering extractFrame for "I:/MY SDCArds/S22 ultra/Snapchat/Snapchat-315429331.mp4"
[ "01:31:42.637" ][VideoThumbnailer] Entering extractFrame for "I:/MY SDCArds/S22 ultra/100_CINE/MOV_0062.MP4"
[ "01:31:42.658" ][VideoThumbnailer] Entering extractFrame for "I:/MY SDCArds/S22 ultra/Camera/20260129_122541.heic"
[ "01:31:42.679" ][VideoThumbnailer] Entering extractFrame for "I:/MY SDCArds/S22 ultra/Camera/83faf13f31b9863be2207767837a1d48.mp4"
[ "01:31:42.746" ][VideoThumbnailer] Entering extractFrame for "I:/MY SDCArds/S22 ultra/Ezviz/1763396447984.mp4"
[ "01:31:42.794" ][VideoThumbnailer] Entering extractFrame for "I:/MY SDCArds/S22 ultra/Ezviz/1763224378035.mp4"
[ "01:31:42.850" ][VideoThumbnailer] Entering extractFrame for "I:/MY SDCArds/S22 ultra/Camera/20260219_201358.heic"
[ "01:31:42.856" ][VideoThumbnailer] Entering extractFrame for "I:/MY SDCArds/S22 ultra/Camera/20260219_201359.heic"
[ "01:31:42.863" ][VideoThumbnailer] Entering extractFrame for "I:/MY SDCArds/S22 ultra/100_CINE/MOV_0060.MP4"
[ "01:31:42.869" ][VideoThumbnailer] Entering extractFrame for "I:/MY SDCArds/S22 ultra/Camera/20260125_173809.heic"
[ "01:31:42.872" ][VideoThumbnailer] Entering extractFrame for "I:/MY SDCArds/S22 ultra/Camera/20260211_112420.heic"
[ "01:31:42.885" ][VideoThumbnailer] Entering extractFrame for "I:/MY SDCArds/S22 ultra/Camera/20260125_173812.heic"
[ "01:31:42.894" ][VideoThumbnailer] Entering extractFrame for "I:/MY SDCArds/S22 ultra/Camera/20260125_173818.heic"
[AdaptiveIO] Stats:  "I:/"  Avg:  8.99765  Limit:  4  ActiveWeight:  30
[ "01:31:42.897" ][VideoThumbnailer] Entering extractFrame for "I:/MY SDCArds/S22 ultra/100_CINE/MOV_0061.MP4"
[ "01:31:42.912" ][VideoThumbnailer] Entering extractFrame for "I:/MY SDCArds/S22 ultra/Camera/20260207_140933.heic"
[ "01:31:42.926" ][VideoThumbnailer] Entering extractFrame for "I:/MY SDCArds/S22 ultra/Camera/20260411_104752.heic"
[ "01:31:42.944" ][VideoThumbnailer] Entering extractFrame for "I:/MY SDCArds/S22 ultra/Camera/20260329_185133.heic"
[ "01:31:42.953" ][VideoThumbnailer] Entering extractFrame for "I:/MY SDCArds/S22 ultra/Camera/20260122_095615.heic"
[ "01:31:42.972" ][VideoThumbnailer] Entering extractFrame for "I:/MY SDCArds/S22 ultra/Camera/20260125_173821.heic"
[ "01:31:43.018" ][SystemMonitor] Stats Update: CPU App: 48.4375 % | Sys: 86.9792 % | RAM App: 25648.5 MB | Sys Avail: 9442.1 MB / 65466.5 MB
[SystemMonitor] Resource Update: RAM: 25648.5 MB (Delta: 516.551 ) | VRAM: 82.5742 MB (Delta: 0 )
[Diagnostics] CRITICAL: "Load stalled for 8s. Pending: 37. Stuck: I:/MY SDCArds/S22 ultra/Camera/20260329_185125.jpg?idx=542, I:/MY SDCArds/S22 ultra/Snapseed/1000046582-01.jpeg?idx=15"
[DiagnosticsUI] CRITICAL ISSUE: Load stalled for 8s. Pending: 37. Stuck: I:/MY SDCArds/S22 ultra/Camera/20260329_185125.jpg?idx=542, I:/MY SDCArds/S22 ultra/Snapseed/1000046582-01.jpeg?idx=15
[ "01:31:43.045" ][VideoThumbnailer] Entering extractFrame for "I:/MY SDCArds/S22 ultra/Camera/20260118_172041.heic"
[ "01:31:43.047" ][VideoThumbnailer] Entering extractFrame for "I:/MY SDCArds/S22 ultra/Camera/20260329_185205.heic"
[ "01:31:43.125" ][VideoThumbnailer] Entering extractFrame for "I:/MY SDCArds/S22 ultra/Camera/20260118_172044.heic"
[ "01:31:43.177" ][VideoThumbnailer] Entering extractFrame for "I:/MY SDCArds/S22 ultra/Camera/20260118_172047.heic"
[ "01:31:43.193" ][VideoThumbnailer] Entering extractFrame for "I:/MY SDCArds/S22 ultra/Camera/20260118_172054.heic"
[ "01:31:43.196" ][VideoThumbnailer] Entering extractFrame for "I:/MY SDCArds/S22 ultra/Camera/20260211_083636.heic"
[ "01:31:43.207" ][VideoThumbnailer] Entering extractFrame for "I:/MY SDCArds/S22 ultra/Camera/20260211_083627.heic"
[ "01:31:43.226" ][VideoThumbnailer] Entering extractFrame for "I:/MY SDCArds/S22 ultra/Camera/20260211_083640.heic"
[ "01:31:43.248" ][VideoThumbnailer] Entering extractFrame for "I:/MY SDCArds/S22 ultra/Ezviz/1754068439899.mp4"
[ "01:31:43.251" ][VideoThumbnailer] Entering extractFrame for "I:/MY SDCArds/S22 ultra/Camera/20260211_112350.heic"
[ "01:31:43.269" ][VideoThumbnailer] Entering extractFrame for "I:/MY SDCArds/S22 ultra/Camera/20260118_174233.heic"
[ "01:31:43.284" ][VideoThumbnailer] Entering extractFrame for "I:/MY SDCArds/S22 ultra/Camera/20260118_174235.heic"
[ "01:31:43.301" ][VideoThumbnailer] Entering extractFrame for "I:/MY SDCArds/S22 ultra/Ezviz/1754068438705.mp4"
[ "01:31:43.305" ][VideoThumbnailer] Entering extractFrame for "I:/MY SDCArds/S22 ultra/Camera/20260118_174237.heic"
[ "01:31:43.330" ][VideoThumbnailer] Entering extractFrame for "I:/MY SDCArds/S22 ultra/Camera/20260118_174230.heic"
[ "01:31:43.350" ][VideoThumbnailer] Entering extractFrame for "I:/MY SDCArds/S22 ultra/Camera/20260329_185207.heic"
[ "01:31:43.355" ][VideoThumbnailer] Entering extractFrame for "I:/MY SDCArds/S22 ultra/Camera/20260118_174423.heic"
[AdaptiveIO] Stats:  "I:/"  Avg:  10.2707  Limit:  4  ActiveWeight:  30
[ "01:31:43.375" ][VideoThumbnailer] Entering extractFrame for "I:/MY SDCArds/S22 ultra/Camera/20260118_174425.heic"
[ "01:31:43.383" ][VideoThumbnailer] Entering extractFrame for "I:/MY SDCArds/S22 ultra/Camera/20260329_185209.heic"
[ "01:31:43.390" ][VideoThumbnailer] Entering extractFrame for "I:/MY SDCArds/S22 ultra/Camera/20260329_185212.heic"
[ "01:31:43.396" ][VideoThumbnailer] Entering extractFrame for "I:/MY SDCArds/S22 ultra/Camera/20260122_101025.mp4"
[ "01:31:43.421" ][VideoThumbnailer] Entering extractFrame for "I:/MY SDCArds/S22 ultra/Camera/20260211_083603.heic"
[ "01:31:43.424" ][VideoThumbnailer] Entering extractFrame for "I:/MY SDCArds/S22 ultra/Camera/20260122_121325.heic"
[ "01:31:43.430" ][VideoThumbnailer] Entering extractFrame for "I:/MY SDCArds/S22 ultra/Camera/20260122_121330.heic"
[ "01:31:43.431" ][VideoThumbnailer] Entering extractFrame for "I:/MY SDCArds/S22 ultra/Camera/20260118_174307.heic"
[ "01:31:43.437" ][VideoThumbnailer] Entering extractFrame for "I:/MY SDCArds/S22 ultra/Camera/20260118_174309.heic"
[ "01:31:43.442" ][VideoThumbnailer] Entering extractFrame for "I:/MY SDCArds/S22 ultra/Camera/20260209_204347.mp4"
[ "01:31:43.459" ][VideoThumbnailer] Entering extractFrame for "I:/MY SDCArds/S22 ultra/Camera/20260211_083612.heic"
[ "01:31:43.477" ][VideoThumbnailer] Entering extractFrame for "I:/MY SDCArds/S22 ultra/Camera/20260209_203754.mp4"
[ "01:31:43.493" ][VideoThumbnailer] Entering extractFrame for "I:/MY SDCArds/S22 ultra/Camera/20260122_121335.heic"
[ "01:31:43.518" ][VideoThumbnailer] Entering extractFrame for "I:/MY SDCArds/S22 ultra/Camera/20260209_204206.mp4"
[ "01:31:43.521" ][VideoThumbnailer] Entering extractFrame for "I:/MY SDCArds/S22 ultra/Camera/20260331_132933.heic"
[ "01:31:43.550" ][VideoThumbnailer] Entering extractFrame for "I:/MY SDCArds/S22 ultra/Camera/20260122_131908.heic"
[ "01:31:43.560" ][VideoThumbnailer] Entering extractFrame for "I:/MY SDCArds/S22 ultra/Camera/20260122_131917.heic"
[ "01:31:43.569" ][VideoThumbnailer] Entering extractFrame for "I:/MY SDCArds/S22 ultra/Camera/20260122_131929.heic"
[ "01:31:43.575" ][VideoThumbnailer] Entering extractFrame for "I:/MY SDCArds/S22 ultra/Camera/20260122_142855.heic"
[ "01:31:43.581" ][VideoThumbnailer] Entering extractFrame for "I:/MY SDCArds/S22 ultra/Camera/20260125_173516.heic"
[ "01:31:43.613" ][VideoThumbnailer] Entering extractFrame for "I:/MY SDCArds/S22 ultra/Camera/20260125_173517.heic"
[ "01:31:43.614" ][VideoThumbnailer] Entering extractFrame for "I:/MY SDCArds/S22 ultra/Camera/20260125_173518.heic"
[ "01:31:43.618" ][VideoThumbnailer] Entering extractFrame for "I:/MY SDCArds/S22 ultra/Camera/20260125_173526.heic"
[ "01:31:43.629" ][VideoThumbnailer] Entering extractFrame for "I:/MY SDCArds/S22 ultra/Camera/20260125_173635.heic"
[ "01:31:43.631" ][VideoThumbnailer] Entering extractFrame for "I:/MY SDCArds/S22 ultra/Camera/20260125_173637.heic"
[ "01:31:43.633" ][VideoThumbnailer] Entering extractFrame for "I:/MY SDCArds/S22 ultra/Camera/20260125_173642.heic"
[ "01:31:43.633" ][VideoThumbnailer] Entering extractFrame for "I:/MY SDCArds/S22 ultra/Camera/20260125_173801.heic"
[ "01:31:43.636" ][VideoThumbnailer] Entering extractFrame for "I:/MY SDCArds/S22 ultra/Camera/20260131_140323.heic"
[ "01:31:43.652" ][VideoThumbnailer] Entering extractFrame for "I:/MY SDCArds/S22 ultra/Camera/20260129_122536.heic"
[ "01:31:43.683" ][VideoThumbnailer] Entering extractFrame for "I:/MY SDCArds/S22 ultra/Camera/20260125_173807.heic"
[AdaptiveIO] Stats:  "I:/"  Avg:  7.19023  Limit:  4  ActiveWeight:  39
[ "01:31:43.687" ][VideoThumbnailer] Entering extractFrame for "I:/MY SDCArds/S22 ultra/Camera/20260125_173823.heic"
[ "01:31:43.690" ][VideoThumbnailer] Entering extractFrame for "I:/MY SDCArds/S22 ultra/Camera/20260125_173824.heic"
[ "01:31:43.698" ][VideoThumbnailer] Entering extractFrame for "I:/MY SDCArds/S22 ultra/Camera/20260125_173827.heic"
[ "01:31:43.701" ][VideoThumbnailer] Entering extractFrame for "I:/MY SDCArds/S22 ultra/Camera/20260126_144754.heic"
[ "01:31:43.705" ][VideoThumbnailer] Entering extractFrame for "I:/MY SDCArds/S22 ultra/Camera/20260126_144759.heic"
[ "01:31:43.718" ][VideoThumbnailer] Entering extractFrame for "I:/MY SDCArds/S22 ultra/Camera/20260127_082239.heic"
[ "01:31:43.719" ][VideoThumbnailer] Entering extractFrame for "I:/MY SDCArds/S22 ultra/Camera/20260129_122421.heic"
[ "01:31:43.725" ][VideoThumbnailer] Entering extractFrame for "I:/MY SDCArds/S22 ultra/Camera/20260129_122532.heic"
[ "01:31:43.748" ][VideoThumbnailer] Entering extractFrame for "I:/MY SDCArds/S22 ultra/Ezviz/1752069828324.mp4"
[ "01:31:43.839" ][VideoThumbnailer] Entering extractFrame for "I:/MY SDCArds/S22 ultra/Camera/20260207_140934.heic"
[ "01:31:43.875" ][VideoThumbnailer] Entering extractFrame for "I:/MY SDCArds/S22 ultra/Camera/20260211_083616.heic"
[ "01:31:43.896" ][VideoThumbnailer] Entering extractFrame for "I:/MY SDCArds/S22 ultra/Camera/20260201_113652.heic"
[ "01:31:43.928" ][VideoThumbnailer] Entering extractFrame for "I:/MY SDCArds/S22 ultra/Camera/20260211_083623.heic"
[ "01:31:43.937" ][VideoThumbnailer] Entering extractFrame for "I:/MY SDCArds/S22 ultra/Camera/20260618_122310.heic"
[ "01:31:44.020" ][VideoThumbnailer] Entering extractFrame for "I:/MY SDCArds/S22 ultra/Camera/20260211_112758.heic"
[ "01:31:44.029" ][SystemMonitor] Stats Update: CPU App: 45.8333 % | Sys: 88.0208 % | RAM App: 26116.9 MB | Sys Avail: 9018.17 MB / 65466.5 MB
[SystemMonitor] Resource Update: RAM: 26116.9 MB (Delta: 468.367 ) | VRAM: 82.5742 MB (Delta: 0 )
[Diagnostics] CRITICAL: "Load stalled for 9s. Pending: 39. Stuck: I:/MY SDCArds/S22 ultra/Car Audio/received_192327493052574.jpeg"
[DiagnosticsUI] CRITICAL ISSUE: Load stalled for 9s. Pending: 39. Stuck: I:/MY SDCArds/S22 ultra/Car Audio/received_192327493052574.jpeg
[ "01:31:44.075" ][VideoThumbnailer] Entering extractFrame for "I:/MY SDCArds/S22 ultra/Camera/20260211_112805.heic"
[ "01:31:44.097" ][VideoThumbnailer] Entering extractFrame for "I:/MY SDCArds/S22 ultra/Camera/20260203_085406.heic"
[ "01:31:44.098" ][VideoThumbnailer] Entering extractFrame for "I:/MY SDCArds/S22 ultra/Camera/20260203_085411.heic"
[ "01:31:44.099" ][VideoThumbnailer] Entering extractFrame for "I:/MY SDCArds/S22 ultra/Camera/20260203_085541.heic"
[ "01:31:44.103" ][VideoThumbnailer] Entering extractFrame for "I:/MY SDCArds/S22 ultra/Camera/20260203_085749.heic"
[ "01:31:44.110" ][VideoThumbnailer] Entering extractFrame for "I:/MY SDCArds/S22 ultra/Camera/20260219_101644.heic"
[AdaptiveIO] Stats:  "I:/"  Avg:  11.5176  Limit:  4  ActiveWeight:  30
[ "01:31:44.128" ][VideoThumbnailer] Entering extractFrame for "I:/MY SDCArds/S22 ultra/Camera/20260219_101651.heic"
[ "01:31:44.133" ][VideoThumbnailer] Entering extractFrame for "I:/MY SDCArds/S22 ultra/Camera/20260219_201423.heic"
[ "01:31:44.161" ][VideoThumbnailer] Entering extractFrame for "I:/MY SDCArds/S22 ultra/Camera/20260211_112819.heic"
[ "01:31:44.163" ][VideoThumbnailer] Entering extractFrame for "I:/MY SDCArds/S22 ultra/Camera/20260214_212129.mp4"
[ "01:31:44.167" ][VideoThumbnailer] Entering extractFrame for "I:/MY SDCArds/S22 ultra/Camera/20260211_112823.heic"
[ "01:31:44.174" ][VideoThumbnailer] Entering extractFrame for "I:/MY SDCArds/S22 ultra/Camera/20260211_113026.heic"
[ "01:31:44.188" ][VideoThumbnailer] Entering extractFrame for "I:/MY SDCArds/S22 ultra/Camera/20260214_171604.heic"
[ "01:31:44.202" ][VideoThumbnailer] Entering extractFrame for "I:/MY SDCArds/S22 ultra/Movies/VID-20230903-WA0001.mp4"
[ "01:31:44.265" ][VideoThumbnailer] Entering extractFrame for "I:/MY SDCArds/S22 ultra/Camera/20260219_201427.heic"
TelemetryMonitor: Processed 300 frames. Current FPS: 55
[AdaptiveIO] Stats:  "I:/"  Avg:  17.1025  Limit:  4  ActiveWeight:  34
[ "01:31:44.586" ][VideoThumbnailer] Entering extractFrame for "I:/MY SDCArds/S22 ultra/Camera/20260416_095014.heic"
[ "01:31:44.606" ][VideoThumbnailer] Entering extractFrame for "I:/MY SDCArds/S22 ultra/Medical/20260408_102520.heic"
[ "01:31:44.739" ][VideoThumbnailer] Entering extractFrame for "I:/MY SDCArds/S22 ultra/Camera/20260423_121114.heic"
[ "01:31:44.769" ][VideoThumbnailer] Entering extractFrame for "I:/MY SDCArds/S22 ultra/Screen recordings/Screen_Recording_20260425_132435_Facebook.mp4"
[ "01:31:44.819" ][VideoThumbnailer] Entering extractFrame for "I:/MY SDCArds/S22 ultra/Snapchat/Snapchat-1237898371.mp4"
[ "01:31:44.876" ][VideoThumbnailer] Entering extractFrame for "I:/MY SDCArds/S22 ultra/Whatsapp/VID-20230923-WA0011.mp4"
[AdaptiveIO] Stats:  "I:/"  Avg:  14.0293  Limit:  4  ActiveWeight:  32
[ "01:31:45.016" ][SystemMonitor] Stats Update: CPU App: 52.3438 % | Sys: 87.7604 % | RAM App: 26721.4 MB | Sys Avail: 8434.61 MB / 65466.5 MB
[SystemMonitor] Resource Update: RAM: 26721.4 MB (Delta: 604.449 ) | VRAM: 82.5742 MB (Delta: 0 )
[Diagnostics] CRITICAL: "Load stalled for 10s. Pending: 38. Stuck: I:/MY SDCArds/S22 ultra/Facebook/FB_IMG_1719770348371.jpg?idx=228, I:/MY SDCArds/S22 ultra/Restored/2016-01-09 12-35-45 (5972608000).jpg"
[DiagnosticsUI] CRITICAL ISSUE: Load stalled for 10s. Pending: 38. Stuck: I:/MY SDCArds/S22 ultra/Facebook/FB_IMG_1719770348371.jpg?idx=228, I:/MY SDCArds/S22 ultra/Restored/2016-01-09 12-35-45 (5972608000).jpg
[ "01:31:45.421" ][VideoThumbnailer] Entering extractFrame for "I:/MY SDCArds/S22 ultra/Snapchat/Snapchat-647663909.mp4"
[AdaptiveIO] Stats:  "I:/"  Avg:  15.6257  Limit:  4  ActiveWeight:  30
[ "01:31:45.829" ][VideoThumbnailer] Entering extractFrame for "I:/MY SDCArds/S22 ultra/Snapchat/Snapchat-1429238178.mp4"
[ "01:31:45.900" ][VideoThumbnailer] Entering extractFrame for "I:/MY SDCArds/S22 ultra/Snapchat/Snapchat-289408284.mp4"
[AdaptiveIO] Stats:  "I:/"  Avg:  22.5718  Limit:  4  ActiveWeight:  30
[ "01:31:45.980" ][VideoThumbnailer] Entering extractFrame for "I:/MY SDCArds/S22 ultra/Camera/20260204_085622.heic"
[ "01:31:46.016" ][SystemMonitor] Stats Update: CPU App: 53.125 % | Sys: 89.3229 % | RAM App: 27346.4 MB | Sys Avail: 7769.45 MB / 65466.5 MB
[SystemMonitor] Resource Update: RAM: 27346.4 MB (Delta: 625.074 ) | VRAM: 82.5742 MB (Delta: 0 )
[Diagnostics] CRITICAL: "Load stalled for 11s. Pending: 42. Stuck: I:/MY SDCArds/S22 ultra/Facebook/FB_IMG_1704710283890.jpg?idx=179, I:/MY SDCArds/S22 ultra/PhotosEditor/DSC02892~2.JPG?idx=159, I:/MY SDCArds/S22 ultra/Screenshots/img(3).jpeg?idx=128"
[DiagnosticsUI] CRITICAL ISSUE: Load stalled for 11s. Pending: 42. Stuck: I:/MY SDCArds/S22 ultra/Facebook/FB_IMG_1704710283890.jpg?idx=179, I:/MY SDCArds/S22 ultra/PhotosEditor/DSC02892~2.JPG?idx=159, I:/MY SDCArds/S22 ultra/Screenshots/img(3).jpeg?idx=128
[ "01:31:46.485" ][VideoThumbnailer] Entering extractFrame for "I:/MY SDCArds/S22 ultra/Snapchat/Snapchat-1717667834.mp4"
[AdaptiveIO] Stats:  "I:/"  Avg:  33.3387  Limit:  4  ActiveWeight:  31
[ "01:31:46.530" ][VideoThumbnailer] Entering extractFrame for "I:/MY SDCArds/S22 ultra/Snapchat/Snapchat-2127517485.mp4"
[ "01:31:46.616" ][VideoThumbnailer] Entering extractFrame for "I:/MY SDCArds/S22 ultra/Snapchat/Snapchat-1390399253.mp4"
[ "01:31:46.653" ][VideoThumbnailer] Entering extractFrame for "I:/MY SDCArds/S22 ultra/Snapchat/Snapchat-1020230256.mp4"
[ "01:31:46.691" ][VideoThumbnailer] Entering extractFrame for "I:/MY SDCArds/S22 ultra/Snapchat/Snapchat-85323170.mp4"
[ "01:31:46.741" ][VideoThumbnailer] Entering extractFrame for "I:/MY SDCArds/S22 ultra/Snapchat/Snapchat-235618355.mp4"
[AdaptiveIO] Stats:  "I:/"  Avg:  20.6075  Limit:  4  ActiveWeight:  26
[ "01:31:47.017" ][SystemMonitor] Stats Update: CPU App: 54.4271 % | Sys: 91.6667 % | RAM App: 28118.3 MB | Sys Avail: 6998.55 MB / 65466.5 MB
[SystemMonitor] Resource Update: RAM: 28118.3 MB (Delta: 771.855 ) | VRAM: 83.1992 MB (Delta: 0.625 )
[Diagnostics] CRITICAL: "Load stalled for 12s. Pending: 36. Stuck: I:/MY SDCArds/S22 ultra/Videocaptures/VideoCapture_20250514-161043.jpg?idx=8, I:/MY SDCArds/S22 ultra/Videocaptures/VideoCapture_20250514-161128.jpg?idx=9, I:/MY SDCArds/S22 ultra/Videocaptures/Vid..."
[DiagnosticsUI] CRITICAL ISSUE: Load stalled for 12s. Pending: 36. Stuck: I:/MY SDCArds/S22 ultra/Videocaptures/VideoCapture_20250514-161043.jpg?idx=8, I:/MY SDCArds/S22 ultra/Videocaptures/VideoCapture_20250514-161128.jpg?idx=9, I:/MY SDCArds/S22 ultra/Videocaptures/Vid...
[AdaptiveIO] Stats:  "I:/"  Avg:  18.1602  Limit:  4  ActiveWeight:  26
[ "01:31:47.691" ][VideoThumbnailer] Entering extractFrame for "I:/MY SDCArds/S22 ultra/Camera/20260204_085724.heic"
[ "01:31:47.877" ][VideoThumbnailer] Entering extractFrame for "I:/MY SDCArds/S22 ultra/Camera/20260118_174417.heic"
[ "01:31:47.881" ][VideoThumbnailer] Entering extractFrame for "I:/MY SDCArds/S22 ultra/Camera/20260302_125832.heic"
[ "01:31:47.889" ][VideoThumbnailer] Entering extractFrame for "I:/MY SDCArds/S22 ultra/Camera/20260302_125841.heic"
[ "01:31:47.896" ][VideoThumbnailer] Entering extractFrame for "I:/MY SDCArds/S22 ultra/Camera/20260303_135629.heic"
[ "01:31:47.914" ][VideoThumbnailer] Entering extractFrame for "I:/MY SDCArds/S22 ultra/Camera/20260224_080756.heic"
[ "01:31:47.942" ][VideoThumbnailer] Entering extractFrame for "I:/MY SDCArds/S22 ultra/Camera/20260324_113941.heic"
[ "01:31:47.944" ][VideoThumbnailer] Entering extractFrame for "I:/MY SDCArds/S22 ultra/Camera/5bf5b63a277f1ec214f3f81ed02e94eb.mp4"
[ "01:31:47.953" ][VideoThumbnailer] Entering extractFrame for "I:/MY SDCArds/S22 ultra/Camera/f123491e1f00322b6c5e87b6ff41de35.mp4"
[ "01:31:47.966" ][VideoThumbnailer] Entering extractFrame for "I:/MY SDCArds/S22 ultra/Camera/27bbc32c197bcc9388a4e93e452694d4.mp4"
[ "01:31:47.967" ][VideoThumbnailer] Entering extractFrame for "I:/MY SDCArds/S22 ultra/Camera/20260324_113828.heic"
[ "01:31:47.981" ][VideoThumbnailer] Entering extractFrame for "I:/MY SDCArds/S22 ultra/Camera/20260526_113042.heic"
[ "01:31:47.999" ][VideoThumbnailer] Entering extractFrame for "I:/MY SDCArds/S22 ultra/Camera/5c1e9b63a20c93a5cd0b109e89a82fae.mp4"
[ "01:31:48.019" ][SystemMonitor] Stats Update: CPU App: 54.6875 % | Sys: 94.7917 % | RAM App: 28963.5 MB | Sys Avail: 6203.88 MB / 65466.5 MB
[SystemMonitor] Resource Update: RAM: 28963.5 MB (Delta: 845.219 ) | VRAM: 83.1992 MB (Delta: 0 )
[Diagnostics] CRITICAL: "Load stalled for 13s. Pending: 12. Stuck: I:/MY SDCArds/S22 ultra/Camera/20260526_113042.heic, I:/MY SDCArds/S22 ultra/Screenshots/img.png, I:/MY SDCArds/S22 ultra/Snapchat/Snapchat-1913469095.jpg, I:/MY SDCArds/S22 ultra/Videocaptures/Vid..."
[DiagnosticsUI] CRITICAL ISSUE: Load stalled for 13s. Pending: 12. Stuck: I:/MY SDCArds/S22 ultra/Camera/20260526_113042.heic, I:/MY SDCArds/S22 ultra/Screenshots/img.png, I:/MY SDCArds/S22 ultra/Snapchat/Snapchat-1913469095.jpg, I:/MY SDCArds/S22 ultra/Videocaptures/Vid...
[ "01:31:48.027" ][VideoThumbnailer] GPU decode enabled for "I:/MY SDCArds/S22 ultra/Camera/20260526_113042.heic"
[ "01:31:48.028" ][VideoThumbnailer] Entering extractFrame for "I:/MY SDCArds/S22 ultra/100_CINE/MOV_0056.MP4"
[ "01:31:48.099" ][VideoThumbnailer] GPU decode enabled for "I:/MY SDCArds/S22 ultra/100_CINE/MOV_0056.MP4"
[ "01:31:48.127" ][VideoThumbnailer] Entering extractFrame for "I:/MY SDCArds/S22 ultra/100_CINE/MOV_0058.MP4"
[ "01:31:48.174" ][VideoThumbnailer] GPU decode enabled for "I:/MY SDCArds/S22 ultra/100_CINE/MOV_0058.MP4"
[ "01:31:48.246" ][VideoThumbnailer] Entering extractFrame for "I:/MY SDCArds/S22 ultra/Movies/VID-20230903-WA0001.mp4"
[ "01:31:48.262" ][VideoThumbnailer] Entering extractFrame for "I:/MY SDCArds/S22 ultra/Ezviz/1752069828324.mp4"
[ "01:31:48.276" ][VideoThumbnailer] GPU decode enabled for "I:/MY SDCArds/S22 ultra/Ezviz/1752069828324.mp4"
[ "01:31:48.278" ][VideoThumbnailer] Entering extractFrame for "I:/MY SDCArds/S22 ultra/Camera/20260526_174230.heic"
[ "01:31:48.296" ][VideoThumbnailer] GPU decode enabled for "I:/MY SDCArds/S22 ultra/Camera/20260526_174230.heic"
[AdaptiveIO] Stats:  "I:/"  Avg:  72.3691  Limit:  4  ActiveWeight:  4
[ "01:31:48.328" ][VideoThumbnailer] Entering extractFrame for "I:/MY SDCArds/S22 ultra/Camera/20250124_121418.heic"
[ "01:31:48.328" ][VideoThumbnailer] Entering extractFrame for "I:/MY SDCArds/S22 ultra/Camera/20250124_182301.heic"
[ "01:31:48.328" ][VideoThumbnailer] Entering extractFrame for "I:/MY SDCArds/S22 ultra/Camera/20250124_182303.heic"
[ "01:31:48.366" ][VideoThumbnailer] GPU decode enabled for "I:/MY SDCArds/S22 ultra/Camera/20250124_121418.heic"
[ "01:31:48.386" ][VideoThumbnailer] GPU decode enabled for "I:/MY SDCArds/S22 ultra/Camera/20250124_182303.heic"
[ "01:31:48.391" ][VideoThumbnailer] GPU decode enabled for "I:/MY SDCArds/S22 ultra/Camera/20250124_182301.heic"
[ "01:31:48.395" ][VideoThumbnailer] Entering extractFrame for "I:/MY SDCArds/S22 ultra/Camera/20250124_182345.heic"
[ "01:31:48.422" ][VideoThumbnailer] Entering extractFrame for "I:/MY SDCArds/S22 ultra/Camera/20250415_143124.heic"
[ "01:31:48.427" ][VideoThumbnailer] Entering extractFrame for "I:/MY SDCArds/S22 ultra/Camera/5d16fe01c27eca56b235bfcc300236d9.mp4"
[ "01:31:48.430" ][VideoThumbnailer] GPU decode enabled for "I:/MY SDCArds/S22 ultra/Camera/20250124_182345.heic"
[ "01:31:48.435" ][VideoThumbnailer] Entering extractFrame for "I:/MY SDCArds/S22 ultra/Camera/20250415_142934.heic"
[ "01:31:48.466" ][VideoThumbnailer] Entering extractFrame for "I:/MY SDCArds/S22 ultra/Camera/20260526_174659.heic"
[ "01:31:48.484" ][VideoThumbnailer] GPU decode enabled for "I:/MY SDCArds/S22 ultra/Camera/20250415_143124.heic"
[ "01:31:48.495" ][VideoThumbnailer] GPU decode enabled for "I:/MY SDCArds/S22 ultra/Camera/20250415_142934.heic"
[ "01:31:48.515" ][VideoThumbnailer] Entering extractFrame for "I:/MY SDCArds/S22 ultra/Camera/20250415_080537.heic"
[ "01:31:48.521" ][VideoThumbnailer] Entering extractFrame for "I:/MY SDCArds/S22 ultra/Camera/20250415_080548.heic"
[ "01:31:48.525" ][VideoThumbnailer] GPU decode enabled for "I:/MY SDCArds/S22 ultra/Camera/20260526_174659.heic"
[ "01:31:48.553" ][VideoThumbnailer] Entering extractFrame for "I:/MY SDCArds/S22 ultra/Camera/20250129_210554.heic"
[ "01:31:48.568" ][FFmpeg Warn] "Stream #0: not enough frames to estimate rate; consider increasing probesize"
[ "01:31:48.568" ][FFmpeg Warn] "Stream #1: not enough frames to estimate rate; consider increasing probesize"
[ "01:31:48.568" ][FFmpeg Warn] "Stream #2: not enough frames to estimate rate; consider increasing probesize"
[ "01:31:48.568" ][FFmpeg Warn] "Stream #3: not enough frames to estimate rate; consider increasing probesize"
[ "01:31:48.568" ][FFmpeg Warn] "Stream #4: not enough frames to estimate rate; consider increasing probesize"
[ "01:31:48.568" ][FFmpeg Warn] "Stream #5: not enough frames to estimate rate; consider increasing probesize"
[ "01:31:48.568" ][FFmpeg Warn] "Stream #6: not enough frames to estimate rate; consider increasing probesize"
[ "01:31:48.568" ][FFmpeg Warn] "Stream #7: not enough frames to estimate rate; consider increasing probesize"
[ "01:31:48.568" ][FFmpeg Warn] "Stream #8: not enough frames to estimate rate; consider increasing probesize"
[ "01:31:48.568" ][FFmpeg Warn] "Stream #9: not enough frames to estimate rate; consider increasing probesize"
[ "01:31:48.568" ][FFmpeg Warn] "Stream #10: not enough frames to estimate rate; consider increasing probesize"
[ "01:31:48.568" ][FFmpeg Warn] "Stream #11: not enough frames to estimate rate; consider increasing probesize"
[ "01:31:48.568" ][FFmpeg Warn] "Stream #12: not enough frames to estimate rate; consider increasing probesize"
[ "01:31:48.568" ][FFmpeg Warn] "Stream #13: not enough frames to estimate rate; consider increasing probesize"
[ "01:31:48.568" ][FFmpeg Warn] "Stream #14: not enough frames to estimate rate; consider increasing probesize"
[ "01:31:48.568" ][FFmpeg Warn] "Stream #15: not enough frames to estimate rate; consider increasing probesize"
[ "01:31:48.568" ][FFmpeg Warn] "Stream #16: not enough frames to estimate rate; consider increasing probesize"
[ "01:31:48.568" ][FFmpeg Warn] "Stream #17: not enough frames to estimate rate; consider increasing probesize"
[ "01:31:48.568" ][FFmpeg Warn] "Stream #18: not enough frames to estimate rate; consider increasing probesize"
[ "01:31:48.568" ][FFmpeg Warn] "Stream #19: not enough frames to estimate rate; consider increasing probesize"
[ "01:31:48.568" ][FFmpeg Warn] "Stream #20: not enough frames to estimate rate; consider increasing probesize"
[ "01:31:48.568" ][FFmpeg Warn] "Stream #21: not enough frames to estimate rate; consider increasing probesize"
[ "01:31:48.568" ][FFmpeg Warn] "Stream #22: not enough frames to estimate rate; consider increasing probesize"
[ "01:31:48.568" ][FFmpeg Warn] "Stream #23: not enough frames to estimate rate; consider increasing probesize"
[ "01:31:48.568" ][FFmpeg Warn] "Stream #24: not enough frames to estimate rate; consider increasing probesize"
[ "01:31:48.568" ][FFmpeg Warn] "Stream #25: not enough frames to estimate rate; consider increasing probesize"
[ "01:31:48.568" ][FFmpeg Warn] "Stream #26: not enough frames to estimate rate; consider increasing probesize"
[ "01:31:48.568" ][FFmpeg Warn] "Stream #27: not enough frames to estimate rate; consider increasing probesize"
[ "01:31:48.568" ][FFmpeg Warn] "Stream #28: not enough frames to estimate rate; consider increasing probesize"
[ "01:31:48.568" ][FFmpeg Warn] "Stream #29: not enough frames to estimate rate; consider increasing probesize"
[ "01:31:48.568" ][FFmpeg Warn] "Stream #30: not enough frames to estimate rate; consider increasing probesize"
[ "01:31:48.568" ][FFmpeg Warn] "Stream #31: not enough frames to estimate rate; consider increasing probesize"
[ "01:31:48.568" ][FFmpeg Warn] "Stream #32: not enough frames to estimate rate; consider increasing probesize"
[ "01:31:48.568" ][FFmpeg Warn] "Stream #33: not enough frames to estimate rate; consider increasing probesize"
[ "01:31:48.568" ][FFmpeg Warn] "Stream #34: not enough frames to estimate rate; consider increasing probesize"
[ "01:31:48.569" ][FFmpeg Warn] "Stream #35: not enough frames to estimate rate; consider increasing probesize"
[ "01:31:48.569" ][FFmpeg Warn] "Stream #36: not enough frames to estimate rate; consider increasing probesize"
[ "01:31:48.569" ][FFmpeg Warn] "Stream #37: not enough frames to estimate rate; consider increasing probesize"
[ "01:31:48.569" ][FFmpeg Warn] "Stream #38: not enough frames to estimate rate; consider increasing probesize"
[ "01:31:48.569" ][FFmpeg Warn] "Stream #39: not enough frames to estimate rate; consider increasing probesize"
[ "01:31:48.569" ][FFmpeg Warn] "Stream #40: not enough frames to estimate rate; consider increasing probesize"
[ "01:31:48.569" ][FFmpeg Warn] "Stream #41: not enough frames to estimate rate; consider increasing probesize"
[ "01:31:48.569" ][FFmpeg Warn] "Stream #42: not enough frames to estimate rate; consider increasing probesize"
[ "01:31:48.569" ][FFmpeg Warn] "Stream #43: not enough frames to estimate rate; consider increasing probesize"
[ "01:31:48.569" ][FFmpeg Warn] "Stream #44: not enough frames to estimate rate; consider increasing probesize"
[ "01:31:48.569" ][FFmpeg Warn] "Stream #45: not enough frames to estimate rate; consider increasing probesize"
[ "01:31:48.569" ][FFmpeg Warn] "Stream #46: not enough frames to estimate rate; consider increasing probesize"
[ "01:31:48.569" ][FFmpeg Warn] "Stream #47: not enough frames to estimate rate; consider increasing probesize"
[ "01:31:48.569" ][FFmpeg Warn] "Stream #48: not enough frames to estimate rate; consider increasing probesize"
[ "01:31:48.571" ][VideoThumbnailer] GPU decode enabled for "I:/MY SDCArds/S22 ultra/Camera/20250415_080537.heic"
[ "01:31:48.600" ][VideoThumbnailer] Entering extractFrame for "I:/MY SDCArds/S22 ultra/Camera/20260527_095955.heic"
[ "01:31:48.605" ][FFmpeg Warn] "Stream #0: not enough frames to estimate rate; consider increasing probesize"
[ "01:31:48.606" ][FFmpeg Warn] "Stream #1: not enough frames to estimate rate; consider increasing probesize"
[ "01:31:48.606" ][FFmpeg Warn] "Stream #2: not enough frames to estimate rate; consider increasing probesize"
[ "01:31:48.606" ][FFmpeg Warn] "Stream #3: not enough frames to estimate rate; consider increasing probesize"
[ "01:31:48.606" ][FFmpeg Warn] "Stream #4: not enough frames to estimate rate; consider increasing probesize"
[ "01:31:48.606" ][FFmpeg Warn] "Stream #5: not enough frames to estimate rate; consider increasing probesize"
[ "01:31:48.606" ][FFmpeg Warn] "Stream #6: not enough frames to estimate rate; consider increasing probesize"
[ "01:31:48.606" ][FFmpeg Warn] "Stream #7: not enough frames to estimate rate; consider increasing probesize"
[ "01:31:48.606" ][FFmpeg Warn] "Stream #8: not enough frames to estimate rate; consider increasing probesize"
[ "01:31:48.607" ][FFmpeg Warn] "Stream #9: not enough frames to estimate rate; consider increasing probesize"
[ "01:31:48.607" ][FFmpeg Warn] "Stream #10: not enough frames to estimate rate; consider increasing probesize"
[ "01:31:48.607" ][FFmpeg Warn] "Stream #11: not enough frames to estimate rate; consider increasing probesize"
[ "01:31:48.607" ][FFmpeg Warn] "Stream #12: not enough frames to estimate rate; consider increasing probesize"
[ "01:31:48.607" ][FFmpeg Warn] "Stream #13: not enough frames to estimate rate; consider increasing probesize"
[ "01:31:48.607" ][FFmpeg Warn] "Stream #14: not enough frames to estimate rate; consider increasing probesize"
[ "01:31:48.607" ][FFmpeg Warn] "Stream #15: not enough frames to estimate rate; consider increasing probesize"
[ "01:31:48.607" ][FFmpeg Warn] "Stream #16: not enough frames to estimate rate; consider increasing probesize"
[ "01:31:48.607" ][FFmpeg Warn] "Stream #17: not enough frames to estimate rate; consider increasing probesize"
[ "01:31:48.607" ][FFmpeg Warn] "Stream #18: not enough frames to estimate rate; consider increasing probesize"
[ "01:31:48.607" ][FFmpeg Warn] "Stream #19: not enough frames to estimate rate; consider increasing probesize"
[ "01:31:48.607" ][FFmpeg Warn] "Stream #20: not enough frames to estimate rate; consider increasing probesize"
[ "01:31:48.607" ][FFmpeg Warn] "Stream #21: not enough frames to estimate rate; consider increasing probesize"
[ "01:31:48.607" ][FFmpeg Warn] "Stream #22: not enough frames to estimate rate; consider increasing probesize"
[ "01:31:48.607" ][FFmpeg Warn] "Stream #23: not enough frames to estimate rate; consider increasing probesize"
[ "01:31:48.607" ][FFmpeg Warn] "Stream #24: not enough frames to estimate rate; consider increasing probesize"
[ "01:31:48.607" ][FFmpeg Warn] "Stream #25: not enough frames to estimate rate; consider increasing probesize"
[ "01:31:48.607" ][FFmpeg Warn] "Stream #26: not enough frames to estimate rate; consider increasing probesize"
[ "01:31:48.607" ][FFmpeg Warn] "Stream #27: not enough frames to estimate rate; consider increasing probesize"
[ "01:31:48.607" ][FFmpeg Warn] "Stream #28: not enough frames to estimate rate; consider increasing probesize"
[ "01:31:48.607" ][FFmpeg Warn] "Stream #29: not enough frames to estimate rate; consider increasing probesize"
[ "01:31:48.607" ][FFmpeg Warn] "Stream #30: not enough frames to estimate rate; consider increasing probesize"
[ "01:31:48.607" ][FFmpeg Warn] "Stream #31: not enough frames to estimate rate; consider increasing probesize"
[ "01:31:48.607" ][FFmpeg Warn] "Stream #32: not enough frames to estimate rate; consider increasing probesize"
[ "01:31:48.607" ][FFmpeg Warn] "Stream #33: not enough frames to estimate rate; consider increasing probesize"
[ "01:31:48.607" ][FFmpeg Warn] "Stream #34: not enough frames to estimate rate; consider increasing probesize"
[ "01:31:48.607" ][FFmpeg Warn] "Stream #35: not enough frames to estimate rate; consider increasing probesize"
[ "01:31:48.607" ][FFmpeg Warn] "Stream #36: not enough frames to estimate rate; consider increasing probesize"
[ "01:31:48.607" ][FFmpeg Warn] "Stream #37: not enough frames to estimate rate; consider increasing probesize"
[ "01:31:48.607" ][FFmpeg Warn] "Stream #38: not enough frames to estimate rate; consider increasing probesize"
[ "01:31:48.607" ][FFmpeg Warn] "Stream #39: not enough frames to estimate rate; consider increasing probesize"
[ "01:31:48.607" ][FFmpeg Warn] "Stream #40: not enough frames to estimate rate; consider increasing probesize"
[ "01:31:48.607" ][FFmpeg Warn] "Stream #41: not enough frames to estimate rate; consider increasing probesize"
[ "01:31:48.607" ][FFmpeg Warn] "Stream #42: not enough frames to estimate rate; consider increasing probesize"
[ "01:31:48.607" ][FFmpeg Warn] "Stream #43: not enough frames to estimate rate; consider increasing probesize"
[ "01:31:48.607" ][FFmpeg Warn] "Stream #44: not enough frames to estimate rate; consider increasing probesize"
[ "01:31:48.607" ][FFmpeg Warn] "Stream #45: not enough frames to estimate rate; consider increasing probesize"
[ "01:31:48.607" ][FFmpeg Warn] "Stream #46: not enough frames to estimate rate; consider increasing probesize"
[ "01:31:48.607" ][FFmpeg Warn] "Stream #47: not enough frames to estimate rate; consider increasing probesize"
[ "01:31:48.607" ][FFmpeg Warn] "Stream #48: not enough frames to estimate rate; consider increasing probesize"
[ "01:31:48.609" ][VideoThumbnailer] GPU decode enabled for "I:/MY SDCArds/S22 ultra/Camera/20250415_080548.heic"
[ "01:31:48.635" ][VideoThumbnailer] Entering extractFrame for "I:/MY SDCArds/S22 ultra/Camera/20250129_210552.heic"
[ "01:31:48.641" ][VideoThumbnailer] GPU decode enabled for "I:/MY SDCArds/S22 ultra/Camera/20250129_210554.heic"
[ "01:31:48.665" ][VideoThumbnailer] Entering extractFrame for "I:/MY SDCArds/S22 ultra/Camera/20260527_100003.heic"
[ "01:31:48.683" ][VideoThumbnailer] GPU decode enabled for "I:/MY SDCArds/S22 ultra/Camera/20250129_210552.heic"
[ "01:31:48.710" ][VideoThumbnailer] GPU decode enabled for "I:/MY SDCArds/S22 ultra/Camera/20260527_095955.heic"
[ "01:31:48.721" ][VideoThumbnailer] Entering extractFrame for "I:/MY SDCArds/S22 ultra/Camera/20250129_210556(0).heic"
[ "01:31:48.727" ][VideoThumbnailer] GPU decode enabled for "I:/MY SDCArds/S22 ultra/Camera/20260527_100003.heic"
[ "01:31:48.754" ][VideoThumbnailer] GPU decode enabled for "I:/MY SDCArds/S22 ultra/Camera/20250129_210556(0).heic"
[ "01:31:48.756" ][VideoThumbnailer] Entering extractFrame for "I:/MY SDCArds/S22 ultra/Camera/20260527_100011.heic"
[ "01:31:48.775" ][VideoThumbnailer] Entering extractFrame for "I:/MY SDCArds/S22 ultra/Camera/20260527_100021.heic"
[ "01:31:48.786" ][VideoThumbnailer] GPU decode enabled for "I:/MY SDCArds/S22 ultra/Camera/20260527_100011.heic"
[ "01:31:48.825" ][VideoThumbnailer] GPU decode enabled for "I:/MY SDCArds/S22 ultra/Camera/20260527_100021.heic"
[ "01:31:48.857" ][VideoThumbnailer] Entering extractFrame for "I:/MY SDCArds/S22 ultra/Camera/20250331_141001.heic"
[ "01:31:48.861" ][VideoThumbnailer] Entering extractFrame for "I:/MY SDCArds/S22 ultra/Camera/20260527_100008.heic"
[ "01:31:48.866" ][VideoThumbnailer] Entering extractFrame for "I:/MY SDCArds/S22 ultra/Camera/20260530_092051.heic"
[ "01:31:48.885" ][VideoThumbnailer] GPU decode enabled for "I:/MY SDCArds/S22 ultra/Camera/20260527_100008.heic"
[ "01:31:48.896" ][VideoThumbnailer] GPU decode enabled for "I:/MY SDCArds/S22 ultra/Camera/20250331_141001.heic"
[ "01:31:48.913" ][VideoThumbnailer] GPU decode enabled for "I:/MY SDCArds/S22 ultra/Camera/20260530_092051.heic"
[ "01:31:48.916" ][VideoThumbnailer] Entering extractFrame for "I:/MY SDCArds/S22 ultra/Camera/20250722_102142.heic"
[ "01:31:48.925" ][VideoThumbnailer] Entering extractFrame for "I:/MY SDCArds/S22 ultra/Camera/20250722_102223.heic"
[ "01:31:48.938" ][VideoThumbnailer] Entering extractFrame for "I:/MY SDCArds/S22 ultra/Camera/20250722_102210.heic"
[ "01:31:48.961" ][VideoThumbnailer] GPU decode enabled for "I:/MY SDCArds/S22 ultra/Camera/20250722_102142.heic"
[ "01:31:48.966" ][VideoThumbnailer] GPU decode enabled for "I:/MY SDCArds/S22 ultra/Camera/20250722_102223.heic"
[ "01:31:48.989" ][VideoThumbnailer] Entering extractFrame for "I:/MY SDCArds/S22 ultra/Camera/20250722_102131.heic"
[ "01:31:48.992" ][VideoThumbnailer] GPU decode enabled for "I:/MY SDCArds/S22 ultra/Camera/20250722_102210.heic"
[ "01:31:48.995" ][VideoThumbnailer] Entering extractFrame for "I:/MY SDCArds/S22 ultra/Camera/6e2e24966def117a925ad84005b1ba57.mp4"
[ "01:31:49.005" ][VideoThumbnailer] Entering extractFrame for "I:/MY SDCArds/S22 ultra/Camera/20250201_100837.heic"
[ "01:31:49.021" ][SystemMonitor] Stats Update: CPU App: 30.2083 % | Sys: 86.9792 % | RAM App: 29225.1 MB | Sys Avail: 5865.81 MB / 65466.5 MB
[SystemMonitor] Resource Update: RAM: 29225.1 MB (Delta: 261.641 ) | VRAM: 85.1992 MB (Delta: 2 )
[Diagnostics] CRITICAL: "Load stalled for 14s. Pending: 12. Stuck: I:/MY SDCArds/S22 ultra/Camera/20250201_100837.heic?idx=1507, I:/MY SDCArds/S22 ultra/Camera/20250722_102131.heic?idx=1088, I:/MY SDCArds/S22 ultra/Camera/20250722_102210.heic?idx=1086, I:/MY SDCAr..."
[DiagnosticsUI] CRITICAL ISSUE: Load stalled for 14s. Pending: 12. Stuck: I:/MY SDCArds/S22 ultra/Camera/20250201_100837.heic?idx=1507, I:/MY SDCArds/S22 ultra/Camera/20250722_102131.heic?idx=1088, I:/MY SDCArds/S22 ultra/Camera/20250722_102210.heic?idx=1086, I:/MY SDCAr...
[ "01:31:49.026" ][VideoThumbnailer] Entering extractFrame for "I:/MY SDCArds/S22 ultra/Camera/20260530_165704.heic"
[ "01:31:49.065" ][VideoThumbnailer] GPU decode enabled for "I:/MY SDCArds/S22 ultra/Camera/20250722_102131.heic"
[ "01:31:49.077" ][VideoThumbnailer] GPU decode enabled for "I:/MY SDCArds/S22 ultra/Camera/20250201_100837.heic"
[ "01:31:49.095" ][VideoThumbnailer] GPU decode enabled for "I:/MY SDCArds/S22 ultra/Camera/20260530_165704.heic"
[ "01:31:49.108" ][VideoThumbnailer] Entering extractFrame for "I:/MY SDCArds/S22 ultra/Camera/20250201_175013.mp4"
[ "01:31:49.119" ][VideoThumbnailer] Entering extractFrame for "I:/MY SDCArds/S22 ultra/Camera/20250201_180647.heic"
[ "01:31:49.130" ][VideoThumbnailer] Entering extractFrame for "I:/MY SDCArds/S22 ultra/Camera/7ee609991a4a478dbf45405735d23d14.mp4"
[ "01:31:49.139" ][VideoThumbnailer] Entering extractFrame for "I:/MY SDCArds/S22 ultra/Camera/20250201_100842.heic"
[ "01:31:49.139" ][VideoThumbnailer] GPU decode enabled for "I:/MY SDCArds/S22 ultra/Camera/20250201_175013.mp4"
[ "01:31:49.178" ][VideoThumbnailer] GPU decode enabled for "I:/MY SDCArds/S22 ultra/Camera/20250201_100842.heic"
[ "01:31:49.195" ][VideoThumbnailer] GPU decode enabled for "I:/MY SDCArds/S22 ultra/Camera/20250201_180647.heic"
[ "01:31:49.240" ][VideoThumbnailer] Entering extractFrame for "I:/MY SDCArds/S22 ultra/Camera/20250129_210556.heic"
[ "01:31:49.248" ][VideoThumbnailer] Entering extractFrame for "I:/MY SDCArds/S22 ultra/Camera/20260531_180149.heic"
[ "01:31:49.278" ][VideoThumbnailer] GPU decode enabled for "I:/MY SDCArds/S22 ultra/Camera/20250129_210556.heic"
[ "01:31:49.287" ][VideoThumbnailer] Entering extractFrame for "I:/MY SDCArds/S22 ultra/Camera/9a77fc917cbae4e87b477cda89bb8ee1.mp4"
[ "01:31:49.323" ][VideoThumbnailer] Entering extractFrame for "I:/MY SDCArds/S22 ultra/Camera/20250124_182349.heic"
[ "01:31:49.325" ][VideoThumbnailer] Entering extractFrame for "I:/MY SDCArds/S22 ultra/Camera/20260531_180151.heic"
[ "01:31:49.332" ][VideoThumbnailer] GPU decode enabled for "I:/MY SDCArds/S22 ultra/Camera/20260531_180149.heic"
[ "01:31:49.366" ][VideoThumbnailer] Entering extractFrame for "I:/MY SDCArds/S22 ultra/Camera/20250207_181417.heic"
[ "01:31:49.389" ][VideoThumbnailer] GPU decode enabled for "I:/MY SDCArds/S22 ultra/Camera/20250124_182349.heic"
[ "01:31:49.394" ][VideoThumbnailer] GPU decode enabled for "I:/MY SDCArds/S22 ultra/Camera/20250207_181417.heic"
TelemetryMonitor: Processed 300 frames. Current FPS: 62
[ "01:31:49.402" ][VideoThumbnailer] GPU decode enabled for "I:/MY SDCArds/S22 ultra/Camera/20260531_180151.heic"
[ "01:31:49.428" ][VideoThumbnailer] Entering extractFrame for "I:/MY SDCArds/S22 ultra/Camera/20260531_180226.heic"
[ "01:31:49.429" ][VideoThumbnailer] Entering extractFrame for "I:/MY SDCArds/S22 ultra/Camera/20250207_181421.heic"
[ "01:31:49.445" ][VideoThumbnailer] Entering extractFrame for "I:/MY SDCArds/S22 ultra/Camera/14eb2a6290cb37015048f8a3cd6bc30c.mp4"
[ "01:31:49.454" ][VideoThumbnailer] GPU decode enabled for "I:/MY SDCArds/S22 ultra/Camera/20250207_181421.heic"
[ "01:31:49.480" ][VideoThumbnailer] Entering extractFrame for "I:/MY SDCArds/S22 ultra/Camera/20250207_181424.heic"
[ "01:31:49.481" ][VideoThumbnailer] GPU decode enabled for "I:/MY SDCArds/S22 ultra/Camera/20260531_180226.heic"
[ "01:31:49.497" ][VideoThumbnailer] Entering extractFrame for "I:/MY SDCArds/S22 ultra/Camera/20260603_160727.heic"
[ "01:31:49.499" ][VideoThumbnailer] GPU decode enabled for "I:/MY SDCArds/S22 ultra/Camera/20250207_181424.heic"
[ "01:31:49.532" ][VideoThumbnailer] GPU decode enabled for "I:/MY SDCArds/S22 ultra/Camera/20260603_160727.heic"
[ "01:31:49.536" ][VideoThumbnailer] Entering extractFrame for "I:/MY SDCArds/S22 ultra/Camera/20250207_181431.heic"
[AdaptiveIO] Stats:  "I:/"  Avg:  110.47  Limit:  4  ActiveWeight:  7
[ "01:31:49.551" ][VideoThumbnailer] Entering extractFrame for "I:/MY SDCArds/S22 ultra/Camera/20260603_160728.heic"
[ "01:31:49.554" ][VideoThumbnailer] GPU decode enabled for "I:/MY SDCArds/S22 ultra/Camera/20250207_181431.heic"
[ "01:31:49.582" ][VideoThumbnailer] GPU decode enabled for "I:/MY SDCArds/S22 ultra/Camera/20260603_160728.heic"
[ "01:31:49.592" ][VideoThumbnailer] Entering extractFrame for "I:/MY SDCArds/S22 ultra/Camera/20260603_160730.heic"
[ "01:31:49.605" ][VideoThumbnailer] GPU decode enabled for "I:/MY SDCArds/S22 ultra/Camera/20260603_160730.heic"
[ "01:31:49.628" ][VideoThumbnailer] Entering extractFrame for "I:/MY SDCArds/S22 ultra/Camera/20260603_173730.heic"
[ "01:31:49.643" ][VideoThumbnailer] GPU decode enabled for "I:/MY SDCArds/S22 ultra/Camera/20260603_173730.heic"
[ "01:31:49.647" ][VideoThumbnailer] Entering extractFrame for "I:/MY SDCArds/S22 ultra/Camera/20260606_103659.heic"
[ "01:31:49.681" ][VideoThumbnailer] GPU decode enabled for "I:/MY SDCArds/S22 ultra/Camera/20260606_103659.heic"
[ "01:31:49.681" ][VideoThumbnailer] Entering extractFrame for "I:/MY SDCArds/S22 ultra/Camera/16dc3732a5a3ccb9bb52c401dfd1a096.mp4"
[ "01:31:49.701" ][VideoThumbnailer] Entering extractFrame for "I:/MY SDCArds/S22 ultra/Camera/20260606_103712.heic"
[ "01:31:49.718" ][VideoThumbnailer] Entering extractFrame for "I:/MY SDCArds/S22 ultra/Camera/20260606_103715.heic"
[ "01:31:49.737" ][VideoThumbnailer] GPU decode enabled for "I:/MY SDCArds/S22 ultra/Camera/20260606_103712.heic"
[ "01:31:49.755" ][VideoThumbnailer] GPU decode enabled for "I:/MY SDCArds/S22 ultra/Camera/20260606_103715.heic"
[ "01:31:49.776" ][VideoThumbnailer] Entering extractFrame for "I:/MY SDCArds/S22 ultra/Camera/20260606_103731.heic"
[ "01:31:49.791" ][VideoThumbnailer] Entering extractFrame for "I:/MY SDCArds/S22 ultra/Camera/20260606_103702.heic"
[ "01:31:49.810" ][VideoThumbnailer] GPU decode enabled for "I:/MY SDCArds/S22 ultra/Camera/20260606_103731.heic"
[ "01:31:49.814" ][VideoThumbnailer] GPU decode enabled for "I:/MY SDCArds/S22 ultra/Camera/20260606_103702.heic"
[ "01:31:49.843" ][VideoThumbnailer] Entering extractFrame for "I:/MY SDCArds/S22 ultra/Camera/20250207_181433.heic"
[ "01:31:49.843" ][VideoThumbnailer] Entering extractFrame for "I:/MY SDCArds/S22 ultra/Camera/20250207_181435.heic"
[ "01:31:49.843" ][VideoThumbnailer] Entering extractFrame for "I:/MY SDCArds/S22 ultra/Camera/20250207_181436.heic"
[ "01:31:49.870" ][VideoThumbnailer] GPU decode enabled for "I:/MY SDCArds/S22 ultra/Camera/20250207_181436.heic"
[ "01:31:49.882" ][VideoThumbnailer] GPU decode enabled for "I:/MY SDCArds/S22 ultra/Camera/20250207_181433.heic"
[ "01:31:49.911" ][VideoThumbnailer] Entering extractFrame for "I:/MY SDCArds/S22 ultra/Camera/20260610_065048.mp4"
[ "01:31:49.911" ][VideoThumbnailer] GPU decode enabled for "I:/MY SDCArds/S22 ultra/Camera/20250207_181435.heic"
[ "01:31:49.929" ][VideoThumbnailer] Entering extractFrame for "I:/MY SDCArds/S22 ultra/Camera/20250329_115738.mp4"
[ "01:31:49.933" ][VideoThumbnailer] GPU decode enabled for "I:/MY SDCArds/S22 ultra/Camera/20260610_065048.mp4"
[ "01:31:49.938" ][VideoThumbnailer] Entering extractFrame for "I:/MY SDCArds/S22 ultra/Camera/20250207_181437.heic"
[ "01:31:49.940" ][VideoThumbnailer] GPU decode enabled for "I:/MY SDCArds/S22 ultra/Camera/20250329_115738.mp4"
[ "01:31:49.970" ][VideoThumbnailer] GPU decode enabled for "I:/MY SDCArds/S22 ultra/Camera/20250207_181437.heic"
[ "01:31:50.017" ][SystemMonitor] Stats Update: CPU App: 29.9479 % | Sys: 76.0417 % | RAM App: 29512.1 MB | Sys Avail: 5651.86 MB / 65466.5 MB
[SystemMonitor] Resource Update: RAM: 29512.1 MB (Delta: 286.965 ) | VRAM: 364.637 MB (Delta: 279.438 )
[Diagnostics] CRITICAL: "Load stalled for 15s. Pending: 8. Stuck: I:/MY SDCArds/S22 ultra/Camera/20250207_181437.heic?idx=1492, I:/MY SDCArds/S22 ultra/Camera/20250328_185547.heic?idx=1406, I:/MY SDCArds/S22 ultra/Camera/20250329_115738.mp4?idx=1405, I:/MY SDCArd..."
[DiagnosticsUI] CRITICAL ISSUE: Load stalled for 15s. Pending: 8. Stuck: I:/MY SDCArds/S22 ultra/Camera/20250207_181437.heic?idx=1492, I:/MY SDCArds/S22 ultra/Camera/20250328_185547.heic?idx=1406, I:/MY SDCArds/S22 ultra/Camera/20250329_115738.mp4?idx=1405, I:/MY SDCArd...
[ "01:31:50.048" ][VideoThumbnailer] Entering extractFrame for "I:/MY SDCArds/S22 ultra/Camera/20250328_185547.heic"
[ "01:31:50.067" ][VideoThumbnailer] Entering extractFrame for "I:/MY SDCArds/S22 ultra/Camera/20260612_090115.heic"
[ "01:31:50.087" ][VideoThumbnailer] GPU decode enabled for "I:/MY SDCArds/S22 ultra/Camera/20250328_185547.heic"
[ "01:31:50.105" ][VideoThumbnailer] GPU decode enabled for "I:/MY SDCArds/S22 ultra/Camera/20260612_090115.heic"
[ "01:31:50.125" ][VideoThumbnailer] Entering extractFrame for "I:/MY SDCArds/S22 ultra/Camera/20250328_091502.heic"
[ "01:31:50.141" ][VideoThumbnailer] Entering extractFrame for "I:/MY SDCArds/S22 ultra/Camera/20250207_181438.heic"
[ "01:31:50.146" ][VideoThumbnailer] Entering extractFrame for "I:/MY SDCArds/S22 ultra/Camera/90e55ff6a28db7737d963137ea5ed616.mp4"
[ "01:31:50.147" ][VideoThumbnailer] Entering extractFrame for "I:/MY SDCArds/S22 ultra/Camera/20250329_191501.heic"
[ "01:31:50.156" ][VideoThumbnailer] GPU decode enabled for "I:/MY SDCArds/S22 ultra/Camera/20250328_091502.heic"
[ "01:31:50.164" ][VideoThumbnailer] GPU decode enabled for "I:/MY SDCArds/S22 ultra/Camera/20250207_181438.heic"
[ "01:31:50.189" ][VideoThumbnailer] Entering extractFrame for "I:/MY SDCArds/S22 ultra/Double Side Camera/2023_02_23_15_19_16_033.mp4"
[ "01:31:50.189" ][VideoThumbnailer] Entering extractFrame for "I:/MY SDCArds/S22 ultra/Camera/20260613_100455.heic"
[ "01:31:50.195" ][VideoThumbnailer] GPU decode enabled for "I:/MY SDCArds/S22 ultra/Camera/20250329_191501.heic"
[ "01:31:50.195" ][VideoThumbnailer] Entering extractFrame for "I:/MY SDCArds/S22 ultra/Camera/20250207_181446.heic"
[ "01:31:50.226" ][VideoThumbnailer] GPU decode enabled for "I:/MY SDCArds/S22 ultra/Camera/20260613_100455.heic"
[ "01:31:50.228" ][VideoThumbnailer] Entering extractFrame for "I:/MY SDCArds/S22 ultra/Camera/20250210_123723.heic"
[ "01:31:50.264" ][VideoThumbnailer] Entering extractFrame for "I:/MY SDCArds/S22 ultra/Snapchat/Snapchat-85323170.mp4"
[ "01:31:50.264" ][VideoThumbnailer] Entering extractFrame for "I:/MY SDCArds/S22 ultra/Camera/20250304_184538.mp4"
[ "01:31:50.274" ][VideoThumbnailer] GPU decode enabled for "I:/MY SDCArds/S22 ultra/Camera/20250207_181446.heic"
[ "01:31:50.305" ][VideoThumbnailer] GPU decode enabled for "I:/MY SDCArds/S22 ultra/Camera/20250210_123723.heic"
[ "01:31:50.325" ][VideoThumbnailer] GPU decode enabled for "I:/MY SDCArds/S22 ultra/Camera/20250304_184538.mp4"
[ "01:31:50.346" ][VideoThumbnailer] Entering extractFrame for "I:/MY SDCArds/S22 ultra/Camera/20250211_202207.mp4"
[ "01:31:50.397" ][VideoThumbnailer] GPU decode enabled for "I:/MY SDCArds/S22 ultra/Camera/20250211_202207.mp4"
[ "01:31:50.398" ][VideoThumbnailer] Entering extractFrame for "I:/MY SDCArds/S22 ultra/Camera/2e5d3e86f276ceefd440bb7a6effba3a.mp4"
[ "01:31:50.417" ][VideoThumbnailer] GPU decode enabled for "I:/MY SDCArds/S22 ultra/Camera/2e5d3e86f276ceefd440bb7a6effba3a.mp4"
[ "01:31:50.576" ][VideoThumbnailer] Entering extractFrame for "I:/MY SDCArds/S22 ultra/Camera/20250211_180704.heic"
[ "01:31:50.584" ][VideoThumbnailer] Entering extractFrame for "I:/MY SDCArds/S22 ultra/Camera/20260613_100536.heic"
[ "01:31:50.615" ][VideoThumbnailer] GPU decode enabled for "I:/MY SDCArds/S22 ultra/Camera/20260613_100536.heic"
[ "01:31:50.624" ][VideoThumbnailer] GPU decode enabled for "I:/MY SDCArds/S22 ultra/Camera/20250211_180704.heic"
[ "01:31:50.635" ][VideoThumbnailer] Entering extractFrame for "I:/MY SDCArds/S22 ultra/Camera/20250210_123728.heic"
[ "01:31:50.650" ][VideoThumbnailer] Entering extractFrame for "I:/MY SDCArds/S22 ultra/Camera/20250211_201616.mp4"
[ "01:31:50.657" ][VideoThumbnailer] Entering extractFrame for "I:/MY SDCArds/S22 ultra/Camera/45a373b660754d8de9c2344b956a4b1b.mp4"
[ "01:31:50.672" ][VideoThumbnailer] Entering extractFrame for "I:/MY SDCArds/S22 ultra/Camera/20260613_100558.heic"
[ "01:31:50.697" ][VideoThumbnailer] GPU decode enabled for "I:/MY SDCArds/S22 ultra/Camera/20250210_123728.heic"
[ "01:31:50.725" ][VideoThumbnailer] GPU decode enabled for "I:/MY SDCArds/S22 ultra/Camera/20260613_100558.heic"
[ "01:31:50.726" ][VideoThumbnailer] Entering extractFrame for "I:/MY SDCArds/S22 ultra/Camera/20260613_100608.heic"
[ "01:31:50.740" ][VideoThumbnailer] GPU decode enabled for "I:/MY SDCArds/S22 ultra/Camera/20260613_100608.heic"
[ "01:31:50.749" ][VideoThumbnailer] GPU decode enabled for "I:/MY SDCArds/S22 ultra/Camera/20250211_201616.mp4"
[ "01:31:50.765" ][VideoThumbnailer] Entering extractFrame for "I:/MY SDCArds/S22 ultra/Camera/20260613_100655.heic"
[ "01:31:50.782" ][VideoThumbnailer] Entering extractFrame for "I:/MY SDCArds/S22 ultra/Camera/20260613_100701.heic"
[ "01:31:50.786" ][VideoThumbnailer] GPU decode enabled for "I:/MY SDCArds/S22 ultra/Camera/20260613_100655.heic"
[ "01:31:50.826" ][VideoThumbnailer] GPU decode enabled for "I:/MY SDCArds/S22 ultra/Camera/20260613_100701.heic"
[ "01:31:50.860" ][VideoThumbnailer] Entering extractFrame for "I:/MY SDCArds/S22 ultra/Camera/47c9a60562e98c98f4830cf33a0941e6.mp4"
[AdaptiveIO] Stats:  "I:/"  Avg:  99.4738  Limit:  4  ActiveWeight:  5
[ "01:31:50.868" ][VideoThumbnailer] Entering extractFrame for "I:/MY SDCArds/S22 ultra/Camera/20260615_161643.heic"
[ "01:31:50.868" ][VideoThumbnailer] Entering extractFrame for "I:/MY SDCArds/S22 ultra/Camera/20250214_200204.heic"
[ "01:31:50.888" ][VideoThumbnailer] GPU decode enabled for "I:/MY SDCArds/S22 ultra/Camera/20260615_161643.heic"
[ "01:31:50.919" ][VideoThumbnailer] GPU decode enabled for "I:/MY SDCArds/S22 ultra/Camera/20250214_200204.heic"
[ "01:31:50.920" ][VideoThumbnailer] Entering extractFrame for "I:/MY SDCArds/S22 ultra/Camera/20260615_161647.heic"
[ "01:31:50.933" ][VideoThumbnailer] Entering extractFrame for "I:/MY SDCArds/S22 ultra/Camera/20250216_164154.mp4"
[ "01:31:50.943" ][VideoThumbnailer] GPU decode enabled for "I:/MY SDCArds/S22 ultra/Camera/20260615_161647.heic"
[ "01:31:50.952" ][VideoThumbnailer] Entering extractFrame for "I:/MY SDCArds/S22 ultra/Camera/20260615_161644.heic"
[ "01:31:50.959" ][VideoThumbnailer] GPU decode enabled for "I:/MY SDCArds/S22 ultra/Camera/20250216_164154.mp4"
[ "01:31:50.985" ][VideoThumbnailer] GPU decode enabled for "I:/MY SDCArds/S22 ultra/Camera/20260615_161644.heic"
[ "01:31:51.081" ][SystemMonitor] Stats Update: CPU App: 29.0404 % | Sys: 84.9246 % | RAM App: 29866.3 MB | Sys Avail: 5286.81 MB / 65466.5 MB
[SystemMonitor] Resource Update: RAM: 29866.3 MB (Delta: 354.176 ) | VRAM: 214.48 MB (Delta: -150.156 )
[Diagnostics] CRITICAL: "Load stalled for 16s. Pending: 5. Stuck: I:/MY SDCArds/S22 ultra/Camera/20250216_164154.mp4?idx=1477, I:/MY SDCArds/S22 ultra/Camera/20250222_140837.jpg?idx=1458, I:/MY SDCArds/S22 ultra/Camera/20250222_140838.jpg?idx=1457, I:/MY SDCArds/..."
[DiagnosticsUI] CRITICAL ISSUE: Load stalled for 16s. Pending: 5. Stuck: I:/MY SDCArds/S22 ultra/Camera/20250216_164154.mp4?idx=1477, I:/MY SDCArds/S22 ultra/Camera/20250222_140837.jpg?idx=1458, I:/MY SDCArds/S22 ultra/Camera/20250222_140838.jpg?idx=1457, I:/MY SDCArds/...
[ "01:31:51.200" ][VideoThumbnailer] Entering extractFrame for "I:/MY SDCArds/S22 ultra/Camera/20260615_162101.heic"
[ "01:31:51.259" ][VideoThumbnailer] GPU decode enabled for "I:/MY SDCArds/S22 ultra/Camera/20260615_162101.heic"
[ "01:31:51.286" ][VideoThumbnailer] Entering extractFrame for "I:/MY SDCArds/S22 ultra/Ezviz/1774196660266.mp4"
[ "01:31:51.307" ][VideoThumbnailer] Entering extractFrame for "I:/MY SDCArds/S22 ultra/Camera/070d55d441509f358e66bf20183195b5.mp4"
[ "01:31:51.312" ][VideoThumbnailer] Entering extractFrame for "I:/MY SDCArds/S22 ultra/Camera/20260615_162104.heic"
[ "01:31:51.320" ][VideoThumbnailer] GPU decode enabled for "I:/MY SDCArds/S22 ultra/Camera/070d55d441509f358e66bf20183195b5.mp4"
[ "01:31:51.351" ][VideoThumbnailer] GPU decode enabled for "I:/MY SDCArds/S22 ultra/Camera/20260615_162104.heic"
[ "01:31:51.388" ][VideoThumbnailer] Entering extractFrame for "I:/MY SDCArds/S22 ultra/Camera/20260615_162200.heic"
[ "01:31:51.400" ][VideoThumbnailer] Entering extractFrame for "I:/MY SDCArds/S22 ultra/Camera/20260615_162202.heic"
[ "01:31:51.442" ][VideoThumbnailer] GPU decode enabled for "I:/MY SDCArds/S22 ultra/Camera/20260615_162202.heic"
[ "01:31:51.453" ][VideoThumbnailer] GPU decode enabled for "I:/MY SDCArds/S22 ultra/Camera/20260615_162200.heic"
[ "01:31:51.482" ][VideoThumbnailer] Entering extractFrame for "I:/MY SDCArds/S22 ultra/Camera/20250411_094808.heic"
[ "01:31:51.482" ][VideoThumbnailer] Entering extractFrame for "I:/MY SDCArds/S22 ultra/Camera/20250415_143131.heic"
[ "01:31:51.483" ][VideoThumbnailer] Entering extractFrame for "I:/MY SDCArds/S22 ultra/Camera/20260615_162102.heic"
[ "01:31:51.504" ][VideoThumbnailer] GPU decode enabled for "I:/MY SDCArds/S22 ultra/Camera/20260615_162102.heic"
[ "01:31:51.529" ][VideoThumbnailer] GPU decode enabled for "I:/MY SDCArds/S22 ultra/Camera/20250415_143131.heic"
[ "01:31:51.539" ][VideoThumbnailer] GPU decode enabled for "I:/MY SDCArds/S22 ultra/Camera/20250411_094808.heic"
[ "01:31:51.540" ][VideoThumbnailer] Entering extractFrame for "I:/MY SDCArds/S22 ultra/Camera/20260615_162208.mp4"
[ "01:31:51.576" ][VideoThumbnailer] GPU decode enabled for "I:/MY SDCArds/S22 ultra/Camera/20260615_162208.mp4"
[ "01:31:51.594" ][VideoThumbnailer] Entering extractFrame for "I:/MY SDCArds/S22 ultra/Camera/20250704_095555.heic"
[ "01:31:51.597" ][VideoThumbnailer] Entering extractFrame for "I:/MY SDCArds/S22 ultra/Camera/20250704_095550.heic"
[ "01:31:51.643" ][VideoThumbnailer] GPU decode enabled for "I:/MY SDCArds/S22 ultra/Camera/20250704_095555.heic"
[ "01:31:51.656" ][VideoThumbnailer] Entering extractFrame for "I:/MY SDCArds/S22 ultra/Camera/36f8161b55b835d85e06b60fbc7fd43c.mp4"
[ "01:31:51.660" ][VideoThumbnailer] GPU decode enabled for "I:/MY SDCArds/S22 ultra/Camera/20250704_095550.heic"
[ "01:31:51.661" ][VideoThumbnailer] Entering extractFrame for "I:/MY SDCArds/S22 ultra/Camera/37ced116f0b5664c39d99600f32296c0.mp4"
[ "01:31:51.672" ][VideoThumbnailer] Entering extractFrame for "I:/MY SDCArds/S22 ultra/Camera/20250703_210243.heic"
[ "01:31:51.692" ][VideoThumbnailer] Entering extractFrame for "I:/MY SDCArds/S22 ultra/Camera/20250219_134734.heic"
[ "01:31:51.772" ][VideoThumbnailer] GPU decode enabled for "I:/MY SDCArds/S22 ultra/Camera/20250703_210243.heic"
[ "01:31:51.798" ][VideoThumbnailer] Entering extractFrame for "I:/MY SDCArds/S22 ultra/Camera/20250618_160239.heic"
[ "01:31:51.806" ][VideoThumbnailer] GPU decode enabled for "I:/MY SDCArds/S22 ultra/Camera/20250219_134734.heic"
[ "01:31:51.809" ][VideoThumbnailer] Entering extractFrame for "I:/MY SDCArds/S22 ultra/Camera/VID-20230315-WA0004.mp4"
[ "01:31:51.809" ][VideoThumbnailer] Entering extractFrame for "I:/MY SDCArds/S22 ultra/Camera/20250514_210326.mp4"
[ "01:31:51.837" ][VideoThumbnailer] GPU decode enabled for "I:/MY SDCArds/S22 ultra/Camera/20250514_210326.mp4"
[ "01:31:51.872" ][VideoThumbnailer] GPU decode enabled for "I:/MY SDCArds/S22 ultra/Camera/20250618_160239.heic"
[ "01:31:51.898" ][VideoThumbnailer] Entering extractFrame for "I:/MY SDCArds/S22 ultra/Camera/20260617_072451.heic"
[ "01:31:51.928" ][VideoThumbnailer] GPU decode enabled for "I:/MY SDCArds/S22 ultra/Camera/20260617_072451.heic"
[ "01:31:51.949" ][VideoThumbnailer] Entering extractFrame for "I:/MY SDCArds/S22 ultra/Camera/20250520_131116.heic"
[ "01:31:51.988" ][VideoThumbnailer] Entering extractFrame for "I:/MY SDCArds/S22 ultra/Camera/20250520_131013.heic"
[ "01:31:51.993" ][VideoThumbnailer] GPU decode enabled for "I:/MY SDCArds/S22 ultra/Camera/20250520_131116.heic"
[ "01:31:52.018" ][SystemMonitor] Stats Update: CPU App: 29.8387 % | Sys: 78.9189 % | RAM App: 30265.3 MB | Sys Avail: 4889.25 MB / 65466.5 MB
[SystemMonitor] Resource Update: RAM: 30265.3 MB (Delta: 398.973 ) | VRAM: 347.543 MB (Delta: 133.063 )
[Diagnostics] CRITICAL: "Load stalled for 17s. Pending: 10. Stuck: I:/MY SDCArds/S22 ultra/Camera/20250218_195525.jpg?idx=1470, I:/MY SDCArds/S22 ultra/Camera/20250514_210326.mp4?idx=1332, I:/MY SDCArds/S22 ultra/Camera/20250520_131013.heic?idx=1305, I:/MY SDCArds..."
[DiagnosticsUI] CRITICAL ISSUE: Load stalled for 17s. Pending: 10. Stuck: I:/MY SDCArds/S22 ultra/Camera/20250218_195525.jpg?idx=1470, I:/MY SDCArds/S22 ultra/Camera/20250514_210326.mp4?idx=1332, I:/MY SDCArds/S22 ultra/Camera/20250520_131013.heic?idx=1305, I:/MY SDCArds...
[ "01:31:52.022" ][VideoThumbnailer] Entering extractFrame for "I:/MY SDCArds/S22 ultra/Camera/20260617_150220.heic"
[ "01:31:52.037" ][VideoThumbnailer] GPU decode enabled for "I:/MY SDCArds/S22 ultra/Camera/20250520_131013.heic"
[ "01:31:52.051" ][VideoThumbnailer] Entering extractFrame for "I:/MY SDCArds/S22 ultra/Camera/20250514_160518.mp4"
[ "01:31:52.067" ][VideoThumbnailer] Entering extractFrame for "I:/MY SDCArds/S22 ultra/Camera/20250222_121838.heic"
[ "01:31:52.080" ][VideoThumbnailer] GPU decode enabled for "I:/MY SDCArds/S22 ultra/Camera/20260617_150220.heic"
[ "01:31:52.104" ][VideoThumbnailer] Entering extractFrame for "I:/MY SDCArds/S22 ultra/100_CINE/MOV_0060.MP4"
[ "01:31:52.183" ][VideoThumbnailer] GPU decode enabled for "I:/MY SDCArds/S22 ultra/Camera/20250222_121838.heic"
[ "01:31:52.210" ][VideoThumbnailer] Entering extractFrame for "I:/MY SDCArds/S22 ultra/100_CINE/MOV_0061.MP4"
[ "01:31:52.214" ][VideoThumbnailer] GPU decode enabled for "I:/MY SDCArds/S22 ultra/100_CINE/MOV_0060.MP4"
[ "01:31:52.214" ][VideoThumbnailer] GPU decode enabled for "I:/MY SDCArds/S22 ultra/Camera/20250514_160518.mp4"
[ "01:31:52.286" ][VideoThumbnailer] GPU decode enabled for "I:/MY SDCArds/S22 ultra/100_CINE/MOV_0061.MP4"
[ "01:31:52.355" ][VideoThumbnailer] Entering extractFrame for "I:/MY SDCArds/S22 ultra/100_CINE/MOV_0064.MP4"
[AdaptiveIO] Stats:  "I:/"  Avg:  169.911  Limit:  4  ActiveWeight:  8
[ "01:31:52.370" ][VideoThumbnailer] Entering extractFrame for "I:/MY SDCArds/S22 ultra/100_CINE/MOV_0062.MP4"
[ "01:31:52.396" ][VideoThumbnailer] GPU decode enabled for "I:/MY SDCArds/S22 ultra/100_CINE/MOV_0064.MP4"
[ "01:31:52.464" ][VideoThumbnailer] Entering extractFrame for "I:/MY SDCArds/S22 ultra/100_CINE/MOV_0066.MP4"
[ "01:31:52.516" ][VideoThumbnailer] GPU decode enabled for "I:/MY SDCArds/S22 ultra/100_CINE/MOV_0066.MP4"
[ "01:31:52.549" ][VideoThumbnailer] GPU decode enabled for "I:/MY SDCArds/S22 ultra/100_CINE/MOV_0062.MP4"
[ "01:31:52.584" ][VideoThumbnailer] Entering extractFrame for "I:/MY SDCArds/S22 ultra/100_CINE/MOV_0067.MP4"
[ "01:31:52.607" ][VideoThumbnailer] Entering extractFrame for "I:/MY SDCArds/S22 ultra/100_CINE/MOV_0068.MP4"
[ "01:31:52.663" ][VideoThumbnailer] GPU decode enabled for "I:/MY SDCArds/S22 ultra/100_CINE/MOV_0068.MP4"
[ "01:31:52.738" ][VideoThumbnailer] Entering extractFrame for "I:/MY SDCArds/S22 ultra/100_CINE/MOV_0069.MP4"
[ "01:31:52.774" ][VideoThumbnailer] GPU decode enabled for "I:/MY SDCArds/S22 ultra/100_CINE/MOV_0067.MP4"
[ "01:31:52.776" ][VideoThumbnailer] GPU decode enabled for "I:/MY SDCArds/S22 ultra/100_CINE/MOV_0069.MP4"
[ "01:31:52.846" ][VideoThumbnailer] Entering extractFrame for "I:/MY SDCArds/S22 ultra/100_CINE/MOV_0070.MP4"
[ "01:31:52.855" ][VideoThumbnailer] Entering extractFrame for "I:/MY SDCArds/S22 ultra/100_CINE/MOV_0071.MP4"
[ "01:31:52.920" ][VideoThumbnailer] GPU decode enabled for "I:/MY SDCArds/S22 ultra/100_CINE/MOV_0070.MP4"
[ "01:31:52.981" ][VideoThumbnailer] Entering extractFrame for "I:/MY SDCArds/S22 ultra/100_CINE/MOV_0072.mp4"
[ "01:31:53.013" ][VideoThumbnailer] GPU decode enabled for "I:/MY SDCArds/S22 ultra/100_CINE/MOV_0071.MP4"
[ "01:31:53.016" ][SystemMonitor] Stats Update: CPU App: 25.5208 % | Sys: 65.625 % | RAM App: 30371 MB | Sys Avail: 4858.76 MB / 65466.5 MB
[SystemMonitor] Resource Update: RAM: 30371 MB (Delta: 105.746 ) | VRAM: 83.293 MB (Delta: -264.25 )
[Diagnostics] CRITICAL: "Load stalled for 17s. Pending: 3. Stuck: I:/MY SDCArds/S22 ultra/100_CINE/MOV_0071.MP4, I:/MY SDCArds/S22 ultra/100_CINE/MOV_0072.mp4"
[DiagnosticsUI] CRITICAL ISSUE: Load stalled for 17s. Pending: 3. Stuck: I:/MY SDCArds/S22 ultra/100_CINE/MOV_0071.MP4, I:/MY SDCArds/S22 ultra/100_CINE/MOV_0072.mp4
[ "01:31:53.075" ][VideoThumbnailer] Entering extractFrame for "I:/MY SDCArds/S22 ultra/100_CINE/MOV_0076.MP4"
[ "01:31:53.142" ][VideoThumbnailer] GPU decode enabled for "I:/MY SDCArds/S22 ultra/100_CINE/MOV_0076.MP4"
[ "01:31:53.165" ][VideoThumbnailer] GPU decode enabled for "I:/MY SDCArds/S22 ultra/100_CINE/MOV_0072.mp4"
[ "01:31:53.249" ][VideoThumbnailer] Entering extractFrame for "I:/MY SDCArds/S22 ultra/100_CINE/MOV_0077.MP4"
[ "01:31:53.271" ][VideoThumbnailer] Entering extractFrame for "I:/MY SDCArds/S22 ultra/100_CINE/MOV_0078.MP4"
[ "01:31:53.416" ][VideoThumbnailer] GPU decode enabled for "I:/MY SDCArds/S22 ultra/100_CINE/MOV_0077.MP4"
[ "01:31:53.475" ][VideoThumbnailer] Entering extractFrame for "I:/MY SDCArds/S22 ultra/Camera/20250222_122039.heic"
[ "01:31:53.478" ][VideoThumbnailer] Entering extractFrame for "I:/MY SDCArds/S22 ultra/Camera/0cd8f78a49f760189265deb264e7a046.mp4"
[ "01:31:53.479" ][VideoThumbnailer] GPU decode enabled for "I:/MY SDCArds/S22 ultra/100_CINE/MOV_0078.MP4"
[ "01:31:53.504" ][VideoThumbnailer] GPU decode enabled for "I:/MY SDCArds/S22 ultra/Camera/20250222_122039.heic"
[ "01:31:53.525" ][VideoThumbnailer] GPU decode enabled for "I:/MY SDCArds/S22 ultra/Camera/0cd8f78a49f760189265deb264e7a046.mp4"
[ "01:31:53.571" ][VideoThumbnailer] Entering extractFrame for "I:/MY SDCArds/S22 ultra/Camera/0cef630871e4692a3692ea3f2549e3e3.mp4"
[ "01:31:53.579" ][VideoThumbnailer] GPU decode enabled for "I:/MY SDCArds/S22 ultra/Camera/0cef630871e4692a3692ea3f2549e3e3.mp4"
[ "01:31:53.589" ][VideoThumbnailer] Entering extractFrame for "I:/MY SDCArds/S22 ultra/Camera/01cd8d184f0f8aae46d7ac9d344bf736.mp4"
[ "01:31:53.605" ][VideoThumbnailer] GPU decode enabled for "I:/MY SDCArds/S22 ultra/Camera/01cd8d184f0f8aae46d7ac9d344bf736.mp4"
[ "01:31:53.648" ][VideoThumbnailer] Entering extractFrame for "I:/MY SDCArds/S22 ultra/Snapchat/Snapchat-647663909.mp4"
[ "01:31:53.648" ][VideoThumbnailer] Entering extractFrame for "I:/MY SDCArds/S22 ultra/Camera/20250222_122256.heic"
[ "01:31:53.648" ][VideoThumbnailer] Entering extractFrame for "I:/MY SDCArds/S22 ultra/Camera/20250222_122313.heic"
[ "01:31:53.649" ][VideoThumbnailer] Entering extractFrame for "I:/MY SDCArds/S22 ultra/Camera/20250222_122155.heic"
[ "01:31:53.683" ][VideoThumbnailer] GPU decode enabled for "I:/MY SDCArds/S22 ultra/Camera/20250222_122155.heic"
[ "01:31:53.689" ][VideoThumbnailer] GPU decode enabled for "I:/MY SDCArds/S22 ultra/Camera/20250222_122313.heic"
[ "01:31:53.692" ][VideoThumbnailer] GPU decode enabled for "I:/MY SDCArds/S22 ultra/Camera/20250222_122256.heic"
[ "01:31:53.717" ][VideoThumbnailer] Entering extractFrame for "I:/MY SDCArds/S22 ultra/Camera/3b69154fbebc2fd1e6d4e61be896240f.mp4"
[ "01:31:53.718" ][VideoThumbnailer] Entering extractFrame for "I:/MY SDCArds/S22 ultra/Camera/2e5b1ace31b491aad70d2df043b5a427.mp4"
[ "01:31:53.729" ][VideoThumbnailer] GPU decode enabled for "I:/MY SDCArds/S22 ultra/Camera/3b69154fbebc2fd1e6d4e61be896240f.mp4"
[ "01:31:53.734" ][VideoThumbnailer] GPU decode enabled for "I:/MY SDCArds/S22 ultra/Camera/2e5b1ace31b491aad70d2df043b5a427.mp4"
[ "01:31:53.779" ][VideoThumbnailer] Entering extractFrame for "I:/MY SDCArds/S22 ultra/Movies/VID-20230903-WA0001.mp4"
[ "01:31:53.788" ][VideoThumbnailer] Entering extractFrame for "I:/MY SDCArds/S22 ultra/Camera/20250225_223038.heic"
[ "01:31:53.788" ][VideoThumbnailer] Entering extractFrame for "I:/MY SDCArds/S22 ultra/100_CINE/MOV_0065.MP4"
[ "01:31:53.788" ][VideoThumbnailer] Entering extractFrame for "I:/MY SDCArds/S22 ultra/Camera/20250227_180430.heic"
[ "01:31:53.861" ][VideoThumbnailer] GPU decode enabled for "I:/MY SDCArds/S22 ultra/Camera/20250227_180430.heic"
[ "01:31:53.865" ][VideoThumbnailer] GPU decode enabled for "I:/MY SDCArds/S22 ultra/100_CINE/MOV_0065.MP4"
[ "01:31:53.884" ][VideoThumbnailer] Entering extractFrame for "I:/MY SDCArds/S22 ultra/Camera/3bb7155546984b26c7c2ed5db9bbfa92.mp4"
[ "01:31:53.920" ][VideoThumbnailer] GPU decode enabled for "I:/MY SDCArds/S22 ultra/Camera/3bb7155546984b26c7c2ed5db9bbfa92.mp4"
[ "01:31:53.933" ][VideoThumbnailer] GPU decode enabled for "I:/MY SDCArds/S22 ultra/Camera/20250225_223038.heic"
[ "01:31:53.950" ][VideoThumbnailer] Entering extractFrame for "I:/MY SDCArds/S22 ultra/Camera/20250319_200553.heic"
[ "01:31:53.972" ][VideoThumbnailer] Entering extractFrame for "I:/MY SDCArds/S22 ultra/Camera/4eb33c89b76a386ce771423c5475cd55.mp4"
[ "01:31:53.979" ][VideoThumbnailer] Entering extractFrame for "I:/MY SDCArds/S22 ultra/Camera/20250323_173846.heic"
[ "01:31:53.980" ][VideoThumbnailer] GPU decode enabled for "I:/MY SDCArds/S22 ultra/Camera/20250319_200553.heic"
[ "01:31:53.989" ][VideoThumbnailer] GPU decode enabled for "I:/MY SDCArds/S22 ultra/Camera/4eb33c89b76a386ce771423c5475cd55.mp4"
[ "01:31:54.004" ][VideoThumbnailer] Entering extractFrame for "I:/MY SDCArds/S22 ultra/Camera/056dff2ae2f24270add40b70a8263e16.mp4"
[ "01:31:54.004" ][VideoThumbnailer] Entering extractFrame for "I:/MY SDCArds/S22 ultra/Camera/20250826_164357.heic"
[ "01:31:54.016" ][VideoThumbnailer] Entering extractFrame for "I:/MY SDCArds/S22 ultra/Camera/20250227_180435.heic"
[ "01:31:54.018" ][SystemMonitor] Stats Update: CPU App: 28.9063 % | Sys: 71.0938 % | RAM App: 30611.7 MB | Sys Avail: 4621.34 MB / 65466.5 MB
[SystemMonitor] Resource Update: RAM: 30611.7 MB (Delta: 240.738 ) | VRAM: 83.293 MB (Delta: 0 )
[Diagnostics] CRITICAL: "Load stalled for 19s. Pending: 8. Stuck: I:/MY SDCArds/S22 ultra/Camera/056dff2ae2f24270add40b70a8263e16.mp4, I:/MY SDCArds/S22 ultra/Camera/20250222_140835.jpg?idx=1459, I:/MY SDCArds/S22 ultra/Camera/20250227_180435.heic?idx=1452, I:/MY..."
[DiagnosticsUI] CRITICAL ISSUE: Load stalled for 19s. Pending: 8. Stuck: I:/MY SDCArds/S22 ultra/Camera/056dff2ae2f24270add40b70a8263e16.mp4, I:/MY SDCArds/S22 ultra/Camera/20250222_140835.jpg?idx=1459, I:/MY SDCArds/S22 ultra/Camera/20250227_180435.heic?idx=1452, I:/MY...
[ "01:31:54.064" ][VideoThumbnailer] GPU decode enabled for "I:/MY SDCArds/S22 ultra/Camera/20250323_173846.heic"
[ "01:31:54.074" ][VideoThumbnailer] GPU decode enabled for "I:/MY SDCArds/S22 ultra/Camera/20250227_180435.heic"
[ "01:31:54.087" ][VideoThumbnailer] Entering extractFrame for "I:/MY SDCArds/S22 ultra/Camera/5aff3e2dc65647f1251e942612c4f04b.mp4"
[ "01:31:54.108" ][VideoThumbnailer] GPU decode enabled for "I:/MY SDCArds/S22 ultra/Camera/5aff3e2dc65647f1251e942612c4f04b.mp4"
[ "01:31:54.115" ][VideoThumbnailer] Entering extractFrame for "I:/MY SDCArds/S22 ultra/Camera/01cd8d184f0f8aae46d7ac9d344bf736.mp4"
[ "01:31:54.122" ][VideoThumbnailer] GPU decode enabled for "I:/MY SDCArds/S22 ultra/Camera/01cd8d184f0f8aae46d7ac9d344bf736.mp4"
[ "01:31:54.190" ][VideoThumbnailer] Entering extractFrame for "I:/MY SDCArds/S22 ultra/Camera/20250708_104942.heic"
[ "01:31:54.190" ][VideoThumbnailer] Entering extractFrame for "I:/MY SDCArds/S22 ultra/Camera/20250708_105339.heic"
[ "01:31:54.190" ][VideoThumbnailer] Entering extractFrame for "I:/MY SDCArds/S22 ultra/Camera/20250708_105354.heic"
[ "01:31:54.270" ][VideoThumbnailer] GPU decode enabled for "I:/MY SDCArds/S22 ultra/Camera/20250708_104942.heic"
[ "01:31:54.274" ][VideoThumbnailer] GPU decode enabled for "I:/MY SDCArds/S22 ultra/Camera/20250708_105339.heic"
[ "01:31:54.282" ][VideoThumbnailer] GPU decode enabled for "I:/MY SDCArds/S22 ultra/Camera/20250708_105354.heic"
[ "01:31:54.328" ][VideoThumbnailer] Entering extractFrame for "I:/MY SDCArds/S22 ultra/Camera/056dff2ae2f24270add40b70a8263e16.mp4"
[ "01:31:54.333" ][VideoThumbnailer] Entering extractFrame for "I:/MY SDCArds/S22 ultra/Camera/20250708_105346.heic"
[ "01:31:54.340" ][VideoThumbnailer] GPU decode enabled for "I:/MY SDCArds/S22 ultra/Camera/056dff2ae2f24270add40b70a8263e16.mp4"
[ "01:31:54.340" ][VideoThumbnailer] Entering extractFrame for "I:/MY SDCArds/S22 ultra/Camera/069137efc3b20bc4cebcc654c5884f14.mp4"
[ "01:31:54.415" ][VideoThumbnailer] GPU decode enabled for "I:/MY SDCArds/S22 ultra/Camera/20250708_105346.heic"
[ "01:31:54.416" ][VideoThumbnailer] GPU decode enabled for "I:/MY SDCArds/S22 ultra/Camera/069137efc3b20bc4cebcc654c5884f14.mp4"
[AdaptiveIO] Stats:  "I:/"  Avg:  137.595  Limit:  4  ActiveWeight:  8
[ "01:31:54.459" ][VideoThumbnailer] Entering extractFrame for "I:/MY SDCArds/S22 ultra/Camera/58fdc7b732bdee96c371b6a9c3f02bbb.mp4"
TelemetryMonitor: Processed 300 frames. Current FPS: 62
[ "01:31:54.501" ][VideoThumbnailer] Entering extractFrame for "I:/MY SDCArds/S22 ultra/Camera/65de94cd190e4c857f3f117d49a42860.mp4"
[ "01:31:54.553" ][VideoThumbnailer] Entering extractFrame for "I:/MY SDCArds/S22 ultra/Camera/20250520_131156.heic"
[ "01:31:54.553" ][VideoThumbnailer] Entering extractFrame for "I:/MY SDCArds/S22 ultra/Camera/070d55d441509f358e66bf20183195b5.mp4"
[ "01:31:54.566" ][VideoThumbnailer] Entering extractFrame for "I:/MY SDCArds/S22 ultra/Camera/73c8ff94adad83bce000ded5968cf9b9.mp4"
[ "01:31:54.577" ][VideoThumbnailer] Entering extractFrame for "I:/MY SDCArds/S22 ultra/Camera/ec618d97d534ccc60544ab32f27d4bb5.mp4"
[ "01:31:54.626" ][VideoThumbnailer] Entering extractFrame for "I:/MY SDCArds/S22 ultra/Camera/a3381531c0678086b742d906c0c99754.mp4"
[ "01:31:54.627" ][VideoThumbnailer] Entering extractFrame for "I:/MY SDCArds/S22 ultra/Camera/849e3afbf19e6f76c499963247a3f97a.mp4"
[ "01:31:54.645" ][VideoThumbnailer] GPU decode enabled for "I:/MY SDCArds/S22 ultra/Camera/20250520_131156.heic"
[ "01:31:54.675" ][VideoThumbnailer] Entering extractFrame for "I:/MY SDCArds/S22 ultra/Camera/73ca2ba6f5be15670fb5c54309283b9d.mp4"
[ "01:31:54.693" ][VideoThumbnailer] Entering extractFrame for "I:/MY SDCArds/S22 ultra/Camera/76f14fb3d33e99d9e449cad3b8e408a1.mp4"
[ "01:31:54.693" ][VideoThumbnailer] Entering extractFrame for "I:/MY SDCArds/S22 ultra/Camera/20250916_114109.heic"
[ "01:31:54.743" ][VideoThumbnailer] Entering extractFrame for "I:/MY SDCArds/S22 ultra/Camera/20250326_202614.heic"
[ "01:31:54.744" ][VideoThumbnailer] Entering extractFrame for "I:/MY SDCArds/S22 ultra/Camera/83faf13f31b9863be2207767837a1d48.mp4"
[ "01:31:54.753" ][VideoThumbnailer] Entering extractFrame for "I:/MY SDCArds/S22 ultra/Camera/87fc39454200d213e1a16c81ee0e6a1d.mp4"
[ "01:31:54.768" ][VideoThumbnailer] Entering extractFrame for "I:/MY SDCArds/S22 ultra/Camera/96ad5fbda2c723152e1779a891e1bba5.mp4"
[ "01:31:54.837" ][VideoThumbnailer] Entering extractFrame for "I:/MY SDCArds/S22 ultra/Camera/129e42681cac315687ba79e014fd37fa.mp4"
[ "01:31:54.856" ][VideoThumbnailer] GPU decode enabled for "I:/MY SDCArds/S22 ultra/Camera/20250326_202614.heic"
[ "01:31:54.866" ][VideoThumbnailer] Entering extractFrame for "I:/MY SDCArds/S22 ultra/Camera/244cd01932b98c5592f03d82be7b4795.mp4"
[ "01:31:54.901" ][VideoThumbnailer] Entering extractFrame for "I:/MY SDCArds/S22 ultra/Camera/20251025_151633.heic"
[ "01:31:54.902" ][VideoThumbnailer] Entering extractFrame for "I:/MY SDCArds/S22 ultra/Camera/305fd731c329dd1439aee9a4ea83b31a.mp4"
[ "01:31:54.911" ][VideoThumbnailer] Entering extractFrame for "I:/MY SDCArds/S22 ultra/Camera/20250520_125617.heic"
[ "01:31:54.916" ][VideoThumbnailer] Entering extractFrame for "I:/MY SDCArds/S22 ultra/Camera/20250515_155941.heic"
[ "01:31:54.931" ][VideoThumbnailer] Entering extractFrame for "I:/MY SDCArds/S22 ultra/Camera/20250314_203008.mp4"
[ "01:31:54.977" ][VideoThumbnailer] GPU decode enabled for "I:/MY SDCArds/S22 ultra/Camera/20250515_155941.heic"
[ "01:31:54.993" ][FFmpeg Warn] "Stream #0: not enough frames to estimate rate; consider increasing probesize"
[ "01:31:54.993" ][FFmpeg Warn] "Stream #1: not enough frames to estimate rate; consider increasing probesize"
[ "01:31:54.994" ][FFmpeg Warn] "Stream #2: not enough frames to estimate rate; consider increasing probesize"
[ "01:31:54.994" ][FFmpeg Warn] "Stream #3: not enough frames to estimate rate; consider increasing probesize"
[ "01:31:54.994" ][FFmpeg Warn] "Stream #4: not enough frames to estimate rate; consider increasing probesize"
[ "01:31:54.994" ][FFmpeg Warn] "Stream #5: not enough frames to estimate rate; consider increasing probesize"
[ "01:31:54.994" ][FFmpeg Warn] "Stream #6: not enough frames to estimate rate; consider increasing probesize"
[ "01:31:54.994" ][FFmpeg Warn] "Stream #7: not enough frames to estimate rate; consider increasing probesize"
[ "01:31:54.994" ][FFmpeg Warn] "Stream #8: not enough frames to estimate rate; consider increasing probesize"
[ "01:31:54.994" ][FFmpeg Warn] "Stream #9: not enough frames to estimate rate; consider increasing probesize"
[ "01:31:54.994" ][FFmpeg Warn] "Stream #10: not enough frames to estimate rate; consider increasing probesize"
[ "01:31:54.994" ][FFmpeg Warn] "Stream #11: not enough frames to estimate rate; consider increasing probesize"
[ "01:31:54.994" ][FFmpeg Warn] "Stream #12: not enough frames to estimate rate; consider increasing probesize"
[ "01:31:54.994" ][FFmpeg Warn] "Stream #13: not enough frames to estimate rate; consider increasing probesize"
[ "01:31:54.994" ][FFmpeg Warn] "Stream #14: not enough frames to estimate rate; consider increasing probesize"
[ "01:31:54.994" ][FFmpeg Warn] "Stream #15: not enough frames to estimate rate; consider increasing probesize"
[ "01:31:54.994" ][FFmpeg Warn] "Stream #16: not enough frames to estimate rate; consider increasing probesize"
[ "01:31:54.994" ][FFmpeg Warn] "Stream #17: not enough frames to estimate rate; consider increasing probesize"
[ "01:31:54.994" ][FFmpeg Warn] "Stream #18: not enough frames to estimate rate; consider increasing probesize"
[ "01:31:54.994" ][FFmpeg Warn] "Stream #19: not enough frames to estimate rate; consider increasing probesize"
[ "01:31:54.994" ][FFmpeg Warn] "Stream #20: not enough frames to estimate rate; consider increasing probesize"
[ "01:31:54.994" ][FFmpeg Warn] "Stream #21: not enough frames to estimate rate; consider increasing probesize"
[ "01:31:54.994" ][FFmpeg Warn] "Stream #22: not enough frames to estimate rate; consider increasing probesize"
[ "01:31:54.994" ][FFmpeg Warn] "Stream #23: not enough frames to estimate rate; consider increasing probesize"
[ "01:31:54.994" ][FFmpeg Warn] "Stream #24: not enough frames to estimate rate; consider increasing probesize"
[ "01:31:54.994" ][FFmpeg Warn] "Stream #25: not enough frames to estimate rate; consider increasing probesize"
[ "01:31:54.994" ][FFmpeg Warn] "Stream #26: not enough frames to estimate rate; consider increasing probesize"
[ "01:31:54.994" ][FFmpeg Warn] "Stream #27: not enough frames to estimate rate; consider increasing probesize"
[ "01:31:54.994" ][FFmpeg Warn] "Stream #28: not enough frames to estimate rate; consider increasing probesize"
[ "01:31:54.994" ][FFmpeg Warn] "Stream #29: not enough frames to estimate rate; consider increasing probesize"
[ "01:31:54.994" ][FFmpeg Warn] "Stream #30: not enough frames to estimate rate; consider increasing probesize"
[ "01:31:54.994" ][FFmpeg Warn] "Stream #31: not enough frames to estimate rate; consider increasing probesize"
[ "01:31:54.994" ][FFmpeg Warn] "Stream #32: not enough frames to estimate rate; consider increasing probesize"
[ "01:31:54.995" ][FFmpeg Warn] "Stream #33: not enough frames to estimate rate; consider increasing probesize"
[ "01:31:54.995" ][FFmpeg Warn] "Stream #34: not enough frames to estimate rate; consider increasing probesize"
[ "01:31:54.995" ][FFmpeg Warn] "Stream #35: not enough frames to estimate rate; consider increasing probesize"
[ "01:31:54.995" ][FFmpeg Warn] "Stream #36: not enough frames to estimate rate; consider increasing probesize"
[ "01:31:54.995" ][FFmpeg Warn] "Stream #37: not enough frames to estimate rate; consider increasing probesize"
[ "01:31:54.995" ][FFmpeg Warn] "Stream #38: not enough frames to estimate rate; consider increasing probesize"
[ "01:31:54.995" ][FFmpeg Warn] "Stream #39: not enough frames to estimate rate; consider increasing probesize"
[ "01:31:54.995" ][FFmpeg Warn] "Stream #40: not enough frames to estimate rate; consider increasing probesize"
[ "01:31:54.995" ][FFmpeg Warn] "Stream #41: not enough frames to estimate rate; consider increasing probesize"
[ "01:31:54.995" ][FFmpeg Warn] "Stream #42: not enough frames to estimate rate; consider increasing probesize"
[ "01:31:54.995" ][FFmpeg Warn] "Stream #43: not enough frames to estimate rate; consider increasing probesize"
[ "01:31:54.995" ][FFmpeg Warn] "Stream #44: not enough frames to estimate rate; consider increasing probesize"
[ "01:31:54.995" ][FFmpeg Warn] "Stream #45: not enough frames to estimate rate; consider increasing probesize"
[ "01:31:54.995" ][FFmpeg Warn] "Stream #46: not enough frames to estimate rate; consider increasing probesize"
[ "01:31:54.995" ][FFmpeg Warn] "Stream #47: not enough frames to estimate rate; consider increasing probesize"
[ "01:31:54.995" ][FFmpeg Warn] "Stream #48: not enough frames to estimate rate; consider increasing probesize"
[ "01:31:54.996" ][VideoThumbnailer] GPU decode enabled for "I:/MY SDCArds/S22 ultra/Camera/20250520_125617.heic"
[ "01:31:55.009" ][VideoThumbnailer] Entering extractFrame for "I:/MY SDCArds/S22 ultra/Camera/20250515_155940.heic"
[ "01:31:55.020" ][SystemMonitor] Stats Update: CPU App: 35.4167 % | Sys: 85.9375 % | RAM App: 30973 MB | Sys Avail: 4251.84 MB / 65466.5 MB
[SystemMonitor] Resource Update: RAM: 30973 MB (Delta: 361.285 ) | VRAM: 85.293 MB (Delta: 2 )
[Diagnostics] CRITICAL: "Load stalled for 20s. Pending: 13. Stuck: I:/MY SDCArds/S22 ultra/Camera/20250314_203008.mp4?idx=1433, I:/MY SDCArds/S22 ultra/Camera/20250401_092602.jpg?idx=1395, I:/MY SDCArds/S22 ultra/Camera/20250515_155940.heic?idx=1310, I:/MY SDCArds..."
[DiagnosticsUI] CRITICAL ISSUE: Load stalled for 20s. Pending: 13. Stuck: I:/MY SDCArds/S22 ultra/Camera/20250314_203008.mp4?idx=1433, I:/MY SDCArds/S22 ultra/Camera/20250401_092602.jpg?idx=1395, I:/MY SDCArds/S22 ultra/Camera/20250515_155940.heic?idx=1310, I:/MY SDCArds...
[ "01:31:55.045" ][VideoThumbnailer] GPU decode enabled for "I:/MY SDCArds/S22 ultra/Camera/20250515_155940.heic"
[ "01:31:55.103" ][VideoThumbnailer] Entering extractFrame for "I:/MY SDCArds/S22 ultra/Camera/20251024_211432.heic"
[ "01:31:55.106" ][VideoThumbnailer] Entering extractFrame for "I:/MY SDCArds/S22 ultra/Camera/359a15de79c48405f2d5da40640b97b5.mp4"
[ "01:31:55.106" ][VideoThumbnailer] Entering extractFrame for "I:/MY SDCArds/S22 ultra/Camera/20251024_124546.heic"
[ "01:31:55.116" ][VideoThumbnailer] Entering extractFrame for "I:/MY SDCArds/S22 ultra/Camera/20250313_150853.heic"
[ "01:31:55.138" ][VideoThumbnailer] Entering extractFrame for "I:/MY SDCArds/S22 ultra/Camera/622b1a61d57021a5cfb554d92243e192.mp4"
[ "01:31:55.160" ][VideoThumbnailer] GPU decode enabled for "I:/MY SDCArds/S22 ultra/Camera/20250313_150853.heic"
[ "01:31:55.163" ][VideoThumbnailer] Entering extractFrame for "I:/MY SDCArds/S22 ultra/Camera/532d8ad6009f7a76f0f7b3e96fdeb1c8.mp4"
[ "01:31:55.179" ][VideoThumbnailer] Entering extractFrame for "I:/MY SDCArds/S22 ultra/Camera/698ec1107c3134347d2d3b329f6d5748.mp4"
[ "01:31:55.195" ][VideoThumbnailer] Entering extractFrame for "I:/MY SDCArds/S22 ultra/Camera/0833fe746c091f2e1447cbdc6712279a.mp4"
[ "01:31:55.217" ][VideoThumbnailer] Entering extractFrame for "I:/MY SDCArds/S22 ultra/Camera/20250317_183033.heic"
[AdaptiveIO] Stats:  "I:/"  Avg:  59.9443  Limit:  4  ActiveWeight:  9
[ "01:31:55.249" ][VideoThumbnailer] GPU decode enabled for "I:/MY SDCArds/S22 ultra/Camera/20250314_203008.mp4"
[ "01:31:55.249" ][VideoThumbnailer] Entering extractFrame for "I:/MY SDCArds/S22 ultra/Screen recordings/Screen_Recording_20250723_213445_YouTube.mp4"
[ "01:31:55.258" ][VideoThumbnailer] GPU decode enabled for "I:/MY SDCArds/S22 ultra/Camera/20250317_183033.heic"
[ "01:31:55.302" ][VideoThumbnailer] Entering extractFrame for "I:/MY SDCArds/S22 ultra/Camera/20250317_102744.heic"
[ "01:31:55.333" ][VideoThumbnailer] GPU decode enabled for "I:/MY SDCArds/S22 ultra/Camera/20250317_102744.heic"
[ "01:31:55.345" ][VideoThumbnailer] GPU decode enabled for "I:/MY SDCArds/S22 ultra/Screen recordings/Screen_Recording_20250723_213445_YouTube.mp4"
[ "01:31:55.370" ][VideoThumbnailer] Entering extractFrame for "I:/MY SDCArds/S22 ultra/Camera/20250316_165036.heic"
[ "01:31:55.393" ][VideoThumbnailer] Entering extractFrame for "I:/MY SDCArds/S22 ultra/Camera/863ba5b6a6a1e27ebf88d2b96d3a72ba.mp4"
[ "01:31:55.396" ][VideoThumbnailer] GPU decode enabled for "I:/MY SDCArds/S22 ultra/Camera/20250316_165036.heic"
[ "01:31:55.404" ][VideoThumbnailer] Entering extractFrame for "I:/MY SDCArds/S22 ultra/Snapchat/Snapchat-315429331.mp4"
[ "01:31:55.404" ][VideoThumbnailer] Entering extractFrame for "I:/MY SDCArds/S22 ultra/Camera/20250510_135321.heic"
[ "01:31:55.416" ][VideoThumbnailer] Entering extractFrame for "I:/MY SDCArds/S22 ultra/Snapchat/Snapchat-960036586.mp4"
[ "01:31:55.426" ][VideoThumbnailer] Entering extractFrame for "I:/MY SDCArds/S22 ultra/Camera/937b9d9fb5fecb91f26651cad138c9f2.mp4"
[ "01:31:55.426" ][VideoThumbnailer] Entering extractFrame for "I:/MY SDCArds/S22 ultra/Camera/20250512_085416.heic"
[ "01:31:55.448" ][VideoThumbnailer] GPU decode enabled for "I:/MY SDCArds/S22 ultra/Camera/20250512_085416.heic"
[ "01:31:55.452" ][VideoThumbnailer] GPU decode enabled for "I:/MY SDCArds/S22 ultra/Camera/20250510_135321.heic"
[ "01:31:55.464" ][VideoThumbnailer] Entering extractFrame for "I:/MY SDCArds/S22 ultra/Camera/909c35d7aa2bf2cc78f973e0bcffcadb.mp4"
[ "01:31:55.503" ][VideoThumbnailer] Entering extractFrame for "I:/MY SDCArds/S22 ultra/Camera/20250605_131909.heic"
[ "01:31:55.515" ][VideoThumbnailer] Entering extractFrame for "I:/MY SDCArds/S22 ultra/Camera/20250323_174618.heic"
[ "01:31:55.520" ][VideoThumbnailer] Entering extractFrame for "I:/MY SDCArds/S22 ultra/Camera/20250323_174615.heic"
[ "01:31:55.550" ][VideoThumbnailer] GPU decode enabled for "I:/MY SDCArds/S22 ultra/Camera/20250605_131909.heic"
[ "01:31:55.573" ][FFmpeg Warn] "Stream #0: not enough frames to estimate rate; consider increasing probesize"
[ "01:31:55.573" ][FFmpeg Warn] "Stream #1: not enough frames to estimate rate; consider increasing probesize"
[ "01:31:55.573" ][FFmpeg Warn] "Stream #2: not enough frames to estimate rate; consider increasing probesize"
[ "01:31:55.573" ][FFmpeg Warn] "Stream #3: not enough frames to estimate rate; consider increasing probesize"
[ "01:31:55.573" ][FFmpeg Warn] "Stream #4: not enough frames to estimate rate; consider increasing probesize"
[ "01:31:55.573" ][FFmpeg Warn] "Stream #5: not enough frames to estimate rate; consider increasing probesize"
[ "01:31:55.573" ][FFmpeg Warn] "Stream #6: not enough frames to estimate rate; consider increasing probesize"
[ "01:31:55.573" ][FFmpeg Warn] "Stream #7: not enough frames to estimate rate; consider increasing probesize"
[ "01:31:55.573" ][FFmpeg Warn] "Stream #8: not enough frames to estimate rate; consider increasing probesize"
[ "01:31:55.573" ][FFmpeg Warn] "Stream #9: not enough frames to estimate rate; consider increasing probesize"
[ "01:31:55.573" ][FFmpeg Warn] "Stream #10: not enough frames to estimate rate; consider increasing probesize"
[ "01:31:55.573" ][FFmpeg Warn] "Stream #11: not enough frames to estimate rate; consider increasing probesize"
[ "01:31:55.573" ][FFmpeg Warn] "Stream #12: not enough frames to estimate rate; consider increasing probesize"
[ "01:31:55.573" ][FFmpeg Warn] "Stream #13: not enough frames to estimate rate; consider increasing probesize"
[ "01:31:55.573" ][FFmpeg Warn] "Stream #14: not enough frames to estimate rate; consider increasing probesize"
[ "01:31:55.573" ][FFmpeg Warn] "Stream #15: not enough frames to estimate rate; consider increasing probesize"
[ "01:31:55.573" ][FFmpeg Warn] "Stream #16: not enough frames to estimate rate; consider increasing probesize"
[ "01:31:55.573" ][FFmpeg Warn] "Stream #17: not enough frames to estimate rate; consider increasing probesize"
[ "01:31:55.573" ][FFmpeg Warn] "Stream #18: not enough frames to estimate rate; consider increasing probesize"
[ "01:31:55.573" ][FFmpeg Warn] "Stream #19: not enough frames to estimate rate; consider increasing probesize"
[ "01:31:55.573" ][FFmpeg Warn] "Stream #20: not enough frames to estimate rate; consider increasing probesize"
[ "01:31:55.573" ][FFmpeg Warn] "Stream #21: not enough frames to estimate rate; consider increasing probesize"
[ "01:31:55.573" ][FFmpeg Warn] "Stream #22: not enough frames to estimate rate; consider increasing probesize"
[ "01:31:55.573" ][FFmpeg Warn] "Stream #23: not enough frames to estimate rate; consider increasing probesize"
[ "01:31:55.573" ][FFmpeg Warn] "Stream #24: not enough frames to estimate rate; consider increasing probesize"
[ "01:31:55.573" ][FFmpeg Warn] "Stream #25: not enough frames to estimate rate; consider increasing probesize"
[ "01:31:55.573" ][FFmpeg Warn] "Stream #26: not enough frames to estimate rate; consider increasing probesize"
[ "01:31:55.573" ][FFmpeg Warn] "Stream #27: not enough frames to estimate rate; consider increasing probesize"
[ "01:31:55.573" ][FFmpeg Warn] "Stream #28: not enough frames to estimate rate; consider increasing probesize"
[ "01:31:55.573" ][FFmpeg Warn] "Stream #29: not enough frames to estimate rate; consider increasing probesize"
[ "01:31:55.573" ][FFmpeg Warn] "Stream #30: not enough frames to estimate rate; consider increasing probesize"
[ "01:31:55.573" ][FFmpeg Warn] "Stream #31: not enough frames to estimate rate; consider increasing probesize"
[ "01:31:55.573" ][FFmpeg Warn] "Stream #32: not enough frames to estimate rate; consider increasing probesize"
[ "01:31:55.573" ][FFmpeg Warn] "Stream #33: not enough frames to estimate rate; consider increasing probesize"
[ "01:31:55.573" ][FFmpeg Warn] "Stream #34: not enough frames to estimate rate; consider increasing probesize"
[ "01:31:55.573" ][FFmpeg Warn] "Stream #35: not enough frames to estimate rate; consider increasing probesize"
[ "01:31:55.573" ][FFmpeg Warn] "Stream #36: not enough frames to estimate rate; consider increasing probesize"
[ "01:31:55.573" ][FFmpeg Warn] "Stream #37: not enough frames to estimate rate; consider increasing probesize"
[ "01:31:55.573" ][FFmpeg Warn] "Stream #38: not enough frames to estimate rate; consider increasing probesize"
[ "01:31:55.573" ][FFmpeg Warn] "Stream #39: not enough frames to estimate rate; consider increasing probesize"
[ "01:31:55.573" ][FFmpeg Warn] "Stream #40: not enough frames to estimate rate; consider increasing probesize"
[ "01:31:55.573" ][FFmpeg Warn] "Stream #41: not enough frames to estimate rate; consider increasing probesize"
[ "01:31:55.574" ][FFmpeg Warn] "Stream #42: not enough frames to estimate rate; consider increasing probesize"
[ "01:31:55.574" ][FFmpeg Warn] "Stream #43: not enough frames to estimate rate; consider increasing probesize"
[ "01:31:55.574" ][FFmpeg Warn] "Stream #44: not enough frames to estimate rate; consider increasing probesize"
[ "01:31:55.574" ][FFmpeg Warn] "Stream #45: not enough frames to estimate rate; consider increasing probesize"
[ "01:31:55.574" ][FFmpeg Warn] "Stream #46: not enough frames to estimate rate; consider increasing probesize"
[ "01:31:55.574" ][FFmpeg Warn] "Stream #47: not enough frames to estimate rate; consider increasing probesize"
[ "01:31:55.574" ][FFmpeg Warn] "Stream #48: not enough frames to estimate rate; consider increasing probesize"
[ "01:31:55.575" ][VideoThumbnailer] GPU decode enabled for "I:/MY SDCArds/S22 ultra/Camera/20250323_174618.heic"
[ "01:31:55.588" ][VideoThumbnailer] Entering extractFrame for "I:/MY SDCArds/S22 ultra/Camera/20250718_180736.mp4"
[ "01:31:55.600" ][FFmpeg Warn] "Stream #0: not enough frames to estimate rate; consider increasing probesize"
[ "01:31:55.600" ][FFmpeg Warn] "Stream #1: not enough frames to estimate rate; consider increasing probesize"
[ "01:31:55.600" ][FFmpeg Warn] "Stream #2: not enough frames to estimate rate; consider increasing probesize"
[ "01:31:55.600" ][FFmpeg Warn] "Stream #3: not enough frames to estimate rate; consider increasing probesize"
[ "01:31:55.600" ][FFmpeg Warn] "Stream #4: not enough frames to estimate rate; consider increasing probesize"
[ "01:31:55.600" ][FFmpeg Warn] "Stream #5: not enough frames to estimate rate; consider increasing probesize"
[ "01:31:55.600" ][FFmpeg Warn] "Stream #6: not enough frames to estimate rate; consider increasing probesize"
[ "01:31:55.600" ][FFmpeg Warn] "Stream #7: not enough frames to estimate rate; consider increasing probesize"
[ "01:31:55.600" ][FFmpeg Warn] "Stream #8: not enough frames to estimate rate; consider increasing probesize"
[ "01:31:55.600" ][FFmpeg Warn] "Stream #9: not enough frames to estimate rate; consider increasing probesize"
[ "01:31:55.600" ][FFmpeg Warn] "Stream #10: not enough frames to estimate rate; consider increasing probesize"
[ "01:31:55.601" ][FFmpeg Warn] "Stream #11: not enough frames to estimate rate; consider increasing probesize"
[ "01:31:55.601" ][FFmpeg Warn] "Stream #12: not enough frames to estimate rate; consider increasing probesize"
[ "01:31:55.601" ][FFmpeg Warn] "Stream #13: not enough frames to estimate rate; consider increasing probesize"
[ "01:31:55.601" ][FFmpeg Warn] "Stream #14: not enough frames to estimate rate; consider increasing probesize"
[ "01:31:55.601" ][FFmpeg Warn] "Stream #15: not enough frames to estimate rate; consider increasing probesize"
[ "01:31:55.601" ][VideoThumbnailer] Entering extractFrame for "I:/MY SDCArds/S22 ultra/Camera/20250323_174612.heic"
[ "01:31:55.601" ][FFmpeg Warn] "Stream #16: not enough frames to estimate rate; consider increasing probesize"
[ "01:31:55.601" ][FFmpeg Warn] "Stream #17: not enough frames to estimate rate; consider increasing probesize"
[ "01:31:55.601" ][FFmpeg Warn] "Stream #18: not enough frames to estimate rate; consider increasing probesize"
[ "01:31:55.601" ][FFmpeg Warn] "Stream #19: not enough frames to estimate rate; consider increasing probesize"
[ "01:31:55.601" ][FFmpeg Warn] "Stream #20: not enough frames to estimate rate; consider increasing probesize"
[ "01:31:55.601" ][FFmpeg Warn] "Stream #21: not enough frames to estimate rate; consider increasing probesize"
[ "01:31:55.601" ][FFmpeg Warn] "Stream #22: not enough frames to estimate rate; consider increasing probesize"
[ "01:31:55.601" ][FFmpeg Warn] "Stream #23: not enough frames to estimate rate; consider increasing probesize"
[ "01:31:55.601" ][FFmpeg Warn] "Stream #24: not enough frames to estimate rate; consider increasing probesize"
[ "01:31:55.601" ][FFmpeg Warn] "Stream #25: not enough frames to estimate rate; consider increasing probesize"
[ "01:31:55.601" ][FFmpeg Warn] "Stream #26: not enough frames to estimate rate; consider increasing probesize"
[ "01:31:55.601" ][FFmpeg Warn] "Stream #27: not enough frames to estimate rate; consider increasing probesize"
[ "01:31:55.601" ][FFmpeg Warn] "Stream #28: not enough frames to estimate rate; consider increasing probesize"
[ "01:31:55.601" ][FFmpeg Warn] "Stream #29: not enough frames to estimate rate; consider increasing probesize"
[ "01:31:55.601" ][FFmpeg Warn] "Stream #30: not enough frames to estimate rate; consider increasing probesize"
[ "01:31:55.601" ][FFmpeg Warn] "Stream #31: not enough frames to estimate rate; consider increasing probesize"
[ "01:31:55.601" ][FFmpeg Warn] "Stream #32: not enough frames to estimate rate; consider increasing probesize"
[ "01:31:55.601" ][FFmpeg Warn] "Stream #33: not enough frames to estimate rate; consider increasing probesize"
[ "01:31:55.601" ][FFmpeg Warn] "Stream #34: not enough frames to estimate rate; consider increasing probesize"
[ "01:31:55.601" ][FFmpeg Warn] "Stream #35: not enough frames to estimate rate; consider increasing probesize"
[ "01:31:55.601" ][FFmpeg Warn] "Stream #36: not enough frames to estimate rate; consider increasing probesize"
[ "01:31:55.601" ][FFmpeg Warn] "Stream #37: not enough frames to estimate rate; consider increasing probesize"
[ "01:31:55.601" ][FFmpeg Warn] "Stream #38: not enough frames to estimate rate; consider increasing probesize"
[ "01:31:55.601" ][FFmpeg Warn] "Stream #39: not enough frames to estimate rate; consider increasing probesize"
[ "01:31:55.601" ][FFmpeg Warn] "Stream #40: not enough frames to estimate rate; consider increasing probesize"
[ "01:31:55.601" ][FFmpeg Warn] "Stream #41: not enough frames to estimate rate; consider increasing probesize"
[ "01:31:55.601" ][FFmpeg Warn] "Stream #42: not enough frames to estimate rate; consider increasing probesize"
[ "01:31:55.601" ][FFmpeg Warn] "Stream #43: not enough frames to estimate rate; consider increasing probesize"
[ "01:31:55.601" ][FFmpeg Warn] "Stream #44: not enough frames to estimate rate; consider increasing probesize"
[ "01:31:55.601" ][FFmpeg Warn] "Stream #45: not enough frames to estimate rate; consider increasing probesize"
[ "01:31:55.601" ][FFmpeg Warn] "Stream #46: not enough frames to estimate rate; consider increasing probesize"
[ "01:31:55.601" ][FFmpeg Warn] "Stream #47: not enough frames to estimate rate; consider increasing probesize"
[ "01:31:55.602" ][FFmpeg Warn] "Stream #48: not enough frames to estimate rate; consider increasing probesize"
[ "01:31:55.603" ][VideoThumbnailer] GPU decode enabled for "I:/MY SDCArds/S22 ultra/Camera/20250323_174615.heic"
[ "01:31:55.622" ][VideoThumbnailer] GPU decode enabled for "I:/MY SDCArds/S22 ultra/Camera/20250718_180736.mp4"
[ "01:31:55.627" ][VideoThumbnailer] Entering extractFrame for "I:/MY SDCArds/S22 ultra/Camera/20250530_184527.heic"
[ "01:31:55.667" ][VideoThumbnailer] GPU decode enabled for "I:/MY SDCArds/S22 ultra/Camera/20250323_174612.heic"
[ "01:31:55.693" ][VideoThumbnailer] GPU decode enabled for "I:/MY SDCArds/S22 ultra/Camera/20250530_184527.heic"
[ "01:31:55.715" ][VideoThumbnailer] Entering extractFrame for "I:/MY SDCArds/S22 ultra/Camera/20250323_174600.heic"
[ "01:31:55.737" ][VideoThumbnailer] Entering extractFrame for "I:/MY SDCArds/S22 ultra/Camera/20251015_125627.heic"
[ "01:31:55.778" ][VideoThumbnailer] Entering extractFrame for "I:/MY SDCArds/S22 ultra/Camera/946d1797055b1d45ed9ba152c6d4db11.mp4"
[ "01:31:55.778" ][FFmpeg Warn] "Stream #0: not enough frames to estimate rate; consider increasing probesize"
[ "01:31:55.778" ][FFmpeg Warn] "Stream #1: not enough frames to estimate rate; consider increasing probesize"
[ "01:31:55.778" ][VideoThumbnailer] Entering extractFrame for "I:/MY SDCArds/S22 ultra/Camera/20250323_174603.heic"
[ "01:31:55.778" ][FFmpeg Warn] "Stream #2: not enough frames to estimate rate; consider increasing probesize"
[ "01:31:55.778" ][FFmpeg Warn] "Stream #3: not enough frames to estimate rate; consider increasing probesize"
[ "01:31:55.778" ][FFmpeg Warn] "Stream #4: not enough frames to estimate rate; consider increasing probesize"
[ "01:31:55.779" ][FFmpeg Warn] "Stream #5: not enough frames to estimate rate; consider increasing probesize"
[ "01:31:55.779" ][FFmpeg Warn] "Stream #6: not enough frames to estimate rate; consider increasing probesize"
[ "01:31:55.779" ][FFmpeg Warn] "Stream #7: not enough frames to estimate rate; consider increasing probesize"
[ "01:31:55.779" ][FFmpeg Warn] "Stream #8: not enough frames to estimate rate; consider increasing probesize"
[ "01:31:55.779" ][FFmpeg Warn] "Stream #9: not enough frames to estimate rate; consider increasing probesize"
[ "01:31:55.779" ][FFmpeg Warn] "Stream #10: not enough frames to estimate rate; consider increasing probesize"
[ "01:31:55.779" ][FFmpeg Warn] "Stream #11: not enough frames to estimate rate; consider increasing probesize"
[ "01:31:55.779" ][FFmpeg Warn] "Stream #12: not enough frames to estimate rate; consider increasing probesize"
[ "01:31:55.779" ][FFmpeg Warn] "Stream #13: not enough frames to estimate rate; consider increasing probesize"
[ "01:31:55.779" ][FFmpeg Warn] "Stream #14: not enough frames to estimate rate; consider increasing probesize"
[ "01:31:55.779" ][FFmpeg Warn] "Stream #15: not enough frames to estimate rate; consider increasing probesize"
[ "01:31:55.779" ][FFmpeg Warn] "Stream #16: not enough frames to estimate rate; consider increasing probesize"
[ "01:31:55.779" ][FFmpeg Warn] "Stream #17: not enough frames to estimate rate; consider increasing probesize"
[ "01:31:55.779" ][FFmpeg Warn] "Stream #18: not enough frames to estimate rate; consider increasing probesize"
[ "01:31:55.779" ][FFmpeg Warn] "Stream #19: not enough frames to estimate rate; consider increasing probesize"
[ "01:31:55.779" ][FFmpeg Warn] "Stream #20: not enough frames to estimate rate; consider increasing probesize"
[ "01:31:55.779" ][FFmpeg Warn] "Stream #21: not enough frames to estimate rate; consider increasing probesize"
[ "01:31:55.779" ][FFmpeg Warn] "Stream #22: not enough frames to estimate rate; consider increasing probesize"
[ "01:31:55.779" ][FFmpeg Warn] "Stream #23: not enough frames to estimate rate; consider increasing probesize"
[ "01:31:55.779" ][FFmpeg Warn] "Stream #24: not enough frames to estimate rate; consider increasing probesize"
[ "01:31:55.779" ][FFmpeg Warn] "Stream #25: not enough frames to estimate rate; consider increasing probesize"
[ "01:31:55.779" ][FFmpeg Warn] "Stream #26: not enough frames to estimate rate; consider increasing probesize"
[ "01:31:55.779" ][FFmpeg Warn] "Stream #27: not enough frames to estimate rate; consider increasing probesize"
[ "01:31:55.779" ][FFmpeg Warn] "Stream #28: not enough frames to estimate rate; consider increasing probesize"
[ "01:31:55.779" ][FFmpeg Warn] "Stream #29: not enough frames to estimate rate; consider increasing probesize"
[ "01:31:55.779" ][FFmpeg Warn] "Stream #30: not enough frames to estimate rate; consider increasing probesize"
[ "01:31:55.779" ][FFmpeg Warn] "Stream #31: not enough frames to estimate rate; consider increasing probesize"
[ "01:31:55.779" ][FFmpeg Warn] "Stream #32: not enough frames to estimate rate; consider increasing probesize"
[ "01:31:55.779" ][FFmpeg Warn] "Stream #33: not enough frames to estimate rate; consider increasing probesize"
[ "01:31:55.779" ][FFmpeg Warn] "Stream #34: not enough frames to estimate rate; consider increasing probesize"
[ "01:31:55.779" ][FFmpeg Warn] "Stream #35: not enough frames to estimate rate; consider increasing probesize"
[ "01:31:55.779" ][FFmpeg Warn] "Stream #36: not enough frames to estimate rate; consider increasing probesize"
[ "01:31:55.779" ][FFmpeg Warn] "Stream #37: not enough frames to estimate rate; consider increasing probesize"
[ "01:31:55.779" ][FFmpeg Warn] "Stream #38: not enough frames to estimate rate; consider increasing probesize"
[ "01:31:55.779" ][FFmpeg Warn] "Stream #39: not enough frames to estimate rate; consider increasing probesize"
[ "01:31:55.779" ][FFmpeg Warn] "Stream #40: not enough frames to estimate rate; consider increasing probesize"
[ "01:31:55.779" ][FFmpeg Warn] "Stream #41: not enough frames to estimate rate; consider increasing probesize"
[ "01:31:55.779" ][FFmpeg Warn] "Stream #42: not enough frames to estimate rate; consider increasing probesize"
[ "01:31:55.779" ][FFmpeg Warn] "Stream #43: not enough frames to estimate rate; consider increasing probesize"
[ "01:31:55.779" ][FFmpeg Warn] "Stream #44: not enough frames to estimate rate; consider increasing probesize"
[ "01:31:55.779" ][FFmpeg Warn] "Stream #45: not enough frames to estimate rate; consider increasing probesize"
[ "01:31:55.780" ][FFmpeg Warn] "Stream #46: not enough frames to estimate rate; consider increasing probesize"
[ "01:31:55.780" ][FFmpeg Warn] "Stream #47: not enough frames to estimate rate; consider increasing probesize"
[ "01:31:55.780" ][FFmpeg Warn] "Stream #48: not enough frames to estimate rate; consider increasing probesize"
[ "01:31:55.781" ][VideoThumbnailer] GPU decode enabled for "I:/MY SDCArds/S22 ultra/Camera/20250323_174600.heic"
[ "01:31:55.822" ][VideoThumbnailer] Entering extractFrame for "I:/MY SDCArds/S22 ultra/Camera/20250602_140533.heic"
[ "01:31:55.856" ][VideoThumbnailer] Entering extractFrame for "I:/MY SDCArds/S22 ultra/Camera/2157db40a81fafeb6293e0f8f0a9eed1.mp4"
[ "01:31:55.895" ][VideoThumbnailer] Entering extractFrame for "I:/MY SDCArds/S22 ultra/Camera/3996acec79970bcd86eddd1a265f5030.mp4"
[ "01:31:55.907" ][VideoThumbnailer] Entering extractFrame for "I:/MY SDCArds/S22 ultra/Camera/20250530_184536.heic"
[ "01:31:55.981" ][VideoThumbnailer] GPU decode enabled for "I:/MY SDCArds/S22 ultra/Camera/20250530_184536.heic"
[ "01:31:55.986" ][VideoThumbnailer] GPU decode enabled for "I:/MY SDCArds/S22 ultra/Camera/20250602_140533.heic"
[ "01:31:55.998" ][FFmpeg Warn] "Stream #0: not enough frames to estimate rate; consider increasing probesize"
[ "01:31:55.999" ][FFmpeg Warn] "Stream #1: not enough frames to estimate rate; consider increasing probesize"
[ "01:31:55.999" ][FFmpeg Warn] "Stream #2: not enough frames to estimate rate; consider increasing probesize"
[ "01:31:55.999" ][FFmpeg Warn] "Stream #3: not enough frames to estimate rate; consider increasing probesize"
[ "01:31:55.999" ][FFmpeg Warn] "Stream #4: not enough frames to estimate rate; consider increasing probesize"
[ "01:31:55.999" ][FFmpeg Warn] "Stream #5: not enough frames to estimate rate; consider increasing probesize"
[ "01:31:55.999" ][FFmpeg Warn] "Stream #6: not enough frames to estimate rate; consider increasing probesize"
[ "01:31:55.999" ][FFmpeg Warn] "Stream #7: not enough frames to estimate rate; consider increasing probesize"
[ "01:31:55.999" ][FFmpeg Warn] "Stream #8: not enough frames to estimate rate; consider increasing probesize"
[ "01:31:55.999" ][FFmpeg Warn] "Stream #9: not enough frames to estimate rate; consider increasing probesize"
[ "01:31:55.999" ][FFmpeg Warn] "Stream #10: not enough frames to estimate rate; consider increasing probesize"
[ "01:31:55.999" ][FFmpeg Warn] "Stream #11: not enough frames to estimate rate; consider increasing probesize"
[ "01:31:55.999" ][FFmpeg Warn] "Stream #12: not enough frames to estimate rate; consider increasing probesize"
[ "01:31:55.999" ][FFmpeg Warn] "Stream #13: not enough frames to estimate rate; consider increasing probesize"
[ "01:31:55.999" ][FFmpeg Warn] "Stream #14: not enough frames to estimate rate; consider increasing probesize"
[ "01:31:55.999" ][FFmpeg Warn] "Stream #15: not enough frames to estimate rate; consider increasing probesize"
[ "01:31:55.999" ][FFmpeg Warn] "Stream #16: not enough frames to estimate rate; consider increasing probesize"
[ "01:31:55.999" ][FFmpeg Warn] "Stream #17: not enough frames to estimate rate; consider increasing probesize"
[ "01:31:55.999" ][FFmpeg Warn] "Stream #18: not enough frames to estimate rate; consider increasing probesize"
[ "01:31:55.999" ][FFmpeg Warn] "Stream #19: not enough frames to estimate rate; consider increasing probesize"
[ "01:31:55.999" ][FFmpeg Warn] "Stream #20: not enough frames to estimate rate; consider increasing probesize"
[ "01:31:55.999" ][FFmpeg Warn] "Stream #21: not enough frames to estimate rate; consider increasing probesize"
[ "01:31:55.999" ][FFmpeg Warn] "Stream #22: not enough frames to estimate rate; consider increasing probesize"
[ "01:31:55.999" ][FFmpeg Warn] "Stream #23: not enough frames to estimate rate; consider increasing probesize"
[ "01:31:55.999" ][FFmpeg Warn] "Stream #24: not enough frames to estimate rate; consider increasing probesize"
[ "01:31:55.999" ][FFmpeg Warn] "Stream #25: not enough frames to estimate rate; consider increasing probesize"
[ "01:31:55.999" ][FFmpeg Warn] "Stream #26: not enough frames to estimate rate; consider increasing probesize"
[ "01:31:55.999" ][FFmpeg Warn] "Stream #27: not enough frames to estimate rate; consider increasing probesize"
[ "01:31:55.999" ][FFmpeg Warn] "Stream #28: not enough frames to estimate rate; consider increasing probesize"
[ "01:31:55.999" ][FFmpeg Warn] "Stream #29: not enough frames to estimate rate; consider increasing probesize"
[ "01:31:55.999" ][FFmpeg Warn] "Stream #30: not enough frames to estimate rate; consider increasing probesize"
[ "01:31:56.000" ][FFmpeg Warn] "Stream #31: not enough frames to estimate rate; consider increasing probesize"
[ "01:31:56.000" ][FFmpeg Warn] "Stream #32: not enough frames to estimate rate; consider increasing probesize"
[ "01:31:56.000" ][FFmpeg Warn] "Stream #33: not enough frames to estimate rate; consider increasing probesize"
[ "01:31:56.000" ][FFmpeg Warn] "Stream #34: not enough frames to estimate rate; consider increasing probesize"
[ "01:31:56.000" ][FFmpeg Warn] "Stream #35: not enough frames to estimate rate; consider increasing probesize"
[ "01:31:56.000" ][FFmpeg Warn] "Stream #36: not enough frames to estimate rate; consider increasing probesize"
[ "01:31:56.000" ][FFmpeg Warn] "Stream #37: not enough frames to estimate rate; consider increasing probesize"
[ "01:31:56.000" ][FFmpeg Warn] "Stream #38: not enough frames to estimate rate; consider increasing probesize"
[ "01:31:56.000" ][FFmpeg Warn] "Stream #39: not enough frames to estimate rate; consider increasing probesize"
[ "01:31:56.000" ][FFmpeg Warn] "Stream #40: not enough frames to estimate rate; consider increasing probesize"
[ "01:31:56.000" ][FFmpeg Warn] "Stream #41: not enough frames to estimate rate; consider increasing probesize"
[ "01:31:56.000" ][FFmpeg Warn] "Stream #42: not enough frames to estimate rate; consider increasing probesize"
[ "01:31:56.000" ][FFmpeg Warn] "Stream #43: not enough frames to estimate rate; consider increasing probesize"
[ "01:31:56.000" ][FFmpeg Warn] "Stream #44: not enough frames to estimate rate; consider increasing probesize"
[ "01:31:56.000" ][FFmpeg Warn] "Stream #45: not enough frames to estimate rate; consider increasing probesize"
[ "01:31:56.000" ][FFmpeg Warn] "Stream #46: not enough frames to estimate rate; consider increasing probesize"
[ "01:31:56.000" ][FFmpeg Warn] "Stream #47: not enough frames to estimate rate; consider increasing probesize"
[ "01:31:56.000" ][FFmpeg Warn] "Stream #48: not enough frames to estimate rate; consider increasing probesize"
[ "01:31:56.002" ][VideoThumbnailer] GPU decode enabled for "I:/MY SDCArds/S22 ultra/Camera/20250323_174603.heic"
[ "01:31:56.017" ][SystemMonitor] Stats Update: CPU App: 27.3438 % | Sys: 77.6042 % | RAM App: 31170.4 MB | Sys Avail: 4098.14 MB / 65466.5 MB
[SystemMonitor] Resource Update: RAM: 31170.4 MB (Delta: 197.336 ) | VRAM: 108.949 MB (Delta: 23.6563 )
[Diagnostics] CRITICAL: "Load stalled for 21s. Pending: 9. Stuck: I:/MY SDCArds/2020 - 2021/20200810_165146.jpg, I:/MY SDCArds/S22 ultra/Camera/20250323_174603.heic?idx=1422, I:/MY SDCArds/S22 ultra/Camera/20250530_184536.heic?idx=1247, I:/MY SDCArds/S22 ultra/Ca..."
[DiagnosticsUI] CRITICAL ISSUE: Load stalled for 21s. Pending: 9. Stuck: I:/MY SDCArds/2020 - 2021/20200810_165146.jpg, I:/MY SDCArds/S22 ultra/Camera/20250323_174603.heic?idx=1422, I:/MY SDCArds/S22 ultra/Camera/20250530_184536.heic?idx=1247, I:/MY SDCArds/S22 ultra/Ca...
[ "01:31:56.029" ][VideoThumbnailer] Entering extractFrame for "I:/MY SDCArds/S22 ultra/Camera/5750e6869edab59846a65acd7dc2e8ff.mp4"
[ "01:31:56.035" ][VideoThumbnailer] Entering extractFrame for "I:/MY SDCArds/S22 ultra/Camera/20250319_200526.heic"
[ "01:31:56.047" ][VideoThumbnailer] Entering extractFrame for "I:/MY SDCArds/S22 ultra/Camera/20250725_171903.heic"
[ "01:31:56.145" ][VideoThumbnailer] GPU decode enabled for "I:/MY SDCArds/S22 ultra/Camera/20250319_200526.heic"
[ "01:31:56.395" ][VideoThumbnailer] Entering extractFrame for "I:/MY SDCArds/S22 ultra/Camera/20250403_154316.heic"
[ "01:31:56.412" ][VideoThumbnailer] Entering extractFrame for "I:/MY SDCArds/S22 ultra/Camera/20250323_184417.mp4"
[ "01:31:56.418" ][VideoThumbnailer] Entering extractFrame for "I:/MY SDCArds/S22 ultra/Camera/51486ba4d604deeaee445c90e60affcf.mp4"
[ "01:31:56.433" ][VideoThumbnailer] GPU decode enabled for "I:/MY SDCArds/S22 ultra/Camera/20250403_154316.heic"
[ "01:31:56.460" ][VideoThumbnailer] Entering extractFrame for "I:/MY SDCArds/S22 ultra/Camera/20250607_133852.heic"
[ "01:31:56.467" ][VideoThumbnailer] Entering extractFrame for "I:/MY SDCArds/S22 ultra/Camera/069137efc3b20bc4cebcc654c5884f14.mp4"
[ "01:31:56.490" ][VideoThumbnailer] GPU decode enabled for "I:/MY SDCArds/S22 ultra/Camera/20250323_184417.mp4"
[ "01:31:56.495" ][VideoThumbnailer] Entering extractFrame for "I:/MY SDCArds/S22 ultra/Camera/531134dac9b1af080ca7aeeb776bbf50.mp4"
[ "01:31:56.505" ][VideoThumbnailer] Entering extractFrame for "I:/MY SDCArds/S22 ultra/Camera/20250508_181944.heic"
[ "01:31:56.506" ][VideoThumbnailer] GPU decode enabled for "I:/MY SDCArds/S22 ultra/Camera/20250607_133852.heic"
[ "01:31:56.543" ][VideoThumbnailer] Entering extractFrame for "I:/MY SDCArds/S22 ultra/Camera/598299a40fd386365ca8d3aed94731e0.mp4"
[ "01:31:56.551" ][VideoThumbnailer] Entering extractFrame for "I:/MY SDCArds/S22 ultra/Camera/20250323_174642.mp4"
[ "01:31:56.554" ][VideoThumbnailer] GPU decode enabled for "I:/MY SDCArds/S22 ultra/Camera/20250508_181944.heic"
[AdaptiveIO] Stats:  "I:/"  Avg:  112.641  Limit:  4  ActiveWeight:  8
[ "01:31:56.584" ][VideoThumbnailer] Entering extractFrame for "I:/MY SDCArds/S22 ultra/Camera/607494d83d9287894d819f0cea02cea9.mp4"
[ "01:31:56.590" ][VideoThumbnailer] Entering extractFrame for "I:/MY SDCArds/S22 ultra/Camera/613004b735f7cc60008abe9bc61fe178.mp4"
[ "01:31:56.597" ][VideoThumbnailer] GPU decode enabled for "I:/MY SDCArds/S22 ultra/Camera/20250323_174642.mp4"
[ "01:31:56.614" ][VideoThumbnailer] Entering extractFrame for "I:/MY SDCArds/S22 ultra/Camera/6297322f3bd5f18cd1be1562bd92e74a.mp4"
[ "01:31:56.624" ][VideoThumbnailer] Entering extractFrame for "I:/MY SDCArds/S22 ultra/Camera/8443591f33bc194b3513f322b8c781be.mp4"
[ "01:31:56.624" ][VideoThumbnailer] Entering extractFrame for "I:/MY SDCArds/S22 ultra/Camera/20250508_181941.heic"
[ "01:31:56.641" ][VideoThumbnailer] Entering extractFrame for "I:/MY SDCArds/S22 ultra/Camera/198828937b76e9d2df0326d92008c483.mp4"
[ "01:31:56.647" ][VideoThumbnailer] Entering extractFrame for "I:/MY SDCArds/S22 ultra/Camera/598627694f6d58b5e64da9b6c67b3b40.mp4"
[ "01:31:56.656" ][VideoThumbnailer] Entering extractFrame for "I:/MY SDCArds/S22 ultra/Camera/65269303efa21dfe0e5b47128220f1e9.mp4"
[ "01:31:56.659" ][VideoThumbnailer] GPU decode enabled for "I:/MY SDCArds/S22 ultra/Camera/20250508_181941.heic"
[ "01:31:56.679" ][VideoThumbnailer] Entering extractFrame for "I:/MY SDCArds/S22 ultra/Camera/a099d2a733ee8cf1ff691e3ba44ecb44.mp4"
[ "01:31:56.688" ][VideoThumbnailer] Entering extractFrame for "I:/MY SDCArds/S22 ultra/Camera/a718c67c8c2494e3924b2ac0668040d0.mp4"
[ "01:31:56.696" ][VideoThumbnailer] Entering extractFrame for "I:/MY SDCArds/S22 ultra/Camera/a8959f0e710bd1f030c4dbbe5a77e8e5.mp4"
[ "01:31:56.708" ][VideoThumbnailer] Entering extractFrame for "I:/MY SDCArds/S22 ultra/Camera/20250328_091455.heic"
[ "01:31:56.711" ][VideoThumbnailer] Entering extractFrame for "I:/MY SDCArds/S22 ultra/Camera/20250409_085354.heic"
[ "01:31:56.748" ][VideoThumbnailer] GPU decode enabled for "I:/MY SDCArds/S22 ultra/Camera/20250409_085354.heic"
[ "01:31:56.778" ][VideoThumbnailer] GPU decode enabled for "I:/MY SDCArds/S22 ultra/Camera/20250328_091455.heic"
[ "01:31:56.785" ][VideoThumbnailer] Entering extractFrame for "I:/MY SDCArds/S22 ultra/Camera/20250725_163647.heic"
[ "01:31:56.825" ][VideoThumbnailer] GPU decode enabled for "I:/MY SDCArds/S22 ultra/Camera/20250725_163647.heic"
[ "01:31:56.830" ][VideoThumbnailer] Entering extractFrame for "I:/MY SDCArds/S22 ultra/Camera/20250718_100349.heic"
[ "01:31:56.834" ][VideoThumbnailer] Entering extractFrame for "I:/MY SDCArds/S22 ultra/Camera/20250718_100332.heic"
[ "01:31:56.854" ][VideoThumbnailer] Entering extractFrame for "I:/MY SDCArds/S22 ultra/Camera/20250409_085248.heic"
[ "01:31:56.894" ][VideoThumbnailer] GPU decode enabled for "I:/MY SDCArds/S22 ultra/Camera/20250718_100332.heic"
[ "01:31:56.907" ][VideoThumbnailer] GPU decode enabled for "I:/MY SDCArds/S22 ultra/Camera/20250718_100349.heic"
[ "01:31:56.939" ][VideoThumbnailer] Entering extractFrame for "I:/MY SDCArds/S22 ultra/Camera/20250328_090242.heic"
[ "01:31:56.939" ][VideoThumbnailer] GPU decode enabled for "I:/MY SDCArds/S22 ultra/Camera/20250409_085248.heic"
[ "01:31:56.943" ][VideoThumbnailer] Entering extractFrame for "I:/MY SDCArds/S22 ultra/Camera/20250328_090233.heic"
[ "01:31:56.961" ][VideoThumbnailer] GPU decode enabled for "I:/MY SDCArds/S22 ultra/Camera/20250328_090233.heic"
[ "01:31:56.970" ][VideoThumbnailer] Entering extractFrame for "I:/MY SDCArds/S22 ultra/Camera/a8b06f9b40ddb82cf82216a4dfad3fbd.mp4"
[ "01:31:56.977" ][VideoThumbnailer] Entering extractFrame for "I:/MY SDCArds/S22 ultra/Camera/20250328_091432.heic"
[ "01:31:56.986" ][VideoThumbnailer] Entering extractFrame for "I:/MY SDCArds/S22 ultra/Camera/b0213c16473efc872b2e9d4b386db8cc.mp4"
[ "01:31:57.012" ][VideoThumbnailer] GPU decode enabled for "I:/MY SDCArds/S22 ultra/Camera/20250328_090242.heic"
[ "01:31:57.016" ][VideoThumbnailer] GPU decode enabled for "I:/MY SDCArds/S22 ultra/Camera/20250328_091432.heic"
[ "01:31:57.017" ][SystemMonitor] Stats Update: CPU App: 33.3333 % | Sys: 76.0417 % | RAM App: 31518.4 MB | Sys Avail: 3763.18 MB / 65466.5 MB
[SystemMonitor] Resource Update: RAM: 31518.4 MB (Delta: 348.074 ) | VRAM: 83.3867 MB (Delta: -25.5625 )
[Diagnostics] CRITICAL: "Load stalled for 22s. Pending: 7. Stuck: I:/MY SDCArds/S22 ultra/Camera/20250328_090242.heic?idx=1411, I:/MY SDCArds/S22 ultra/Camera/20250328_091432.heic?idx=1409, I:/MY SDCArds/S22 ultra/Camera/20250329_191511.jpg?idx=1403, I:/MY SDCArd..."
[DiagnosticsUI] CRITICAL ISSUE: Load stalled for 22s. Pending: 7. Stuck: I:/MY SDCArds/S22 ultra/Camera/20250328_090242.heic?idx=1411, I:/MY SDCArds/S22 ultra/Camera/20250328_091432.heic?idx=1409, I:/MY SDCArds/S22 ultra/Camera/20250329_191511.jpg?idx=1403, I:/MY SDCArd...
[ "01:31:57.037" ][VideoThumbnailer] Entering extractFrame for "I:/MY SDCArds/S22 ultra/Camera/b4bb736acf42ef19b0b3acc390f487de.mp4"
[ "01:31:57.055" ][VideoThumbnailer] Entering extractFrame for "I:/MY SDCArds/S22 ultra/Camera/b53c1a8911cac6831560fb208ca83789.mp4"
[ "01:31:57.055" ][VideoThumbnailer] Entering extractFrame for "I:/MY SDCArds/S22 ultra/Camera/20250328_090253.heic"
[ "01:31:57.065" ][VideoThumbnailer] Entering extractFrame for "I:/MY SDCArds/S22 ultra/Camera/b7424719f4ed920cfac61645e277da80.mp4"
[ "01:31:57.073" ][VideoThumbnailer] Entering extractFrame for "I:/MY SDCArds/S22 ultra/Camera/bc33001d2c0580c7eee2c94422e95035.mp4"
[ "01:31:57.091" ][VideoThumbnailer] Entering extractFrame for "I:/MY SDCArds/S22 ultra/Camera/bf58c1d0a196cdddc25ed870c99c6f28.mp4"
[ "01:31:57.107" ][VideoThumbnailer] GPU decode enabled for "I:/MY SDCArds/S22 ultra/Camera/20250328_090253.heic"
[ "01:31:57.124" ][VideoThumbnailer] Entering extractFrame for "I:/MY SDCArds/S22 ultra/Camera/c277144919e829710cb5665600cfc6bb.mp4"
[ "01:31:57.138" ][VideoThumbnailer] Entering extractFrame for "I:/MY SDCArds/S22 ultra/Camera/c3971d2d790c17dcf2b7e682723365d3.mp4"
[ "01:31:57.142" ][VideoThumbnailer] Entering extractFrame for "I:/MY SDCArds/S22 ultra/Camera/20250406_194942.heic"
[ "01:31:57.143" ][VideoThumbnailer] Entering extractFrame for "I:/MY SDCArds/S22 ultra/Camera/20250630_104102.heic"
[ "01:31:57.143" ][VideoThumbnailer] Entering extractFrame for "I:/MY SDCArds/S22 ultra/Camera/20250630_104050.heic"
[ "01:31:57.189" ][VideoThumbnailer] GPU decode enabled for "I:/MY SDCArds/S22 ultra/Camera/20250406_194942.heic"
[ "01:31:57.220" ][VideoThumbnailer] Entering extractFrame for "I:/MY SDCArds/S22 ultra/Camera/20250630_134541.heic"
[ "01:31:57.224" ][VideoThumbnailer] GPU decode enabled for "I:/MY SDCArds/S22 ultra/Camera/20250630_104102.heic"
[ "01:31:57.232" ][VideoThumbnailer] GPU decode enabled for "I:/MY SDCArds/S22 ultra/Camera/20250630_104050.heic"
[ "01:31:57.256" ][VideoThumbnailer] Entering extractFrame for "I:/MY SDCArds/S22 ultra/Camera/20250630_101717.heic"
[ "01:31:57.266" ][VideoThumbnailer] Entering extractFrame for "I:/MY SDCArds/S22 ultra/Camera/20250629_113221.mp4"
[ "01:31:57.283" ][VideoThumbnailer] GPU decode enabled for "I:/MY SDCArds/S22 ultra/Camera/20250630_134541.heic"
[ "01:31:57.300" ][VideoThumbnailer] GPU decode enabled for "I:/MY SDCArds/S22 ultra/Camera/20250630_101717.heic"
[ "01:31:57.317" ][VideoThumbnailer] Entering extractFrame for "I:/MY SDCArds/S22 ultra/Camera/20250406_194935.heic"
[ "01:31:57.330" ][VideoThumbnailer] GPU decode enabled for "I:/MY SDCArds/S22 ultra/Camera/20250629_113221.mp4"
[ "01:31:57.331" ][VideoThumbnailer] Entering extractFrame for "I:/MY SDCArds/S22 ultra/Camera/20250409_095700.heic"
[ "01:31:57.386" ][FFmpeg Warn] "Stream #0: not enough frames to estimate rate; consider increasing probesize"
[ "01:31:57.386" ][FFmpeg Warn] "Stream #1: not enough frames to estimate rate; consider increasing probesize"
[ "01:31:57.386" ][FFmpeg Warn] "Stream #2: not enough frames to estimate rate; consider increasing probesize"
[ "01:31:57.387" ][FFmpeg Warn] "Stream #3: not enough frames to estimate rate; consider increasing probesize"
[ "01:31:57.387" ][FFmpeg Warn] "Stream #4: not enough frames to estimate rate; consider increasing probesize"
[ "01:31:57.387" ][FFmpeg Warn] "Stream #5: not enough frames to estimate rate; consider increasing probesize"
[ "01:31:57.387" ][FFmpeg Warn] "Stream #6: not enough frames to estimate rate; consider increasing probesize"
[ "01:31:57.387" ][FFmpeg Warn] "Stream #7: not enough frames to estimate rate; consider increasing probesize"
[ "01:31:57.387" ][FFmpeg Warn] "Stream #8: not enough frames to estimate rate; consider increasing probesize"
[ "01:31:57.387" ][FFmpeg Warn] "Stream #9: not enough frames to estimate rate; consider increasing probesize"
[ "01:31:57.387" ][FFmpeg Warn] "Stream #10: not enough frames to estimate rate; consider increasing probesize"
[ "01:31:57.387" ][FFmpeg Warn] "Stream #11: not enough frames to estimate rate; consider increasing probesize"
[ "01:31:57.387" ][FFmpeg Warn] "Stream #12: not enough frames to estimate rate; consider increasing probesize"
[ "01:31:57.387" ][FFmpeg Warn] "Stream #13: not enough frames to estimate rate; consider increasing probesize"
[ "01:31:57.387" ][FFmpeg Warn] "Stream #14: not enough frames to estimate rate; consider increasing probesize"
[ "01:31:57.387" ][FFmpeg Warn] "Stream #15: not enough frames to estimate rate; consider increasing probesize"
[ "01:31:57.387" ][FFmpeg Warn] "Stream #16: not enough frames to estimate rate; consider increasing probesize"
[ "01:31:57.387" ][FFmpeg Warn] "Stream #17: not enough frames to estimate rate; consider increasing probesize"
[ "01:31:57.387" ][FFmpeg Warn] "Stream #18: not enough frames to estimate rate; consider increasing probesize"
[ "01:31:57.387" ][FFmpeg Warn] "Stream #19: not enough frames to estimate rate; consider increasing probesize"
[ "01:31:57.387" ][FFmpeg Warn] "Stream #20: not enough frames to estimate rate; consider increasing probesize"
[ "01:31:57.387" ][FFmpeg Warn] "Stream #21: not enough frames to estimate rate; consider increasing probesize"
[ "01:31:57.387" ][FFmpeg Warn] "Stream #22: not enough frames to estimate rate; consider increasing probesize"
[ "01:31:57.387" ][FFmpeg Warn] "Stream #23: not enough frames to estimate rate; consider increasing probesize"
[ "01:31:57.387" ][FFmpeg Warn] "Stream #24: not enough frames to estimate rate; consider increasing probesize"
[ "01:31:57.387" ][FFmpeg Warn] "Stream #25: not enough frames to estimate rate; consider increasing probesize"
[ "01:31:57.387" ][FFmpeg Warn] "Stream #26: not enough frames to estimate rate; consider increasing probesize"
[ "01:31:57.387" ][FFmpeg Warn] "Stream #27: not enough frames to estimate rate; consider increasing probesize"
[ "01:31:57.387" ][FFmpeg Warn] "Stream #28: not enough frames to estimate rate; consider increasing probesize"
[ "01:31:57.387" ][FFmpeg Warn] "Stream #29: not enough frames to estimate rate; consider increasing probesize"
[ "01:31:57.387" ][FFmpeg Warn] "Stream #30: not enough frames to estimate rate; consider increasing probesize"
[ "01:31:57.387" ][FFmpeg Warn] "Stream #31: not enough frames to estimate rate; consider increasing probesize"
[ "01:31:57.387" ][FFmpeg Warn] "Stream #32: not enough frames to estimate rate; consider increasing probesize"
[ "01:31:57.387" ][FFmpeg Warn] "Stream #33: not enough frames to estimate rate; consider increasing probesize"
[ "01:31:57.387" ][FFmpeg Warn] "Stream #34: not enough frames to estimate rate; consider increasing probesize"
[ "01:31:57.387" ][FFmpeg Warn] "Stream #35: not enough frames to estimate rate; consider increasing probesize"
[ "01:31:57.387" ][FFmpeg Warn] "Stream #36: not enough frames to estimate rate; consider increasing probesize"
[ "01:31:57.387" ][FFmpeg Warn] "Stream #37: not enough frames to estimate rate; consider increasing probesize"
[ "01:31:57.387" ][FFmpeg Warn] "Stream #38: not enough frames to estimate rate; consider increasing probesize"
[ "01:31:57.387" ][FFmpeg Warn] "Stream #39: not enough frames to estimate rate; consider increasing probesize"
[ "01:31:57.387" ][FFmpeg Warn] "Stream #40: not enough frames to estimate rate; consider increasing probesize"
[ "01:31:57.387" ][FFmpeg Warn] "Stream #41: not enough frames to estimate rate; consider increasing probesize"
[ "01:31:57.387" ][FFmpeg Warn] "Stream #42: not enough frames to estimate rate; consider increasing probesize"
[ "01:31:57.387" ][FFmpeg Warn] "Stream #43: not enough frames to estimate rate; consider increasing probesize"
[ "01:31:57.387" ][FFmpeg Warn] "Stream #44: not enough frames to estimate rate; consider increasing probesize"
[ "01:31:57.387" ][FFmpeg Warn] "Stream #45: not enough frames to estimate rate; consider increasing probesize"
[ "01:31:57.387" ][FFmpeg Warn] "Stream #46: not enough frames to estimate rate; consider increasing probesize"
[ "01:31:57.387" ][FFmpeg Warn] "Stream #47: not enough frames to estimate rate; consider increasing probesize"
[ "01:31:57.387" ][FFmpeg Warn] "Stream #48: not enough frames to estimate rate; consider increasing probesize"
[ "01:31:57.389" ][VideoThumbnailer] GPU decode enabled for "I:/MY SDCArds/S22 ultra/Camera/20250406_194935.heic"
[ "01:31:57.395" ][VideoThumbnailer] GPU decode enabled for "I:/MY SDCArds/S22 ultra/Camera/20250409_095700.heic"
[ "01:31:57.416" ][VideoThumbnailer] Entering extractFrame for "I:/MY SDCArds/S22 ultra/Camera/20250409_095708.heic"
[ "01:31:57.454" ][VideoThumbnailer] Entering extractFrame for "I:/MY SDCArds/S22 ultra/Camera/c3ebccbde00575d81714474880a54e21.mp4"
[ "01:31:57.473" ][VideoThumbnailer] Entering extractFrame for "I:/MY SDCArds/S22 ultra/Camera/20250628_161919.mp4"
[ "01:31:57.507" ][VideoThumbnailer] Entering extractFrame for "I:/MY SDCArds/S22 ultra/Camera/c50053564b8f205b27f8fff01319fb26.mp4"
[AdaptiveIO] Stats:  "I:/"  Avg:  96.2401  Limit:  4  ActiveWeight:  9
[ "01:31:57.512" ][VideoThumbnailer] GPU decode enabled for "I:/MY SDCArds/S22 ultra/Camera/20250628_161919.mp4"
[ "01:31:57.514" ][VideoThumbnailer] Entering extractFrame for "I:/MY SDCArds/S22 ultra/Camera/20250630_104319.heic"
[ "01:31:57.517" ][VideoThumbnailer] GPU decode enabled for "I:/MY SDCArds/S22 ultra/Camera/20250409_095708.heic"
[ "01:31:57.543" ][VideoThumbnailer] Entering extractFrame for "I:/MY SDCArds/S22 ultra/Camera/c42a6d2b497dfcef0118e25f6fba0b35.mp4"
[ "01:31:57.549" ][VideoThumbnailer] Entering extractFrame for "I:/MY SDCArds/S22 ultra/Camera/20250409_074349.mp4"
[ "01:31:57.566" ][VideoThumbnailer] GPU decode enabled for "I:/MY SDCArds/S22 ultra/Camera/20250630_104319.heic"
[ "01:31:57.599" ][VideoThumbnailer] GPU decode enabled for "I:/MY SDCArds/S22 ultra/Camera/20250409_074349.mp4"
[ "01:31:57.649" ][VideoThumbnailer] Entering extractFrame for "I:/MY SDCArds/S22 ultra/Camera/c78e25fe6703271eb3ae375b0a4a0881.mp4"
[ "01:31:57.650" ][VideoThumbnailer] Entering extractFrame for "I:/MY SDCArds/S22 ultra/Camera/c6eac33bfa9e8609bdcc15d29ce81db5.mp4"
[ "01:31:57.667" ][VideoThumbnailer] Entering extractFrame for "I:/MY SDCArds/S22 ultra/Camera/ca1eb1f9c673d3ce2d36d9b0e0452d80.mp4"
[ "01:31:57.677" ][VideoThumbnailer] Entering extractFrame for "I:/MY SDCArds/S22 ultra/Camera/20250725_164708.heic"
[ "01:31:57.678" ][VideoThumbnailer] Entering extractFrame for "I:/MY SDCArds/S22 ultra/Camera/20250725_165000.heic"
[ "01:31:57.678" ][VideoThumbnailer] Entering extractFrame for "I:/MY SDCArds/S22 ultra/Camera/cf3d36275fe99e914264b8827039a1fb.mp4"
[ "01:31:57.691" ][VideoThumbnailer] Entering extractFrame for "I:/MY SDCArds/S22 ultra/Camera/20250416_100204.heic"
[ "01:31:57.724" ][VideoThumbnailer] Entering extractFrame for "I:/MY SDCArds/S22 ultra/Camera/d230aabd76ed33160fd255defcb41e2d.mp4"
[ "01:31:57.739" ][VideoThumbnailer] Entering extractFrame for "I:/MY SDCArds/S22 ultra/Camera/d4428b05a7603f2125072d7a751fb94b.mp4"
[ "01:31:57.739" ][VideoThumbnailer] Entering extractFrame for "I:/MY SDCArds/S22 ultra/Camera/daec6559523c02d405b64e445d400abf.mp4"
[ "01:31:57.744" ][VideoThumbnailer] Entering extractFrame for "I:/MY SDCArds/S22 ultra/Camera/20251029_205151.mp4"
[ "01:31:57.750" ][VideoThumbnailer] GPU decode enabled for "I:/MY SDCArds/S22 ultra/Camera/20250416_100204.heic"
[ "01:31:57.785" ][VideoThumbnailer] Entering extractFrame for "I:/MY SDCArds/S22 ultra/Camera/dc7a0533f555e355aa02bfe6a07a99e6.mp4"
[ "01:31:57.807" ][VideoThumbnailer] Entering extractFrame for "I:/MY SDCArds/S22 ultra/Camera/20250417_170646.mp4"
[ "01:31:57.840" ][VideoThumbnailer] Entering extractFrame for "I:/MY SDCArds/S22 ultra/Camera/dc9dfae46e060561a0625f57cf1ca36d.mp4"
[ "01:31:57.874" ][VideoThumbnailer] GPU decode enabled for "I:/MY SDCArds/S22 ultra/Camera/20250417_170646.mp4"
[ "01:31:57.898" ][VideoThumbnailer] Entering extractFrame for "I:/MY SDCArds/S22 ultra/Camera/dce195fda485c26595032e1b1479727b.mp4"
[ "01:31:57.920" ][VideoThumbnailer] Entering extractFrame for "I:/MY SDCArds/S22 ultra/Camera/e42a17581b9cd45b23deae20bbb3f663.mp4"
[ "01:31:57.920" ][VideoThumbnailer] Entering extractFrame for "I:/MY SDCArds/S22 ultra/Camera/20250515_141259.heic"
[ "01:31:57.942" ][VideoThumbnailer] Entering extractFrame for "I:/MY SDCArds/S22 ultra/Camera/e4b411977edebcbbee2108809de75278.mp4"
[ "01:31:57.942" ][VideoThumbnailer] Entering extractFrame for "I:/MY SDCArds/S22 ultra/Camera/20250419_230323.heic"
[ "01:31:57.969" ][VideoThumbnailer] Entering extractFrame for "I:/MY SDCArds/S22 ultra/Camera/20250422_201607.mp4"
[ "01:31:57.994" ][VideoThumbnailer] GPU decode enabled for "I:/MY SDCArds/S22 ultra/Camera/20250515_141259.heic"
[ "01:31:58.004" ][VideoThumbnailer] GPU decode enabled for "I:/MY SDCArds/S22 ultra/Camera/20250419_230323.heic"
[ "01:31:58.019" ][SystemMonitor] Stats Update: CPU App: 32.5521 % | Sys: 79.4271 % | RAM App: 31869.5 MB | Sys Avail: 3563.61 MB / 65466.5 MB
[SystemMonitor] Resource Update: RAM: 31869.5 MB (Delta: 351.055 ) | VRAM: 101.762 MB (Delta: 18.375 )
[Diagnostics] CRITICAL: "Load stalled for 23s. Pending: 5. Stuck: I:/MY SDCArds/S22 ultra/Camera/20250419_230159.heic?idx=1364, I:/MY SDCArds/S22 ultra/Camera/20250419_230323.heic?idx=1363, I:/MY SDCArds/S22 ultra/Camera/20250422_201607.mp4?idx=1362, I:/MY SDCArd..."
[DiagnosticsUI] CRITICAL ISSUE: Load stalled for 23s. Pending: 5. Stuck: I:/MY SDCArds/S22 ultra/Camera/20250419_230159.heic?idx=1364, I:/MY SDCArds/S22 ultra/Camera/20250419_230323.heic?idx=1363, I:/MY SDCArds/S22 ultra/Camera/20250422_201607.mp4?idx=1362, I:/MY SDCArd...
[ "01:31:58.027" ][VideoThumbnailer] Entering extractFrame for "I:/MY SDCArds/S22 ultra/Camera/20250419_230159.heic"
[ "01:31:58.031" ][VideoThumbnailer] Entering extractFrame for "I:/MY SDCArds/S22 ultra/Camera/e8b34621aff4a014b465e5305d98095d.mp4"
[ "01:31:58.041" ][VideoThumbnailer] Entering extractFrame for "I:/MY SDCArds/S22 ultra/Camera/ebd1c0d2f2e5140a51d207c2b89e9197.mp4"
[ "01:31:58.051" ][VideoThumbnailer] Entering extractFrame for "I:/MY SDCArds/S22 ultra/Camera/ece55d1ae67dfbe98de9b172dbc6e0eb.mp4"
[ "01:31:58.059" ][VideoThumbnailer] Entering extractFrame for "I:/MY SDCArds/S22 ultra/Camera/f60ea2c96345e99c0a4801287c32c8e4.mp4"
[ "01:31:58.064" ][VideoThumbnailer] GPU decode enabled for "I:/MY SDCArds/S22 ultra/Camera/20250419_230159.heic"
[ "01:31:58.074" ][VideoThumbnailer] Entering extractFrame for "I:/MY SDCArds/S22 ultra/Camera/20251030_111046.heic"
[ "01:31:58.074" ][VideoThumbnailer] Entering extractFrame for "I:/MY SDCArds/S22 ultra/Camera/f51c840581e2f64ca12d0eb7faf84bfa.mp4"
[ "01:31:58.087" ][VideoThumbnailer] GPU decode enabled for "I:/MY SDCArds/S22 ultra/Camera/20250422_201607.mp4"
[ "01:31:58.100" ][VideoThumbnailer] Entering extractFrame for "I:/MY SDCArds/S22 ultra/Camera/fd0df56a41a0585671643546821e5e62.mp4"
[ "01:31:58.141" ][VideoThumbnailer] Entering extractFrame for "I:/MY SDCArds/S22 ultra/Camera/fa9b9e4e6957ebbc71efc4f467a9905d.mp4"
[ "01:31:58.162" ][VideoThumbnailer] Entering extractFrame for "I:/MY SDCArds/S22 ultra/Camera/fe85daaf7d0a17287c33257ac4781d2d.mp4"
[ "01:31:58.184" ][VideoThumbnailer] Entering extractFrame for "I:/MY SDCArds/S22 ultra/Camera/VID-20230315-WA0006.mp4"
[ "01:31:58.225" ][VideoThumbnailer] Entering extractFrame for "I:/MY SDCArds/S22 ultra/Camera/VID-20230410-WA0020.mp4"
[ "01:31:58.230" ][VideoThumbnailer] Entering extractFrame for "I:/MY SDCArds/S22 ultra/Camera/20250425_185642.mp4"
[ "01:31:58.246" ][VideoThumbnailer] Entering extractFrame for "I:/MY SDCArds/S22 ultra/Camera/20260618_122310.heic"
[ "01:31:58.259" ][VideoThumbnailer] Entering extractFrame for "I:/MY SDCArds/S22 ultra/Camera/20260618_133902.heic"
[AdaptiveIO] Stats:  "I:/"  Avg:  66.0153  Limit:  4  ActiveWeight:  8
[ "01:31:58.274" ][VideoThumbnailer] Entering extractFrame for "I:/MY SDCArds/S22 ultra/Camera/20250427_155924.heic"
[ "01:31:58.282" ][VideoThumbnailer] GPU decode enabled for "I:/MY SDCArds/S22 ultra/Camera/20250425_185642.mp4"
[ "01:31:58.285" ][VideoThumbnailer] Entering extractFrame for "I:/MY SDCArds/S22 ultra/Double Side Camera/2023_02_23_15_19_16_033.mp4"
[ "01:31:58.290" ][VideoThumbnailer] Entering extractFrame for "I:/MY SDCArds/S22 ultra/Camera/20250428_154035.heic"
[ "01:31:58.331" ][VideoThumbnailer] GPU decode enabled for "I:/MY SDCArds/S22 ultra/Camera/20250428_154035.heic"
[ "01:31:58.342" ][VideoThumbnailer] GPU decode enabled for "I:/MY SDCArds/S22 ultra/Camera/20250427_155924.heic"
[ "01:31:58.368" ][VideoThumbnailer] Entering extractFrame for "I:/MY SDCArds/S22 ultra/Ezviz/1774196661121.mp4"
[ "01:31:58.374" ][VideoThumbnailer] Entering extractFrame for "I:/MY SDCArds/S22 ultra/Camera/20250512_143232.heic"
[ "01:31:58.385" ][VideoThumbnailer] Entering extractFrame for "I:/MY SDCArds/S22 ultra/Camera/20250512_140751.heic"
[ "01:31:58.393" ][VideoThumbnailer] Entering extractFrame for "I:/MY SDCArds/S22 ultra/Ezviz/1763396447984.mp4"
[ "01:31:58.399" ][VideoThumbnailer] Entering extractFrame for "I:/MY SDCArds/S22 ultra/Ezviz/1763990955123.mp4"
[ "01:31:58.399" ][VideoThumbnailer] Entering extractFrame for "I:/MY SDCArds/S22 ultra/Camera/20250428_174410.mp4"
[ "01:31:58.401" ][VideoThumbnailer] GPU decode enabled for "I:/MY SDCArds/S22 ultra/Camera/20250512_143232.heic"
[ "01:31:58.428" ][VideoThumbnailer] Entering extractFrame for "I:/MY SDCArds/S22 ultra/Ezviz/1763224378035.mp4"
[ "01:31:58.435" ][VideoThumbnailer] Entering extractFrame for "I:/MY SDCArds/S22 ultra/Ezviz/1754068439899.mp4"
[ "01:31:58.435" ][VideoThumbnailer] Entering extractFrame for "I:/MY SDCArds/S22 ultra/Camera/20250527_163744.heic"
[ "01:31:58.453" ][VideoThumbnailer] GPU decode enabled for "I:/MY SDCArds/S22 ultra/Camera/20250428_174410.mp4"
[ "01:31:58.454" ][VideoThumbnailer] GPU decode enabled for "I:/MY SDCArds/S22 ultra/Camera/20250512_140751.heic"
[ "01:31:58.477" ][VideoThumbnailer] Entering extractFrame for "I:/MY SDCArds/S22 ultra/Ezviz/1754068438705.mp4"
[ "01:31:58.484" ][VideoThumbnailer] Entering extractFrame for "I:/MY SDCArds/S22 ultra/Ezviz/1752069828324.mp4"
[ "01:31:58.494" ][VideoThumbnailer] Entering extractFrame for "I:/MY SDCArds/S22 ultra/Camera/20250506_140500.heic"
[ "01:31:58.516" ][VideoThumbnailer] GPU decode enabled for "I:/MY SDCArds/S22 ultra/Camera/20250527_163744.heic"
[ "01:31:58.521" ][VideoThumbnailer] GPU decode enabled for "I:/MY SDCArds/S22 ultra/Camera/20250506_140500.heic"
[ "01:31:58.560" ][VideoThumbnailer] Entering extractFrame for "I:/MY SDCArds/S22 ultra/Camera/20250523_104057.heic"
[ "01:31:58.562" ][VideoThumbnailer] Entering extractFrame for "I:/MY SDCArds/S22 ultra/Snapchat/Snapchat-1237898371.mp4"
[ "01:31:58.565" ][VideoThumbnailer] Entering extractFrame for "I:/MY SDCArds/S22 ultra/Camera/20250506_141334.heic"
[ "01:31:58.582" ][VideoThumbnailer] Entering extractFrame for "I:/MY SDCArds/S22 ultra/Snapchat/Snapchat-1717667834.mp4"
[ "01:31:58.582" ][VideoThumbnailer] Entering extractFrame for "I:/MY SDCArds/S22 ultra/Camera/20250520_135358.heic"
[ "01:31:58.633" ][VideoThumbnailer] GPU decode enabled for "I:/MY SDCArds/S22 ultra/Camera/20250523_104057.heic"
[ "01:31:58.658" ][VideoThumbnailer] Entering extractFrame for "I:/MY SDCArds/S22 ultra/Camera/20250520_131321.heic"
[ "01:31:58.685" ][VideoThumbnailer] GPU decode enabled for "I:/MY SDCArds/S22 ultra/Camera/20250520_135358.heic"
[ "01:31:58.692" ][FFmpeg Warn] "Stream #0: not enough frames to estimate rate; consider increasing probesize"
[ "01:31:58.698" ][FFmpeg Warn] "Stream #1: not enough frames to estimate rate; consider increasing probesize"
[ "01:31:58.700" ][FFmpeg Warn] "Stream #2: not enough frames to estimate rate; consider increasing probesize"
[ "01:31:58.700" ][FFmpeg Warn] "Stream #3: not enough frames to estimate rate; consider increasing probesize"
[ "01:31:58.700" ][FFmpeg Warn] "Stream #4: not enough frames to estimate rate; consider increasing probesize"
[ "01:31:58.700" ][FFmpeg Warn] "Stream #5: not enough frames to estimate rate; consider increasing probesize"
[ "01:31:58.700" ][FFmpeg Warn] "Stream #6: not enough frames to estimate rate; consider increasing probesize"
[ "01:31:58.700" ][FFmpeg Warn] "Stream #7: not enough frames to estimate rate; consider increasing probesize"
[ "01:31:58.700" ][FFmpeg Warn] "Stream #8: not enough frames to estimate rate; consider increasing probesize"
[ "01:31:58.700" ][FFmpeg Warn] "Stream #9: not enough frames to estimate rate; consider increasing probesize"
[ "01:31:58.701" ][FFmpeg Warn] "Stream #10: not enough frames to estimate rate; consider increasing probesize"
[ "01:31:58.701" ][FFmpeg Warn] "Stream #11: not enough frames to estimate rate; consider increasing probesize"
[ "01:31:58.701" ][FFmpeg Warn] "Stream #12: not enough frames to estimate rate; consider increasing probesize"
[ "01:31:58.701" ][FFmpeg Warn] "Stream #13: not enough frames to estimate rate; consider increasing probesize"
[ "01:31:58.701" ][FFmpeg Warn] "Stream #14: not enough frames to estimate rate; consider increasing probesize"
[ "01:31:58.701" ][FFmpeg Warn] "Stream #15: not enough frames to estimate rate; consider increasing probesize"
[ "01:31:58.701" ][FFmpeg Warn] "Stream #16: not enough frames to estimate rate; consider increasing probesize"
[ "01:31:58.701" ][FFmpeg Warn] "Stream #17: not enough frames to estimate rate; consider increasing probesize"
[ "01:31:58.701" ][FFmpeg Warn] "Stream #18: not enough frames to estimate rate; consider increasing probesize"
[ "01:31:58.701" ][FFmpeg Warn] "Stream #19: not enough frames to estimate rate; consider increasing probesize"
[ "01:31:58.701" ][FFmpeg Warn] "Stream #20: not enough frames to estimate rate; consider increasing probesize"
[ "01:31:58.701" ][FFmpeg Warn] "Stream #21: not enough frames to estimate rate; consider increasing probesize"
[ "01:31:58.701" ][FFmpeg Warn] "Stream #22: not enough frames to estimate rate; consider increasing probesize"
[ "01:31:58.702" ][FFmpeg Warn] "Stream #23: not enough frames to estimate rate; consider increasing probesize"
[ "01:31:58.702" ][FFmpeg Warn] "Stream #24: not enough frames to estimate rate; consider increasing probesize"
[ "01:31:58.702" ][FFmpeg Warn] "Stream #25: not enough frames to estimate rate; consider increasing probesize"
[ "01:31:58.702" ][FFmpeg Warn] "Stream #26: not enough frames to estimate rate; consider increasing probesize"
[ "01:31:58.702" ][FFmpeg Warn] "Stream #27: not enough frames to estimate rate; consider increasing probesize"
[ "01:31:58.702" ][FFmpeg Warn] "Stream #28: not enough frames to estimate rate; consider increasing probesize"
[ "01:31:58.702" ][FFmpeg Warn] "Stream #29: not enough frames to estimate rate; consider increasing probesize"
[ "01:31:58.702" ][FFmpeg Warn] "Stream #30: not enough frames to estimate rate; consider increasing probesize"
[ "01:31:58.702" ][FFmpeg Warn] "Stream #31: not enough frames to estimate rate; consider increasing probesize"
[ "01:31:58.702" ][FFmpeg Warn] "Stream #32: not enough frames to estimate rate; consider increasing probesize"
[ "01:31:58.702" ][FFmpeg Warn] "Stream #33: not enough frames to estimate rate; consider increasing probesize"
[ "01:31:58.702" ][FFmpeg Warn] "Stream #34: not enough frames to estimate rate; consider increasing probesize"
[ "01:31:58.702" ][FFmpeg Warn] "Stream #35: not enough frames to estimate rate; consider increasing probesize"
[ "01:31:58.702" ][FFmpeg Warn] "Stream #36: not enough frames to estimate rate; consider increasing probesize"
[ "01:31:58.702" ][FFmpeg Warn] "Stream #37: not enough frames to estimate rate; consider increasing probesize"
[ "01:31:58.702" ][FFmpeg Warn] "Stream #38: not enough frames to estimate rate; consider increasing probesize"
[ "01:31:58.703" ][FFmpeg Warn] "Stream #39: not enough frames to estimate rate; consider increasing probesize"
[ "01:31:58.703" ][FFmpeg Warn] "Stream #40: not enough frames to estimate rate; consider increasing probesize"
[ "01:31:58.703" ][FFmpeg Warn] "Stream #41: not enough frames to estimate rate; consider increasing probesize"
[ "01:31:58.703" ][FFmpeg Warn] "Stream #42: not enough frames to estimate rate; consider increasing probesize"
[ "01:31:58.703" ][FFmpeg Warn] "Stream #43: not enough frames to estimate rate; consider increasing probesize"
[ "01:31:58.703" ][FFmpeg Warn] "Stream #44: not enough frames to estimate rate; consider increasing probesize"
[ "01:31:58.703" ][FFmpeg Warn] "Stream #45: not enough frames to estimate rate; consider increasing probesize"
[ "01:31:58.703" ][FFmpeg Warn] "Stream #46: not enough frames to estimate rate; consider increasing probesize"
[ "01:31:58.703" ][FFmpeg Warn] "Stream #47: not enough frames to estimate rate; consider increasing probesize"
[ "01:31:58.703" ][FFmpeg Warn] "Stream #48: not enough frames to estimate rate; consider increasing probesize"
[ "01:31:58.705" ][VideoThumbnailer] GPU decode enabled for "I:/MY SDCArds/S22 ultra/Camera/20250506_141334.heic"
[ "01:31:58.745" ][VideoThumbnailer] GPU decode enabled for "I:/MY SDCArds/S22 ultra/Camera/20250520_131321.heic"
[ "01:31:59.005" ][VideoThumbnailer] Entering extractFrame for "I:/MY SDCArds/S22 ultra/Camera/20250523_103247.heic"
[ "01:31:59.043" ][VideoThumbnailer] GPU decode enabled for "I:/MY SDCArds/S22 ultra/Camera/20250523_103247.heic"
[ "01:31:59.062" ][VideoThumbnailer] Entering extractFrame for "I:/MY SDCArds/S22 ultra/Snapchat/Snapchat-289408284.mp4"
[ "01:31:59.062" ][VideoThumbnailer] Entering extractFrame for "I:/MY SDCArds/S22 ultra/Snapchat/Snapchat-1429238178.mp4"
[Performance] SLOW LOAD detected: 503 ms for "I:/MY SDCArds/S22 ultra/Camera/20250520_131321.heic?idx=1301"
[ "01:31:59.112" ][VideoThumbnailer] Entering extractFrame for "I:/MY SDCArds/S22 ultra/Camera/20250510_210133.heic"
[ "01:31:59.117" ][VideoThumbnailer] Entering extractFrame for "I:/MY SDCArds/S22 ultra/Camera/20250508_123654.heic"
[ "01:31:59.118" ][VideoThumbnailer] Entering extractFrame for "I:/MY SDCArds/S22 ultra/Snapchat/Snapchat-2127517485.mp4"
[ "01:31:59.125" ][VideoThumbnailer] Entering extractFrame for "I:/MY SDCArds/S22 ultra/Snapchat/Snapchat-235618355.mp4"
[ "01:31:59.134" ][VideoThumbnailer] Entering extractFrame for "I:/MY SDCArds/S22 ultra/Snapchat/Snapchat-1390399253.mp4"
[ "01:31:59.142" ][VideoThumbnailer] Entering extractFrame for "I:/MY SDCArds/S22 ultra/Snapchat/Snapchat-1020230256.mp4"
[ "01:31:59.147" ][VideoThumbnailer] Entering extractFrame for "I:/MY SDCArds/S22 ultra/Snapchat/Snapchat-1932978751.mp4"
[ "01:31:59.155" ][VideoThumbnailer] GPU decode enabled for "I:/MY SDCArds/S22 ultra/Camera/20250510_210133.heic"
[ "01:31:59.170" ][VideoThumbnailer] Entering extractFrame for "I:/MY SDCArds/S22 ultra/Whatsapp/VID-20230923-WA0011.mp4"
[ "01:31:59.177" ][VideoThumbnailer] Entering extractFrame for "I:/MY SDCArds/S22 ultra/Whatsapp/VID-20230809-WA0002.mp4"
[ "01:31:59.192" ][VideoThumbnailer] GPU decode enabled for "I:/MY SDCArds/S22 ultra/Camera/20250508_123654.heic"
[ "01:31:59.272" ][VideoThumbnailer] Entering extractFrame for "I:/MY SDCArds/S22 ultra/Camera/20250508_123638.heic"
[ "01:31:59.282" ][VideoThumbnailer] GPU decode enabled for "I:/MY SDCArds/S22 ultra/Camera/20250508_123638.heic"
[ "01:31:59.301" ][VideoThumbnailer] Entering extractFrame for "I:/MY SDCArds/S22 ultra/Camera/20250514_210403.heic"
[ "01:31:59.314" ][VideoThumbnailer] Entering extractFrame for "I:/MY SDCArds/S22 ultra/Camera/20250511_173542.heic"
[ "01:31:59.323" ][VideoThumbnailer] Entering extractFrame for "I:/MY SDCArds/S22 ultra/Camera/20250512_133703.heic"
[ "01:31:59.334" ][VideoThumbnailer] GPU decode enabled for "I:/MY SDCArds/S22 ultra/Camera/20250512_133703.heic"
[ "01:31:59.345" ][VideoThumbnailer] GPU decode enabled for "I:/MY SDCArds/S22 ultra/Camera/20250514_210403.heic"
[ "01:31:59.353" ][VideoThumbnailer] GPU decode enabled for "I:/MY SDCArds/S22 ultra/Camera/20250511_173542.heic"
[ "01:31:59.374" ][VideoThumbnailer] Entering extractFrame for "I:/MY SDCArds/S22 ultra/Camera/20250512_140315.heic"
[ "01:31:59.391" ][VideoThumbnailer] Entering extractFrame for "I:/MY SDCArds/S22 ultra/Camera/20250512_140747.heic"
[ "01:31:59.396" ][VideoThumbnailer] Entering extractFrame for "I:/MY SDCArds/S22 ultra/Camera/20250514_131339.heic"
[ "01:31:59.435" ][FFmpeg Warn] "Stream #0: not enough frames to estimate rate; consider increasing probesize"
[ "01:31:59.435" ][FFmpeg Warn] "Stream #1: not enough frames to estimate rate; consider increasing probesize"
[ "01:31:59.435" ][FFmpeg Warn] "Stream #2: not enough frames to estimate rate; consider increasing probesize"
[ "01:31:59.435" ][FFmpeg Warn] "Stream #3: not enough frames to estimate rate; consider increasing probesize"
[ "01:31:59.435" ][FFmpeg Warn] "Stream #4: not enough frames to estimate rate; consider increasing probesize"
[ "01:31:59.435" ][FFmpeg Warn] "Stream #5: not enough frames to estimate rate; consider increasing probesize"
[ "01:31:59.435" ][FFmpeg Warn] "Stream #6: not enough frames to estimate rate; consider increasing probesize"
[ "01:31:59.435" ][FFmpeg Warn] "Stream #7: not enough frames to estimate rate; consider increasing probesize"
[ "01:31:59.435" ][FFmpeg Warn] "Stream #8: not enough frames to estimate rate; consider increasing probesize"
[ "01:31:59.435" ][FFmpeg Warn] "Stream #9: not enough frames to estimate rate; consider increasing probesize"
[ "01:31:59.435" ][FFmpeg Warn] "Stream #10: not enough frames to estimate rate; consider increasing probesize"
[ "01:31:59.435" ][FFmpeg Warn] "Stream #11: not enough frames to estimate rate; consider increasing probesize"
[ "01:31:59.435" ][FFmpeg Warn] "Stream #12: not enough frames to estimate rate; consider increasing probesize"
[ "01:31:59.435" ][FFmpeg Warn] "Stream #13: not enough frames to estimate rate; consider increasing probesize"
[ "01:31:59.435" ][FFmpeg Warn] "Stream #14: not enough frames to estimate rate; consider increasing probesize"
[ "01:31:59.435" ][FFmpeg Warn] "Stream #15: not enough frames to estimate rate; consider increasing probesize"
[ "01:31:59.435" ][FFmpeg Warn] "Stream #16: not enough frames to estimate rate; consider increasing probesize"
[ "01:31:59.435" ][FFmpeg Warn] "Stream #17: not enough frames to estimate rate; consider increasing probesize"
[ "01:31:59.435" ][FFmpeg Warn] "Stream #18: not enough frames to estimate rate; consider increasing probesize"
[ "01:31:59.435" ][FFmpeg Warn] "Stream #19: not enough frames to estimate rate; consider increasing probesize"
[ "01:31:59.435" ][FFmpeg Warn] "Stream #20: not enough frames to estimate rate; consider increasing probesize"
[ "01:31:59.435" ][FFmpeg Warn] "Stream #21: not enough frames to estimate rate; consider increasing probesize"
[ "01:31:59.435" ][FFmpeg Warn] "Stream #22: not enough frames to estimate rate; consider increasing probesize"
[ "01:31:59.435" ][FFmpeg Warn] "Stream #23: not enough frames to estimate rate; consider increasing probesize"
[ "01:31:59.435" ][FFmpeg Warn] "Stream #24: not enough frames to estimate rate; consider increasing probesize"
[ "01:31:59.435" ][FFmpeg Warn] "Stream #25: not enough frames to estimate rate; consider increasing probesize"
[ "01:31:59.435" ][FFmpeg Warn] "Stream #26: not enough frames to estimate rate; consider increasing probesize"
[ "01:31:59.435" ][FFmpeg Warn] "Stream #27: not enough frames to estimate rate; consider increasing probesize"
[ "01:31:59.435" ][FFmpeg Warn] "Stream #28: not enough frames to estimate rate; consider increasing probesize"
[ "01:31:59.435" ][FFmpeg Warn] "Stream #29: not enough frames to estimate rate; consider increasing probesize"
[ "01:31:59.435" ][FFmpeg Warn] "Stream #30: not enough frames to estimate rate; consider increasing probesize"
[ "01:31:59.435" ][FFmpeg Warn] "Stream #31: not enough frames to estimate rate; consider increasing probesize"
[ "01:31:59.435" ][FFmpeg Warn] "Stream #32: not enough frames to estimate rate; consider increasing probesize"
[ "01:31:59.436" ][FFmpeg Warn] "Stream #33: not enough frames to estimate rate; consider increasing probesize"
[ "01:31:59.436" ][FFmpeg Warn] "Stream #34: not enough frames to estimate rate; consider increasing probesize"
[ "01:31:59.436" ][FFmpeg Warn] "Stream #35: not enough frames to estimate rate; consider increasing probesize"
[ "01:31:59.436" ][FFmpeg Warn] "Stream #36: not enough frames to estimate rate; consider increasing probesize"
[ "01:31:59.436" ][FFmpeg Warn] "Stream #37: not enough frames to estimate rate; consider increasing probesize"
[ "01:31:59.436" ][FFmpeg Warn] "Stream #38: not enough frames to estimate rate; consider increasing probesize"
[ "01:31:59.436" ][FFmpeg Warn] "Stream #39: not enough frames to estimate rate; consider increasing probesize"
[ "01:31:59.436" ][FFmpeg Warn] "Stream #40: not enough frames to estimate rate; consider increasing probesize"
[ "01:31:59.436" ][FFmpeg Warn] "Stream #41: not enough frames to estimate rate; consider increasing probesize"
[ "01:31:59.436" ][FFmpeg Warn] "Stream #42: not enough frames to estimate rate; consider increasing probesize"
[ "01:31:59.436" ][FFmpeg Warn] "Stream #43: not enough frames to estimate rate; consider increasing probesize"
[ "01:31:59.436" ][FFmpeg Warn] "Stream #44: not enough frames to estimate rate; consider increasing probesize"
[ "01:31:59.436" ][FFmpeg Warn] "Stream #45: not enough frames to estimate rate; consider increasing probesize"
[ "01:31:59.436" ][FFmpeg Warn] "Stream #46: not enough frames to estimate rate; consider increasing probesize"
[ "01:31:59.436" ][FFmpeg Warn] "Stream #47: not enough frames to estimate rate; consider increasing probesize"
[ "01:31:59.436" ][FFmpeg Warn] "Stream #48: not enough frames to estimate rate; consider increasing probesize"
[ "01:31:59.438" ][VideoThumbnailer] GPU decode enabled for "I:/MY SDCArds/S22 ultra/Camera/20250512_140315.heic"
[ "01:31:59.451" ][VideoThumbnailer] GPU decode enabled for "I:/MY SDCArds/S22 ultra/Camera/20250514_131339.heic"
[ "01:31:59.477" ][VideoThumbnailer] Entering extractFrame for "I:/MY SDCArds/S22 ultra/Camera/20250512_230600.mp4"
[AdaptiveIO] Stats:  "I:/"  Avg:  120.736  Limit:  4  ActiveWeight:  4
[ "01:31:59.492" ][VideoThumbnailer] Entering extractFrame for "I:/MY SDCArds/S22 ultra/Camera/20250514_135355.heic"
[ "01:31:59.496" ][VideoThumbnailer] GPU decode enabled for "I:/MY SDCArds/S22 ultra/Camera/20250512_140747.heic"
[ "01:31:59.506" ][VideoThumbnailer] GPU decode enabled for "I:/MY SDCArds/S22 ultra/Camera/20250514_135355.heic"
[ "01:31:59.555" ][VideoThumbnailer] Entering extractFrame for "I:/MY SDCArds/S22 ultra/Camera/20250515_094334.heic"
[ "01:31:59.558" ][VideoThumbnailer] Entering extractFrame for "I:/MY SDCArds/S22 ultra/Camera/20250703_210237.heic"
[ "01:31:59.558" ][VideoThumbnailer] GPU decode enabled for "I:/MY SDCArds/S22 ultra/Camera/20250512_230600.mp4"
[ "01:31:59.570" ][VideoThumbnailer] GPU decode enabled for "I:/MY SDCArds/S22 ultra/Camera/20250515_094334.heic"
[ "01:31:59.630" ][VideoThumbnailer] Entering extractFrame for "I:/MY SDCArds/S22 ultra/Camera/20250515_084318.heic"
[ "01:31:59.632" ][VideoThumbnailer] GPU decode enabled for "I:/MY SDCArds/S22 ultra/Camera/20250703_210237.heic"
[ "01:31:59.667" ][VideoThumbnailer] GPU decode enabled for "I:/MY SDCArds/S22 ultra/Camera/20250515_084318.heic"
[ "01:31:59.674" ][VideoThumbnailer] Entering extractFrame for "I:/MY SDCArds/S22 ultra/Camera/20250515_095929.heic"
[ "01:31:59.716" ][VideoThumbnailer] Entering extractFrame for "I:/MY SDCArds/S22 ultra/Camera/20250515_103324.heic"
[ "01:31:59.717" ][VideoThumbnailer] Entering extractFrame for "I:/MY SDCArds/S22 ultra/Camera/20250708_104348.heic"
[ "01:31:59.963" ][SystemMonitor] Stats Update: CPU App: 32.5269 % | Sys: 80.7796 % | RAM App: 35183 MB | Sys Avail: 878.656 MB / 65466.5 MB
[SystemMonitor] Resource Update: RAM: 35183 MB (Delta: 3313.52 ) | VRAM: 1595.86 MB (Delta: 1494.09 )
[Diagnostics] CRITICAL: "Load stalled for 24s. Pending: 7. Stuck: I:/MY SDCArds/S22 ultra/Camera/20250514_213833.jpg?idx=1329, I:/MY SDCArds/S22 ultra/Camera/20250515_095929.heic?idx=1326, I:/MY SDCArds/S22 ultra/Camera/20250515_103324.heic?idx=1323, I:/MY SDCArd..."
[DiagnosticsUI] CRITICAL ISSUE: Load stalled for 24s. Pending: 7. Stuck: I:/MY SDCArds/S22 ultra/Camera/20250514_213833.jpg?idx=1329, I:/MY SDCArds/S22 ultra/Camera/20250515_095929.heic?idx=1326, I:/MY SDCArds/S22 ultra/Camera/20250515_103324.heic?idx=1323, I:/MY SDCArd...
[ "01:32:01.347" ][SystemMonitor] Stats Update: CPU App: 6.17978 % | Sys: 70.9738 % | RAM App: 34879.9 MB | Sys Avail: 1331.08 MB / 65466.5 MB
[SystemMonitor] Resource Update: RAM: 34879.9 MB (Delta: -303.145 ) | VRAM: 2682.48 MB (Delta: 1086.63 )
[Diagnostics] CRITICAL: "Load stalled for 26s. Pending: 7. Stuck: I:/MY SDCArds/S22 ultra/Camera/20250514_213833.jpg?idx=1329, I:/MY SDCArds/S22 ultra/Camera/20250515_095929.heic?idx=1326, I:/MY SDCArds/S22 ultra/Camera/20250515_103324.heic?idx=1323, I:/MY SDCArd..."
[DiagnosticsUI] CRITICAL ISSUE: Load stalled for 26s. Pending: 7. Stuck: I:/MY SDCArds/S22 ultra/Camera/20250514_213833.jpg?idx=1329, I:/MY SDCArds/S22 ultra/Camera/20250515_095929.heic?idx=1326, I:/MY SDCArds/S22 ultra/Camera/20250515_103324.heic?idx=1323, I:/MY SDCArd...
[ "01:32:02.015" ][SystemMonitor] Stats Update: CPU App: 7.75194 % | Sys: 47.2868 % | RAM App: 34569.8 MB | Sys Avail: 1689.82 MB / 65466.5 MB
[SystemMonitor] Resource Update: RAM: 34569.8 MB (Delta: -310.109 ) | VRAM: 2689.51 MB (Delta: 7.02734 )
[Diagnostics] CRITICAL: "Load stalled for 27s. Pending: 7. Stuck: I:/MY SDCArds/S22 ultra/Camera/20250514_213833.jpg?idx=1329, I:/MY SDCArds/S22 ultra/Camera/20250515_095929.heic?idx=1326, I:/MY SDCArds/S22 ultra/Camera/20250515_103324.heic?idx=1323, I:/MY SDCArd..."
[DiagnosticsUI] CRITICAL ISSUE: Load stalled for 27s. Pending: 7. Stuck: I:/MY SDCArds/S22 ultra/Camera/20250514_213833.jpg?idx=1329, I:/MY SDCArds/S22 ultra/Camera/20250515_095929.heic?idx=1326, I:/MY SDCArds/S22 ultra/Camera/20250515_103324.heic?idx=1323, I:/MY SDCArd...
TelemetryMonitor: Processed 300 frames. Current FPS: 25
[ "01:32:03.020" ][SystemMonitor] Stats Update: CPU App: 3.64583 % | Sys: 39.5833 % | RAM App: 34569.8 MB | Sys Avail: 1716.12 MB / 65466.5 MB
[Diagnostics] CRITICAL: "Load stalled for 28s. Pending: 7. Stuck: I:/MY SDCArds/S22 ultra/Camera/20250514_213833.jpg?idx=1329, I:/MY SDCArds/S22 ultra/Camera/20250515_095929.heic?idx=1326, I:/MY SDCArds/S22 ultra/Camera/20250515_103324.heic?idx=1323, I:/MY SDCArd..."
[DiagnosticsUI] CRITICAL ISSUE: Load stalled for 28s. Pending: 7. Stuck: I:/MY SDCArds/S22 ultra/Camera/20250514_213833.jpg?idx=1329, I:/MY SDCArds/S22 ultra/Camera/20250515_095929.heic?idx=1326, I:/MY SDCArds/S22 ultra/Camera/20250515_103324.heic?idx=1323, I:/MY SDCArd...
[ "01:32:04.018" ][SystemMonitor] Stats Update: CPU App: 5.98958 % | Sys: 57.0313 % | RAM App: 34569.8 MB | Sys Avail: 1707.66 MB / 65466.5 MB
[Diagnostics] CRITICAL: "Load stalled for 29s. Pending: 7. Stuck: I:/MY SDCArds/S22 ultra/Camera/20250514_213833.jpg?idx=1329, I:/MY SDCArds/S22 ultra/Camera/20250515_095929.heic?idx=1326, I:/MY SDCArds/S22 ultra/Camera/20250515_103324.heic?idx=1323, I:/MY SDCArd..."
[DiagnosticsUI] CRITICAL ISSUE: Load stalled for 29s. Pending: 7. Stuck: I:/MY SDCArds/S22 ultra/Camera/20250514_213833.jpg?idx=1329, I:/MY SDCArds/S22 ultra/Camera/20250515_095929.heic?idx=1326, I:/MY SDCArds/S22 ultra/Camera/20250515_103324.heic?idx=1323, I:/MY SDCArd...
[ "01:32:05.025" ][SystemMonitor] Stats Update: CPU App: 4.94792 % | Sys: 75.2604 % | RAM App: 34059.3 MB | Sys Avail: 2007.31 MB / 65466.5 MB
[SystemMonitor] Resource Update: RAM: 34059.3 MB (Delta: -510.473 ) | VRAM: 2681.51 MB (Delta: -8 )
[Diagnostics] CRITICAL: "Load stalled for 30s. Pending: 7. Stuck: I:/MY SDCArds/S22 ultra/Camera/20250514_213833.jpg?idx=1329, I:/MY SDCArds/S22 ultra/Camera/20250515_095929.heic?idx=1326, I:/MY SDCArds/S22 ultra/Camera/20250515_103324.heic?idx=1323, I:/MY SDCArd..."
[DiagnosticsUI] CRITICAL ISSUE: Load stalled for 30s. Pending: 7. Stuck: I:/MY SDCArds/S22 ultra/Camera/20250514_213833.jpg?idx=1329, I:/MY SDCArds/S22 ultra/Camera/20250515_095929.heic?idx=1326, I:/MY SDCArds/S22 ultra/Camera/20250515_103324.heic?idx=1323, I:/MY SDCArd...
[ "01:32:06.018" ][SystemMonitor] Stats Update: CPU App: 3.90625 % | Sys: 73.1771 % | RAM App: 34052.1 MB | Sys Avail: 2128.85 MB / 65466.5 MB
[Diagnostics] CRITICAL: "Load stalled for 31s. Pending: 7. Stuck: I:/MY SDCArds/S22 ultra/Camera/20250514_213833.jpg?idx=1329, I:/MY SDCArds/S22 ultra/Camera/20250515_095929.heic?idx=1326, I:/MY SDCArds/S22 ultra/Camera/20250515_103324.heic?idx=1323, I:/MY SDCArd..."
[DiagnosticsUI] CRITICAL ISSUE: Load stalled for 31s. Pending: 7. Stuck: I:/MY SDCArds/S22 ultra/Camera/20250514_213833.jpg?idx=1329, I:/MY SDCArds/S22 ultra/Camera/20250515_095929.heic?idx=1326, I:/MY SDCArds/S22 ultra/Camera/20250515_103324.heic?idx=1323, I:/MY SDCArd...
[ "01:32:07.018" ][SystemMonitor] Stats Update: CPU App: 3.125 % | Sys: 52.6042 % | RAM App: 34052.1 MB | Sys Avail: 2116.52 MB / 65466.5 MB
[Diagnostics] CRITICAL: "Load stalled for 32s. Pending: 7. Stuck: I:/MY SDCArds/S22 ultra/Camera/20250514_213833.jpg?idx=1329, I:/MY SDCArds/S22 ultra/Camera/20250515_095929.heic?idx=1326, I:/MY SDCArds/S22 ultra/Camera/20250515_103324.heic?idx=1323, I:/MY SDCArd..."
[DiagnosticsUI] CRITICAL ISSUE: Load stalled for 32s. Pending: 7. Stuck: I:/MY SDCArds/S22 ultra/Camera/20250514_213833.jpg?idx=1329, I:/MY SDCArds/S22 ultra/Camera/20250515_095929.heic?idx=1326, I:/MY SDCArds/S22 ultra/Camera/20250515_103324.heic?idx=1323, I:/MY SDCArd...
TelemetryMonitor: Processed 300 frames. Current FPS: 62
[ "01:32:08.018" ][SystemMonitor] Stats Update: CPU App: 3.64583 % | Sys: 43.2292 % | RAM App: 33886.6 MB | Sys Avail: 2260.79 MB / 65466.5 MB
[SystemMonitor] Resource Update: RAM: 33886.6 MB (Delta: -172.727 ) | VRAM: 2681.51 MB (Delta: 0 )
[Diagnostics] CRITICAL: "Load stalled for 33s. Pending: 7. Stuck: I:/MY SDCArds/S22 ultra/Camera/20250514_213833.jpg?idx=1329, I:/MY SDCArds/S22 ultra/Camera/20250515_095929.heic?idx=1326, I:/MY SDCArds/S22 ultra/Camera/20250515_103324.heic?idx=1323, I:/MY SDCArd..."
[DiagnosticsUI] CRITICAL ISSUE: Load stalled for 33s. Pending: 7. Stuck: I:/MY SDCArds/S22 ultra/Camera/20250514_213833.jpg?idx=1329, I:/MY SDCArds/S22 ultra/Camera/20250515_095929.heic?idx=1326, I:/MY SDCArds/S22 ultra/Camera/20250515_103324.heic?idx=1323, I:/MY SDCArd...
[ "01:32:09.020" ][SystemMonitor] Stats Update: CPU App: 3.90625 % | Sys: 39.5833 % | RAM App: 33884.6 MB | Sys Avail: 2267.77 MB / 65466.5 MB
[Diagnostics] CRITICAL: "Load stalled for 34s. Pending: 7. Stuck: I:/MY SDCArds/S22 ultra/Camera/20250514_213833.jpg?idx=1329, I:/MY SDCArds/S22 ultra/Camera/20250515_095929.heic?idx=1326, I:/MY SDCArds/S22 ultra/Camera/20250515_103324.heic?idx=1323, I:/MY SDCArd..."
[DiagnosticsUI] CRITICAL ISSUE: Load stalled for 34s. Pending: 7. Stuck: I:/MY SDCArds/S22 ultra/Camera/20250514_213833.jpg?idx=1329, I:/MY SDCArds/S22 ultra/Camera/20250515_095929.heic?idx=1326, I:/MY SDCArds/S22 ultra/Camera/20250515_103324.heic?idx=1323, I:/MY SDCArd...
[ "01:32:10.019" ][SystemMonitor] Stats Update: CPU App: 4.16667 % | Sys: 46.6146 % | RAM App: 33884.8 MB | Sys Avail: 2286.39 MB / 65466.5 MB
[Diagnostics] CRITICAL: "Load stalled for 35s. Pending: 7. Stuck: I:/MY SDCArds/S22 ultra/Camera/20250514_213833.jpg?idx=1329, I:/MY SDCArds/S22 ultra/Camera/20250515_095929.heic?idx=1326, I:/MY SDCArds/S22 ultra/Camera/20250515_103324.heic?idx=1323, I:/MY SDCArd..."
[DiagnosticsUI] CRITICAL ISSUE: Load stalled for 35s. Pending: 7. Stuck: I:/MY SDCArds/S22 ultra/Camera/20250514_213833.jpg?idx=1329, I:/MY SDCArds/S22 ultra/Camera/20250515_095929.heic?idx=1326, I:/MY SDCArds/S22 ultra/Camera/20250515_103324.heic?idx=1323, I:/MY SDCArd...
[ "01:32:11.020" ][SystemMonitor] Stats Update: CPU App: 3.38542 % | Sys: 42.7083 % | RAM App: 33884.8 MB | Sys Avail: 2278.67 MB / 65466.5 MB
[Diagnostics] CRITICAL: "Load stalled for 36s. Pending: 7. Stuck: I:/MY SDCArds/S22 ultra/Camera/20250514_213833.jpg?idx=1329, I:/MY SDCArds/S22 ultra/Camera/20250515_095929.heic?idx=1326, I:/MY SDCArds/S22 ultra/Camera/20250515_103324.heic?idx=1323, I:/MY SDCArd..."
[DiagnosticsUI] CRITICAL ISSUE: Load stalled for 36s. Pending: 7. Stuck: I:/MY SDCArds/S22 ultra/Camera/20250514_213833.jpg?idx=1329, I:/MY SDCArds/S22 ultra/Camera/20250515_095929.heic?idx=1326, I:/MY SDCArds/S22 ultra/Camera/20250515_103324.heic?idx=1323, I:/MY SDCArd...
[ "01:32:12.017" ][SystemMonitor] Stats Update: CPU App: 4.6875 % | Sys: 52.0833 % | RAM App: 33884.8 MB | Sys Avail: 2290.45 MB / 65466.5 MB
[Diagnostics] CRITICAL: "Load stalled for 37s. Pending: 7. Stuck: I:/MY SDCArds/S22 ultra/Camera/20250514_213833.jpg?idx=1329, I:/MY SDCArds/S22 ultra/Camera/20250515_095929.heic?idx=1326, I:/MY SDCArds/S22 ultra/Camera/20250515_103324.heic?idx=1323, I:/MY SDCArd..."
[DiagnosticsUI] CRITICAL ISSUE: Load stalled for 37s. Pending: 7. Stuck: I:/MY SDCArds/S22 ultra/Camera/20250514_213833.jpg?idx=1329, I:/MY SDCArds/S22 ultra/Camera/20250515_095929.heic?idx=1326, I:/MY SDCArds/S22 ultra/Camera/20250515_103324.heic?idx=1323, I:/MY SDCArd...
TelemetryMonitor: Processed 300 frames. Current FPS: 62
[ "01:32:13.021" ][SystemMonitor] Stats Update: CPU App: 4.16667 % | Sys: 42.9688 % | RAM App: 33884.8 MB | Sys Avail: 2285.18 MB / 65466.5 MB
[Diagnostics] CRITICAL: "Load stalled for 38s. Pending: 7. Stuck: I:/MY SDCArds/S22 ultra/Camera/20250514_213833.jpg?idx=1329, I:/MY SDCArds/S22 ultra/Camera/20250515_095929.heic?idx=1326, I:/MY SDCArds/S22 ultra/Camera/20250515_103324.heic?idx=1323, I:/MY SDCArd..."
[DiagnosticsUI] CRITICAL ISSUE: Load stalled for 38s. Pending: 7. Stuck: I:/MY SDCArds/S22 ultra/Camera/20250514_213833.jpg?idx=1329, I:/MY SDCArds/S22 ultra/Camera/20250515_095929.heic?idx=1326, I:/MY SDCArds/S22 ultra/Camera/20250515_103324.heic?idx=1323, I:/MY SDCArd...
[ "01:32:14.018" ][SystemMonitor] Stats Update: CPU App: 3.90625 % | Sys: 38.8021 % | RAM App: 33884.8 MB | Sys Avail: 2302.44 MB / 65466.5 MB
[Diagnostics] CRITICAL: "Load stalled for 39s. Pending: 7. Stuck: I:/MY SDCArds/S22 ultra/Camera/20250514_213833.jpg?idx=1329, I:/MY SDCArds/S22 ultra/Camera/20250515_095929.heic?idx=1326, I:/MY SDCArds/S22 ultra/Camera/20250515_103324.heic?idx=1323, I:/MY SDCArd..."
[DiagnosticsUI] CRITICAL ISSUE: Load stalled for 39s. Pending: 7. Stuck: I:/MY SDCArds/S22 ultra/Camera/20250514_213833.jpg?idx=1329, I:/MY SDCArds/S22 ultra/Camera/20250515_095929.heic?idx=1326, I:/MY SDCArds/S22 ultra/Camera/20250515_103324.heic?idx=1323, I:/MY SDCArd...
[ "01:32:15.021" ][SystemMonitor] Stats Update: CPU App: 2.86458 % | Sys: 39.5833 % | RAM App: 33884.8 MB | Sys Avail: 2284.06 MB / 65466.5 MB
[AsyncImageProvider] STALL DETECTED for: "I:/MY SDCArds/S22 ultra/Camera/20250514_213833.jpg?idx=1329" Duration: 15401 ms
[AsyncImageProvider] Forcing slots free for drive: "I:/" Weight recovered: 1 New Active Weight: 5
[AsyncImageProvider] STALL DETECTED for: "I:/MY SDCArds/S22 ultra/Camera/20250515_095929.heic?idx=1326" Duration: 15347 ms
[AsyncImageProvider] Forcing slots free for drive: "I:/" Weight recovered: 1 New Active Weight: 4
[AsyncImageProvider] STALL DETECTED for: "I:/MY SDCArds/S22 ultra/Camera/20250515_103324.heic?idx=1323" Duration: 15305 ms
[AsyncImageProvider] Forcing slots free for drive: "I:/" Weight recovered: 1 New Active Weight: 3
[AsyncImageProvider] STALL DETECTED for: "I:/MY SDCArds/S22 ultra/Camera/20250708_104348.heic?idx=1150" Duration: 15304 ms
[AsyncImageProvider] Forcing slots free for drive: "I:/" Weight recovered: 1 New Active Weight: 2
[AsyncImageProvider] Skipped pool expansion (stability check) for 4 stalled tasks.
[Diagnostics] CRITICAL: "Load stalled for 40s. Pending: 7. Stuck: None (Logic Error?)"
[DiagnosticsUI] CRITICAL ISSUE: Load stalled for 40s. Pending: 7. Stuck: None (Logic Error?)
[ "01:32:16.018" ][SystemMonitor] Stats Update: CPU App: 3.125 % | Sys: 40.1042 % | RAM App: 33884.8 MB | Sys Avail: 2284.08 MB / 65466.5 MB
[Diagnostics] CRITICAL: "Load stalled for 41s. Pending: 7. Stuck: None (Logic Error?)"
[DiagnosticsUI] CRITICAL ISSUE: Load stalled for 41s. Pending: 7. Stuck: None (Logic Error?)
[ "01:32:17.020" ][SystemMonitor] Stats Update: CPU App: 2.60417 % | Sys: 48.6979 % | RAM App: 33884.8 MB | Sys Avail: 2259.14 MB / 65466.5 MB
[Diagnostics] CRITICAL: "Load stalled for 42s. Pending: 7. Stuck: None (Logic Error?)"
[DiagnosticsUI] CRITICAL ISSUE: Load stalled for 42s. Pending: 7. Stuck: None (Logic Error?)
[ "01:32:17.435" ][FFmpeg Error] "moov atom not found"
[ "01:32:17.443" ][FFmpeg Error] "moov atom not found"
[ "01:32:17.444" ][FFmpeg Error] "moov atom not found"
[ "01:31:59.716" ][FFmpeg] Failed to open file (or timeout): "I:/MY SDCArds/S22 ultra/Camera/20250515_103324.heic"
[Performance] SLOW LOAD detected: 17739 ms for "I:/MY SDCArds/S22 ultra/Camera/20250515_103324.heic?idx=1323"
[ "01:31:59.717" ][FFmpeg] Failed to open file (or timeout): "I:/MY SDCArds/S22 ultra/Camera/20250708_104348.heic"
[Performance] SLOW LOAD detected: 17742 ms for "I:/MY SDCArds/S22 ultra/Camera/20250708_104348.heic?idx=1150"
[ "01:31:59.674" ][FFmpeg] Failed to open file (or timeout): "I:/MY SDCArds/S22 ultra/Camera/20250515_095929.heic"
[Performance] SLOW LOAD detected: 17788 ms for "I:/MY SDCArds/S22 ultra/Camera/20250515_095929.heic?idx=1326"
[ "01:32:17.466" ][VideoThumbnailer] Entering extractFrame for "I:/MY SDCArds/S22 ultra/Camera/20250515_141321.heic"
[ "01:32:17.468" ][VideoThumbnailer] Entering extractFrame for "I:/MY SDCArds/S22 ultra/Camera/20250515_155936.heic"
[ "01:32:17.517" ][VideoThumbnailer] Entering extractFrame for "I:/MY SDCArds/S22 ultra/Camera/20250515_145742.heic"
[ "01:32:17.546" ][VideoThumbnailer] GPU decode enabled for "I:/MY SDCArds/S22 ultra/Camera/20250515_145742.heic"
[Performance] SLOW LOAD detected: 17924 ms for "I:/MY SDCArds/S22 ultra/Camera/20250514_213833.jpg?idx=1329"
[ "01:32:17.551" ][VideoThumbnailer] GPU decode enabled for "I:/MY SDCArds/S22 ultra/Camera/20250515_155936.heic"
[ "01:32:17.563" ][VideoThumbnailer] GPU decode enabled for "I:/MY SDCArds/S22 ultra/Camera/20250515_141321.heic"
[ "01:32:17.594" ][VideoThumbnailer] Entering extractFrame for "I:/MY SDCArds/S22 ultra/Camera/20250515_155930.heic"
[ "01:32:17.597" ][VideoThumbnailer] Entering extractFrame for "I:/MY SDCArds/S22 ultra/Camera/20250515_140517.heic"
[ "01:32:17.602" ][VideoThumbnailer] Entering extractFrame for "I:/MY SDCArds/S22 ultra/Camera/20250515_103332.heic"
[ "01:32:17.651" ][VideoThumbnailer] GPU decode enabled for "I:/MY SDCArds/S22 ultra/Camera/20250515_140517.heic"
[ "01:32:17.672" ][VideoThumbnailer] GPU decode enabled for "I:/MY SDCArds/S22 ultra/Camera/20250515_155930.heic"
[ "01:32:17.678" ][VideoThumbnailer] Entering extractFrame for "I:/MY SDCArds/S22 ultra/Camera/20250515_155939.heic"
[ "01:32:17.684" ][VideoThumbnailer] GPU decode enabled for "I:/MY SDCArds/S22 ultra/Camera/20250515_103332.heic"
[ "01:32:17.706" ][VideoThumbnailer] Entering extractFrame for "I:/MY SDCArds/S22 ultra/Camera/20250515_155937.heic"
[ "01:32:17.717" ][VideoThumbnailer] Entering extractFrame for "I:/MY SDCArds/S22 ultra/Camera/20250515_145710.heic"
[ "01:32:17.722" ][VideoThumbnailer] GPU decode enabled for "I:/MY SDCArds/S22 ultra/Camera/20250515_155939.heic"
TelemetryMonitor: Processed 300 frames. Current FPS: 62
[ "01:32:17.743" ][VideoThumbnailer] GPU decode enabled for "I:/MY SDCArds/S22 ultra/Camera/20250515_145710.heic"
[ "01:32:17.760" ][VideoThumbnailer] Entering extractFrame for "I:/MY SDCArds/S22 ultra/Camera/20250520_130845.heic"
[ "01:32:17.769" ][VideoThumbnailer] Entering extractFrame for "I:/MY SDCArds/S22 ultra/Camera/20250520_131316.heic"
[ "01:32:17.772" ][VideoThumbnailer] GPU decode enabled for "I:/MY SDCArds/S22 ultra/Camera/20250515_155937.heic"
[ "01:32:17.794" ][VideoThumbnailer] Entering extractFrame for "I:/MY SDCArds/S22 ultra/Camera/20250520_131438.heic"
[ "01:32:17.894" ][VideoThumbnailer] GPU decode enabled for "I:/MY SDCArds/S22 ultra/Camera/20250520_130845.heic"
[ "01:32:17.908" ][VideoThumbnailer] GPU decode enabled for "I:/MY SDCArds/S22 ultra/Camera/20250520_131438.heic"
[ "01:32:17.931" ][VideoThumbnailer] GPU decode enabled for "I:/MY SDCArds/S22 ultra/Camera/20250520_131316.heic"
[ "01:32:17.932" ][VideoThumbnailer] Entering extractFrame for "I:/MY SDCArds/S22 ultra/Camera/20250520_131743.heic"
[ "01:32:17.948" ][VideoThumbnailer] Entering extractFrame for "I:/MY SDCArds/S22 ultra/Camera/20250520_132032.heic"
[ "01:32:17.961" ][VideoThumbnailer] GPU decode enabled for "I:/MY SDCArds/S22 ultra/Camera/20250520_131743.heic"
[ "01:32:17.962" ][VideoThumbnailer] Entering extractFrame for "I:/MY SDCArds/S22 ultra/Camera/20250520_132201.heic"
[ "01:32:17.986" ][VideoThumbnailer] Entering extractFrame for "I:/MY SDCArds/S22 ultra/Camera/20250520_135351.heic"
[ "01:32:18.001" ][VideoThumbnailer] GPU decode enabled for "I:/MY SDCArds/S22 ultra/Camera/20250520_132032.heic"
[ "01:32:18.017" ][SystemMonitor] Stats Update: CPU App: 12.7604 % | Sys: 56.25 % | RAM App: 33955.5 MB | Sys Avail: 2135.63 MB / 65466.5 MB
[SystemMonitor] Resource Update: RAM: 33955.5 MB (Delta: 68.9023 ) | VRAM: 2683.51 MB (Delta: 2 )
[Diagnostics] CRITICAL: "Load stalled for 43s. Pending: 9. Stuck: I:/MY SDCArds/S22 ultra/Camera/20250520_132032.heic?idx=1298, I:/MY SDCArds/S22 ultra/Camera/20250520_132201.heic?idx=1297, I:/MY SDCArds/S22 ultra/Camera/20250520_135351.heic?idx=1296, I:/MY SDCAr..."
[DiagnosticsUI] CRITICAL ISSUE: Load stalled for 43s. Pending: 9. Stuck: I:/MY SDCArds/S22 ultra/Camera/20250520_132032.heic?idx=1298, I:/MY SDCArds/S22 ultra/Camera/20250520_132201.heic?idx=1297, I:/MY SDCArds/S22 ultra/Camera/20250520_135351.heic?idx=1296, I:/MY SDCAr...
[ "01:32:18.038" ][VideoThumbnailer] GPU decode enabled for "I:/MY SDCArds/S22 ultra/Camera/20250520_132201.heic"
[ "01:32:18.058" ][VideoThumbnailer] Entering extractFrame for "I:/MY SDCArds/S22 ultra/Camera/20250521_101719.heic"
[ "01:32:18.060" ][VideoThumbnailer] GPU decode enabled for "I:/MY SDCArds/S22 ultra/Camera/20250520_135351.heic"
[ "01:32:18.070" ][VideoThumbnailer] GPU decode enabled for "I:/MY SDCArds/S22 ultra/Camera/20250521_101719.heic"
[ "01:32:18.071" ][VideoThumbnailer] Entering extractFrame for "I:/MY SDCArds/S22 ultra/Camera/20250523_101719.heic"
[ "01:32:18.087" ][VideoThumbnailer] Entering extractFrame for "I:/MY SDCArds/S22 ultra/Camera/20250523_101816.heic"
[ "01:32:18.094" ][VideoThumbnailer] Entering extractFrame for "I:/MY SDCArds/S22 ultra/Camera/20250523_101830.heic"
[ "01:32:18.121" ][VideoThumbnailer] GPU decode enabled for "I:/MY SDCArds/S22 ultra/Camera/20250523_101816.heic"
[ "01:32:18.143" ][VideoThumbnailer] GPU decode enabled for "I:/MY SDCArds/S22 ultra/Camera/20250523_101719.heic"
[ "01:32:18.144" ][VideoThumbnailer] Entering extractFrame for "I:/MY SDCArds/S22 ultra/Camera/20250523_101848.heic"
[ "01:32:18.167" ][VideoThumbnailer] Entering extractFrame for "I:/MY SDCArds/S22 ultra/Camera/20250523_101908.heic"
[ "01:32:18.205" ][VideoThumbnailer] GPU decode enabled for "I:/MY SDCArds/S22 ultra/Camera/20250523_101848.heic"
[ "01:32:18.211" ][VideoThumbnailer] GPU decode enabled for "I:/MY SDCArds/S22 ultra/Camera/20250523_101908.heic"
[ "01:32:18.222" ][VideoThumbnailer] GPU decode enabled for "I:/MY SDCArds/S22 ultra/Camera/20250523_101830.heic"
[ "01:32:18.260" ][VideoThumbnailer] Entering extractFrame for "I:/MY SDCArds/S22 ultra/Camera/20250523_101947.heic"
[ "01:32:18.263" ][VideoThumbnailer] Entering extractFrame for "I:/MY SDCArds/S22 ultra/Camera/20250523_102604.heic"
[ "01:32:18.271" ][VideoThumbnailer] Entering extractFrame for "I:/MY SDCArds/S22 ultra/Camera/20250523_102020.heic"
[ "01:32:18.334" ][VideoThumbnailer] GPU decode enabled for "I:/MY SDCArds/S22 ultra/Camera/20250523_102020.heic"
[ "01:32:18.359" ][VideoThumbnailer] Entering extractFrame for "I:/MY SDCArds/S22 ultra/Camera/20250627_075401.mp4"
[ "01:32:18.383" ][VideoThumbnailer] GPU decode enabled for "I:/MY SDCArds/S22 ultra/Camera/20250523_101947.heic"
[ "01:32:18.408" ][VideoThumbnailer] Entering extractFrame for "I:/MY SDCArds/S22 ultra/Camera/20250523_101952.heic"
[ "01:32:18.421" ][FFmpeg Warn] "Stream #0: not enough frames to estimate rate; consider increasing probesize"
[ "01:32:18.421" ][FFmpeg Warn] "Stream #1: not enough frames to estimate rate; consider increasing probesize"
[ "01:32:18.422" ][FFmpeg Warn] "Stream #2: not enough frames to estimate rate; consider increasing probesize"
[ "01:32:18.422" ][FFmpeg Warn] "Stream #3: not enough frames to estimate rate; consider increasing probesize"
[ "01:32:18.422" ][FFmpeg Warn] "Stream #4: not enough frames to estimate rate; consider increasing probesize"
[ "01:32:18.422" ][FFmpeg Warn] "Stream #5: not enough frames to estimate rate; consider increasing probesize"
[ "01:32:18.422" ][FFmpeg Warn] "Stream #6: not enough frames to estimate rate; consider increasing probesize"
[ "01:32:18.422" ][FFmpeg Warn] "Stream #7: not enough frames to estimate rate; consider increasing probesize"
[ "01:32:18.422" ][FFmpeg Warn] "Stream #8: not enough frames to estimate rate; consider increasing probesize"
[ "01:32:18.422" ][FFmpeg Warn] "Stream #9: not enough frames to estimate rate; consider increasing probesize"
[ "01:32:18.422" ][FFmpeg Warn] "Stream #10: not enough frames to estimate rate; consider increasing probesize"
[ "01:32:18.422" ][FFmpeg Warn] "Stream #11: not enough frames to estimate rate; consider increasing probesize"
[ "01:32:18.422" ][FFmpeg Warn] "Stream #12: not enough frames to estimate rate; consider increasing probesize"
[ "01:32:18.422" ][FFmpeg Warn] "Stream #13: not enough frames to estimate rate; consider increasing probesize"
[ "01:32:18.422" ][FFmpeg Warn] "Stream #14: not enough frames to estimate rate; consider increasing probesize"
[ "01:32:18.422" ][FFmpeg Warn] "Stream #15: not enough frames to estimate rate; consider increasing probesize"
[ "01:32:18.422" ][FFmpeg Warn] "Stream #16: not enough frames to estimate rate; consider increasing probesize"
[ "01:32:18.422" ][FFmpeg Warn] "Stream #17: not enough frames to estimate rate; consider increasing probesize"
[ "01:32:18.422" ][FFmpeg Warn] "Stream #18: not enough frames to estimate rate; consider increasing probesize"
[ "01:32:18.422" ][FFmpeg Warn] "Stream #19: not enough frames to estimate rate; consider increasing probesize"
[ "01:32:18.422" ][FFmpeg Warn] "Stream #20: not enough frames to estimate rate; consider increasing probesize"
[ "01:32:18.422" ][FFmpeg Warn] "Stream #21: not enough frames to estimate rate; consider increasing probesize"
[ "01:32:18.422" ][FFmpeg Warn] "Stream #22: not enough frames to estimate rate; consider increasing probesize"
[ "01:32:18.422" ][FFmpeg Warn] "Stream #23: not enough frames to estimate rate; consider increasing probesize"
[ "01:32:18.422" ][FFmpeg Warn] "Stream #24: not enough frames to estimate rate; consider increasing probesize"
[ "01:32:18.422" ][FFmpeg Warn] "Stream #25: not enough frames to estimate rate; consider increasing probesize"
[ "01:32:18.422" ][FFmpeg Warn] "Stream #26: not enough frames to estimate rate; consider increasing probesize"
[ "01:32:18.422" ][FFmpeg Warn] "Stream #27: not enough frames to estimate rate; consider increasing probesize"
[ "01:32:18.422" ][FFmpeg Warn] "Stream #28: not enough frames to estimate rate; consider increasing probesize"
[ "01:32:18.422" ][FFmpeg Warn] "Stream #29: not enough frames to estimate rate; consider increasing probesize"
[ "01:32:18.423" ][FFmpeg Warn] "Stream #30: not enough frames to estimate rate; consider increasing probesize"
[ "01:32:18.423" ][FFmpeg Warn] "Stream #31: not enough frames to estimate rate; consider increasing probesize"
[ "01:32:18.423" ][FFmpeg Warn] "Stream #32: not enough frames to estimate rate; consider increasing probesize"
[ "01:32:18.423" ][FFmpeg Warn] "Stream #33: not enough frames to estimate rate; consider increasing probesize"
[ "01:32:18.423" ][FFmpeg Warn] "Stream #34: not enough frames to estimate rate; consider increasing probesize"
[ "01:32:18.423" ][FFmpeg Warn] "Stream #35: not enough frames to estimate rate; consider increasing probesize"
[ "01:32:18.423" ][FFmpeg Warn] "Stream #36: not enough frames to estimate rate; consider increasing probesize"
[ "01:32:18.423" ][FFmpeg Warn] "Stream #37: not enough frames to estimate rate; consider increasing probesize"
[ "01:32:18.423" ][FFmpeg Warn] "Stream #38: not enough frames to estimate rate; consider increasing probesize"
[ "01:32:18.423" ][FFmpeg Warn] "Stream #39: not enough frames to estimate rate; consider increasing probesize"
[ "01:32:18.423" ][FFmpeg Warn] "Stream #40: not enough frames to estimate rate; consider increasing probesize"
[ "01:32:18.423" ][FFmpeg Warn] "Stream #41: not enough frames to estimate rate; consider increasing probesize"
[ "01:32:18.423" ][FFmpeg Warn] "Stream #42: not enough frames to estimate rate; consider increasing probesize"
[ "01:32:18.423" ][FFmpeg Warn] "Stream #43: not enough frames to estimate rate; consider increasing probesize"
[ "01:32:18.423" ][FFmpeg Warn] "Stream #44: not enough frames to estimate rate; consider increasing probesize"
[ "01:32:18.423" ][FFmpeg Warn] "Stream #45: not enough frames to estimate rate; consider increasing probesize"
[ "01:32:18.423" ][FFmpeg Warn] "Stream #46: not enough frames to estimate rate; consider increasing probesize"
[ "01:32:18.423" ][FFmpeg Warn] "Stream #47: not enough frames to estimate rate; consider increasing probesize"
[ "01:32:18.423" ][FFmpeg Warn] "Stream #48: not enough frames to estimate rate; consider increasing probesize"
[ "01:32:18.425" ][VideoThumbnailer] GPU decode enabled for "I:/MY SDCArds/S22 ultra/Camera/20250523_102604.heic"
[ "01:32:18.444" ][VideoThumbnailer] GPU decode enabled for "I:/MY SDCArds/S22 ultra/Camera/20250627_075401.mp4"
[ "01:32:18.479" ][VideoThumbnailer] GPU decode enabled for "I:/MY SDCArds/S22 ultra/Camera/20250523_101952.heic"
[ "01:32:18.506" ][VideoThumbnailer] Entering extractFrame for "I:/MY SDCArds/S22 ultra/Camera/20250628_161902.heic"
[ "01:32:18.522" ][VideoThumbnailer] GPU decode enabled for "I:/MY SDCArds/S22 ultra/Camera/20250628_161902.heic"
[ "01:32:18.620" ][VideoThumbnailer] Entering extractFrame for "I:/MY SDCArds/S22 ultra/Camera/20250523_102636.heic"
[ "01:32:18.623" ][VideoThumbnailer] Entering extractFrame for "I:/MY SDCArds/S22 ultra/Camera/20250523_104310.heic"
[ "01:32:18.671" ][VideoThumbnailer] Entering extractFrame for "I:/MY SDCArds/S22 ultra/Camera/20250611_175725.heic"
[ "01:32:18.678" ][VideoThumbnailer] GPU decode enabled for "I:/MY SDCArds/S22 ultra/Camera/20250523_104310.heic"
[ "01:32:18.703" ][VideoThumbnailer] Entering extractFrame for "I:/MY SDCArds/S22 ultra/Camera/20250523_104417.heic"
[ "01:32:18.710" ][VideoThumbnailer] GPU decode enabled for "I:/MY SDCArds/S22 ultra/Camera/20250611_175725.heic"
[ "01:32:18.740" ][VideoThumbnailer] Entering extractFrame for "I:/MY SDCArds/S22 ultra/Camera/20250523_102716.heic"
[ "01:32:18.743" ][FFmpeg Warn] "Stream #0: not enough frames to estimate rate; consider increasing probesize"
[ "01:32:18.743" ][FFmpeg Warn] "Stream #1: not enough frames to estimate rate; consider increasing probesize"
[ "01:32:18.743" ][FFmpeg Warn] "Stream #2: not enough frames to estimate rate; consider increasing probesize"
[ "01:32:18.743" ][FFmpeg Warn] "Stream #3: not enough frames to estimate rate; consider increasing probesize"
[ "01:32:18.743" ][FFmpeg Warn] "Stream #4: not enough frames to estimate rate; consider increasing probesize"
[ "01:32:18.743" ][FFmpeg Warn] "Stream #5: not enough frames to estimate rate; consider increasing probesize"
[ "01:32:18.743" ][FFmpeg Warn] "Stream #6: not enough frames to estimate rate; consider increasing probesize"
[ "01:32:18.743" ][FFmpeg Warn] "Stream #7: not enough frames to estimate rate; consider increasing probesize"
[ "01:32:18.743" ][FFmpeg Warn] "Stream #8: not enough frames to estimate rate; consider increasing probesize"
[ "01:32:18.744" ][FFmpeg Warn] "Stream #9: not enough frames to estimate rate; consider increasing probesize"
[ "01:32:18.744" ][FFmpeg Warn] "Stream #10: not enough frames to estimate rate; consider increasing probesize"
[ "01:32:18.744" ][FFmpeg Warn] "Stream #11: not enough frames to estimate rate; consider increasing probesize"
[ "01:32:18.744" ][FFmpeg Warn] "Stream #12: not enough frames to estimate rate; consider increasing probesize"
[ "01:32:18.744" ][FFmpeg Warn] "Stream #13: not enough frames to estimate rate; consider increasing probesize"
[ "01:32:18.744" ][FFmpeg Warn] "Stream #14: not enough frames to estimate rate; consider increasing probesize"
[ "01:32:18.744" ][FFmpeg Warn] "Stream #15: not enough frames to estimate rate; consider increasing probesize"
[ "01:32:18.744" ][FFmpeg Warn] "Stream #16: not enough frames to estimate rate; consider increasing probesize"
[ "01:32:18.744" ][FFmpeg Warn] "Stream #17: not enough frames to estimate rate; consider increasing probesize"
[ "01:32:18.744" ][FFmpeg Warn] "Stream #18: not enough frames to estimate rate; consider increasing probesize"
[ "01:32:18.744" ][FFmpeg Warn] "Stream #19: not enough frames to estimate rate; consider increasing probesize"
[ "01:32:18.744" ][FFmpeg Warn] "Stream #20: not enough frames to estimate rate; consider increasing probesize"
[ "01:32:18.744" ][FFmpeg Warn] "Stream #21: not enough frames to estimate rate; consider increasing probesize"
[ "01:32:18.744" ][FFmpeg Warn] "Stream #22: not enough frames to estimate rate; consider increasing probesize"
[ "01:32:18.744" ][FFmpeg Warn] "Stream #23: not enough frames to estimate rate; consider increasing probesize"
[ "01:32:18.744" ][FFmpeg Warn] "Stream #24: not enough frames to estimate rate; consider increasing probesize"
[ "01:32:18.744" ][FFmpeg Warn] "Stream #25: not enough frames to estimate rate; consider increasing probesize"
[ "01:32:18.744" ][FFmpeg Warn] "Stream #26: not enough frames to estimate rate; consider increasing probesize"
[ "01:32:18.744" ][FFmpeg Warn] "Stream #27: not enough frames to estimate rate; consider increasing probesize"
[ "01:32:18.744" ][FFmpeg Warn] "Stream #28: not enough frames to estimate rate; consider increasing probesize"
[ "01:32:18.744" ][FFmpeg Warn] "Stream #29: not enough frames to estimate rate; consider increasing probesize"
[ "01:32:18.744" ][FFmpeg Warn] "Stream #30: not enough frames to estimate rate; consider increasing probesize"
[ "01:32:18.744" ][FFmpeg Warn] "Stream #31: not enough frames to estimate rate; consider increasing probesize"
[ "01:32:18.744" ][FFmpeg Warn] "Stream #32: not enough frames to estimate rate; consider increasing probesize"
[ "01:32:18.744" ][FFmpeg Warn] "Stream #33: not enough frames to estimate rate; consider increasing probesize"
[ "01:32:18.744" ][FFmpeg Warn] "Stream #34: not enough frames to estimate rate; consider increasing probesize"
[ "01:32:18.744" ][FFmpeg Warn] "Stream #35: not enough frames to estimate rate; consider increasing probesize"
[ "01:32:18.744" ][FFmpeg Warn] "Stream #36: not enough frames to estimate rate; consider increasing probesize"
[ "01:32:18.744" ][FFmpeg Warn] "Stream #37: not enough frames to estimate rate; consider increasing probesize"
[ "01:32:18.744" ][FFmpeg Warn] "Stream #38: not enough frames to estimate rate; consider increasing probesize"
[ "01:32:18.744" ][FFmpeg Warn] "Stream #39: not enough frames to estimate rate; consider increasing probesize"
[ "01:32:18.744" ][FFmpeg Warn] "Stream #40: not enough frames to estimate rate; consider increasing probesize"
[ "01:32:18.744" ][FFmpeg Warn] "Stream #41: not enough frames to estimate rate; consider increasing probesize"
[ "01:32:18.744" ][FFmpeg Warn] "Stream #42: not enough frames to estimate rate; consider increasing probesize"
[ "01:32:18.744" ][FFmpeg Warn] "Stream #43: not enough frames to estimate rate; consider increasing probesize"
[ "01:32:18.744" ][FFmpeg Warn] "Stream #44: not enough frames to estimate rate; consider increasing probesize"
[ "01:32:18.744" ][FFmpeg Warn] "Stream #45: not enough frames to estimate rate; consider increasing probesize"
[ "01:32:18.744" ][FFmpeg Warn] "Stream #46: not enough frames to estimate rate; consider increasing probesize"
[ "01:32:18.744" ][FFmpeg Warn] "Stream #47: not enough frames to estimate rate; consider increasing probesize"
[ "01:32:18.744" ][FFmpeg Warn] "Stream #48: not enough frames to estimate rate; consider increasing probesize"
[ "01:32:18.747" ][VideoThumbnailer] GPU decode enabled for "I:/MY SDCArds/S22 ultra/Camera/20250523_102636.heic"
[ "01:32:18.775" ][VideoThumbnailer] Entering extractFrame for "I:/MY SDCArds/S22 ultra/Camera/20250526_101520.heic"
[ "01:32:18.802" ][VideoThumbnailer] GPU decode enabled for "I:/MY SDCArds/S22 ultra/Camera/20250523_104417.heic"
[ "01:32:18.826" ][VideoThumbnailer] Entering extractFrame for "I:/MY SDCArds/S22 ultra/Camera/20250526_101526.heic"
[ "01:32:18.827" ][VideoThumbnailer] GPU decode enabled for "I:/MY SDCArds/S22 ultra/Camera/20250523_102716.heic"
[ "01:32:18.863" ][VideoThumbnailer] Entering extractFrame for "I:/MY SDCArds/S22 ultra/Camera/20250526_101834.heic"
[ "01:32:18.880" ][VideoThumbnailer] GPU decode enabled for "I:/MY SDCArds/S22 ultra/Camera/20250526_101520.heic"
[ "01:32:18.905" ][VideoThumbnailer] Entering extractFrame for "I:/MY SDCArds/S22 ultra/Camera/20250526_101847.heic"
[ "01:32:18.909" ][VideoThumbnailer] GPU decode enabled for "I:/MY SDCArds/S22 ultra/Camera/20250526_101834.heic"
[ "01:32:18.933" ][VideoThumbnailer] Entering extractFrame for "I:/MY SDCArds/S22 ultra/Camera/20250526_101906.heic"
[ "01:32:18.947" ][VideoThumbnailer] GPU decode enabled for "I:/MY SDCArds/S22 ultra/Camera/20250526_101526.heic"
[ "01:32:18.971" ][VideoThumbnailer] Entering extractFrame for "I:/MY SDCArds/S22 ultra/Camera/20250526_101927.heic"
[ "01:32:18.975" ][FFmpeg Warn] "Stream #0: not enough frames to estimate rate; consider increasing probesize"
[ "01:32:18.976" ][FFmpeg Warn] "Stream #1: not enough frames to estimate rate; consider increasing probesize"
[ "01:32:18.976" ][FFmpeg Warn] "Stream #2: not enough frames to estimate rate; consider increasing probesize"
[ "01:32:18.976" ][FFmpeg Warn] "Stream #3: not enough frames to estimate rate; consider increasing probesize"
[ "01:32:18.976" ][FFmpeg Warn] "Stream #4: not enough frames to estimate rate; consider increasing probesize"
[ "01:32:18.976" ][FFmpeg Warn] "Stream #5: not enough frames to estimate rate; consider increasing probesize"
[ "01:32:18.976" ][FFmpeg Warn] "Stream #6: not enough frames to estimate rate; consider increasing probesize"
[ "01:32:18.976" ][FFmpeg Warn] "Stream #7: not enough frames to estimate rate; consider increasing probesize"
[ "01:32:18.976" ][FFmpeg Warn] "Stream #8: not enough frames to estimate rate; consider increasing probesize"
[ "01:32:18.976" ][FFmpeg Warn] "Stream #9: not enough frames to estimate rate; consider increasing probesize"
[ "01:32:18.976" ][FFmpeg Warn] "Stream #10: not enough frames to estimate rate; consider increasing probesize"
[ "01:32:18.976" ][FFmpeg Warn] "Stream #11: not enough frames to estimate rate; consider increasing probesize"
[ "01:32:18.976" ][FFmpeg Warn] "Stream #12: not enough frames to estimate rate; consider increasing probesize"
[ "01:32:18.976" ][FFmpeg Warn] "Stream #13: not enough frames to estimate rate; consider increasing probesize"
[ "01:32:18.976" ][FFmpeg Warn] "Stream #14: not enough frames to estimate rate; consider increasing probesize"
[ "01:32:18.976" ][FFmpeg Warn] "Stream #15: not enough frames to estimate rate; consider increasing probesize"
[ "01:32:18.976" ][FFmpeg Warn] "Stream #16: not enough frames to estimate rate; consider increasing probesize"
[ "01:32:18.976" ][FFmpeg Warn] "Stream #17: not enough frames to estimate rate; consider increasing probesize"
[ "01:32:18.976" ][FFmpeg Warn] "Stream #18: not enough frames to estimate rate; consider increasing probesize"
[ "01:32:18.976" ][FFmpeg Warn] "Stream #19: not enough frames to estimate rate; consider increasing probesize"
[ "01:32:18.976" ][FFmpeg Warn] "Stream #20: not enough frames to estimate rate; consider increasing probesize"
[ "01:32:18.976" ][FFmpeg Warn] "Stream #21: not enough frames to estimate rate; consider increasing probesize"
[ "01:32:18.976" ][FFmpeg Warn] "Stream #22: not enough frames to estimate rate; consider increasing probesize"
[ "01:32:18.976" ][FFmpeg Warn] "Stream #23: not enough frames to estimate rate; consider increasing probesize"
[ "01:32:18.976" ][FFmpeg Warn] "Stream #24: not enough frames to estimate rate; consider increasing probesize"
[ "01:32:18.976" ][FFmpeg Warn] "Stream #25: not enough frames to estimate rate; consider increasing probesize"
[ "01:32:18.976" ][FFmpeg Warn] "Stream #26: not enough frames to estimate rate; consider increasing probesize"
[ "01:32:18.976" ][FFmpeg Warn] "Stream #27: not enough frames to estimate rate; consider increasing probesize"
[ "01:32:18.976" ][FFmpeg Warn] "Stream #28: not enough frames to estimate rate; consider increasing probesize"
[ "01:32:18.976" ][FFmpeg Warn] "Stream #29: not enough frames to estimate rate; consider increasing probesize"
[ "01:32:18.976" ][FFmpeg Warn] "Stream #30: not enough frames to estimate rate; consider increasing probesize"
[ "01:32:18.976" ][FFmpeg Warn] "Stream #31: not enough frames to estimate rate; consider increasing probesize"
[ "01:32:18.976" ][FFmpeg Warn] "Stream #32: not enough frames to estimate rate; consider increasing probesize"
[ "01:32:18.976" ][FFmpeg Warn] "Stream #33: not enough frames to estimate rate; consider increasing probesize"
[ "01:32:18.976" ][FFmpeg Warn] "Stream #34: not enough frames to estimate rate; consider increasing probesize"
[ "01:32:18.976" ][FFmpeg Warn] "Stream #35: not enough frames to estimate rate; consider increasing probesize"
[ "01:32:18.976" ][FFmpeg Warn] "Stream #36: not enough frames to estimate rate; consider increasing probesize"
[ "01:32:18.976" ][FFmpeg Warn] "Stream #37: not enough frames to estimate rate; consider increasing probesize"
[ "01:32:18.976" ][FFmpeg Warn] "Stream #38: not enough frames to estimate rate; consider increasing probesize"
[ "01:32:18.976" ][FFmpeg Warn] "Stream #39: not enough frames to estimate rate; consider increasing probesize"
[ "01:32:18.976" ][FFmpeg Warn] "Stream #40: not enough frames to estimate rate; consider increasing probesize"
[ "01:32:18.976" ][FFmpeg Warn] "Stream #41: not enough frames to estimate rate; consider increasing probesize"
[ "01:32:18.976" ][FFmpeg Warn] "Stream #42: not enough frames to estimate rate; consider increasing probesize"
[ "01:32:18.976" ][FFmpeg Warn] "Stream #43: not enough frames to estimate rate; consider increasing probesize"
[ "01:32:18.977" ][FFmpeg Warn] "Stream #44: not enough frames to estimate rate; consider increasing probesize"
[ "01:32:18.977" ][FFmpeg Warn] "Stream #45: not enough frames to estimate rate; consider increasing probesize"
[ "01:32:18.977" ][FFmpeg Warn] "Stream #46: not enough frames to estimate rate; consider increasing probesize"
[ "01:32:18.977" ][FFmpeg Warn] "Stream #47: not enough frames to estimate rate; consider increasing probesize"
[ "01:32:18.977" ][FFmpeg Warn] "Stream #48: not enough frames to estimate rate; consider increasing probesize"
[ "01:32:18.978" ][VideoThumbnailer] GPU decode enabled for "I:/MY SDCArds/S22 ultra/Camera/20250526_101847.heic"
[ "01:32:19.002" ][VideoThumbnailer] Entering extractFrame for "I:/MY SDCArds/S22 ultra/Camera/20250526_102034.heic"
[ "01:32:19.021" ][SystemMonitor] Stats Update: CPU App: 16.6667 % | Sys: 64.3229 % | RAM App: 34285.5 MB | Sys Avail: 1902.69 MB / 65466.5 MB
[SystemMonitor] Resource Update: RAM: 34285.5 MB (Delta: 330.031 ) | VRAM: 2681.51 MB (Delta: -2 )
[Diagnostics] CRITICAL: "Load stalled for 44s. Pending: 9. Stuck: I:/MY SDCArds/S22 ultra/Camera/20250526_101906.heic?idx=1274, I:/MY SDCArds/S22 ultra/Camera/20250526_101927.heic?idx=1273, I:/MY SDCArds/S22 ultra/Camera/20250526_102034.heic?idx=1272, I:/MY SDCAr..."
[DiagnosticsUI] CRITICAL ISSUE: Load stalled for 44s. Pending: 9. Stuck: I:/MY SDCArds/S22 ultra/Camera/20250526_101906.heic?idx=1274, I:/MY SDCArds/S22 ultra/Camera/20250526_101927.heic?idx=1273, I:/MY SDCArds/S22 ultra/Camera/20250526_102034.heic?idx=1272, I:/MY SDCAr...
[ "01:32:19.064" ][FFmpeg Warn] "Stream #0: not enough frames to estimate rate; consider increasing probesize"
[ "01:32:19.064" ][FFmpeg Warn] "Stream #1: not enough frames to estimate rate; consider increasing probesize"
[ "01:32:19.064" ][FFmpeg Warn] "Stream #2: not enough frames to estimate rate; consider increasing probesize"
[ "01:32:19.064" ][FFmpeg Warn] "Stream #3: not enough frames to estimate rate; consider increasing probesize"
[ "01:32:19.064" ][FFmpeg Warn] "Stream #4: not enough frames to estimate rate; consider increasing probesize"
[ "01:32:19.064" ][FFmpeg Warn] "Stream #5: not enough frames to estimate rate; consider increasing probesize"
[ "01:32:19.064" ][FFmpeg Warn] "Stream #6: not enough frames to estimate rate; consider increasing probesize"
[ "01:32:19.064" ][FFmpeg Warn] "Stream #7: not enough frames to estimate rate; consider increasing probesize"
[ "01:32:19.064" ][FFmpeg Warn] "Stream #8: not enough frames to estimate rate; consider increasing probesize"
[ "01:32:19.064" ][FFmpeg Warn] "Stream #9: not enough frames to estimate rate; consider increasing probesize"
[ "01:32:19.064" ][FFmpeg Warn] "Stream #10: not enough frames to estimate rate; consider increasing probesize"
[ "01:32:19.064" ][FFmpeg Warn] "Stream #11: not enough frames to estimate rate; consider increasing probesize"
[ "01:32:19.064" ][FFmpeg Warn] "Stream #12: not enough frames to estimate rate; consider increasing probesize"
[ "01:32:19.064" ][FFmpeg Warn] "Stream #13: not enough frames to estimate rate; consider increasing probesize"
[ "01:32:19.064" ][FFmpeg Warn] "Stream #14: not enough frames to estimate rate; consider increasing probesize"
[ "01:32:19.064" ][FFmpeg Warn] "Stream #15: not enough frames to estimate rate; consider increasing probesize"
[ "01:32:19.064" ][FFmpeg Warn] "Stream #16: not enough frames to estimate rate; consider increasing probesize"
[ "01:32:19.064" ][FFmpeg Warn] "Stream #17: not enough frames to estimate rate; consider increasing probesize"
[ "01:32:19.064" ][FFmpeg Warn] "Stream #18: not enough frames to estimate rate; consider increasing probesize"
[ "01:32:19.064" ][FFmpeg Warn] "Stream #19: not enough frames to estimate rate; consider increasing probesize"
[ "01:32:19.064" ][FFmpeg Warn] "Stream #20: not enough frames to estimate rate; consider increasing probesize"
[ "01:32:19.064" ][FFmpeg Warn] "Stream #21: not enough frames to estimate rate; consider increasing probesize"
[ "01:32:19.064" ][FFmpeg Warn] "Stream #22: not enough frames to estimate rate; consider increasing probesize"
[ "01:32:19.064" ][FFmpeg Warn] "Stream #23: not enough frames to estimate rate; consider increasing probesize"
[ "01:32:19.064" ][FFmpeg Warn] "Stream #24: not enough frames to estimate rate; consider increasing probesize"
[ "01:32:19.064" ][FFmpeg Warn] "Stream #25: not enough frames to estimate rate; consider increasing probesize"
[ "01:32:19.064" ][FFmpeg Warn] "Stream #26: not enough frames to estimate rate; consider increasing probesize"
[ "01:32:19.064" ][FFmpeg Warn] "Stream #27: not enough frames to estimate rate; consider increasing probesize"
[ "01:32:19.064" ][FFmpeg Warn] "Stream #28: not enough frames to estimate rate; consider increasing probesize"
[ "01:32:19.064" ][FFmpeg Warn] "Stream #29: not enough frames to estimate rate; consider increasing probesize"
[ "01:32:19.065" ][FFmpeg Warn] "Stream #30: not enough frames to estimate rate; consider increasing probesize"
[ "01:32:19.065" ][FFmpeg Warn] "Stream #31: not enough frames to estimate rate; consider increasing probesize"
[ "01:32:19.065" ][FFmpeg Warn] "Stream #32: not enough frames to estimate rate; consider increasing probesize"
[ "01:32:19.065" ][FFmpeg Warn] "Stream #33: not enough frames to estimate rate; consider increasing probesize"
[ "01:32:19.065" ][FFmpeg Warn] "Stream #34: not enough frames to estimate rate; consider increasing probesize"
[ "01:32:19.065" ][FFmpeg Warn] "Stream #35: not enough frames to estimate rate; consider increasing probesize"
[ "01:32:19.065" ][FFmpeg Warn] "Stream #36: not enough frames to estimate rate; consider increasing probesize"
[ "01:32:19.065" ][FFmpeg Warn] "Stream #37: not enough frames to estimate rate; consider increasing probesize"
[ "01:32:19.065" ][FFmpeg Warn] "Stream #38: not enough frames to estimate rate; consider increasing probesize"
[ "01:32:19.065" ][FFmpeg Warn] "Stream #39: not enough frames to estimate rate; consider increasing probesize"
[ "01:32:19.065" ][FFmpeg Warn] "Stream #40: not enough frames to estimate rate; consider increasing probesize"
[ "01:32:19.065" ][FFmpeg Warn] "Stream #41: not enough frames to estimate rate; consider increasing probesize"
[ "01:32:19.065" ][FFmpeg Warn] "Stream #42: not enough frames to estimate rate; consider increasing probesize"
[ "01:32:19.065" ][FFmpeg Warn] "Stream #43: not enough frames to estimate rate; consider increasing probesize"
[ "01:32:19.065" ][FFmpeg Warn] "Stream #44: not enough frames to estimate rate; consider increasing probesize"
[ "01:32:19.065" ][FFmpeg Warn] "Stream #45: not enough frames to estimate rate; consider increasing probesize"
[ "01:32:19.065" ][FFmpeg Warn] "Stream #46: not enough frames to estimate rate; consider increasing probesize"
[ "01:32:19.065" ][FFmpeg Warn] "Stream #47: not enough frames to estimate rate; consider increasing probesize"
[ "01:32:19.065" ][FFmpeg Warn] "Stream #48: not enough frames to estimate rate; consider increasing probesize"
[ "01:32:19.067" ][VideoThumbnailer] GPU decode enabled for "I:/MY SDCArds/S22 ultra/Camera/20250526_101906.heic"
[ "01:32:19.090" ][VideoThumbnailer] Entering extractFrame for "I:/MY SDCArds/S22 ultra/Camera/20250526_102052.heic"
[AdaptiveIO] Stats:  "I:/"  Avg:  431.349  Limit:  4  ActiveWeight:  4
[ "01:32:19.095" ][VideoThumbnailer] GPU decode enabled for "I:/MY SDCArds/S22 ultra/Camera/20250526_102034.heic"
[ "01:32:19.119" ][VideoThumbnailer] Entering extractFrame for "I:/MY SDCArds/S22 ultra/Camera/20250526_102132.heic"
[ "01:32:19.140" ][FFmpeg Warn] "Stream #0: not enough frames to estimate rate; consider increasing probesize"
[ "01:32:19.140" ][FFmpeg Warn] "Stream #1: not enough frames to estimate rate; consider increasing probesize"
[ "01:32:19.140" ][FFmpeg Warn] "Stream #2: not enough frames to estimate rate; consider increasing probesize"
[ "01:32:19.140" ][FFmpeg Warn] "Stream #3: not enough frames to estimate rate; consider increasing probesize"
[ "01:32:19.140" ][FFmpeg Warn] "Stream #4: not enough frames to estimate rate; consider increasing probesize"
[ "01:32:19.140" ][FFmpeg Warn] "Stream #5: not enough frames to estimate rate; consider increasing probesize"
[ "01:32:19.141" ][FFmpeg Warn] "Stream #6: not enough frames to estimate rate; consider increasing probesize"
[ "01:32:19.141" ][FFmpeg Warn] "Stream #7: not enough frames to estimate rate; consider increasing probesize"
[ "01:32:19.141" ][FFmpeg Warn] "Stream #8: not enough frames to estimate rate; consider increasing probesize"
[ "01:32:19.141" ][FFmpeg Warn] "Stream #9: not enough frames to estimate rate; consider increasing probesize"
[ "01:32:19.141" ][FFmpeg Warn] "Stream #10: not enough frames to estimate rate; consider increasing probesize"
[ "01:32:19.141" ][FFmpeg Warn] "Stream #11: not enough frames to estimate rate; consider increasing probesize"
[ "01:32:19.141" ][FFmpeg Warn] "Stream #12: not enough frames to estimate rate; consider increasing probesize"
[ "01:32:19.141" ][FFmpeg Warn] "Stream #13: not enough frames to estimate rate; consider increasing probesize"
[ "01:32:19.141" ][FFmpeg Warn] "Stream #14: not enough frames to estimate rate; consider increasing probesize"
[ "01:32:19.141" ][FFmpeg Warn] "Stream #15: not enough frames to estimate rate; consider increasing probesize"
[ "01:32:19.141" ][FFmpeg Warn] "Stream #16: not enough frames to estimate rate; consider increasing probesize"
[ "01:32:19.141" ][FFmpeg Warn] "Stream #17: not enough frames to estimate rate; consider increasing probesize"
[ "01:32:19.141" ][FFmpeg Warn] "Stream #18: not enough frames to estimate rate; consider increasing probesize"
[ "01:32:19.141" ][FFmpeg Warn] "Stream #19: not enough frames to estimate rate; consider increasing probesize"
[ "01:32:19.141" ][FFmpeg Warn] "Stream #20: not enough frames to estimate rate; consider increasing probesize"
[ "01:32:19.141" ][FFmpeg Warn] "Stream #21: not enough frames to estimate rate; consider increasing probesize"
[ "01:32:19.141" ][FFmpeg Warn] "Stream #22: not enough frames to estimate rate; consider increasing probesize"
[ "01:32:19.141" ][FFmpeg Warn] "Stream #23: not enough frames to estimate rate; consider increasing probesize"
[ "01:32:19.141" ][FFmpeg Warn] "Stream #24: not enough frames to estimate rate; consider increasing probesize"
[ "01:32:19.141" ][FFmpeg Warn] "Stream #25: not enough frames to estimate rate; consider increasing probesize"
[ "01:32:19.141" ][FFmpeg Warn] "Stream #26: not enough frames to estimate rate; consider increasing probesize"
[ "01:32:19.141" ][FFmpeg Warn] "Stream #27: not enough frames to estimate rate; consider increasing probesize"
[ "01:32:19.141" ][FFmpeg Warn] "Stream #28: not enough frames to estimate rate; consider increasing probesize"
[ "01:32:19.141" ][FFmpeg Warn] "Stream #29: not enough frames to estimate rate; consider increasing probesize"
[ "01:32:19.141" ][FFmpeg Warn] "Stream #30: not enough frames to estimate rate; consider increasing probesize"
[ "01:32:19.141" ][FFmpeg Warn] "Stream #31: not enough frames to estimate rate; consider increasing probesize"
[ "01:32:19.141" ][FFmpeg Warn] "Stream #32: not enough frames to estimate rate; consider increasing probesize"
[ "01:32:19.141" ][FFmpeg Warn] "Stream #33: not enough frames to estimate rate; consider increasing probesize"
[ "01:32:19.141" ][FFmpeg Warn] "Stream #34: not enough frames to estimate rate; consider increasing probesize"
[ "01:32:19.141" ][FFmpeg Warn] "Stream #35: not enough frames to estimate rate; consider increasing probesize"
[ "01:32:19.141" ][FFmpeg Warn] "Stream #36: not enough frames to estimate rate; consider increasing probesize"
[ "01:32:19.141" ][FFmpeg Warn] "Stream #37: not enough frames to estimate rate; consider increasing probesize"
[ "01:32:19.141" ][FFmpeg Warn] "Stream #38: not enough frames to estimate rate; consider increasing probesize"
[ "01:32:19.141" ][FFmpeg Warn] "Stream #39: not enough frames to estimate rate; consider increasing probesize"
[ "01:32:19.141" ][FFmpeg Warn] "Stream #40: not enough frames to estimate rate; consider increasing probesize"
[ "01:32:19.141" ][FFmpeg Warn] "Stream #41: not enough frames to estimate rate; consider increasing probesize"
[ "01:32:19.141" ][FFmpeg Warn] "Stream #42: not enough frames to estimate rate; consider increasing probesize"
[ "01:32:19.141" ][FFmpeg Warn] "Stream #43: not enough frames to estimate rate; consider increasing probesize"
[ "01:32:19.141" ][FFmpeg Warn] "Stream #44: not enough frames to estimate rate; consider increasing probesize"
[ "01:32:19.141" ][FFmpeg Warn] "Stream #45: not enough frames to estimate rate; consider increasing probesize"
[ "01:32:19.141" ][FFmpeg Warn] "Stream #46: not enough frames to estimate rate; consider increasing probesize"
[ "01:32:19.141" ][FFmpeg Warn] "Stream #47: not enough frames to estimate rate; consider increasing probesize"
[ "01:32:19.141" ][FFmpeg Warn] "Stream #48: not enough frames to estimate rate; consider increasing probesize"
[ "01:32:19.143" ][VideoThumbnailer] GPU decode enabled for "I:/MY SDCArds/S22 ultra/Camera/20250526_101927.heic"
[ "01:32:19.160" ][VideoThumbnailer] GPU decode enabled for "I:/MY SDCArds/S22 ultra/Camera/20250526_102052.heic"
[ "01:32:19.171" ][VideoThumbnailer] Entering extractFrame for "I:/MY SDCArds/S22 ultra/Camera/20250526_102148.heic"
[ "01:32:19.176" ][VideoThumbnailer] GPU decode enabled for "I:/MY SDCArds/S22 ultra/Camera/20250526_102132.heic"
[ "01:32:19.188" ][VideoThumbnailer] Entering extractFrame for "I:/MY SDCArds/S22 ultra/Camera/20250526_102242.heic"
[ "01:32:19.199" ][VideoThumbnailer] Entering extractFrame for "I:/MY SDCArds/S22 ultra/Camera/20250526_102618.heic"
[ "01:32:19.270" ][VideoThumbnailer] GPU decode enabled for "I:/MY SDCArds/S22 ultra/Camera/20250526_102242.heic"
[ "01:32:19.284" ][VideoThumbnailer] GPU decode enabled for "I:/MY SDCArds/S22 ultra/Camera/20250526_102618.heic"
[ "01:32:19.296" ][VideoThumbnailer] Entering extractFrame for "I:/MY SDCArds/S22 ultra/Camera/20250526_102651.heic"
[ "01:32:19.296" ][VideoThumbnailer] GPU decode enabled for "I:/MY SDCArds/S22 ultra/Camera/20250526_102148.heic"
[ "01:32:19.313" ][VideoThumbnailer] Entering extractFrame for "I:/MY SDCArds/S22 ultra/Camera/20250526_102813.heic"
[ "01:32:19.321" ][VideoThumbnailer] Entering extractFrame for "I:/MY SDCArds/S22 ultra/Camera/20250526_102834.heic"
[ "01:32:19.348" ][VideoThumbnailer] GPU decode enabled for "I:/MY SDCArds/S22 ultra/Camera/20250526_102813.heic"
[ "01:32:19.382" ][VideoThumbnailer] Entering extractFrame for "I:/MY SDCArds/S22 ultra/Camera/20250527_134253.heic"
[ "01:32:19.389" ][VideoThumbnailer] GPU decode enabled for "I:/MY SDCArds/S22 ultra/Camera/20250526_102834.heic"
[ "01:32:19.407" ][VideoThumbnailer] GPU decode enabled for "I:/MY SDCArds/S22 ultra/Camera/20250526_102651.heic"
[ "01:32:19.414" ][VideoThumbnailer] Entering extractFrame for "I:/MY SDCArds/S22 ultra/Camera/20250527_134839.heic"
[ "01:32:19.428" ][VideoThumbnailer] Entering extractFrame for "I:/MY SDCArds/S22 ultra/Camera/20250527_140727.heic"
[ "01:32:19.478" ][VideoThumbnailer] GPU decode enabled for "I:/MY SDCArds/S22 ultra/Camera/20250527_134839.heic"
[ "01:32:19.497" ][VideoThumbnailer] GPU decode enabled for "I:/MY SDCArds/S22 ultra/Camera/20250527_140727.heic"
[ "01:32:19.517" ][VideoThumbnailer] Entering extractFrame for "I:/MY SDCArds/S22 ultra/Camera/20250530_115719.heic"
[ "01:32:19.530" ][VideoThumbnailer] Entering extractFrame for "I:/MY SDCArds/S22 ultra/Camera/20250530_115729.heic"
[ "01:32:19.530" ][VideoThumbnailer] GPU decode enabled for "I:/MY SDCArds/S22 ultra/Camera/20250527_134253.heic"
[ "01:32:19.566" ][VideoThumbnailer] Entering extractFrame for "I:/MY SDCArds/S22 ultra/Camera/20250530_184454.heic"
[ "01:32:19.603" ][VideoThumbnailer] GPU decode enabled for "I:/MY SDCArds/S22 ultra/Camera/20250530_115729.heic"
[ "01:32:19.627" ][VideoThumbnailer] Entering extractFrame for "I:/MY SDCArds/S22 ultra/Camera/20250530_184456.heic"
[ "01:32:19.672" ][VideoThumbnailer] GPU decode enabled for "I:/MY SDCArds/S22 ultra/Camera/20250530_115719.heic"
[ "01:32:19.688" ][VideoThumbnailer] GPU decode enabled for "I:/MY SDCArds/S22 ultra/Camera/20250530_184454.heic"
[ "01:32:19.699" ][VideoThumbnailer] Entering extractFrame for "I:/MY SDCArds/S22 ultra/Camera/20250530_184448.heic"
[ "01:32:19.715" ][VideoThumbnailer] Entering extractFrame for "I:/MY SDCArds/S22 ultra/Camera/20250530_184457.heic"
[ "01:32:19.726" ][VideoThumbnailer] GPU decode enabled for "I:/MY SDCArds/S22 ultra/Camera/20250530_184456.heic"
[ "01:32:19.742" ][VideoThumbnailer] GPU decode enabled for "I:/MY SDCArds/S22 ultra/Camera/20250530_184457.heic"
[ "01:32:19.756" ][VideoThumbnailer] Entering extractFrame for "I:/MY SDCArds/S22 ultra/Camera/20250530_184525.heic"
[ "01:32:19.767" ][VideoThumbnailer] Entering extractFrame for "I:/MY SDCArds/S22 ultra/Camera/20250530_184526.heic"
[ "01:32:19.773" ][VideoThumbnailer] GPU decode enabled for "I:/MY SDCArds/S22 ultra/Camera/20250530_184448.heic"
[ "01:32:19.797" ][VideoThumbnailer] Entering extractFrame for "I:/MY SDCArds/S22 ultra/Camera/20250605_090727.heic"
[ "01:32:19.900" ][VideoThumbnailer] GPU decode enabled for "I:/MY SDCArds/S22 ultra/Camera/20250530_184526.heic"
[ "01:32:19.947" ][VideoThumbnailer] GPU decode enabled for "I:/MY SDCArds/S22 ultra/Camera/20250605_090727.heic"
[ "01:32:19.960" ][VideoThumbnailer] GPU decode enabled for "I:/MY SDCArds/S22 ultra/Camera/20250530_184525.heic"
[ "01:32:19.967" ][VideoThumbnailer] Entering extractFrame for "I:/MY SDCArds/S22 ultra/Camera/20250610_093733.heic"
[ "01:32:19.992" ][VideoThumbnailer] Entering extractFrame for "I:/MY SDCArds/S22 ultra/Camera/20250610_094209.heic"
[ "01:32:19.995" ][VideoThumbnailer] Entering extractFrame for "I:/MY SDCArds/S22 ultra/Camera/20250612_075448.mp4"
[ "01:32:20.017" ][SystemMonitor] Stats Update: CPU App: 14.8438 % | Sys: 61.1979 % | RAM App: 34328.6 MB | Sys Avail: 1855.26 MB / 65466.5 MB
[Diagnostics] CRITICAL: "Load stalled for 45s. Pending: 14. Stuck: I:/MY SDCArds/S22 ultra/Camera/20250610_093733.heic?idx=1235, I:/MY SDCArds/S22 ultra/Camera/20250610_094209.heic?idx=1234, I:/MY SDCArds/S22 ultra/Camera/20250612_075448.mp4?idx=1229, I:/MY SDCArd..."
[DiagnosticsUI] CRITICAL ISSUE: Load stalled for 45s. Pending: 14. Stuck: I:/MY SDCArds/S22 ultra/Camera/20250610_093733.heic?idx=1235, I:/MY SDCArds/S22 ultra/Camera/20250610_094209.heic?idx=1234, I:/MY SDCArds/S22 ultra/Camera/20250612_075448.mp4?idx=1229, I:/MY SDCArd...
[ "01:32:20.024" ][VideoThumbnailer] GPU decode enabled for "I:/MY SDCArds/S22 ultra/Camera/20250610_093733.heic"
[ "01:32:20.054" ][VideoThumbnailer] GPU decode enabled for "I:/MY SDCArds/S22 ultra/Camera/20250612_075448.mp4"
[ "01:32:20.065" ][VideoThumbnailer] Entering extractFrame for "I:/MY SDCArds/S22 ultra/Camera/20250611_175724.heic"
[ "01:32:20.096" ][VideoThumbnailer] GPU decode enabled for "I:/MY SDCArds/S22 ultra/Camera/20250610_094209.heic"
[ "01:32:20.112" ][VideoThumbnailer] GPU decode enabled for "I:/MY SDCArds/S22 ultra/Camera/20250611_175724.heic"
[ "01:32:20.155" ][VideoThumbnailer] Entering extractFrame for "I:/MY SDCArds/S22 ultra/Camera/20250612_075443.heic"
[ "01:32:20.177" ][VideoThumbnailer] Entering extractFrame for "I:/MY SDCArds/S22 ultra/Camera/20250613_121224.heic"
[ "01:32:20.255" ][VideoThumbnailer] Entering extractFrame for "I:/MY SDCArds/S22 ultra/Camera/20250615_121053.heic"
[ "01:32:20.268" ][VideoThumbnailer] GPU decode enabled for "I:/MY SDCArds/S22 ultra/Camera/20250613_121224.heic"
[ "01:32:20.282" ][VideoThumbnailer] GPU decode enabled for "I:/MY SDCArds/S22 ultra/Camera/20250612_075443.heic"
[ "01:32:20.295" ][VideoThumbnailer] GPU decode enabled for "I:/MY SDCArds/S22 ultra/Camera/20250615_121053.heic"
[ "01:32:20.302" ][VideoThumbnailer] Entering extractFrame for "I:/MY SDCArds/S22 ultra/Camera/20250615_121054.heic"
[ "01:32:20.315" ][VideoThumbnailer] Entering extractFrame for "I:/MY SDCArds/S22 ultra/Camera/20250615_121341.heic"
[ "01:32:20.324" ][VideoThumbnailer] Entering extractFrame for "I:/MY SDCArds/S22 ultra/Camera/20250615_121107.heic"
[ "01:32:20.342" ][VideoThumbnailer] GPU decode enabled for "I:/MY SDCArds/S22 ultra/Camera/20250615_121054.heic"
[ "01:32:20.379" ][VideoThumbnailer] Entering extractFrame for "I:/MY SDCArds/S22 ultra/Camera/20250615_121115.heic"
[ "01:32:20.423" ][VideoThumbnailer] GPU decode enabled for "I:/MY SDCArds/S22 ultra/Camera/20250615_121341.heic"
[ "01:32:20.438" ][VideoThumbnailer] GPU decode enabled for "I:/MY SDCArds/S22 ultra/Camera/20250615_121107.heic"
[ "01:32:20.475" ][VideoThumbnailer] GPU decode enabled for "I:/MY SDCArds/S22 ultra/Camera/20250615_121115.heic"
[ "01:32:20.688" ][VideoThumbnailer] Entering extractFrame for "I:/MY SDCArds/S22 ultra/Camera/20250615_121437.heic"
[ "01:32:20.698" ][VideoThumbnailer] Entering extractFrame for "I:/MY SDCArds/S22 ultra/Camera/20250615_121447.heic"
[ "01:32:20.714" ][VideoThumbnailer] Entering extractFrame for "I:/MY SDCArds/S22 ultra/Camera/20250615_121632.mp4"
[ "01:32:20.718" ][VideoThumbnailer] GPU decode enabled for "I:/MY SDCArds/S22 ultra/Camera/20250615_121437.heic"
[ "01:32:20.748" ][VideoThumbnailer] Entering extractFrame for "I:/MY SDCArds/S22 ultra/Camera/20250615_121841.heic"
[ "01:32:20.792" ][VideoThumbnailer] GPU decode enabled for "I:/MY SDCArds/S22 ultra/Camera/20250615_121447.heic"
[ "01:32:20.798" ][VideoThumbnailer] GPU decode enabled for "I:/MY SDCArds/S22 ultra/Camera/20250615_121632.mp4"
[ "01:32:20.798" ][VideoThumbnailer] GPU decode enabled for "I:/MY SDCArds/S22 ultra/Camera/20250615_121841.heic"
[ "01:32:20.839" ][VideoThumbnailer] Entering extractFrame for "I:/MY SDCArds/S22 ultra/Camera/20250615_121842.heic"
[ "01:32:20.841" ][VideoThumbnailer] Entering extractFrame for "I:/MY SDCArds/S22 ultra/Camera/20250915_095231.heic"
[ "01:32:20.846" ][VideoThumbnailer] Entering extractFrame for "I:/MY SDCArds/S22 ultra/Camera/20250616_071854.heic"
[AdaptiveIO] Stats:  "I:/"  Avg:  126.279  Limit:  6  ActiveWeight:  9
[ "01:32:20.897" ][VideoThumbnailer] Entering extractFrame for "I:/MY SDCArds/S22 ultra/Camera/20250617_072756.heic"
[ "01:32:20.905" ][VideoThumbnailer] GPU decode enabled for "I:/MY SDCArds/S22 ultra/Camera/20250615_121842.heic"
[ "01:32:20.916" ][VideoThumbnailer] GPU decode enabled for "I:/MY SDCArds/S22 ultra/Camera/20250616_071854.heic"
[ "01:32:20.931" ][VideoThumbnailer] Entering extractFrame for "I:/MY SDCArds/S22 ultra/Camera/20250616_175445.heic"
[ "01:32:20.939" ][VideoThumbnailer] GPU decode enabled for "I:/MY SDCArds/S22 ultra/Camera/20250617_072756.heic"
[ "01:32:20.941" ][VideoThumbnailer] GPU decode enabled for "I:/MY SDCArds/S22 ultra/Camera/20250616_175445.heic"
[ "01:32:20.949" ][VideoThumbnailer] Entering extractFrame for "I:/MY SDCArds/S22 ultra/Camera/20250826_124618.heic"
[ "01:32:20.985" ][VideoThumbnailer] Entering extractFrame for "I:/MY SDCArds/S22 ultra/Camera/20250826_164936.heic"
[ "01:32:20.987" ][VideoThumbnailer] Entering extractFrame for "I:/MY SDCArds/S22 ultra/Camera/20250618_160253.heic"
[ "01:32:21.007" ][VideoThumbnailer] Entering extractFrame for "I:/MY SDCArds/S22 ultra/Camera/20250618_160252(0).heic"
[ "01:32:21.020" ][SystemMonitor] Stats Update: CPU App: 30.2083 % | Sys: 68.75 % | RAM App: 34740.6 MB | Sys Avail: 1468.44 MB / 65466.5 MB
[ "01:32:21.021" ][VideoThumbnailer] GPU decode enabled for "I:/MY SDCArds/S22 ultra/Camera/20250618_160253.heic"
[SystemMonitor] Resource Update: RAM: 34740.6 MB (Delta: 455.082 ) | VRAM: 2681.51 MB (Delta: 0 )
[Diagnostics] CRITICAL: "Load stalled for 46s. Pending: 14. Stuck: I:/MY SDCArds/S22 ultra/Camera/20250617_072807.jpg?idx=1208, I:/MY SDCArds/S22 ultra/Camera/20250617_072808.jpg?idx=1207, I:/MY SDCArds/S22 ultra/Camera/20250618_160252(0).heic?idx=1203, I:/MY SDCA..."
[DiagnosticsUI] CRITICAL ISSUE: Load stalled for 46s. Pending: 14. Stuck: I:/MY SDCArds/S22 ultra/Camera/20250617_072807.jpg?idx=1208, I:/MY SDCArds/S22 ultra/Camera/20250617_072808.jpg?idx=1207, I:/MY SDCArds/S22 ultra/Camera/20250618_160252(0).heic?idx=1203, I:/MY SDCA...
[ "01:32:21.047" ][VideoThumbnailer] GPU decode enabled for "I:/MY SDCArds/S22 ultra/Camera/20250618_160252(0).heic"
[ "01:32:21.077" ][VideoThumbnailer] Entering extractFrame for "I:/MY SDCArds/S22 ultra/Camera/20250618_160241.heic"
[ "01:32:21.082" ][VideoThumbnailer] Entering extractFrame for "I:/MY SDCArds/S22 ultra/Camera/20250618_161450.heic"
[ "01:32:21.111" ][VideoThumbnailer] Entering extractFrame for "I:/MY SDCArds/S22 ultra/Camera/20250618_160257.heic"
[ "01:32:21.249" ][VideoThumbnailer] GPU decode enabled for "I:/MY SDCArds/S22 ultra/Camera/20250618_161450.heic"
[ "01:32:21.267" ][VideoThumbnailer] GPU decode enabled for "I:/MY SDCArds/S22 ultra/Camera/20250618_160241.heic"
[ "01:32:21.283" ][VideoThumbnailer] GPU decode enabled for "I:/MY SDCArds/S22 ultra/Camera/20250618_160257.heic"
[ "01:32:21.497" ][VideoThumbnailer] Entering extractFrame for "I:/MY SDCArds/S22 ultra/Screen recordings/Screen_Recording_20250625_214033_Facebook.mp4"
[ "01:32:21.595" ][VideoThumbnailer] GPU decode enabled for "I:/MY SDCArds/S22 ultra/Screen recordings/Screen_Recording_20250625_214033_Facebook.mp4"
[ "01:32:21.664" ][VideoThumbnailer] Entering extractFrame for "I:/MY SDCArds/S22 ultra/Camera/20251021_144707.heic"
[ "01:32:21.731" ][VideoThumbnailer] Entering extractFrame for "I:/MY SDCArds/S22 ultra/Camera/20250630_134456.heic"
[ "01:32:21.753" ][VideoThumbnailer] Entering extractFrame for "I:/MY SDCArds/S22 ultra/Camera/20250630_134544.heic"
[ "01:32:21.769" ][VideoThumbnailer] Entering extractFrame for "I:/MY SDCArds/S22 ultra/Camera/20250630_134548.heic"
[ "01:32:21.774" ][VideoThumbnailer] GPU decode enabled for "I:/MY SDCArds/S22 ultra/Camera/20250630_134456.heic"
[ "01:32:21.789" ][VideoThumbnailer] GPU decode enabled for "I:/MY SDCArds/S22 ultra/Camera/20250630_134548.heic"
[ "01:32:21.796" ][VideoThumbnailer] GPU decode enabled for "I:/MY SDCArds/S22 ultra/Camera/20250630_134544.heic"
[ "01:32:21.838" ][VideoThumbnailer] Entering extractFrame for "I:/MY SDCArds/S22 ultra/Camera/20250701_155001.heic"
[ "01:32:21.839" ][VideoThumbnailer] Entering extractFrame for "I:/MY SDCArds/S22 ultra/Camera/20250725_173516.heic"
[ "01:32:21.853" ][VideoThumbnailer] Entering extractFrame for "I:/MY SDCArds/S22 ultra/Camera/20250703_210207.heic"
[ "01:32:21.857" ][VideoThumbnailer] Entering extractFrame for "I:/MY SDCArds/S22 ultra/Camera/20250704_101205.heic"
[ "01:32:21.916" ][VideoThumbnailer] GPU decode enabled for "I:/MY SDCArds/S22 ultra/Camera/20250704_101205.heic"
[ "01:32:21.939" ][VideoThumbnailer] GPU decode enabled for "I:/MY SDCArds/S22 ultra/Camera/20250701_155001.heic"
[ "01:32:21.947" ][VideoThumbnailer] GPU decode enabled for "I:/MY SDCArds/S22 ultra/Camera/20250703_210207.heic"
[ "01:32:21.966" ][VideoThumbnailer] Entering extractFrame for "I:/MY SDCArds/S22 ultra/Camera/20250724_120629.heic"
[ "01:32:21.987" ][VideoThumbnailer] Entering extractFrame for "I:/MY SDCArds/S22 ultra/Camera/20250704_095927.heic"
[ "01:32:22.013" ][VideoThumbnailer] GPU decode enabled for "I:/MY SDCArds/S22 ultra/Camera/20250724_120629.heic"
[ "01:32:22.018" ][SystemMonitor] Stats Update: CPU App: 42.7083 % | Sys: 87.7604 % | RAM App: 35273.3 MB | Sys Avail: 893.676 MB / 65466.5 MB
[SystemMonitor] Resource Update: RAM: 35273.3 MB (Delta: 532.668 ) | VRAM: 2681.51 MB (Delta: 0 )
[Diagnostics] CRITICAL: "Load stalled for 47s. Pending: 14. Stuck: I:/MY SDCArds/S22 ultra/Camera/20250704_095927.heic?idx=1159, I:/MY SDCArds/S22 ultra/Camera/20250724_120629.heic?idx=1077, I:/MY SDCArds/S22 ultra/PhotosEditor/20230527_161038~2.jpg"
[DiagnosticsUI] CRITICAL ISSUE: Load stalled for 47s. Pending: 14. Stuck: I:/MY SDCArds/S22 ultra/Camera/20250704_095927.heic?idx=1159, I:/MY SDCArds/S22 ultra/Camera/20250724_120629.heic?idx=1077, I:/MY SDCArds/S22 ultra/PhotosEditor/20230527_161038~2.jpg
[ "01:32:22.026" ][VideoThumbnailer] Entering extractFrame for "I:/MY SDCArds/S22 ultra/Camera/20250704_100152.heic"
[ "01:32:22.065" ][VideoThumbnailer] GPU decode enabled for "I:/MY SDCArds/S22 ultra/Camera/20250704_095927.heic"
[ "01:32:22.079" ][VideoThumbnailer] GPU decode enabled for "I:/MY SDCArds/S22 ultra/Camera/20250704_100152.heic"
[ "01:32:22.209" ][VideoThumbnailer] Entering extractFrame for "I:/MY SDCArds/S22 ultra/Camera/20250701_105932.heic"
[ "01:32:22.222" ][VideoThumbnailer] Entering extractFrame for "I:/MY SDCArds/S22 ultra/Camera/20250527_134845.heic"
[ "01:32:22.260" ][VideoThumbnailer] GPU decode enabled for "I:/MY SDCArds/S22 ultra/Camera/20250701_105932.heic"
[ "01:32:22.343" ][VideoThumbnailer] Entering extractFrame for "I:/MY SDCArds/S22 ultra/Camera/20250515_141843.heic"
[ "01:32:22.377" ][VideoThumbnailer] GPU decode enabled for "I:/MY SDCArds/S22 ultra/Camera/20250527_134845.heic"
[ "01:32:22.413" ][VideoThumbnailer] GPU decode enabled for "I:/MY SDCArds/S22 ultra/Camera/20250515_141843.heic"
[ "01:32:22.427" ][VideoThumbnailer] Entering extractFrame for "I:/MY SDCArds/S22 ultra/Camera/20250515_141544.heic"
[ "01:32:22.521" ][VideoThumbnailer] GPU decode enabled for "I:/MY SDCArds/S22 ultra/Camera/20250515_141544.heic"
[AdaptiveIO] Stats:  "I:/"  Avg:  172.399  Limit:  4  ActiveWeight:  0
[ "01:32:22.583" ][VideoThumbnailer] Entering extractFrame for "I:/MY SDCArds/S22 ultra/Camera/20250514_210359.heic"
[ "01:32:22.615" ][VideoThumbnailer] GPU decode enabled for "I:/MY SDCArds/S22 ultra/Camera/20250514_210359.heic"
TelemetryMonitor: Processed 300 frames. Current FPS: 52
[ "01:32:23.021" ][SystemMonitor] Stats Update: CPU App: 19.0104 % | Sys: 85.9375 % | RAM App: 35305.3 MB | Sys Avail: 1556.93 MB / 65466.5 MB
[ "01:32:24.018" ][SystemMonitor] Stats Update: CPU App: 3.38542 % | Sys: 40.8854 % | RAM App: 35304.6 MB | Sys Avail: 1574.7 MB / 65466.5 MB
[ "01:32:25.022" ][SystemMonitor] Stats Update: CPU App: 2.86458 % | Sys: 38.2813 % | RAM App: 35304.6 MB | Sys Avail: 1585.76 MB / 65466.5 MB
[ "01:32:26.018" ][SystemMonitor] Stats Update: CPU App: 2.86458 % | Sys: 42.9688 % | RAM App: 35304.3 MB | Sys Avail: 1585.16 MB / 65466.5 MB
[ "01:32:27.021" ][SystemMonitor] Stats Update: CPU App: 3.125 % | Sys: 40.8854 % | RAM App: 35304.3 MB | Sys Avail: 1590.64 MB / 65466.5 MB
TelemetryMonitor: Processed 300 frames. Current FPS: 62
[ "01:32:28.015" ][SystemMonitor] Stats Update: CPU App: 2.60417 % | Sys: 50.2604 % | RAM App: 35272.4 MB | Sys Avail: 1587.22 MB / 65466.5 MB
[ "01:32:29.016" ][SystemMonitor] Stats Update: CPU App: 2.86458 % | Sys: 43.75 % | RAM App: 35239.8 MB | Sys Avail: 1608.61 MB / 65466.5 MB
[ "01:32:30.018" ][SystemMonitor] Stats Update: CPU App: 3.38542 % | Sys: 40.8854 % | RAM App: 35239.8 MB | Sys Avail: 1578.56 MB / 65466.5 MB
[ "01:32:31.021" ][SystemMonitor] Stats Update: CPU App: 2.86458 % | Sys: 35.9375 % | RAM App: 35239.8 MB | Sys Avail: 1588.75 MB / 65466.5 MB
[ "01:32:32.017" ][SystemMonitor] Stats Update: CPU App: 2.86458 % | Sys: 41.4063 % | RAM App: 35239.8 MB | Sys Avail: 1610.86 MB / 65466.5 MB
TelemetryMonitor: Processed 300 frames. Current FPS: 62
[ "01:32:33.021" ][SystemMonitor] Stats Update: CPU App: 2.60417 % | Sys: 36.7188 % | RAM App: 35239.8 MB | Sys Avail: 1603.69 MB / 65466.5 MB
[ "01:32:34.019" ][SystemMonitor] Stats Update: CPU App: 3.13316 % | Sys: 39.1645 % | RAM App: 35239.8 MB | Sys Avail: 1587.58 MB / 65466.5 MB
[ "01:32:35.020" ][SystemMonitor] Stats Update: CPU App: 3.63636 % | Sys: 40.7792 % | RAM App: 35239.8 MB | Sys Avail: 1594.1 MB / 65466.5 MB
[ "01:32:36.018" ][SystemMonitor] Stats Update: CPU App: 3.125 % | Sys: 37.7604 % | RAM App: 35239.8 MB | Sys Avail: 1595.54 MB / 65466.5 MB
[ "01:32:37.022" ][SystemMonitor] Stats Update: CPU App: 2.86458 % | Sys: 42.4479 % | RAM App: 35239.8 MB | Sys Avail: 1582.49 MB / 65466.5 MB
TelemetryMonitor: Processed 300 frames. Current FPS: 62
[ "01:32:38.018" ][SystemMonitor] Stats Update: CPU App: 2.86458 % | Sys: 39.3229 % | RAM App: 35239.8 MB | Sys Avail: 1600.18 MB / 65466.5 MB
[ "01:32:39.021" ][SystemMonitor] Stats Update: CPU App: 3.38542 % | Sys: 46.0938 % | RAM App: 35239.8 MB | Sys Avail: 1638.01 MB / 65466.5 MB
[ "01:32:40.017" ][SystemMonitor] Stats Update: CPU App: 3.90625 % | Sys: 61.1979 % | RAM App: 35239.8 MB | Sys Avail: 1619.08 MB / 65466.5 MB
[ "01:32:41.021" ][SystemMonitor] Stats Update: CPU App: 3.64583 % | Sys: 85.6771 % | RAM App: 35239.8 MB | Sys Avail: 1608.6 MB / 65466.5 MB
[ "01:32:42.018" ][SystemMonitor] Stats Update: CPU App: 2.86458 % | Sys: 68.75 % | RAM App: 35239.8 MB | Sys Avail: 1605.84 MB / 65466.5 MB
TelemetryMonitor: Processed 300 frames. Current FPS: 62
[ "01:32:43.023" ][SystemMonitor] Stats Update: CPU App: 3.125 % | Sys: 40.8854 % | RAM App: 35239.8 MB | Sys Avail: 1611.96 MB / 65466.5 MB
[ "01:32:44.019" ][SystemMonitor] Stats Update: CPU App: 4.6875 % | Sys: 61.9792 % | RAM App: 35239.9 MB | Sys Avail: 1602.71 MB / 65466.5 MB
[ "01:32:45.022" ][SystemMonitor] Stats Update: CPU App: 3.90625 % | Sys: 40.3646 % | RAM App: 35239.9 MB | Sys Avail: 1577.54 MB / 65466.5 MB
[ "01:32:46.018" ][SystemMonitor] Stats Update: CPU App: 2.60417 % | Sys: 49.2188 % | RAM App: 35239.9 MB | Sys Avail: 1536.71 MB / 65466.5 MB
[ "01:32:47.021" ][SystemMonitor] Stats Update: CPU App: 3.38542 % | Sys: 53.9063 % | RAM App: 35239.9 MB | Sys Avail: 1526.93 MB / 65466.5 MB
TelemetryMonitor: Processed 300 frames. Current FPS: 62
[ "01:32:48.018" ][SystemMonitor] Stats Update: CPU App: 2.86458 % | Sys: 45.8333 % | RAM App: 35239.9 MB | Sys Avail: 1516.45 MB / 65466.5 MB
[ "01:32:49.019" ][SystemMonitor] Stats Update: CPU App: 3.125 % | Sys: 60.6771 % | RAM App: 35239.9 MB | Sys Avail: 1539.25 MB / 65466.5 MB
[ "01:32:50.019" ][SystemMonitor] Stats Update: CPU App: 2.60417 % | Sys: 47.1354 % | RAM App: 35239.9 MB | Sys Avail: 1553.19 MB / 65466.5 MB
[ "01:32:51.021" ][SystemMonitor] Stats Update: CPU App: 2.60417 % | Sys: 42.7083 % | RAM App: 35239.9 MB | Sys Avail: 1552.07 MB / 65466.5 MB
[ "01:32:52.019" ][SystemMonitor] Stats Update: CPU App: 2.86458 % | Sys: 45.0521 % | RAM App: 35239.9 MB | Sys Avail: 1543.06 MB / 65466.5 MB
TelemetryMonitor: Processed 300 frames. Current FPS: 62
[ "01:32:53.016" ][SystemMonitor] Stats Update: CPU App: 4.16667 % | Sys: 79.6875 % | RAM App: 35239.9 MB | Sys Avail: 1480.57 MB / 65466.5 MB
[ "01:32:54.018" ][SystemMonitor] Stats Update: CPU App: 3.64583 % | Sys: 49.7396 % | RAM App: 35239.9 MB | Sys Avail: 1502.69 MB / 65466.5 MB
[ "01:32:55.017" ][SystemMonitor] Stats Update: CPU App: 3.38542 % | Sys: 38.0208 % | RAM App: 35239.9 MB | Sys Avail: 1519.42 MB / 65466.5 MB
[ "01:32:56.018" ][SystemMonitor] Stats Update: CPU App: 3.38542 % | Sys: 42.7083 % | RAM App: 35239.9 MB | Sys Avail: 1570.48 MB / 65466.5 MB
[ "01:32:57.022" ][SystemMonitor] Stats Update: CPU App: 2.60417 % | Sys: 46.3542 % | RAM App: 35239.9 MB | Sys Avail: 1576.2 MB / 65466.5 MB
TelemetryMonitor: Processed 300 frames. Current FPS: 62
[ "01:32:58.018" ][SystemMonitor] Stats Update: CPU App: 3.125 % | Sys: 37.2396 % | RAM App: 35239.9 MB | Sys Avail: 1596.52 MB / 65466.5 MB
[ "01:32:59.017" ][SystemMonitor] Stats Update: CPU App: 3.90625 % | Sys: 38.0208 % | RAM App: 35239.9 MB | Sys Avail: 1621.91 MB / 65466.5 MB
[ "01:33:00.018" ][SystemMonitor] Stats Update: CPU App: 2.60417 % | Sys: 52.8646 % | RAM App: 35239.9 MB | Sys Avail: 1539.49 MB / 65466.5 MB
[ "01:33:01.022" ][SystemMonitor] Stats Update: CPU App: 2.86458 % | Sys: 39.3229 % | RAM App: 35239.9 MB | Sys Avail: 1552.54 MB / 65466.5 MB
[ "01:33:02.018" ][SystemMonitor] Stats Update: CPU App: 2.86458 % | Sys: 38.8021 % | RAM App: 35229.3 MB | Sys Avail: 1579.85 MB / 65466.5 MB
[ "01:33:03.022" ][SystemMonitor] Stats Update: CPU App: 2.60417 % | Sys: 36.4583 % | RAM App: 35229.6 MB | Sys Avail: 1598.69 MB / 65466.5 MB
TelemetryMonitor: Processed 300 frames. Current FPS: 58
[ "01:33:04.018" ][SystemMonitor] Stats Update: CPU App: 3.39426 % | Sys: 45.6919 % | RAM App: 35229.6 MB | Sys Avail: 1602.26 MB / 65466.5 MB
[ "01:33:05.022" ][SystemMonitor] Stats Update: CPU App: 2.85714 % | Sys: 38.961 % | RAM App: 35229.6 MB | Sys Avail: 1627.19 MB / 65466.5 MB
[ "01:33:06.022" ][SystemMonitor] Stats Update: CPU App: 2.60417 % | Sys: 36.7188 % | RAM App: 35229.6 MB | Sys Avail: 1633.85 MB / 65466.5 MB
[ "01:33:07.024" ][SystemMonitor] Stats Update: CPU App: 2.34375 % | Sys: 59.1146 % | RAM App: 35229.6 MB | Sys Avail: 1618.92 MB / 65466.5 MB
[ "01:33:08.017" ][SystemMonitor] Stats Update: CPU App: 3.90625 % | Sys: 54.1667 % | RAM App: 35229.6 MB | Sys Avail: 1613.7 MB / 65466.5 MB
TelemetryMonitor: Processed 300 frames. Current FPS: 62
[ "01:33:09.018" ][SystemMonitor] Stats Update: CPU App: 2.60417 % | Sys: 50.5208 % | RAM App: 35226.3 MB | Sys Avail: 1617.33 MB / 65466.5 MB
[ "01:33:10.018" ][SystemMonitor] Stats Update: CPU App: 2.34375 % | Sys: 44.2708 % | RAM App: 35226.3 MB | Sys Avail: 1574.2 MB / 65466.5 MB
[ "01:33:11.022" ][SystemMonitor] Stats Update: CPU App: 2.60417 % | Sys: 49.7396 % | RAM App: 35226.3 MB | Sys Avail: 1566.82 MB / 65466.5 MB
[ "01:33:12.019" ][SystemMonitor] Stats Update: CPU App: 3.90625 % | Sys: 41.4063 % | RAM App: 35226.3 MB | Sys Avail: 1555.75 MB / 65466.5 MB
[ "01:33:13.022" ][SystemMonitor] Stats Update: CPU App: 2.86458 % | Sys: 39.5833 % | RAM App: 35226.3 MB | Sys Avail: 1553.7 MB / 65466.5 MB
TelemetryMonitor: Processed 300 frames. Current FPS: 62
[ "01:33:14.019" ][SystemMonitor] Stats Update: CPU App: 3.125 % | Sys: 39.5833 % | RAM App: 35226.3 MB | Sys Avail: 1613.47 MB / 65466.5 MB
[ "01:33:15.024" ][SystemMonitor] Stats Update: CPU App: 3.38542 % | Sys: 64.5833 % | RAM App: 35226.3 MB | Sys Avail: 1602.82 MB / 65466.5 MB
[ "01:33:16.018" ][SystemMonitor] Stats Update: CPU App: 3.38542 % | Sys: 69.2708 % | RAM App: 35226.3 MB | Sys Avail: 1611.86 MB / 65466.5 MB
[ "01:33:17.023" ][SystemMonitor] Stats Update: CPU App: 3.125 % | Sys: 44.2708 % | RAM App: 35226.3 MB | Sys Avail: 1638.65 MB / 65466.5 MB
[ "01:33:18.018" ][SystemMonitor] Stats Update: CPU App: 3.64583 % | Sys: 39.8438 % | RAM App: 35226.3 MB | Sys Avail: 1657.63 MB / 65466.5 MB
TelemetryMonitor: Processed 300 frames. Current FPS: 62
[ "01:33:19.022" ][SystemMonitor] Stats Update: CPU App: 2.86458 % | Sys: 36.7188 % | RAM App: 35226.3 MB | Sys Avail: 1641.75 MB / 65466.5 MB
[ "01:33:20.018" ][SystemMonitor] Stats Update: CPU App: 2.86458 % | Sys: 39.0625 % | RAM App: 35219.5 MB | Sys Avail: 1735.8 MB / 65466.5 MB
[SystemMonitor] Resource Update: RAM: 35219.5 MB (Delta: -53.7461 ) | VRAM: 2681.51 MB (Delta: 0 )
[ "01:33:21.018" ][SystemMonitor] Stats Update: CPU App: 3.90625 % | Sys: 35.1563 % | RAM App: 35219.5 MB | Sys Avail: 1747.98 MB / 65466.5 MB
[ "01:33:22.018" ][SystemMonitor] Stats Update: CPU App: 2.08333 % | Sys: 34.375 % | RAM App: 35219.5 MB | Sys Avail: 1746.25 MB / 65466.5 MB
[ "01:33:23.022" ][SystemMonitor] Stats Update: CPU App: 3.38542 % | Sys: 43.75 % | RAM App: 35219.5 MB | Sys Avail: 1733.2 MB / 65466.5 MB
TelemetryMonitor: Processed 300 frames. Current FPS: 62
[ "01:33:24.018" ][SystemMonitor] Stats Update: CPU App: 3.38542 % | Sys: 38.5417 % | RAM App: 35219.5 MB | Sys Avail: 1733.25 MB / 65466.5 MB
[ "01:33:25.019" ][SystemMonitor] Stats Update: CPU App: 2.34375 % | Sys: 56.5104 % | RAM App: 35217.2 MB | Sys Avail: 1755.21 MB / 65466.5 MB
[ "01:33:26.017" ][SystemMonitor] Stats Update: CPU App: 3.64583 % | Sys: 37.7604 % | RAM App: 35196.2 MB | Sys Avail: 1764.05 MB / 65466.5 MB
[ "01:33:27.023" ][SystemMonitor] Stats Update: CPU App: 3.90625 % | Sys: 47.3958 % | RAM App: 35187.2 MB | Sys Avail: 1936.28 MB / 65466.5 MB
[ "01:33:28.017" ][SystemMonitor] Stats Update: CPU App: 3.38542 % | Sys: 54.9479 % | RAM App: 35172 MB | Sys Avail: 1868.45 MB / 65466.5 MB
TelemetryMonitor: Processed 300 frames. Current FPS: 62
[ "01:33:29.023" ][SystemMonitor] Stats Update: CPU App: 3.38542 % | Sys: 55.2083 % | RAM App: 35172 MB | Sys Avail: 1855.88 MB / 65466.5 MB
[ "01:33:30.019" ][SystemMonitor] Stats Update: CPU App: 3.90625 % | Sys: 56.7708 % | RAM App: 35172 MB | Sys Avail: 1918.77 MB / 65466.5 MB
[ "01:33:31.023" ][SystemMonitor] Stats Update: CPU App: 2.60417 % | Sys: 54.1667 % | RAM App: 35172 MB | Sys Avail: 1817.74 MB / 65466.5 MB
[ "01:33:32.018" ][SystemMonitor] Stats Update: CPU App: 3.38542 % | Sys: 67.9688 % | RAM App: 35172 MB | Sys Avail: 1845.46 MB / 65466.5 MB
[ "01:33:33.017" ][SystemMonitor] Stats Update: CPU App: 3.38542 % | Sys: 78.6458 % | RAM App: 35172 MB | Sys Avail: 1775.43 MB / 65466.5 MB
TelemetryMonitor: Processed 300 frames. Current FPS: 62
[ "01:33:34.017" ][SystemMonitor] Stats Update: CPU App: 4.42708 % | Sys: 57.2917 % | RAM App: 35172 MB | Sys Avail: 1688.29 MB / 65466.5 MB
[ "01:33:35.016" ][SystemMonitor] Stats Update: CPU App: 3.64583 % | Sys: 52.8646 % | RAM App: 35172 MB | Sys Avail: 1652.04 MB / 65466.5 MB
[ "01:33:36.018" ][SystemMonitor] Stats Update: CPU App: 2.86458 % | Sys: 53.3854 % | RAM App: 35172 MB | Sys Avail: 1670.4 MB / 65466.5 MB
[ "01:33:37.020" ][SystemMonitor] Stats Update: CPU App: 3.64583 % | Sys: 48.4375 % | RAM App: 35172 MB | Sys Avail: 1554.69 MB / 65466.5 MB
[ "01:33:38.018" ][SystemMonitor] Stats Update: CPU App: 3.64583 % | Sys: 52.8646 % | RAM App: 35172 MB | Sys Avail: 1705.55 MB / 65466.5 MB
TelemetryMonitor: Processed 300 frames. Current FPS: 62
[ "01:33:39.023" ][SystemMonitor] Stats Update: CPU App: 2.86458 % | Sys: 48.4375 % | RAM App: 35172 MB | Sys Avail: 1685.54 MB / 65466.5 MB
[ "01:33:40.017" ][SystemMonitor] Stats Update: CPU App: 3.125 % | Sys: 61.1979 % | RAM App: 35172 MB | Sys Avail: 1707.66 MB / 65466.5 MB
[ "01:33:41.018" ][SystemMonitor] Stats Update: CPU App: 3.64583 % | Sys: 66.6667 % | RAM App: 35172 MB | Sys Avail: 1704.25 MB / 65466.5 MB
[ "01:33:42.018" ][SystemMonitor] Stats Update: CPU App: 3.64583 % | Sys: 84.375 % | RAM App: 35172 MB | Sys Avail: 1693.89 MB / 65466.5 MB
[ "01:33:43.021" ][SystemMonitor] Stats Update: CPU App: 2.08333 % | Sys: 49.2188 % | RAM App: 35172 MB | Sys Avail: 1715.91 MB / 65466.5 MB
TelemetryMonitor: Processed 300 frames. Current FPS: 62
[ "01:33:44.018" ][SystemMonitor] Stats Update: CPU App: 2.86458 % | Sys: 41.4063 % | RAM App: 35172 MB | Sys Avail: 1705.41 MB / 65466.5 MB
[ "01:33:45.020" ][SystemMonitor] Stats Update: CPU App: 4.42708 % | Sys: 50.2604 % | RAM App: 35172 MB | Sys Avail: 1700.17 MB / 65466.5 MB
[ "01:33:46.018" ][SystemMonitor] Stats Update: CPU App: 3.90625 % | Sys: 36.9792 % | RAM App: 35172 MB | Sys Avail: 1716.45 MB / 65466.5 MB
[ "01:33:47.023" ][SystemMonitor] Stats Update: CPU App: 2.86458 % | Sys: 39.8438 % | RAM App: 35172 MB | Sys Avail: 1698.47 MB / 65466.5 MB
[ "01:33:48.018" ][SystemMonitor] Stats Update: CPU App: 2.60417 % | Sys: 38.0208 % | RAM App: 35172 MB | Sys Avail: 1712.27 MB / 65466.5 MB
TelemetryMonitor: Processed 300 frames. Current FPS: 62
[ "01:33:49.016" ][SystemMonitor] Stats Update: CPU App: 2.60417 % | Sys: 38.8021 % | RAM App: 35172 MB | Sys Avail: 1752.22 MB / 65466.5 MB
[ "01:33:50.019" ][SystemMonitor] Stats Update: CPU App: 2.86458 % | Sys: 36.4583 % | RAM App: 35172 MB | Sys Avail: 1764.93 MB / 65466.5 MB
[ "01:33:51.022" ][SystemMonitor] Stats Update: CPU App: 3.64583 % | Sys: 47.3958 % | RAM App: 35172 MB | Sys Avail: 1776.02 MB / 65466.5 MB
[ "01:33:52.017" ][SystemMonitor] Stats Update: CPU App: 3.64583 % | Sys: 52.8646 % | RAM App: 35172 MB | Sys Avail: 1752.24 MB / 65466.5 MB
[ "01:33:53.019" ][SystemMonitor] Stats Update: CPU App: 2.86458 % | Sys: 49.2188 % | RAM App: 35172 MB | Sys Avail: 1761.91 MB / 65466.5 MB
TelemetryMonitor: Processed 300 frames. Current FPS: 62
[ "01:33:54.018" ][SystemMonitor] Stats Update: CPU App: 3.125 % | Sys: 51.0417 % | RAM App: 35172 MB | Sys Avail: 1779.71 MB / 65466.5 MB
[ "01:33:55.021" ][SystemMonitor] Stats Update: CPU App: 2.60417 % | Sys: 37.5 % | RAM App: 35172 MB | Sys Avail: 1810.63 MB / 65466.5 MB
[ "01:33:56.018" ][SystemMonitor] Stats Update: CPU App: 3.38542 % | Sys: 41.6667 % | RAM App: 35172 MB | Sys Avail: 1804.89 MB / 65466.5 MB
[ "01:33:57.023" ][SystemMonitor] Stats Update: CPU App: 3.125 % | Sys: 45.8333 % | RAM App: 35172 MB | Sys Avail: 1833.21 MB / 65466.5 MB
[ "01:33:58.018" ][SystemMonitor] Stats Update: CPU App: 2.60417 % | Sys: 43.4896 % | RAM App: 35172 MB | Sys Avail: 1832.81 MB / 65466.5 MB
TelemetryMonitor: Processed 300 frames. Current FPS: 62
[ "01:33:59.021" ][SystemMonitor] Stats Update: CPU App: 3.125 % | Sys: 42.4479 % | RAM App: 35172 MB | Sys Avail: 1827.9 MB / 65466.5 MB
[ "01:34:00.018" ][SystemMonitor] Stats Update: CPU App: 3.38542 % | Sys: 44.7917 % | RAM App: 35172 MB | Sys Avail: 1767.02 MB / 65466.5 MB
[ "01:34:01.020" ][SystemMonitor] Stats Update: CPU App: 2.34375 % | Sys: 40.625 % | RAM App: 35172 MB | Sys Avail: 1766.67 MB / 65466.5 MB
[ "01:34:02.018" ][SystemMonitor] Stats Update: CPU App: 2.60417 % | Sys: 67.9688 % | RAM App: 35172 MB | Sys Avail: 1747.87 MB / 65466.5 MB
[ "01:34:03.023" ][SystemMonitor] Stats Update: CPU App: 2.60417 % | Sys: 51.8229 % | RAM App: 35172.1 MB | Sys Avail: 1734.43 MB / 65466.5 MB
TelemetryMonitor: Processed 300 frames. Current FPS: 62
[ "01:34:04.016" ][SystemMonitor] Stats Update: CPU App: 3.125 % | Sys: 43.2292 % | RAM App: 35172.1 MB | Sys Avail: 1782.38 MB / 65466.5 MB
[ "01:34:05.016" ][SystemMonitor] Stats Update: CPU App: 3.64583 % | Sys: 38.5417 % | RAM App: 35172.1 MB | Sys Avail: 1797.02 MB / 65466.5 MB
[ "01:34:06.015" ][SystemMonitor] Stats Update: CPU App: 3.38542 % | Sys: 38.0208 % | RAM App: 35172.1 MB | Sys Avail: 1795.47 MB / 65466.5 MB
[ "01:34:07.022" ][SystemMonitor] Stats Update: CPU App: 2.86458 % | Sys: 38.2813 % | RAM App: 35172.1 MB | Sys Avail: 1791.32 MB / 65466.5 MB
[ "01:34:08.019" ][SystemMonitor] Stats Update: CPU App: 3.38542 % | Sys: 41.1458 % | RAM App: 35172.1 MB | Sys Avail: 1797.21 MB / 65466.5 MB
TelemetryMonitor: Processed 300 frames. Current FPS: 62
[ "01:34:09.021" ][SystemMonitor] Stats Update: CPU App: 3.90625 % | Sys: 35.9375 % | RAM App: 35162.5 MB | Sys Avail: 1810.74 MB / 65466.5 MB
[SystemMonitor] Resource Update: RAM: 35162.5 MB (Delta: -56.9922 ) | VRAM: 2681.51 MB (Delta: 0 )
[ "01:34:10.018" ][SystemMonitor] Stats Update: CPU App: 2.86458 % | Sys: 46.6146 % | RAM App: 35160.8 MB | Sys Avail: 1798.23 MB / 65466.5 MB
[ "01:34:11.019" ][SystemMonitor] Stats Update: CPU App: 3.125 % | Sys: 45.5729 % | RAM App: 35158.2 MB | Sys Avail: 1791.1 MB / 65466.5 MB
[ "01:34:12.018" ][SystemMonitor] Stats Update: CPU App: 2.60417 % | Sys: 39.0625 % | RAM App: 35155.6 MB | Sys Avail: 1802.27 MB / 65466.5 MB
[ "01:34:13.016" ][SystemMonitor] Stats Update: CPU App: 2.86458 % | Sys: 45.3125 % | RAM App: 35145.2 MB | Sys Avail: 1792.93 MB / 65466.5 MB
TelemetryMonitor: Processed 300 frames. Current FPS: 62
[ "01:34:14.016" ][SystemMonitor] Stats Update: CPU App: 2.86458 % | Sys: 41.6667 % | RAM App: 35145.2 MB | Sys Avail: 1769.28 MB / 65466.5 MB
[ "01:34:15.022" ][SystemMonitor] Stats Update: CPU App: 2.60417 % | Sys: 40.3646 % | RAM App: 35145.2 MB | Sys Avail: 1785.32 MB / 65466.5 MB
[ "01:34:16.017" ][SystemMonitor] Stats Update: CPU App: 2.08333 % | Sys: 36.7188 % | RAM App: 35145.2 MB | Sys Avail: 1793.77 MB / 65466.5 MB
[ "01:34:17.015" ][SystemMonitor] Stats Update: CPU App: 2.60417 % | Sys: 41.6667 % | RAM App: 35145.2 MB | Sys Avail: 1783.7 MB / 65466.5 MB
[ "01:34:18.019" ][SystemMonitor] Stats Update: CPU App: 3.125 % | Sys: 41.6667 % | RAM App: 35145.2 MB | Sys Avail: 1758.79 MB / 65466.5 MB
TelemetryMonitor: Processed 300 frames. Current FPS: 62
[ "01:34:19.018" ][SystemMonitor] Stats Update: CPU App: 4.16667 % | Sys: 58.0729 % | RAM App: 35145.2 MB | Sys Avail: 1755.04 MB / 65466.5 MB
[ "01:34:20.018" ][SystemMonitor] Stats Update: CPU App: 4.42708 % | Sys: 71.3542 % | RAM App: 35145.2 MB | Sys Avail: 1819.26 MB / 65466.5 MB
[ "01:34:21.022" ][SystemMonitor] Stats Update: CPU App: 3.90625 % | Sys: 41.1458 % | RAM App: 35145.2 MB | Sys Avail: 1811.75 MB / 65466.5 MB
[ "01:34:22.018" ][SystemMonitor] Stats Update: CPU App: 3.38542 % | Sys: 35.9375 % | RAM App: 35145.2 MB | Sys Avail: 1822.3 MB / 65466.5 MB
[ "01:34:23.022" ][SystemMonitor] Stats Update: CPU App: 2.60417 % | Sys: 36.1979 % | RAM App: 35145.2 MB | Sys Avail: 1837.75 MB / 65466.5 MB
TelemetryMonitor: Processed 300 frames. Current FPS: 62
[ "01:34:24.019" ][SystemMonitor] Stats Update: CPU App: 3.125 % | Sys: 41.4063 % | RAM App: 35145.2 MB | Sys Avail: 1805.75 MB / 65466.5 MB
[ "01:34:25.017" ][SystemMonitor] Stats Update: CPU App: 3.64583 % | Sys: 36.7188 % | RAM App: 35145.2 MB | Sys Avail: 1811.59 MB / 65466.5 MB
[ "01:34:26.015" ][SystemMonitor] Stats Update: CPU App: 3.38542 % | Sys: 49.7396 % | RAM App: 35145.3 MB | Sys Avail: 1811.33 MB / 65466.5 MB
[ "01:34:27.017" ][SystemMonitor] Stats Update: CPU App: 2.60417 % | Sys: 37.5 % | RAM App: 35145.3 MB | Sys Avail: 1845.64 MB / 65466.5 MB
[ "01:34:28.018" ][SystemMonitor] Stats Update: CPU App: 2.08333 % | Sys: 36.1979 % | RAM App: 35145.3 MB | Sys Avail: 1844.88 MB / 65466.5 MB
TelemetryMonitor: Processed 300 frames. Current FPS: 62
[ "01:34:29.021" ][SystemMonitor] Stats Update: CPU App: 3.38542 % | Sys: 40.3646 % | RAM App: 35145.3 MB | Sys Avail: 1814.31 MB / 65466.5 MB
[ "01:34:30.018" ][SystemMonitor] Stats Update: CPU App: 2.60417 % | Sys: 36.4583 % | RAM App: 35145.3 MB | Sys Avail: 1815.3 MB / 65466.5 MB
[ "01:34:31.020" ][SystemMonitor] Stats Update: CPU App: 2.86458 % | Sys: 39.0625 % | RAM App: 35145.3 MB | Sys Avail: 1824.71 MB / 65466.5 MB
[ "01:34:32.019" ][SystemMonitor] Stats Update: CPU App: 3.38542 % | Sys: 45.3125 % | RAM App: 35145.3 MB | Sys Avail: 1857.48 MB / 65466.5 MB
[ "01:34:33.022" ][SystemMonitor] Stats Update: CPU App: 2.86458 % | Sys: 39.3229 % | RAM App: 35145.3 MB | Sys Avail: 1849.77 MB / 65466.5 MB
TelemetryMonitor: Processed 300 frames. Current FPS: 62
[ "01:34:34.017" ][SystemMonitor] Stats Update: CPU App: 2.08333 % | Sys: 55.2083 % | RAM App: 35145.8 MB | Sys Avail: 1816.91 MB / 65466.5 MB
[ "01:34:35.021" ][SystemMonitor] Stats Update: CPU App: 3.90625 % | Sys: 44.2708 % | RAM App: 35145.8 MB | Sys Avail: 1809.16 MB / 65466.5 MB
[ "01:34:36.019" ][SystemMonitor] Stats Update: CPU App: 2.86458 % | Sys: 38.0208 % | RAM App: 35145.8 MB | Sys Avail: 1826.11 MB / 65466.5 MB
[ "01:34:37.022" ][SystemMonitor] Stats Update: CPU App: 2.08333 % | Sys: 36.7188 % | RAM App: 35145.8 MB | Sys Avail: 1825.04 MB / 65466.5 MB
[ "01:34:38.018" ][SystemMonitor] Stats Update: CPU App: 2.34375 % | Sys: 39.8438 % | RAM App: 35145.8 MB | Sys Avail: 1833.32 MB / 65466.5 MB
TelemetryMonitor: Processed 300 frames. Current FPS: 62
[ "01:34:39.022" ][SystemMonitor] Stats Update: CPU App: 3.125 % | Sys: 37.2396 % | RAM App: 35127.3 MB | Sys Avail: 1850.63 MB / 65466.5 MB
[ "01:34:40.018" ][SystemMonitor] Stats Update: CPU App: 2.34375 % | Sys: 42.4479 % | RAM App: 35127.3 MB | Sys Avail: 1856.96 MB / 65466.5 MB
[ "01:34:41.017" ][SystemMonitor] Stats Update: CPU App: 3.64583 % | Sys: 74.4792 % | RAM App: 35127.3 MB | Sys Avail: 1853.64 MB / 65466.5 MB
[ "01:34:42.016" ][SystemMonitor] Stats Update: CPU App: 2.86458 % | Sys: 88.2813 % | RAM App: 35127.3 MB | Sys Avail: 1848.21 MB / 65466.5 MB
[ "01:34:43.022" ][SystemMonitor] Stats Update: CPU App: 3.125 % | Sys: 89.5833 % | RAM App: 35127.3 MB | Sys Avail: 1849.39 MB / 65466.5 MB
TelemetryMonitor: Processed 300 frames. Current FPS: 62
[ "01:34:44.018" ][SystemMonitor] Stats Update: CPU App: 4.94792 % | Sys: 61.7188 % | RAM App: 35127.3 MB | Sys Avail: 1832.89 MB / 65466.5 MB
[ "01:34:45.022" ][SystemMonitor] Stats Update: CPU App: 3.90625 % | Sys: 43.4896 % | RAM App: 35127.3 MB | Sys Avail: 1850.79 MB / 65466.5 MB
[ "01:34:46.018" ][SystemMonitor] Stats Update: CPU App: 2.86458 % | Sys: 38.8021 % | RAM App: 35127.3 MB | Sys Avail: 1836.83 MB / 65466.5 MB
[ "01:34:47.017" ][SystemMonitor] Stats Update: CPU App: 3.125 % | Sys: 37.7604 % | RAM App: 35127.3 MB | Sys Avail: 1838.64 MB / 65466.5 MB
[ "01:34:48.018" ][SystemMonitor] Stats Update: CPU App: 3.125 % | Sys: 38.8021 % | RAM App: 35127.3 MB | Sys Avail: 1839.19 MB / 65466.5 MB
TelemetryMonitor: Processed 300 frames. Current FPS: 62
[ "01:34:49.022" ][SystemMonitor] Stats Update: CPU App: 2.34375 % | Sys: 43.75 % | RAM App: 35127.3 MB | Sys Avail: 1860.84 MB / 65466.5 MB
[ "01:34:50.018" ][SystemMonitor] Stats Update: CPU App: 3.64583 % | Sys: 45.0521 % | RAM App: 35127.3 MB | Sys Avail: 1842.31 MB / 65466.5 MB
[ "01:34:51.017" ][SystemMonitor] Stats Update: CPU App: 2.86458 % | Sys: 42.9688 % | RAM App: 35127.3 MB | Sys Avail: 1824.12 MB / 65466.5 MB
[ "01:34:52.017" ][SystemMonitor] Stats Update: CPU App: 4.42708 % | Sys: 44.5313 % | RAM App: 35127.3 MB | Sys Avail: 1842.52 MB / 65466.5 MB
[ "01:34:53.021" ][SystemMonitor] Stats Update: CPU App: 3.125 % | Sys: 36.4583 % | RAM App: 35127.4 MB | Sys Avail: 1866.24 MB / 65466.5 MB
TelemetryMonitor: Processed 300 frames. Current FPS: 62
[ "01:34:54.018" ][SystemMonitor] Stats Update: CPU App: 2.60417 % | Sys: 38.5417 % | RAM App: 35127.4 MB | Sys Avail: 1852.03 MB / 65466.5 MB
[ "01:34:55.022" ][SystemMonitor] Stats Update: CPU App: 3.90625 % | Sys: 36.7188 % | RAM App: 35127.4 MB | Sys Avail: 1867.32 MB / 65466.5 MB
[ "01:34:56.018" ][SystemMonitor] Stats Update: CPU App: 3.125 % | Sys: 45.0521 % | RAM App: 35127.4 MB | Sys Avail: 1890.06 MB / 65466.5 MB
[ "01:34:57.022" ][SystemMonitor] Stats Update: CPU App: 2.60417 % | Sys: 41.1458 % | RAM App: 35127.4 MB | Sys Avail: 1859.39 MB / 65466.5 MB
[ "01:34:58.018" ][SystemMonitor] Stats Update: CPU App: 3.38542 % | Sys: 43.75 % | RAM App: 35127.4 MB | Sys Avail: 1846.96 MB / 65466.5 MB
TelemetryMonitor: Processed 300 frames. Current FPS: 62
[ "01:34:59.022" ][SystemMonitor] Stats Update: CPU App: 3.90625 % | Sys: 57.5521 % | RAM App: 35127.4 MB | Sys Avail: 1838.57 MB / 65466.5 MB
[ "01:35:00.017" ][SystemMonitor] Stats Update: CPU App: 2.86458 % | Sys: 57.8125 % | RAM App: 35127.4 MB | Sys Avail: 1832.58 MB / 65466.5 MB
[ "01:35:01.016" ][SystemMonitor] Stats Update: CPU App: 2.34375 % | Sys: 55.7292 % | RAM App: 35127.4 MB | Sys Avail: 1924.78 MB / 65466.5 MB
[ "01:35:02.015" ][SystemMonitor] Stats Update: CPU App: 3.90625 % | Sys: 44.0104 % | RAM App: 35127.4 MB | Sys Avail: 1849.35 MB / 65466.5 MB
[ "01:35:03.023" ][SystemMonitor] Stats Update: CPU App: 3.125 % | Sys: 38.8021 % | RAM App: 35127.4 MB | Sys Avail: 1853.36 MB / 65466.5 MB
TelemetryMonitor: Processed 300 frames. Current FPS: 62
[ "01:35:04.019" ][SystemMonitor] Stats Update: CPU App: 2.60417 % | Sys: 36.9792 % | RAM App: 35127.4 MB | Sys Avail: 1835.77 MB / 65466.5 MB
[ "01:35:05.019" ][SystemMonitor] Stats Update: CPU App: 3.64583 % | Sys: 44.7917 % | RAM App: 35127.4 MB | Sys Avail: 1883.99 MB / 65466.5 MB
[ "01:35:06.019" ][SystemMonitor] Stats Update: CPU App: 2.86458 % | Sys: 53.9063 % | RAM App: 35127.4 MB | Sys Avail: 1890.58 MB / 65466.5 MB
[ "01:35:07.022" ][SystemMonitor] Stats Update: CPU App: 4.42708 % | Sys: 40.8854 % | RAM App: 35127.4 MB | Sys Avail: 1882.57 MB / 65466.5 MB
[ "01:35:08.018" ][SystemMonitor] Stats Update: CPU App: 2.34375 % | Sys: 38.8021 % | RAM App: 35127.4 MB | Sys Avail: 1858.1 MB / 65466.5 MB
TelemetryMonitor: Processed 300 frames. Current FPS: 62
[ "01:35:09.021" ][SystemMonitor] Stats Update: CPU App: 3.64583 % | Sys: 44.7917 % | RAM App: 35127.4 MB | Sys Avail: 1858.12 MB / 65466.5 MB
[ "01:35:10.018" ][SystemMonitor] Stats Update: CPU App: 2.86458 % | Sys: 34.8958 % | RAM App: 35127.4 MB | Sys Avail: 1876.57 MB / 65466.5 MB
[ "01:35:11.023" ][SystemMonitor] Stats Update: CPU App: 3.64583 % | Sys: 39.0625 % | RAM App: 35127.5 MB | Sys Avail: 1887.92 MB / 65466.5 MB
[ "01:35:12.018" ][SystemMonitor] Stats Update: CPU App: 2.86458 % | Sys: 48.4375 % | RAM App: 35127.5 MB | Sys Avail: 1871.53 MB / 65466.5 MB
[ "01:35:13.021" ][SystemMonitor] Stats Update: CPU App: 3.90625 % | Sys: 61.9792 % | RAM App: 35127.5 MB | Sys Avail: 1850.79 MB / 65466.5 MB
TelemetryMonitor: Processed 300 frames. Current FPS: 62
[ "01:35:14.017" ][SystemMonitor] Stats Update: CPU App: 2.86458 % | Sys: 42.4479 % | RAM App: 35127.5 MB | Sys Avail: 1875.63 MB / 65466.5 MB
[ "01:35:15.022" ][SystemMonitor] Stats Update: CPU App: 3.64583 % | Sys: 39.3229 % | RAM App: 35127.5 MB | Sys Avail: 1908.71 MB / 65466.5 MB
[ "01:35:16.018" ][SystemMonitor] Stats Update: CPU App: 3.38542 % | Sys: 39.8438 % | RAM App: 35127.5 MB | Sys Avail: 1906.84 MB / 65466.5 MB
[ "01:35:17.022" ][SystemMonitor] Stats Update: CPU App: 2.60417 % | Sys: 42.1875 % | RAM App: 35127.5 MB | Sys Avail: 1886.08 MB / 65466.5 MB
[ "01:35:18.017" ][SystemMonitor] Stats Update: CPU App: 2.60417 % | Sys: 41.6667 % | RAM App: 35127.5 MB | Sys Avail: 1898.09 MB / 65466.5 MB
TelemetryMonitor: Processed 300 frames. Current FPS: 62
[ "01:35:19.027" ][SystemMonitor] Stats Update: CPU App: 3.64583 % | Sys: 47.1354 % | RAM App: 35127.5 MB | Sys Avail: 1883.35 MB / 65466.5 MB
[ "01:35:20.017" ][SystemMonitor] Stats Update: CPU App: 4.16667 % | Sys: 71.875 % | RAM App: 35127.5 MB | Sys Avail: 1860.82 MB / 65466.5 MB
[ "01:35:21.021" ][SystemMonitor] Stats Update: CPU App: 3.90625 % | Sys: 39.0625 % | RAM App: 35127.5 MB | Sys Avail: 1860.97 MB / 65466.5 MB
[ "01:35:22.016" ][SystemMonitor] Stats Update: CPU App: 3.38542 % | Sys: 39.5833 % | RAM App: 35127.5 MB | Sys Avail: 1926.77 MB / 65466.5 MB
[ "01:35:23.017" ][SystemMonitor] Stats Update: CPU App: 3.125 % | Sys: 43.2292 % | RAM App: 35127.5 MB | Sys Avail: 1914.07 MB / 65466.5 MB
TelemetryMonitor: Processed 300 frames. Current FPS: 62
[ "01:35:24.018" ][SystemMonitor] Stats Update: CPU App: 4.16667 % | Sys: 39.0625 % | RAM App: 35127.5 MB | Sys Avail: 1894.24 MB / 65466.5 MB
[ "01:35:25.021" ][SystemMonitor] Stats Update: CPU App: 3.64583 % | Sys: 41.9271 % | RAM App: 35127.6 MB | Sys Avail: 1912.97 MB / 65466.5 MB
[ "01:35:26.017" ][SystemMonitor] Stats Update: CPU App: 3.90625 % | Sys: 45.5729 % | RAM App: 35127.6 MB | Sys Avail: 1920.02 MB / 65466.5 MB
[ "01:35:27.022" ][SystemMonitor] Stats Update: CPU App: 3.38542 % | Sys: 74.7396 % | RAM App: 35127.6 MB | Sys Avail: 1872.33 MB / 65466.5 MB
[ "01:35:28.017" ][SystemMonitor] Stats Update: CPU App: 4.16667 % | Sys: 38.2813 % | RAM App: 35127.6 MB | Sys Avail: 1887.77 MB / 65466.5 MB
TelemetryMonitor: Processed 300 frames. Current FPS: 62
[ "01:35:29.018" ][SystemMonitor] Stats Update: CPU App: 3.90625 % | Sys: 38.0208 % | RAM App: 35127.6 MB | Sys Avail: 1893.45 MB / 65466.5 MB
[ "01:35:30.019" ][SystemMonitor] Stats Update: CPU App: 3.38542 % | Sys: 39.0625 % | RAM App: 35127.6 MB | Sys Avail: 2132.73 MB / 65466.5 MB
[ "01:35:31.026" ][SystemMonitor] Stats Update: CPU App: 3.38542 % | Sys: 45.3125 % | RAM App: 35127.6 MB | Sys Avail: 2094.9 MB / 65466.5 MB
[ "01:35:32.018" ][SystemMonitor] Stats Update: CPU App: 3.38542 % | Sys: 61.7188 % | RAM App: 35127.6 MB | Sys Avail: 1976.8 MB / 65466.5 MB
[ "01:35:33.026" ][SystemMonitor] Stats Update: CPU App: 3.38542 % | Sys: 52.3438 % | RAM App: 35127.6 MB | Sys Avail: 1948.63 MB / 65466.5 MB
TelemetryMonitor: Processed 300 frames. Current FPS: 62
[ "01:35:34.018" ][SystemMonitor] Stats Update: CPU App: 4.16667 % | Sys: 59.8958 % | RAM App: 35127.6 MB | Sys Avail: 2011.94 MB / 65466.5 MB
[ "01:35:35.025" ][SystemMonitor] Stats Update: CPU App: 3.90625 % | Sys: 81.25 % | RAM App: 35127.6 MB | Sys Avail: 1910.84 MB / 65466.5 MB
[ "01:35:36.017" ][SystemMonitor] Stats Update: CPU App: 4.6875 % | Sys: 68.2292 % | RAM App: 35127.6 MB | Sys Avail: 2011.86 MB / 65466.5 MB
[ "01:35:37.023" ][SystemMonitor] Stats Update: CPU App: 2.60417 % | Sys: 40.625 % | RAM App: 35127.6 MB | Sys Avail: 2014.32 MB / 65466.5 MB
[ "01:35:38.018" ][SystemMonitor] Stats Update: CPU App: 2.61097 % | Sys: 35.248 % | RAM App: 35127.6 MB | Sys Avail: 2041.14 MB / 65466.5 MB
TelemetryMonitor: Processed 300 frames. Current FPS: 62
[ "01:35:39.023" ][SystemMonitor] Stats Update: CPU App: 2.07792 % | Sys: 38.961 % | RAM App: 35127.6 MB | Sys Avail: 2043.03 MB / 65466.5 MB
[ "01:35:40.017" ][SystemMonitor] Stats Update: CPU App: 3.125 % | Sys: 38.8021 % | RAM App: 35127.7 MB | Sys Avail: 2042.21 MB / 65466.5 MB
[ "01:35:41.021" ][SystemMonitor] Stats Update: CPU App: 2.86458 % | Sys: 58.5938 % | RAM App: 35127.7 MB | Sys Avail: 2053.07 MB / 65466.5 MB
[ "01:35:42.019" ][SystemMonitor] Stats Update: CPU App: 3.90625 % | Sys: 69.0104 % | RAM App: 35127.7 MB | Sys Avail: 2067.39 MB / 65466.5 MB
[ "01:35:43.022" ][SystemMonitor] Stats Update: CPU App: 3.64583 % | Sys: 88.8021 % | RAM App: 35127.7 MB | Sys Avail: 2033.7 MB / 65466.5 MB
TelemetryMonitor: Processed 300 frames. Current FPS: 62
[ "01:35:44.017" ][SystemMonitor] Stats Update: CPU App: 3.90625 % | Sys: 68.4896 % | RAM App: 35127.7 MB | Sys Avail: 2057.23 MB / 65466.5 MB
[ "01:35:45.023" ][SystemMonitor] Stats Update: CPU App: 3.64583 % | Sys: 34.8958 % | RAM App: 35127.7 MB | Sys Avail: 2061.79 MB / 65466.5 MB
[ "01:35:46.017" ][SystemMonitor] Stats Update: CPU App: 3.64583 % | Sys: 40.3646 % | RAM App: 35127.8 MB | Sys Avail: 2059.64 MB / 65466.5 MB
[ "01:35:47.021" ][SystemMonitor] Stats Update: CPU App: 3.38542 % | Sys: 45.3125 % | RAM App: 35127.8 MB | Sys Avail: 2047.63 MB / 65466.5 MB
[ "01:35:48.019" ][SystemMonitor] Stats Update: CPU App: 4.42708 % | Sys: 42.4479 % | RAM App: 35127.8 MB | Sys Avail: 2056.66 MB / 65466.5 MB
TelemetryMonitor: Processed 300 frames. Current FPS: 62
[ "01:35:49.021" ][SystemMonitor] Stats Update: CPU App: 3.90625 % | Sys: 50.7813 % | RAM App: 35127.8 MB | Sys Avail: 1984.8 MB / 65466.5 MB
[ "01:35:50.017" ][SystemMonitor] Stats Update: CPU App: 4.42708 % | Sys: 84.1146 % | RAM App: 35127.8 MB | Sys Avail: 1890.61 MB / 65466.5 MB
[ "01:35:51.024" ][SystemMonitor] Stats Update: CPU App: 3.90625 % | Sys: 75 % | RAM App: 35127.8 MB | Sys Avail: 1822.89 MB / 65466.5 MB
[ "01:35:52.017" ][SystemMonitor] Stats Update: CPU App: 3.38542 % | Sys: 54.1667 % | RAM App: 35127.8 MB | Sys Avail: 1809.94 MB / 65466.5 MB
[ "01:35:53.018" ][SystemMonitor] Stats Update: CPU App: 3.64583 % | Sys: 54.6875 % | RAM App: 35127.8 MB | Sys Avail: 1811.43 MB / 65466.5 MB
TelemetryMonitor: Processed 300 frames. Current FPS: 62
[ "01:35:54.019" ][SystemMonitor] Stats Update: CPU App: 3.90625 % | Sys: 55.7292 % | RAM App: 35127.8 MB | Sys Avail: 1815.41 MB / 65466.5 MB
[ "01:35:55.020" ][SystemMonitor] Stats Update: CPU App: 4.42708 % | Sys: 50.5208 % | RAM App: 35127.8 MB | Sys Avail: 1762.29 MB / 65466.5 MB
[ "01:35:56.017" ][SystemMonitor] Stats Update: CPU App: 3.64583 % | Sys: 51.0417 % | RAM App: 35127.8 MB | Sys Avail: 1836.75 MB / 65466.5 MB
[ "01:35:57.017" ][SystemMonitor] Stats Update: CPU App: 4.16667 % | Sys: 52.0833 % | RAM App: 35127.8 MB | Sys Avail: 1829.88 MB / 65466.5 MB
[ "01:35:58.018" ][SystemMonitor] Stats Update: CPU App: 3.64583 % | Sys: 40.1042 % | RAM App: 35127.8 MB | Sys Avail: 1825.13 MB / 65466.5 MB
TelemetryMonitor: Processed 300 frames. Current FPS: 62
[ "01:35:59.022" ][SystemMonitor] Stats Update: CPU App: 4.16667 % | Sys: 38.0208 % | RAM App: 35127.9 MB | Sys Avail: 1856.85 MB / 65466.5 MB
[ "01:36:00.019" ][SystemMonitor] Stats Update: CPU App: 3.38542 % | Sys: 41.6667 % | RAM App: 35127.9 MB | Sys Avail: 1859.96 MB / 65466.5 MB
[ "01:36:01.021" ][SystemMonitor] Stats Update: CPU App: 2.86458 % | Sys: 45.5729 % | RAM App: 35127.9 MB | Sys Avail: 1864.74 MB / 65466.5 MB
[ "01:36:02.017" ][SystemMonitor] Stats Update: CPU App: 3.64583 % | Sys: 41.9271 % | RAM App: 35129.8 MB | Sys Avail: 1784.72 MB / 65466.5 MB
[ "01:36:03.022" ][SystemMonitor] Stats Update: CPU App: 3.90625 % | Sys: 41.4063 % | RAM App: 35129.8 MB | Sys Avail: 1792.62 MB / 65466.5 MB
TelemetryMonitor: Processed 300 frames. Current FPS: 62
[ "01:36:04.018" ][SystemMonitor] Stats Update: CPU App: 3.64583 % | Sys: 50.7813 % | RAM App: 35129.8 MB | Sys Avail: 1775.86 MB / 65466.5 MB
[ "01:36:05.015" ][SystemMonitor] Stats Update: CPU App: 3.38542 % | Sys: 51.8229 % | RAM App: 35129.8 MB | Sys Avail: 1751.52 MB / 65466.5 MB
[ "01:36:06.017" ][SystemMonitor] Stats Update: CPU App: 3.38542 % | Sys: 46.0938 % | RAM App: 35129.8 MB | Sys Avail: 1757.41 MB / 65466.5 MB
[ "01:36:07.022" ][SystemMonitor] Stats Update: CPU App: 3.125 % | Sys: 38.8021 % | RAM App: 35129.8 MB | Sys Avail: 1750.02 MB / 65466.5 MB
[ "01:36:08.018" ][SystemMonitor] Stats Update: CPU App: 3.38542 % | Sys: 42.9688 % | RAM App: 35129.8 MB | Sys Avail: 1758.75 MB / 65466.5 MB
TelemetryMonitor: Processed 300 frames. Current FPS: 62
[ "01:36:09.022" ][SystemMonitor] Stats Update: CPU App: 3.125 % | Sys: 39.8438 % | RAM App: 35129.8 MB | Sys Avail: 1763.52 MB / 65466.5 MB
[ "01:36:10.017" ][SystemMonitor] Stats Update: CPU App: 2.86458 % | Sys: 37.5 % | RAM App: 35129.8 MB | Sys Avail: 1777.19 MB / 65466.5 MB
[ "01:36:11.018" ][SystemMonitor] Stats Update: CPU App: 3.38542 % | Sys: 41.6667 % | RAM App: 35129.8 MB | Sys Avail: 1778.07 MB / 65466.5 MB
[ "01:36:12.015" ][SystemMonitor] Stats Update: CPU App: 3.125 % | Sys: 48.9583 % | RAM App: 35129.8 MB | Sys Avail: 1756.87 MB / 65466.5 MB
[ "01:36:13.021" ][SystemMonitor] Stats Update: CPU App: 3.64583 % | Sys: 41.1458 % | RAM App: 35129.8 MB | Sys Avail: 1754.57 MB / 65466.5 MB
TelemetryMonitor: Processed 300 frames. Current FPS: 62
[ "01:36:14.019" ][SystemMonitor] Stats Update: CPU App: 2.60417 % | Sys: 36.9792 % | RAM App: 35129.8 MB | Sys Avail: 1757.2 MB / 65466.5 MB
[ "01:36:15.023" ][SystemMonitor] Stats Update: CPU App: 3.64583 % | Sys: 42.1875 % | RAM App: 35129.8 MB | Sys Avail: 1767.28 MB / 65466.5 MB
[ "01:36:16.018" ][SystemMonitor] Stats Update: CPU App: 3.125 % | Sys: 38.5417 % | RAM App: 35129.8 MB | Sys Avail: 1765.89 MB / 65466.5 MB
[ "01:36:17.018" ][SystemMonitor] Stats Update: CPU App: 3.64583 % | Sys: 45.8333 % | RAM App: 35129.8 MB | Sys Avail: 1760.4 MB / 65466.5 MB
[ "01:36:18.019" ][SystemMonitor] Stats Update: CPU App: 2.86458 % | Sys: 38.5417 % | RAM App: 35129.8 MB | Sys Avail: 1738.57 MB / 65466.5 MB
TelemetryMonitor: Processed 300 frames. Current FPS: 62
[ "01:36:19.025" ][SystemMonitor] Stats Update: CPU App: 3.64583 % | Sys: 63.0208 % | RAM App: 35129.8 MB | Sys Avail: 1748.64 MB / 65466.5 MB
[ "01:36:20.017" ][SystemMonitor] Stats Update: CPU App: 3.125 % | Sys: 49.4792 % | RAM App: 35129.8 MB | Sys Avail: 1793.51 MB / 65466.5 MB
[ "01:36:21.023" ][SystemMonitor] Stats Update: CPU App: 2.86458 % | Sys: 41.6667 % | RAM App: 35129.8 MB | Sys Avail: 1780.93 MB / 65466.5 MB
[ "01:36:22.019" ][SystemMonitor] Stats Update: CPU App: 2.86458 % | Sys: 43.2292 % | RAM App: 35129.8 MB | Sys Avail: 1850.78 MB / 65466.5 MB
[ "01:36:23.023" ][SystemMonitor] Stats Update: CPU App: 3.64583 % | Sys: 38.8021 % | RAM App: 35129.8 MB | Sys Avail: 1854.5 MB / 65466.5 MB
TelemetryMonitor: Processed 300 frames. Current FPS: 62
[ "01:36:24.018" ][SystemMonitor] Stats Update: CPU App: 2.60417 % | Sys: 37.7604 % | RAM App: 35129.8 MB | Sys Avail: 1873.16 MB / 65466.5 MB
[ "01:36:25.023" ][SystemMonitor] Stats Update: CPU App: 3.125 % | Sys: 38.2813 % | RAM App: 35129.8 MB | Sys Avail: 1866.63 MB / 65466.5 MB
[ "01:36:26.018" ][SystemMonitor] Stats Update: CPU App: 2.61097 % | Sys: 42.5587 % | RAM App: 35129.8 MB | Sys Avail: 1856.93 MB / 65466.5 MB
[ "01:36:27.023" ][SystemMonitor] Stats Update: CPU App: 3.63636 % | Sys: 40.7792 % | RAM App: 35129.8 MB | Sys Avail: 1863.75 MB / 65466.5 MB
[ "01:36:28.018" ][SystemMonitor] Stats Update: CPU App: 3.64583 % | Sys: 42.9688 % | RAM App: 35129.8 MB | Sys Avail: 1852.02 MB / 65466.5 MB
TelemetryMonitor: Processed 300 frames. Current FPS: 62
[ "01:36:29.023" ][SystemMonitor] Stats Update: CPU App: 3.64583 % | Sys: 36.9792 % | RAM App: 35129.8 MB | Sys Avail: 1847.16 MB / 65466.5 MB
[ "01:36:30.016" ][SystemMonitor] Stats Update: CPU App: 2.86458 % | Sys: 40.1042 % | RAM App: 35129.8 MB | Sys Avail: 1844.25 MB / 65466.5 MB
[ "01:36:31.022" ][SystemMonitor] Stats Update: CPU App: 4.42708 % | Sys: 39.8438 % | RAM App: 35129.8 MB | Sys Avail: 1842.25 MB / 65466.5 MB
[ "01:36:32.018" ][SystemMonitor] Stats Update: CPU App: 4.42708 % | Sys: 70.0521 % | RAM App: 35129.8 MB | Sys Avail: 1844.64 MB / 65466.5 MB
[ "01:36:33.020" ][SystemMonitor] Stats Update: CPU App: 3.64583 % | Sys: 64.5833 % | RAM App: 35129.8 MB | Sys Avail: 1828.92 MB / 65466.5 MB
TelemetryMonitor: Processed 300 frames. Current FPS: 62
[ "01:36:34.017" ][SystemMonitor] Stats Update: CPU App: 3.90625 % | Sys: 45.3125 % | RAM App: 35129.8 MB | Sys Avail: 1852 MB / 65466.5 MB
[ "01:36:35.020" ][SystemMonitor] Stats Update: CPU App: 3.38542 % | Sys: 38.0208 % | RAM App: 35129.8 MB | Sys Avail: 1858.2 MB / 65466.5 MB
[ "01:36:36.018" ][SystemMonitor] Stats Update: CPU App: 3.64583 % | Sys: 38.8021 % | RAM App: 35129.8 MB | Sys Avail: 1849.53 MB / 65466.5 MB
[ "01:36:37.016" ][SystemMonitor] Stats Update: CPU App: 3.64583 % | Sys: 36.1979 % | RAM App: 35129.8 MB | Sys Avail: 1863.67 MB / 65466.5 MB
[ "01:36:38.015" ][SystemMonitor] Stats Update: CPU App: 2.86458 % | Sys: 38.0208 % | RAM App: 35129.8 MB | Sys Avail: 1874.06 MB / 65466.5 MB
TelemetryMonitor: Processed 300 frames. Current FPS: 62
[ "01:36:39.023" ][SystemMonitor] Stats Update: CPU App: 2.60417 % | Sys: 38.5417 % | RAM App: 35129.8 MB | Sys Avail: 1867.77 MB / 65466.5 MB
[ "01:36:40.016" ][SystemMonitor] Stats Update: CPU App: 2.34375 % | Sys: 48.9583 % | RAM App: 35129.8 MB | Sys Avail: 1850.49 MB / 65466.5 MB
[ "01:36:41.020" ][SystemMonitor] Stats Update: CPU App: 3.64583 % | Sys: 42.7083 % | RAM App: 35129.8 MB | Sys Avail: 1843.89 MB / 65466.5 MB
[ "01:36:42.018" ][SystemMonitor] Stats Update: CPU App: 3.38542 % | Sys: 61.4583 % | RAM App: 35129.8 MB | Sys Avail: 1852.05 MB / 65466.5 MB
[ "01:36:43.022" ][SystemMonitor] Stats Update: CPU App: 3.64583 % | Sys: 78.9063 % | RAM App: 35129.8 MB | Sys Avail: 1858.29 MB / 65466.5 MB
TelemetryMonitor: Processed 300 frames. Current FPS: 62
[ "01:36:44.018" ][SystemMonitor] Stats Update: CPU App: 3.90625 % | Sys: 73.6979 % | RAM App: 35129.8 MB | Sys Avail: 1857.14 MB / 65466.5 MB
[ "01:36:45.017" ][SystemMonitor] Stats Update: CPU App: 3.64583 % | Sys: 40.3646 % | RAM App: 35129.8 MB | Sys Avail: 1872.01 MB / 65466.5 MB
[ "01:36:46.017" ][SystemMonitor] Stats Update: CPU App: 2.86458 % | Sys: 43.4896 % | RAM App: 35129.9 MB | Sys Avail: 1876.46 MB / 65466.5 MB
[ "01:36:47.019" ][SystemMonitor] Stats Update: CPU App: 3.38542 % | Sys: 57.8125 % | RAM App: 35129.9 MB | Sys Avail: 1891.99 MB / 65466.5 MB
[ "01:36:48.017" ][SystemMonitor] Stats Update: CPU App: 3.90625 % | Sys: 60.4167 % | RAM App: 35129.9 MB | Sys Avail: 1937.15 MB / 65466.5 MB
TelemetryMonitor: Processed 300 frames. Current FPS: 62
[ "01:36:49.017" ][SystemMonitor] Stats Update: CPU App: 3.125 % | Sys: 48.4375 % | RAM App: 35129.9 MB | Sys Avail: 1916.37 MB / 65466.5 MB
[ "01:36:50.018" ][SystemMonitor] Stats Update: CPU App: 3.39426 % | Sys: 42.8198 % | RAM App: 35129.9 MB | Sys Avail: 1960.93 MB / 65466.5 MB
[ "01:36:51.017" ][SystemMonitor] Stats Update: CPU App: 2.5974 % | Sys: 52.7273 % | RAM App: 35129.9 MB | Sys Avail: 1989.08 MB / 65466.5 MB
[ "01:36:52.016" ][SystemMonitor] Stats Update: CPU App: 3.38542 % | Sys: 38.2813 % | RAM App: 35129.9 MB | Sys Avail: 1983.8 MB / 65466.5 MB
[ "01:36:53.015" ][SystemMonitor] Stats Update: CPU App: 2.60417 % | Sys: 43.4896 % | RAM App: 35129.9 MB | Sys Avail: 1991.41 MB / 65466.5 MB
TelemetryMonitor: Processed 300 frames. Current FPS: 62
[ "01:36:54.019" ][SystemMonitor] Stats Update: CPU App: 3.38542 % | Sys: 60.1563 % | RAM App: 35129.9 MB | Sys Avail: 1972.04 MB / 65466.5 MB
[ "01:36:55.022" ][SystemMonitor] Stats Update: CPU App: 3.38542 % | Sys: 39.5833 % | RAM App: 35129.9 MB | Sys Avail: 1960.29 MB / 65466.5 MB
[ "01:36:56.017" ][SystemMonitor] Stats Update: CPU App: 3.38542 % | Sys: 37.7604 % | RAM App: 35129.9 MB | Sys Avail: 1967.26 MB / 65466.5 MB
[ "01:36:57.021" ][SystemMonitor] Stats Update: CPU App: 2.86458 % | Sys: 39.3229 % | RAM App: 35129.9 MB | Sys Avail: 1982.3 MB / 65466.5 MB
[ "01:36:58.018" ][SystemMonitor] Stats Update: CPU App: 4.16667 % | Sys: 43.2292 % | RAM App: 35129.9 MB | Sys Avail: 1965.1 MB / 65466.5 MB
TelemetryMonitor: Processed 300 frames. Current FPS: 62
[ "01:36:59.022" ][SystemMonitor] Stats Update: CPU App: 3.38542 % | Sys: 40.625 % | RAM App: 35129.9 MB | Sys Avail: 1969.06 MB / 65466.5 MB
[ "01:37:00.017" ][SystemMonitor] Stats Update: CPU App: 3.64583 % | Sys: 40.8854 % | RAM App: 35129.9 MB | Sys Avail: 1978.99 MB / 65466.5 MB
[ "01:37:01.021" ][SystemMonitor] Stats Update: CPU App: 3.64583 % | Sys: 43.4896 % | RAM App: 35129.9 MB | Sys Avail: 1984.43 MB / 65466.5 MB
[ "01:37:02.018" ][SystemMonitor] Stats Update: CPU App: 3.38542 % | Sys: 35.1563 % | RAM App: 35129.9 MB | Sys Avail: 1978.74 MB / 65466.5 MB
[ "01:37:03.019" ][SystemMonitor] Stats Update: CPU App: 3.38542 % | Sys: 50.7813 % | RAM App: 35129.9 MB | Sys Avail: 1896.76 MB / 65466.5 MB
TelemetryMonitor: Processed 300 frames. Current FPS: 62
[ "01:37:04.017" ][SystemMonitor] Stats Update: CPU App: 3.125 % | Sys: 38.2813 % | RAM App: 35129.9 MB | Sys Avail: 1909.16 MB / 65466.5 MB
[ "01:37:05.019" ][SystemMonitor] Stats Update: CPU App: 3.90625 % | Sys: 46.875 % | RAM App: 35129.9 MB | Sys Avail: 1888.03 MB / 65466.5 MB
[ "01:37:06.018" ][SystemMonitor] Stats Update: CPU App: 3.64583 % | Sys: 51.0417 % | RAM App: 35129.9 MB | Sys Avail: 1878.39 MB / 65466.5 MB
[ "01:37:07.021" ][SystemMonitor] Stats Update: CPU App: 2.86458 % | Sys: 67.7083 % | RAM App: 35129.9 MB | Sys Avail: 1976.22 MB / 65466.5 MB
[ "01:37:08.018" ][SystemMonitor] Stats Update: CPU App: 3.64583 % | Sys: 45.8333 % | RAM App: 35129.9 MB | Sys Avail: 1982.45 MB / 65466.5 MB
TelemetryMonitor: Processed 300 frames. Current FPS: 62
[ "01:37:09.023" ][SystemMonitor] Stats Update: CPU App: 3.90625 % | Sys: 44.5313 % | RAM App: 35129.9 MB | Sys Avail: 1950.11 MB / 65466.5 MB
[ "01:37:10.020" ][SystemMonitor] Stats Update: CPU App: 3.64583 % | Sys: 51.8229 % | RAM App: 35129.9 MB | Sys Avail: 1943.74 MB / 65466.5 MB
[ "01:37:11.019" ][SystemMonitor] Stats Update: CPU App: 3.64583 % | Sys: 40.625 % | RAM App: 35129.9 MB | Sys Avail: 1954.75 MB / 65466.5 MB
[ "01:37:12.019" ][SystemMonitor] Stats Update: CPU App: 2.86458 % | Sys: 42.4479 % | RAM App: 35129.9 MB | Sys Avail: 1946.9 MB / 65466.5 MB
[ "01:37:13.022" ][SystemMonitor] Stats Update: CPU App: 2.08333 % | Sys: 38.5417 % | RAM App: 35129.9 MB | Sys Avail: 1966.29 MB / 65466.5 MB
TelemetryMonitor: Processed 300 frames. Current FPS: 62
[ "01:37:14.015" ][SystemMonitor] Stats Update: CPU App: 2.86458 % | Sys: 38.0208 % | RAM App: 35129.9 MB | Sys Avail: 1953.88 MB / 65466.5 MB
[SystemMonitor] Resource Update: RAM: 35129.9 MB (Delta: -32.6328 ) | VRAM: 2326.82 MB (Delta: -354.688 )
[ "01:37:15.018" ][SystemMonitor] Stats Update: CPU App: 2.60417 % | Sys: 43.2292 % | RAM App: 35129.9 MB | Sys Avail: 2198.57 MB / 65466.5 MB
[SystemMonitor] Resource Update: RAM: 35129.9 MB (Delta: 0.00390625 ) | VRAM: 2681.51 MB (Delta: 354.688 )
[ "01:37:16.018" ][SystemMonitor] Stats Update: CPU App: 2.34375 % | Sys: 44.5313 % | RAM App: 35129.9 MB | Sys Avail: 2157.89 MB / 65466.5 MB
[ "01:37:17.023" ][SystemMonitor] Stats Update: CPU App: 3.38542 % | Sys: 54.4271 % | RAM App: 35129.9 MB | Sys Avail: 2049.72 MB / 65466.5 MB
[ "01:37:18.018" ][SystemMonitor] Stats Update: CPU App: 3.90625 % | Sys: 54.4271 % | RAM App: 35129.9 MB | Sys Avail: 1983.62 MB / 65466.5 MB
TelemetryMonitor: Processed 300 frames. Current FPS: 62
[ "01:37:19.017" ][SystemMonitor] Stats Update: CPU App: 3.64583 % | Sys: 53.6458 % | RAM App: 35129.9 MB | Sys Avail: 1994.5 MB / 65466.5 MB
[ "01:37:20.018" ][SystemMonitor] Stats Update: CPU App: 3.64583 % | Sys: 66.6667 % | RAM App: 35129.9 MB | Sys Avail: 1904.05 MB / 65466.5 MB
[ "01:37:21.018" ][SystemMonitor] Stats Update: CPU App: 3.125 % | Sys: 52.3438 % | RAM App: 35129.9 MB | Sys Avail: 2037.8 MB / 65466.5 MB
[ "01:37:22.016" ][SystemMonitor] Stats Update: CPU App: 4.16667 % | Sys: 36.4583 % | RAM App: 35129.9 MB | Sys Avail: 2033.91 MB / 65466.5 MB
[ "01:37:23.025" ][SystemMonitor] Stats Update: CPU App: 2.86458 % | Sys: 35.9375 % | RAM App: 35129.9 MB | Sys Avail: 2112.72 MB / 65466.5 MB
TelemetryMonitor: Processed 300 frames. Current FPS: 62
[ "01:37:24.018" ][SystemMonitor] Stats Update: CPU App: 3.64583 % | Sys: 36.9792 % | RAM App: 35129.9 MB | Sys Avail: 2107.7 MB / 65466.5 MB
[ "01:37:25.022" ][SystemMonitor] Stats Update: CPU App: 3.38542 % | Sys: 41.4063 % | RAM App: 35129.9 MB | Sys Avail: 2107.04 MB / 65466.5 MB
[ "01:37:26.018" ][SystemMonitor] Stats Update: CPU App: 2.86458 % | Sys: 34.6354 % | RAM App: 35129.9 MB | Sys Avail: 2131.45 MB / 65466.5 MB
[ "01:37:27.019" ][SystemMonitor] Stats Update: CPU App: 3.125 % | Sys: 38.5417 % | RAM App: 35129.9 MB | Sys Avail: 2144.88 MB / 65466.5 MB
[ "01:37:28.017" ][SystemMonitor] Stats Update: CPU App: 2.86458 % | Sys: 41.4063 % | RAM App: 35129.9 MB | Sys Avail: 2130.23 MB / 65466.5 MB
TelemetryMonitor: Processed 300 frames. Current FPS: 62
[ "01:37:29.016" ][SystemMonitor] Stats Update: CPU App: 2.86458 % | Sys: 40.3646 % | RAM App: 35129.9 MB | Sys Avail: 2118.17 MB / 65466.5 MB
[ "01:37:30.018" ][SystemMonitor] Stats Update: CPU App: 3.38542 % | Sys: 45.3125 % | RAM App: 35129.9 MB | Sys Avail: 2103.66 MB / 65466.5 MB
[ "01:37:31.025" ][SystemMonitor] Stats Update: CPU App: 3.64583 % | Sys: 48.6979 % | RAM App: 35129.9 MB | Sys Avail: 2065.6 MB / 65466.5 MB
[ "01:37:32.018" ][SystemMonitor] Stats Update: CPU App: 3.125 % | Sys: 55.7292 % | RAM App: 35130 MB | Sys Avail: 1929.34 MB / 65466.5 MB
[ "01:37:33.023" ][SystemMonitor] Stats Update: CPU App: 2.86458 % | Sys: 52.3438 % | RAM App: 35130 MB | Sys Avail: 1928.15 MB / 65466.5 MB
TelemetryMonitor: Processed 300 frames. Current FPS: 62
[ "01:37:34.016" ][SystemMonitor] Stats Update: CPU App: 3.64583 % | Sys: 52.6042 % | RAM App: 35130 MB | Sys Avail: 1933.63 MB / 65466.5 MB
[ "01:37:35.023" ][SystemMonitor] Stats Update: CPU App: 3.64583 % | Sys: 48.6979 % | RAM App: 35130 MB | Sys Avail: 1841.4 MB / 65466.5 MB
[ "01:37:36.018" ][SystemMonitor] Stats Update: CPU App: 3.38542 % | Sys: 46.6146 % | RAM App: 35130 MB | Sys Avail: 1968.79 MB / 65466.5 MB
[ "01:37:37.019" ][SystemMonitor] Stats Update: CPU App: 3.64583 % | Sys: 45.8333 % | RAM App: 35130 MB | Sys Avail: 1957.36 MB / 65466.5 MB
[ "01:37:38.016" ][SystemMonitor] Stats Update: CPU App: 4.16667 % | Sys: 52.6042 % | RAM App: 35130 MB | Sys Avail: 1954.66 MB / 65466.5 MB
TelemetryMonitor: Processed 300 frames. Current FPS: 62
[ "01:37:39.021" ][SystemMonitor] Stats Update: CPU App: 3.90625 % | Sys: 73.1771 % | RAM App: 35130 MB | Sys Avail: 1960.57 MB / 65466.5 MB
[ "01:37:40.016" ][SystemMonitor] Stats Update: CPU App: 3.38542 % | Sys: 38.2813 % | RAM App: 35130 MB | Sys Avail: 1968.05 MB / 65466.5 MB
[ "01:37:41.026" ][SystemMonitor] Stats Update: CPU App: 2.86458 % | Sys: 41.6667 % | RAM App: 35130 MB | Sys Avail: 1974 MB / 65466.5 MB
[ "01:37:42.017" ][SystemMonitor] Stats Update: CPU App: 2.86458 % | Sys: 63.5417 % | RAM App: 35130 MB | Sys Avail: 1969.1 MB / 65466.5 MB
[ "01:37:43.020" ][SystemMonitor] Stats Update: CPU App: 2.86458 % | Sys: 77.6042 % | RAM App: 35130 MB | Sys Avail: 1992.88 MB / 65466.5 MB
TelemetryMonitor: Processed 300 frames. Current FPS: 62
[ "01:37:44.017" ][SystemMonitor] Stats Update: CPU App: 3.90625 % | Sys: 73.9583 % | RAM App: 35130 MB | Sys Avail: 1990.93 MB / 65466.5 MB
[ "01:37:45.023" ][SystemMonitor] Stats Update: CPU App: 3.90625 % | Sys: 71.875 % | RAM App: 35130 MB | Sys Avail: 1985.67 MB / 65466.5 MB
[ "01:37:46.018" ][SystemMonitor] Stats Update: CPU App: 3.125 % | Sys: 48.9583 % | RAM App: 35130 MB | Sys Avail: 1980.44 MB / 65466.5 MB
[ "01:37:47.022" ][SystemMonitor] Stats Update: CPU App: 3.90625 % | Sys: 42.9688 % | RAM App: 35130 MB | Sys Avail: 1974.27 MB / 65466.5 MB
[ "01:37:48.018" ][SystemMonitor] Stats Update: CPU App: 3.64583 % | Sys: 40.625 % | RAM App: 35130 MB | Sys Avail: 1989.5 MB / 65466.5 MB
TelemetryMonitor: Processed 300 frames. Current FPS: 62
[ "01:37:49.021" ][SystemMonitor] Stats Update: CPU App: 2.34375 % | Sys: 41.1458 % | RAM App: 35130 MB | Sys Avail: 1993.67 MB / 65466.5 MB
[ "01:37:50.019" ][SystemMonitor] Stats Update: CPU App: 3.38542 % | Sys: 44.2708 % | RAM App: 35130 MB | Sys Avail: 2027.39 MB / 65466.5 MB
[ "01:37:51.020" ][SystemMonitor] Stats Update: CPU App: 3.125 % | Sys: 39.5833 % | RAM App: 35130 MB | Sys Avail: 2049.02 MB / 65466.5 MB
[ "01:37:52.018" ][SystemMonitor] Stats Update: CPU App: 2.34375 % | Sys: 39.0625 % | RAM App: 35130 MB | Sys Avail: 2033.01 MB / 65466.5 MB
[ "01:37:53.021" ][SystemMonitor] Stats Update: CPU App: 2.86458 % | Sys: 38.0208 % | RAM App: 35130.1 MB | Sys Avail: 2034.88 MB / 65466.5 MB
TelemetryMonitor: Processed 300 frames. Current FPS: 62
[ "01:37:54.017" ][SystemMonitor] Stats Update: CPU App: 2.34375 % | Sys: 61.1979 % | RAM App: 35130.1 MB | Sys Avail: 1996.43 MB / 65466.5 MB
[ "01:37:55.017" ][SystemMonitor] Stats Update: CPU App: 2.86458 % | Sys: 52.8646 % | RAM App: 35130.1 MB | Sys Avail: 1990.77 MB / 65466.5 MB
[ "01:37:56.017" ][SystemMonitor] Stats Update: CPU App: 2.34375 % | Sys: 44.0104 % | RAM App: 35130.1 MB | Sys Avail: 1975.15 MB / 65466.5 MB
[ "01:37:57.023" ][SystemMonitor] Stats Update: CPU App: 3.125 % | Sys: 39.0625 % | RAM App: 35131.2 MB | Sys Avail: 1992.74 MB / 65466.5 MB
[ "01:37:58.017" ][SystemMonitor] Stats Update: CPU App: 3.125 % | Sys: 39.3229 % | RAM App: 35131.2 MB | Sys Avail: 1989.7 MB / 65466.5 MB
TelemetryMonitor: Processed 300 frames. Current FPS: 62
[ "01:37:59.023" ][SystemMonitor] Stats Update: CPU App: 2.34375 % | Sys: 42.4479 % | RAM App: 35131.2 MB | Sys Avail: 1993.49 MB / 65466.5 MB
[ "01:38:00.018" ][SystemMonitor] Stats Update: CPU App: 2.60417 % | Sys: 38.2813 % | RAM App: 35131.2 MB | Sys Avail: 1985.76 MB / 65466.5 MB
[ "01:38:01.020" ][SystemMonitor] Stats Update: CPU App: 2.86458 % | Sys: 41.4063 % | RAM App: 35131.2 MB | Sys Avail: 2034.08 MB / 65466.5 MB
[ "01:38:02.017" ][SystemMonitor] Stats Update: CPU App: 3.125 % | Sys: 50.7813 % | RAM App: 35131.2 MB | Sys Avail: 2031.81 MB / 65466.5 MB
[ "01:38:03.022" ][SystemMonitor] Stats Update: CPU App: 3.125 % | Sys: 65.3646 % | RAM App: 35131.3 MB | Sys Avail: 2020.27 MB / 65466.5 MB
TelemetryMonitor: Processed 300 frames. Current FPS: 62
[ "01:38:04.018" ][SystemMonitor] Stats Update: CPU App: 3.38542 % | Sys: 44.2708 % | RAM App: 35131.3 MB | Sys Avail: 1946.79 MB / 65466.5 MB
[ "01:38:05.017" ][SystemMonitor] Stats Update: CPU App: 3.38542 % | Sys: 38.5417 % | RAM App: 35131.3 MB | Sys Avail: 1957.32 MB / 65466.5 MB
[ "01:38:06.018" ][SystemMonitor] Stats Update: CPU App: 2.08333 % | Sys: 47.9167 % | RAM App: 35131.3 MB | Sys Avail: 1973.77 MB / 65466.5 MB
[ "01:38:07.023" ][SystemMonitor] Stats Update: CPU App: 3.125 % | Sys: 38.8021 % | RAM App: 35131.4 MB | Sys Avail: 1972.3 MB / 65466.5 MB
[ "01:38:08.017" ][SystemMonitor] Stats Update: CPU App: 3.64583 % | Sys: 43.75 % | RAM App: 35131.4 MB | Sys Avail: 1945.45 MB / 65466.5 MB
TelemetryMonitor: Processed 300 frames. Current FPS: 62
[ "01:38:09.015" ][SystemMonitor] Stats Update: CPU App: 3.90625 % | Sys: 42.9688 % | RAM App: 35131.4 MB | Sys Avail: 1951.21 MB / 65466.5 MB
[ "01:38:10.017" ][SystemMonitor] Stats Update: CPU App: 3.64583 % | Sys: 67.7083 % | RAM App: 35131.4 MB | Sys Avail: 1937.95 MB / 65466.5 MB
[ "01:38:11.021" ][SystemMonitor] Stats Update: CPU App: 2.86458 % | Sys: 48.1771 % | RAM App: 35131.4 MB | Sys Avail: 1951.84 MB / 65466.5 MB
[ "01:38:12.018" ][SystemMonitor] Stats Update: CPU App: 3.90625 % | Sys: 42.9688 % | RAM App: 35131.4 MB | Sys Avail: 1968.62 MB / 65466.5 MB
[ "01:38:13.015" ][SystemMonitor] Stats Update: CPU App: 2.60417 % | Sys: 35.9375 % | RAM App: 35131.4 MB | Sys Avail: 1961.94 MB / 65466.5 MB
TelemetryMonitor: Processed 300 frames. Current FPS: 62
[ "01:38:14.018" ][SystemMonitor] Stats Update: CPU App: 3.125 % | Sys: 38.0208 % | RAM App: 35131.5 MB | Sys Avail: 1963.21 MB / 65466.5 MB
[ "01:38:15.016" ][SystemMonitor] Stats Update: CPU App: 2.34375 % | Sys: 39.0625 % | RAM App: 35131.5 MB | Sys Avail: 1970.12 MB / 65466.5 MB
[ "01:38:16.015" ][SystemMonitor] Stats Update: CPU App: 2.86458 % | Sys: 37.5 % | RAM App: 35131.5 MB | Sys Avail: 1974.31 MB / 65466.5 MB
[ "01:38:17.015" ][SystemMonitor] Stats Update: CPU App: 3.90625 % | Sys: 39.0625 % | RAM App: 35131.5 MB | Sys Avail: 1969.04 MB / 65466.5 MB
[ "01:38:18.016" ][SystemMonitor] Stats Update: CPU App: 3.90625 % | Sys: 71.875 % | RAM App: 35131.5 MB | Sys Avail: 1954.52 MB / 65466.5 MB
TelemetryMonitor: Processed 300 frames. Current FPS: 62
[ "01:38:19.021" ][SystemMonitor] Stats Update: CPU App: 3.38542 % | Sys: 70.3125 % | RAM App: 35131.5 MB | Sys Avail: 1912.3 MB / 65466.5 MB
[ "01:38:20.018" ][SystemMonitor] Stats Update: CPU App: 4.16667 % | Sys: 53.6458 % | RAM App: 35131.5 MB | Sys Avail: 1934.19 MB / 65466.5 MB
[ "01:38:21.016" ][SystemMonitor] Stats Update: CPU App: 2.34375 % | Sys: 39.8438 % | RAM App: 35131.5 MB | Sys Avail: 1924.68 MB / 65466.5 MB
[ "01:38:22.016" ][SystemMonitor] Stats Update: CPU App: 3.38542 % | Sys: 53.6458 % | RAM App: 35131.6 MB | Sys Avail: 1875.32 MB / 65466.5 MB
[ "01:38:23.016" ][SystemMonitor] Stats Update: CPU App: 2.86458 % | Sys: 41.9271 % | RAM App: 35131.6 MB | Sys Avail: 1896.1 MB / 65466.5 MB
TelemetryMonitor: Processed 300 frames. Current FPS: 62
[ "01:38:24.017" ][SystemMonitor] Stats Update: CPU App: 2.86458 % | Sys: 36.4583 % | RAM App: 35131.7 MB | Sys Avail: 1947.56 MB / 65466.5 MB
[ "01:38:25.022" ][SystemMonitor] Stats Update: CPU App: 3.125 % | Sys: 43.2292 % | RAM App: 35131.7 MB | Sys Avail: 1954 MB / 65466.5 MB
[ "01:38:26.016" ][SystemMonitor] Stats Update: CPU App: 3.125 % | Sys: 51.5625 % | RAM App: 35131.8 MB | Sys Avail: 2014.65 MB / 65466.5 MB
[ "01:38:27.015" ][SystemMonitor] Stats Update: CPU App: 2.60417 % | Sys: 41.9271 % | RAM App: 35131.8 MB | Sys Avail: 2026.39 MB / 65466.5 MB
[ "01:38:28.017" ][SystemMonitor] Stats Update: CPU App: 2.86458 % | Sys: 38.8021 % | RAM App: 35131.9 MB | Sys Avail: 2045.34 MB / 65466.5 MB
TelemetryMonitor: Processed 300 frames. Current FPS: 62
[ "01:38:29.016" ][SystemMonitor] Stats Update: CPU App: 2.34375 % | Sys: 34.8958 % | RAM App: 35131.9 MB | Sys Avail: 2034.17 MB / 65466.5 MB
[ "01:38:30.016" ][SystemMonitor] Stats Update: CPU App: 3.125 % | Sys: 42.4479 % | RAM App: 35131.9 MB | Sys Avail: 2042.27 MB / 65466.5 MB
[ "01:38:31.015" ][SystemMonitor] Stats Update: CPU App: 3.90625 % | Sys: 60.1563 % | RAM App: 35132 MB | Sys Avail: 2003.88 MB / 65466.5 MB
[ "01:38:32.016" ][SystemMonitor] Stats Update: CPU App: 3.125 % | Sys: 63.5417 % | RAM App: 35132.1 MB | Sys Avail: 2032.79 MB / 65466.5 MB
[ "01:38:33.017" ][SystemMonitor] Stats Update: CPU App: 3.38542 % | Sys: 42.4479 % | RAM App: 35132.1 MB | Sys Avail: 2103.31 MB / 65466.5 MB
TelemetryMonitor: Processed 300 frames. Current FPS: 62
[ "01:38:34.016" ][SystemMonitor] Stats Update: CPU App: 2.60417 % | Sys: 35.9375 % | RAM App: 35132.2 MB | Sys Avail: 2079.37 MB / 65466.5 MB
[ "01:38:35.017" ][SystemMonitor] Stats Update: CPU App: 2.34375 % | Sys: 53.3854 % | RAM App: 35132.2 MB | Sys Avail: 2033.81 MB / 65466.5 MB
[ "01:38:36.016" ][SystemMonitor] Stats Update: CPU App: 2.60417 % | Sys: 66.4063 % | RAM App: 35132.3 MB | Sys Avail: 2122.56 MB / 65466.5 MB
[ "01:38:37.016" ][SystemMonitor] Stats Update: CPU App: 4.16667 % | Sys: 62.5 % | RAM App: 35132.3 MB | Sys Avail: 2170.3 MB / 65466.5 MB
[ "01:38:38.016" ][SystemMonitor] Stats Update: CPU App: 2.86458 % | Sys: 33.5938 % | RAM App: 35132.4 MB | Sys Avail: 2169.61 MB / 65466.5 MB
TelemetryMonitor: Processed 300 frames. Current FPS: 62
[ "01:38:39.016" ][SystemMonitor] Stats Update: CPU App: 4.16667 % | Sys: 49.2188 % | RAM App: 35132.4 MB | Sys Avail: 2164.07 MB / 65466.5 MB
[ "01:38:40.016" ][SystemMonitor] Stats Update: CPU App: 3.90625 % | Sys: 60.6771 % | RAM App: 35132.5 MB | Sys Avail: 2157.77 MB / 65466.5 MB
[ "01:38:41.016" ][SystemMonitor] Stats Update: CPU App: 2.60417 % | Sys: 36.9792 % | RAM App: 35132.5 MB | Sys Avail: 2172.03 MB / 65466.5 MB
[ "01:38:42.017" ][SystemMonitor] Stats Update: CPU App: 3.64583 % | Sys: 35.4167 % | RAM App: 35132.6 MB | Sys Avail: 2176.73 MB / 65466.5 MB
[ "01:38:43.016" ][SystemMonitor] Stats Update: CPU App: 2.34375 % | Sys: 69.0104 % | RAM App: 35132.6 MB | Sys Avail: 2172.15 MB / 65466.5 MB
TelemetryMonitor: Processed 300 frames. Current FPS: 62
[ "01:38:44.018" ][SystemMonitor] Stats Update: CPU App: 3.64583 % | Sys: 67.1875 % | RAM App: 35132.7 MB | Sys Avail: 2190.68 MB / 65466.5 MB
[ "01:38:45.018" ][SystemMonitor] Stats Update: CPU App: 2.86458 % | Sys: 78.125 % | RAM App: 35132.7 MB | Sys Avail: 2200.52 MB / 65466.5 MB
[ "01:38:46.016" ][SystemMonitor] Stats Update: CPU App: 3.125 % | Sys: 55.4688 % | RAM App: 35132.8 MB | Sys Avail: 2205.94 MB / 65466.5 MB
[ "01:38:47.016" ][SystemMonitor] Stats Update: CPU App: 3.38542 % | Sys: 42.4479 % | RAM App: 35132.8 MB | Sys Avail: 2182.45 MB / 65466.5 MB
[ "01:38:48.023" ][SystemMonitor] Stats Update: CPU App: 2.60417 % | Sys: 66.4063 % | RAM App: 35132.9 MB | Sys Avail: 2115.1 MB / 65466.5 MB
TelemetryMonitor: Processed 300 frames. Current FPS: 55
[ "01:38:49.017" ][SystemMonitor] Stats Update: CPU App: 3.38542 % | Sys: 83.5938 % | RAM App: 35132.9 MB | Sys Avail: 2058.76 MB / 65466.5 MB
[ "01:38:50.017" ][SystemMonitor] Stats Update: CPU App: 3.90625 % | Sys: 52.6042 % | RAM App: 35133 MB | Sys Avail: 2042.11 MB / 65466.5 MB
[ "01:38:51.017" ][SystemMonitor] Stats Update: CPU App: 3.64583 % | Sys: 40.625 % | RAM App: 35133 MB | Sys Avail: 2059.79 MB / 65466.5 MB
[ "01:38:52.016" ][SystemMonitor] Stats Update: CPU App: 3.125 % | Sys: 37.7604 % | RAM App: 35133.1 MB | Sys Avail: 2074.37 MB / 65466.5 MB
[ "01:38:53.017" ][SystemMonitor] Stats Update: CPU App: 3.38542 % | Sys: 40.8854 % | RAM App: 35133.1 MB | Sys Avail: 2086.52 MB / 65466.5 MB
TelemetryMonitor: Processed 300 frames. Current FPS: 62
[ "01:38:54.017" ][SystemMonitor] Stats Update: CPU App: 2.34375 % | Sys: 37.7604 % | RAM App: 35133.1 MB | Sys Avail: 2065.4 MB / 65466.5 MB
[ "01:38:55.017" ][SystemMonitor] Stats Update: CPU App: 2.86458 % | Sys: 36.4583 % | RAM App: 35133.2 MB | Sys Avail: 2084.09 MB / 65466.5 MB
[ "01:38:56.017" ][SystemMonitor] Stats Update: CPU App: 2.34375 % | Sys: 47.6563 % | RAM App: 35133.2 MB | Sys Avail: 2065.1 MB / 65466.5 MB
[ "01:38:57.017" ][SystemMonitor] Stats Update: CPU App: 3.38542 % | Sys: 43.75 % | RAM App: 35133.3 MB | Sys Avail: 2060.93 MB / 65466.5 MB
[ "01:38:58.017" ][SystemMonitor] Stats Update: CPU App: 3.64583 % | Sys: 34.375 % | RAM App: 35133.3 MB | Sys Avail: 2071.18 MB / 65466.5 MB
TelemetryMonitor: Processed 300 frames. Current FPS: 62
[ "01:38:59.017" ][SystemMonitor] Stats Update: CPU App: 2.86458 % | Sys: 40.8854 % | RAM App: 35133.4 MB | Sys Avail: 2082.89 MB / 65466.5 MB
[ "01:39:00.017" ][SystemMonitor] Stats Update: CPU App: 3.125 % | Sys: 49.2188 % | RAM App: 35133.4 MB | Sys Avail: 2088.3 MB / 65466.5 MB
[ "01:39:01.017" ][SystemMonitor] Stats Update: CPU App: 3.38542 % | Sys: 47.1354 % | RAM App: 35133.5 MB | Sys Avail: 2093.13 MB / 65466.5 MB
[ "01:39:02.018" ][SystemMonitor] Stats Update: CPU App: 2.60417 % | Sys: 37.5 % | RAM App: 35133.5 MB | Sys Avail: 2088.15 MB / 65466.5 MB
[ "01:39:03.017" ][SystemMonitor] Stats Update: CPU App: 3.125 % | Sys: 38.5417 % | RAM App: 35133.5 MB | Sys Avail: 2089.89 MB / 65466.5 MB
TelemetryMonitor: Processed 300 frames. Current FPS: 62
[ "01:39:04.017" ][SystemMonitor] Stats Update: CPU App: 3.64583 % | Sys: 44.0104 % | RAM App: 35133.5 MB | Sys Avail: 2027.59 MB / 65466.5 MB
[ "01:39:05.017" ][SystemMonitor] Stats Update: CPU App: 2.86458 % | Sys: 48.9583 % | RAM App: 35133.6 MB | Sys Avail: 2055.41 MB / 65466.5 MB
[ "01:39:06.016" ][SystemMonitor] Stats Update: CPU App: 3.125 % | Sys: 57.8125 % | RAM App: 35133.6 MB | Sys Avail: 2031.87 MB / 65466.5 MB
[ "01:39:07.017" ][SystemMonitor] Stats Update: CPU App: 4.16667 % | Sys: 75 % | RAM App: 35133.7 MB | Sys Avail: 2027.68 MB / 65466.5 MB
[ "01:39:08.017" ][SystemMonitor] Stats Update: CPU App: 3.38542 % | Sys: 36.9792 % | RAM App: 35133.7 MB | Sys Avail: 2026.95 MB / 65466.5 MB
TelemetryMonitor: Processed 300 frames. Current FPS: 62
[ "01:39:09.017" ][SystemMonitor] Stats Update: CPU App: 3.90625 % | Sys: 40.1042 % | RAM App: 35133.8 MB | Sys Avail: 2019.86 MB / 65466.5 MB
[ "01:39:10.018" ][SystemMonitor] Stats Update: CPU App: 3.38542 % | Sys: 37.5 % | RAM App: 35133.9 MB | Sys Avail: 2018.89 MB / 65466.5 MB
[ "01:39:11.016" ][SystemMonitor] Stats Update: CPU App: 2.60417 % | Sys: 36.4583 % | RAM App: 35133.9 MB | Sys Avail: 2015 MB / 65466.5 MB
[ "01:39:12.017" ][SystemMonitor] Stats Update: CPU App: 3.125 % | Sys: 40.3646 % | RAM App: 35134 MB | Sys Avail: 2015.67 MB / 65466.5 MB
[ "01:39:13.018" ][SystemMonitor] Stats Update: CPU App: 3.38542 % | Sys: 38.2813 % | RAM App: 35134 MB | Sys Avail: 2025.79 MB / 65466.5 MB
TelemetryMonitor: Processed 300 frames. Current FPS: 62
[ "01:39:14.018" ][SystemMonitor] Stats Update: CPU App: 2.86458 % | Sys: 39.3229 % | RAM App: 35134.1 MB | Sys Avail: 2242.57 MB / 65466.5 MB
[ "01:39:15.017" ][SystemMonitor] Stats Update: CPU App: 2.60417 % | Sys: 62.2396 % | RAM App: 35134.2 MB | Sys Avail: 2186.97 MB / 65466.5 MB
[ "01:39:16.018" ][SystemMonitor] Stats Update: CPU App: 3.90625 % | Sys: 81.5104 % | RAM App: 35134.2 MB | Sys Avail: 2025.35 MB / 65466.5 MB
[ "01:39:17.018" ][SystemMonitor] Stats Update: CPU App: 2.60417 % | Sys: 64.3229 % | RAM App: 35134.3 MB | Sys Avail: 2011.78 MB / 65466.5 MB
[ "01:39:18.017" ][SystemMonitor] Stats Update: CPU App: 2.60417 % | Sys: 72.9167 % | RAM App: 35134.3 MB | Sys Avail: 2000.57 MB / 65466.5 MB
TelemetryMonitor: Processed 300 frames. Current FPS: 62
[ "01:39:19.017" ][SystemMonitor] Stats Update: CPU App: 3.90625 % | Sys: 65.625 % | RAM App: 35134.4 MB | Sys Avail: 2063.32 MB / 65466.5 MB
[ "01:39:20.017" ][SystemMonitor] Stats Update: CPU App: 3.64583 % | Sys: 69.5313 % | RAM App: 35134.4 MB | Sys Avail: 1989.93 MB / 65466.5 MB
[ "01:39:21.018" ][SystemMonitor] Stats Update: CPU App: 2.86458 % | Sys: 79.6875 % | RAM App: 35134.5 MB | Sys Avail: 1965.67 MB / 65466.5 MB
[ "01:39:22.018" ][SystemMonitor] Stats Update: CPU App: 4.16667 % | Sys: 60.6771 % | RAM App: 35134.6 MB | Sys Avail: 2022.37 MB / 65466.5 MB
[ "01:39:23.017" ][SystemMonitor] Stats Update: CPU App: 3.90625 % | Sys: 63.0208 % | RAM App: 35134.6 MB | Sys Avail: 2000.59 MB / 65466.5 MB
TelemetryMonitor: Processed 300 frames. Current FPS: 62
[ "01:39:24.017" ][SystemMonitor] Stats Update: CPU App: 3.125 % | Sys: 58.0729 % | RAM App: 35134.7 MB | Sys Avail: 2010.82 MB / 65466.5 MB
[ "01:39:25.017" ][SystemMonitor] Stats Update: CPU App: 3.38542 % | Sys: 63.8021 % | RAM App: 35134.7 MB | Sys Avail: 2112.68 MB / 65466.5 MB
[ "01:39:26.017" ][SystemMonitor] Stats Update: CPU App: 3.38542 % | Sys: 62.7604 % | RAM App: 35134.8 MB | Sys Avail: 2111.63 MB / 65466.5 MB
[ "01:39:27.018" ][SystemMonitor] Stats Update: CPU App: 3.125 % | Sys: 62.7604 % | RAM App: 35134.8 MB | Sys Avail: 2112.79 MB / 65466.5 MB
[ "01:39:28.017" ][SystemMonitor] Stats Update: CPU App: 3.125 % | Sys: 54.9479 % | RAM App: 35134.8 MB | Sys Avail: 2105.49 MB / 65466.5 MB
TelemetryMonitor: Processed 300 frames. Current FPS: 62
[ "01:39:29.019" ][SystemMonitor] Stats Update: CPU App: 3.125 % | Sys: 56.7708 % | RAM App: 35134.8 MB | Sys Avail: 2124.61 MB / 65466.5 MB
[ "01:39:30.018" ][SystemMonitor] Stats Update: CPU App: 2.60417 % | Sys: 65.3646 % | RAM App: 35134.8 MB | Sys Avail: 2121.58 MB / 65466.5 MB
[ "01:39:31.017" ][SystemMonitor] Stats Update: CPU App: 3.90625 % | Sys: 77.3438 % | RAM App: 35134.8 MB | Sys Avail: 2140.34 MB / 65466.5 MB
[ "01:39:32.018" ][SystemMonitor] Stats Update: CPU App: 3.38542 % | Sys: 57.5521 % | RAM App: 35134.8 MB | Sys Avail: 2157.09 MB / 65466.5 MB
[ "01:39:33.019" ][SystemMonitor] Stats Update: CPU App: 3.38542 % | Sys: 37.5 % | RAM App: 35134.9 MB | Sys Avail: 2175.91 MB / 65466.5 MB
TelemetryMonitor: Processed 300 frames. Current FPS: 62
[ "01:39:34.017" ][SystemMonitor] Stats Update: CPU App: 2.60417 % | Sys: 43.4896 % | RAM App: 35135 MB | Sys Avail: 2152.78 MB / 65466.5 MB
[ "01:39:35.018" ][SystemMonitor] Stats Update: CPU App: 2.60417 % | Sys: 39.3229 % | RAM App: 35135 MB | Sys Avail: 2214.63 MB / 65466.5 MB
[ "01:39:36.018" ][SystemMonitor] Stats Update: CPU App: 2.86458 % | Sys: 39.3229 % | RAM App: 35135 MB | Sys Avail: 2236.1 MB / 65466.5 MB
[ "01:39:37.018" ][SystemMonitor] Stats Update: CPU App: 2.60417 % | Sys: 42.7083 % | RAM App: 35135 MB | Sys Avail: 2230.37 MB / 65466.5 MB
[ "01:39:38.018" ][SystemMonitor] Stats Update: CPU App: 2.86458 % | Sys: 49.7396 % | RAM App: 35135.1 MB | Sys Avail: 2218.52 MB / 65466.5 MB
[ "01:39:39.017" ][SystemMonitor] Stats Update: CPU App: 3.125 % | Sys: 38.5417 % | RAM App: 35135.1 MB | Sys Avail: 2212.88 MB / 65466.5 MB
TelemetryMonitor: Processed 300 frames. Current FPS: 62
[ "01:39:40.016" ][SystemMonitor] Stats Update: CPU App: 3.64583 % | Sys: 42.4479 % | RAM App: 35135.1 MB | Sys Avail: 2249.23 MB / 65466.5 MB
[ "01:39:41.017" ][SystemMonitor] Stats Update: CPU App: 3.64583 % | Sys: 62.5 % | RAM App: 35135.1 MB | Sys Avail: 2193.34 MB / 65466.5 MB
[ "01:39:42.020" ][SystemMonitor] Stats Update: CPU App: 2.60417 % | Sys: 56.25 % | RAM App: 35135.1 MB | Sys Avail: 2189.18 MB / 65466.5 MB
[ "01:39:43.019" ][SystemMonitor] Stats Update: CPU App: 3.64583 % | Sys: 45.8333 % | RAM App: 35135.1 MB | Sys Avail: 2194.57 MB / 65466.5 MB
[ "01:39:44.019" ][SystemMonitor] Stats Update: CPU App: 4.16667 % | Sys: 67.9688 % | RAM App: 35135.2 MB | Sys Avail: 2198.35 MB / 65466.5 MB
TelemetryMonitor: Processed 300 frames. Current FPS: 62
[ "01:39:45.018" ][SystemMonitor] Stats Update: CPU App: 2.60417 % | Sys: 73.1771 % | RAM App: 35135.2 MB | Sys Avail: 2248.34 MB / 65466.5 MB
[ "01:39:46.017" ][SystemMonitor] Stats Update: CPU App: 2.86458 % | Sys: 73.4375 % | RAM App: 35135.2 MB | Sys Avail: 2239.37 MB / 65466.5 MB
[ "01:39:47.019" ][SystemMonitor] Stats Update: CPU App: 4.16667 % | Sys: 58.8542 % | RAM App: 35135.3 MB | Sys Avail: 2228.36 MB / 65466.5 MB
[ "01:39:48.019" ][SystemMonitor] Stats Update: CPU App: 2.86458 % | Sys: 39.8438 % | RAM App: 35135.3 MB | Sys Avail: 2236.13 MB / 65466.5 MB
TelemetryMonitor: Processed 300 frames. Current FPS: 62
[ "01:39:49.018" ][SystemMonitor] Stats Update: CPU App: 2.86458 % | Sys: 34.6354 % | RAM App: 35135.3 MB | Sys Avail: 2232.43 MB / 65466.5 MB
[ "01:39:50.017" ][SystemMonitor] Stats Update: CPU App: 3.38542 % | Sys: 50 % | RAM App: 35135.3 MB | Sys Avail: 2319.39 MB / 65466.5 MB
[ "01:39:51.019" ][SystemMonitor] Stats Update: CPU App: 3.125 % | Sys: 58.0729 % | RAM App: 35135.3 MB | Sys Avail: 2258.86 MB / 65466.5 MB
[ "01:39:52.018" ][SystemMonitor] Stats Update: CPU App: 2.60417 % | Sys: 51.8229 % | RAM App: 35135.3 MB | Sys Avail: 2175.89 MB / 65466.5 MB
[ "01:39:53.018" ][SystemMonitor] Stats Update: CPU App: 2.60417 % | Sys: 54.9479 % | RAM App: 35135.3 MB | Sys Avail: 2234.55 MB / 65466.5 MB
[ "01:39:54.018" ][SystemMonitor] Stats Update: CPU App: 2.34375 % | Sys: 49.7396 % | RAM App: 35135.3 MB | Sys Avail: 2094.9 MB / 65466.5 MB
TelemetryMonitor: Processed 300 frames. Current FPS: 62
[ "01:39:55.019" ][SystemMonitor] Stats Update: CPU App: 1.82292 % | Sys: 43.2292 % | RAM App: 35135.3 MB | Sys Avail: 2218.45 MB / 65466.5 MB
[ "01:39:56.015" ][SystemMonitor] Stats Update: CPU App: 3.125 % | Sys: 36.9792 % | RAM App: 35135.3 MB | Sys Avail: 2227.82 MB / 65466.5 MB
[ "01:39:57.017" ][SystemMonitor] Stats Update: CPU App: 3.64583 % | Sys: 39.8438 % | RAM App: 35135.3 MB | Sys Avail: 2210.68 MB / 65466.5 MB
[ "01:39:58.017" ][SystemMonitor] Stats Update: CPU App: 3.38542 % | Sys: 39.8438 % | RAM App: 35135.3 MB | Sys Avail: 2214.94 MB / 65466.5 MB
TelemetryMonitor: Processed 300 frames. Current FPS: 62
[ "01:39:59.019" ][SystemMonitor] Stats Update: CPU App: 3.125 % | Sys: 37.5 % | RAM App: 35135.3 MB | Sys Avail: 2238.27 MB / 65466.5 MB
[ "01:40:00.018" ][SystemMonitor] Stats Update: CPU App: 3.125 % | Sys: 35.4167 % | RAM App: 35135.3 MB | Sys Avail: 2231.02 MB / 65466.5 MB
[ "01:40:01.015" ][SystemMonitor] Stats Update: CPU App: 3.38542 % | Sys: 48.1771 % | RAM App: 35135.3 MB | Sys Avail: 2143 MB / 65466.5 MB
[ "01:40:02.017" ][SystemMonitor] Stats Update: CPU App: 2.60417 % | Sys: 74.4792 % | RAM App: 35135.3 MB | Sys Avail: 2145.71 MB / 65466.5 MB
[ "01:40:03.018" ][SystemMonitor] Stats Update: CPU App: 3.64583 % | Sys: 69.5313 % | RAM App: 35135.3 MB | Sys Avail: 2031.41 MB / 65466.5 MB
[ "01:40:04.017" ][SystemMonitor] Stats Update: CPU App: 3.90625 % | Sys: 57.8125 % | RAM App: 35135.3 MB | Sys Avail: 2019.84 MB / 65466.5 MB
TelemetryMonitor: Processed 300 frames. Current FPS: 62
[ "01:40:05.019" ][SystemMonitor] Stats Update: CPU App: 3.38542 % | Sys: 69.0104 % | RAM App: 35135.3 MB | Sys Avail: 2040.43 MB / 65466.5 MB
[ "01:40:06.018" ][SystemMonitor] Stats Update: CPU App: 3.90625 % | Sys: 57.5521 % | RAM App: 35135.3 MB | Sys Avail: 2116.39 MB / 65466.5 MB
[ "01:40:07.019" ][SystemMonitor] Stats Update: CPU App: 3.38542 % | Sys: 53.9063 % | RAM App: 35135.3 MB | Sys Avail: 2059.28 MB / 65466.5 MB
[ "01:40:08.016" ][SystemMonitor] Stats Update: CPU App: 3.38542 % | Sys: 40.625 % | RAM App: 35135.3 MB | Sys Avail: 2150.77 MB / 65466.5 MB
[ "01:40:09.019" ][SystemMonitor] Stats Update: CPU App: 2.86458 % | Sys: 41.4063 % | RAM App: 35135.3 MB | Sys Avail: 2138.95 MB / 65466.5 MB
TelemetryMonitor: Processed 300 frames. Current FPS: 62
[ "01:40:10.015" ][SystemMonitor] Stats Update: CPU App: 3.125 % | Sys: 43.75 % | RAM App: 35135.4 MB | Sys Avail: 2130.27 MB / 65466.5 MB
[ "01:40:11.019" ][SystemMonitor] Stats Update: CPU App: 4.16667 % | Sys: 69.0104 % | RAM App: 35135.4 MB | Sys Avail: 2064.2 MB / 65466.5 MB
[ "01:40:12.019" ][SystemMonitor] Stats Update: CPU App: 3.125 % | Sys: 46.3542 % | RAM App: 35135.5 MB | Sys Avail: 2078.47 MB / 65466.5 MB
[ "01:40:13.019" ][SystemMonitor] Stats Update: CPU App: 2.60417 % | Sys: 45.8333 % | RAM App: 35135.5 MB | Sys Avail: 2064.62 MB / 65466.5 MB
[ "01:40:14.017" ][SystemMonitor] Stats Update: CPU App: 3.38542 % | Sys: 40.8854 % | RAM App: 35135.5 MB | Sys Avail: 2083.43 MB / 65466.5 MB
TelemetryMonitor: Processed 300 frames. Current FPS: 62
[ "01:40:15.019" ][SystemMonitor] Stats Update: CPU App: 2.60417 % | Sys: 37.2396 % | RAM App: 35135.5 MB | Sys Avail: 2074.82 MB / 65466.5 MB
[ "01:40:16.018" ][SystemMonitor] Stats Update: CPU App: 2.60417 % | Sys: 38.5417 % | RAM App: 35135.6 MB | Sys Avail: 2063.46 MB / 65466.5 MB
[ "01:40:17.019" ][SystemMonitor] Stats Update: CPU App: 2.86458 % | Sys: 41.6667 % | RAM App: 35135.7 MB | Sys Avail: 2061.09 MB / 65466.5 MB
[ "01:40:18.019" ][SystemMonitor] Stats Update: CPU App: 3.64583 % | Sys: 44.5313 % | RAM App: 35135.7 MB | Sys Avail: 2064.91 MB / 65466.5 MB
[ "01:40:19.020" ][SystemMonitor] Stats Update: CPU App: 2.08333 % | Sys: 40.8854 % | RAM App: 35135.7 MB | Sys Avail: 2056.73 MB / 65466.5 MB
TelemetryMonitor: Processed 300 frames. Current FPS: 62
[ "01:40:20.019" ][SystemMonitor] Stats Update: CPU App: 2.34375 % | Sys: 41.9271 % | RAM App: 35135.8 MB | Sys Avail: 2044.56 MB / 65466.5 MB
[ "01:40:21.019" ][SystemMonitor] Stats Update: CPU App: 3.38542 % | Sys: 39.8438 % | RAM App: 35135.8 MB | Sys Avail: 2064.75 MB / 65466.5 MB
[ "01:40:22.018" ][SystemMonitor] Stats Update: CPU App: 2.86458 % | Sys: 70.5729 % | RAM App: 35135.8 MB | Sys Avail: 2034.64 MB / 65466.5 MB
[ "01:40:23.017" ][SystemMonitor] Stats Update: CPU App: 3.64583 % | Sys: 49.4792 % | RAM App: 35135.8 MB | Sys Avail: 2000.21 MB / 65466.5 MB
[ "01:40:24.018" ][SystemMonitor] Stats Update: CPU App: 2.60417 % | Sys: 40.1042 % | RAM App: 35136 MB | Sys Avail: 2024 MB / 65466.5 MB
TelemetryMonitor: Processed 300 frames. Current FPS: 62
[ "01:40:25.016" ][SystemMonitor] Stats Update: CPU App: 2.86458 % | Sys: 38.8021 % | RAM App: 35136 MB | Sys Avail: 2088 MB / 65466.5 MB
[ "01:40:26.018" ][SystemMonitor] Stats Update: CPU App: 4.6875 % | Sys: 38.8021 % | RAM App: 35136 MB | Sys Avail: 2094 MB / 65466.5 MB
[ "01:40:27.020" ][SystemMonitor] Stats Update: CPU App: 3.125 % | Sys: 41.9271 % | RAM App: 35136 MB | Sys Avail: 2086.4 MB / 65466.5 MB
[ "01:40:28.019" ][SystemMonitor] Stats Update: CPU App: 3.38542 % | Sys: 57.8125 % | RAM App: 35136.1 MB | Sys Avail: 2064.13 MB / 65466.5 MB
[ "01:40:29.020" ][SystemMonitor] Stats Update: CPU App: 2.60417 % | Sys: 40.8854 % | RAM App: 35136.1 MB | Sys Avail: 2080.55 MB / 65466.5 MB
TelemetryMonitor: Processed 300 frames. Current FPS: 62
[ "01:40:30.019" ][SystemMonitor] Stats Update: CPU App: 2.86458 % | Sys: 40.8854 % | RAM App: 35136.1 MB | Sys Avail: 2131.15 MB / 65466.5 MB
[ "01:40:31.020" ][SystemMonitor] Stats Update: CPU App: 2.86458 % | Sys: 34.1146 % | RAM App: 35136.1 MB | Sys Avail: 2126.76 MB / 65466.5 MB
[ "01:40:32.016" ][SystemMonitor] Stats Update: CPU App: 3.64583 % | Sys: 41.9271 % | RAM App: 35136.2 MB | Sys Avail: 2141.28 MB / 65466.5 MB
[ "01:40:33.016" ][SystemMonitor] Stats Update: CPU App: 2.86458 % | Sys: 36.4583 % | RAM App: 35136.3 MB | Sys Avail: 2144.27 MB / 65466.5 MB
[ "01:40:34.017" ][SystemMonitor] Stats Update: CPU App: 3.90625 % | Sys: 51.3021 % | RAM App: 35136.3 MB | Sys Avail: 2135.93 MB / 65466.5 MB
TelemetryMonitor: Processed 300 frames. Current FPS: 62
[ "01:40:35.020" ][SystemMonitor] Stats Update: CPU App: 2.34375 % | Sys: 57.0313 % | RAM App: 35136.3 MB | Sys Avail: 2109.88 MB / 65466.5 MB
[ "01:40:36.018" ][SystemMonitor] Stats Update: CPU App: 3.125 % | Sys: 38.2813 % | RAM App: 35136.3 MB | Sys Avail: 2121.24 MB / 65466.5 MB
[ "01:40:37.020" ][SystemMonitor] Stats Update: CPU App: 3.38542 % | Sys: 38.5417 % | RAM App: 35136.3 MB | Sys Avail: 2138.32 MB / 65466.5 MB
[ "01:40:38.015" ][SystemMonitor] Stats Update: CPU App: 3.125 % | Sys: 35.1563 % | RAM App: 35136.4 MB | Sys Avail: 2125.78 MB / 65466.5 MB
[ "01:40:39.020" ][SystemMonitor] Stats Update: CPU App: 2.86458 % | Sys: 39.3229 % | RAM App: 35136.5 MB | Sys Avail: 2139.02 MB / 65466.5 MB
TelemetryMonitor: Processed 300 frames. Current FPS: 62
[ "01:40:40.016" ][SystemMonitor] Stats Update: CPU App: 3.64583 % | Sys: 51.3021 % | RAM App: 35136.6 MB | Sys Avail: 2122.51 MB / 65466.5 MB
[ "01:40:41.019" ][SystemMonitor] Stats Update: CPU App: 3.125 % | Sys: 79.1667 % | RAM App: 35136.6 MB | Sys Avail: 2001.58 MB / 65466.5 MB
[ "01:40:42.016" ][SystemMonitor] Stats Update: CPU App: 3.125 % | Sys: 60.6771 % | RAM App: 35136.7 MB | Sys Avail: 1967.36 MB / 65466.5 MB
[ "01:40:43.020" ][SystemMonitor] Stats Update: CPU App: 2.86458 % | Sys: 47.3958 % | RAM App: 35136.7 MB | Sys Avail: 2002.8 MB / 65466.5 MB
[ "01:40:44.017" ][SystemMonitor] Stats Update: CPU App: 2.86458 % | Sys: 55.9896 % | RAM App: 35136.7 MB | Sys Avail: 2018.16 MB / 65466.5 MB
TelemetryMonitor: Processed 300 frames. Current FPS: 62
[ "01:40:45.018" ][SystemMonitor] Stats Update: CPU App: 3.125 % | Sys: 69.2708 % | RAM App: 35136.7 MB | Sys Avail: 2026.95 MB / 65466.5 MB
[ "01:40:46.016" ][SystemMonitor] Stats Update: CPU App: 4.42708 % | Sys: 77.0833 % | RAM App: 35136.7 MB | Sys Avail: 2048.16 MB / 65466.5 MB
[ "01:40:47.021" ][SystemMonitor] Stats Update: CPU App: 3.38542 % | Sys: 59.375 % | RAM App: 35136.7 MB | Sys Avail: 2074.95 MB / 65466.5 MB
[ "01:40:48.018" ][SystemMonitor] Stats Update: CPU App: 4.16667 % | Sys: 71.0938 % | RAM App: 35136.7 MB | Sys Avail: 2038.95 MB / 65466.5 MB
[ "01:40:49.020" ][SystemMonitor] Stats Update: CPU App: 3.38542 % | Sys: 77.6042 % | RAM App: 35136.7 MB | Sys Avail: 1964.21 MB / 65466.5 MB
TelemetryMonitor: Processed 300 frames. Current FPS: 58
[ "01:40:50.018" ][SystemMonitor] Stats Update: CPU App: 2.86458 % | Sys: 57.0313 % | RAM App: 35136.8 MB | Sys Avail: 1913.51 MB / 65466.5 MB
[ "01:40:51.020" ][SystemMonitor] Stats Update: CPU App: 3.125 % | Sys: 58.3333 % | RAM App: 35136.8 MB | Sys Avail: 1875.7 MB / 65466.5 MB
[ "01:40:52.017" ][SystemMonitor] Stats Update: CPU App: 2.86458 % | Sys: 55.7292 % | RAM App: 35136.8 MB | Sys Avail: 1915.99 MB / 65466.5 MB
[ "01:40:53.020" ][SystemMonitor] Stats Update: CPU App: 3.125 % | Sys: 52.0833 % | RAM App: 35136.8 MB | Sys Avail: 1918.73 MB / 65466.5 MB
[ "01:40:54.018" ][SystemMonitor] Stats Update: CPU App: 3.125 % | Sys: 50.7813 % | RAM App: 35136.9 MB | Sys Avail: 1930.66 MB / 65466.5 MB
TelemetryMonitor: Processed 300 frames. Current FPS: 62
[ "01:40:55.020" ][SystemMonitor] Stats Update: CPU App: 3.64583 % | Sys: 55.2083 % | RAM App: 35136.9 MB | Sys Avail: 1926.5 MB / 65466.5 MB
[ "01:40:56.018" ][SystemMonitor] Stats Update: CPU App: 3.90625 % | Sys: 54.4271 % | RAM App: 35137 MB | Sys Avail: 1920.86 MB / 65466.5 MB
[ "01:40:57.019" ][SystemMonitor] Stats Update: CPU App: 3.125 % | Sys: 52.8646 % | RAM App: 35137 MB | Sys Avail: 1939.31 MB / 65466.5 MB
[ "01:40:58.016" ][SystemMonitor] Stats Update: CPU App: 4.16667 % | Sys: 79.1667 % | RAM App: 35137.1 MB | Sys Avail: 1928.47 MB / 65466.5 MB
[ "01:40:59.022" ][SystemMonitor] Stats Update: CPU App: 2.86458 % | Sys: 62.2396 % | RAM App: 35137.1 MB | Sys Avail: 1904.97 MB / 65466.5 MB
TelemetryMonitor: Processed 300 frames. Current FPS: 62
[ "01:41:00.015" ][SystemMonitor] Stats Update: CPU App: 2.86458 % | Sys: 54.4271 % | RAM App: 35137.2 MB | Sys Avail: 1886.93 MB / 65466.5 MB
[ "01:41:01.020" ][SystemMonitor] Stats Update: CPU App: 1.82292 % | Sys: 44.5313 % | RAM App: 35137.3 MB | Sys Avail: 1920.21 MB / 65466.5 MB
[ "01:41:02.019" ][SystemMonitor] Stats Update: CPU App: 3.125 % | Sys: 47.3958 % | RAM App: 35137.3 MB | Sys Avail: 1911.48 MB / 65466.5 MB
[ "01:41:03.021" ][SystemMonitor] Stats Update: CPU App: 3.90625 % | Sys: 45.8333 % | RAM App: 35137.4 MB | Sys Avail: 1905.68 MB / 65466.5 MB
[ "01:41:04.018" ][SystemMonitor] Stats Update: CPU App: 3.38542 % | Sys: 41.1458 % | RAM App: 35137.5 MB | Sys Avail: 1917.98 MB / 65466.5 MB
TelemetryMonitor: Processed 300 frames. Current FPS: 62
[ "01:41:05.015" ][SystemMonitor] Stats Update: CPU App: 1.5625 % | Sys: 64.8438 % | RAM App: 35137.5 MB | Sys Avail: 1917.02 MB / 65466.5 MB
[ "01:41:06.018" ][SystemMonitor] Stats Update: CPU App: 3.125 % | Sys: 50.2604 % | RAM App: 35137.5 MB | Sys Avail: 1822.45 MB / 65466.5 MB
[ "01:41:07.021" ][SystemMonitor] Stats Update: CPU App: 2.34375 % | Sys: 39.8438 % | RAM App: 35137.6 MB | Sys Avail: 1945.62 MB / 65466.5 MB
[ "01:41:08.019" ][SystemMonitor] Stats Update: CPU App: 3.64583 % | Sys: 42.7083 % | RAM App: 35137.6 MB | Sys Avail: 1952.99 MB / 65466.5 MB
[ "01:41:09.021" ][SystemMonitor] Stats Update: CPU App: 4.6875 % | Sys: 44.7917 % | RAM App: 35137.6 MB | Sys Avail: 1962.6 MB / 65466.5 MB
TelemetryMonitor: Processed 300 frames. Current FPS: 62
[ "01:41:10.017" ][SystemMonitor] Stats Update: CPU App: 2.34375 % | Sys: 36.7188 % | RAM App: 35137.6 MB | Sys Avail: 1957.14 MB / 65466.5 MB
[ "01:41:11.021" ][SystemMonitor] Stats Update: CPU App: 3.38542 % | Sys: 42.4479 % | RAM App: 35137.6 MB | Sys Avail: 1962.06 MB / 65466.5 MB
[ "01:41:12.018" ][SystemMonitor] Stats Update: CPU App: 2.34375 % | Sys: 50.7813 % | RAM App: 35137.6 MB | Sys Avail: 1944.37 MB / 65466.5 MB
[ "01:41:13.021" ][SystemMonitor] Stats Update: CPU App: 3.125 % | Sys: 39.0625 % | RAM App: 35137.6 MB | Sys Avail: 1965.64 MB / 65466.5 MB
[ "01:41:14.016" ][SystemMonitor] Stats Update: CPU App: 4.42708 % | Sys: 72.3958 % | RAM App: 35137.7 MB | Sys Avail: 1919.63 MB / 65466.5 MB
TelemetryMonitor: Processed 300 frames. Current FPS: 62
[ "01:41:15.016" ][SystemMonitor] Stats Update: CPU App: 3.64583 % | Sys: 45.8333 % | RAM App: 35137.7 MB | Sys Avail: 1960.12 MB / 65466.5 MB
[ "01:41:16.018" ][SystemMonitor] Stats Update: CPU App: 4.16667 % | Sys: 41.9271 % | RAM App: 35137.7 MB | Sys Avail: 1968.11 MB / 65466.5 MB
[ "01:41:17.021" ][SystemMonitor] Stats Update: CPU App: 3.64583 % | Sys: 44.5313 % | RAM App: 35137.7 MB | Sys Avail: 1958.35 MB / 65466.5 MB
[ "01:41:18.018" ][SystemMonitor] Stats Update: CPU App: 3.125 % | Sys: 40.3646 % | RAM App: 35137.7 MB | Sys Avail: 1956.03 MB / 65466.5 MB
[ "01:41:19.021" ][SystemMonitor] Stats Update: CPU App: 2.60417 % | Sys: 41.4063 % | RAM App: 35137.7 MB | Sys Avail: 1954.71 MB / 65466.5 MB
TelemetryMonitor: Processed 300 frames. Current FPS: 62
[ "01:41:20.019" ][SystemMonitor] Stats Update: CPU App: 2.34375 % | Sys: 48.1771 % | RAM App: 35137.7 MB | Sys Avail: 1953.59 MB / 65466.5 MB
[ "01:41:21.017" ][SystemMonitor] Stats Update: CPU App: 2.86458 % | Sys: 43.2292 % | RAM App: 35137.7 MB | Sys Avail: 1962.69 MB / 65466.5 MB
[ "01:41:22.016" ][SystemMonitor] Stats Update: CPU App: 3.90625 % | Sys: 55.4688 % | RAM App: 35137.7 MB | Sys Avail: 1954.59 MB / 65466.5 MB
[ "01:41:23.016" ][SystemMonitor] Stats Update: CPU App: 3.90625 % | Sys: 62.7604 % | RAM App: 35137.7 MB | Sys Avail: 1959.99 MB / 65466.5 MB
[ "01:41:24.018" ][SystemMonitor] Stats Update: CPU App: 3.64583 % | Sys: 48.6979 % | RAM App: 35137.7 MB | Sys Avail: 1966.91 MB / 65466.5 MB
TelemetryMonitor: Processed 300 frames. Current FPS: 62
[ "01:41:25.022" ][SystemMonitor] Stats Update: CPU App: 4.42708 % | Sys: 51.3021 % | RAM App: 35137.7 MB | Sys Avail: 1973.18 MB / 65466.5 MB
[ "01:41:26.018" ][SystemMonitor] Stats Update: CPU App: 2.34375 % | Sys: 53.3854 % | RAM App: 35137.7 MB | Sys Avail: 2054.42 MB / 65466.5 MB
[ "01:41:27.016" ][SystemMonitor] Stats Update: CPU App: 4.16667 % | Sys: 55.4688 % | RAM App: 35137.7 MB | Sys Avail: 2037.09 MB / 65466.5 MB
[ "01:41:28.018" ][SystemMonitor] Stats Update: CPU App: 3.64583 % | Sys: 59.8958 % | RAM App: 35137.7 MB | Sys Avail: 2029.75 MB / 65466.5 MB
[ "01:41:29.021" ][SystemMonitor] Stats Update: CPU App: 4.42708 % | Sys: 53.3854 % | RAM App: 35137.7 MB | Sys Avail: 2024.14 MB / 65466.5 MB
TelemetryMonitor: Processed 300 frames. Current FPS: 62
[ "01:41:30.018" ][SystemMonitor] Stats Update: CPU App: 3.64583 % | Sys: 44.2708 % | RAM App: 35137.7 MB | Sys Avail: 2026.48 MB / 65466.5 MB
[ "01:41:31.022" ][SystemMonitor] Stats Update: CPU App: 2.60417 % | Sys: 42.9688 % | RAM App: 35137.7 MB | Sys Avail: 2024.09 MB / 65466.5 MB
[ "01:41:32.017" ][SystemMonitor] Stats Update: CPU App: 4.16667 % | Sys: 41.1458 % | RAM App: 35137.7 MB | Sys Avail: 2023.09 MB / 65466.5 MB
[ "01:41:33.021" ][SystemMonitor] Stats Update: CPU App: 3.90625 % | Sys: 45.5729 % | RAM App: 35137.7 MB | Sys Avail: 2012.13 MB / 65466.5 MB
[ "01:41:34.017" ][SystemMonitor] Stats Update: CPU App: 3.38542 % | Sys: 41.4063 % | RAM App: 35137.8 MB | Sys Avail: 2000.25 MB / 65466.5 MB
TelemetryMonitor: Processed 300 frames. Current FPS: 62
[ "01:41:35.016" ][SystemMonitor] Stats Update: CPU App: 2.60417 % | Sys: 37.5 % | RAM App: 35137.8 MB | Sys Avail: 2009 MB / 65466.5 MB
[ "01:41:36.018" ][SystemMonitor] Stats Update: CPU App: 2.86458 % | Sys: 38.0208 % | RAM App: 35137.9 MB | Sys Avail: 2026.82 MB / 65466.5 MB
[ "01:41:37.016" ][SystemMonitor] Stats Update: CPU App: 4.16667 % | Sys: 55.9896 % | RAM App: 35137.9 MB | Sys Avail: 2035.74 MB / 65466.5 MB
[ "01:41:38.017" ][SystemMonitor] Stats Update: CPU App: 3.38542 % | Sys: 46.0938 % | RAM App: 35138 MB | Sys Avail: 2046.98 MB / 65466.5 MB
[ "01:41:39.018" ][SystemMonitor] Stats Update: CPU App: 3.38542 % | Sys: 39.3229 % | RAM App: 35138 MB | Sys Avail: 2058.06 MB / 65466.5 MB
TelemetryMonitor: Processed 300 frames. Current FPS: 62
[ "01:41:40.017" ][SystemMonitor] Stats Update: CPU App: 4.16667 % | Sys: 53.9063 % | RAM App: 35138.1 MB | Sys Avail: 2050.99 MB / 65466.5 MB
[ "01:41:41.021" ][SystemMonitor] Stats Update: CPU App: 2.86458 % | Sys: 46.0938 % | RAM App: 35138.1 MB | Sys Avail: 2082.29 MB / 65466.5 MB
[ "01:41:42.019" ][SystemMonitor] Stats Update: CPU App: 3.64583 % | Sys: 50.7813 % | RAM App: 35138.2 MB | Sys Avail: 2076.66 MB / 65466.5 MB
[ "01:41:43.022" ][SystemMonitor] Stats Update: CPU App: 3.90625 % | Sys: 46.3542 % | RAM App: 35138.3 MB | Sys Avail: 2081.95 MB / 65466.5 MB
[ "01:41:44.017" ][SystemMonitor] Stats Update: CPU App: 3.38542 % | Sys: 53.3854 % | RAM App: 35138.4 MB | Sys Avail: 2065.43 MB / 65466.5 MB
TelemetryMonitor: Processed 300 frames. Current FPS: 62
[ "01:41:45.022" ][SystemMonitor] Stats Update: CPU App: 3.64583 % | Sys: 72.1354 % | RAM App: 35138.4 MB | Sys Avail: 2032.99 MB / 65466.5 MB
[ "01:41:46.018" ][SystemMonitor] Stats Update: CPU App: 3.90625 % | Sys: 80.2083 % | RAM App: 35138.4 MB | Sys Avail: 2072.3 MB / 65466.5 MB
[ "01:41:47.022" ][SystemMonitor] Stats Update: CPU App: 3.38542 % | Sys: 81.5104 % | RAM App: 35138.5 MB | Sys Avail: 2074.37 MB / 65466.5 MB
[ "01:41:48.017" ][SystemMonitor] Stats Update: CPU App: 2.60417 % | Sys: 47.3958 % | RAM App: 35138.5 MB | Sys Avail: 2069.93 MB / 65466.5 MB
[ "01:41:49.017" ][SystemMonitor] Stats Update: CPU App: 3.90625 % | Sys: 54.6875 % | RAM App: 35138.5 MB | Sys Avail: 2055.73 MB / 65466.5 MB
TelemetryMonitor: Processed 300 frames. Current FPS: 62
[ "01:41:50.018" ][SystemMonitor] Stats Update: CPU App: 3.38542 % | Sys: 66.6667 % | RAM App: 35138.5 MB | Sys Avail: 2058.88 MB / 65466.5 MB
[ "01:41:51.019" ][SystemMonitor] Stats Update: CPU App: 3.64583 % | Sys: 75.5208 % | RAM App: 35138.5 MB | Sys Avail: 2015.3 MB / 65466.5 MB
[ "01:41:52.016" ][SystemMonitor] Stats Update: CPU App: 3.38542 % | Sys: 71.3542 % | RAM App: 35138.6 MB | Sys Avail: 1982.96 MB / 65466.5 MB
[ "01:41:53.022" ][SystemMonitor] Stats Update: CPU App: 2.86458 % | Sys: 40.3646 % | RAM App: 35138.6 MB | Sys Avail: 1965.22 MB / 65466.5 MB
[ "01:41:54.019" ][SystemMonitor] Stats Update: CPU App: 4.16667 % | Sys: 48.1771 % | RAM App: 35138.7 MB | Sys Avail: 1992.46 MB / 65466.5 MB
TelemetryMonitor: Processed 300 frames. Current FPS: 62
[ "01:41:55.022" ][SystemMonitor] Stats Update: CPU App: 2.86458 % | Sys: 45.8333 % | RAM App: 35138.8 MB | Sys Avail: 1992.27 MB / 65466.5 MB
[ "01:41:56.019" ][SystemMonitor] Stats Update: CPU App: 3.38542 % | Sys: 38.0208 % | RAM App: 35138.8 MB | Sys Avail: 2003.65 MB / 65466.5 MB
[ "01:41:57.018" ][SystemMonitor] Stats Update: CPU App: 3.64583 % | Sys: 40.3646 % | RAM App: 35138.8 MB | Sys Avail: 1991.91 MB / 65466.5 MB
[ "01:41:58.017" ][SystemMonitor] Stats Update: CPU App: 2.08333 % | Sys: 39.8438 % | RAM App: 35138.9 MB | Sys Avail: 2007.91 MB / 65466.5 MB
[ "01:41:59.024" ][SystemMonitor] Stats Update: CPU App: 3.125 % | Sys: 43.4896 % | RAM App: 35138.9 MB | Sys Avail: 2021.98 MB / 65466.5 MB
TelemetryMonitor: Processed 300 frames. Current FPS: 62
[ "01:42:00.017" ][SystemMonitor] Stats Update: CPU App: 3.90625 % | Sys: 43.4896 % | RAM App: 35138.9 MB | Sys Avail: 2016.84 MB / 65466.5 MB
[ "01:42:01.022" ][SystemMonitor] Stats Update: CPU App: 3.38542 % | Sys: 76.8229 % | RAM App: 35139 MB | Sys Avail: 1982.24 MB / 65466.5 MB
[ "01:42:02.019" ][SystemMonitor] Stats Update: CPU App: 3.125 % | Sys: 48.6979 % | RAM App: 35139 MB | Sys Avail: 1983.62 MB / 65466.5 MB
[ "01:42:03.022" ][SystemMonitor] Stats Update: CPU App: 2.60417 % | Sys: 55.9896 % | RAM App: 35139 MB | Sys Avail: 2110.91 MB / 65466.5 MB
[ "01:42:04.018" ][SystemMonitor] Stats Update: CPU App: 2.34375 % | Sys: 52.0833 % | RAM App: 35139 MB | Sys Avail: 2129.56 MB / 65466.5 MB
TelemetryMonitor: Processed 300 frames. Current FPS: 62
[ "01:42:05.016" ][SystemMonitor] Stats Update: CPU App: 2.86458 % | Sys: 54.1667 % | RAM App: 35139 MB | Sys Avail: 2100.25 MB / 65466.5 MB
[ "01:42:06.018" ][SystemMonitor] Stats Update: CPU App: 3.38542 % | Sys: 45.3125 % | RAM App: 35139 MB | Sys Avail: 2088.19 MB / 65466.5 MB
[ "01:42:07.021" ][SystemMonitor] Stats Update: CPU App: 2.86458 % | Sys: 57.8125 % | RAM App: 35139.1 MB | Sys Avail: 2025.21 MB / 65466.5 MB
[ "01:42:08.018" ][SystemMonitor] Stats Update: CPU App: 2.86458 % | Sys: 35.6771 % | RAM App: 35139.1 MB | Sys Avail: 2016.32 MB / 65466.5 MB
[ "01:42:09.023" ][SystemMonitor] Stats Update: CPU App: 3.125 % | Sys: 54.6875 % | RAM App: 35139.2 MB | Sys Avail: 2073.09 MB / 65466.5 MB
TelemetryMonitor: Processed 300 frames. Current FPS: 66
[ "01:42:10.016" ][SystemMonitor] Stats Update: CPU App: 3.38542 % | Sys: 60.6771 % | RAM App: 35139.2 MB | Sys Avail: 2170.74 MB / 65466.5 MB
[ "01:42:11.025" ][SystemMonitor] Stats Update: CPU App: 2.60417 % | Sys: 39.5833 % | RAM App: 35139.2 MB | Sys Avail: 2174.41 MB / 65466.5 MB
[ "01:42:12.018" ][SystemMonitor] Stats Update: CPU App: 3.90625 % | Sys: 39.5833 % | RAM App: 35139.3 MB | Sys Avail: 2189.81 MB / 65466.5 MB
[ "01:42:13.016" ][SystemMonitor] Stats Update: CPU App: 2.86458 % | Sys: 54.1667 % | RAM App: 35139.3 MB | Sys Avail: 2194.84 MB / 65466.5 MB
[ "01:42:14.018" ][SystemMonitor] Stats Update: CPU App: 3.38542 % | Sys: 37.7604 % | RAM App: 35139.4 MB | Sys Avail: 2170.06 MB / 65466.5 MB
TelemetryMonitor: Processed 300 frames. Current FPS: 62
[ "01:42:15.017" ][SystemMonitor] Stats Update: CPU App: 3.90625 % | Sys: 45.0521 % | RAM App: 35139.4 MB | Sys Avail: 2184.55 MB / 65466.5 MB
[ "01:42:16.018" ][SystemMonitor] Stats Update: CPU App: 3.38542 % | Sys: 43.75 % | RAM App: 35139.4 MB | Sys Avail: 2189.68 MB / 65466.5 MB
[ "01:42:17.022" ][SystemMonitor] Stats Update: CPU App: 3.38542 % | Sys: 42.9688 % | RAM App: 35139.4 MB | Sys Avail: 2177.11 MB / 65466.5 MB
[ "01:42:18.019" ][SystemMonitor] Stats Update: CPU App: 2.86458 % | Sys: 41.1458 % | RAM App: 35139.4 MB | Sys Avail: 2179.43 MB / 65466.5 MB
[ "01:42:19.021" ][SystemMonitor] Stats Update: CPU App: 3.38542 % | Sys: 36.9792 % | RAM App: 35139.4 MB | Sys Avail: 2212.17 MB / 65466.5 MB
TelemetryMonitor: Processed 300 frames. Current FPS: 62
[ "01:42:20.017" ][SystemMonitor] Stats Update: CPU App: 3.125 % | Sys: 58.5938 % | RAM App: 35139.4 MB | Sys Avail: 2174.11 MB / 65466.5 MB
[ "01:42:21.023" ][SystemMonitor] Stats Update: CPU App: 3.125 % | Sys: 38.8021 % | RAM App: 35139.4 MB | Sys Avail: 2183.65 MB / 65466.5 MB
[ "01:42:22.017" ][SystemMonitor] Stats Update: CPU App: 3.38542 % | Sys: 43.75 % | RAM App: 35139.4 MB | Sys Avail: 2197.52 MB / 65466.5 MB
[ "01:42:23.021" ][SystemMonitor] Stats Update: CPU App: 3.125 % | Sys: 39.8438 % | RAM App: 35139.4 MB | Sys Avail: 2205.59 MB / 65466.5 MB
[ "01:42:24.018" ][SystemMonitor] Stats Update: CPU App: 2.60417 % | Sys: 38.5417 % | RAM App: 35139.4 MB | Sys Avail: 2216.61 MB / 65466.5 MB
TelemetryMonitor: Processed 300 frames. Current FPS: 62
[ "01:42:25.020" ][SystemMonitor] Stats Update: CPU App: 2.86458 % | Sys: 39.3229 % | RAM App: 35139.4 MB | Sys Avail: 2198.17 MB / 65466.5 MB
[ "01:42:26.018" ][SystemMonitor] Stats Update: CPU App: 4.16667 % | Sys: 48.6979 % | RAM App: 35139.4 MB | Sys Avail: 2194.8 MB / 65466.5 MB
[ "01:42:27.017" ][SystemMonitor] Stats Update: CPU App: 4.16667 % | Sys: 51.3021 % | RAM App: 35139.4 MB | Sys Avail: 2265.35 MB / 65466.5 MB
[ "01:42:28.018" ][SystemMonitor] Stats Update: CPU App: 3.64583 % | Sys: 46.875 % | RAM App: 35139.4 MB | Sys Avail: 2248.58 MB / 65466.5 MB
[ "01:42:29.023" ][SystemMonitor] Stats Update: CPU App: 3.90625 % | Sys: 50 % | RAM App: 35139.5 MB | Sys Avail: 2268.15 MB / 65466.5 MB
TelemetryMonitor: Processed 300 frames. Current FPS: 62
[ "01:42:30.019" ][SystemMonitor] Stats Update: CPU App: 3.90625 % | Sys: 41.6667 % | RAM App: 35139.5 MB | Sys Avail: 2272.52 MB / 65466.5 MB
[ "01:42:31.022" ][SystemMonitor] Stats Update: CPU App: 2.86458 % | Sys: 44.2708 % | RAM App: 35139.5 MB | Sys Avail: 2259.52 MB / 65466.5 MB
[ "01:42:32.019" ][SystemMonitor] Stats Update: CPU App: 3.125 % | Sys: 42.4479 % | RAM App: 35139.5 MB | Sys Avail: 2268.63 MB / 65466.5 MB
[ "01:42:33.021" ][SystemMonitor] Stats Update: CPU App: 3.38542 % | Sys: 69.2708 % | RAM App: 35139.5 MB | Sys Avail: 2235.18 MB / 65466.5 MB
[ "01:42:34.019" ][SystemMonitor] Stats Update: CPU App: 3.90625 % | Sys: 51.3021 % | RAM App: 35139.5 MB | Sys Avail: 2246.66 MB / 65466.5 MB
TelemetryMonitor: Processed 300 frames. Current FPS: 62
[ "01:42:35.020" ][SystemMonitor] Stats Update: CPU App: 4.42708 % | Sys: 42.9688 % | RAM App: 35139.5 MB | Sys Avail: 2250.16 MB / 65466.5 MB
[ "01:42:36.017" ][SystemMonitor] Stats Update: CPU App: 3.125 % | Sys: 40.8854 % | RAM App: 35139.5 MB | Sys Avail: 2261.16 MB / 65466.5 MB
[ "01:42:37.016" ][SystemMonitor] Stats Update: CPU App: 2.86458 % | Sys: 38.8021 % | RAM App: 35139.5 MB | Sys Avail: 2264.56 MB / 65466.5 MB
[ "01:42:38.016" ][SystemMonitor] Stats Update: CPU App: 2.60417 % | Sys: 48.9583 % | RAM App: 35139.5 MB | Sys Avail: 2271.34 MB / 65466.5 MB
[ "01:42:39.024" ][SystemMonitor] Stats Update: CPU App: 3.90625 % | Sys: 57.0313 % | RAM App: 35139.5 MB | Sys Avail: 2192.66 MB / 65466.5 MB
TelemetryMonitor: Processed 300 frames. Current FPS: 62
[ "01:42:40.018" ][SystemMonitor] Stats Update: CPU App: 3.38542 % | Sys: 57.0313 % | RAM App: 35139.5 MB | Sys Avail: 2087.15 MB / 65466.5 MB
[ "01:42:41.016" ][SystemMonitor] Stats Update: CPU App: 2.34375 % | Sys: 71.3542 % | RAM App: 35139.5 MB | Sys Avail: 1959.8 MB / 65466.5 MB
[ "01:42:42.018" ][SystemMonitor] Stats Update: CPU App: 3.125 % | Sys: 76.3021 % | RAM App: 35139.5 MB | Sys Avail: 1933.04 MB / 65466.5 MB
[ "01:42:43.023" ][SystemMonitor] Stats Update: CPU App: 3.125 % | Sys: 52.3438 % | RAM App: 35139.5 MB | Sys Avail: 1918.61 MB / 65466.5 MB
[ "01:42:44.019" ][SystemMonitor] Stats Update: CPU App: 2.34987 % | Sys: 43.8642 % | RAM App: 35139.5 MB | Sys Avail: 1924.84 MB / 65466.5 MB
TelemetryMonitor: Processed 300 frames. Current FPS: 62
[ "01:42:45.023" ][SystemMonitor] Stats Update: CPU App: 3.11688 % | Sys: 63.8961 % | RAM App: 35139.5 MB | Sys Avail: 1939.37 MB / 65466.5 MB
[ "01:42:46.018" ][SystemMonitor] Stats Update: CPU App: 3.64583 % | Sys: 70.3125 % | RAM App: 35139.5 MB | Sys Avail: 1935.27 MB / 65466.5 MB
[ "01:42:47.024" ][SystemMonitor] Stats Update: CPU App: 3.64583 % | Sys: 92.1875 % | RAM App: 35139.6 MB | Sys Avail: 1918.25 MB / 65466.5 MB
[ "01:42:48.016" ][SystemMonitor] Stats Update: CPU App: 3.125 % | Sys: 85.1563 % | RAM App: 35139.6 MB | Sys Avail: 1898.68 MB / 65466.5 MB
[ "01:42:49.023" ][SystemMonitor] Stats Update: CPU App: 3.125 % | Sys: 57.8125 % | RAM App: 35139.6 MB | Sys Avail: 1888.23 MB / 65466.5 MB
TelemetryMonitor: Processed 300 frames. Current FPS: 62
[ "01:42:50.018" ][SystemMonitor] Stats Update: CPU App: 2.86458 % | Sys: 45.8333 % | RAM App: 35139.6 MB | Sys Avail: 1886.7 MB / 65466.5 MB
[ "01:42:51.023" ][SystemMonitor] Stats Update: CPU App: 2.08333 % | Sys: 42.1875 % | RAM App: 35139.6 MB | Sys Avail: 1893.53 MB / 65466.5 MB
[ "01:42:52.018" ][SystemMonitor] Stats Update: CPU App: 3.38542 % | Sys: 42.9688 % | RAM App: 35139.6 MB | Sys Avail: 1906.63 MB / 65466.5 MB
[ "01:42:53.021" ][SystemMonitor] Stats Update: CPU App: 3.125 % | Sys: 34.6354 % | RAM App: 35139.6 MB | Sys Avail: 1886.13 MB / 65466.5 MB
[ "01:42:54.019" ][SystemMonitor] Stats Update: CPU App: 2.34375 % | Sys: 53.9063 % | RAM App: 35139.6 MB | Sys Avail: 1939.41 MB / 65466.5 MB
TelemetryMonitor: Processed 300 frames. Current FPS: 62
[ "01:42:55.022" ][SystemMonitor] Stats Update: CPU App: 3.64583 % | Sys: 43.75 % | RAM App: 35139.6 MB | Sys Avail: 1969.39 MB / 65466.5 MB
[ "01:42:56.018" ][SystemMonitor] Stats Update: CPU App: 3.38542 % | Sys: 38.0208 % | RAM App: 35139.6 MB | Sys Avail: 1945.04 MB / 65466.5 MB
[ "01:42:57.023" ][SystemMonitor] Stats Update: CPU App: 2.60417 % | Sys: 36.7188 % | RAM App: 35139.6 MB | Sys Avail: 1965.39 MB / 65466.5 MB
[ "01:42:58.017" ][SystemMonitor] Stats Update: CPU App: 2.86458 % | Sys: 36.9792 % | RAM App: 35139.6 MB | Sys Avail: 1974.12 MB / 65466.5 MB
[ "01:42:59.022" ][SystemMonitor] Stats Update: CPU App: 2.60417 % | Sys: 39.0625 % | RAM App: 35139.6 MB | Sys Avail: 1954.49 MB / 65466.5 MB
TelemetryMonitor: Processed 300 frames. Current FPS: 62
[ "01:43:00.017" ][SystemMonitor] Stats Update: CPU App: 2.86458 % | Sys: 38.0208 % | RAM App: 35139.6 MB | Sys Avail: 1946.56 MB / 65466.5 MB
[ "01:43:01.022" ][SystemMonitor] Stats Update: CPU App: 3.90625 % | Sys: 38.2813 % | RAM App: 35139.6 MB | Sys Avail: 1948.11 MB / 65466.5 MB
[ "01:43:02.018" ][SystemMonitor] Stats Update: CPU App: 4.16667 % | Sys: 41.1458 % | RAM App: 35139.6 MB | Sys Avail: 1953.51 MB / 65466.5 MB
[ "01:43:03.022" ][SystemMonitor] Stats Update: CPU App: 3.125 % | Sys: 45.8333 % | RAM App: 35139.6 MB | Sys Avail: 1945.71 MB / 65466.5 MB
[ "01:43:04.018" ][SystemMonitor] Stats Update: CPU App: 3.125 % | Sys: 45.0521 % | RAM App: 35139.6 MB | Sys Avail: 1916.24 MB / 65466.5 MB
TelemetryMonitor: Processed 300 frames. Current FPS: 62
[ "01:43:05.025" ][SystemMonitor] Stats Update: CPU App: 3.38542 % | Sys: 59.8958 % | RAM App: 35139.6 MB | Sys Avail: 1923.74 MB / 65466.5 MB
[ "01:43:06.019" ][SystemMonitor] Stats Update: CPU App: 2.86458 % | Sys: 45.8333 % | RAM App: 35139.6 MB | Sys Avail: 1917.97 MB / 65466.5 MB
[ "01:43:07.021" ][SystemMonitor] Stats Update: CPU App: 3.38542 % | Sys: 44.0104 % | RAM App: 35139.6 MB | Sys Avail: 1932.28 MB / 65466.5 MB
[ "01:43:08.017" ][SystemMonitor] Stats Update: CPU App: 4.16667 % | Sys: 58.8542 % | RAM App: 35139.6 MB | Sys Avail: 1887.82 MB / 65466.5 MB
[ "01:43:09.023" ][SystemMonitor] Stats Update: CPU App: 2.60417 % | Sys: 46.875 % | RAM App: 35139.6 MB | Sys Avail: 1890.98 MB / 65466.5 MB
TelemetryMonitor: Processed 300 frames. Current FPS: 62
[ "01:43:10.017" ][SystemMonitor] Stats Update: CPU App: 2.60417 % | Sys: 45.0521 % | RAM App: 35139.6 MB | Sys Avail: 1892.78 MB / 65466.5 MB
[ "01:43:11.021" ][SystemMonitor] Stats Update: CPU App: 2.86458 % | Sys: 46.3542 % | RAM App: 35139.6 MB | Sys Avail: 1880.49 MB / 65466.5 MB
[ "01:43:12.016" ][SystemMonitor] Stats Update: CPU App: 3.125 % | Sys: 43.4896 % | RAM App: 35139.6 MB | Sys Avail: 1896.77 MB / 65466.5 MB
[ "01:43:13.020" ][SystemMonitor] Stats Update: CPU App: 3.38542 % | Sys: 47.3958 % | RAM App: 35139.6 MB | Sys Avail: 1900.8 MB / 65466.5 MB
[ "01:43:14.018" ][SystemMonitor] Stats Update: CPU App: 2.86458 % | Sys: 53.125 % | RAM App: 35139.6 MB | Sys Avail: 1901.97 MB / 65466.5 MB
TelemetryMonitor: Processed 300 frames. Current FPS: 62
[ "01:43:15.017" ][SystemMonitor] Stats Update: CPU App: 3.64583 % | Sys: 50 % | RAM App: 35139.6 MB | Sys Avail: 1880.95 MB / 65466.5 MB
[ "01:43:16.018" ][SystemMonitor] Stats Update: CPU App: 2.08333 % | Sys: 45.8333 % | RAM App: 35139.6 MB | Sys Avail: 1887.08 MB / 65466.5 MB
[ "01:43:17.019" ][SystemMonitor] Stats Update: CPU App: 3.64583 % | Sys: 47.9167 % | RAM App: 35139.6 MB | Sys Avail: 1867.59 MB / 65466.5 MB
[ "01:43:18.018" ][SystemMonitor] Stats Update: CPU App: 2.86458 % | Sys: 45.0521 % | RAM App: 35139.6 MB | Sys Avail: 1873.61 MB / 65466.5 MB
[ "01:43:19.024" ][SystemMonitor] Stats Update: CPU App: 2.86458 % | Sys: 46.3542 % | RAM App: 35139.6 MB | Sys Avail: 1838.65 MB / 65466.5 MB
TelemetryMonitor: Processed 300 frames. Current FPS: 62
[ "01:43:20.017" ][SystemMonitor] Stats Update: CPU App: 3.64583 % | Sys: 60.9375 % | RAM App: 35139.6 MB | Sys Avail: 1847.91 MB / 65466.5 MB
[ "01:43:21.020" ][SystemMonitor] Stats Update: CPU App: 2.86458 % | Sys: 41.6667 % | RAM App: 35139.6 MB | Sys Avail: 1852.3 MB / 65466.5 MB
[ "01:43:22.018" ][SystemMonitor] Stats Update: CPU App: 2.86458 % | Sys: 36.4583 % | RAM App: 35139.6 MB | Sys Avail: 1855.04 MB / 65466.5 MB
[ "01:43:23.018" ][SystemMonitor] Stats Update: CPU App: 2.60417 % | Sys: 50.5208 % | RAM App: 35139.6 MB | Sys Avail: 1866.66 MB / 65466.5 MB
[ "01:43:24.017" ][SystemMonitor] Stats Update: CPU App: 3.125 % | Sys: 60.6771 % | RAM App: 35139.6 MB | Sys Avail: 1868.64 MB / 65466.5 MB
TelemetryMonitor: Processed 300 frames. Current FPS: 62
[ "01:43:25.017" ][SystemMonitor] Stats Update: CPU App: 3.125 % | Sys: 37.7604 % | RAM App: 35139.6 MB | Sys Avail: 1887.57 MB / 65466.5 MB
[ "01:43:26.018" ][SystemMonitor] Stats Update: CPU App: 2.60417 % | Sys: 38.2813 % | RAM App: 35139.6 MB | Sys Avail: 1874.43 MB / 65466.5 MB
[ "01:43:27.017" ][SystemMonitor] Stats Update: CPU App: 3.125 % | Sys: 37.5 % | RAM App: 35139.6 MB | Sys Avail: 1874.86 MB / 65466.5 MB
[ "01:43:28.018" ][SystemMonitor] Stats Update: CPU App: 3.125 % | Sys: 40.1042 % | RAM App: 35139.6 MB | Sys Avail: 1951.4 MB / 65466.5 MB
[ "01:43:29.023" ][SystemMonitor] Stats Update: CPU App: 2.08333 % | Sys: 47.6563 % | RAM App: 35139.6 MB | Sys Avail: 1913.64 MB / 65466.5 MB
TelemetryMonitor: Processed 300 frames. Current FPS: 62
[ "01:43:30.019" ][SystemMonitor] Stats Update: CPU App: 3.38542 % | Sys: 53.9063 % | RAM App: 35139.6 MB | Sys Avail: 1949.59 MB / 65466.5 MB
[ "01:43:31.021" ][SystemMonitor] Stats Update: CPU App: 3.38542 % | Sys: 37.5 % | RAM App: 35139.6 MB | Sys Avail: 1949.12 MB / 65466.5 MB
[ "01:43:32.018" ][SystemMonitor] Stats Update: CPU App: 3.38542 % | Sys: 57.8125 % | RAM App: 35139.6 MB | Sys Avail: 1978.31 MB / 65466.5 MB
[ "01:43:33.022" ][SystemMonitor] Stats Update: CPU App: 3.38542 % | Sys: 61.4583 % | RAM App: 35139.6 MB | Sys Avail: 1901.56 MB / 65466.5 MB
[ "01:43:34.018" ][SystemMonitor] Stats Update: CPU App: 3.125 % | Sys: 64.5833 % | RAM App: 35139.6 MB | Sys Avail: 1889.33 MB / 65466.5 MB
[ "01:43:35.017" ][SystemMonitor] Stats Update: CPU App: 3.64583 % | Sys: 63.2813 % | RAM App: 35139.6 MB | Sys Avail: 1875.29 MB / 65466.5 MB
TelemetryMonitor: Processed 300 frames. Current FPS: 58
[ "01:43:36.016" ][SystemMonitor] Stats Update: CPU App: 2.86458 % | Sys: 37.7604 % | RAM App: 35139.6 MB | Sys Avail: 1862.03 MB / 65466.5 MB
[ "01:43:37.022" ][SystemMonitor] Stats Update: CPU App: 3.38542 % | Sys: 39.0625 % | RAM App: 35139.6 MB | Sys Avail: 1866.95 MB / 65466.5 MB
[ "01:43:38.018" ][SystemMonitor] Stats Update: CPU App: 3.38542 % | Sys: 41.4063 % | RAM App: 35139.6 MB | Sys Avail: 1877.61 MB / 65466.5 MB
[ "01:43:39.022" ][SystemMonitor] Stats Update: CPU App: 3.125 % | Sys: 39.5833 % | RAM App: 35139.6 MB | Sys Avail: 1875.6 MB / 65466.5 MB
[ "01:43:40.019" ][SystemMonitor] Stats Update: CPU App: 3.38542 % | Sys: 38.2813 % | RAM App: 35139.6 MB | Sys Avail: 1874.72 MB / 65466.5 MB
TelemetryMonitor: Processed 300 frames. Current FPS: 62
[ "01:43:41.022" ][SystemMonitor] Stats Update: CPU App: 3.38542 % | Sys: 53.3854 % | RAM App: 35139.6 MB | Sys Avail: 1945.39 MB / 65466.5 MB
[ "01:43:42.018" ][SystemMonitor] Stats Update: CPU App: 4.16667 % | Sys: 77.3438 % | RAM App: 35139.6 MB | Sys Avail: 1900.23 MB / 65466.5 MB
[ "01:43:43.016" ][SystemMonitor] Stats Update: CPU App: 3.38542 % | Sys: 64.8438 % | RAM App: 35139.6 MB | Sys Avail: 1875.94 MB / 65466.5 MB
[ "01:43:44.017" ][SystemMonitor] Stats Update: CPU App: 3.64583 % | Sys: 69.7917 % | RAM App: 35139.6 MB | Sys Avail: 1885.13 MB / 65466.5 MB
[ "01:43:45.045" ][SystemMonitor] Stats Update: CPU App: 3.07692 % | Sys: 88.9744 % | RAM App: 35139.6 MB | Sys Avail: 1844.56 MB / 65466.5 MB
TelemetryMonitor: Processed 300 frames. Current FPS: 52
[ "01:43:46.019" ][SystemMonitor] Stats Update: CPU App: 4.2328 % | Sys: 97.619 % | RAM App: 35139.6 MB | Sys Avail: 1964.17 MB / 65466.5 MB
[ "01:43:47.869" ][SystemMonitor] Stats Update: CPU App: 2.25989 % | Sys: 99.8588 % | RAM App: 35139.6 MB | Sys Avail: 1539.03 MB / 65466.5 MB
[ "01:43:48.495" ][SystemMonitor] Stats Update: CPU App: 0 % | Sys: 100 % | RAM App: 35139.6 MB | Sys Avail: 1285.46 MB / 65466.5 MB
[ "01:43:49.184" ][SystemMonitor] Stats Update: CPU App: 0.378788 % | Sys: 100 % | RAM App: 35139.6 MB | Sys Avail: 1051.33 MB / 65466.5 MB
[ "01:43:50.257" ][SystemMonitor] Stats Update: CPU App: 1.69082 % | Sys: 100 % | RAM App: 35139.6 MB | Sys Avail: 700.578 MB / 65466.5 MB
[ "01:43:51.145" ][SystemMonitor] Stats Update: CPU App: 0.584795 % | Sys: 100 % | RAM App: 35139.6 MB | Sys Avail: 831.641 MB / 65466.5 MB
[ "01:43:52.047" ][SystemMonitor] Stats Update: CPU App: 1.72414 % | Sys: 100 % | RAM App: 35139.7 MB | Sys Avail: 623.895 MB / 65466.5 MB
[ "01:43:53.062" ][SystemMonitor] Stats Update: CPU App: 2.05128 % | Sys: 100 % | RAM App: 35139.7 MB | Sys Avail: 724.203 MB / 65466.5 MB
[ "01:43:54.079" ][SystemMonitor] Stats Update: CPU App: 1.28205 % | Sys: 100 % | RAM App: 35139.7 MB | Sys Avail: 731.918 MB / 65466.5 MB
[ "01:43:55.025" ][SystemMonitor] Stats Update: CPU App: 3.05556 % | Sys: 100 % | RAM App: 35139.7 MB | Sys Avail: 1037.05 MB / 65466.5 MB
[ "01:43:56.046" ][SystemMonitor] Stats Update: CPU App: 2.05128 % | Sys: 100 % | RAM App: 35139.7 MB | Sys Avail: 798.27 MB / 65466.5 MB
[ "01:43:57.379" ][SystemMonitor] Stats Update: CPU App: 0.387597 % | Sys: 100 % | RAM App: 35139.7 MB | Sys Avail: 955.93 MB / 65466.5 MB
[ "01:43:58.113" ][SystemMonitor] Stats Update: CPU App: 0 % | Sys: 100 % | RAM App: 35139.7 MB | Sys Avail: 1409.51 MB / 65466.5 MB
[ "01:43:59.111" ][SystemMonitor] Stats Update: CPU App: 2.08333 % | Sys: 100 % | RAM App: 35139.7 MB | Sys Avail: 1119.53 MB / 65466.5 MB
[ "01:44:00.015" ][SystemMonitor] Stats Update: CPU App: 2.29885 % | Sys: 100 % | RAM App: 35139.7 MB | Sys Avail: 1042.16 MB / 65466.5 MB
[ "01:44:01.063" ][SystemMonitor] Stats Update: CPU App: 1.99501 % | Sys: 100 % | RAM App: 35139.7 MB | Sys Avail: 881.297 MB / 65466.5 MB
TelemetryMonitor: Processed 300 frames. Current FPS: 18
[ "01:44:02.530" ][SystemMonitor] Stats Update: CPU App: 0.536673 % | Sys: 100 % | RAM App: 35139.7 MB | Sys Avail: 964.305 MB / 65466.5 MB
[ "01:44:03.169" ][SystemMonitor] Stats Update: CPU App: 0.813008 % | Sys: 100 % | RAM App: 35139.7 MB | Sys Avail: 2187.04 MB / 65466.5 MB
[ "01:44:04.079" ][SystemMonitor] Stats Update: CPU App: 3.10734 % | Sys: 100 % | RAM App: 35139.7 MB | Sys Avail: 2061.62 MB / 65466.5 MB
[ "01:44:05.180" ][SystemMonitor] Stats Update: CPU App: 1.90476 % | Sys: 100 % | RAM App: 35139.7 MB | Sys Avail: 1687.73 MB / 65466.5 MB
[ "01:44:06.018" ][SystemMonitor] Stats Update: CPU App: 2.46914 % | Sys: 100 % | RAM App: 35139.7 MB | Sys Avail: 3225.6 MB / 65466.5 MB
[ "01:44:07.026" ][SystemMonitor] Stats Update: CPU App: 1.30208 % | Sys: 100 % | RAM App: 35139.7 MB | Sys Avail: 3292.81 MB / 65466.5 MB
[ "01:44:08.017" ][SystemMonitor] Stats Update: CPU App: 3.90625 % | Sys: 100 % | RAM App: 35139.7 MB | Sys Avail: 3376.67 MB / 65466.5 MB
[ "01:44:09.028" ][SystemMonitor] Stats Update: CPU App: 3.64583 % | Sys: 100 % | RAM App: 35139.7 MB | Sys Avail: 3191.44 MB / 65466.5 MB
[ "01:44:10.130" ][SystemMonitor] Stats Update: CPU App: 2.34742 % | Sys: 100 % | RAM App: 35139.7 MB | Sys Avail: 2685.29 MB / 65466.5 MB
[ "01:44:11.077" ][SystemMonitor] Stats Update: CPU App: 1.11111 % | Sys: 100 % | RAM App: 35139.7 MB | Sys Avail: 2931.42 MB / 65466.5 MB
[ "01:44:12.017" ][SystemMonitor] Stats Update: CPU App: 2.45902 % | Sys: 100 % | RAM App: 35139.7 MB | Sys Avail: 3504.46 MB / 65466.5 MB
TelemetryMonitor: Processed 300 frames. Current FPS: 40
[ "01:44:13.020" ][SystemMonitor] Stats Update: CPU App: 3.90625 % | Sys: 100 % | RAM App: 35139.7 MB | Sys Avail: 3501.61 MB / 65466.5 MB
[ "01:44:14.015" ][SystemMonitor] Stats Update: CPU App: 4.16667 % | Sys: 97.6563 % | RAM App: 35139.7 MB | Sys Avail: 3767.2 MB / 65466.5 MB
[ "01:44:15.017" ][SystemMonitor] Stats Update: CPU App: 4.42708 % | Sys: 98.6979 % | RAM App: 35139.7 MB | Sys Avail: 3710.13 MB / 65466.5 MB
[SystemMonitor] Resource Update: RAM: 35139.7 MB (Delta: 9.78516 ) | VRAM: 1780.01 MB (Delta: -901.5 )
[ "01:44:16.017" ][SystemMonitor] Stats Update: CPU App: 3.125 % | Sys: 86.9792 % | RAM App: 35139.7 MB | Sys Avail: 3965.39 MB / 65466.5 MB
[SystemMonitor] Resource Update: RAM: 35139.7 MB (Delta: 0 ) | VRAM: 2681.51 MB (Delta: 901.5 )
[ "01:44:17.018" ][SystemMonitor] Stats Update: CPU App: 2.60417 % | Sys: 61.9792 % | RAM App: 35139.7 MB | Sys Avail: 4003.88 MB / 65466.5 MB
TelemetryMonitor: Processed 300 frames. Current FPS: 62
[ "01:44:18.017" ][SystemMonitor] Stats Update: CPU App: 3.64583 % | Sys: 42.4479 % | RAM App: 35139.7 MB | Sys Avail: 4042.38 MB / 65466.5 MB
[ "01:44:19.019" ][SystemMonitor] Stats Update: CPU App: 3.90625 % | Sys: 66.1458 % | RAM App: 35139.7 MB | Sys Avail: 4034.36 MB / 65466.5 MB
[ "01:44:20.016" ][SystemMonitor] Stats Update: CPU App: 3.125 % | Sys: 42.7083 % | RAM App: 35139.7 MB | Sys Avail: 4079.76 MB / 65466.5 MB
[ "01:44:21.019" ][SystemMonitor] Stats Update: CPU App: 3.125 % | Sys: 40.1042 % | RAM App: 35139.7 MB | Sys Avail: 4102.58 MB / 65466.5 MB
[ "01:44:22.018" ][SystemMonitor] Stats Update: CPU App: 4.42708 % | Sys: 45.5729 % | RAM App: 35139.7 MB | Sys Avail: 4077.32 MB / 65466.5 MB
TelemetryMonitor: Processed 300 frames. Current FPS: 62
[ "01:44:23.022" ][SystemMonitor] Stats Update: CPU App: 3.38542 % | Sys: 56.5104 % | RAM App: 35139.7 MB | Sys Avail: 4083.92 MB / 65466.5 MB
[ "01:44:24.017" ][SystemMonitor] Stats Update: CPU App: 4.16667 % | Sys: 60.4167 % | RAM App: 35139.7 MB | Sys Avail: 4121.13 MB / 65466.5 MB
[ "01:44:25.023" ][SystemMonitor] Stats Update: CPU App: 4.16667 % | Sys: 54.6875 % | RAM App: 35139.7 MB | Sys Avail: 4088.22 MB / 65466.5 MB
[ "01:44:26.018" ][SystemMonitor] Stats Update: CPU App: 5.72917 % | Sys: 58.5938 % | RAM App: 35139.7 MB | Sys Avail: 4028.1 MB / 65466.5 MB
