{
  "new_total": 1664,
  "deleted_files": [],
  "new_files": {
    "code": [],
    "document": [
      "D:\\Dev\\antigravity\\.agent\\workflows\\code_review.md",
      "D:\\Dev\\antigravity\\.agents\\AGENTS.md",
      "D:\\Dev\\antigravity\\.agents\\rules\\graphify.md",
      "D:\\Dev\\antigravity\\.agents\\workflows\\graphify.md",
      "D:\\Dev\\antigravity\\.gemini\\gemini_resume.md",
      "D:\\Dev\\antigravity\\.gemini\\session_log.md",
      "D:\\Dev\\antigravity\\.gemini\\skills\\graphify-project\\SKILL.md",
      "D:\\Dev\\antigravity\\3rdparty\\README.md",
      "D:\\Dev\\antigravity\\CMakeLists.txt",
      "D:\\Dev\\antigravity\\COMMIT_MESSAGE.md",
      "D:\\Dev\\antigravity\\LMstudiotest\\CMakeLists.txt",
      "D:\\Dev\\antigravity\\README.md",
      "D:\\Dev\\antigravity\\RELEASE_NOTES.md",
      "D:\\Dev\\antigravity\\RELEASE_NOTES_v2.1.md",
      "D:\\Dev\\antigravity\\_RecycleBin\\README.md",
      "D:\\Dev\\antigravity\\_RecycleBin\\build_log.txt",
      "D:\\Dev\\antigravity\\_RecycleBin\\crash_log.txt",
      "D:\\Dev\\antigravity\\build_number.txt",
      "D:\\Dev\\antigravity\\build_output.txt",
      "D:\\Dev\\antigravity\\conductor\\tracks.md",
      "D:\\Dev\\antigravity\\conductor\\tracks\\debug_image_loading\\plan.md",
      "D:\\Dev\\antigravity\\conductor\\tracks\\feature_completion\\plan.md",
      "D:\\Dev\\antigravity\\conductor\\tracks\\tech_debt\\plan.md",
      "D:\\Dev\\antigravity\\docs\\AI_DEVELOPMENT_SCOPE.md",
      "D:\\Dev\\antigravity\\docs\\AI_RESUME_TICKET.md",
      "D:\\Dev\\antigravity\\docs\\ARCHITECTURE.md",
      "D:\\Dev\\antigravity\\docs\\BUILD.md",
      "D:\\Dev\\antigravity\\docs\\DEVELOPMENT_PRINCIPLES.md",
      "D:\\Dev\\antigravity\\docs\\FEASIBILITY_GPU_APIS.md",
      "D:\\Dev\\antigravity\\docs\\FEATURES.md",
      "D:\\Dev\\antigravity\\docs\\FIX_MEMORY_LEAK_REPORT.md",
      "D:\\Dev\\antigravity\\docs\\FOLDER_SCANNING_DIAGNOSTIC.md",
      "D:\\Dev\\antigravity\\docs\\FORMAT_COMPATIBILITY.md",
      "D:\\Dev\\antigravity\\docs\\GPU_ACCELERATION_STATUS.md",
      "D:\\Dev\\antigravity\\docs\\KNOWN_ISSUES.md",
      "D:\\Dev\\antigravity\\docs\\NAME_MIGRATION_PLAN.md",
      "D:\\Dev\\antigravity\\docs\\README.md",
      "D:\\Dev\\antigravity\\docs\\SCROLLBENCH_STRATEGY.md",
      "D:\\Dev\\antigravity\\docs\\SEMANTIC_ZOOM_IMPLEMENTATION.md",
      "D:\\Dev\\antigravity\\docs\\SINGLE_EXE_INTEGRATION.md",
      "D:\\Dev\\antigravity\\docs\\STATIC_QT_INFO.md",
      "D:\\Dev\\antigravity\\docs\\STATIC_QT_SETUP.md",
      "D:\\Dev\\antigravity\\docs\\SYSTEM_ARCHITECTURE.md",
      "D:\\Dev\\antigravity\\docs\\SYSTEM_MONITORING_STATUS.md",
      "D:\\Dev\\antigravity\\docs\\THREAD_HIERARCHY.md",
      "D:\\Dev\\antigravity\\docs\\diagnostics_system.md",
      "D:\\Dev\\antigravity\\docs\\resume\\CLEANUP_PLAN.md",
      "D:\\Dev\\antigravity\\docs\\resume\\DETECT_SESSION3_CHANGES.md",
      "D:\\Dev\\antigravity\\docs\\resume\\INVESTIGATE_NOW.md",
      "D:\\Dev\\antigravity\\docs\\resume\\OUTSTANDING_TASKS.md",
      "D:\\Dev\\antigravity\\docs\\resume\\QUICK_START.md",
      "D:\\Dev\\antigravity\\docs\\resume\\README.md",
      "D:\\Dev\\antigravity\\docs\\resume\\RESUME_WORK.md",
      "D:\\Dev\\antigravity\\docs\\resume\\REVERT_AND_RESUME.md",
      "D:\\Dev\\antigravity\\docs\\resume\\ROLLBACK_PLAN.md",
      "D:\\Dev\\antigravity\\docs\\resume\\SESSION_2024-12-25.md",
      "D:\\Dev\\antigravity\\docs\\resume\\SESSION_HISTORY.md",
      "D:\\Dev\\antigravity\\docs\\resume\\diagnosis_2025-12-02.md",
      "D:\\Dev\\antigravity\\docs\\viewport_culling_changes.md",
      "D:\\Dev\\antigravity\\docs\\viewport_culling_diagnostic.md",
      "D:\\Dev\\antigravity\\run_log.txt",
      "D:\\Dev\\antigravity\\run_log_v2.txt",
      "D:\\Dev\\antigravity\\single_exe\\CMakeLists.txt",
      "D:\\Dev\\antigravity\\single_exe\\README.md",
      "D:\\Dev\\antigravity\\single_exe\\SUMMARY.md",
      "D:\\Dev\\antigravity\\stderr.txt",
      "D:\\Dev\\antigravity\\stdout.txt",
      "D:\\Dev\\antigravity\\test_scrollbench\\CMakeLists.txt",
      "D:\\Dev\\antigravity\\test_scrollbench\\README.md"
    ],
    "paper": [],
    "image": [
      "D:\\Dev\\antigravity\\Dist\\SamsungGallery\\qml\\QtQuick\\Controls\\FluentWinUI3\\dark\\images\\checkbox-indicator-checked-disabled.png",
      "D:\\Dev\\antigravity\\Dist\\SamsungGallery\\qml\\QtQuick\\Controls\\FluentWinUI3\\dark\\images\\checkbox-indicator-checked-disabled@2x.png",
      "D:\\Dev\\antigravity\\Dist\\SamsungGallery\\qml\\QtQuick\\Controls\\FluentWinUI3\\dark\\images\\checkbox-indicator-checked-disabled@3x.png",
      "D:\\Dev\\antigravity\\Dist\\SamsungGallery\\qml\\QtQuick\\Controls\\FluentWinUI3\\dark\\images\\checkbox-indicator-checked-hovered.png",
      "D:\\Dev\\antigravity\\Dist\\SamsungGallery\\qml\\QtQuick\\Controls\\FluentWinUI3\\dark\\images\\checkbox-indicator-checked-hovered@2x.png",
      "D:\\Dev\\antigravity\\Dist\\SamsungGallery\\qml\\QtQuick\\Controls\\FluentWinUI3\\dark\\images\\checkbox-indicator-checked-hovered@3x.png",
      "D:\\Dev\\antigravity\\Dist\\SamsungGallery\\qml\\QtQuick\\Controls\\FluentWinUI3\\dark\\images\\checkbox-indicator-checked-pressed.png",
      "D:\\Dev\\antigravity\\Dist\\SamsungGallery\\qml\\QtQuick\\Controls\\FluentWinUI3\\dark\\images\\checkbox-indicator-checked-pressed@2x.png",
      "D:\\Dev\\antigravity\\Dist\\SamsungGallery\\qml\\QtQuick\\Controls\\FluentWinUI3\\dark\\images\\checkbox-indicator-checked-pressed@3x.png",
      "D:\\Dev\\antigravity\\Dist\\SamsungGallery\\qml\\QtQuick\\Controls\\FluentWinUI3\\dark\\images\\checkbox-indicator-checked.png",
      "D:\\Dev\\antigravity\\Dist\\SamsungGallery\\qml\\QtQuick\\Controls\\FluentWinUI3\\dark\\images\\checkbox-indicator-checked@2x.png",
      "D:\\Dev\\antigravity\\Dist\\SamsungGallery\\qml\\QtQuick\\Controls\\FluentWinUI3\\dark\\images\\checkbox-indicator-checked@3x.png",
      "D:\\Dev\\antigravity\\Dist\\SamsungGallery\\qml\\QtQuick\\Controls\\FluentWinUI3\\dark\\images\\checkbox-indicator-disabled-partiallyChecked.png",
      "D:\\Dev\\antigravity\\Dist\\SamsungGallery\\qml\\QtQuick\\Controls\\FluentWinUI3\\dark\\images\\checkbox-indicator-disabled-partiallyChecked@2x.png",
      "D:\\Dev\\antigravity\\Dist\\SamsungGallery\\qml\\QtQuick\\Controls\\FluentWinUI3\\dark\\images\\checkbox-indicator-disabled-partiallyChecked@3x.png",
      "D:\\Dev\\antigravity\\Dist\\SamsungGallery\\qml\\QtQuick\\Controls\\FluentWinUI3\\dark\\images\\checkbox-indicator-disabled.png",
      "D:\\Dev\\antigravity\\Dist\\SamsungGallery\\qml\\QtQuick\\Controls\\FluentWinUI3\\dark\\images\\checkbox-indicator-disabled@2x.png",
      "D:\\Dev\\antigravity\\Dist\\SamsungGallery\\qml\\QtQuick\\Controls\\FluentWinUI3\\dark\\images\\checkbox-indicator-disabled@3x.png",
      "D:\\Dev\\antigravity\\Dist\\SamsungGallery\\qml\\QtQuick\\Controls\\FluentWinUI3\\dark\\images\\checkbox-indicator-hovered-partiallyChecked.png",
      "D:\\Dev\\antigravity\\Dist\\SamsungGallery\\qml\\QtQuick\\Controls\\FluentWinUI3\\dark\\images\\checkbox-indicator-hovered-partiallyChecked@2x.png",
      "D:\\Dev\\antigravity\\Dist\\SamsungGallery\\qml\\QtQuick\\Controls\\FluentWinUI3\\dark\\images\\checkbox-indicator-hovered-partiallyChecked@3x.png",
      "D:\\Dev\\antigravity\\Dist\\SamsungGallery\\qml\\QtQuick\\Controls\\FluentWinUI3\\dark\\images\\checkbox-indicator-hovered.png",
      "D:\\Dev\\antigravity\\Dist\\SamsungGallery\\qml\\QtQuick\\Controls\\FluentWinUI3\\dark\\images\\checkbox-indicator-hovered@2x.png",
      "D:\\Dev\\antigravity\\Dist\\SamsungGallery\\qml\\QtQuick\\Controls\\FluentWinUI3\\dark\\images\\checkbox-indicator-hovered@3x.png",
      "D:\\Dev\\antigravity\\Dist\\SamsungGallery\\qml\\QtQuick\\Controls\\FluentWinUI3\\dark\\images\\checkbox-indicator-partiallyChecked-pressed.png",
      "D:\\Dev\\antigravity\\Dist\\SamsungGallery\\qml\\QtQuick\\Controls\\FluentWinUI3\\dark\\images\\checkbox-indicator-partiallyChecked-pressed@2x.png",
      "D:\\Dev\\antigravity\\Dist\\SamsungGallery\\qml\\QtQuick\\Controls\\FluentWinUI3\\dark\\images\\checkbox-indicator-partiallyChecked-pressed@3x.png",
      "D:\\Dev\\antigravity\\Dist\\SamsungGallery\\qml\\QtQuick\\Controls\\FluentWinUI3\\dark\\images\\checkbox-indicator-partiallyChecked.png",
      "D:\\Dev\\antigravity\\Dist\\SamsungGallery\\qml\\QtQuick\\Controls\\FluentWinUI3\\dark\\images\\checkbox-indicator-partiallyChecked@2x.png",
      "D:\\Dev\\antigravity\\Dist\\SamsungGallery\\qml\\QtQuick\\Controls\\FluentWinUI3\\dark\\images\\checkbox-indicator-partiallyChecked@3x.png",
      "D:\\Dev\\antigravity\\Dist\\SamsungGallery\\qml\\QtQuick\\Controls\\FluentWinUI3\\dark\\images\\checkbox-indicator-pressed.png",
      "D:\\Dev\\antigravity\\Dist\\SamsungGallery\\qml\\QtQuick\\Controls\\FluentWinUI3\\dark\\images\\checkbox-indicator-pressed@2x.png",
      "D:\\Dev\\antigravity\\Dist\\SamsungGallery\\qml\\QtQuick\\Controls\\FluentWinUI3\\dark\\images\\checkbox-indicator-pressed@3x.png",
      "D:\\Dev\\antigravity\\Dist\\SamsungGallery\\qml\\QtQuick\\Controls\\FluentWinUI3\\dark\\images\\checkbox-indicator.png",
      "D:\\Dev\\antigravity\\Dist\\SamsungGallery\\qml\\QtQuick\\Controls\\FluentWinUI3\\dark\\images\\checkbox-indicator@2x.png",
      "D:\\Dev\\antigravity\\Dist\\SamsungGallery\\qml\\QtQuick\\Controls\\FluentWinUI3\\dark\\images\\checkbox-indicator@3x.png",
      "D:\\Dev\\antigravity\\Dist\\SamsungGallery\\qml\\QtQuick\\Controls\\FluentWinUI3\\dark\\images\\combobox-background-disabled.png",
      "D:\\Dev\\antigravity\\Dist\\SamsungGallery\\qml\\QtQuick\\Controls\\FluentWinUI3\\dark\\images\\combobox-background-disabled@2x.png",
      "D:\\Dev\\antigravity\\Dist\\SamsungGallery\\qml\\QtQuick\\Controls\\FluentWinUI3\\dark\\images\\combobox-background-disabled@3x.png",
      "D:\\Dev\\antigravity\\Dist\\SamsungGallery\\qml\\QtQuick\\Controls\\FluentWinUI3\\dark\\images\\combobox-background-focused.png",
      "D:\\Dev\\antigravity\\Dist\\SamsungGallery\\qml\\QtQuick\\Controls\\FluentWinUI3\\dark\\images\\combobox-background-focused@2x.png",
      "D:\\Dev\\antigravity\\Dist\\SamsungGallery\\qml\\QtQuick\\Controls\\FluentWinUI3\\dark\\images\\combobox-background-focused@3x.png",
      "D:\\Dev\\antigravity\\Dist\\SamsungGallery\\qml\\QtQuick\\Controls\\FluentWinUI3\\dark\\images\\combobox-background-hovered-open.png",
      "D:\\Dev\\antigravity\\Dist\\SamsungGallery\\qml\\QtQuick\\Controls\\FluentWinUI3\\dark\\images\\combobox-background-hovered-open@2x.png",
      "D:\\Dev\\antigravity\\Dist\\SamsungGallery\\qml\\QtQuick\\Controls\\FluentWinUI3\\dark\\images\\combobox-background-hovered-open@3x.png",
      "D:\\Dev\\antigravity\\Dist\\SamsungGallery\\qml\\QtQuick\\Controls\\FluentWinUI3\\dark\\images\\combobox-background-hovered.png",
      "D:\\Dev\\antigravity\\Dist\\SamsungGallery\\qml\\QtQuick\\Controls\\FluentWinUI3\\dark\\images\\combobox-background-hovered@2x.png",
      "D:\\Dev\\antigravity\\Dist\\SamsungGallery\\qml\\QtQuick\\Controls\\FluentWinUI3\\dark\\images\\combobox-background-hovered@3x.png",
      "D:\\Dev\\antigravity\\Dist\\SamsungGallery\\qml\\QtQuick\\Controls\\FluentWinUI3\\dark\\images\\combobox-background-open-pressed.png",
      "D:\\Dev\\antigravity\\Dist\\SamsungGallery\\qml\\QtQuick\\Controls\\FluentWinUI3\\dark\\images\\combobox-background-open-pressed@2x.png",
      "D:\\Dev\\antigravity\\Dist\\SamsungGallery\\qml\\QtQuick\\Controls\\FluentWinUI3\\dark\\images\\combobox-background-open-pressed@3x.png",
      "D:\\Dev\\antigravity\\Dist\\SamsungGallery\\qml\\QtQuick\\Controls\\FluentWinUI3\\dark\\images\\combobox-background-open.png",
      "D:\\Dev\\antigravity\\Dist\\SamsungGallery\\qml\\QtQuick\\Controls\\FluentWinUI3\\dark\\images\\combobox-background-open@2x.png",
      "D:\\Dev\\antigravity\\Dist\\SamsungGallery\\qml\\QtQuick\\Controls\\FluentWinUI3\\dark\\images\\combobox-background-open@3x.png",
      "D:\\Dev\\antigravity\\Dist\\SamsungGallery\\qml\\QtQuick\\Controls\\FluentWinUI3\\dark\\images\\combobox-background-pressed.png",
      "D:\\Dev\\antigravity\\Dist\\SamsungGallery\\qml\\QtQuick\\Controls\\FluentWinUI3\\dark\\images\\combobox-background-pressed@2x.png",
      "D:\\Dev\\antigravity\\Dist\\SamsungGallery\\qml\\QtQuick\\Controls\\FluentWinUI3\\dark\\images\\combobox-background-pressed@3x.png",
      "D:\\Dev\\antigravity\\Dist\\SamsungGallery\\qml\\QtQuick\\Controls\\FluentWinUI3\\dark\\images\\combobox-background.png",
      "D:\\Dev\\antigravity\\Dist\\SamsungGallery\\qml\\QtQuick\\Controls\\FluentWinUI3\\dark\\images\\combobox-background@2x.png",
      "D:\\Dev\\antigravity\\Dist\\SamsungGallery\\qml\\QtQuick\\Controls\\FluentWinUI3\\dark\\images\\combobox-background@3x.png",
      "D:\\Dev\\antigravity\\Dist\\SamsungGallery\\qml\\QtQuick\\Controls\\FluentWinUI3\\dark\\images\\combobox-indicator-disabled.png",
      "D:\\Dev\\antigravity\\Dist\\SamsungGallery\\qml\\QtQuick\\Controls\\FluentWinUI3\\dark\\images\\combobox-indicator-disabled@2x.png",
      "D:\\Dev\\antigravity\\Dist\\SamsungGallery\\qml\\QtQuick\\Controls\\FluentWinUI3\\dark\\images\\combobox-indicator-disabled@3x.png",
      "D:\\Dev\\antigravity\\Dist\\SamsungGallery\\qml\\QtQuick\\Controls\\FluentWinUI3\\dark\\images\\combobox-indicator-focused.png",
      "D:\\Dev\\antigravity\\Dist\\SamsungGallery\\qml\\QtQuick\\Controls\\FluentWinUI3\\dark\\images\\combobox-indicator-focused@2x.png",
      "D:\\Dev\\antigravity\\Dist\\SamsungGallery\\qml\\QtQuick\\Controls\\FluentWinUI3\\dark\\images\\combobox-indicator-focused@3x.png",
      "D:\\Dev\\antigravity\\Dist\\SamsungGallery\\qml\\QtQuick\\Controls\\FluentWinUI3\\dark\\images\\combobox-indicator-hovered-open.png",
      "D:\\Dev\\antigravity\\Dist\\SamsungGallery\\qml\\QtQuick\\Controls\\FluentWinUI3\\dark\\images\\combobox-indicator-hovered-open@2x.png",
      "D:\\Dev\\antigravity\\Dist\\SamsungGallery\\qml\\QtQuick\\Controls\\FluentWinUI3\\dark\\images\\combobox-indicator-hovered-open@3x.png",
      "D:\\Dev\\antigravity\\Dist\\SamsungGallery\\qml\\QtQuick\\Controls\\FluentWinUI3\\dark\\images\\combobox-indicator-hovered.png",
      "D:\\Dev\\antigravity\\Dist\\SamsungGallery\\qml\\QtQuick\\Controls\\FluentWinUI3\\dark\\images\\combobox-indicator-hovered@2x.png",
      "D:\\Dev\\antigravity\\Dist\\SamsungGallery\\qml\\QtQuick\\Controls\\FluentWinUI3\\dark\\images\\combobox-indicator-hovered@3x.png",
      "D:\\Dev\\antigravity\\Dist\\SamsungGallery\\qml\\QtQuick\\Controls\\FluentWinUI3\\dark\\images\\combobox-indicator-open-pressed.png",
      "D:\\Dev\\antigravity\\Dist\\SamsungGallery\\qml\\QtQuick\\Controls\\FluentWinUI3\\dark\\images\\combobox-indicator-open-pressed@2x.png",
      "D:\\Dev\\antigravity\\Dist\\SamsungGallery\\qml\\QtQuick\\Controls\\FluentWinUI3\\dark\\images\\combobox-indicator-open-pressed@3x.png",
      "D:\\Dev\\antigravity\\Dist\\SamsungGallery\\qml\\QtQuick\\Controls\\FluentWinUI3\\dark\\images\\combobox-indicator-open.png",
      "D:\\Dev\\antigravity\\Dist\\SamsungGallery\\qml\\QtQuick\\Controls\\FluentWinUI3\\dark\\images\\combobox-indicator-open@2x.png",
      "D:\\Dev\\antigravity\\Dist\\SamsungGallery\\qml\\QtQuick\\Controls\\FluentWinUI3\\dark\\images\\combobox-indicator-open@3x.png",
      "D:\\Dev\\antigravity\\Dist\\SamsungGallery\\qml\\QtQuick\\Controls\\FluentWinUI3\\dark\\images\\combobox-indicator-pressed.png",
      "D:\\Dev\\antigravity\\Dist\\SamsungGallery\\qml\\QtQuick\\Controls\\FluentWinUI3\\dark\\images\\combobox-indicator-pressed@2x.png",
      "D:\\Dev\\antigravity\\Dist\\SamsungGallery\\qml\\QtQuick\\Controls\\FluentWinUI3\\dark\\images\\combobox-indicator-pressed@3x.png",
      "D:\\Dev\\antigravity\\Dist\\SamsungGallery\\qml\\QtQuick\\Controls\\FluentWinUI3\\dark\\images\\combobox-indicator.png",
      "D:\\Dev\\antigravity\\Dist\\SamsungGallery\\qml\\QtQuick\\Controls\\FluentWinUI3\\dark\\images\\combobox-indicator@2x.png",
      "D:\\Dev\\antigravity\\Dist\\SamsungGallery\\qml\\QtQuick\\Controls\\FluentWinUI3\\dark\\images\\combobox-indicator@3x.png",
      "D:\\Dev\\antigravity\\Dist\\SamsungGallery\\qml\\QtQuick\\Controls\\FluentWinUI3\\dark\\images\\editablecombobox-background-hovered-open.png",
      "D:\\Dev\\antigravity\\Dist\\SamsungGallery\\qml\\QtQuick\\Controls\\FluentWinUI3\\dark\\images\\editablecombobox-background-hovered-open@2x.png",
      "D:\\Dev\\antigravity\\Dist\\SamsungGallery\\qml\\QtQuick\\Controls\\FluentWinUI3\\dark\\images\\editablecombobox-background-hovered-open@3x.png",
      "D:\\Dev\\antigravity\\Dist\\SamsungGallery\\qml\\QtQuick\\Controls\\FluentWinUI3\\dark\\images\\editablecombobox-background-open-pressed.png",
      "D:\\Dev\\antigravity\\Dist\\SamsungGallery\\qml\\QtQuick\\Controls\\FluentWinUI3\\dark\\images\\editablecombobox-background-open-pressed@2x.png",
      "D:\\Dev\\antigravity\\Dist\\SamsungGallery\\qml\\QtQuick\\Controls\\FluentWinUI3\\dark\\images\\editablecombobox-background-open-pressed@3x.png",
      "D:\\Dev\\antigravity\\Dist\\SamsungGallery\\qml\\QtQuick\\Controls\\FluentWinUI3\\dark\\images\\editablecombobox-background-open.png",
      "D:\\Dev\\antigravity\\Dist\\SamsungGallery\\qml\\QtQuick\\Controls\\FluentWinUI3\\dark\\images\\editablecombobox-background-open@2x.png",
      "D:\\Dev\\antigravity\\Dist\\SamsungGallery\\qml\\QtQuick\\Controls\\FluentWinUI3\\dark\\images\\editablecombobox-background-open@3x.png",
      "D:\\Dev\\antigravity\\Dist\\SamsungGallery\\qml\\QtQuick\\Controls\\FluentWinUI3\\dark\\images\\editablecombobox-indicator-hovered-open.png",
      "D:\\Dev\\antigravity\\Dist\\SamsungGallery\\qml\\QtQuick\\Controls\\FluentWinUI3\\dark\\images\\editablecombobox-indicator-hovered-open@2x.png",
      "D:\\Dev\\antigravity\\Dist\\SamsungGallery\\qml\\QtQuick\\Controls\\FluentWinUI3\\dark\\images\\editablecombobox-indicator-hovered-open@3x.png",
      "D:\\Dev\\antigravity\\Dist\\SamsungGallery\\qml\\QtQuick\\Controls\\FluentWinUI3\\dark\\images\\editablecombobox-indicator-open-pressed.png",
      "D:\\Dev\\antigravity\\Dist\\SamsungGallery\\qml\\QtQuick\\Controls\\FluentWinUI3\\dark\\images\\editablecombobox-indicator-open-pressed@2x.png",
      "D:\\Dev\\antigravity\\Dist\\SamsungGallery\\qml\\QtQuick\\Controls\\FluentWinUI3\\dark\\images\\editablecombobox-indicator-open-pressed@3x.png",
      "D:\\Dev\\antigravity\\Dist\\SamsungGallery\\qml\\QtQuick\\Controls\\FluentWinUI3\\dark\\images\\editablecombobox-indicator-open.png",
      "D:\\Dev\\antigravity\\Dist\\SamsungGallery\\qml\\QtQuick\\Controls\\FluentWinUI3\\dark\\images\\editablecombobox-indicator-open@2x.png",
      "D:\\Dev\\antigravity\\Dist\\SamsungGallery\\qml\\QtQuick\\Controls\\FluentWinUI3\\dark\\images\\editablecombobox-indicator-open@3x.png",
      "D:\\Dev\\antigravity\\Dist\\SamsungGallery\\qml\\QtQuick\\Controls\\FluentWinUI3\\dark\\images\\editablecombobox-popup-background-hovered-open.png",
      "D:\\Dev\\antigravity\\Dist\\SamsungGallery\\qml\\QtQuick\\Controls\\FluentWinUI3\\dark\\images\\editablecombobox-popup-background-hovered-open@2x.png",
      "D:\\Dev\\antigravity\\Dist\\SamsungGallery\\qml\\QtQuick\\Controls\\FluentWinUI3\\dark\\images\\editablecombobox-popup-background-hovered-open@3x.png",
      "D:\\Dev\\antigravity\\Dist\\SamsungGallery\\qml\\QtQuick\\Controls\\FluentWinUI3\\dark\\images\\editablecombobox-popup-background-open-pressed.png",
      "D:\\Dev\\antigravity\\Dist\\SamsungGallery\\qml\\QtQuick\\Controls\\FluentWinUI3\\dark\\images\\editablecombobox-popup-background-open-pressed@2x.png",
      "D:\\Dev\\antigravity\\Dist\\SamsungGallery\\qml\\QtQuick\\Controls\\FluentWinUI3\\dark\\images\\editablecombobox-popup-background-open-pressed@3x.png",
      "D:\\Dev\\antigravity\\Dist\\SamsungGallery\\qml\\QtQuick\\Controls\\FluentWinUI3\\dark\\images\\editablecombobox-popup-background-open.png",
      "D:\\Dev\\antigravity\\Dist\\SamsungGallery\\qml\\QtQuick\\Controls\\FluentWinUI3\\dark\\images\\editablecombobox-popup-background-open@2x.png",
      "D:\\Dev\\antigravity\\Dist\\SamsungGallery\\qml\\QtQuick\\Controls\\FluentWinUI3\\dark\\images\\editablecombobox-popup-background-open@3x.png",
      "D:\\Dev\\antigravity\\Dist\\SamsungGallery\\qml\\QtQuick\\Controls\\FluentWinUI3\\dark\\images\\frame-background-disabled.png",
      "D:\\Dev\\antigravity\\Dist\\SamsungGallery\\qml\\QtQuick\\Controls\\FluentWinUI3\\dark\\images\\frame-background-disabled@2x.png",
      "D:\\Dev\\antigravity\\Dist\\SamsungGallery\\qml\\QtQuick\\Controls\\FluentWinUI3\\dark\\images\\frame-background-disabled@3x.png",
      "D:\\Dev\\antigravity\\Dist\\SamsungGallery\\qml\\QtQuick\\Controls\\FluentWinUI3\\dark\\images\\frame-background.png",
      "D:\\Dev\\antigravity\\Dist\\SamsungGallery\\qml\\QtQuick\\Controls\\FluentWinUI3\\dark\\images\\frame-background@2x.png",
      "D:\\Dev\\antigravity\\Dist\\SamsungGallery\\qml\\QtQuick\\Controls\\FluentWinUI3\\dark\\images\\frame-background@3x.png",
      "D:\\Dev\\antigravity\\Dist\\SamsungGallery\\qml\\QtQuick\\Controls\\FluentWinUI3\\dark\\images\\itemdelegate-background-highlighted-hovered.png",
      "D:\\Dev\\antigravity\\Dist\\SamsungGallery\\qml\\QtQuick\\Controls\\FluentWinUI3\\dark\\images\\itemdelegate-background-highlighted-hovered@2x.png",
      "D:\\Dev\\antigravity\\Dist\\SamsungGallery\\qml\\QtQuick\\Controls\\FluentWinUI3\\dark\\images\\itemdelegate-background-highlighted-hovered@3x.png",
      "D:\\Dev\\antigravity\\Dist\\SamsungGallery\\qml\\QtQuick\\Controls\\FluentWinUI3\\dark\\images\\itemdelegate-background-highlighted-pressed.png",
      "D:\\Dev\\antigravity\\Dist\\SamsungGallery\\qml\\QtQuick\\Controls\\FluentWinUI3\\dark\\images\\itemdelegate-background-highlighted-pressed@2x.png",
      "D:\\Dev\\antigravity\\Dist\\SamsungGallery\\qml\\QtQuick\\Controls\\FluentWinUI3\\dark\\images\\itemdelegate-background-highlighted-pressed@3x.png",
      "D:\\Dev\\antigravity\\Dist\\SamsungGallery\\qml\\QtQuick\\Controls\\FluentWinUI3\\dark\\images\\itemdelegate-background-highlighted.png",
      "D:\\Dev\\antigravity\\Dist\\SamsungGallery\\qml\\QtQuick\\Controls\\FluentWinUI3\\dark\\images\\itemdelegate-background-highlighted@2x.png",
      "D:\\Dev\\antigravity\\Dist\\SamsungGallery\\qml\\QtQuick\\Controls\\FluentWinUI3\\dark\\images\\itemdelegate-background-highlighted@3x.png",
      "D:\\Dev\\antigravity\\Dist\\SamsungGallery\\qml\\QtQuick\\Controls\\FluentWinUI3\\dark\\images\\itemdelegate-background-hovered.png",
      "D:\\Dev\\antigravity\\Dist\\SamsungGallery\\qml\\QtQuick\\Controls\\FluentWinUI3\\dark\\images\\itemdelegate-background-hovered@2x.png",
      "D:\\Dev\\antigravity\\Dist\\SamsungGallery\\qml\\QtQuick\\Controls\\FluentWinUI3\\dark\\images\\itemdelegate-background-hovered@3x.png",
      "D:\\Dev\\antigravity\\Dist\\SamsungGallery\\qml\\QtQuick\\Controls\\FluentWinUI3\\dark\\images\\itemdelegate-background-pressed.png",
      "D:\\Dev\\antigravity\\Dist\\SamsungGallery\\qml\\QtQuick\\Controls\\FluentWinUI3\\dark\\images\\itemdelegate-background-pressed@2x.png",
      "D:\\Dev\\antigravity\\Dist\\SamsungGallery\\qml\\QtQuick\\Controls\\FluentWinUI3\\dark\\images\\itemdelegate-background-pressed@3x.png",
      "D:\\Dev\\antigravity\\Dist\\SamsungGallery\\qml\\QtQuick\\Controls\\FluentWinUI3\\dark\\images\\pageindicatordelegate-indicator-delegate-current-hovered.png",
      "D:\\Dev\\antigravity\\Dist\\SamsungGallery\\qml\\QtQuick\\Controls\\FluentWinUI3\\dark\\images\\pageindicatordelegate-indicator-delegate-current-hovered@2x.png",
      "D:\\Dev\\antigravity\\Dist\\SamsungGallery\\qml\\QtQuick\\Controls\\FluentWinUI3\\dark\\images\\pageindicatordelegate-indicator-delegate-current-hovered@3x.png",
      "D:\\Dev\\antigravity\\Dist\\SamsungGallery\\qml\\QtQuick\\Controls\\FluentWinUI3\\dark\\images\\pageindicatordelegate-indicator-delegate-current-pressed.png",
      "D:\\Dev\\antigravity\\Dist\\SamsungGallery\\qml\\QtQuick\\Controls\\FluentWinUI3\\dark\\images\\pageindicatordelegate-indicator-delegate-current-pressed@2x.png",
      "D:\\Dev\\antigravity\\Dist\\SamsungGallery\\qml\\QtQuick\\Controls\\FluentWinUI3\\dark\\images\\pageindicatordelegate-indicator-delegate-current-pressed@3x.png",
      "D:\\Dev\\antigravity\\Dist\\SamsungGallery\\qml\\QtQuick\\Controls\\FluentWinUI3\\dark\\images\\pageindicatordelegate-indicator-delegate-current.png",
      "D:\\Dev\\antigravity\\Dist\\SamsungGallery\\qml\\QtQuick\\Controls\\FluentWinUI3\\dark\\images\\pageindicatordelegate-indicator-delegate-current@2x.png",
      "D:\\Dev\\antigravity\\Dist\\SamsungGallery\\qml\\QtQuick\\Controls\\FluentWinUI3\\dark\\images\\pageindicatordelegate-indicator-delegate-current@3x.png",
      "D:\\Dev\\antigravity\\Dist\\SamsungGallery\\qml\\QtQuick\\Controls\\FluentWinUI3\\dark\\images\\pageindicatordelegate-indicator-delegate-pressed.png",
      "D:\\Dev\\antigravity\\Dist\\SamsungGallery\\qml\\QtQuick\\Controls\\FluentWinUI3\\dark\\images\\pageindicatordelegate-indicator-delegate-pressed@2x.png",
      "D:\\Dev\\antigravity\\Dist\\SamsungGallery\\qml\\QtQuick\\Controls\\FluentWinUI3\\dark\\images\\pageindicatordelegate-indicator-delegate-pressed@3x.png",
      "D:\\Dev\\antigravity\\Dist\\SamsungGallery\\qml\\QtQuick\\Controls\\FluentWinUI3\\dark\\images\\pageindicatordelegate-indicator-disabled.png",
      "D:\\Dev\\antigravity\\Dist\\SamsungGallery\\qml\\QtQuick\\Controls\\FluentWinUI3\\dark\\images\\pageindicatordelegate-indicator-disabled@2x.png",
      "D:\\Dev\\antigravity\\Dist\\SamsungGallery\\qml\\QtQuick\\Controls\\FluentWinUI3\\dark\\images\\pageindicatordelegate-indicator-disabled@3x.png",
      "D:\\Dev\\antigravity\\Dist\\SamsungGallery\\qml\\QtQuick\\Controls\\FluentWinUI3\\dark\\images\\pageindicatordelegate-indicator-hovered.png",
      "D:\\Dev\\antigravity\\Dist\\SamsungGallery\\qml\\QtQuick\\Controls\\FluentWinUI3\\dark\\images\\pageindicatordelegate-indicator-hovered@2x.png",
      "D:\\Dev\\antigravity\\Dist\\SamsungGallery\\qml\\QtQuick\\Controls\\FluentWinUI3\\dark\\images\\pageindicatordelegate-indicator-hovered@3x.png",
      "D:\\Dev\\antigravity\\Dist\\SamsungGallery\\qml\\QtQuick\\Controls\\FluentWinUI3\\dark\\images\\pageindicatordelegate-indicator.png",
      "D:\\Dev\\antigravity\\Dist\\SamsungGallery\\qml\\QtQuick\\Controls\\FluentWinUI3\\dark\\images\\pageindicatordelegate-indicator@2x.png",
      "D:\\Dev\\antigravity\\Dist\\SamsungGallery\\qml\\QtQuick\\Controls\\FluentWinUI3\\dark\\images\\pageindicatordelegate-indicator@3x.png",
      "D:\\Dev\\antigravity\\Dist\\SamsungGallery\\qml\\QtQuick\\Controls\\FluentWinUI3\\dark\\images\\popup-background.png",
      "D:\\Dev\\antigravity\\Dist\\SamsungGallery\\qml\\QtQuick\\Controls\\FluentWinUI3\\dark\\images\\popup-background@2x.png",
      "D:\\Dev\\antigravity\\Dist\\SamsungGallery\\qml\\QtQuick\\Controls\\FluentWinUI3\\dark\\images\\popup-background@3x.png",
      "D:\\Dev\\antigravity\\Dist\\SamsungGallery\\qml\\QtQuick\\Controls\\FluentWinUI3\\dark\\images\\progressbar-groove-disabled.png",
      "D:\\Dev\\antigravity\\Dist\\SamsungGallery\\qml\\QtQuick\\Controls\\FluentWinUI3\\dark\\images\\progressbar-groove-disabled@2x.png",
      "D:\\Dev\\antigravity\\Dist\\SamsungGallery\\qml\\QtQuick\\Controls\\FluentWinUI3\\dark\\images\\progressbar-groove-disabled@3x.png",
      "D:\\Dev\\antigravity\\Dist\\SamsungGallery\\qml\\QtQuick\\Controls\\FluentWinUI3\\dark\\images\\progressbar-groove.png",
      "D:\\Dev\\antigravity\\Dist\\SamsungGallery\\qml\\QtQuick\\Controls\\FluentWinUI3\\dark\\images\\progressbar-groove@2x.png",
      "D:\\Dev\\antigravity\\Dist\\SamsungGallery\\qml\\QtQuick\\Controls\\FluentWinUI3\\dark\\images\\progressbar-groove@3x.png",
      "D:\\Dev\\antigravity\\Dist\\SamsungGallery\\qml\\QtQuick\\Controls\\FluentWinUI3\\dark\\images\\radiobutton-indicator-checked-disabled.png",
      "D:\\Dev\\antigravity\\Dist\\SamsungGallery\\qml\\QtQuick\\Controls\\FluentWinUI3\\dark\\images\\radiobutton-indicator-checked-disabled@2x.png",
      "D:\\Dev\\antigravity\\Dist\\SamsungGallery\\qml\\QtQuick\\Controls\\FluentWinUI3\\dark\\images\\radiobutton-indicator-checked-disabled@3x.png",
      "D:\\Dev\\antigravity\\Dist\\SamsungGallery\\qml\\QtQuick\\Controls\\FluentWinUI3\\dark\\images\\radiobutton-indicator-checked-hovered.png",
      "D:\\Dev\\antigravity\\Dist\\SamsungGallery\\qml\\QtQuick\\Controls\\FluentWinUI3\\dark\\images\\radiobutton-indicator-checked-hovered@2x.png",
      "D:\\Dev\\antigravity\\Dist\\SamsungGallery\\qml\\QtQuick\\Controls\\FluentWinUI3\\dark\\images\\radiobutton-indicator-checked-hovered@3x.png",
      "D:\\Dev\\antigravity\\Dist\\SamsungGallery\\qml\\QtQuick\\Controls\\FluentWinUI3\\dark\\images\\radiobutton-indicator-checked-pressed.png",
      "D:\\Dev\\antigravity\\Dist\\SamsungGallery\\qml\\QtQuick\\Controls\\FluentWinUI3\\dark\\images\\radiobutton-indicator-checked-pressed@2x.png",
      "D:\\Dev\\antigravity\\Dist\\SamsungGallery\\qml\\QtQuick\\Controls\\FluentWinUI3\\dark\\images\\radiobutton-indicator-checked-pressed@3x.png",
      "D:\\Dev\\antigravity\\Dist\\SamsungGallery\\qml\\QtQuick\\Controls\\FluentWinUI3\\dark\\images\\radiobutton-indicator-checked.png",
      "D:\\Dev\\antigravity\\Dist\\SamsungGallery\\qml\\QtQuick\\Controls\\FluentWinUI3\\dark\\images\\radiobutton-indicator-checked@2x.png",
      "D:\\Dev\\antigravity\\Dist\\SamsungGallery\\qml\\QtQuick\\Controls\\FluentWinUI3\\dark\\images\\radiobutton-indicator-checked@3x.png",
      "D:\\Dev\\antigravity\\Dist\\SamsungGallery\\qml\\QtQuick\\Controls\\FluentWinUI3\\dark\\images\\radiobutton-indicator-disabled.png",
      "D:\\Dev\\antigravity\\Dist\\SamsungGallery\\qml\\QtQuick\\Controls\\FluentWinUI3\\dark\\images\\radiobutton-indicator-disabled@2x.png",
      "D:\\Dev\\antigravity\\Dist\\SamsungGallery\\qml\\QtQuick\\Controls\\FluentWinUI3\\dark\\images\\radiobutton-indicator-disabled@3x.png",
      "D:\\Dev\\antigravity\\Dist\\SamsungGallery\\qml\\QtQuick\\Controls\\FluentWinUI3\\dark\\images\\radiobutton-indicator-hovered.png",
      "D:\\Dev\\antigravity\\Dist\\SamsungGallery\\qml\\QtQuick\\Controls\\FluentWinUI3\\dark\\images\\radiobutton-indicator-hovered@2x.png",
      "D:\\Dev\\antigravity\\Dist\\SamsungGallery\\qml\\QtQuick\\Controls\\FluentWinUI3\\dark\\images\\radiobutton-indicator-hovered@3x.png",
      "D:\\Dev\\antigravity\\Dist\\SamsungGallery\\qml\\QtQuick\\Controls\\FluentWinUI3\\dark\\images\\radiobutton-indicator-pressed.png",
      "D:\\Dev\\antigravity\\Dist\\SamsungGallery\\qml\\QtQuick\\Controls\\FluentWinUI3\\dark\\images\\radiobutton-indicator-pressed@2x.png",
      "D:\\Dev\\antigravity\\Dist\\SamsungGallery\\qml\\QtQuick\\Controls\\FluentWinUI3\\dark\\images\\radiobutton-indicator-pressed@3x.png",
      "D:\\Dev\\antigravity\\Dist\\SamsungGallery\\qml\\QtQuick\\Controls\\FluentWinUI3\\dark\\images\\radiobutton-indicator.png",
      "D:\\Dev\\antigravity\\Dist\\SamsungGallery\\qml\\QtQuick\\Controls\\FluentWinUI3\\dark\\images\\radiobutton-indicator@2x.png",
      "D:\\Dev\\antigravity\\Dist\\SamsungGallery\\qml\\QtQuick\\Controls\\FluentWinUI3\\dark\\images\\radiobutton-indicator@3x.png",
      "D:\\Dev\\antigravity\\Dist\\SamsungGallery\\qml\\QtQuick\\Controls\\FluentWinUI3\\dark\\images\\rangeslider-first-handle-disabled.png",
      "D:\\Dev\\antigravity\\Dist\\SamsungGallery\\qml\\QtQuick\\Controls\\FluentWinUI3\\dark\\images\\rangeslider-first-handle-disabled@2x.png",
      "D:\\Dev\\antigravity\\Dist\\SamsungGallery\\qml\\QtQuick\\Controls\\FluentWinUI3\\dark\\images\\rangeslider-first-handle-disabled@3x.png",
      "D:\\Dev\\antigravity\\Dist\\SamsungGallery\\qml\\QtQuick\\Controls\\FluentWinUI3\\dark\\images\\rangeslider-first-handle-handle-pressed.png",
      "D:\\Dev\\antigravity\\Dist\\SamsungGallery\\qml\\QtQuick\\Controls\\FluentWinUI3\\dark\\images\\rangeslider-first-handle-handle-pressed@2x.png",
      "D:\\Dev\\antigravity\\Dist\\SamsungGallery\\qml\\QtQuick\\Controls\\FluentWinUI3\\dark\\images\\rangeslider-first-handle-handle-pressed@3x.png",
      "D:\\Dev\\antigravity\\Dist\\SamsungGallery\\qml\\QtQuick\\Controls\\FluentWinUI3\\dark\\images\\rangeslider-first-handle-hovered.png",
      "D:\\Dev\\antigravity\\Dist\\SamsungGallery\\qml\\QtQuick\\Controls\\FluentWinUI3\\dark\\images\\rangeslider-first-handle-hovered@2x.png",
      "D:\\Dev\\antigravity\\Dist\\SamsungGallery\\qml\\QtQuick\\Controls\\FluentWinUI3\\dark\\images\\rangeslider-first-handle-hovered@3x.png",
      "D:\\Dev\\antigravity\\Dist\\SamsungGallery\\qml\\QtQuick\\Controls\\FluentWinUI3\\dark\\images\\rangeslider-first-handle.png",
      "D:\\Dev\\antigravity\\Dist\\SamsungGallery\\qml\\QtQuick\\Controls\\FluentWinUI3\\dark\\images\\rangeslider-first-handle@2x.png",
      "D:\\Dev\\antigravity\\Dist\\SamsungGallery\\qml\\QtQuick\\Controls\\FluentWinUI3\\dark\\images\\rangeslider-first-handle@3x.png",
      "D:\\Dev\\antigravity\\Dist\\SamsungGallery\\qml\\QtQuick\\Controls\\FluentWinUI3\\dark\\images\\rangeslider-groove-disabled.png",
      "D:\\Dev\\antigravity\\Dist\\SamsungGallery\\qml\\QtQuick\\Controls\\FluentWinUI3\\dark\\images\\rangeslider-groove-disabled@2x.png",
      "D:\\Dev\\antigravity\\Dist\\SamsungGallery\\qml\\QtQuick\\Controls\\FluentWinUI3\\dark\\images\\rangeslider-groove-disabled@3x.png",
      "D:\\Dev\\antigravity\\Dist\\SamsungGallery\\qml\\QtQuick\\Controls\\FluentWinUI3\\dark\\images\\rangeslider-groove-handle-pressed.png",
      "D:\\Dev\\antigravity\\Dist\\SamsungGallery\\qml\\QtQuick\\Controls\\FluentWinUI3\\dark\\images\\rangeslider-groove-handle-pressed@2x.png",
      "D:\\Dev\\antigravity\\Dist\\SamsungGallery\\qml\\QtQuick\\Controls\\FluentWinUI3\\dark\\images\\rangeslider-groove-handle-pressed@3x.png",
      "D:\\Dev\\antigravity\\Dist\\SamsungGallery\\qml\\QtQuick\\Controls\\FluentWinUI3\\dark\\images\\rangeslider-groove-hovered.png",
      "D:\\Dev\\antigravity\\Dist\\SamsungGallery\\qml\\QtQuick\\Controls\\FluentWinUI3\\dark\\images\\rangeslider-groove-hovered@2x.png",
      "D:\\Dev\\antigravity\\Dist\\SamsungGallery\\qml\\QtQuick\\Controls\\FluentWinUI3\\dark\\images\\rangeslider-groove-hovered@3x.png",
      "D:\\Dev\\antigravity\\Dist\\SamsungGallery\\qml\\QtQuick\\Controls\\FluentWinUI3\\dark\\images\\rangeslider-groove.png",
      "D:\\Dev\\antigravity\\Dist\\SamsungGallery\\qml\\QtQuick\\Controls\\FluentWinUI3\\dark\\images\\rangeslider-groove@2x.png",
      "D:\\Dev\\antigravity\\Dist\\SamsungGallery\\qml\\QtQuick\\Controls\\FluentWinUI3\\dark\\images\\rangeslider-groove@3x.png",
      "D:\\Dev\\antigravity\\Dist\\SamsungGallery\\qml\\QtQuick\\Controls\\FluentWinUI3\\dark\\images\\rangeslider-second-handle-disabled.png",
      "D:\\Dev\\antigravity\\Dist\\SamsungGallery\\qml\\QtQuick\\Controls\\FluentWinUI3\\dark\\images\\rangeslider-second-handle-disabled@2x.png",
      "D:\\Dev\\antigravity\\Dist\\SamsungGallery\\qml\\QtQuick\\Controls\\FluentWinUI3\\dark\\images\\rangeslider-second-handle-disabled@3x.png",
      "D:\\Dev\\antigravity\\Dist\\SamsungGallery\\qml\\QtQuick\\Controls\\FluentWinUI3\\dark\\images\\rangeslider-second-handle-handle-pressed.png",
      "D:\\Dev\\antigravity\\Dist\\SamsungGallery\\qml\\QtQuick\\Controls\\FluentWinUI3\\dark\\images\\rangeslider-second-handle-handle-pressed@2x.png",
      "D:\\Dev\\antigravity\\Dist\\SamsungGallery\\qml\\QtQuick\\Controls\\FluentWinUI3\\dark\\images\\rangeslider-second-handle-handle-pressed@3x.png",
      "D:\\Dev\\antigravity\\Dist\\SamsungGallery\\qml\\QtQuick\\Controls\\FluentWinUI3\\dark\\images\\rangeslider-second-handle-hovered.png",
      "D:\\Dev\\antigravity\\Dist\\SamsungGallery\\qml\\QtQuick\\Controls\\FluentWinUI3\\dark\\images\\rangeslider-second-handle-hovered@2x.png",
      "D:\\Dev\\antigravity\\Dist\\SamsungGallery\\qml\\QtQuick\\Controls\\FluentWinUI3\\dark\\images\\rangeslider-second-handle-hovered@3x.png",
      "D:\\Dev\\antigravity\\Dist\\SamsungGallery\\qml\\QtQuick\\Controls\\FluentWinUI3\\dark\\images\\rangeslider-second-handle.png",
      "D:\\Dev\\antigravity\\Dist\\SamsungGallery\\qml\\QtQuick\\Controls\\FluentWinUI3\\dark\\images\\rangeslider-second-handle@2x.png",
      "D:\\Dev\\antigravity\\Dist\\SamsungGallery\\qml\\QtQuick\\Controls\\FluentWinUI3\\dark\\images\\rangeslider-second-handle@3x.png",
      "D:\\Dev\\antigravity\\Dist\\SamsungGallery\\qml\\QtQuick\\Controls\\FluentWinUI3\\dark\\images\\slider-groove-disabled.png",
      "D:\\Dev\\antigravity\\Dist\\SamsungGallery\\qml\\QtQuick\\Controls\\FluentWinUI3\\dark\\images\\slider-groove-disabled@2x.png",
      "D:\\Dev\\antigravity\\Dist\\SamsungGallery\\qml\\QtQuick\\Controls\\FluentWinUI3\\dark\\images\\slider-groove-disabled@3x.png",
      "D:\\Dev\\antigravity\\Dist\\SamsungGallery\\qml\\QtQuick\\Controls\\FluentWinUI3\\dark\\images\\slider-groove-hovered.png",
      "D:\\Dev\\antigravity\\Dist\\SamsungGallery\\qml\\QtQuick\\Controls\\FluentWinUI3\\dark\\images\\slider-groove-hovered@2x.png",
      "D:\\Dev\\antigravity\\Dist\\SamsungGallery\\qml\\QtQuick\\Controls\\FluentWinUI3\\dark\\images\\slider-groove-hovered@3x.png",
      "D:\\Dev\\antigravity\\Dist\\SamsungGallery\\qml\\QtQuick\\Controls\\FluentWinUI3\\dark\\images\\slider-groove-pressed.png",
      "D:\\Dev\\antigravity\\Dist\\SamsungGallery\\qml\\QtQuick\\Controls\\FluentWinUI3\\dark\\images\\slider-groove-pressed@2x.png",
      "D:\\Dev\\antigravity\\Dist\\SamsungGallery\\qml\\QtQuick\\Controls\\FluentWinUI3\\dark\\images\\slider-groove-pressed@3x.png",
      "D:\\Dev\\antigravity\\Dist\\SamsungGallery\\qml\\QtQuick\\Controls\\FluentWinUI3\\dark\\images\\slider-groove.png",
      "D:\\Dev\\antigravity\\Dist\\SamsungGallery\\qml\\QtQuick\\Controls\\FluentWinUI3\\dark\\images\\slider-groove@2x.png",
      "D:\\Dev\\antigravity\\Dist\\SamsungGallery\\qml\\QtQuick\\Controls\\FluentWinUI3\\dark\\images\\slider-groove@3x.png",
      "D:\\Dev\\antigravity\\Dist\\SamsungGallery\\qml\\QtQuick\\Controls\\FluentWinUI3\\dark\\images\\slider-handle-disabled.png",
      "D:\\Dev\\antigravity\\Dist\\SamsungGallery\\qml\\QtQuick\\Controls\\FluentWinUI3\\dark\\images\\slider-handle-disabled@2x.png",
      "D:\\Dev\\antigravity\\Dist\\SamsungGallery\\qml\\QtQuick\\Controls\\FluentWinUI3\\dark\\images\\slider-handle-disabled@3x.png",
      "D:\\Dev\\antigravity\\Dist\\SamsungGallery\\qml\\QtQuick\\Controls\\FluentWinUI3\\dark\\images\\slider-handle-hovered.png",
      "D:\\Dev\\antigravity\\Dist\\SamsungGallery\\qml\\QtQuick\\Controls\\FluentWinUI3\\dark\\images\\slider-handle-hovered@2x.png",
      "D:\\Dev\\antigravity\\Dist\\SamsungGallery\\qml\\QtQuick\\Controls\\FluentWinUI3\\dark\\images\\slider-handle-hovered@3x.png",
      "D:\\Dev\\antigravity\\Dist\\SamsungGallery\\qml\\QtQuick\\Controls\\FluentWinUI3\\dark\\images\\slider-handle-pressed.png",
      "D:\\Dev\\antigravity\\Dist\\SamsungGallery\\qml\\QtQuick\\Controls\\FluentWinUI3\\dark\\images\\slider-handle-pressed@2x.png",
      "D:\\Dev\\antigravity\\Dist\\SamsungGallery\\qml\\QtQuick\\Controls\\FluentWinUI3\\dark\\images\\slider-handle-pressed@3x.png",
      "D:\\Dev\\antigravity\\Dist\\SamsungGallery\\qml\\QtQuick\\Controls\\FluentWinUI3\\dark\\images\\slider-handle.png",
      "D:\\Dev\\antigravity\\Dist\\SamsungGallery\\qml\\QtQuick\\Controls\\FluentWinUI3\\dark\\images\\slider-handle@2x.png",
      "D:\\Dev\\antigravity\\Dist\\SamsungGallery\\qml\\QtQuick\\Controls\\FluentWinUI3\\dark\\images\\slider-handle@3x.png",
      "D:\\Dev\\antigravity\\Dist\\SamsungGallery\\qml\\QtQuick\\Controls\\FluentWinUI3\\dark\\images\\spinbox-background-atlimit.png",
      "D:\\Dev\\antigravity\\Dist\\SamsungGallery\\qml\\QtQuick\\Controls\\FluentWinUI3\\dark\\images\\spinbox-background-atlimit@2x.png",
      "D:\\Dev\\antigravity\\Dist\\SamsungGallery\\qml\\QtQuick\\Controls\\FluentWinUI3\\dark\\images\\spinbox-background-atlimit@3x.png",
      "D:\\Dev\\antigravity\\Dist\\SamsungGallery\\qml\\QtQuick\\Controls\\FluentWinUI3\\dark\\images\\spinbox-background-disabled.png",
      "D:\\Dev\\antigravity\\Dist\\SamsungGallery\\qml\\QtQuick\\Controls\\FluentWinUI3\\dark\\images\\spinbox-background-disabled@2x.png",
      "D:\\Dev\\antigravity\\Dist\\SamsungGallery\\qml\\QtQuick\\Controls\\FluentWinUI3\\dark\\images\\spinbox-background-disabled@3x.png",
      "D:\\Dev\\antigravity\\Dist\\SamsungGallery\\qml\\QtQuick\\Controls\\FluentWinUI3\\dark\\images\\spinbox-background-down-hovered.png",
      "D:\\Dev\\antigravity\\Dist\\SamsungGallery\\qml\\QtQuick\\Controls\\FluentWinUI3\\dark\\images\\spinbox-background-down-hovered@2x.png",
      "D:\\Dev\\antigravity\\Dist\\SamsungGallery\\qml\\QtQuick\\Controls\\FluentWinUI3\\dark\\images\\spinbox-background-down-hovered@3x.png",
      "D:\\Dev\\antigravity\\Dist\\SamsungGallery\\qml\\QtQuick\\Controls\\FluentWinUI3\\dark\\images\\spinbox-background-down-pressed.png",
      "D:\\Dev\\antigravity\\Dist\\SamsungGallery\\qml\\QtQuick\\Controls\\FluentWinUI3\\dark\\images\\spinbox-background-down-pressed@2x.png",
      "D:\\Dev\\antigravity\\Dist\\SamsungGallery\\qml\\QtQuick\\Controls\\FluentWinUI3\\dark\\images\\spinbox-background-down-pressed@3x.png",
      "D:\\Dev\\antigravity\\Dist\\SamsungGallery\\qml\\QtQuick\\Controls\\FluentWinUI3\\dark\\images\\spinbox-background-hovered.png",
      "D:\\Dev\\antigravity\\Dist\\SamsungGallery\\qml\\QtQuick\\Controls\\FluentWinUI3\\dark\\images\\spinbox-background-hovered@2x.png",
      "D:\\Dev\\antigravity\\Dist\\SamsungGallery\\qml\\QtQuick\\Controls\\FluentWinUI3\\dark\\images\\spinbox-background-hovered@3x.png",
      "D:\\Dev\\antigravity\\Dist\\SamsungGallery\\qml\\QtQuick\\Controls\\FluentWinUI3\\dark\\images\\spinbox-background-up-hovered.png",
      "D:\\Dev\\antigravity\\Dist\\SamsungGallery\\qml\\QtQuick\\Controls\\FluentWinUI3\\dark\\images\\spinbox-background-up-hovered@2x.png",
      "D:\\Dev\\antigravity\\Dist\\SamsungGallery\\qml\\QtQuick\\Controls\\FluentWinUI3\\dark\\images\\spinbox-background-up-hovered@3x.png",
      "D:\\Dev\\antigravity\\Dist\\SamsungGallery\\qml\\QtQuick\\Controls\\FluentWinUI3\\dark\\images\\spinbox-background-up-pressed.png",
      "D:\\Dev\\antigravity\\Dist\\SamsungGallery\\qml\\QtQuick\\Controls\\FluentWinUI3\\dark\\images\\spinbox-background-up-pressed@2x.png",
      "D:\\Dev\\antigravity\\Dist\\SamsungGallery\\qml\\QtQuick\\Controls\\FluentWinUI3\\dark\\images\\spinbox-background-up-pressed@3x.png",
      "D:\\Dev\\antigravity\\Dist\\SamsungGallery\\qml\\QtQuick\\Controls\\FluentWinUI3\\dark\\images\\spinbox-background.png",
      "D:\\Dev\\antigravity\\Dist\\SamsungGallery\\qml\\QtQuick\\Controls\\FluentWinUI3\\dark\\images\\spinbox-background@2x.png",
      "D:\\Dev\\antigravity\\Dist\\SamsungGallery\\qml\\QtQuick\\Controls\\FluentWinUI3\\dark\\images\\spinbox-background@3x.png",
      "D:\\Dev\\antigravity\\Dist\\SamsungGallery\\qml\\QtQuick\\Controls\\FluentWinUI3\\dark\\images\\spinbox-indicator-down-background-atlimit.png",
      "D:\\Dev\\antigravity\\Dist\\SamsungGallery\\qml\\QtQuick\\Controls\\FluentWinUI3\\dark\\images\\spinbox-indicator-down-background-atlimit@2x.png",
      "D:\\Dev\\antigravity\\Dist\\SamsungGallery\\qml\\QtQuick\\Controls\\FluentWinUI3\\dark\\images\\spinbox-indicator-down-background-atlimit@3x.png",
      "D:\\Dev\\antigravity\\Dist\\SamsungGallery\\qml\\QtQuick\\Controls\\FluentWinUI3\\dark\\images\\spinbox-indicator-down-background-disabled.png",
      "D:\\Dev\\antigravity\\Dist\\SamsungGallery\\qml\\QtQuick\\Controls\\FluentWinUI3\\dark\\images\\spinbox-indicator-down-background-disabled@2x.png",
      "D:\\Dev\\antigravity\\Dist\\SamsungGallery\\qml\\QtQuick\\Controls\\FluentWinUI3\\dark\\images\\spinbox-indicator-down-background-disabled@3x.png",
      "D:\\Dev\\antigravity\\Dist\\SamsungGallery\\qml\\QtQuick\\Controls\\FluentWinUI3\\dark\\images\\spinbox-indicator-down-background-down-hovered.png",
      "D:\\Dev\\antigravity\\Dist\\SamsungGallery\\qml\\QtQuick\\Controls\\FluentWinUI3\\dark\\images\\spinbox-indicator-down-background-down-hovered@2x.png",
      "D:\\Dev\\antigravity\\Dist\\SamsungGallery\\qml\\QtQuick\\Controls\\FluentWinUI3\\dark\\images\\spinbox-indicator-down-background-down-hovered@3x.png",
      "D:\\Dev\\antigravity\\Dist\\SamsungGallery\\qml\\QtQuick\\Controls\\FluentWinUI3\\dark\\images\\spinbox-indicator-down-background-down-pressed.png",
      "D:\\Dev\\antigravity\\Dist\\SamsungGallery\\qml\\QtQuick\\Controls\\FluentWinUI3\\dark\\images\\spinbox-indicator-down-background-down-pressed@2x.png",
      "D:\\Dev\\antigravity\\Dist\\SamsungGallery\\qml\\QtQuick\\Controls\\FluentWinUI3\\dark\\images\\spinbox-indicator-down-background-down-pressed@3x.png",
      "D:\\Dev\\antigravity\\Dist\\SamsungGallery\\qml\\QtQuick\\Controls\\FluentWinUI3\\dark\\images\\spinbox-indicator-down-background-hovered.png",
      "D:\\Dev\\antigravity\\Dist\\SamsungGallery\\qml\\QtQuick\\Controls\\FluentWinUI3\\dark\\images\\spinbox-indicator-down-background-hovered@2x.png",
      "D:\\Dev\\antigravity\\Dist\\SamsungGallery\\qml\\QtQuick\\Controls\\FluentWinUI3\\dark\\images\\spinbox-indicator-down-background-hovered@3x.png",
      "D:\\Dev\\antigravity\\Dist\\SamsungGallery\\qml\\QtQuick\\Controls\\FluentWinUI3\\dark\\images\\spinbox-indicator-down-background-up-hovered.png",
      "D:\\Dev\\antigravity\\Dist\\SamsungGallery\\qml\\QtQuick\\Controls\\FluentWinUI3\\dark\\images\\spinbox-indicator-down-background-up-hovered@2x.png",
      "D:\\Dev\\antigravity\\Dist\\SamsungGallery\\qml\\QtQuick\\Controls\\FluentWinUI3\\dark\\images\\spinbox-indicator-down-background-up-hovered@3x.png",
      "D:\\Dev\\antigravity\\Dist\\SamsungGallery\\qml\\QtQuick\\Controls\\FluentWinUI3\\dark\\images\\spinbox-indicator-down-background-up-pressed.png",
      "D:\\Dev\\antigravity\\Dist\\SamsungGallery\\qml\\QtQuick\\Controls\\FluentWinUI3\\dark\\images\\spinbox-indicator-down-background-up-pressed@2x.png",
      "D:\\Dev\\antigravity\\Dist\\SamsungGallery\\qml\\QtQuick\\Controls\\FluentWinUI3\\dark\\images\\spinbox-indicator-down-background-up-pressed@3x.png",
      "D:\\Dev\\antigravity\\Dist\\SamsungGallery\\qml\\QtQuick\\Controls\\FluentWinUI3\\dark\\images\\spinbox-indicator-down-background.png",
      "D:\\Dev\\antigravity\\Dist\\SamsungGallery\\qml\\QtQuick\\Controls\\FluentWinUI3\\dark\\images\\spinbox-indicator-down-background@2x.png",
      "D:\\Dev\\antigravity\\Dist\\SamsungGallery\\qml\\QtQuick\\Controls\\FluentWinUI3\\dark\\images\\spinbox-indicator-down-background@3x.png",
      "D:\\Dev\\antigravity\\Dist\\SamsungGallery\\qml\\QtQuick\\Controls\\FluentWinUI3\\dark\\images\\spinbox-indicator-down-icon-atlimit.png",
      "D:\\Dev\\antigravity\\Dist\\SamsungGallery\\qml\\QtQuick\\Controls\\FluentWinUI3\\dark\\images\\spinbox-indicator-down-icon-atlimit@2x.png",
      "D:\\Dev\\antigravity\\Dist\\SamsungGallery\\qml\\QtQuick\\Controls\\FluentWinUI3\\dark\\images\\spinbox-indicator-down-icon-atlimit@3x.png",
      "D:\\Dev\\antigravity\\Dist\\SamsungGallery\\qml\\QtQuick\\Controls\\FluentWinUI3\\dark\\images\\spinbox-indicator-down-icon-disabled.png",
      "D:\\Dev\\antigravity\\Dist\\SamsungGallery\\qml\\QtQuick\\Controls\\FluentWinUI3\\dark\\images\\spinbox-indicator-down-icon-disabled@2x.png",
      "D:\\Dev\\antigravity\\Dist\\SamsungGallery\\qml\\QtQuick\\Controls\\FluentWinUI3\\dark\\images\\spinbox-indicator-down-icon-disabled@3x.png",
      "D:\\Dev\\antigravity\\Dist\\SamsungGallery\\qml\\QtQuick\\Controls\\FluentWinUI3\\dark\\images\\spinbox-indicator-down-icon-down-hovered.png",
      "D:\\Dev\\antigravity\\Dist\\SamsungGallery\\qml\\QtQuick\\Controls\\FluentWinUI3\\dark\\images\\spinbox-indicator-down-icon-down-hovered@2x.png",
      "D:\\Dev\\antigravity\\Dist\\SamsungGallery\\qml\\QtQuick\\Controls\\FluentWinUI3\\dark\\images\\spinbox-indicator-down-icon-down-hovered@3x.png",
      "D:\\Dev\\antigravity\\Dist\\SamsungGallery\\qml\\QtQuick\\Controls\\FluentWinUI3\\dark\\images\\spinbox-indicator-down-icon-down-pressed.png",
      "D:\\Dev\\antigravity\\Dist\\SamsungGallery\\qml\\QtQuick\\Controls\\FluentWinUI3\\dark\\images\\spinbox-indicator-down-icon-down-pressed@2x.png",
      "D:\\Dev\\antigravity\\Dist\\SamsungGallery\\qml\\QtQuick\\Controls\\FluentWinUI3\\dark\\images\\spinbox-indicator-down-icon-down-pressed@3x.png",
      "D:\\Dev\\antigravity\\Dist\\SamsungGallery\\qml\\QtQuick\\Controls\\FluentWinUI3\\dark\\images\\spinbox-indicator-down-icon-hovered.png",
      "D:\\Dev\\antigravity\\Dist\\SamsungGallery\\qml\\QtQuick\\Controls\\FluentWinUI3\\dark\\images\\spinbox-indicator-down-icon-hovered@2x.png",
      "D:\\Dev\\antigravity\\Dist\\SamsungGallery\\qml\\QtQuick\\Controls\\FluentWinUI3\\dark\\images\\spinbox-indicator-down-icon-hovered@3x.png",
      "D:\\Dev\\antigravity\\Dist\\SamsungGallery\\qml\\QtQuick\\Controls\\FluentWinUI3\\dark\\images\\spinbox-indicator-down-icon-up-hovered.png",
      "D:\\Dev\\antigravity\\Dist\\SamsungGallery\\qml\\QtQuick\\Controls\\FluentWinUI3\\dark\\images\\spinbox-indicator-down-icon-up-hovered@2x.png",
      "D:\\Dev\\antigravity\\Dist\\SamsungGallery\\qml\\QtQuick\\Controls\\FluentWinUI3\\dark\\images\\spinbox-indicator-down-icon-up-hovered@3x.png",
      "D:\\Dev\\antigravity\\Dist\\SamsungGallery\\qml\\QtQuick\\Controls\\FluentWinUI3\\dark\\images\\spinbox-indicator-down-icon-up-pressed.png",
      "D:\\Dev\\antigravity\\Dist\\SamsungGallery\\qml\\QtQuick\\Controls\\FluentWinUI3\\dark\\images\\spinbox-indicator-down-icon-up-pressed@2x.png",
      "D:\\Dev\\antigravity\\Dist\\SamsungGallery\\qml\\QtQuick\\Controls\\FluentWinUI3\\dark\\images\\spinbox-indicator-down-icon-up-pressed@3x.png",
      "D:\\Dev\\antigravity\\Dist\\SamsungGallery\\qml\\QtQuick\\Controls\\FluentWinUI3\\dark\\images\\spinbox-indicator-down-icon.png",
      "D:\\Dev\\antigravity\\Dist\\SamsungGallery\\qml\\QtQuick\\Controls\\FluentWinUI3\\dark\\images\\spinbox-indicator-down-icon@2x.png",
      "D:\\Dev\\antigravity\\Dist\\SamsungGallery\\qml\\QtQuick\\Controls\\FluentWinUI3\\dark\\images\\spinbox-indicator-down-icon@3x.png",
      "D:\\Dev\\antigravity\\Dist\\SamsungGallery\\qml\\QtQuick\\Controls\\FluentWinUI3\\dark\\images\\spinbox-indicator-up-background-atlimit.png",
      "D:\\Dev\\antigravity\\Dist\\SamsungGallery\\qml\\QtQuick\\Controls\\FluentWinUI3\\dark\\images\\spinbox-indicator-up-background-atlimit@2x.png",
      "D:\\Dev\\antigravity\\Dist\\SamsungGallery\\qml\\QtQuick\\Controls\\FluentWinUI3\\dark\\images\\spinbox-indicator-up-background-atlimit@3x.png",
      "D:\\Dev\\antigravity\\Dist\\SamsungGallery\\qml\\QtQuick\\Controls\\FluentWinUI3\\dark\\images\\spinbox-indicator-up-background-disabled.png",
      "D:\\Dev\\antigravity\\Dist\\SamsungGallery\\qml\\QtQuick\\Controls\\FluentWinUI3\\dark\\images\\spinbox-indicator-up-background-disabled@2x.png",
      "D:\\Dev\\antigravity\\Dist\\SamsungGallery\\qml\\QtQuick\\Controls\\FluentWinUI3\\dark\\images\\spinbox-indicator-up-background-disabled@3x.png",
      "D:\\Dev\\antigravity\\Dist\\SamsungGallery\\qml\\QtQuick\\Controls\\FluentWinUI3\\dark\\images\\spinbox-indicator-up-background-down-hovered.png",
      "D:\\Dev\\antigravity\\Dist\\SamsungGallery\\qml\\QtQuick\\Controls\\FluentWinUI3\\dark\\images\\spinbox-indicator-up-background-down-hovered@2x.png",
      "D:\\Dev\\antigravity\\Dist\\SamsungGallery\\qml\\QtQuick\\Controls\\FluentWinUI3\\dark\\images\\spinbox-indicator-up-background-down-hovered@3x.png",
      "D:\\Dev\\antigravity\\Dist\\SamsungGallery\\qml\\QtQuick\\Controls\\FluentWinUI3\\dark\\images\\spinbox-indicator-up-background-down-pressed.png",
      "D:\\Dev\\antigravity\\Dist\\SamsungGallery\\qml\\QtQuick\\Controls\\FluentWinUI3\\dark\\images\\spinbox-indicator-up-background-down-pressed@2x.png",
      "D:\\Dev\\antigravity\\Dist\\SamsungGallery\\qml\\QtQuick\\Controls\\FluentWinUI3\\dark\\images\\spinbox-indicator-up-background-down-pressed@3x.png",
      "D:\\Dev\\antigravity\\Dist\\SamsungGallery\\qml\\QtQuick\\Controls\\FluentWinUI3\\dark\\images\\spinbox-indicator-up-background-hovered.png",
      "D:\\Dev\\antigravity\\Dist\\SamsungGallery\\qml\\QtQuick\\Controls\\FluentWinUI3\\dark\\images\\spinbox-indicator-up-background-hovered@2x.png",
      "D:\\Dev\\antigravity\\Dist\\SamsungGallery\\qml\\QtQuick\\Controls\\FluentWinUI3\\dark\\images\\spinbox-indicator-up-background-hovered@3x.png",
      "D:\\Dev\\antigravity\\Dist\\SamsungGallery\\qml\\QtQuick\\Controls\\FluentWinUI3\\dark\\images\\spinbox-indicator-up-background-up-hovered.png",
      "D:\\Dev\\antigravity\\Dist\\SamsungGallery\\qml\\QtQuick\\Controls\\FluentWinUI3\\dark\\images\\spinbox-indicator-up-background-up-hovered@2x.png",
      "D:\\Dev\\antigravity\\Dist\\SamsungGallery\\qml\\QtQuick\\Controls\\FluentWinUI3\\dark\\images\\spinbox-indicator-up-background-up-hovered@3x.png",
      "D:\\Dev\\antigravity\\Dist\\SamsungGallery\\qml\\QtQuick\\Controls\\FluentWinUI3\\dark\\images\\spinbox-indicator-up-background-up-pressed.png",
      "D:\\Dev\\antigravity\\Dist\\SamsungGallery\\qml\\QtQuick\\Controls\\FluentWinUI3\\dark\\images\\spinbox-indicator-up-background-up-pressed@2x.png",
      "D:\\Dev\\antigravity\\Dist\\SamsungGallery\\qml\\QtQuick\\Controls\\FluentWinUI3\\dark\\images\\spinbox-indicator-up-background-up-pressed@3x.png",
      "D:\\Dev\\antigravity\\Dist\\SamsungGallery\\qml\\QtQuick\\Controls\\FluentWinUI3\\dark\\images\\spinbox-indicator-up-background.png",
      "D:\\Dev\\antigravity\\Dist\\SamsungGallery\\qml\\QtQuick\\Controls\\FluentWinUI3\\dark\\images\\spinbox-indicator-up-background@2x.png",
      "D:\\Dev\\antigravity\\Dist\\SamsungGallery\\qml\\QtQuick\\Controls\\FluentWinUI3\\dark\\images\\spinbox-indicator-up-background@3x.png",
      "D:\\Dev\\antigravity\\Dist\\SamsungGallery\\qml\\QtQuick\\Controls\\FluentWinUI3\\dark\\images\\spinbox-indicator-up-icon-atlimit.png",
      "D:\\Dev\\antigravity\\Dist\\SamsungGallery\\qml\\QtQuick\\Controls\\FluentWinUI3\\dark\\images\\spinbox-indicator-up-icon-atlimit@2x.png",
      "D:\\Dev\\antigravity\\Dist\\SamsungGallery\\qml\\QtQuick\\Controls\\FluentWinUI3\\dark\\images\\spinbox-indicator-up-icon-atlimit@3x.png",
      "D:\\Dev\\antigravity\\Dist\\SamsungGallery\\qml\\QtQuick\\Controls\\FluentWinUI3\\dark\\images\\spinbox-indicator-up-icon-disabled.png",
      "D:\\Dev\\antigravity\\Dist\\SamsungGallery\\qml\\QtQuick\\Controls\\FluentWinUI3\\dark\\images\\spinbox-indicator-up-icon-disabled@2x.png",
      "D:\\Dev\\antigravity\\Dist\\SamsungGallery\\qml\\QtQuick\\Controls\\FluentWinUI3\\dark\\images\\spinbox-indicator-up-icon-disabled@3x.png",
      "D:\\Dev\\antigravity\\Dist\\SamsungGallery\\qml\\QtQuick\\Controls\\FluentWinUI3\\dark\\images\\spinbox-indicator-up-icon-down-hovered.png",
      "D:\\Dev\\antigravity\\Dist\\SamsungGallery\\qml\\QtQuick\\Controls\\FluentWinUI3\\dark\\images\\spinbox-indicator-up-icon-down-hovered@2x.png",
      "D:\\Dev\\antigravity\\Dist\\SamsungGallery\\qml\\QtQuick\\Controls\\FluentWinUI3\\dark\\images\\spinbox-indicator-up-icon-down-hovered@3x.png",
      "D:\\Dev\\antigravity\\Dist\\SamsungGallery\\qml\\QtQuick\\Controls\\FluentWinUI3\\dark\\images\\spinbox-indicator-up-icon-down-pressed.png",
      "D:\\Dev\\antigravity\\Dist\\SamsungGallery\\qml\\QtQuick\\Controls\\FluentWinUI3\\dark\\images\\spinbox-indicator-up-icon-down-pressed@2x.png",
      "D:\\Dev\\antigravity\\Dist\\SamsungGallery\\qml\\QtQuick\\Controls\\FluentWinUI3\\dark\\images\\spinbox-indicator-up-icon-down-pressed@3x.png",
      "D:\\Dev\\antigravity\\Dist\\SamsungGallery\\qml\\QtQuick\\Controls\\FluentWinUI3\\dark\\images\\spinbox-indicator-up-icon-hovered.png",
      "D:\\Dev\\antigravity\\Dist\\SamsungGallery\\qml\\QtQuick\\Controls\\FluentWinUI3\\dark\\images\\spinbox-indicator-up-icon-hovered@2x.png",
      "D:\\Dev\\antigravity\\Dist\\SamsungGallery\\qml\\QtQuick\\Controls\\FluentWinUI3\\dark\\images\\spinbox-indicator-up-icon-hovered@3x.png",
      "D:\\Dev\\antigravity\\Dist\\SamsungGallery\\qml\\QtQuick\\Controls\\FluentWinUI3\\dark\\images\\spinbox-indicator-up-icon-up-hovered.png",
      "D:\\Dev\\antigravity\\Dist\\SamsungGallery\\qml\\QtQuick\\Controls\\FluentWinUI3\\dark\\images\\spinbox-indicator-up-icon-up-hovered@2x.png",
      "D:\\Dev\\antigravity\\Dist\\SamsungGallery\\qml\\QtQuick\\Controls\\FluentWinUI3\\dark\\images\\spinbox-indicator-up-icon-up-hovered@3x.png",
      "D:\\Dev\\antigravity\\Dist\\SamsungGallery\\qml\\QtQuick\\Controls\\FluentWinUI3\\dark\\images\\spinbox-indicator-up-icon-up-pressed.png",
      "D:\\Dev\\antigravity\\Dist\\SamsungGallery\\qml\\QtQuick\\Controls\\FluentWinUI3\\dark\\images\\spinbox-indicator-up-icon-up-pressed@2x.png",
      "D:\\Dev\\antigravity\\Dist\\SamsungGallery\\qml\\QtQuick\\Controls\\FluentWinUI3\\dark\\images\\spinbox-indicator-up-icon-up-pressed@3x.png",
      "D:\\Dev\\antigravity\\Dist\\SamsungGallery\\qml\\QtQuick\\Controls\\FluentWinUI3\\dark\\images\\spinbox-indicator-up-icon.png",
      "D:\\Dev\\antigravity\\Dist\\SamsungGallery\\qml\\QtQuick\\Controls\\FluentWinUI3\\dark\\images\\spinbox-indicator-up-icon@2x.png",
      "D:\\Dev\\antigravity\\Dist\\SamsungGallery\\qml\\QtQuick\\Controls\\FluentWinUI3\\dark\\images\\spinbox-indicator-up-icon@3x.png",
      "D:\\Dev\\antigravity\\Dist\\SamsungGallery\\qml\\QtQuick\\Controls\\FluentWinUI3\\dark\\images\\textarea-background-disabled.png",
      "D:\\Dev\\antigravity\\Dist\\SamsungGallery\\qml\\QtQuick\\Controls\\FluentWinUI3\\dark\\images\\textarea-background-disabled@2x.png",
      "D:\\Dev\\antigravity\\Dist\\SamsungGallery\\qml\\QtQuick\\Controls\\FluentWinUI3\\dark\\images\\textarea-background-disabled@3x.png",
      "D:\\Dev\\antigravity\\Dist\\SamsungGallery\\qml\\QtQuick\\Controls\\FluentWinUI3\\dark\\images\\textarea-background-focused.png",
      "D:\\Dev\\antigravity\\Dist\\SamsungGallery\\qml\\QtQuick\\Controls\\FluentWinUI3\\dark\\images\\textarea-background-focused@2x.png",
      "D:\\Dev\\antigravity\\Dist\\SamsungGallery\\qml\\QtQuick\\Controls\\FluentWinUI3\\dark\\images\\textarea-background-focused@3x.png",
      "D:\\Dev\\antigravity\\Dist\\SamsungGallery\\qml\\QtQuick\\Controls\\FluentWinUI3\\dark\\images\\textarea-background-hovered.png",
      "D:\\Dev\\antigravity\\Dist\\SamsungGallery\\qml\\QtQuick\\Controls\\FluentWinUI3\\dark\\images\\textarea-background-hovered@2x.png",
      "D:\\Dev\\antigravity\\Dist\\SamsungGallery\\qml\\QtQuick\\Controls\\FluentWinUI3\\dark\\images\\textarea-background-hovered@3x.png",
      "D:\\Dev\\antigravity\\Dist\\SamsungGallery\\qml\\QtQuick\\Controls\\FluentWinUI3\\dark\\images\\textarea-background.png",
      "D:\\Dev\\antigravity\\Dist\\SamsungGallery\\qml\\QtQuick\\Controls\\FluentWinUI3\\dark\\images\\textarea-background@2x.png",
      "D:\\Dev\\antigravity\\Dist\\SamsungGallery\\qml\\QtQuick\\Controls\\FluentWinUI3\\dark\\images\\textarea-background@3x.png",
      "D:\\Dev\\antigravity\\Dist\\SamsungGallery\\qml\\QtQuick\\Controls\\FluentWinUI3\\dark\\images\\textfield-background-disabled.png",
      "D:\\Dev\\antigravity\\Dist\\SamsungGallery\\qml\\QtQuick\\Controls\\FluentWinUI3\\dark\\images\\textfield-background-disabled@2x.png",
      "D:\\Dev\\antigravity\\Dist\\SamsungGallery\\qml\\QtQuick\\Controls\\FluentWinUI3\\dark\\images\\textfield-background-disabled@3x.png",
      "D:\\Dev\\antigravity\\Dist\\SamsungGallery\\qml\\QtQuick\\Controls\\FluentWinUI3\\dark\\images\\textfield-background-focused.png",
      "D:\\Dev\\antigravity\\Dist\\SamsungGallery\\qml\\QtQuick\\Controls\\FluentWinUI3\\dark\\images\\textfield-background-focused@2x.png",
      "D:\\Dev\\antigravity\\Dist\\SamsungGallery\\qml\\QtQuick\\Controls\\FluentWinUI3\\dark\\images\\textfield-background-focused@3x.png",
      "D:\\Dev\\antigravity\\Dist\\SamsungGallery\\qml\\QtQuick\\Controls\\FluentWinUI3\\dark\\images\\textfield-background-hovered.png",
      "D:\\Dev\\antigravity\\Dist\\SamsungGallery\\qml\\QtQuick\\Controls\\FluentWinUI3\\dark\\images\\textfield-background-hovered@2x.png",
      "D:\\Dev\\antigravity\\Dist\\SamsungGallery\\qml\\QtQuick\\Controls\\FluentWinUI3\\dark\\images\\textfield-background-hovered@3x.png",
      "D:\\Dev\\antigravity\\Dist\\SamsungGallery\\qml\\QtQuick\\Controls\\FluentWinUI3\\dark\\images\\textfield-background.png",
      "D:\\Dev\\antigravity\\Dist\\SamsungGallery\\qml\\QtQuick\\Controls\\FluentWinUI3\\dark\\images\\textfield-background@2x.png",
      "D:\\Dev\\antigravity\\Dist\\SamsungGallery\\qml\\QtQuick\\Controls\\FluentWinUI3\\dark\\images\\textfield-background@3x.png",
      "D:\\Dev\\antigravity\\Dist\\SamsungGallery\\qml\\QtQuick\\Controls\\FluentWinUI3\\icons\\checkmark.png",
      "D:\\Dev\\antigravity\\Dist\\SamsungGallery\\qml\\QtQuick\\Controls\\FluentWinUI3\\icons\\checkmark@2x.png",
      "D:\\Dev\\antigravity\\Dist\\SamsungGallery\\qml\\QtQuick\\Controls\\FluentWinUI3\\icons\\checkmark@3x.png",
      "D:\\Dev\\antigravity\\Dist\\SamsungGallery\\qml\\QtQuick\\Controls\\FluentWinUI3\\icons\\menuarrow.png",
      "D:\\Dev\\antigravity\\Dist\\SamsungGallery\\qml\\QtQuick\\Controls\\FluentWinUI3\\icons\\menuarrow@2x.png",
      "D:\\Dev\\antigravity\\Dist\\SamsungGallery\\qml\\QtQuick\\Controls\\FluentWinUI3\\icons\\menuarrow@3x.png",
      "D:\\Dev\\antigravity\\Dist\\SamsungGallery\\qml\\QtQuick\\Controls\\FluentWinUI3\\light\\images\\checkbox-indicator-checked-disabled.png",
      "D:\\Dev\\antigravity\\Dist\\SamsungGallery\\qml\\QtQuick\\Controls\\FluentWinUI3\\light\\images\\checkbox-indicator-checked-disabled@2x.png",
      "D:\\Dev\\antigravity\\Dist\\SamsungGallery\\qml\\QtQuick\\Controls\\FluentWinUI3\\light\\images\\checkbox-indicator-checked-disabled@3x.png",
      "D:\\Dev\\antigravity\\Dist\\SamsungGallery\\qml\\QtQuick\\Controls\\FluentWinUI3\\light\\images\\checkbox-indicator-checked-hovered.png",
      "D:\\Dev\\antigravity\\Dist\\SamsungGallery\\qml\\QtQuick\\Controls\\FluentWinUI3\\light\\images\\checkbox-indicator-checked-hovered@2x.png",
      "D:\\Dev\\antigravity\\Dist\\SamsungGallery\\qml\\QtQuick\\Controls\\FluentWinUI3\\light\\images\\checkbox-indicator-checked-hovered@3x.png",
      "D:\\Dev\\antigravity\\Dist\\SamsungGallery\\qml\\QtQuick\\Controls\\FluentWinUI3\\light\\images\\checkbox-indicator-checked-pressed.png",
      "D:\\Dev\\antigravity\\Dist\\SamsungGallery\\qml\\QtQuick\\Controls\\FluentWinUI3\\light\\images\\checkbox-indicator-checked-pressed@2x.png",
      "D:\\Dev\\antigravity\\Dist\\SamsungGallery\\qml\\QtQuick\\Controls\\FluentWinUI3\\light\\images\\checkbox-indicator-checked-pressed@3x.png",
      "D:\\Dev\\antigravity\\Dist\\SamsungGallery\\qml\\QtQuick\\Controls\\FluentWinUI3\\light\\images\\checkbox-indicator-checked.png",
      "D:\\Dev\\antigravity\\Dist\\SamsungGallery\\qml\\QtQuick\\Controls\\FluentWinUI3\\light\\images\\checkbox-indicator-checked@2x.png",
      "D:\\Dev\\antigravity\\Dist\\SamsungGallery\\qml\\QtQuick\\Controls\\FluentWinUI3\\light\\images\\checkbox-indicator-checked@3x.png",
      "D:\\Dev\\antigravity\\Dist\\SamsungGallery\\qml\\QtQuick\\Controls\\FluentWinUI3\\light\\images\\checkbox-indicator-disabled-partiallyChecked.png",
      "D:\\Dev\\antigravity\\Dist\\SamsungGallery\\qml\\QtQuick\\Controls\\FluentWinUI3\\light\\images\\checkbox-indicator-disabled-partiallyChecked@2x.png",
      "D:\\Dev\\antigravity\\Dist\\SamsungGallery\\qml\\QtQuick\\Controls\\FluentWinUI3\\light\\images\\checkbox-indicator-disabled-partiallyChecked@3x.png",
      "D:\\Dev\\antigravity\\Dist\\SamsungGallery\\qml\\QtQuick\\Controls\\FluentWinUI3\\light\\images\\checkbox-indicator-disabled.png",
      "D:\\Dev\\antigravity\\Dist\\SamsungGallery\\qml\\QtQuick\\Controls\\FluentWinUI3\\light\\images\\checkbox-indicator-disabled@2x.png",
      "D:\\Dev\\antigravity\\Dist\\SamsungGallery\\qml\\QtQuick\\Controls\\FluentWinUI3\\light\\images\\checkbox-indicator-disabled@3x.png",
      "D:\\Dev\\antigravity\\Dist\\SamsungGallery\\qml\\QtQuick\\Controls\\FluentWinUI3\\light\\images\\checkbox-indicator-hovered-partiallyChecked.png",
      "D:\\Dev\\antigravity\\Dist\\SamsungGallery\\qml\\QtQuick\\Controls\\FluentWinUI3\\light\\images\\checkbox-indicator-hovered-partiallyChecked@2x.png",
      "D:\\Dev\\antigravity\\Dist\\SamsungGallery\\qml\\QtQuick\\Controls\\FluentWinUI3\\light\\images\\checkbox-indicator-hovered-partiallyChecked@3x.png",
      "D:\\Dev\\antigravity\\Dist\\SamsungGallery\\qml\\QtQuick\\Controls\\FluentWinUI3\\light\\images\\checkbox-indicator-hovered.png",
      "D:\\Dev\\antigravity\\Dist\\SamsungGallery\\qml\\QtQuick\\Controls\\FluentWinUI3\\light\\images\\checkbox-indicator-hovered@2x.png",
      "D:\\Dev\\antigravity\\Dist\\SamsungGallery\\qml\\QtQuick\\Controls\\FluentWinUI3\\light\\images\\checkbox-indicator-hovered@3x.png",
      "D:\\Dev\\antigravity\\Dist\\SamsungGallery\\qml\\QtQuick\\Controls\\FluentWinUI3\\light\\images\\checkbox-indicator-partiallyChecked-pressed.png",
      "D:\\Dev\\antigravity\\Dist\\SamsungGallery\\qml\\QtQuick\\Controls\\FluentWinUI3\\light\\images\\checkbox-indicator-partiallyChecked-pressed@2x.png",
      "D:\\Dev\\antigravity\\Dist\\SamsungGallery\\qml\\QtQuick\\Controls\\FluentWinUI3\\light\\images\\checkbox-indicator-partiallyChecked-pressed@3x.png",
      "D:\\Dev\\antigravity\\Dist\\SamsungGallery\\qml\\QtQuick\\Controls\\FluentWinUI3\\light\\images\\checkbox-indicator-partiallyChecked.png",
      "D:\\Dev\\antigravity\\Dist\\SamsungGallery\\qml\\QtQuick\\Controls\\FluentWinUI3\\light\\images\\checkbox-indicator-partiallyChecked@2x.png",
      "D:\\Dev\\antigravity\\Dist\\SamsungGallery\\qml\\QtQuick\\Controls\\FluentWinUI3\\light\\images\\checkbox-indicator-partiallyChecked@3x.png",
      "D:\\Dev\\antigravity\\Dist\\SamsungGallery\\qml\\QtQuick\\Controls\\FluentWinUI3\\light\\images\\checkbox-indicator-pressed.png",
      "D:\\Dev\\antigravity\\Dist\\SamsungGallery\\qml\\QtQuick\\Controls\\FluentWinUI3\\light\\images\\checkbox-indicator-pressed@2x.png",
      "D:\\Dev\\antigravity\\Dist\\SamsungGallery\\qml\\QtQuick\\Controls\\FluentWinUI3\\light\\images\\checkbox-indicator-pressed@3x.png",
      "D:\\Dev\\antigravity\\Dist\\SamsungGallery\\qml\\QtQuick\\Controls\\FluentWinUI3\\light\\images\\checkbox-indicator.png",
      "D:\\Dev\\antigravity\\Dist\\SamsungGallery\\qml\\QtQuick\\Controls\\FluentWinUI3\\light\\images\\checkbox-indicator@2x.png",
      "D:\\Dev\\antigravity\\Dist\\SamsungGallery\\qml\\QtQuick\\Controls\\FluentWinUI3\\light\\images\\checkbox-indicator@3x.png",
      "D:\\Dev\\antigravity\\Dist\\SamsungGallery\\qml\\QtQuick\\Controls\\FluentWinUI3\\light\\images\\combobox-background-disabled.png",
      "D:\\Dev\\antigravity\\Dist\\SamsungGallery\\qml\\QtQuick\\Controls\\FluentWinUI3\\light\\images\\combobox-background-disabled@2x.png",
      "D:\\Dev\\antigravity\\Dist\\SamsungGallery\\qml\\QtQuick\\Controls\\FluentWinUI3\\light\\images\\combobox-background-disabled@3x.png",
      "D:\\Dev\\antigravity\\Dist\\SamsungGallery\\qml\\QtQuick\\Controls\\FluentWinUI3\\light\\images\\combobox-background-focused.png",
      "D:\\Dev\\antigravity\\Dist\\SamsungGallery\\qml\\QtQuick\\Controls\\FluentWinUI3\\light\\images\\combobox-background-focused@2x.png",
      "D:\\Dev\\antigravity\\Dist\\SamsungGallery\\qml\\QtQuick\\Controls\\FluentWinUI3\\light\\images\\combobox-background-focused@3x.png",
      "D:\\Dev\\antigravity\\Dist\\SamsungGallery\\qml\\QtQuick\\Controls\\FluentWinUI3\\light\\images\\combobox-background-hovered-open.png",
      "D:\\Dev\\antigravity\\Dist\\SamsungGallery\\qml\\QtQuick\\Controls\\FluentWinUI3\\light\\images\\combobox-background-hovered-open@2x.png",
      "D:\\Dev\\antigravity\\Dist\\SamsungGallery\\qml\\QtQuick\\Controls\\FluentWinUI3\\light\\images\\combobox-background-hovered-open@3x.png",
      "D:\\Dev\\antigravity\\Dist\\SamsungGallery\\qml\\QtQuick\\Controls\\FluentWinUI3\\light\\images\\combobox-background-hovered.png",
      "D:\\Dev\\antigravity\\Dist\\SamsungGallery\\qml\\QtQuick\\Controls\\FluentWinUI3\\light\\images\\combobox-background-hovered@2x.png",
      "D:\\Dev\\antigravity\\Dist\\SamsungGallery\\qml\\QtQuick\\Controls\\FluentWinUI3\\light\\images\\combobox-background-hovered@3x.png",
      "D:\\Dev\\antigravity\\Dist\\SamsungGallery\\qml\\QtQuick\\Controls\\FluentWinUI3\\light\\images\\combobox-background-open-pressed.png",
      "D:\\Dev\\antigravity\\Dist\\SamsungGallery\\qml\\QtQuick\\Controls\\FluentWinUI3\\light\\images\\combobox-background-open-pressed@2x.png",
      "D:\\Dev\\antigravity\\Dist\\SamsungGallery\\qml\\QtQuick\\Controls\\FluentWinUI3\\light\\images\\combobox-background-open-pressed@3x.png",
      "D:\\Dev\\antigravity\\Dist\\SamsungGallery\\qml\\QtQuick\\Controls\\FluentWinUI3\\light\\images\\combobox-background-open.png",
      "D:\\Dev\\antigravity\\Dist\\SamsungGallery\\qml\\QtQuick\\Controls\\FluentWinUI3\\light\\images\\combobox-background-open@2x.png",
      "D:\\Dev\\antigravity\\Dist\\SamsungGallery\\qml\\QtQuick\\Controls\\FluentWinUI3\\light\\images\\combobox-background-open@3x.png",
      "D:\\Dev\\antigravity\\Dist\\SamsungGallery\\qml\\QtQuick\\Controls\\FluentWinUI3\\light\\images\\combobox-background-pressed.png",
      "D:\\Dev\\antigravity\\Dist\\SamsungGallery\\qml\\QtQuick\\Controls\\FluentWinUI3\\light\\images\\combobox-background-pressed@2x.png",
      "D:\\Dev\\antigravity\\Dist\\SamsungGallery\\qml\\QtQuick\\Controls\\FluentWinUI3\\light\\images\\combobox-background-pressed@3x.png",
      "D:\\Dev\\antigravity\\Dist\\SamsungGallery\\qml\\QtQuick\\Controls\\FluentWinUI3\\light\\images\\combobox-background.png",
      "D:\\Dev\\antigravity\\Dist\\SamsungGallery\\qml\\QtQuick\\Controls\\FluentWinUI3\\light\\images\\combobox-background@2x.png",
      "D:\\Dev\\antigravity\\Dist\\SamsungGallery\\qml\\QtQuick\\Controls\\FluentWinUI3\\light\\images\\combobox-background@3x.png",
      "D:\\Dev\\antigravity\\Dist\\SamsungGallery\\qml\\QtQuick\\Controls\\FluentWinUI3\\light\\images\\combobox-indicator-disabled.png",
      "D:\\Dev\\antigravity\\Dist\\SamsungGallery\\qml\\QtQuick\\Controls\\FluentWinUI3\\light\\images\\combobox-indicator-disabled@2x.png",
      "D:\\Dev\\antigravity\\Dist\\SamsungGallery\\qml\\QtQuick\\Controls\\FluentWinUI3\\light\\images\\combobox-indicator-disabled@3x.png",
      "D:\\Dev\\antigravity\\Dist\\SamsungGallery\\qml\\QtQuick\\Controls\\FluentWinUI3\\light\\images\\combobox-indicator-focused.png",
      "D:\\Dev\\antigravity\\Dist\\SamsungGallery\\qml\\QtQuick\\Controls\\FluentWinUI3\\light\\images\\combobox-indicator-focused@2x.png",
      "D:\\Dev\\antigravity\\Dist\\SamsungGallery\\qml\\QtQuick\\Controls\\FluentWinUI3\\light\\images\\combobox-indicator-focused@3x.png",
      "D:\\Dev\\antigravity\\Dist\\SamsungGallery\\qml\\QtQuick\\Controls\\FluentWinUI3\\light\\images\\combobox-indicator-hovered-open.png",
      "D:\\Dev\\antigravity\\Dist\\SamsungGallery\\qml\\QtQuick\\Controls\\FluentWinUI3\\light\\images\\combobox-indicator-hovered-open@2x.png",
      "D:\\Dev\\antigravity\\Dist\\SamsungGallery\\qml\\QtQuick\\Controls\\FluentWinUI3\\light\\images\\combobox-indicator-hovered-open@3x.png",
      "D:\\Dev\\antigravity\\Dist\\SamsungGallery\\qml\\QtQuick\\Controls\\FluentWinUI3\\light\\images\\combobox-indicator-hovered.png",
      "D:\\Dev\\antigravity\\Dist\\SamsungGallery\\qml\\QtQuick\\Controls\\FluentWinUI3\\light\\images\\combobox-indicator-hovered@2x.png",
      "D:\\Dev\\antigravity\\Dist\\SamsungGallery\\qml\\QtQuick\\Controls\\FluentWinUI3\\light\\images\\combobox-indicator-hovered@3x.png",
      "D:\\Dev\\antigravity\\Dist\\SamsungGallery\\qml\\QtQuick\\Controls\\FluentWinUI3\\light\\images\\combobox-indicator-open-pressed.png",
      "D:\\Dev\\antigravity\\Dist\\SamsungGallery\\qml\\QtQuick\\Controls\\FluentWinUI3\\light\\images\\combobox-indicator-open-pressed@2x.png",
      "D:\\Dev\\antigravity\\Dist\\SamsungGallery\\qml\\QtQuick\\Controls\\FluentWinUI3\\light\\images\\combobox-indicator-open-pressed@3x.png",
      "D:\\Dev\\antigravity\\Dist\\SamsungGallery\\qml\\QtQuick\\Controls\\FluentWinUI3\\light\\images\\combobox-indicator-open.png",
      "D:\\Dev\\antigravity\\Dist\\SamsungGallery\\qml\\QtQuick\\Controls\\FluentWinUI3\\light\\images\\combobox-indicator-open@2x.png",
      "D:\\Dev\\antigravity\\Dist\\SamsungGallery\\qml\\QtQuick\\Controls\\FluentWinUI3\\light\\images\\combobox-indicator-open@3x.png",
      "D:\\Dev\\antigravity\\Dist\\SamsungGallery\\qml\\QtQuick\\Controls\\FluentWinUI3\\light\\images\\combobox-indicator-pressed.png",
      "D:\\Dev\\antigravity\\Dist\\SamsungGallery\\qml\\QtQuick\\Controls\\FluentWinUI3\\light\\images\\combobox-indicator-pressed@2x.png",
      "D:\\Dev\\antigravity\\Dist\\SamsungGallery\\qml\\QtQuick\\Controls\\FluentWinUI3\\light\\images\\combobox-indicator-pressed@3x.png",
      "D:\\Dev\\antigravity\\Dist\\SamsungGallery\\qml\\QtQuick\\Controls\\FluentWinUI3\\light\\images\\combobox-indicator.png",
      "D:\\Dev\\antigravity\\Dist\\SamsungGallery\\qml\\QtQuick\\Controls\\FluentWinUI3\\light\\images\\combobox-indicator@2x.png",
      "D:\\Dev\\antigravity\\Dist\\SamsungGallery\\qml\\QtQuick\\Controls\\FluentWinUI3\\light\\images\\combobox-indicator@3x.png",
      "D:\\Dev\\antigravity\\Dist\\SamsungGallery\\qml\\QtQuick\\Controls\\FluentWinUI3\\light\\images\\editablecombobox-background-hovered-open.png",
      "D:\\Dev\\antigravity\\Dist\\SamsungGallery\\qml\\QtQuick\\Controls\\FluentWinUI3\\light\\images\\editablecombobox-background-hovered-open@2x.png",
      "D:\\Dev\\antigravity\\Dist\\SamsungGallery\\qml\\QtQuick\\Controls\\FluentWinUI3\\light\\images\\editablecombobox-background-hovered-open@3x.png",
      "D:\\Dev\\antigravity\\Dist\\SamsungGallery\\qml\\QtQuick\\Controls\\FluentWinUI3\\light\\images\\editablecombobox-background-open-pressed.png",
      "D:\\Dev\\antigravity\\Dist\\SamsungGallery\\qml\\QtQuick\\Controls\\FluentWinUI3\\light\\images\\editablecombobox-background-open-pressed@2x.png",
      "D:\\Dev\\antigravity\\Dist\\SamsungGallery\\qml\\QtQuick\\Controls\\FluentWinUI3\\light\\images\\editablecombobox-background-open-pressed@3x.png",
      "D:\\Dev\\antigravity\\Dist\\SamsungGallery\\qml\\QtQuick\\Controls\\FluentWinUI3\\light\\images\\editablecombobox-background-open.png",
      "D:\\Dev\\antigravity\\Dist\\SamsungGallery\\qml\\QtQuick\\Controls\\FluentWinUI3\\light\\images\\editablecombobox-background-open@2x.png",
      "D:\\Dev\\antigravity\\Dist\\SamsungGallery\\qml\\QtQuick\\Controls\\FluentWinUI3\\light\\images\\editablecombobox-background-open@3x.png",
      "D:\\Dev\\antigravity\\Dist\\SamsungGallery\\qml\\QtQuick\\Controls\\FluentWinUI3\\light\\images\\editablecombobox-indicator-hovered-open.png",
      "D:\\Dev\\antigravity\\Dist\\SamsungGallery\\qml\\QtQuick\\Controls\\FluentWinUI3\\light\\images\\editablecombobox-indicator-hovered-open@2x.png",
      "D:\\Dev\\antigravity\\Dist\\SamsungGallery\\qml\\QtQuick\\Controls\\FluentWinUI3\\light\\images\\editablecombobox-indicator-hovered-open@3x.png",
      "D:\\Dev\\antigravity\\Dist\\SamsungGallery\\qml\\QtQuick\\Controls\\FluentWinUI3\\light\\images\\editablecombobox-indicator-open-pressed.png",
      "D:\\Dev\\antigravity\\Dist\\SamsungGallery\\qml\\QtQuick\\Controls\\FluentWinUI3\\light\\images\\editablecombobox-indicator-open-pressed@2x.png",
      "D:\\Dev\\antigravity\\Dist\\SamsungGallery\\qml\\QtQuick\\Controls\\FluentWinUI3\\light\\images\\editablecombobox-indicator-open-pressed@3x.png",
      "D:\\Dev\\antigravity\\Dist\\SamsungGallery\\qml\\QtQuick\\Controls\\FluentWinUI3\\light\\images\\editablecombobox-indicator-open.png",
      "D:\\Dev\\antigravity\\Dist\\SamsungGallery\\qml\\QtQuick\\Controls\\FluentWinUI3\\light\\images\\editablecombobox-indicator-open@2x.png",
      "D:\\Dev\\antigravity\\Dist\\SamsungGallery\\qml\\QtQuick\\Controls\\FluentWinUI3\\light\\images\\editablecombobox-indicator-open@3x.png",
      "D:\\Dev\\antigravity\\Dist\\SamsungGallery\\qml\\QtQuick\\Controls\\FluentWinUI3\\light\\images\\editablecombobox-popup-background-hovered-open.png",
      "D:\\Dev\\antigravity\\Dist\\SamsungGallery\\qml\\QtQuick\\Controls\\FluentWinUI3\\light\\images\\editablecombobox-popup-background-hovered-open@2x.png",
      "D:\\Dev\\antigravity\\Dist\\SamsungGallery\\qml\\QtQuick\\Controls\\FluentWinUI3\\light\\images\\editablecombobox-popup-background-hovered-open@3x.png",
      "D:\\Dev\\antigravity\\Dist\\SamsungGallery\\qml\\QtQuick\\Controls\\FluentWinUI3\\light\\images\\editablecombobox-popup-background-open-pressed.png",
      "D:\\Dev\\antigravity\\Dist\\SamsungGallery\\qml\\QtQuick\\Controls\\FluentWinUI3\\light\\images\\editablecombobox-popup-background-open-pressed@2x.png",
      "D:\\Dev\\antigravity\\Dist\\SamsungGallery\\qml\\QtQuick\\Controls\\FluentWinUI3\\light\\images\\editablecombobox-popup-background-open-pressed@3x.png",
      "D:\\Dev\\antigravity\\Dist\\SamsungGallery\\qml\\QtQuick\\Controls\\FluentWinUI3\\light\\images\\editablecombobox-popup-background-open.png",
      "D:\\Dev\\antigravity\\Dist\\SamsungGallery\\qml\\QtQuick\\Controls\\FluentWinUI3\\light\\images\\editablecombobox-popup-background-open@2x.png",
      "D:\\Dev\\antigravity\\Dist\\SamsungGallery\\qml\\QtQuick\\Controls\\FluentWinUI3\\light\\images\\editablecombobox-popup-background-open@3x.png",
      "D:\\Dev\\antigravity\\Dist\\SamsungGallery\\qml\\QtQuick\\Controls\\FluentWinUI3\\light\\images\\frame-background-disabled.png",
      "D:\\Dev\\antigravity\\Dist\\SamsungGallery\\qml\\QtQuick\\Controls\\FluentWinUI3\\light\\images\\frame-background-disabled@2x.png",
      "D:\\Dev\\antigravity\\Dist\\SamsungGallery\\qml\\QtQuick\\Controls\\FluentWinUI3\\light\\images\\frame-background-disabled@3x.png",
      "D:\\Dev\\antigravity\\Dist\\SamsungGallery\\qml\\QtQuick\\Controls\\FluentWinUI3\\light\\images\\frame-background.png",
      "D:\\Dev\\antigravity\\Dist\\SamsungGallery\\qml\\QtQuick\\Controls\\FluentWinUI3\\light\\images\\frame-background@2x.png",
      "D:\\Dev\\antigravity\\Dist\\SamsungGallery\\qml\\QtQuick\\Controls\\FluentWinUI3\\light\\images\\frame-background@3x.png",
      "D:\\Dev\\antigravity\\Dist\\SamsungGallery\\qml\\QtQuick\\Controls\\FluentWinUI3\\light\\images\\itemdelegate-background-highlighted-hovered.png",
      "D:\\Dev\\antigravity\\Dist\\SamsungGallery\\qml\\QtQuick\\Controls\\FluentWinUI3\\light\\images\\itemdelegate-background-highlighted-hovered@2x.png",
      "D:\\Dev\\antigravity\\Dist\\SamsungGallery\\qml\\QtQuick\\Controls\\FluentWinUI3\\light\\images\\itemdelegate-background-highlighted-hovered@3x.png",
      "D:\\Dev\\antigravity\\Dist\\SamsungGallery\\qml\\QtQuick\\Controls\\FluentWinUI3\\light\\images\\itemdelegate-background-highlighted-pressed.png",
      "D:\\Dev\\antigravity\\Dist\\SamsungGallery\\qml\\QtQuick\\Controls\\FluentWinUI3\\light\\images\\itemdelegate-background-highlighted-pressed@2x.png",
      "D:\\Dev\\antigravity\\Dist\\SamsungGallery\\qml\\QtQuick\\Controls\\FluentWinUI3\\light\\images\\itemdelegate-background-highlighted-pressed@3x.png",
      "D:\\Dev\\antigravity\\Dist\\SamsungGallery\\qml\\QtQuick\\Controls\\FluentWinUI3\\light\\images\\itemdelegate-background-highlighted.png",
      "D:\\Dev\\antigravity\\Dist\\SamsungGallery\\qml\\QtQuick\\Controls\\FluentWinUI3\\light\\images\\itemdelegate-background-highlighted@2x.png",
      "D:\\Dev\\antigravity\\Dist\\SamsungGallery\\qml\\QtQuick\\Controls\\FluentWinUI3\\light\\images\\itemdelegate-background-highlighted@3x.png",
      "D:\\Dev\\antigravity\\Dist\\SamsungGallery\\qml\\QtQuick\\Controls\\FluentWinUI3\\light\\images\\itemdelegate-background-hovered.png",
      "D:\\Dev\\antigravity\\Dist\\SamsungGallery\\qml\\QtQuick\\Controls\\FluentWinUI3\\light\\images\\itemdelegate-background-hovered@2x.png",
      "D:\\Dev\\antigravity\\Dist\\SamsungGallery\\qml\\QtQuick\\Controls\\FluentWinUI3\\light\\images\\itemdelegate-background-hovered@3x.png",
      "D:\\Dev\\antigravity\\Dist\\SamsungGallery\\qml\\QtQuick\\Controls\\FluentWinUI3\\light\\images\\itemdelegate-background-pressed.png",
      "D:\\Dev\\antigravity\\Dist\\SamsungGallery\\qml\\QtQuick\\Controls\\FluentWinUI3\\light\\images\\itemdelegate-background-pressed@2x.png",
      "D:\\Dev\\antigravity\\Dist\\SamsungGallery\\qml\\QtQuick\\Controls\\FluentWinUI3\\light\\images\\itemdelegate-background-pressed@3x.png",
      "D:\\Dev\\antigravity\\Dist\\SamsungGallery\\qml\\QtQuick\\Controls\\FluentWinUI3\\light\\images\\pageindicatordelegate-indicator-delegate-current-hovered.png",
      "D:\\Dev\\antigravity\\Dist\\SamsungGallery\\qml\\QtQuick\\Controls\\FluentWinUI3\\light\\images\\pageindicatordelegate-indicator-delegate-current-hovered@2x.png",
      "D:\\Dev\\antigravity\\Dist\\SamsungGallery\\qml\\QtQuick\\Controls\\FluentWinUI3\\light\\images\\pageindicatordelegate-indicator-delegate-current-hovered@3x.png",
      "D:\\Dev\\antigravity\\Dist\\SamsungGallery\\qml\\QtQuick\\Controls\\FluentWinUI3\\light\\images\\pageindicatordelegate-indicator-delegate-current-pressed.png",
      "D:\\Dev\\antigravity\\Dist\\SamsungGallery\\qml\\QtQuick\\Controls\\FluentWinUI3\\light\\images\\pageindicatordelegate-indicator-delegate-current-pressed@2x.png",
      "D:\\Dev\\antigravity\\Dist\\SamsungGallery\\qml\\QtQuick\\Controls\\FluentWinUI3\\light\\images\\pageindicatordelegate-indicator-delegate-current-pressed@3x.png",
      "D:\\Dev\\antigravity\\Dist\\SamsungGallery\\qml\\QtQuick\\Controls\\FluentWinUI3\\light\\images\\pageindicatordelegate-indicator-delegate-current.png",
      "D:\\Dev\\antigravity\\Dist\\SamsungGallery\\qml\\QtQuick\\Controls\\FluentWinUI3\\light\\images\\pageindicatordelegate-indicator-delegate-current@2x.png",
      "D:\\Dev\\antigravity\\Dist\\SamsungGallery\\qml\\QtQuick\\Controls\\FluentWinUI3\\light\\images\\pageindicatordelegate-indicator-delegate-current@3x.png",
      "D:\\Dev\\antigravity\\Dist\\SamsungGallery\\qml\\QtQuick\\Controls\\FluentWinUI3\\light\\images\\pageindicatordelegate-indicator-delegate-pressed.png",
      "D:\\Dev\\antigravity\\Dist\\SamsungGallery\\qml\\QtQuick\\Controls\\FluentWinUI3\\light\\images\\pageindicatordelegate-indicator-delegate-pressed@2x.png",
      "D:\\Dev\\antigravity\\Dist\\SamsungGallery\\qml\\QtQuick\\Controls\\FluentWinUI3\\light\\images\\pageindicatordelegate-indicator-delegate-pressed@3x.png",
      "D:\\Dev\\antigravity\\Dist\\SamsungGallery\\qml\\QtQuick\\Controls\\FluentWinUI3\\light\\images\\pageindicatordelegate-indicator-disabled.png",
      "D:\\Dev\\antigravity\\Dist\\SamsungGallery\\qml\\QtQuick\\Controls\\FluentWinUI3\\light\\images\\pageindicatordelegate-indicator-disabled@2x.png",
      "D:\\Dev\\antigravity\\Dist\\SamsungGallery\\qml\\QtQuick\\Controls\\FluentWinUI3\\light\\images\\pageindicatordelegate-indicator-disabled@3x.png",
      "D:\\Dev\\antigravity\\Dist\\SamsungGallery\\qml\\QtQuick\\Controls\\FluentWinUI3\\light\\images\\pageindicatordelegate-indicator-hovered.png",
      "D:\\Dev\\antigravity\\Dist\\SamsungGallery\\qml\\QtQuick\\Controls\\FluentWinUI3\\light\\images\\pageindicatordelegate-indicator-hovered@2x.png",
      "D:\\Dev\\antigravity\\Dist\\SamsungGallery\\qml\\QtQuick\\Controls\\FluentWinUI3\\light\\images\\pageindicatordelegate-indicator-hovered@3x.png",
      "D:\\Dev\\antigravity\\Dist\\SamsungGallery\\qml\\QtQuick\\Controls\\FluentWinUI3\\light\\images\\pageindicatordelegate-indicator.png",
      "D:\\Dev\\antigravity\\Dist\\SamsungGallery\\qml\\QtQuick\\Controls\\FluentWinUI3\\light\\images\\pageindicatordelegate-indicator@2x.png",
      "D:\\Dev\\antigravity\\Dist\\SamsungGallery\\qml\\QtQuick\\Controls\\FluentWinUI3\\light\\images\\pageindicatordelegate-indicator@3x.png",
      "D:\\Dev\\antigravity\\Dist\\SamsungGallery\\qml\\QtQuick\\Controls\\FluentWinUI3\\light\\images\\popup-background.png",
      "D:\\Dev\\antigravity\\Dist\\SamsungGallery\\qml\\QtQuick\\Controls\\FluentWinUI3\\light\\images\\popup-background@2x.png",
      "D:\\Dev\\antigravity\\Dist\\SamsungGallery\\qml\\QtQuick\\Controls\\FluentWinUI3\\light\\images\\popup-background@3x.png",
      "D:\\Dev\\antigravity\\Dist\\SamsungGallery\\qml\\QtQuick\\Controls\\FluentWinUI3\\light\\images\\progressbar-groove-disabled.png",
      "D:\\Dev\\antigravity\\Dist\\SamsungGallery\\qml\\QtQuick\\Controls\\FluentWinUI3\\light\\images\\progressbar-groove-disabled@2x.png",
      "D:\\Dev\\antigravity\\Dist\\SamsungGallery\\qml\\QtQuick\\Controls\\FluentWinUI3\\light\\images\\progressbar-groove-disabled@3x.png",
      "D:\\Dev\\antigravity\\Dist\\SamsungGallery\\qml\\QtQuick\\Controls\\FluentWinUI3\\light\\images\\progressbar-groove.png",
      "D:\\Dev\\antigravity\\Dist\\SamsungGallery\\qml\\QtQuick\\Controls\\FluentWinUI3\\light\\images\\progressbar-groove@2x.png",
      "D:\\Dev\\antigravity\\Dist\\SamsungGallery\\qml\\QtQuick\\Controls\\FluentWinUI3\\light\\images\\progressbar-groove@3x.png",
      "D:\\Dev\\antigravity\\Dist\\SamsungGallery\\qml\\QtQuick\\Controls\\FluentWinUI3\\light\\images\\radiobutton-indicator-checked-disabled.png",
      "D:\\Dev\\antigravity\\Dist\\SamsungGallery\\qml\\QtQuick\\Controls\\FluentWinUI3\\light\\images\\radiobutton-indicator-checked-disabled@2x.png",
      "D:\\Dev\\antigravity\\Dist\\SamsungGallery\\qml\\QtQuick\\Controls\\FluentWinUI3\\light\\images\\radiobutton-indicator-checked-disabled@3x.png",
      "D:\\Dev\\antigravity\\Dist\\SamsungGallery\\qml\\QtQuick\\Controls\\FluentWinUI3\\light\\images\\radiobutton-indicator-checked-hovered.png",
      "D:\\Dev\\antigravity\\Dist\\SamsungGallery\\qml\\QtQuick\\Controls\\FluentWinUI3\\light\\images\\radiobutton-indicator-checked-hovered@2x.png",
      "D:\\Dev\\antigravity\\Dist\\SamsungGallery\\qml\\QtQuick\\Controls\\FluentWinUI3\\light\\images\\radiobutton-indicator-checked-hovered@3x.png",
      "D:\\Dev\\antigravity\\Dist\\SamsungGallery\\qml\\QtQuick\\Controls\\FluentWinUI3\\light\\images\\radiobutton-indicator-checked-pressed.png",
      "D:\\Dev\\antigravity\\Dist\\SamsungGallery\\qml\\QtQuick\\Controls\\FluentWinUI3\\light\\images\\radiobutton-indicator-checked-pressed@2x.png",
      "D:\\Dev\\antigravity\\Dist\\SamsungGallery\\qml\\QtQuick\\Controls\\FluentWinUI3\\light\\images\\radiobutton-indicator-checked-pressed@3x.png",
      "D:\\Dev\\antigravity\\Dist\\SamsungGallery\\qml\\QtQuick\\Controls\\FluentWinUI3\\light\\images\\radiobutton-indicator-checked.png",
      "D:\\Dev\\antigravity\\Dist\\SamsungGallery\\qml\\QtQuick\\Controls\\FluentWinUI3\\light\\images\\radiobutton-indicator-checked@2x.png",
      "D:\\Dev\\antigravity\\Dist\\SamsungGallery\\qml\\QtQuick\\Controls\\FluentWinUI3\\light\\images\\radiobutton-indicator-checked@3x.png",
      "D:\\Dev\\antigravity\\Dist\\SamsungGallery\\qml\\QtQuick\\Controls\\FluentWinUI3\\light\\images\\radiobutton-indicator-disabled.png",
      "D:\\Dev\\antigravity\\Dist\\SamsungGallery\\qml\\QtQuick\\Controls\\FluentWinUI3\\light\\images\\radiobutton-indicator-disabled@2x.png",
      "D:\\Dev\\antigravity\\Dist\\SamsungGallery\\qml\\QtQuick\\Controls\\FluentWinUI3\\light\\images\\radiobutton-indicator-disabled@3x.png",
      "D:\\Dev\\antigravity\\Dist\\SamsungGallery\\qml\\QtQuick\\Controls\\FluentWinUI3\\light\\images\\radiobutton-indicator-hovered.png",
      "D:\\Dev\\antigravity\\Dist\\SamsungGallery\\qml\\QtQuick\\Controls\\FluentWinUI3\\light\\images\\radiobutton-indicator-hovered@2x.png",
      "D:\\Dev\\antigravity\\Dist\\SamsungGallery\\qml\\QtQuick\\Controls\\FluentWinUI3\\light\\images\\radiobutton-indicator-hovered@3x.png",
      "D:\\Dev\\antigravity\\Dist\\SamsungGallery\\qml\\QtQuick\\Controls\\FluentWinUI3\\light\\images\\radiobutton-indicator-pressed.png",
      "D:\\Dev\\antigravity\\Dist\\SamsungGallery\\qml\\QtQuick\\Controls\\FluentWinUI3\\light\\images\\radiobutton-indicator-pressed@2x.png",
      "D:\\Dev\\antigravity\\Dist\\SamsungGallery\\qml\\QtQuick\\Controls\\FluentWinUI3\\light\\images\\radiobutton-indicator-pressed@3x.png",
      "D:\\Dev\\antigravity\\Dist\\SamsungGallery\\qml\\QtQuick\\Controls\\FluentWinUI3\\light\\images\\radiobutton-indicator.png",
      "D:\\Dev\\antigravity\\Dist\\SamsungGallery\\qml\\QtQuick\\Controls\\FluentWinUI3\\light\\images\\radiobutton-indicator@2x.png",
      "D:\\Dev\\antigravity\\Dist\\SamsungGallery\\qml\\QtQuick\\Controls\\FluentWinUI3\\light\\images\\radiobutton-indicator@3x.png",
      "D:\\Dev\\antigravity\\Dist\\SamsungGallery\\qml\\QtQuick\\Controls\\FluentWinUI3\\light\\images\\rangeslider-first-handle-disabled.png",
      "D:\\Dev\\antigravity\\Dist\\SamsungGallery\\qml\\QtQuick\\Controls\\FluentWinUI3\\light\\images\\rangeslider-first-handle-disabled@2x.png",
      "D:\\Dev\\antigravity\\Dist\\SamsungGallery\\qml\\QtQuick\\Controls\\FluentWinUI3\\light\\images\\rangeslider-first-handle-disabled@3x.png",
      "D:\\Dev\\antigravity\\Dist\\SamsungGallery\\qml\\QtQuick\\Controls\\FluentWinUI3\\light\\images\\rangeslider-first-handle-handle-pressed.png",
      "D:\\Dev\\antigravity\\Dist\\SamsungGallery\\qml\\QtQuick\\Controls\\FluentWinUI3\\light\\images\\rangeslider-first-handle-handle-pressed@2x.png",
      "D:\\Dev\\antigravity\\Dist\\SamsungGallery\\qml\\QtQuick\\Controls\\FluentWinUI3\\light\\images\\rangeslider-first-handle-handle-pressed@3x.png",
      "D:\\Dev\\antigravity\\Dist\\SamsungGallery\\qml\\QtQuick\\Controls\\FluentWinUI3\\light\\images\\rangeslider-first-handle-hovered.png",
      "D:\\Dev\\antigravity\\Dist\\SamsungGallery\\qml\\QtQuick\\Controls\\FluentWinUI3\\light\\images\\rangeslider-first-handle-hovered@2x.png",
      "D:\\Dev\\antigravity\\Dist\\SamsungGallery\\qml\\QtQuick\\Controls\\FluentWinUI3\\light\\images\\rangeslider-first-handle-hovered@3x.png",
      "D:\\Dev\\antigravity\\Dist\\SamsungGallery\\qml\\QtQuick\\Controls\\FluentWinUI3\\light\\images\\rangeslider-first-handle.png",
      "D:\\Dev\\antigravity\\Dist\\SamsungGallery\\qml\\QtQuick\\Controls\\FluentWinUI3\\light\\images\\rangeslider-first-handle@2x.png",
      "D:\\Dev\\antigravity\\Dist\\SamsungGallery\\qml\\QtQuick\\Controls\\FluentWinUI3\\light\\images\\rangeslider-first-handle@3x.png",
      "D:\\Dev\\antigravity\\Dist\\SamsungGallery\\qml\\QtQuick\\Controls\\FluentWinUI3\\light\\images\\rangeslider-groove-disabled.png",
      "D:\\Dev\\antigravity\\Dist\\SamsungGallery\\qml\\QtQuick\\Controls\\FluentWinUI3\\light\\images\\rangeslider-groove-disabled@2x.png",
      "D:\\Dev\\antigravity\\Dist\\SamsungGallery\\qml\\QtQuick\\Controls\\FluentWinUI3\\light\\images\\rangeslider-groove-disabled@3x.png",
      "D:\\Dev\\antigravity\\Dist\\SamsungGallery\\qml\\QtQuick\\Controls\\FluentWinUI3\\light\\images\\rangeslider-groove-handle-pressed.png",
      "D:\\Dev\\antigravity\\Dist\\SamsungGallery\\qml\\QtQuick\\Controls\\FluentWinUI3\\light\\images\\rangeslider-groove-handle-pressed@2x.png",
      "D:\\Dev\\antigravity\\Dist\\SamsungGallery\\qml\\QtQuick\\Controls\\FluentWinUI3\\light\\images\\rangeslider-groove-handle-pressed@3x.png",
      "D:\\Dev\\antigravity\\Dist\\SamsungGallery\\qml\\QtQuick\\Controls\\FluentWinUI3\\light\\images\\rangeslider-groove-hovered.png",
      "D:\\Dev\\antigravity\\Dist\\SamsungGallery\\qml\\QtQuick\\Controls\\FluentWinUI3\\light\\images\\rangeslider-groove-hovered@2x.png",
      "D:\\Dev\\antigravity\\Dist\\SamsungGallery\\qml\\QtQuick\\Controls\\FluentWinUI3\\light\\images\\rangeslider-groove-hovered@3x.png",
      "D:\\Dev\\antigravity\\Dist\\SamsungGallery\\qml\\QtQuick\\Controls\\FluentWinUI3\\light\\images\\rangeslider-groove.png",
      "D:\\Dev\\antigravity\\Dist\\SamsungGallery\\qml\\QtQuick\\Controls\\FluentWinUI3\\light\\images\\rangeslider-groove@2x.png",
      "D:\\Dev\\antigravity\\Dist\\SamsungGallery\\qml\\QtQuick\\Controls\\FluentWinUI3\\light\\images\\rangeslider-groove@3x.png",
      "D:\\Dev\\antigravity\\Dist\\SamsungGallery\\qml\\QtQuick\\Controls\\FluentWinUI3\\light\\images\\rangeslider-second-handle-disabled.png",
      "D:\\Dev\\antigravity\\Dist\\SamsungGallery\\qml\\QtQuick\\Controls\\FluentWinUI3\\light\\images\\rangeslider-second-handle-disabled@2x.png",
      "D:\\Dev\\antigravity\\Dist\\SamsungGallery\\qml\\QtQuick\\Controls\\FluentWinUI3\\light\\images\\rangeslider-second-handle-disabled@3x.png",
      "D:\\Dev\\antigravity\\Dist\\SamsungGallery\\qml\\QtQuick\\Controls\\FluentWinUI3\\light\\images\\rangeslider-second-handle-handle-pressed.png",
      "D:\\Dev\\antigravity\\Dist\\SamsungGallery\\qml\\QtQuick\\Controls\\FluentWinUI3\\light\\images\\rangeslider-second-handle-handle-pressed@2x.png",
      "D:\\Dev\\antigravity\\Dist\\SamsungGallery\\qml\\QtQuick\\Controls\\FluentWinUI3\\light\\images\\rangeslider-second-handle-handle-pressed@3x.png",
      "D:\\Dev\\antigravity\\Dist\\SamsungGallery\\qml\\QtQuick\\Controls\\FluentWinUI3\\light\\images\\rangeslider-second-handle-hovered.png",
      "D:\\Dev\\antigravity\\Dist\\SamsungGallery\\qml\\QtQuick\\Controls\\FluentWinUI3\\light\\images\\rangeslider-second-handle-hovered@2x.png",
      "D:\\Dev\\antigravity\\Dist\\SamsungGallery\\qml\\QtQuick\\Controls\\FluentWinUI3\\light\\images\\rangeslider-second-handle-hovered@3x.png",
      "D:\\Dev\\antigravity\\Dist\\SamsungGallery\\qml\\QtQuick\\Controls\\FluentWinUI3\\light\\images\\rangeslider-second-handle.png",
      "D:\\Dev\\antigravity\\Dist\\SamsungGallery\\qml\\QtQuick\\Controls\\FluentWinUI3\\light\\images\\rangeslider-second-handle@2x.png",
      "D:\\Dev\\antigravity\\Dist\\SamsungGallery\\qml\\QtQuick\\Controls\\FluentWinUI3\\light\\images\\rangeslider-second-handle@3x.png",
      "D:\\Dev\\antigravity\\Dist\\SamsungGallery\\qml\\QtQuick\\Controls\\FluentWinUI3\\light\\images\\slider-groove-disabled.png",
      "D:\\Dev\\antigravity\\Dist\\SamsungGallery\\qml\\QtQuick\\Controls\\FluentWinUI3\\light\\images\\slider-groove-disabled@2x.png",
      "D:\\Dev\\antigravity\\Dist\\SamsungGallery\\qml\\QtQuick\\Controls\\FluentWinUI3\\light\\images\\slider-groove-disabled@3x.png",
      "D:\\Dev\\antigravity\\Dist\\SamsungGallery\\qml\\QtQuick\\Controls\\FluentWinUI3\\light\\images\\slider-groove-hovered.png",
      "D:\\Dev\\antigravity\\Dist\\SamsungGallery\\qml\\QtQuick\\Controls\\FluentWinUI3\\light\\images\\slider-groove-hovered@2x.png",
      "D:\\Dev\\antigravity\\Dist\\SamsungGallery\\qml\\QtQuick\\Controls\\FluentWinUI3\\light\\images\\slider-groove-hovered@3x.png",
      "D:\\Dev\\antigravity\\Dist\\SamsungGallery\\qml\\QtQuick\\Controls\\FluentWinUI3\\light\\images\\slider-groove-pressed.png",
      "D:\\Dev\\antigravity\\Dist\\SamsungGallery\\qml\\QtQuick\\Controls\\FluentWinUI3\\light\\images\\slider-groove-pressed@2x.png",
      "D:\\Dev\\antigravity\\Dist\\SamsungGallery\\qml\\QtQuick\\Controls\\FluentWinUI3\\light\\images\\slider-groove-pressed@3x.png",
      "D:\\Dev\\antigravity\\Dist\\SamsungGallery\\qml\\QtQuick\\Controls\\FluentWinUI3\\light\\images\\slider-groove.png",
      "D:\\Dev\\antigravity\\Dist\\SamsungGallery\\qml\\QtQuick\\Controls\\FluentWinUI3\\light\\images\\slider-groove@2x.png",
      "D:\\Dev\\antigravity\\Dist\\SamsungGallery\\qml\\QtQuick\\Controls\\FluentWinUI3\\light\\images\\slider-groove@3x.png",
      "D:\\Dev\\antigravity\\Dist\\SamsungGallery\\qml\\QtQuick\\Controls\\FluentWinUI3\\light\\images\\slider-handle-disabled.png",
      "D:\\Dev\\antigravity\\Dist\\SamsungGallery\\qml\\QtQuick\\Controls\\FluentWinUI3\\light\\images\\slider-handle-disabled@2x.png",
      "D:\\Dev\\antigravity\\Dist\\SamsungGallery\\qml\\QtQuick\\Controls\\FluentWinUI3\\light\\images\\slider-handle-disabled@3x.png",
      "D:\\Dev\\antigravity\\Dist\\SamsungGallery\\qml\\QtQuick\\Controls\\FluentWinUI3\\light\\images\\slider-handle-hovered.png",
      "D:\\Dev\\antigravity\\Dist\\SamsungGallery\\qml\\QtQuick\\Controls\\FluentWinUI3\\light\\images\\slider-handle-hovered@2x.png",
      "D:\\Dev\\antigravity\\Dist\\SamsungGallery\\qml\\QtQuick\\Controls\\FluentWinUI3\\light\\images\\slider-handle-hovered@3x.png",
      "D:\\Dev\\antigravity\\Dist\\SamsungGallery\\qml\\QtQuick\\Controls\\FluentWinUI3\\light\\images\\slider-handle-pressed.png",
      "D:\\Dev\\antigravity\\Dist\\SamsungGallery\\qml\\QtQuick\\Controls\\FluentWinUI3\\light\\images\\slider-handle-pressed@2x.png",
      "D:\\Dev\\antigravity\\Dist\\SamsungGallery\\qml\\QtQuick\\Controls\\FluentWinUI3\\light\\images\\slider-handle-pressed@3x.png",
      "D:\\Dev\\antigravity\\Dist\\SamsungGallery\\qml\\QtQuick\\Controls\\FluentWinUI3\\light\\images\\slider-handle.png",
      "D:\\Dev\\antigravity\\Dist\\SamsungGallery\\qml\\QtQuick\\Controls\\FluentWinUI3\\light\\images\\slider-handle@2x.png",
      "D:\\Dev\\antigravity\\Dist\\SamsungGallery\\qml\\QtQuick\\Controls\\FluentWinUI3\\light\\images\\slider-handle@3x.png",
      "D:\\Dev\\antigravity\\Dist\\SamsungGallery\\qml\\QtQuick\\Controls\\FluentWinUI3\\light\\images\\spinbox-background-atlimit.png",
      "D:\\Dev\\antigravity\\Dist\\SamsungGallery\\qml\\QtQuick\\Controls\\FluentWinUI3\\light\\images\\spinbox-background-atlimit@2x.png",
      "D:\\Dev\\antigravity\\Dist\\SamsungGallery\\qml\\QtQuick\\Controls\\FluentWinUI3\\light\\images\\spinbox-background-atlimit@3x.png",
      "D:\\Dev\\antigravity\\Dist\\SamsungGallery\\qml\\QtQuick\\Controls\\FluentWinUI3\\light\\images\\spinbox-background-disabled.png",
      "D:\\Dev\\antigravity\\Dist\\SamsungGallery\\qml\\QtQuick\\Controls\\FluentWinUI3\\light\\images\\spinbox-background-disabled@2x.png",
      "D:\\Dev\\antigravity\\Dist\\SamsungGallery\\qml\\QtQuick\\Controls\\FluentWinUI3\\light\\images\\spinbox-background-disabled@3x.png",
      "D:\\Dev\\antigravity\\Dist\\SamsungGallery\\qml\\QtQuick\\Controls\\FluentWinUI3\\light\\images\\spinbox-background-down-hovered.png",
      "D:\\Dev\\antigravity\\Dist\\SamsungGallery\\qml\\QtQuick\\Controls\\FluentWinUI3\\light\\images\\spinbox-background-down-hovered@2x.png",
      "D:\\Dev\\antigravity\\Dist\\SamsungGallery\\qml\\QtQuick\\Controls\\FluentWinUI3\\light\\images\\spinbox-background-down-hovered@3x.png",
      "D:\\Dev\\antigravity\\Dist\\SamsungGallery\\qml\\QtQuick\\Controls\\FluentWinUI3\\light\\images\\spinbox-background-down-pressed.png",
      "D:\\Dev\\antigravity\\Dist\\SamsungGallery\\qml\\QtQuick\\Controls\\FluentWinUI3\\light\\images\\spinbox-background-down-pressed@2x.png",
      "D:\\Dev\\antigravity\\Dist\\SamsungGallery\\qml\\QtQuick\\Controls\\FluentWinUI3\\light\\images\\spinbox-background-down-pressed@3x.png",
      "D:\\Dev\\antigravity\\Dist\\SamsungGallery\\qml\\QtQuick\\Controls\\FluentWinUI3\\light\\images\\spinbox-background-hovered.png",
      "D:\\Dev\\antigravity\\Dist\\SamsungGallery\\qml\\QtQuick\\Controls\\FluentWinUI3\\light\\images\\spinbox-background-hovered@2x.png",
      "D:\\Dev\\antigravity\\Dist\\SamsungGallery\\qml\\QtQuick\\Controls\\FluentWinUI3\\light\\images\\spinbox-background-hovered@3x.png",
      "D:\\Dev\\antigravity\\Dist\\SamsungGallery\\qml\\QtQuick\\Controls\\FluentWinUI3\\light\\images\\spinbox-background-up-hovered.png",
      "D:\\Dev\\antigravity\\Dist\\SamsungGallery\\qml\\QtQuick\\Controls\\FluentWinUI3\\light\\images\\spinbox-background-up-hovered@2x.png",
      "D:\\Dev\\antigravity\\Dist\\SamsungGallery\\qml\\QtQuick\\Controls\\FluentWinUI3\\light\\images\\spinbox-background-up-hovered@3x.png",
      "D:\\Dev\\antigravity\\Dist\\SamsungGallery\\qml\\QtQuick\\Controls\\FluentWinUI3\\light\\images\\spinbox-background-up-pressed.png",
      "D:\\Dev\\antigravity\\Dist\\SamsungGallery\\qml\\QtQuick\\Controls\\FluentWinUI3\\light\\images\\spinbox-background-up-pressed@2x.png",
      "D:\\Dev\\antigravity\\Dist\\SamsungGallery\\qml\\QtQuick\\Controls\\FluentWinUI3\\light\\images\\spinbox-background-up-pressed@3x.png",
      "D:\\Dev\\antigravity\\Dist\\SamsungGallery\\qml\\QtQuick\\Controls\\FluentWinUI3\\light\\images\\spinbox-background.png",
      "D:\\Dev\\antigravity\\Dist\\SamsungGallery\\qml\\QtQuick\\Controls\\FluentWinUI3\\light\\images\\spinbox-background@2x.png",
      "D:\\Dev\\antigravity\\Dist\\SamsungGallery\\qml\\QtQuick\\Controls\\FluentWinUI3\\light\\images\\spinbox-background@3x.png",
      "D:\\Dev\\antigravity\\Dist\\SamsungGallery\\qml\\QtQuick\\Controls\\FluentWinUI3\\light\\images\\spinbox-indicator-down-background-atlimit.png",
      "D:\\Dev\\antigravity\\Dist\\SamsungGallery\\qml\\QtQuick\\Controls\\FluentWinUI3\\light\\images\\spinbox-indicator-down-background-atlimit@2x.png",
      "D:\\Dev\\antigravity\\Dist\\SamsungGallery\\qml\\QtQuick\\Controls\\FluentWinUI3\\light\\images\\spinbox-indicator-down-background-atlimit@3x.png",
      "D:\\Dev\\antigravity\\Dist\\SamsungGallery\\qml\\QtQuick\\Controls\\FluentWinUI3\\light\\images\\spinbox-indicator-down-background-disabled.png",
      "D:\\Dev\\antigravity\\Dist\\SamsungGallery\\qml\\QtQuick\\Controls\\FluentWinUI3\\light\\images\\spinbox-indicator-down-background-disabled@2x.png",
      "D:\\Dev\\antigravity\\Dist\\SamsungGallery\\qml\\QtQuick\\Controls\\FluentWinUI3\\light\\images\\spinbox-indicator-down-background-disabled@3x.png",
      "D:\\Dev\\antigravity\\Dist\\SamsungGallery\\qml\\QtQuick\\Controls\\FluentWinUI3\\light\\images\\spinbox-indicator-down-background-down-hovered.png",
      "D:\\Dev\\antigravity\\Dist\\SamsungGallery\\qml\\QtQuick\\Controls\\FluentWinUI3\\light\\images\\spinbox-indicator-down-background-down-hovered@2x.png",
      "D:\\Dev\\antigravity\\Dist\\SamsungGallery\\qml\\QtQuick\\Controls\\FluentWinUI3\\light\\images\\spinbox-indicator-down-background-down-hovered@3x.png",
      "D:\\Dev\\antigravity\\Dist\\SamsungGallery\\qml\\QtQuick\\Controls\\FluentWinUI3\\light\\images\\spinbox-indicator-down-background-down-pressed.png",
      "D:\\Dev\\antigravity\\Dist\\SamsungGallery\\qml\\QtQuick\\Controls\\FluentWinUI3\\light\\images\\spinbox-indicator-down-background-down-pressed@2x.png",
      "D:\\Dev\\antigravity\\Dist\\SamsungGallery\\qml\\QtQuick\\Controls\\FluentWinUI3\\light\\images\\spinbox-indicator-down-background-down-pressed@3x.png",
      "D:\\Dev\\antigravity\\Dist\\SamsungGallery\\qml\\QtQuick\\Controls\\FluentWinUI3\\light\\images\\spinbox-indicator-down-background-hovered.png",
      "D:\\Dev\\antigravity\\Dist\\SamsungGallery\\qml\\QtQuick\\Controls\\FluentWinUI3\\light\\images\\spinbox-indicator-down-background-hovered@2x.png",
      "D:\\Dev\\antigravity\\Dist\\SamsungGallery\\qml\\QtQuick\\Controls\\FluentWinUI3\\light\\images\\spinbox-indicator-down-background-hovered@3x.png",
      "D:\\Dev\\antigravity\\Dist\\SamsungGallery\\qml\\QtQuick\\Controls\\FluentWinUI3\\light\\images\\spinbox-indicator-down-background-up-hovered.png",
      "D:\\Dev\\antigravity\\Dist\\SamsungGallery\\qml\\QtQuick\\Controls\\FluentWinUI3\\light\\images\\spinbox-indicator-down-background-up-hovered@2x.png",
      "D:\\Dev\\antigravity\\Dist\\SamsungGallery\\qml\\QtQuick\\Controls\\FluentWinUI3\\light\\images\\spinbox-indicator-down-background-up-hovered@3x.png",
      "D:\\Dev\\antigravity\\Dist\\SamsungGallery\\qml\\QtQuick\\Controls\\FluentWinUI3\\light\\images\\spinbox-indicator-down-background-up-pressed.png",
      "D:\\Dev\\antigravity\\Dist\\SamsungGallery\\qml\\QtQuick\\Controls\\FluentWinUI3\\light\\images\\spinbox-indicator-down-background-up-pressed@2x.png",
      "D:\\Dev\\antigravity\\Dist\\SamsungGallery\\qml\\QtQuick\\Controls\\FluentWinUI3\\light\\images\\spinbox-indicator-down-background-up-pressed@3x.png",
      "D:\\Dev\\antigravity\\Dist\\SamsungGallery\\qml\\QtQuick\\Controls\\FluentWinUI3\\light\\images\\spinbox-indicator-down-background.png",
      "D:\\Dev\\antigravity\\Dist\\SamsungGallery\\qml\\QtQuick\\Controls\\FluentWinUI3\\light\\images\\spinbox-indicator-down-background@2x.png",
      "D:\\Dev\\antigravity\\Dist\\SamsungGallery\\qml\\QtQuick\\Controls\\FluentWinUI3\\light\\images\\spinbox-indicator-down-background@3x.png",
      "D:\\Dev\\antigravity\\Dist\\SamsungGallery\\qml\\QtQuick\\Controls\\FluentWinUI3\\light\\images\\spinbox-indicator-down-icon-atlimit.png",
      "D:\\Dev\\antigravity\\Dist\\SamsungGallery\\qml\\QtQuick\\Controls\\FluentWinUI3\\light\\images\\spinbox-indicator-down-icon-atlimit@2x.png",
      "D:\\Dev\\antigravity\\Dist\\SamsungGallery\\qml\\QtQuick\\Controls\\FluentWinUI3\\light\\images\\spinbox-indicator-down-icon-atlimit@3x.png",
      "D:\\Dev\\antigravity\\Dist\\SamsungGallery\\qml\\QtQuick\\Controls\\FluentWinUI3\\light\\images\\spinbox-indicator-down-icon-disabled.png",
      "D:\\Dev\\antigravity\\Dist\\SamsungGallery\\qml\\QtQuick\\Controls\\FluentWinUI3\\light\\images\\spinbox-indicator-down-icon-disabled@2x.png",
      "D:\\Dev\\antigravity\\Dist\\SamsungGallery\\qml\\QtQuick\\Controls\\FluentWinUI3\\light\\images\\spinbox-indicator-down-icon-disabled@3x.png",
      "D:\\Dev\\antigravity\\Dist\\SamsungGallery\\qml\\QtQuick\\Controls\\FluentWinUI3\\light\\images\\spinbox-indicator-down-icon-down-hovered.png",
      "D:\\Dev\\antigravity\\Dist\\SamsungGallery\\qml\\QtQuick\\Controls\\FluentWinUI3\\light\\images\\spinbox-indicator-down-icon-down-hovered@2x.png",
      "D:\\Dev\\antigravity\\Dist\\SamsungGallery\\qml\\QtQuick\\Controls\\FluentWinUI3\\light\\images\\spinbox-indicator-down-icon-down-hovered@3x.png",
      "D:\\Dev\\antigravity\\Dist\\SamsungGallery\\qml\\QtQuick\\Controls\\FluentWinUI3\\light\\images\\spinbox-indicator-down-icon-down-pressed.png",
      "D:\\Dev\\antigravity\\Dist\\SamsungGallery\\qml\\QtQuick\\Controls\\FluentWinUI3\\light\\images\\spinbox-indicator-down-icon-down-pressed@2x.png",
      "D:\\Dev\\antigravity\\Dist\\SamsungGallery\\qml\\QtQuick\\Controls\\FluentWinUI3\\light\\images\\spinbox-indicator-down-icon-down-pressed@3x.png",
      "D:\\Dev\\antigravity\\Dist\\SamsungGallery\\qml\\QtQuick\\Controls\\FluentWinUI3\\light\\images\\spinbox-indicator-down-icon-hovered.png",
      "D:\\Dev\\antigravity\\Dist\\SamsungGallery\\qml\\QtQuick\\Controls\\FluentWinUI3\\light\\images\\spinbox-indicator-down-icon-hovered@2x.png",
      "D:\\Dev\\antigravity\\Dist\\SamsungGallery\\qml\\QtQuick\\Controls\\FluentWinUI3\\light\\images\\spinbox-indicator-down-icon-hovered@3x.png",
      "D:\\Dev\\antigravity\\Dist\\SamsungGallery\\qml\\QtQuick\\Controls\\FluentWinUI3\\light\\images\\spinbox-indicator-down-icon-up-hovered.png",
      "D:\\Dev\\antigravity\\Dist\\SamsungGallery\\qml\\QtQuick\\Controls\\FluentWinUI3\\light\\images\\spinbox-indicator-down-icon-up-hovered@2x.png",
      "D:\\Dev\\antigravity\\Dist\\SamsungGallery\\qml\\QtQuick\\Controls\\FluentWinUI3\\light\\images\\spinbox-indicator-down-icon-up-hovered@3x.png",
      "D:\\Dev\\antigravity\\Dist\\SamsungGallery\\qml\\QtQuick\\Controls\\FluentWinUI3\\light\\images\\spinbox-indicator-down-icon-up-pressed.png",
      "D:\\Dev\\antigravity\\Dist\\SamsungGallery\\qml\\QtQuick\\Controls\\FluentWinUI3\\light\\images\\spinbox-indicator-down-icon-up-pressed@2x.png",
      "D:\\Dev\\antigravity\\Dist\\SamsungGallery\\qml\\QtQuick\\Controls\\FluentWinUI3\\light\\images\\spinbox-indicator-down-icon-up-pressed@3x.png",
      "D:\\Dev\\antigravity\\Dist\\SamsungGallery\\qml\\QtQuick\\Controls\\FluentWinUI3\\light\\images\\spinbox-indicator-down-icon.png",
      "D:\\Dev\\antigravity\\Dist\\SamsungGallery\\qml\\QtQuick\\Controls\\FluentWinUI3\\light\\images\\spinbox-indicator-down-icon@2x.png",
      "D:\\Dev\\antigravity\\Dist\\SamsungGallery\\qml\\QtQuick\\Controls\\FluentWinUI3\\light\\images\\spinbox-indicator-down-icon@3x.png",
      "D:\\Dev\\antigravity\\Dist\\SamsungGallery\\qml\\QtQuick\\Controls\\FluentWinUI3\\light\\images\\spinbox-indicator-up-background-atlimit.png",
      "D:\\Dev\\antigravity\\Dist\\SamsungGallery\\qml\\QtQuick\\Controls\\FluentWinUI3\\light\\images\\spinbox-indicator-up-background-atlimit@2x.png",
      "D:\\Dev\\antigravity\\Dist\\SamsungGallery\\qml\\QtQuick\\Controls\\FluentWinUI3\\light\\images\\spinbox-indicator-up-background-atlimit@3x.png",
      "D:\\Dev\\antigravity\\Dist\\SamsungGallery\\qml\\QtQuick\\Controls\\FluentWinUI3\\light\\images\\spinbox-indicator-up-background-disabled.png",
      "D:\\Dev\\antigravity\\Dist\\SamsungGallery\\qml\\QtQuick\\Controls\\FluentWinUI3\\light\\images\\spinbox-indicator-up-background-disabled@2x.png",
      "D:\\Dev\\antigravity\\Dist\\SamsungGallery\\qml\\QtQuick\\Controls\\FluentWinUI3\\light\\images\\spinbox-indicator-up-background-disabled@3x.png",
      "D:\\Dev\\antigravity\\Dist\\SamsungGallery\\qml\\QtQuick\\Controls\\FluentWinUI3\\light\\images\\spinbox-indicator-up-background-down-hovered.png",
      "D:\\Dev\\antigravity\\Dist\\SamsungGallery\\qml\\QtQuick\\Controls\\FluentWinUI3\\light\\images\\spinbox-indicator-up-background-down-hovered@2x.png",
      "D:\\Dev\\antigravity\\Dist\\SamsungGallery\\qml\\QtQuick\\Controls\\FluentWinUI3\\light\\images\\spinbox-indicator-up-background-down-hovered@3x.png",
      "D:\\Dev\\antigravity\\Dist\\SamsungGallery\\qml\\QtQuick\\Controls\\FluentWinUI3\\light\\images\\spinbox-indicator-up-background-down-pressed.png",
      "D:\\Dev\\antigravity\\Dist\\SamsungGallery\\qml\\QtQuick\\Controls\\FluentWinUI3\\light\\images\\spinbox-indicator-up-background-down-pressed@2x.png",
      "D:\\Dev\\antigravity\\Dist\\SamsungGallery\\qml\\QtQuick\\Controls\\FluentWinUI3\\light\\images\\spinbox-indicator-up-background-down-pressed@3x.png",
      "D:\\Dev\\antigravity\\Dist\\SamsungGallery\\qml\\QtQuick\\Controls\\FluentWinUI3\\light\\images\\spinbox-indicator-up-background-hovered.png",
      "D:\\Dev\\antigravity\\Dist\\SamsungGallery\\qml\\QtQuick\\Controls\\FluentWinUI3\\light\\images\\spinbox-indicator-up-background-hovered@2x.png",
      "D:\\Dev\\antigravity\\Dist\\SamsungGallery\\qml\\QtQuick\\Controls\\FluentWinUI3\\light\\images\\spinbox-indicator-up-background-hovered@3x.png",
      "D:\\Dev\\antigravity\\Dist\\SamsungGallery\\qml\\QtQuick\\Controls\\FluentWinUI3\\light\\images\\spinbox-indicator-up-background-up-hovered.png",
      "D:\\Dev\\antigravity\\Dist\\SamsungGallery\\qml\\QtQuick\\Controls\\FluentWinUI3\\light\\images\\spinbox-indicator-up-background-up-hovered@2x.png",
      "D:\\Dev\\antigravity\\Dist\\SamsungGallery\\qml\\QtQuick\\Controls\\FluentWinUI3\\light\\images\\spinbox-indicator-up-background-up-hovered@3x.png",
      "D:\\Dev\\antigravity\\Dist\\SamsungGallery\\qml\\QtQuick\\Controls\\FluentWinUI3\\light\\images\\spinbox-indicator-up-background-up-pressed.png",
      "D:\\Dev\\antigravity\\Dist\\SamsungGallery\\qml\\QtQuick\\Controls\\FluentWinUI3\\light\\images\\spinbox-indicator-up-background-up-pressed@2x.png",
      "D:\\Dev\\antigravity\\Dist\\SamsungGallery\\qml\\QtQuick\\Controls\\FluentWinUI3\\light\\images\\spinbox-indicator-up-background-up-pressed@3x.png",
      "D:\\Dev\\antigravity\\Dist\\SamsungGallery\\qml\\QtQuick\\Controls\\FluentWinUI3\\light\\images\\spinbox-indicator-up-background.png",
      "D:\\Dev\\antigravity\\Dist\\SamsungGallery\\qml\\QtQuick\\Controls\\FluentWinUI3\\light\\images\\spinbox-indicator-up-background@2x.png",
      "D:\\Dev\\antigravity\\Dist\\SamsungGallery\\qml\\QtQuick\\Controls\\FluentWinUI3\\light\\images\\spinbox-indicator-up-background@3x.png",
      "D:\\Dev\\antigravity\\Dist\\SamsungGallery\\qml\\QtQuick\\Controls\\FluentWinUI3\\light\\images\\spinbox-indicator-up-icon-atlimit.png",
      "D:\\Dev\\antigravity\\Dist\\SamsungGallery\\qml\\QtQuick\\Controls\\FluentWinUI3\\light\\images\\spinbox-indicator-up-icon-atlimit@2x.png",
      "D:\\Dev\\antigravity\\Dist\\SamsungGallery\\qml\\QtQuick\\Controls\\FluentWinUI3\\light\\images\\spinbox-indicator-up-icon-atlimit@3x.png",
      "D:\\Dev\\antigravity\\Dist\\SamsungGallery\\qml\\QtQuick\\Controls\\FluentWinUI3\\light\\images\\spinbox-indicator-up-icon-disabled.png",
      "D:\\Dev\\antigravity\\Dist\\SamsungGallery\\qml\\QtQuick\\Controls\\FluentWinUI3\\light\\images\\spinbox-indicator-up-icon-disabled@2x.png",
      "D:\\Dev\\antigravity\\Dist\\SamsungGallery\\qml\\QtQuick\\Controls\\FluentWinUI3\\light\\images\\spinbox-indicator-up-icon-disabled@3x.png",
      "D:\\Dev\\antigravity\\Dist\\SamsungGallery\\qml\\QtQuick\\Controls\\FluentWinUI3\\light\\images\\spinbox-indicator-up-icon-down-hovered.png",
      "D:\\Dev\\antigravity\\Dist\\SamsungGallery\\qml\\QtQuick\\Controls\\FluentWinUI3\\light\\images\\spinbox-indicator-up-icon-down-hovered@2x.png",
      "D:\\Dev\\antigravity\\Dist\\SamsungGallery\\qml\\QtQuick\\Controls\\FluentWinUI3\\light\\images\\spinbox-indicator-up-icon-down-hovered@3x.png",
      "D:\\Dev\\antigravity\\Dist\\SamsungGallery\\qml\\QtQuick\\Controls\\FluentWinUI3\\light\\images\\spinbox-indicator-up-icon-down-pressed.png",
      "D:\\Dev\\antigravity\\Dist\\SamsungGallery\\qml\\QtQuick\\Controls\\FluentWinUI3\\light\\images\\spinbox-indicator-up-icon-down-pressed@2x.png",
      "D:\\Dev\\antigravity\\Dist\\SamsungGallery\\qml\\QtQuick\\Controls\\FluentWinUI3\\light\\images\\spinbox-indicator-up-icon-down-pressed@3x.png",
      "D:\\Dev\\antigravity\\Dist\\SamsungGallery\\qml\\QtQuick\\Controls\\FluentWinUI3\\light\\images\\spinbox-indicator-up-icon-hovered.png",
      "D:\\Dev\\antigravity\\Dist\\SamsungGallery\\qml\\QtQuick\\Controls\\FluentWinUI3\\light\\images\\spinbox-indicator-up-icon-hovered@2x.png",
      "D:\\Dev\\antigravity\\Dist\\SamsungGallery\\qml\\QtQuick\\Controls\\FluentWinUI3\\light\\images\\spinbox-indicator-up-icon-hovered@3x.png",
      "D:\\Dev\\antigravity\\Dist\\SamsungGallery\\qml\\QtQuick\\Controls\\FluentWinUI3\\light\\images\\spinbox-indicator-up-icon-up-hovered.png",
      "D:\\Dev\\antigravity\\Dist\\SamsungGallery\\qml\\QtQuick\\Controls\\FluentWinUI3\\light\\images\\spinbox-indicator-up-icon-up-hovered@2x.png",
      "D:\\Dev\\antigravity\\Dist\\SamsungGallery\\qml\\QtQuick\\Controls\\FluentWinUI3\\light\\images\\spinbox-indicator-up-icon-up-hovered@3x.png",
      "D:\\Dev\\antigravity\\Dist\\SamsungGallery\\qml\\QtQuick\\Controls\\FluentWinUI3\\light\\images\\spinbox-indicator-up-icon-up-pressed.png",
      "D:\\Dev\\antigravity\\Dist\\SamsungGallery\\qml\\QtQuick\\Controls\\FluentWinUI3\\light\\images\\spinbox-indicator-up-icon-up-pressed@2x.png",
      "D:\\Dev\\antigravity\\Dist\\SamsungGallery\\qml\\QtQuick\\Controls\\FluentWinUI3\\light\\images\\spinbox-indicator-up-icon-up-pressed@3x.png",
      "D:\\Dev\\antigravity\\Dist\\SamsungGallery\\qml\\QtQuick\\Controls\\FluentWinUI3\\light\\images\\spinbox-indicator-up-icon.png",
      "D:\\Dev\\antigravity\\Dist\\SamsungGallery\\qml\\QtQuick\\Controls\\FluentWinUI3\\light\\images\\spinbox-indicator-up-icon@2x.png",
      "D:\\Dev\\antigravity\\Dist\\SamsungGallery\\qml\\QtQuick\\Controls\\FluentWinUI3\\light\\images\\spinbox-indicator-up-icon@3x.png",
      "D:\\Dev\\antigravity\\Dist\\SamsungGallery\\qml\\QtQuick\\Controls\\FluentWinUI3\\light\\images\\textarea-background-disabled.png",
      "D:\\Dev\\antigravity\\Dist\\SamsungGallery\\qml\\QtQuick\\Controls\\FluentWinUI3\\light\\images\\textarea-background-disabled@2x.png",
      "D:\\Dev\\antigravity\\Dist\\SamsungGallery\\qml\\QtQuick\\Controls\\FluentWinUI3\\light\\images\\textarea-background-disabled@3x.png",
      "D:\\Dev\\antigravity\\Dist\\SamsungGallery\\qml\\QtQuick\\Controls\\FluentWinUI3\\light\\images\\textarea-background-focused.png",
      "D:\\Dev\\antigravity\\Dist\\SamsungGallery\\qml\\QtQuick\\Controls\\FluentWinUI3\\light\\images\\textarea-background-focused@2x.png",
      "D:\\Dev\\antigravity\\Dist\\SamsungGallery\\qml\\QtQuick\\Controls\\FluentWinUI3\\light\\images\\textarea-background-focused@3x.png",
      "D:\\Dev\\antigravity\\Dist\\SamsungGallery\\qml\\QtQuick\\Controls\\FluentWinUI3\\light\\images\\textarea-background-hovered.png",
      "D:\\Dev\\antigravity\\Dist\\SamsungGallery\\qml\\QtQuick\\Controls\\FluentWinUI3\\light\\images\\textarea-background-hovered@2x.png",
      "D:\\Dev\\antigravity\\Dist\\SamsungGallery\\qml\\QtQuick\\Controls\\FluentWinUI3\\light\\images\\textarea-background-hovered@3x.png",
      "D:\\Dev\\antigravity\\Dist\\SamsungGallery\\qml\\QtQuick\\Controls\\FluentWinUI3\\light\\images\\textarea-background.png",
      "D:\\Dev\\antigravity\\Dist\\SamsungGallery\\qml\\QtQuick\\Controls\\FluentWinUI3\\light\\images\\textarea-background@2x.png",
      "D:\\Dev\\antigravity\\Dist\\SamsungGallery\\qml\\QtQuick\\Controls\\FluentWinUI3\\light\\images\\textarea-background@3x.png",
      "D:\\Dev\\antigravity\\Dist\\SamsungGallery\\qml\\QtQuick\\Controls\\FluentWinUI3\\light\\images\\textfield-background-disabled.png",
      "D:\\Dev\\antigravity\\Dist\\SamsungGallery\\qml\\QtQuick\\Controls\\FluentWinUI3\\light\\images\\textfield-background-disabled@2x.png",
      "D:\\Dev\\antigravity\\Dist\\SamsungGallery\\qml\\QtQuick\\Controls\\FluentWinUI3\\light\\images\\textfield-background-disabled@3x.png",
      "D:\\Dev\\antigravity\\Dist\\SamsungGallery\\qml\\QtQuick\\Controls\\FluentWinUI3\\light\\images\\textfield-background-focused.png",
      "D:\\Dev\\antigravity\\Dist\\SamsungGallery\\qml\\QtQuick\\Controls\\FluentWinUI3\\light\\images\\textfield-background-focused@2x.png",
      "D:\\Dev\\antigravity\\Dist\\SamsungGallery\\qml\\QtQuick\\Controls\\FluentWinUI3\\light\\images\\textfield-background-focused@3x.png",
      "D:\\Dev\\antigravity\\Dist\\SamsungGallery\\qml\\QtQuick\\Controls\\FluentWinUI3\\light\\images\\textfield-background-hovered.png",
      "D:\\Dev\\antigravity\\Dist\\SamsungGallery\\qml\\QtQuick\\Controls\\FluentWinUI3\\light\\images\\textfield-background-hovered@2x.png",
      "D:\\Dev\\antigravity\\Dist\\SamsungGallery\\qml\\QtQuick\\Controls\\FluentWinUI3\\light\\images\\textfield-background-hovered@3x.png",
      "D:\\Dev\\antigravity\\Dist\\SamsungGallery\\qml\\QtQuick\\Controls\\FluentWinUI3\\light\\images\\textfield-background.png",
      "D:\\Dev\\antigravity\\Dist\\SamsungGallery\\qml\\QtQuick\\Controls\\FluentWinUI3\\light\\images\\textfield-background@2x.png",
      "D:\\Dev\\antigravity\\Dist\\SamsungGallery\\qml\\QtQuick\\Controls\\FluentWinUI3\\light\\images\\textfield-background@3x.png",
      "D:\\Dev\\antigravity\\Dist\\SamsungGallery\\qml\\QtQuick\\Controls\\Windows\\images\\checkmark.png",
      "D:\\Dev\\antigravity\\Dist\\SamsungGallery\\qml\\QtQuick\\Controls\\Windows\\images\\checkmark@2x.png",
      "D:\\Dev\\antigravity\\Dist\\SamsungGallery\\qml\\QtQuick\\Controls\\Windows\\images\\checkmark@3x.png",
      "D:\\Dev\\antigravity\\Dist\\SamsungGallery\\qml\\QtQuick\\Controls\\Windows\\images\\menuarrow.png",
      "D:\\Dev\\antigravity\\Dist\\SamsungGallery\\qml\\QtQuick\\Controls\\Windows\\images\\menuarrow@2x.png",
      "D:\\Dev\\antigravity\\Dist\\SamsungGallery\\qml\\QtQuick\\Controls\\Windows\\images\\menuarrow@3x.png",
      "D:\\Dev\\antigravity\\_RecycleBin\\docs\\what_the.JPG",
      "D:\\Dev\\antigravity\\_RecycleBin\\what the.JPG",
      "D:\\Dev\\antigravity\\docs\\Screenshot 2026-02-10 112225.jpg",
      "D:\\Dev\\antigravity\\docs\\Screenshot_20251130_104631_Gallery.jpg",
      "D:\\Dev\\antigravity\\docs\\Screenshot_20251130_104655_Gallery.jpg",
      "D:\\Dev\\antigravity\\docs\\Screenshot_20251130_104705_Gallery.jpg",
      "D:\\Dev\\antigravity\\docs\\Screenshot_20251130_104715_Gallery.jpg",
      "D:\\Dev\\antigravity\\docs\\Screenshot_20251130_104743_Gallery.jpg",
      "D:\\Dev\\antigravity\\docs\\Screenshot_20251130_104820_Gallery.jpg",
      "D:\\Dev\\antigravity\\docs\\Screenshot_20251201_233407_Gallery.jpg",
      "D:\\Dev\\antigravity\\docs\\logic error.JPG",
      "D:\\Dev\\antigravity\\single_QGalleryX-Standalone\\bin\\qml\\QtQuick\\Controls\\FluentWinUI3\\dark\\images\\checkbox-indicator-checked-disabled.png",
      "D:\\Dev\\antigravity\\single_QGalleryX-Standalone\\bin\\qml\\QtQuick\\Controls\\FluentWinUI3\\dark\\images\\checkbox-indicator-checked-disabled@2x.png",
      "D:\\Dev\\antigravity\\single_QGalleryX-Standalone\\bin\\qml\\QtQuick\\Controls\\FluentWinUI3\\dark\\images\\checkbox-indicator-checked-disabled@3x.png",
      "D:\\Dev\\antigravity\\single_QGalleryX-Standalone\\bin\\qml\\QtQuick\\Controls\\FluentWinUI3\\dark\\images\\checkbox-indicator-checked-hovered.png",
      "D:\\Dev\\antigravity\\single_QGalleryX-Standalone\\bin\\qml\\QtQuick\\Controls\\FluentWinUI3\\dark\\images\\checkbox-indicator-checked-hovered@2x.png",
      "D:\\Dev\\antigravity\\single_QGalleryX-Standalone\\bin\\qml\\QtQuick\\Controls\\FluentWinUI3\\dark\\images\\checkbox-indicator-checked-hovered@3x.png",
      "D:\\Dev\\antigravity\\single_QGalleryX-Standalone\\bin\\qml\\QtQuick\\Controls\\FluentWinUI3\\dark\\images\\checkbox-indicator-checked-pressed.png",
      "D:\\Dev\\antigravity\\single_QGalleryX-Standalone\\bin\\qml\\QtQuick\\Controls\\FluentWinUI3\\dark\\images\\checkbox-indicator-checked-pressed@2x.png",
      "D:\\Dev\\antigravity\\single_QGalleryX-Standalone\\bin\\qml\\QtQuick\\Controls\\FluentWinUI3\\dark\\images\\checkbox-indicator-checked-pressed@3x.png",
      "D:\\Dev\\antigravity\\single_QGalleryX-Standalone\\bin\\qml\\QtQuick\\Controls\\FluentWinUI3\\dark\\images\\checkbox-indicator-checked.png",
      "D:\\Dev\\antigravity\\single_QGalleryX-Standalone\\bin\\qml\\QtQuick\\Controls\\FluentWinUI3\\dark\\images\\checkbox-indicator-checked@2x.png",
      "D:\\Dev\\antigravity\\single_QGalleryX-Standalone\\bin\\qml\\QtQuick\\Controls\\FluentWinUI3\\dark\\images\\checkbox-indicator-checked@3x.png",
      "D:\\Dev\\antigravity\\single_QGalleryX-Standalone\\bin\\qml\\QtQuick\\Controls\\FluentWinUI3\\dark\\images\\checkbox-indicator-disabled-partiallyChecked.png",
      "D:\\Dev\\antigravity\\single_QGalleryX-Standalone\\bin\\qml\\QtQuick\\Controls\\FluentWinUI3\\dark\\images\\checkbox-indicator-disabled-partiallyChecked@2x.png",
      "D:\\Dev\\antigravity\\single_QGalleryX-Standalone\\bin\\qml\\QtQuick\\Controls\\FluentWinUI3\\dark\\images\\checkbox-indicator-disabled-partiallyChecked@3x.png",
      "D:\\Dev\\antigravity\\single_QGalleryX-Standalone\\bin\\qml\\QtQuick\\Controls\\FluentWinUI3\\dark\\images\\checkbox-indicator-disabled.png",
      "D:\\Dev\\antigravity\\single_QGalleryX-Standalone\\bin\\qml\\QtQuick\\Controls\\FluentWinUI3\\dark\\images\\checkbox-indicator-disabled@2x.png",
      "D:\\Dev\\antigravity\\single_QGalleryX-Standalone\\bin\\qml\\QtQuick\\Controls\\FluentWinUI3\\dark\\images\\checkbox-indicator-disabled@3x.png",
      "D:\\Dev\\antigravity\\single_QGalleryX-Standalone\\bin\\qml\\QtQuick\\Controls\\FluentWinUI3\\dark\\images\\checkbox-indicator-hovered-partiallyChecked.png",
      "D:\\Dev\\antigravity\\single_QGalleryX-Standalone\\bin\\qml\\QtQuick\\Controls\\FluentWinUI3\\dark\\images\\checkbox-indicator-hovered-partiallyChecked@2x.png",
      "D:\\Dev\\antigravity\\single_QGalleryX-Standalone\\bin\\qml\\QtQuick\\Controls\\FluentWinUI3\\dark\\images\\checkbox-indicator-hovered-partiallyChecked@3x.png",
      "D:\\Dev\\antigravity\\single_QGalleryX-Standalone\\bin\\qml\\QtQuick\\Controls\\FluentWinUI3\\dark\\images\\checkbox-indicator-hovered.png",
      "D:\\Dev\\antigravity\\single_QGalleryX-Standalone\\bin\\qml\\QtQuick\\Controls\\FluentWinUI3\\dark\\images\\checkbox-indicator-hovered@2x.png",
      "D:\\Dev\\antigravity\\single_QGalleryX-Standalone\\bin\\qml\\QtQuick\\Controls\\FluentWinUI3\\dark\\images\\checkbox-indicator-hovered@3x.png",
      "D:\\Dev\\antigravity\\single_QGalleryX-Standalone\\bin\\qml\\QtQuick\\Controls\\FluentWinUI3\\dark\\images\\checkbox-indicator-partiallyChecked-pressed.png",
      "D:\\Dev\\antigravity\\single_QGalleryX-Standalone\\bin\\qml\\QtQuick\\Controls\\FluentWinUI3\\dark\\images\\checkbox-indicator-partiallyChecked-pressed@2x.png",
      "D:\\Dev\\antigravity\\single_QGalleryX-Standalone\\bin\\qml\\QtQuick\\Controls\\FluentWinUI3\\dark\\images\\checkbox-indicator-partiallyChecked-pressed@3x.png",
      "D:\\Dev\\antigravity\\single_QGalleryX-Standalone\\bin\\qml\\QtQuick\\Controls\\FluentWinUI3\\dark\\images\\checkbox-indicator-partiallyChecked.png",
      "D:\\Dev\\antigravity\\single_QGalleryX-Standalone\\bin\\qml\\QtQuick\\Controls\\FluentWinUI3\\dark\\images\\checkbox-indicator-partiallyChecked@2x.png",
      "D:\\Dev\\antigravity\\single_QGalleryX-Standalone\\bin\\qml\\QtQuick\\Controls\\FluentWinUI3\\dark\\images\\checkbox-indicator-partiallyChecked@3x.png",
      "D:\\Dev\\antigravity\\single_QGalleryX-Standalone\\bin\\qml\\QtQuick\\Controls\\FluentWinUI3\\dark\\images\\checkbox-indicator-pressed.png",
      "D:\\Dev\\antigravity\\single_QGalleryX-Standalone\\bin\\qml\\QtQuick\\Controls\\FluentWinUI3\\dark\\images\\checkbox-indicator-pressed@2x.png",
      "D:\\Dev\\antigravity\\single_QGalleryX-Standalone\\bin\\qml\\QtQuick\\Controls\\FluentWinUI3\\dark\\images\\checkbox-indicator-pressed@3x.png",
      "D:\\Dev\\antigravity\\single_QGalleryX-Standalone\\bin\\qml\\QtQuick\\Controls\\FluentWinUI3\\dark\\images\\checkbox-indicator.png",
      "D:\\Dev\\antigravity\\single_QGalleryX-Standalone\\bin\\qml\\QtQuick\\Controls\\FluentWinUI3\\dark\\images\\checkbox-indicator@2x.png",
      "D:\\Dev\\antigravity\\single_QGalleryX-Standalone\\bin\\qml\\QtQuick\\Controls\\FluentWinUI3\\dark\\images\\checkbox-indicator@3x.png",
      "D:\\Dev\\antigravity\\single_QGalleryX-Standalone\\bin\\qml\\QtQuick\\Controls\\FluentWinUI3\\dark\\images\\combobox-background-disabled.png",
      "D:\\Dev\\antigravity\\single_QGalleryX-Standalone\\bin\\qml\\QtQuick\\Controls\\FluentWinUI3\\dark\\images\\combobox-background-disabled@2x.png",
      "D:\\Dev\\antigravity\\single_QGalleryX-Standalone\\bin\\qml\\QtQuick\\Controls\\FluentWinUI3\\dark\\images\\combobox-background-disabled@3x.png",
      "D:\\Dev\\antigravity\\single_QGalleryX-Standalone\\bin\\qml\\QtQuick\\Controls\\FluentWinUI3\\dark\\images\\combobox-background-focused.png",
      "D:\\Dev\\antigravity\\single_QGalleryX-Standalone\\bin\\qml\\QtQuick\\Controls\\FluentWinUI3\\dark\\images\\combobox-background-focused@2x.png",
      "D:\\Dev\\antigravity\\single_QGalleryX-Standalone\\bin\\qml\\QtQuick\\Controls\\FluentWinUI3\\dark\\images\\combobox-background-focused@3x.png",
      "D:\\Dev\\antigravity\\single_QGalleryX-Standalone\\bin\\qml\\QtQuick\\Controls\\FluentWinUI3\\dark\\images\\combobox-background-hovered-open.png",
      "D:\\Dev\\antigravity\\single_QGalleryX-Standalone\\bin\\qml\\QtQuick\\Controls\\FluentWinUI3\\dark\\images\\combobox-background-hovered-open@2x.png",
      "D:\\Dev\\antigravity\\single_QGalleryX-Standalone\\bin\\qml\\QtQuick\\Controls\\FluentWinUI3\\dark\\images\\combobox-background-hovered-open@3x.png",
      "D:\\Dev\\antigravity\\single_QGalleryX-Standalone\\bin\\qml\\QtQuick\\Controls\\FluentWinUI3\\dark\\images\\combobox-background-hovered.png",
      "D:\\Dev\\antigravity\\single_QGalleryX-Standalone\\bin\\qml\\QtQuick\\Controls\\FluentWinUI3\\dark\\images\\combobox-background-hovered@2x.png",
      "D:\\Dev\\antigravity\\single_QGalleryX-Standalone\\bin\\qml\\QtQuick\\Controls\\FluentWinUI3\\dark\\images\\combobox-background-hovered@3x.png",
      "D:\\Dev\\antigravity\\single_QGalleryX-Standalone\\bin\\qml\\QtQuick\\Controls\\FluentWinUI3\\dark\\images\\combobox-background-open-pressed.png",
      "D:\\Dev\\antigravity\\single_QGalleryX-Standalone\\bin\\qml\\QtQuick\\Controls\\FluentWinUI3\\dark\\images\\combobox-background-open-pressed@2x.png",
      "D:\\Dev\\antigravity\\single_QGalleryX-Standalone\\bin\\qml\\QtQuick\\Controls\\FluentWinUI3\\dark\\images\\combobox-background-open-pressed@3x.png",
      "D:\\Dev\\antigravity\\single_QGalleryX-Standalone\\bin\\qml\\QtQuick\\Controls\\FluentWinUI3\\dark\\images\\combobox-background-open.png",
      "D:\\Dev\\antigravity\\single_QGalleryX-Standalone\\bin\\qml\\QtQuick\\Controls\\FluentWinUI3\\dark\\images\\combobox-background-open@2x.png",
      "D:\\Dev\\antigravity\\single_QGalleryX-Standalone\\bin\\qml\\QtQuick\\Controls\\FluentWinUI3\\dark\\images\\combobox-background-open@3x.png",
      "D:\\Dev\\antigravity\\single_QGalleryX-Standalone\\bin\\qml\\QtQuick\\Controls\\FluentWinUI3\\dark\\images\\combobox-background-pressed.png",
      "D:\\Dev\\antigravity\\single_QGalleryX-Standalone\\bin\\qml\\QtQuick\\Controls\\FluentWinUI3\\dark\\images\\combobox-background-pressed@2x.png",
      "D:\\Dev\\antigravity\\single_QGalleryX-Standalone\\bin\\qml\\QtQuick\\Controls\\FluentWinUI3\\dark\\images\\combobox-background-pressed@3x.png",
      "D:\\Dev\\antigravity\\single_QGalleryX-Standalone\\bin\\qml\\QtQuick\\Controls\\FluentWinUI3\\dark\\images\\combobox-background.png",
      "D:\\Dev\\antigravity\\single_QGalleryX-Standalone\\bin\\qml\\QtQuick\\Controls\\FluentWinUI3\\dark\\images\\combobox-background@2x.png",
      "D:\\Dev\\antigravity\\single_QGalleryX-Standalone\\bin\\qml\\QtQuick\\Controls\\FluentWinUI3\\dark\\images\\combobox-background@3x.png",
      "D:\\Dev\\antigravity\\single_QGalleryX-Standalone\\bin\\qml\\QtQuick\\Controls\\FluentWinUI3\\dark\\images\\combobox-indicator-disabled.png",
      "D:\\Dev\\antigravity\\single_QGalleryX-Standalone\\bin\\qml\\QtQuick\\Controls\\FluentWinUI3\\dark\\images\\combobox-indicator-disabled@2x.png",
      "D:\\Dev\\antigravity\\single_QGalleryX-Standalone\\bin\\qml\\QtQuick\\Controls\\FluentWinUI3\\dark\\images\\combobox-indicator-disabled@3x.png",
      "D:\\Dev\\antigravity\\single_QGalleryX-Standalone\\bin\\qml\\QtQuick\\Controls\\FluentWinUI3\\dark\\images\\combobox-indicator-focused.png",
      "D:\\Dev\\antigravity\\single_QGalleryX-Standalone\\bin\\qml\\QtQuick\\Controls\\FluentWinUI3\\dark\\images\\combobox-indicator-focused@2x.png",
      "D:\\Dev\\antigravity\\single_QGalleryX-Standalone\\bin\\qml\\QtQuick\\Controls\\FluentWinUI3\\dark\\images\\combobox-indicator-focused@3x.png",
      "D:\\Dev\\antigravity\\single_QGalleryX-Standalone\\bin\\qml\\QtQuick\\Controls\\FluentWinUI3\\dark\\images\\combobox-indicator-hovered-open.png",
      "D:\\Dev\\antigravity\\single_QGalleryX-Standalone\\bin\\qml\\QtQuick\\Controls\\FluentWinUI3\\dark\\images\\combobox-indicator-hovered-open@2x.png",
      "D:\\Dev\\antigravity\\single_QGalleryX-Standalone\\bin\\qml\\QtQuick\\Controls\\FluentWinUI3\\dark\\images\\combobox-indicator-hovered-open@3x.png",
      "D:\\Dev\\antigravity\\single_QGalleryX-Standalone\\bin\\qml\\QtQuick\\Controls\\FluentWinUI3\\dark\\images\\combobox-indicator-hovered.png",
      "D:\\Dev\\antigravity\\single_QGalleryX-Standalone\\bin\\qml\\QtQuick\\Controls\\FluentWinUI3\\dark\\images\\combobox-indicator-hovered@2x.png",
      "D:\\Dev\\antigravity\\single_QGalleryX-Standalone\\bin\\qml\\QtQuick\\Controls\\FluentWinUI3\\dark\\images\\combobox-indicator-hovered@3x.png",
      "D:\\Dev\\antigravity\\single_QGalleryX-Standalone\\bin\\qml\\QtQuick\\Controls\\FluentWinUI3\\dark\\images\\combobox-indicator-open-pressed.png",
      "D:\\Dev\\antigravity\\single_QGalleryX-Standalone\\bin\\qml\\QtQuick\\Controls\\FluentWinUI3\\dark\\images\\combobox-indicator-open-pressed@2x.png",
      "D:\\Dev\\antigravity\\single_QGalleryX-Standalone\\bin\\qml\\QtQuick\\Controls\\FluentWinUI3\\dark\\images\\combobox-indicator-open-pressed@3x.png",
      "D:\\Dev\\antigravity\\single_QGalleryX-Standalone\\bin\\qml\\QtQuick\\Controls\\FluentWinUI3\\dark\\images\\combobox-indicator-open.png",
      "D:\\Dev\\antigravity\\single_QGalleryX-Standalone\\bin\\qml\\QtQuick\\Controls\\FluentWinUI3\\dark\\images\\combobox-indicator-open@2x.png",
      "D:\\Dev\\antigravity\\single_QGalleryX-Standalone\\bin\\qml\\QtQuick\\Controls\\FluentWinUI3\\dark\\images\\combobox-indicator-open@3x.png",
      "D:\\Dev\\antigravity\\single_QGalleryX-Standalone\\bin\\qml\\QtQuick\\Controls\\FluentWinUI3\\dark\\images\\combobox-indicator-pressed.png",
      "D:\\Dev\\antigravity\\single_QGalleryX-Standalone\\bin\\qml\\QtQuick\\Controls\\FluentWinUI3\\dark\\images\\combobox-indicator-pressed@2x.png",
      "D:\\Dev\\antigravity\\single_QGalleryX-Standalone\\bin\\qml\\QtQuick\\Controls\\FluentWinUI3\\dark\\images\\combobox-indicator-pressed@3x.png",
      "D:\\Dev\\antigravity\\single_QGalleryX-Standalone\\bin\\qml\\QtQuick\\Controls\\FluentWinUI3\\dark\\images\\combobox-indicator.png",
      "D:\\Dev\\antigravity\\single_QGalleryX-Standalone\\bin\\qml\\QtQuick\\Controls\\FluentWinUI3\\dark\\images\\combobox-indicator@2x.png",
      "D:\\Dev\\antigravity\\single_QGalleryX-Standalone\\bin\\qml\\QtQuick\\Controls\\FluentWinUI3\\dark\\images\\combobox-indicator@3x.png",
      "D:\\Dev\\antigravity\\single_QGalleryX-Standalone\\bin\\qml\\QtQuick\\Controls\\FluentWinUI3\\dark\\images\\editablecombobox-background-hovered-open.png",
      "D:\\Dev\\antigravity\\single_QGalleryX-Standalone\\bin\\qml\\QtQuick\\Controls\\FluentWinUI3\\dark\\images\\editablecombobox-background-hovered-open@2x.png",
      "D:\\Dev\\antigravity\\single_QGalleryX-Standalone\\bin\\qml\\QtQuick\\Controls\\FluentWinUI3\\dark\\images\\editablecombobox-background-hovered-open@3x.png",
      "D:\\Dev\\antigravity\\single_QGalleryX-Standalone\\bin\\qml\\QtQuick\\Controls\\FluentWinUI3\\dark\\images\\editablecombobox-background-open-pressed.png",
      "D:\\Dev\\antigravity\\single_QGalleryX-Standalone\\bin\\qml\\QtQuick\\Controls\\FluentWinUI3\\dark\\images\\editablecombobox-background-open-pressed@2x.png",
      "D:\\Dev\\antigravity\\single_QGalleryX-Standalone\\bin\\qml\\QtQuick\\Controls\\FluentWinUI3\\dark\\images\\editablecombobox-background-open-pressed@3x.png",
      "D:\\Dev\\antigravity\\single_QGalleryX-Standalone\\bin\\qml\\QtQuick\\Controls\\FluentWinUI3\\dark\\images\\editablecombobox-background-open.png",
      "D:\\Dev\\antigravity\\single_QGalleryX-Standalone\\bin\\qml\\QtQuick\\Controls\\FluentWinUI3\\dark\\images\\editablecombobox-background-open@2x.png",
      "D:\\Dev\\antigravity\\single_QGalleryX-Standalone\\bin\\qml\\QtQuick\\Controls\\FluentWinUI3\\dark\\images\\editablecombobox-background-open@3x.png",
      "D:\\Dev\\antigravity\\single_QGalleryX-Standalone\\bin\\qml\\QtQuick\\Controls\\FluentWinUI3\\dark\\images\\editablecombobox-indicator-hovered-open.png",
      "D:\\Dev\\antigravity\\single_QGalleryX-Standalone\\bin\\qml\\QtQuick\\Controls\\FluentWinUI3\\dark\\images\\editablecombobox-indicator-hovered-open@2x.png",
      "D:\\Dev\\antigravity\\single_QGalleryX-Standalone\\bin\\qml\\QtQuick\\Controls\\FluentWinUI3\\dark\\images\\editablecombobox-indicator-hovered-open@3x.png",
      "D:\\Dev\\antigravity\\single_QGalleryX-Standalone\\bin\\qml\\QtQuick\\Controls\\FluentWinUI3\\dark\\images\\editablecombobox-indicator-open-pressed.png",
      "D:\\Dev\\antigravity\\single_QGalleryX-Standalone\\bin\\qml\\QtQuick\\Controls\\FluentWinUI3\\dark\\images\\editablecombobox-indicator-open-pressed@2x.png",
      "D:\\Dev\\antigravity\\single_QGalleryX-Standalone\\bin\\qml\\QtQuick\\Controls\\FluentWinUI3\\dark\\images\\editablecombobox-indicator-open-pressed@3x.png",
      "D:\\Dev\\antigravity\\single_QGalleryX-Standalone\\bin\\qml\\QtQuick\\Controls\\FluentWinUI3\\dark\\images\\editablecombobox-indicator-open.png",
      "D:\\Dev\\antigravity\\single_QGalleryX-Standalone\\bin\\qml\\QtQuick\\Controls\\FluentWinUI3\\dark\\images\\editablecombobox-indicator-open@2x.png",
      "D:\\Dev\\antigravity\\single_QGalleryX-Standalone\\bin\\qml\\QtQuick\\Controls\\FluentWinUI3\\dark\\images\\editablecombobox-indicator-open@3x.png",
      "D:\\Dev\\antigravity\\single_QGalleryX-Standalone\\bin\\qml\\QtQuick\\Controls\\FluentWinUI3\\dark\\images\\editablecombobox-popup-background-hovered-open.png",
      "D:\\Dev\\antigravity\\single_QGalleryX-Standalone\\bin\\qml\\QtQuick\\Controls\\FluentWinUI3\\dark\\images\\editablecombobox-popup-background-hovered-open@2x.png",
      "D:\\Dev\\antigravity\\single_QGalleryX-Standalone\\bin\\qml\\QtQuick\\Controls\\FluentWinUI3\\dark\\images\\editablecombobox-popup-background-hovered-open@3x.png",
      "D:\\Dev\\antigravity\\single_QGalleryX-Standalone\\bin\\qml\\QtQuick\\Controls\\FluentWinUI3\\dark\\images\\editablecombobox-popup-background-open-pressed.png",
      "D:\\Dev\\antigravity\\single_QGalleryX-Standalone\\bin\\qml\\QtQuick\\Controls\\FluentWinUI3\\dark\\images\\editablecombobox-popup-background-open-pressed@2x.png",
      "D:\\Dev\\antigravity\\single_QGalleryX-Standalone\\bin\\qml\\QtQuick\\Controls\\FluentWinUI3\\dark\\images\\editablecombobox-popup-background-open-pressed@3x.png",
      "D:\\Dev\\antigravity\\single_QGalleryX-Standalone\\bin\\qml\\QtQuick\\Controls\\FluentWinUI3\\dark\\images\\editablecombobox-popup-background-open.png",
      "D:\\Dev\\antigravity\\single_QGalleryX-Standalone\\bin\\qml\\QtQuick\\Controls\\FluentWinUI3\\dark\\images\\editablecombobox-popup-background-open@2x.png",
      "D:\\Dev\\antigravity\\single_QGalleryX-Standalone\\bin\\qml\\QtQuick\\Controls\\FluentWinUI3\\dark\\images\\editablecombobox-popup-background-open@3x.png",
      "D:\\Dev\\antigravity\\single_QGalleryX-Standalone\\bin\\qml\\QtQuick\\Controls\\FluentWinUI3\\dark\\images\\frame-background-disabled.png",
      "D:\\Dev\\antigravity\\single_QGalleryX-Standalone\\bin\\qml\\QtQuick\\Controls\\FluentWinUI3\\dark\\images\\frame-background-disabled@2x.png",
      "D:\\Dev\\antigravity\\single_QGalleryX-Standalone\\bin\\qml\\QtQuick\\Controls\\FluentWinUI3\\dark\\images\\frame-background-disabled@3x.png",
      "D:\\Dev\\antigravity\\single_QGalleryX-Standalone\\bin\\qml\\QtQuick\\Controls\\FluentWinUI3\\dark\\images\\frame-background.png",
      "D:\\Dev\\antigravity\\single_QGalleryX-Standalone\\bin\\qml\\QtQuick\\Controls\\FluentWinUI3\\dark\\images\\frame-background@2x.png",
      "D:\\Dev\\antigravity\\single_QGalleryX-Standalone\\bin\\qml\\QtQuick\\Controls\\FluentWinUI3\\dark\\images\\frame-background@3x.png",
      "D:\\Dev\\antigravity\\single_QGalleryX-Standalone\\bin\\qml\\QtQuick\\Controls\\FluentWinUI3\\dark\\images\\itemdelegate-background-highlighted-hovered.png",
      "D:\\Dev\\antigravity\\single_QGalleryX-Standalone\\bin\\qml\\QtQuick\\Controls\\FluentWinUI3\\dark\\images\\itemdelegate-background-highlighted-hovered@2x.png",
      "D:\\Dev\\antigravity\\single_QGalleryX-Standalone\\bin\\qml\\QtQuick\\Controls\\FluentWinUI3\\dark\\images\\itemdelegate-background-highlighted-hovered@3x.png",
      "D:\\Dev\\antigravity\\single_QGalleryX-Standalone\\bin\\qml\\QtQuick\\Controls\\FluentWinUI3\\dark\\images\\itemdelegate-background-highlighted-pressed.png",
      "D:\\Dev\\antigravity\\single_QGalleryX-Standalone\\bin\\qml\\QtQuick\\Controls\\FluentWinUI3\\dark\\images\\itemdelegate-background-highlighted-pressed@2x.png",
      "D:\\Dev\\antigravity\\single_QGalleryX-Standalone\\bin\\qml\\QtQuick\\Controls\\FluentWinUI3\\dark\\images\\itemdelegate-background-highlighted-pressed@3x.png",
      "D:\\Dev\\antigravity\\single_QGalleryX-Standalone\\bin\\qml\\QtQuick\\Controls\\FluentWinUI3\\dark\\images\\itemdelegate-background-highlighted.png",
      "D:\\Dev\\antigravity\\single_QGalleryX-Standalone\\bin\\qml\\QtQuick\\Controls\\FluentWinUI3\\dark\\images\\itemdelegate-background-highlighted@2x.png",
      "D:\\Dev\\antigravity\\single_QGalleryX-Standalone\\bin\\qml\\QtQuick\\Controls\\FluentWinUI3\\dark\\images\\itemdelegate-background-highlighted@3x.png",
      "D:\\Dev\\antigravity\\single_QGalleryX-Standalone\\bin\\qml\\QtQuick\\Controls\\FluentWinUI3\\dark\\images\\itemdelegate-background-hovered.png",
      "D:\\Dev\\antigravity\\single_QGalleryX-Standalone\\bin\\qml\\QtQuick\\Controls\\FluentWinUI3\\dark\\images\\itemdelegate-background-hovered@2x.png",
      "D:\\Dev\\antigravity\\single_QGalleryX-Standalone\\bin\\qml\\QtQuick\\Controls\\FluentWinUI3\\dark\\images\\itemdelegate-background-hovered@3x.png",
      "D:\\Dev\\antigravity\\single_QGalleryX-Standalone\\bin\\qml\\QtQuick\\Controls\\FluentWinUI3\\dark\\images\\itemdelegate-background-pressed.png",
      "D:\\Dev\\antigravity\\single_QGalleryX-Standalone\\bin\\qml\\QtQuick\\Controls\\FluentWinUI3\\dark\\images\\itemdelegate-background-pressed@2x.png",
      "D:\\Dev\\antigravity\\single_QGalleryX-Standalone\\bin\\qml\\QtQuick\\Controls\\FluentWinUI3\\dark\\images\\itemdelegate-background-pressed@3x.png",
      "D:\\Dev\\antigravity\\single_QGalleryX-Standalone\\bin\\qml\\QtQuick\\Controls\\FluentWinUI3\\dark\\images\\pageindicatordelegate-indicator-delegate-current-hovered.png",
      "D:\\Dev\\antigravity\\single_QGalleryX-Standalone\\bin\\qml\\QtQuick\\Controls\\FluentWinUI3\\dark\\images\\pageindicatordelegate-indicator-delegate-current-hovered@2x.png",
      "D:\\Dev\\antigravity\\single_QGalleryX-Standalone\\bin\\qml\\QtQuick\\Controls\\FluentWinUI3\\dark\\images\\pageindicatordelegate-indicator-delegate-current-hovered@3x.png",
      "D:\\Dev\\antigravity\\single_QGalleryX-Standalone\\bin\\qml\\QtQuick\\Controls\\FluentWinUI3\\dark\\images\\pageindicatordelegate-indicator-delegate-current-pressed.png",
      "D:\\Dev\\antigravity\\single_QGalleryX-Standalone\\bin\\qml\\QtQuick\\Controls\\FluentWinUI3\\dark\\images\\pageindicatordelegate-indicator-delegate-current-pressed@2x.png",
      "D:\\Dev\\antigravity\\single_QGalleryX-Standalone\\bin\\qml\\QtQuick\\Controls\\FluentWinUI3\\dark\\images\\pageindicatordelegate-indicator-delegate-current-pressed@3x.png",
      "D:\\Dev\\antigravity\\single_QGalleryX-Standalone\\bin\\qml\\QtQuick\\Controls\\FluentWinUI3\\dark\\images\\pageindicatordelegate-indicator-delegate-current.png",
      "D:\\Dev\\antigravity\\single_QGalleryX-Standalone\\bin\\qml\\QtQuick\\Controls\\FluentWinUI3\\dark\\images\\pageindicatordelegate-indicator-delegate-current@2x.png",
      "D:\\Dev\\antigravity\\single_QGalleryX-Standalone\\bin\\qml\\QtQuick\\Controls\\FluentWinUI3\\dark\\images\\pageindicatordelegate-indicator-delegate-current@3x.png",
      "D:\\Dev\\antigravity\\single_QGalleryX-Standalone\\bin\\qml\\QtQuick\\Controls\\FluentWinUI3\\dark\\images\\pageindicatordelegate-indicator-delegate-pressed.png",
      "D:\\Dev\\antigravity\\single_QGalleryX-Standalone\\bin\\qml\\QtQuick\\Controls\\FluentWinUI3\\dark\\images\\pageindicatordelegate-indicator-delegate-pressed@2x.png",
      "D:\\Dev\\antigravity\\single_QGalleryX-Standalone\\bin\\qml\\QtQuick\\Controls\\FluentWinUI3\\dark\\images\\pageindicatordelegate-indicator-delegate-pressed@3x.png",
      "D:\\Dev\\antigravity\\single_QGalleryX-Standalone\\bin\\qml\\QtQuick\\Controls\\FluentWinUI3\\dark\\images\\pageindicatordelegate-indicator-disabled.png",
      "D:\\Dev\\antigravity\\single_QGalleryX-Standalone\\bin\\qml\\QtQuick\\Controls\\FluentWinUI3\\dark\\images\\pageindicatordelegate-indicator-disabled@2x.png",
      "D:\\Dev\\antigravity\\single_QGalleryX-Standalone\\bin\\qml\\QtQuick\\Controls\\FluentWinUI3\\dark\\images\\pageindicatordelegate-indicator-disabled@3x.png",
      "D:\\Dev\\antigravity\\single_QGalleryX-Standalone\\bin\\qml\\QtQuick\\Controls\\FluentWinUI3\\dark\\images\\pageindicatordelegate-indicator-hovered.png",
      "D:\\Dev\\antigravity\\single_QGalleryX-Standalone\\bin\\qml\\QtQuick\\Controls\\FluentWinUI3\\dark\\images\\pageindicatordelegate-indicator-hovered@2x.png",
      "D:\\Dev\\antigravity\\single_QGalleryX-Standalone\\bin\\qml\\QtQuick\\Controls\\FluentWinUI3\\dark\\images\\pageindicatordelegate-indicator-hovered@3x.png",
      "D:\\Dev\\antigravity\\single_QGalleryX-Standalone\\bin\\qml\\QtQuick\\Controls\\FluentWinUI3\\dark\\images\\pageindicatordelegate-indicator.png",
      "D:\\Dev\\antigravity\\single_QGalleryX-Standalone\\bin\\qml\\QtQuick\\Controls\\FluentWinUI3\\dark\\images\\pageindicatordelegate-indicator@2x.png",
      "D:\\Dev\\antigravity\\single_QGalleryX-Standalone\\bin\\qml\\QtQuick\\Controls\\FluentWinUI3\\dark\\images\\pageindicatordelegate-indicator@3x.png",
      "D:\\Dev\\antigravity\\single_QGalleryX-Standalone\\bin\\qml\\QtQuick\\Controls\\FluentWinUI3\\dark\\images\\popup-background.png",
      "D:\\Dev\\antigravity\\single_QGalleryX-Standalone\\bin\\qml\\QtQuick\\Controls\\FluentWinUI3\\dark\\images\\popup-background@2x.png",
      "D:\\Dev\\antigravity\\single_QGalleryX-Standalone\\bin\\qml\\QtQuick\\Controls\\FluentWinUI3\\dark\\images\\popup-background@3x.png",
      "D:\\Dev\\antigravity\\single_QGalleryX-Standalone\\bin\\qml\\QtQuick\\Controls\\FluentWinUI3\\dark\\images\\progressbar-groove-disabled.png",
      "D:\\Dev\\antigravity\\single_QGalleryX-Standalone\\bin\\qml\\QtQuick\\Controls\\FluentWinUI3\\dark\\images\\progressbar-groove-disabled@2x.png",
      "D:\\Dev\\antigravity\\single_QGalleryX-Standalone\\bin\\qml\\QtQuick\\Controls\\FluentWinUI3\\dark\\images\\progressbar-groove-disabled@3x.png",
      "D:\\Dev\\antigravity\\single_QGalleryX-Standalone\\bin\\qml\\QtQuick\\Controls\\FluentWinUI3\\dark\\images\\progressbar-groove.png",
      "D:\\Dev\\antigravity\\single_QGalleryX-Standalone\\bin\\qml\\QtQuick\\Controls\\FluentWinUI3\\dark\\images\\progressbar-groove@2x.png",
      "D:\\Dev\\antigravity\\single_QGalleryX-Standalone\\bin\\qml\\QtQuick\\Controls\\FluentWinUI3\\dark\\images\\progressbar-groove@3x.png",
      "D:\\Dev\\antigravity\\single_QGalleryX-Standalone\\bin\\qml\\QtQuick\\Controls\\FluentWinUI3\\dark\\images\\radiobutton-indicator-checked-disabled.png",
      "D:\\Dev\\antigravity\\single_QGalleryX-Standalone\\bin\\qml\\QtQuick\\Controls\\FluentWinUI3\\dark\\images\\radiobutton-indicator-checked-disabled@2x.png",
      "D:\\Dev\\antigravity\\single_QGalleryX-Standalone\\bin\\qml\\QtQuick\\Controls\\FluentWinUI3\\dark\\images\\radiobutton-indicator-checked-disabled@3x.png",
      "D:\\Dev\\antigravity\\single_QGalleryX-Standalone\\bin\\qml\\QtQuick\\Controls\\FluentWinUI3\\dark\\images\\radiobutton-indicator-checked-hovered.png",
      "D:\\Dev\\antigravity\\single_QGalleryX-Standalone\\bin\\qml\\QtQuick\\Controls\\FluentWinUI3\\dark\\images\\radiobutton-indicator-checked-hovered@2x.png",
      "D:\\Dev\\antigravity\\single_QGalleryX-Standalone\\bin\\qml\\QtQuick\\Controls\\FluentWinUI3\\dark\\images\\radiobutton-indicator-checked-hovered@3x.png",
      "D:\\Dev\\antigravity\\single_QGalleryX-Standalone\\bin\\qml\\QtQuick\\Controls\\FluentWinUI3\\dark\\images\\radiobutton-indicator-checked-pressed.png",
      "D:\\Dev\\antigravity\\single_QGalleryX-Standalone\\bin\\qml\\QtQuick\\Controls\\FluentWinUI3\\dark\\images\\radiobutton-indicator-checked-pressed@2x.png",
      "D:\\Dev\\antigravity\\single_QGalleryX-Standalone\\bin\\qml\\QtQuick\\Controls\\FluentWinUI3\\dark\\images\\radiobutton-indicator-checked-pressed@3x.png",
      "D:\\Dev\\antigravity\\single_QGalleryX-Standalone\\bin\\qml\\QtQuick\\Controls\\FluentWinUI3\\dark\\images\\radiobutton-indicator-checked.png",
      "D:\\Dev\\antigravity\\single_QGalleryX-Standalone\\bin\\qml\\QtQuick\\Controls\\FluentWinUI3\\dark\\images\\radiobutton-indicator-checked@2x.png",
      "D:\\Dev\\antigravity\\single_QGalleryX-Standalone\\bin\\qml\\QtQuick\\Controls\\FluentWinUI3\\dark\\images\\radiobutton-indicator-checked@3x.png",
      "D:\\Dev\\antigravity\\single_QGalleryX-Standalone\\bin\\qml\\QtQuick\\Controls\\FluentWinUI3\\dark\\images\\radiobutton-indicator-disabled.png",
      "D:\\Dev\\antigravity\\single_QGalleryX-Standalone\\bin\\qml\\QtQuick\\Controls\\FluentWinUI3\\dark\\images\\radiobutton-indicator-disabled@2x.png",
      "D:\\Dev\\antigravity\\single_QGalleryX-Standalone\\bin\\qml\\QtQuick\\Controls\\FluentWinUI3\\dark\\images\\radiobutton-indicator-disabled@3x.png",
      "D:\\Dev\\antigravity\\single_QGalleryX-Standalone\\bin\\qml\\QtQuick\\Controls\\FluentWinUI3\\dark\\images\\radiobutton-indicator-hovered.png",
      "D:\\Dev\\antigravity\\single_QGalleryX-Standalone\\bin\\qml\\QtQuick\\Controls\\FluentWinUI3\\dark\\images\\radiobutton-indicator-hovered@2x.png",
      "D:\\Dev\\antigravity\\single_QGalleryX-Standalone\\bin\\qml\\QtQuick\\Controls\\FluentWinUI3\\dark\\images\\radiobutton-indicator-hovered@3x.png",
      "D:\\Dev\\antigravity\\single_QGalleryX-Standalone\\bin\\qml\\QtQuick\\Controls\\FluentWinUI3\\dark\\images\\radiobutton-indicator-pressed.png",
      "D:\\Dev\\antigravity\\single_QGalleryX-Standalone\\bin\\qml\\QtQuick\\Controls\\FluentWinUI3\\dark\\images\\radiobutton-indicator-pressed@2x.png",
      "D:\\Dev\\antigravity\\single_QGalleryX-Standalone\\bin\\qml\\QtQuick\\Controls\\FluentWinUI3\\dark\\images\\radiobutton-indicator-pressed@3x.png",
      "D:\\Dev\\antigravity\\single_QGalleryX-Standalone\\bin\\qml\\QtQuick\\Controls\\FluentWinUI3\\dark\\images\\radiobutton-indicator.png",
      "D:\\Dev\\antigravity\\single_QGalleryX-Standalone\\bin\\qml\\QtQuick\\Controls\\FluentWinUI3\\dark\\images\\radiobutton-indicator@2x.png",
      "D:\\Dev\\antigravity\\single_QGalleryX-Standalone\\bin\\qml\\QtQuick\\Controls\\FluentWinUI3\\dark\\images\\radiobutton-indicator@3x.png",
      "D:\\Dev\\antigravity\\single_QGalleryX-Standalone\\bin\\qml\\QtQuick\\Controls\\FluentWinUI3\\dark\\images\\rangeslider-first-handle-disabled.png",
      "D:\\Dev\\antigravity\\single_QGalleryX-Standalone\\bin\\qml\\QtQuick\\Controls\\FluentWinUI3\\dark\\images\\rangeslider-first-handle-disabled@2x.png",
      "D:\\Dev\\antigravity\\single_QGalleryX-Standalone\\bin\\qml\\QtQuick\\Controls\\FluentWinUI3\\dark\\images\\rangeslider-first-handle-disabled@3x.png",
      "D:\\Dev\\antigravity\\single_QGalleryX-Standalone\\bin\\qml\\QtQuick\\Controls\\FluentWinUI3\\dark\\images\\rangeslider-first-handle-handle-pressed.png",
      "D:\\Dev\\antigravity\\single_QGalleryX-Standalone\\bin\\qml\\QtQuick\\Controls\\FluentWinUI3\\dark\\images\\rangeslider-first-handle-handle-pressed@2x.png",
      "D:\\Dev\\antigravity\\single_QGalleryX-Standalone\\bin\\qml\\QtQuick\\Controls\\FluentWinUI3\\dark\\images\\rangeslider-first-handle-handle-pressed@3x.png",
      "D:\\Dev\\antigravity\\single_QGalleryX-Standalone\\bin\\qml\\QtQuick\\Controls\\FluentWinUI3\\dark\\images\\rangeslider-first-handle-hovered.png",
      "D:\\Dev\\antigravity\\single_QGalleryX-Standalone\\bin\\qml\\QtQuick\\Controls\\FluentWinUI3\\dark\\images\\rangeslider-first-handle-hovered@2x.png",
      "D:\\Dev\\antigravity\\single_QGalleryX-Standalone\\bin\\qml\\QtQuick\\Controls\\FluentWinUI3\\dark\\images\\rangeslider-first-handle-hovered@3x.png",
      "D:\\Dev\\antigravity\\single_QGalleryX-Standalone\\bin\\qml\\QtQuick\\Controls\\FluentWinUI3\\dark\\images\\rangeslider-first-handle.png",
      "D:\\Dev\\antigravity\\single_QGalleryX-Standalone\\bin\\qml\\QtQuick\\Controls\\FluentWinUI3\\dark\\images\\rangeslider-first-handle@2x.png",
      "D:\\Dev\\antigravity\\single_QGalleryX-Standalone\\bin\\qml\\QtQuick\\Controls\\FluentWinUI3\\dark\\images\\rangeslider-first-handle@3x.png",
      "D:\\Dev\\antigravity\\single_QGalleryX-Standalone\\bin\\qml\\QtQuick\\Controls\\FluentWinUI3\\dark\\images\\rangeslider-groove-disabled.png",
      "D:\\Dev\\antigravity\\single_QGalleryX-Standalone\\bin\\qml\\QtQuick\\Controls\\FluentWinUI3\\dark\\images\\rangeslider-groove-disabled@2x.png",
      "D:\\Dev\\antigravity\\single_QGalleryX-Standalone\\bin\\qml\\QtQuick\\Controls\\FluentWinUI3\\dark\\images\\rangeslider-groove-disabled@3x.png",
      "D:\\Dev\\antigravity\\single_QGalleryX-Standalone\\bin\\qml\\QtQuick\\Controls\\FluentWinUI3\\dark\\images\\rangeslider-groove-handle-pressed.png",
      "D:\\Dev\\antigravity\\single_QGalleryX-Standalone\\bin\\qml\\QtQuick\\Controls\\FluentWinUI3\\dark\\images\\rangeslider-groove-handle-pressed@2x.png",
      "D:\\Dev\\antigravity\\single_QGalleryX-Standalone\\bin\\qml\\QtQuick\\Controls\\FluentWinUI3\\dark\\images\\rangeslider-groove-handle-pressed@3x.png",
      "D:\\Dev\\antigravity\\single_QGalleryX-Standalone\\bin\\qml\\QtQuick\\Controls\\FluentWinUI3\\dark\\images\\rangeslider-groove-hovered.png",
      "D:\\Dev\\antigravity\\single_QGalleryX-Standalone\\bin\\qml\\QtQuick\\Controls\\FluentWinUI3\\dark\\images\\rangeslider-groove-hovered@2x.png",
      "D:\\Dev\\antigravity\\single_QGalleryX-Standalone\\bin\\qml\\QtQuick\\Controls\\FluentWinUI3\\dark\\images\\rangeslider-groove-hovered@3x.png",
      "D:\\Dev\\antigravity\\single_QGalleryX-Standalone\\bin\\qml\\QtQuick\\Controls\\FluentWinUI3\\dark\\images\\rangeslider-groove.png",
      "D:\\Dev\\antigravity\\single_QGalleryX-Standalone\\bin\\qml\\QtQuick\\Controls\\FluentWinUI3\\dark\\images\\rangeslider-groove@2x.png",
      "D:\\Dev\\antigravity\\single_QGalleryX-Standalone\\bin\\qml\\QtQuick\\Controls\\FluentWinUI3\\dark\\images\\rangeslider-groove@3x.png",
      "D:\\Dev\\antigravity\\single_QGalleryX-Standalone\\bin\\qml\\QtQuick\\Controls\\FluentWinUI3\\dark\\images\\rangeslider-second-handle-disabled.png",
      "D:\\Dev\\antigravity\\single_QGalleryX-Standalone\\bin\\qml\\QtQuick\\Controls\\FluentWinUI3\\dark\\images\\rangeslider-second-handle-disabled@2x.png",
      "D:\\Dev\\antigravity\\single_QGalleryX-Standalone\\bin\\qml\\QtQuick\\Controls\\FluentWinUI3\\dark\\images\\rangeslider-second-handle-disabled@3x.png",
      "D:\\Dev\\antigravity\\single_QGalleryX-Standalone\\bin\\qml\\QtQuick\\Controls\\FluentWinUI3\\dark\\images\\rangeslider-second-handle-handle-pressed.png",
      "D:\\Dev\\antigravity\\single_QGalleryX-Standalone\\bin\\qml\\QtQuick\\Controls\\FluentWinUI3\\dark\\images\\rangeslider-second-handle-handle-pressed@2x.png",
      "D:\\Dev\\antigravity\\single_QGalleryX-Standalone\\bin\\qml\\QtQuick\\Controls\\FluentWinUI3\\dark\\images\\rangeslider-second-handle-handle-pressed@3x.png",
      "D:\\Dev\\antigravity\\single_QGalleryX-Standalone\\bin\\qml\\QtQuick\\Controls\\FluentWinUI3\\dark\\images\\rangeslider-second-handle-hovered.png",
      "D:\\Dev\\antigravity\\single_QGalleryX-Standalone\\bin\\qml\\QtQuick\\Controls\\FluentWinUI3\\dark\\images\\rangeslider-second-handle-hovered@2x.png",
      "D:\\Dev\\antigravity\\single_QGalleryX-Standalone\\bin\\qml\\QtQuick\\Controls\\FluentWinUI3\\dark\\images\\rangeslider-second-handle-hovered@3x.png",
      "D:\\Dev\\antigravity\\single_QGalleryX-Standalone\\bin\\qml\\QtQuick\\Controls\\FluentWinUI3\\dark\\images\\rangeslider-second-handle.png",
      "D:\\Dev\\antigravity\\single_QGalleryX-Standalone\\bin\\qml\\QtQuick\\Controls\\FluentWinUI3\\dark\\images\\rangeslider-second-handle@2x.png",
      "D:\\Dev\\antigravity\\single_QGalleryX-Standalone\\bin\\qml\\QtQuick\\Controls\\FluentWinUI3\\dark\\images\\rangeslider-second-handle@3x.png",
      "D:\\Dev\\antigravity\\single_QGalleryX-Standalone\\bin\\qml\\QtQuick\\Controls\\FluentWinUI3\\dark\\images\\slider-groove-disabled.png",
      "D:\\Dev\\antigravity\\single_QGalleryX-Standalone\\bin\\qml\\QtQuick\\Controls\\FluentWinUI3\\dark\\images\\slider-groove-disabled@2x.png",
      "D:\\Dev\\antigravity\\single_QGalleryX-Standalone\\bin\\qml\\QtQuick\\Controls\\FluentWinUI3\\dark\\images\\slider-groove-disabled@3x.png",
      "D:\\Dev\\antigravity\\single_QGalleryX-Standalone\\bin\\qml\\QtQuick\\Controls\\FluentWinUI3\\dark\\images\\slider-groove-hovered.png",
      "D:\\Dev\\antigravity\\single_QGalleryX-Standalone\\bin\\qml\\QtQuick\\Controls\\FluentWinUI3\\dark\\images\\slider-groove-hovered@2x.png",
      "D:\\Dev\\antigravity\\single_QGalleryX-Standalone\\bin\\qml\\QtQuick\\Controls\\FluentWinUI3\\dark\\images\\slider-groove-hovered@3x.png",
      "D:\\Dev\\antigravity\\single_QGalleryX-Standalone\\bin\\qml\\QtQuick\\Controls\\FluentWinUI3\\dark\\images\\slider-groove-pressed.png",
      "D:\\Dev\\antigravity\\single_QGalleryX-Standalone\\bin\\qml\\QtQuick\\Controls\\FluentWinUI3\\dark\\images\\slider-groove-pressed@2x.png",
      "D:\\Dev\\antigravity\\single_QGalleryX-Standalone\\bin\\qml\\QtQuick\\Controls\\FluentWinUI3\\dark\\images\\slider-groove-pressed@3x.png",
      "D:\\Dev\\antigravity\\single_QGalleryX-Standalone\\bin\\qml\\QtQuick\\Controls\\FluentWinUI3\\dark\\images\\slider-groove.png",
      "D:\\Dev\\antigravity\\single_QGalleryX-Standalone\\bin\\qml\\QtQuick\\Controls\\FluentWinUI3\\dark\\images\\slider-groove@2x.png",
      "D:\\Dev\\antigravity\\single_QGalleryX-Standalone\\bin\\qml\\QtQuick\\Controls\\FluentWinUI3\\dark\\images\\slider-groove@3x.png",
      "D:\\Dev\\antigravity\\single_QGalleryX-Standalone\\bin\\qml\\QtQuick\\Controls\\FluentWinUI3\\dark\\images\\slider-handle-disabled.png",
      "D:\\Dev\\antigravity\\single_QGalleryX-Standalone\\bin\\qml\\QtQuick\\Controls\\FluentWinUI3\\dark\\images\\slider-handle-disabled@2x.png",
      "D:\\Dev\\antigravity\\single_QGalleryX-Standalone\\bin\\qml\\QtQuick\\Controls\\FluentWinUI3\\dark\\images\\slider-handle-disabled@3x.png",
      "D:\\Dev\\antigravity\\single_QGalleryX-Standalone\\bin\\qml\\QtQuick\\Controls\\FluentWinUI3\\dark\\images\\slider-handle-hovered.png",
      "D:\\Dev\\antigravity\\single_QGalleryX-Standalone\\bin\\qml\\QtQuick\\Controls\\FluentWinUI3\\dark\\images\\slider-handle-hovered@2x.png",
      "D:\\Dev\\antigravity\\single_QGalleryX-Standalone\\bin\\qml\\QtQuick\\Controls\\FluentWinUI3\\dark\\images\\slider-handle-hovered@3x.png",
      "D:\\Dev\\antigravity\\single_QGalleryX-Standalone\\bin\\qml\\QtQuick\\Controls\\FluentWinUI3\\dark\\images\\slider-handle-pressed.png",
      "D:\\Dev\\antigravity\\single_QGalleryX-Standalone\\bin\\qml\\QtQuick\\Controls\\FluentWinUI3\\dark\\images\\slider-handle-pressed@2x.png",
      "D:\\Dev\\antigravity\\single_QGalleryX-Standalone\\bin\\qml\\QtQuick\\Controls\\FluentWinUI3\\dark\\images\\slider-handle-pressed@3x.png",
      "D:\\Dev\\antigravity\\single_QGalleryX-Standalone\\bin\\qml\\QtQuick\\Controls\\FluentWinUI3\\dark\\images\\slider-handle.png",
      "D:\\Dev\\antigravity\\single_QGalleryX-Standalone\\bin\\qml\\QtQuick\\Controls\\FluentWinUI3\\dark\\images\\slider-handle@2x.png",
      "D:\\Dev\\antigravity\\single_QGalleryX-Standalone\\bin\\qml\\QtQuick\\Controls\\FluentWinUI3\\dark\\images\\slider-handle@3x.png",
      "D:\\Dev\\antigravity\\single_QGalleryX-Standalone\\bin\\qml\\QtQuick\\Controls\\FluentWinUI3\\dark\\images\\spinbox-background-atlimit.png",
      "D:\\Dev\\antigravity\\single_QGalleryX-Standalone\\bin\\qml\\QtQuick\\Controls\\FluentWinUI3\\dark\\images\\spinbox-background-atlimit@2x.png",
      "D:\\Dev\\antigravity\\single_QGalleryX-Standalone\\bin\\qml\\QtQuick\\Controls\\FluentWinUI3\\dark\\images\\spinbox-background-atlimit@3x.png",
      "D:\\Dev\\antigravity\\single_QGalleryX-Standalone\\bin\\qml\\QtQuick\\Controls\\FluentWinUI3\\dark\\images\\spinbox-background-disabled.png",
      "D:\\Dev\\antigravity\\single_QGalleryX-Standalone\\bin\\qml\\QtQuick\\Controls\\FluentWinUI3\\dark\\images\\spinbox-background-disabled@2x.png",
      "D:\\Dev\\antigravity\\single_QGalleryX-Standalone\\bin\\qml\\QtQuick\\Controls\\FluentWinUI3\\dark\\images\\spinbox-background-disabled@3x.png",
      "D:\\Dev\\antigravity\\single_QGalleryX-Standalone\\bin\\qml\\QtQuick\\Controls\\FluentWinUI3\\dark\\images\\spinbox-background-down-hovered.png",
      "D:\\Dev\\antigravity\\single_QGalleryX-Standalone\\bin\\qml\\QtQuick\\Controls\\FluentWinUI3\\dark\\images\\spinbox-background-down-hovered@2x.png",
      "D:\\Dev\\antigravity\\single_QGalleryX-Standalone\\bin\\qml\\QtQuick\\Controls\\FluentWinUI3\\dark\\images\\spinbox-background-down-hovered@3x.png",
      "D:\\Dev\\antigravity\\single_QGalleryX-Standalone\\bin\\qml\\QtQuick\\Controls\\FluentWinUI3\\dark\\images\\spinbox-background-down-pressed.png",
      "D:\\Dev\\antigravity\\single_QGalleryX-Standalone\\bin\\qml\\QtQuick\\Controls\\FluentWinUI3\\dark\\images\\spinbox-background-down-pressed@2x.png",
      "D:\\Dev\\antigravity\\single_QGalleryX-Standalone\\bin\\qml\\QtQuick\\Controls\\FluentWinUI3\\dark\\images\\spinbox-background-down-pressed@3x.png",
      "D:\\Dev\\antigravity\\single_QGalleryX-Standalone\\bin\\qml\\QtQuick\\Controls\\FluentWinUI3\\dark\\images\\spinbox-background-hovered.png",
      "D:\\Dev\\antigravity\\single_QGalleryX-Standalone\\bin\\qml\\QtQuick\\Controls\\FluentWinUI3\\dark\\images\\spinbox-background-hovered@2x.png",
      "D:\\Dev\\antigravity\\single_QGalleryX-Standalone\\bin\\qml\\QtQuick\\Controls\\FluentWinUI3\\dark\\images\\spinbox-background-hovered@3x.png",
      "D:\\Dev\\antigravity\\single_QGalleryX-Standalone\\bin\\qml\\QtQuick\\Controls\\FluentWinUI3\\dark\\images\\spinbox-background-up-hovered.png",
      "D:\\Dev\\antigravity\\single_QGalleryX-Standalone\\bin\\qml\\QtQuick\\Controls\\FluentWinUI3\\dark\\images\\spinbox-background-up-hovered@2x.png",
      "D:\\Dev\\antigravity\\single_QGalleryX-Standalone\\bin\\qml\\QtQuick\\Controls\\FluentWinUI3\\dark\\images\\spinbox-background-up-hovered@3x.png",
      "D:\\Dev\\antigravity\\single_QGalleryX-Standalone\\bin\\qml\\QtQuick\\Controls\\FluentWinUI3\\dark\\images\\spinbox-background-up-pressed.png",
      "D:\\Dev\\antigravity\\single_QGalleryX-Standalone\\bin\\qml\\QtQuick\\Controls\\FluentWinUI3\\dark\\images\\spinbox-background-up-pressed@2x.png",
      "D:\\Dev\\antigravity\\single_QGalleryX-Standalone\\bin\\qml\\QtQuick\\Controls\\FluentWinUI3\\dark\\images\\spinbox-background-up-pressed@3x.png",
      "D:\\Dev\\antigravity\\single_QGalleryX-Standalone\\bin\\qml\\QtQuick\\Controls\\FluentWinUI3\\dark\\images\\spinbox-background.png",
      "D:\\Dev\\antigravity\\single_QGalleryX-Standalone\\bin\\qml\\QtQuick\\Controls\\FluentWinUI3\\dark\\images\\spinbox-background@2x.png",
      "D:\\Dev\\antigravity\\single_QGalleryX-Standalone\\bin\\qml\\QtQuick\\Controls\\FluentWinUI3\\dark\\images\\spinbox-background@3x.png",
      "D:\\Dev\\antigravity\\single_QGalleryX-Standalone\\bin\\qml\\QtQuick\\Controls\\FluentWinUI3\\dark\\images\\spinbox-indicator-down-background-atlimit.png",
      "D:\\Dev\\antigravity\\single_QGalleryX-Standalone\\bin\\qml\\QtQuick\\Controls\\FluentWinUI3\\dark\\images\\spinbox-indicator-down-background-atlimit@2x.png",
      "D:\\Dev\\antigravity\\single_QGalleryX-Standalone\\bin\\qml\\QtQuick\\Controls\\FluentWinUI3\\dark\\images\\spinbox-indicator-down-background-atlimit@3x.png",
      "D:\\Dev\\antigravity\\single_QGalleryX-Standalone\\bin\\qml\\QtQuick\\Controls\\FluentWinUI3\\dark\\images\\spinbox-indicator-down-background-disabled.png",
      "D:\\Dev\\antigravity\\single_QGalleryX-Standalone\\bin\\qml\\QtQuick\\Controls\\FluentWinUI3\\dark\\images\\spinbox-indicator-down-background-disabled@2x.png",
      "D:\\Dev\\antigravity\\single_QGalleryX-Standalone\\bin\\qml\\QtQuick\\Controls\\FluentWinUI3\\dark\\images\\spinbox-indicator-down-background-disabled@3x.png",
      "D:\\Dev\\antigravity\\single_QGalleryX-Standalone\\bin\\qml\\QtQuick\\Controls\\FluentWinUI3\\dark\\images\\spinbox-indicator-down-background-down-hovered.png",
      "D:\\Dev\\antigravity\\single_QGalleryX-Standalone\\bin\\qml\\QtQuick\\Controls\\FluentWinUI3\\dark\\images\\spinbox-indicator-down-background-down-hovered@2x.png",
      "D:\\Dev\\antigravity\\single_QGalleryX-Standalone\\bin\\qml\\QtQuick\\Controls\\FluentWinUI3\\dark\\images\\spinbox-indicator-down-background-down-hovered@3x.png",
      "D:\\Dev\\antigravity\\single_QGalleryX-Standalone\\bin\\qml\\QtQuick\\Controls\\FluentWinUI3\\dark\\images\\spinbox-indicator-down-background-down-pressed.png",
      "D:\\Dev\\antigravity\\single_QGalleryX-Standalone\\bin\\qml\\QtQuick\\Controls\\FluentWinUI3\\dark\\images\\spinbox-indicator-down-background-down-pressed@2x.png",
      "D:\\Dev\\antigravity\\single_QGalleryX-Standalone\\bin\\qml\\QtQuick\\Controls\\FluentWinUI3\\dark\\images\\spinbox-indicator-down-background-down-pressed@3x.png",
      "D:\\Dev\\antigravity\\single_QGalleryX-Standalone\\bin\\qml\\QtQuick\\Controls\\FluentWinUI3\\dark\\images\\spinbox-indicator-down-background-hovered.png",
      "D:\\Dev\\antigravity\\single_QGalleryX-Standalone\\bin\\qml\\QtQuick\\Controls\\FluentWinUI3\\dark\\images\\spinbox-indicator-down-background-hovered@2x.png",
      "D:\\Dev\\antigravity\\single_QGalleryX-Standalone\\bin\\qml\\QtQuick\\Controls\\FluentWinUI3\\dark\\images\\spinbox-indicator-down-background-hovered@3x.png",
      "D:\\Dev\\antigravity\\single_QGalleryX-Standalone\\bin\\qml\\QtQuick\\Controls\\FluentWinUI3\\dark\\images\\spinbox-indicator-down-background-up-hovered.png",
      "D:\\Dev\\antigravity\\single_QGalleryX-Standalone\\bin\\qml\\QtQuick\\Controls\\FluentWinUI3\\dark\\images\\spinbox-indicator-down-background-up-hovered@2x.png",
      "D:\\Dev\\antigravity\\single_QGalleryX-Standalone\\bin\\qml\\QtQuick\\Controls\\FluentWinUI3\\dark\\images\\spinbox-indicator-down-background-up-hovered@3x.png",
      "D:\\Dev\\antigravity\\single_QGalleryX-Standalone\\bin\\qml\\QtQuick\\Controls\\FluentWinUI3\\dark\\images\\spinbox-indicator-down-background-up-pressed.png",
      "D:\\Dev\\antigravity\\single_QGalleryX-Standalone\\bin\\qml\\QtQuick\\Controls\\FluentWinUI3\\dark\\images\\spinbox-indicator-down-background-up-pressed@2x.png",
      "D:\\Dev\\antigravity\\single_QGalleryX-Standalone\\bin\\qml\\QtQuick\\Controls\\FluentWinUI3\\dark\\images\\spinbox-indicator-down-background-up-pressed@3x.png",
      "D:\\Dev\\antigravity\\single_QGalleryX-Standalone\\bin\\qml\\QtQuick\\Controls\\FluentWinUI3\\dark\\images\\spinbox-indicator-down-background.png",
      "D:\\Dev\\antigravity\\single_QGalleryX-Standalone\\bin\\qml\\QtQuick\\Controls\\FluentWinUI3\\dark\\images\\spinbox-indicator-down-background@2x.png",
      "D:\\Dev\\antigravity\\single_QGalleryX-Standalone\\bin\\qml\\QtQuick\\Controls\\FluentWinUI3\\dark\\images\\spinbox-indicator-down-background@3x.png",
      "D:\\Dev\\antigravity\\single_QGalleryX-Standalone\\bin\\qml\\QtQuick\\Controls\\FluentWinUI3\\dark\\images\\spinbox-indicator-down-icon-atlimit.png",
      "D:\\Dev\\antigravity\\single_QGalleryX-Standalone\\bin\\qml\\QtQuick\\Controls\\FluentWinUI3\\dark\\images\\spinbox-indicator-down-icon-atlimit@2x.png",
      "D:\\Dev\\antigravity\\single_QGalleryX-Standalone\\bin\\qml\\QtQuick\\Controls\\FluentWinUI3\\dark\\images\\spinbox-indicator-down-icon-atlimit@3x.png",
      "D:\\Dev\\antigravity\\single_QGalleryX-Standalone\\bin\\qml\\QtQuick\\Controls\\FluentWinUI3\\dark\\images\\spinbox-indicator-down-icon-disabled.png",
      "D:\\Dev\\antigravity\\single_QGalleryX-Standalone\\bin\\qml\\QtQuick\\Controls\\FluentWinUI3\\dark\\images\\spinbox-indicator-down-icon-disabled@2x.png",
      "D:\\Dev\\antigravity\\single_QGalleryX-Standalone\\bin\\qml\\QtQuick\\Controls\\FluentWinUI3\\dark\\images\\spinbox-indicator-down-icon-disabled@3x.png",
      "D:\\Dev\\antigravity\\single_QGalleryX-Standalone\\bin\\qml\\QtQuick\\Controls\\FluentWinUI3\\dark\\images\\spinbox-indicator-down-icon-down-hovered.png",
      "D:\\Dev\\antigravity\\single_QGalleryX-Standalone\\bin\\qml\\QtQuick\\Controls\\FluentWinUI3\\dark\\images\\spinbox-indicator-down-icon-down-hovered@2x.png",
      "D:\\Dev\\antigravity\\single_QGalleryX-Standalone\\bin\\qml\\QtQuick\\Controls\\FluentWinUI3\\dark\\images\\spinbox-indicator-down-icon-down-hovered@3x.png",
      "D:\\Dev\\antigravity\\single_QGalleryX-Standalone\\bin\\qml\\QtQuick\\Controls\\FluentWinUI3\\dark\\images\\spinbox-indicator-down-icon-down-pressed.png",
      "D:\\Dev\\antigravity\\single_QGalleryX-Standalone\\bin\\qml\\QtQuick\\Controls\\FluentWinUI3\\dark\\images\\spinbox-indicator-down-icon-down-pressed@2x.png",
      "D:\\Dev\\antigravity\\single_QGalleryX-Standalone\\bin\\qml\\QtQuick\\Controls\\FluentWinUI3\\dark\\images\\spinbox-indicator-down-icon-down-pressed@3x.png",
      "D:\\Dev\\antigravity\\single_QGalleryX-Standalone\\bin\\qml\\QtQuick\\Controls\\FluentWinUI3\\dark\\images\\spinbox-indicator-down-icon-hovered.png",
      "D:\\Dev\\antigravity\\single_QGalleryX-Standalone\\bin\\qml\\QtQuick\\Controls\\FluentWinUI3\\dark\\images\\spinbox-indicator-down-icon-hovered@2x.png",
      "D:\\Dev\\antigravity\\single_QGalleryX-Standalone\\bin\\qml\\QtQuick\\Controls\\FluentWinUI3\\dark\\images\\spinbox-indicator-down-icon-hovered@3x.png",
      "D:\\Dev\\antigravity\\single_QGalleryX-Standalone\\bin\\qml\\QtQuick\\Controls\\FluentWinUI3\\dark\\images\\spinbox-indicator-down-icon-up-hovered.png",
      "D:\\Dev\\antigravity\\single_QGalleryX-Standalone\\bin\\qml\\QtQuick\\Controls\\FluentWinUI3\\dark\\images\\spinbox-indicator-down-icon-up-hovered@2x.png",
      "D:\\Dev\\antigravity\\single_QGalleryX-Standalone\\bin\\qml\\QtQuick\\Controls\\FluentWinUI3\\dark\\images\\spinbox-indicator-down-icon-up-hovered@3x.png",
      "D:\\Dev\\antigravity\\single_QGalleryX-Standalone\\bin\\qml\\QtQuick\\Controls\\FluentWinUI3\\dark\\images\\spinbox-indicator-down-icon-up-pressed.png",
      "D:\\Dev\\antigravity\\single_QGalleryX-Standalone\\bin\\qml\\QtQuick\\Controls\\FluentWinUI3\\dark\\images\\spinbox-indicator-down-icon-up-pressed@2x.png",
      "D:\\Dev\\antigravity\\single_QGalleryX-Standalone\\bin\\qml\\QtQuick\\Controls\\FluentWinUI3\\dark\\images\\spinbox-indicator-down-icon-up-pressed@3x.png",
      "D:\\Dev\\antigravity\\single_QGalleryX-Standalone\\bin\\qml\\QtQuick\\Controls\\FluentWinUI3\\dark\\images\\spinbox-indicator-down-icon.png",
      "D:\\Dev\\antigravity\\single_QGalleryX-Standalone\\bin\\qml\\QtQuick\\Controls\\FluentWinUI3\\dark\\images\\spinbox-indicator-down-icon@2x.png",
      "D:\\Dev\\antigravity\\single_QGalleryX-Standalone\\bin\\qml\\QtQuick\\Controls\\FluentWinUI3\\dark\\images\\spinbox-indicator-down-icon@3x.png",
      "D:\\Dev\\antigravity\\single_QGalleryX-Standalone\\bin\\qml\\QtQuick\\Controls\\FluentWinUI3\\dark\\images\\spinbox-indicator-up-background-atlimit.png",
      "D:\\Dev\\antigravity\\single_QGalleryX-Standalone\\bin\\qml\\QtQuick\\Controls\\FluentWinUI3\\dark\\images\\spinbox-indicator-up-background-atlimit@2x.png",
      "D:\\Dev\\antigravity\\single_QGalleryX-Standalone\\bin\\qml\\QtQuick\\Controls\\FluentWinUI3\\dark\\images\\spinbox-indicator-up-background-atlimit@3x.png",
      "D:\\Dev\\antigravity\\single_QGalleryX-Standalone\\bin\\qml\\QtQuick\\Controls\\FluentWinUI3\\dark\\images\\spinbox-indicator-up-background-disabled.png",
      "D:\\Dev\\antigravity\\single_QGalleryX-Standalone\\bin\\qml\\QtQuick\\Controls\\FluentWinUI3\\dark\\images\\spinbox-indicator-up-background-disabled@2x.png",
      "D:\\Dev\\antigravity\\single_QGalleryX-Standalone\\bin\\qml\\QtQuick\\Controls\\FluentWinUI3\\dark\\images\\spinbox-indicator-up-background-disabled@3x.png",
      "D:\\Dev\\antigravity\\single_QGalleryX-Standalone\\bin\\qml\\QtQuick\\Controls\\FluentWinUI3\\dark\\images\\spinbox-indicator-up-background-down-hovered.png",
      "D:\\Dev\\antigravity\\single_QGalleryX-Standalone\\bin\\qml\\QtQuick\\Controls\\FluentWinUI3\\dark\\images\\spinbox-indicator-up-background-down-hovered@2x.png",
      "D:\\Dev\\antigravity\\single_QGalleryX-Standalone\\bin\\qml\\QtQuick\\Controls\\FluentWinUI3\\dark\\images\\spinbox-indicator-up-background-down-hovered@3x.png",
      "D:\\Dev\\antigravity\\single_QGalleryX-Standalone\\bin\\qml\\QtQuick\\Controls\\FluentWinUI3\\dark\\images\\spinbox-indicator-up-background-down-pressed.png",
      "D:\\Dev\\antigravity\\single_QGalleryX-Standalone\\bin\\qml\\QtQuick\\Controls\\FluentWinUI3\\dark\\images\\spinbox-indicator-up-background-down-pressed@2x.png",
      "D:\\Dev\\antigravity\\single_QGalleryX-Standalone\\bin\\qml\\QtQuick\\Controls\\FluentWinUI3\\dark\\images\\spinbox-indicator-up-background-down-pressed@3x.png",
      "D:\\Dev\\antigravity\\single_QGalleryX-Standalone\\bin\\qml\\QtQuick\\Controls\\FluentWinUI3\\dark\\images\\spinbox-indicator-up-background-hovered.png",
      "D:\\Dev\\antigravity\\single_QGalleryX-Standalone\\bin\\qml\\QtQuick\\Controls\\FluentWinUI3\\dark\\images\\spinbox-indicator-up-background-hovered@2x.png",
      "D:\\Dev\\antigravity\\single_QGalleryX-Standalone\\bin\\qml\\QtQuick\\Controls\\FluentWinUI3\\dark\\images\\spinbox-indicator-up-background-hovered@3x.png",
      "D:\\Dev\\antigravity\\single_QGalleryX-Standalone\\bin\\qml\\QtQuick\\Controls\\FluentWinUI3\\dark\\images\\spinbox-indicator-up-background-up-hovered.png",
      "D:\\Dev\\antigravity\\single_QGalleryX-Standalone\\bin\\qml\\QtQuick\\Controls\\FluentWinUI3\\dark\\images\\spinbox-indicator-up-background-up-hovered@2x.png",
      "D:\\Dev\\antigravity\\single_QGalleryX-Standalone\\bin\\qml\\QtQuick\\Controls\\FluentWinUI3\\dark\\images\\spinbox-indicator-up-background-up-hovered@3x.png",
      "D:\\Dev\\antigravity\\single_QGalleryX-Standalone\\bin\\qml\\QtQuick\\Controls\\FluentWinUI3\\dark\\images\\spinbox-indicator-up-background-up-pressed.png",
      "D:\\Dev\\antigravity\\single_QGalleryX-Standalone\\bin\\qml\\QtQuick\\Controls\\FluentWinUI3\\dark\\images\\spinbox-indicator-up-background-up-pressed@2x.png",
      "D:\\Dev\\antigravity\\single_QGalleryX-Standalone\\bin\\qml\\QtQuick\\Controls\\FluentWinUI3\\dark\\images\\spinbox-indicator-up-background-up-pressed@3x.png",
      "D:\\Dev\\antigravity\\single_QGalleryX-Standalone\\bin\\qml\\QtQuick\\Controls\\FluentWinUI3\\dark\\images\\spinbox-indicator-up-background.png",
      "D:\\Dev\\antigravity\\single_QGalleryX-Standalone\\bin\\qml\\QtQuick\\Controls\\FluentWinUI3\\dark\\images\\spinbox-indicator-up-background@2x.png",
      "D:\\Dev\\antigravity\\single_QGalleryX-Standalone\\bin\\qml\\QtQuick\\Controls\\FluentWinUI3\\dark\\images\\spinbox-indicator-up-background@3x.png",
      "D:\\Dev\\antigravity\\single_QGalleryX-Standalone\\bin\\qml\\QtQuick\\Controls\\FluentWinUI3\\dark\\images\\spinbox-indicator-up-icon-atlimit.png",
      "D:\\Dev\\antigravity\\single_QGalleryX-Standalone\\bin\\qml\\QtQuick\\Controls\\FluentWinUI3\\dark\\images\\spinbox-indicator-up-icon-atlimit@2x.png",
      "D:\\Dev\\antigravity\\single_QGalleryX-Standalone\\bin\\qml\\QtQuick\\Controls\\FluentWinUI3\\dark\\images\\spinbox-indicator-up-icon-atlimit@3x.png",
      "D:\\Dev\\antigravity\\single_QGalleryX-Standalone\\bin\\qml\\QtQuick\\Controls\\FluentWinUI3\\dark\\images\\spinbox-indicator-up-icon-disabled.png",
      "D:\\Dev\\antigravity\\single_QGalleryX-Standalone\\bin\\qml\\QtQuick\\Controls\\FluentWinUI3\\dark\\images\\spinbox-indicator-up-icon-disabled@2x.png",
      "D:\\Dev\\antigravity\\single_QGalleryX-Standalone\\bin\\qml\\QtQuick\\Controls\\FluentWinUI3\\dark\\images\\spinbox-indicator-up-icon-disabled@3x.png",
      "D:\\Dev\\antigravity\\single_QGalleryX-Standalone\\bin\\qml\\QtQuick\\Controls\\FluentWinUI3\\dark\\images\\spinbox-indicator-up-icon-down-hovered.png",
      "D:\\Dev\\antigravity\\single_QGalleryX-Standalone\\bin\\qml\\QtQuick\\Controls\\FluentWinUI3\\dark\\images\\spinbox-indicator-up-icon-down-hovered@2x.png",
      "D:\\Dev\\antigravity\\single_QGalleryX-Standalone\\bin\\qml\\QtQuick\\Controls\\FluentWinUI3\\dark\\images\\spinbox-indicator-up-icon-down-hovered@3x.png",
      "D:\\Dev\\antigravity\\single_QGalleryX-Standalone\\bin\\qml\\QtQuick\\Controls\\FluentWinUI3\\dark\\images\\spinbox-indicator-up-icon-down-pressed.png",
      "D:\\Dev\\antigravity\\single_QGalleryX-Standalone\\bin\\qml\\QtQuick\\Controls\\FluentWinUI3\\dark\\images\\spinbox-indicator-up-icon-down-pressed@2x.png",
      "D:\\Dev\\antigravity\\single_QGalleryX-Standalone\\bin\\qml\\QtQuick\\Controls\\FluentWinUI3\\dark\\images\\spinbox-indicator-up-icon-down-pressed@3x.png",
      "D:\\Dev\\antigravity\\single_QGalleryX-Standalone\\bin\\qml\\QtQuick\\Controls\\FluentWinUI3\\dark\\images\\spinbox-indicator-up-icon-hovered.png",
      "D:\\Dev\\antigravity\\single_QGalleryX-Standalone\\bin\\qml\\QtQuick\\Controls\\FluentWinUI3\\dark\\images\\spinbox-indicator-up-icon-hovered@2x.png",
      "D:\\Dev\\antigravity\\single_QGalleryX-Standalone\\bin\\qml\\QtQuick\\Controls\\FluentWinUI3\\dark\\images\\spinbox-indicator-up-icon-hovered@3x.png",
      "D:\\Dev\\antigravity\\single_QGalleryX-Standalone\\bin\\qml\\QtQuick\\Controls\\FluentWinUI3\\dark\\images\\spinbox-indicator-up-icon-up-hovered.png",
      "D:\\Dev\\antigravity\\single_QGalleryX-Standalone\\bin\\qml\\QtQuick\\Controls\\FluentWinUI3\\dark\\images\\spinbox-indicator-up-icon-up-hovered@2x.png",
      "D:\\Dev\\antigravity\\single_QGalleryX-Standalone\\bin\\qml\\QtQuick\\Controls\\FluentWinUI3\\dark\\images\\spinbox-indicator-up-icon-up-hovered@3x.png",
      "D:\\Dev\\antigravity\\single_QGalleryX-Standalone\\bin\\qml\\QtQuick\\Controls\\FluentWinUI3\\dark\\images\\spinbox-indicator-up-icon-up-pressed.png",
      "D:\\Dev\\antigravity\\single_QGalleryX-Standalone\\bin\\qml\\QtQuick\\Controls\\FluentWinUI3\\dark\\images\\spinbox-indicator-up-icon-up-pressed@2x.png",
      "D:\\Dev\\antigravity\\single_QGalleryX-Standalone\\bin\\qml\\QtQuick\\Controls\\FluentWinUI3\\dark\\images\\spinbox-indicator-up-icon-up-pressed@3x.png",
      "D:\\Dev\\antigravity\\single_QGalleryX-Standalone\\bin\\qml\\QtQuick\\Controls\\FluentWinUI3\\dark\\images\\spinbox-indicator-up-icon.png",
      "D:\\Dev\\antigravity\\single_QGalleryX-Standalone\\bin\\qml\\QtQuick\\Controls\\FluentWinUI3\\dark\\images\\spinbox-indicator-up-icon@2x.png",
      "D:\\Dev\\antigravity\\single_QGalleryX-Standalone\\bin\\qml\\QtQuick\\Controls\\FluentWinUI3\\dark\\images\\spinbox-indicator-up-icon@3x.png",
      "D:\\Dev\\antigravity\\single_QGalleryX-Standalone\\bin\\qml\\QtQuick\\Controls\\FluentWinUI3\\dark\\images\\textarea-background-disabled.png",
      "D:\\Dev\\antigravity\\single_QGalleryX-Standalone\\bin\\qml\\QtQuick\\Controls\\FluentWinUI3\\dark\\images\\textarea-background-disabled@2x.png",
      "D:\\Dev\\antigravity\\single_QGalleryX-Standalone\\bin\\qml\\QtQuick\\Controls\\FluentWinUI3\\dark\\images\\textarea-background-disabled@3x.png",
      "D:\\Dev\\antigravity\\single_QGalleryX-Standalone\\bin\\qml\\QtQuick\\Controls\\FluentWinUI3\\dark\\images\\textarea-background-focused.png",
      "D:\\Dev\\antigravity\\single_QGalleryX-Standalone\\bin\\qml\\QtQuick\\Controls\\FluentWinUI3\\dark\\images\\textarea-background-focused@2x.png",
      "D:\\Dev\\antigravity\\single_QGalleryX-Standalone\\bin\\qml\\QtQuick\\Controls\\FluentWinUI3\\dark\\images\\textarea-background-focused@3x.png",
      "D:\\Dev\\antigravity\\single_QGalleryX-Standalone\\bin\\qml\\QtQuick\\Controls\\FluentWinUI3\\dark\\images\\textarea-background-hovered.png",
      "D:\\Dev\\antigravity\\single_QGalleryX-Standalone\\bin\\qml\\QtQuick\\Controls\\FluentWinUI3\\dark\\images\\textarea-background-hovered@2x.png",
      "D:\\Dev\\antigravity\\single_QGalleryX-Standalone\\bin\\qml\\QtQuick\\Controls\\FluentWinUI3\\dark\\images\\textarea-background-hovered@3x.png",
      "D:\\Dev\\antigravity\\single_QGalleryX-Standalone\\bin\\qml\\QtQuick\\Controls\\FluentWinUI3\\dark\\images\\textarea-background.png",
      "D:\\Dev\\antigravity\\single_QGalleryX-Standalone\\bin\\qml\\QtQuick\\Controls\\FluentWinUI3\\dark\\images\\textarea-background@2x.png",
      "D:\\Dev\\antigravity\\single_QGalleryX-Standalone\\bin\\qml\\QtQuick\\Controls\\FluentWinUI3\\dark\\images\\textarea-background@3x.png",
      "D:\\Dev\\antigravity\\single_QGalleryX-Standalone\\bin\\qml\\QtQuick\\Controls\\FluentWinUI3\\dark\\images\\textfield-background-disabled.png",
      "D:\\Dev\\antigravity\\single_QGalleryX-Standalone\\bin\\qml\\QtQuick\\Controls\\FluentWinUI3\\dark\\images\\textfield-background-disabled@2x.png",
      "D:\\Dev\\antigravity\\single_QGalleryX-Standalone\\bin\\qml\\QtQuick\\Controls\\FluentWinUI3\\dark\\images\\textfield-background-disabled@3x.png",
      "D:\\Dev\\antigravity\\single_QGalleryX-Standalone\\bin\\qml\\QtQuick\\Controls\\FluentWinUI3\\dark\\images\\textfield-background-focused.png",
      "D:\\Dev\\antigravity\\single_QGalleryX-Standalone\\bin\\qml\\QtQuick\\Controls\\FluentWinUI3\\dark\\images\\textfield-background-focused@2x.png",
      "D:\\Dev\\antigravity\\single_QGalleryX-Standalone\\bin\\qml\\QtQuick\\Controls\\FluentWinUI3\\dark\\images\\textfield-background-focused@3x.png",
      "D:\\Dev\\antigravity\\single_QGalleryX-Standalone\\bin\\qml\\QtQuick\\Controls\\FluentWinUI3\\dark\\images\\textfield-background-hovered.png",
      "D:\\Dev\\antigravity\\single_QGalleryX-Standalone\\bin\\qml\\QtQuick\\Controls\\FluentWinUI3\\dark\\images\\textfield-background-hovered@2x.png",
      "D:\\Dev\\antigravity\\single_QGalleryX-Standalone\\bin\\qml\\QtQuick\\Controls\\FluentWinUI3\\dark\\images\\textfield-background-hovered@3x.png",
      "D:\\Dev\\antigravity\\single_QGalleryX-Standalone\\bin\\qml\\QtQuick\\Controls\\FluentWinUI3\\dark\\images\\textfield-background.png",
      "D:\\Dev\\antigravity\\single_QGalleryX-Standalone\\bin\\qml\\QtQuick\\Controls\\FluentWinUI3\\dark\\images\\textfield-background@2x.png",
      "D:\\Dev\\antigravity\\single_QGalleryX-Standalone\\bin\\qml\\QtQuick\\Controls\\FluentWinUI3\\dark\\images\\textfield-background@3x.png",
      "D:\\Dev\\antigravity\\single_QGalleryX-Standalone\\bin\\qml\\QtQuick\\Controls\\FluentWinUI3\\icons\\checkmark.png",
      "D:\\Dev\\antigravity\\single_QGalleryX-Standalone\\bin\\qml\\QtQuick\\Controls\\FluentWinUI3\\icons\\checkmark@2x.png",
      "D:\\Dev\\antigravity\\single_QGalleryX-Standalone\\bin\\qml\\QtQuick\\Controls\\FluentWinUI3\\icons\\checkmark@3x.png",
      "D:\\Dev\\antigravity\\single_QGalleryX-Standalone\\bin\\qml\\QtQuick\\Controls\\FluentWinUI3\\icons\\menuarrow.png",
      "D:\\Dev\\antigravity\\single_QGalleryX-Standalone\\bin\\qml\\QtQuick\\Controls\\FluentWinUI3\\icons\\menuarrow@2x.png",
      "D:\\Dev\\antigravity\\single_QGalleryX-Standalone\\bin\\qml\\QtQuick\\Controls\\FluentWinUI3\\icons\\menuarrow@3x.png",
      "D:\\Dev\\antigravity\\single_QGalleryX-Standalone\\bin\\qml\\QtQuick\\Controls\\FluentWinUI3\\light\\images\\checkbox-indicator-checked-disabled.png",
      "D:\\Dev\\antigravity\\single_QGalleryX-Standalone\\bin\\qml\\QtQuick\\Controls\\FluentWinUI3\\light\\images\\checkbox-indicator-checked-disabled@2x.png",
      "D:\\Dev\\antigravity\\single_QGalleryX-Standalone\\bin\\qml\\QtQuick\\Controls\\FluentWinUI3\\light\\images\\checkbox-indicator-checked-disabled@3x.png",
      "D:\\Dev\\antigravity\\single_QGalleryX-Standalone\\bin\\qml\\QtQuick\\Controls\\FluentWinUI3\\light\\images\\checkbox-indicator-checked-hovered.png",
      "D:\\Dev\\antigravity\\single_QGalleryX-Standalone\\bin\\qml\\QtQuick\\Controls\\FluentWinUI3\\light\\images\\checkbox-indicator-checked-hovered@2x.png",
      "D:\\Dev\\antigravity\\single_QGalleryX-Standalone\\bin\\qml\\QtQuick\\Controls\\FluentWinUI3\\light\\images\\checkbox-indicator-checked-hovered@3x.png",
      "D:\\Dev\\antigravity\\single_QGalleryX-Standalone\\bin\\qml\\QtQuick\\Controls\\FluentWinUI3\\light\\images\\checkbox-indicator-checked-pressed.png",
      "D:\\Dev\\antigravity\\single_QGalleryX-Standalone\\bin\\qml\\QtQuick\\Controls\\FluentWinUI3\\light\\images\\checkbox-indicator-checked-pressed@2x.png",
      "D:\\Dev\\antigravity\\single_QGalleryX-Standalone\\bin\\qml\\QtQuick\\Controls\\FluentWinUI3\\light\\images\\checkbox-indicator-checked-pressed@3x.png",
      "D:\\Dev\\antigravity\\single_QGalleryX-Standalone\\bin\\qml\\QtQuick\\Controls\\FluentWinUI3\\light\\images\\checkbox-indicator-checked.png",
      "D:\\Dev\\antigravity\\single_QGalleryX-Standalone\\bin\\qml\\QtQuick\\Controls\\FluentWinUI3\\light\\images\\checkbox-indicator-checked@2x.png",
      "D:\\Dev\\antigravity\\single_QGalleryX-Standalone\\bin\\qml\\QtQuick\\Controls\\FluentWinUI3\\light\\images\\checkbox-indicator-checked@3x.png",
      "D:\\Dev\\antigravity\\single_QGalleryX-Standalone\\bin\\qml\\QtQuick\\Controls\\FluentWinUI3\\light\\images\\checkbox-indicator-disabled-partiallyChecked.png",
      "D:\\Dev\\antigravity\\single_QGalleryX-Standalone\\bin\\qml\\QtQuick\\Controls\\FluentWinUI3\\light\\images\\checkbox-indicator-disabled-partiallyChecked@2x.png",
      "D:\\Dev\\antigravity\\single_QGalleryX-Standalone\\bin\\qml\\QtQuick\\Controls\\FluentWinUI3\\light\\images\\checkbox-indicator-disabled-partiallyChecked@3x.png",
      "D:\\Dev\\antigravity\\single_QGalleryX-Standalone\\bin\\qml\\QtQuick\\Controls\\FluentWinUI3\\light\\images\\checkbox-indicator-disabled.png",
      "D:\\Dev\\antigravity\\single_QGalleryX-Standalone\\bin\\qml\\QtQuick\\Controls\\FluentWinUI3\\light\\images\\checkbox-indicator-disabled@2x.png",
      "D:\\Dev\\antigravity\\single_QGalleryX-Standalone\\bin\\qml\\QtQuick\\Controls\\FluentWinUI3\\light\\images\\checkbox-indicator-disabled@3x.png",
      "D:\\Dev\\antigravity\\single_QGalleryX-Standalone\\bin\\qml\\QtQuick\\Controls\\FluentWinUI3\\light\\images\\checkbox-indicator-hovered-partiallyChecked.png",
      "D:\\Dev\\antigravity\\single_QGalleryX-Standalone\\bin\\qml\\QtQuick\\Controls\\FluentWinUI3\\light\\images\\checkbox-indicator-hovered-partiallyChecked@2x.png",
      "D:\\Dev\\antigravity\\single_QGalleryX-Standalone\\bin\\qml\\QtQuick\\Controls\\FluentWinUI3\\light\\images\\checkbox-indicator-hovered-partiallyChecked@3x.png",
      "D:\\Dev\\antigravity\\single_QGalleryX-Standalone\\bin\\qml\\QtQuick\\Controls\\FluentWinUI3\\light\\images\\checkbox-indicator-hovered.png",
      "D:\\Dev\\antigravity\\single_QGalleryX-Standalone\\bin\\qml\\QtQuick\\Controls\\FluentWinUI3\\light\\images\\checkbox-indicator-hovered@2x.png",
      "D:\\Dev\\antigravity\\single_QGalleryX-Standalone\\bin\\qml\\QtQuick\\Controls\\FluentWinUI3\\light\\images\\checkbox-indicator-hovered@3x.png",
      "D:\\Dev\\antigravity\\single_QGalleryX-Standalone\\bin\\qml\\QtQuick\\Controls\\FluentWinUI3\\light\\images\\checkbox-indicator-partiallyChecked-pressed.png",
      "D:\\Dev\\antigravity\\single_QGalleryX-Standalone\\bin\\qml\\QtQuick\\Controls\\FluentWinUI3\\light\\images\\checkbox-indicator-partiallyChecked-pressed@2x.png",
      "D:\\Dev\\antigravity\\single_QGalleryX-Standalone\\bin\\qml\\QtQuick\\Controls\\FluentWinUI3\\light\\images\\checkbox-indicator-partiallyChecked-pressed@3x.png",
      "D:\\Dev\\antigravity\\single_QGalleryX-Standalone\\bin\\qml\\QtQuick\\Controls\\FluentWinUI3\\light\\images\\checkbox-indicator-partiallyChecked.png",
      "D:\\Dev\\antigravity\\single_QGalleryX-Standalone\\bin\\qml\\QtQuick\\Controls\\FluentWinUI3\\light\\images\\checkbox-indicator-partiallyChecked@2x.png",
      "D:\\Dev\\antigravity\\single_QGalleryX-Standalone\\bin\\qml\\QtQuick\\Controls\\FluentWinUI3\\light\\images\\checkbox-indicator-partiallyChecked@3x.png",
      "D:\\Dev\\antigravity\\single_QGalleryX-Standalone\\bin\\qml\\QtQuick\\Controls\\FluentWinUI3\\light\\images\\checkbox-indicator-pressed.png",
      "D:\\Dev\\antigravity\\single_QGalleryX-Standalone\\bin\\qml\\QtQuick\\Controls\\FluentWinUI3\\light\\images\\checkbox-indicator-pressed@2x.png",
      "D:\\Dev\\antigravity\\single_QGalleryX-Standalone\\bin\\qml\\QtQuick\\Controls\\FluentWinUI3\\light\\images\\checkbox-indicator-pressed@3x.png",
      "D:\\Dev\\antigravity\\single_QGalleryX-Standalone\\bin\\qml\\QtQuick\\Controls\\FluentWinUI3\\light\\images\\checkbox-indicator.png",
      "D:\\Dev\\antigravity\\single_QGalleryX-Standalone\\bin\\qml\\QtQuick\\Controls\\FluentWinUI3\\light\\images\\checkbox-indicator@2x.png",
      "D:\\Dev\\antigravity\\single_QGalleryX-Standalone\\bin\\qml\\QtQuick\\Controls\\FluentWinUI3\\light\\images\\checkbox-indicator@3x.png",
      "D:\\Dev\\antigravity\\single_QGalleryX-Standalone\\bin\\qml\\QtQuick\\Controls\\FluentWinUI3\\light\\images\\combobox-background-disabled.png",
      "D:\\Dev\\antigravity\\single_QGalleryX-Standalone\\bin\\qml\\QtQuick\\Controls\\FluentWinUI3\\light\\images\\combobox-background-disabled@2x.png",
      "D:\\Dev\\antigravity\\single_QGalleryX-Standalone\\bin\\qml\\QtQuick\\Controls\\FluentWinUI3\\light\\images\\combobox-background-disabled@3x.png",
      "D:\\Dev\\antigravity\\single_QGalleryX-Standalone\\bin\\qml\\QtQuick\\Controls\\FluentWinUI3\\light\\images\\combobox-background-focused.png",
      "D:\\Dev\\antigravity\\single_QGalleryX-Standalone\\bin\\qml\\QtQuick\\Controls\\FluentWinUI3\\light\\images\\combobox-background-focused@2x.png",
      "D:\\Dev\\antigravity\\single_QGalleryX-Standalone\\bin\\qml\\QtQuick\\Controls\\FluentWinUI3\\light\\images\\combobox-background-focused@3x.png",
      "D:\\Dev\\antigravity\\single_QGalleryX-Standalone\\bin\\qml\\QtQuick\\Controls\\FluentWinUI3\\light\\images\\combobox-background-hovered-open.png",
      "D:\\Dev\\antigravity\\single_QGalleryX-Standalone\\bin\\qml\\QtQuick\\Controls\\FluentWinUI3\\light\\images\\combobox-background-hovered-open@2x.png",
      "D:\\Dev\\antigravity\\single_QGalleryX-Standalone\\bin\\qml\\QtQuick\\Controls\\FluentWinUI3\\light\\images\\combobox-background-hovered-open@3x.png",
      "D:\\Dev\\antigravity\\single_QGalleryX-Standalone\\bin\\qml\\QtQuick\\Controls\\FluentWinUI3\\light\\images\\combobox-background-hovered.png",
      "D:\\Dev\\antigravity\\single_QGalleryX-Standalone\\bin\\qml\\QtQuick\\Controls\\FluentWinUI3\\light\\images\\combobox-background-hovered@2x.png",
      "D:\\Dev\\antigravity\\single_QGalleryX-Standalone\\bin\\qml\\QtQuick\\Controls\\FluentWinUI3\\light\\images\\combobox-background-hovered@3x.png",
      "D:\\Dev\\antigravity\\single_QGalleryX-Standalone\\bin\\qml\\QtQuick\\Controls\\FluentWinUI3\\light\\images\\combobox-background-open-pressed.png",
      "D:\\Dev\\antigravity\\single_QGalleryX-Standalone\\bin\\qml\\QtQuick\\Controls\\FluentWinUI3\\light\\images\\combobox-background-open-pressed@2x.png",
      "D:\\Dev\\antigravity\\single_QGalleryX-Standalone\\bin\\qml\\QtQuick\\Controls\\FluentWinUI3\\light\\images\\combobox-background-open-pressed@3x.png",
      "D:\\Dev\\antigravity\\single_QGalleryX-Standalone\\bin\\qml\\QtQuick\\Controls\\FluentWinUI3\\light\\images\\combobox-background-open.png",
      "D:\\Dev\\antigravity\\single_QGalleryX-Standalone\\bin\\qml\\QtQuick\\Controls\\FluentWinUI3\\light\\images\\combobox-background-open@2x.png",
      "D:\\Dev\\antigravity\\single_QGalleryX-Standalone\\bin\\qml\\QtQuick\\Controls\\FluentWinUI3\\light\\images\\combobox-background-open@3x.png",
      "D:\\Dev\\antigravity\\single_QGalleryX-Standalone\\bin\\qml\\QtQuick\\Controls\\FluentWinUI3\\light\\images\\combobox-background-pressed.png",
      "D:\\Dev\\antigravity\\single_QGalleryX-Standalone\\bin\\qml\\QtQuick\\Controls\\FluentWinUI3\\light\\images\\combobox-background-pressed@2x.png",
      "D:\\Dev\\antigravity\\single_QGalleryX-Standalone\\bin\\qml\\QtQuick\\Controls\\FluentWinUI3\\light\\images\\combobox-background-pressed@3x.png",
      "D:\\Dev\\antigravity\\single_QGalleryX-Standalone\\bin\\qml\\QtQuick\\Controls\\FluentWinUI3\\light\\images\\combobox-background.png",
      "D:\\Dev\\antigravity\\single_QGalleryX-Standalone\\bin\\qml\\QtQuick\\Controls\\FluentWinUI3\\light\\images\\combobox-background@2x.png",
      "D:\\Dev\\antigravity\\single_QGalleryX-Standalone\\bin\\qml\\QtQuick\\Controls\\FluentWinUI3\\light\\images\\combobox-background@3x.png",
      "D:\\Dev\\antigravity\\single_QGalleryX-Standalone\\bin\\qml\\QtQuick\\Controls\\FluentWinUI3\\light\\images\\combobox-indicator-disabled.png",
      "D:\\Dev\\antigravity\\single_QGalleryX-Standalone\\bin\\qml\\QtQuick\\Controls\\FluentWinUI3\\light\\images\\combobox-indicator-disabled@2x.png",
      "D:\\Dev\\antigravity\\single_QGalleryX-Standalone\\bin\\qml\\QtQuick\\Controls\\FluentWinUI3\\light\\images\\combobox-indicator-disabled@3x.png",
      "D:\\Dev\\antigravity\\single_QGalleryX-Standalone\\bin\\qml\\QtQuick\\Controls\\FluentWinUI3\\light\\images\\combobox-indicator-focused.png",
      "D:\\Dev\\antigravity\\single_QGalleryX-Standalone\\bin\\qml\\QtQuick\\Controls\\FluentWinUI3\\light\\images\\combobox-indicator-focused@2x.png",
      "D:\\Dev\\antigravity\\single_QGalleryX-Standalone\\bin\\qml\\QtQuick\\Controls\\FluentWinUI3\\light\\images\\combobox-indicator-focused@3x.png",
      "D:\\Dev\\antigravity\\single_QGalleryX-Standalone\\bin\\qml\\QtQuick\\Controls\\FluentWinUI3\\light\\images\\combobox-indicator-hovered-open.png",
      "D:\\Dev\\antigravity\\single_QGalleryX-Standalone\\bin\\qml\\QtQuick\\Controls\\FluentWinUI3\\light\\images\\combobox-indicator-hovered-open@2x.png",
      "D:\\Dev\\antigravity\\single_QGalleryX-Standalone\\bin\\qml\\QtQuick\\Controls\\FluentWinUI3\\light\\images\\combobox-indicator-hovered-open@3x.png",
      "D:\\Dev\\antigravity\\single_QGalleryX-Standalone\\bin\\qml\\QtQuick\\Controls\\FluentWinUI3\\light\\images\\combobox-indicator-hovered.png",
      "D:\\Dev\\antigravity\\single_QGalleryX-Standalone\\bin\\qml\\QtQuick\\Controls\\FluentWinUI3\\light\\images\\combobox-indicator-hovered@2x.png",
      "D:\\Dev\\antigravity\\single_QGalleryX-Standalone\\bin\\qml\\QtQuick\\Controls\\FluentWinUI3\\light\\images\\combobox-indicator-hovered@3x.png",
      "D:\\Dev\\antigravity\\single_QGalleryX-Standalone\\bin\\qml\\QtQuick\\Controls\\FluentWinUI3\\light\\images\\combobox-indicator-open-pressed.png",
      "D:\\Dev\\antigravity\\single_QGalleryX-Standalone\\bin\\qml\\QtQuick\\Controls\\FluentWinUI3\\light\\images\\combobox-indicator-open-pressed@2x.png",
      "D:\\Dev\\antigravity\\single_QGalleryX-Standalone\\bin\\qml\\QtQuick\\Controls\\FluentWinUI3\\light\\images\\combobox-indicator-open-pressed@3x.png",
      "D:\\Dev\\antigravity\\single_QGalleryX-Standalone\\bin\\qml\\QtQuick\\Controls\\FluentWinUI3\\light\\images\\combobox-indicator-open.png",
      "D:\\Dev\\antigravity\\single_QGalleryX-Standalone\\bin\\qml\\QtQuick\\Controls\\FluentWinUI3\\light\\images\\combobox-indicator-open@2x.png",
      "D:\\Dev\\antigravity\\single_QGalleryX-Standalone\\bin\\qml\\QtQuick\\Controls\\FluentWinUI3\\light\\images\\combobox-indicator-open@3x.png",
      "D:\\Dev\\antigravity\\single_QGalleryX-Standalone\\bin\\qml\\QtQuick\\Controls\\FluentWinUI3\\light\\images\\combobox-indicator-pressed.png",
      "D:\\Dev\\antigravity\\single_QGalleryX-Standalone\\bin\\qml\\QtQuick\\Controls\\FluentWinUI3\\light\\images\\combobox-indicator-pressed@2x.png",
      "D:\\Dev\\antigravity\\single_QGalleryX-Standalone\\bin\\qml\\QtQuick\\Controls\\FluentWinUI3\\light\\images\\combobox-indicator-pressed@3x.png",
      "D:\\Dev\\antigravity\\single_QGalleryX-Standalone\\bin\\qml\\QtQuick\\Controls\\FluentWinUI3\\light\\images\\combobox-indicator.png",
      "D:\\Dev\\antigravity\\single_QGalleryX-Standalone\\bin\\qml\\QtQuick\\Controls\\FluentWinUI3\\light\\images\\combobox-indicator@2x.png",
      "D:\\Dev\\antigravity\\single_QGalleryX-Standalone\\bin\\qml\\QtQuick\\Controls\\FluentWinUI3\\light\\images\\combobox-indicator@3x.png",
      "D:\\Dev\\antigravity\\single_QGalleryX-Standalone\\bin\\qml\\QtQuick\\Controls\\FluentWinUI3\\light\\images\\editablecombobox-background-hovered-open.png",
      "D:\\Dev\\antigravity\\single_QGalleryX-Standalone\\bin\\qml\\QtQuick\\Controls\\FluentWinUI3\\light\\images\\editablecombobox-background-hovered-open@2x.png",
      "D:\\Dev\\antigravity\\single_QGalleryX-Standalone\\bin\\qml\\QtQuick\\Controls\\FluentWinUI3\\light\\images\\editablecombobox-background-hovered-open@3x.png",
      "D:\\Dev\\antigravity\\single_QGalleryX-Standalone\\bin\\qml\\QtQuick\\Controls\\FluentWinUI3\\light\\images\\editablecombobox-background-open-pressed.png",
      "D:\\Dev\\antigravity\\single_QGalleryX-Standalone\\bin\\qml\\QtQuick\\Controls\\FluentWinUI3\\light\\images\\editablecombobox-background-open-pressed@2x.png",
      "D:\\Dev\\antigravity\\single_QGalleryX-Standalone\\bin\\qml\\QtQuick\\Controls\\FluentWinUI3\\light\\images\\editablecombobox-background-open-pressed@3x.png",
      "D:\\Dev\\antigravity\\single_QGalleryX-Standalone\\bin\\qml\\QtQuick\\Controls\\FluentWinUI3\\light\\images\\editablecombobox-background-open.png",
      "D:\\Dev\\antigravity\\single_QGalleryX-Standalone\\bin\\qml\\QtQuick\\Controls\\FluentWinUI3\\light\\images\\editablecombobox-background-open@2x.png",
      "D:\\Dev\\antigravity\\single_QGalleryX-Standalone\\bin\\qml\\QtQuick\\Controls\\FluentWinUI3\\light\\images\\editablecombobox-background-open@3x.png",
      "D:\\Dev\\antigravity\\single_QGalleryX-Standalone\\bin\\qml\\QtQuick\\Controls\\FluentWinUI3\\light\\images\\editablecombobox-indicator-hovered-open.png",
      "D:\\Dev\\antigravity\\single_QGalleryX-Standalone\\bin\\qml\\QtQuick\\Controls\\FluentWinUI3\\light\\images\\editablecombobox-indicator-hovered-open@2x.png",
      "D:\\Dev\\antigravity\\single_QGalleryX-Standalone\\bin\\qml\\QtQuick\\Controls\\FluentWinUI3\\light\\images\\editablecombobox-indicator-hovered-open@3x.png",
      "D:\\Dev\\antigravity\\single_QGalleryX-Standalone\\bin\\qml\\QtQuick\\Controls\\FluentWinUI3\\light\\images\\editablecombobox-indicator-open-pressed.png",
      "D:\\Dev\\antigravity\\single_QGalleryX-Standalone\\bin\\qml\\QtQuick\\Controls\\FluentWinUI3\\light\\images\\editablecombobox-indicator-open-pressed@2x.png",
      "D:\\Dev\\antigravity\\single_QGalleryX-Standalone\\bin\\qml\\QtQuick\\Controls\\FluentWinUI3\\light\\images\\editablecombobox-indicator-open-pressed@3x.png",
      "D:\\Dev\\antigravity\\single_QGalleryX-Standalone\\bin\\qml\\QtQuick\\Controls\\FluentWinUI3\\light\\images\\editablecombobox-indicator-open.png",
      "D:\\Dev\\antigravity\\single_QGalleryX-Standalone\\bin\\qml\\QtQuick\\Controls\\FluentWinUI3\\light\\images\\editablecombobox-indicator-open@2x.png",
      "D:\\Dev\\antigravity\\single_QGalleryX-Standalone\\bin\\qml\\QtQuick\\Controls\\FluentWinUI3\\light\\images\\editablecombobox-indicator-open@3x.png",
      "D:\\Dev\\antigravity\\single_QGalleryX-Standalone\\bin\\qml\\QtQuick\\Controls\\FluentWinUI3\\light\\images\\editablecombobox-popup-background-hovered-open.png",
      "D:\\Dev\\antigravity\\single_QGalleryX-Standalone\\bin\\qml\\QtQuick\\Controls\\FluentWinUI3\\light\\images\\editablecombobox-popup-background-hovered-open@2x.png",
      "D:\\Dev\\antigravity\\single_QGalleryX-Standalone\\bin\\qml\\QtQuick\\Controls\\FluentWinUI3\\light\\images\\editablecombobox-popup-background-hovered-open@3x.png",
      "D:\\Dev\\antigravity\\single_QGalleryX-Standalone\\bin\\qml\\QtQuick\\Controls\\FluentWinUI3\\light\\images\\editablecombobox-popup-background-open-pressed.png",
      "D:\\Dev\\antigravity\\single_QGalleryX-Standalone\\bin\\qml\\QtQuick\\Controls\\FluentWinUI3\\light\\images\\editablecombobox-popup-background-open-pressed@2x.png",
      "D:\\Dev\\antigravity\\single_QGalleryX-Standalone\\bin\\qml\\QtQuick\\Controls\\FluentWinUI3\\light\\images\\editablecombobox-popup-background-open-pressed@3x.png",
      "D:\\Dev\\antigravity\\single_QGalleryX-Standalone\\bin\\qml\\QtQuick\\Controls\\FluentWinUI3\\light\\images\\editablecombobox-popup-background-open.png",
      "D:\\Dev\\antigravity\\single_QGalleryX-Standalone\\bin\\qml\\QtQuick\\Controls\\FluentWinUI3\\light\\images\\editablecombobox-popup-background-open@2x.png",
      "D:\\Dev\\antigravity\\single_QGalleryX-Standalone\\bin\\qml\\QtQuick\\Controls\\FluentWinUI3\\light\\images\\editablecombobox-popup-background-open@3x.png",
      "D:\\Dev\\antigravity\\single_QGalleryX-Standalone\\bin\\qml\\QtQuick\\Controls\\FluentWinUI3\\light\\images\\frame-background-disabled.png",
      "D:\\Dev\\antigravity\\single_QGalleryX-Standalone\\bin\\qml\\QtQuick\\Controls\\FluentWinUI3\\light\\images\\frame-background-disabled@2x.png",
      "D:\\Dev\\antigravity\\single_QGalleryX-Standalone\\bin\\qml\\QtQuick\\Controls\\FluentWinUI3\\light\\images\\frame-background-disabled@3x.png",
      "D:\\Dev\\antigravity\\single_QGalleryX-Standalone\\bin\\qml\\QtQuick\\Controls\\FluentWinUI3\\light\\images\\frame-background.png",
      "D:\\Dev\\antigravity\\single_QGalleryX-Standalone\\bin\\qml\\QtQuick\\Controls\\FluentWinUI3\\light\\images\\frame-background@2x.png",
      "D:\\Dev\\antigravity\\single_QGalleryX-Standalone\\bin\\qml\\QtQuick\\Controls\\FluentWinUI3\\light\\images\\frame-background@3x.png",
      "D:\\Dev\\antigravity\\single_QGalleryX-Standalone\\bin\\qml\\QtQuick\\Controls\\FluentWinUI3\\light\\images\\itemdelegate-background-highlighted-hovered.png",
      "D:\\Dev\\antigravity\\single_QGalleryX-Standalone\\bin\\qml\\QtQuick\\Controls\\FluentWinUI3\\light\\images\\itemdelegate-background-highlighted-hovered@2x.png",
      "D:\\Dev\\antigravity\\single_QGalleryX-Standalone\\bin\\qml\\QtQuick\\Controls\\FluentWinUI3\\light\\images\\itemdelegate-background-highlighted-hovered@3x.png",
      "D:\\Dev\\antigravity\\single_QGalleryX-Standalone\\bin\\qml\\QtQuick\\Controls\\FluentWinUI3\\light\\images\\itemdelegate-background-highlighted-pressed.png",
      "D:\\Dev\\antigravity\\single_QGalleryX-Standalone\\bin\\qml\\QtQuick\\Controls\\FluentWinUI3\\light\\images\\itemdelegate-background-highlighted-pressed@2x.png",
      "D:\\Dev\\antigravity\\single_QGalleryX-Standalone\\bin\\qml\\QtQuick\\Controls\\FluentWinUI3\\light\\images\\itemdelegate-background-highlighted-pressed@3x.png",
      "D:\\Dev\\antigravity\\single_QGalleryX-Standalone\\bin\\qml\\QtQuick\\Controls\\FluentWinUI3\\light\\images\\itemdelegate-background-highlighted.png",
      "D:\\Dev\\antigravity\\single_QGalleryX-Standalone\\bin\\qml\\QtQuick\\Controls\\FluentWinUI3\\light\\images\\itemdelegate-background-highlighted@2x.png",
      "D:\\Dev\\antigravity\\single_QGalleryX-Standalone\\bin\\qml\\QtQuick\\Controls\\FluentWinUI3\\light\\images\\itemdelegate-background-highlighted@3x.png",
      "D:\\Dev\\antigravity\\single_QGalleryX-Standalone\\bin\\qml\\QtQuick\\Controls\\FluentWinUI3\\light\\images\\itemdelegate-background-hovered.png",
      "D:\\Dev\\antigravity\\single_QGalleryX-Standalone\\bin\\qml\\QtQuick\\Controls\\FluentWinUI3\\light\\images\\itemdelegate-background-hovered@2x.png",
      "D:\\Dev\\antigravity\\single_QGalleryX-Standalone\\bin\\qml\\QtQuick\\Controls\\FluentWinUI3\\light\\images\\itemdelegate-background-hovered@3x.png",
      "D:\\Dev\\antigravity\\single_QGalleryX-Standalone\\bin\\qml\\QtQuick\\Controls\\FluentWinUI3\\light\\images\\itemdelegate-background-pressed.png",
      "D:\\Dev\\antigravity\\single_QGalleryX-Standalone\\bin\\qml\\QtQuick\\Controls\\FluentWinUI3\\light\\images\\itemdelegate-background-pressed@2x.png",
      "D:\\Dev\\antigravity\\single_QGalleryX-Standalone\\bin\\qml\\QtQuick\\Controls\\FluentWinUI3\\light\\images\\itemdelegate-background-pressed@3x.png",
      "D:\\Dev\\antigravity\\single_QGalleryX-Standalone\\bin\\qml\\QtQuick\\Controls\\FluentWinUI3\\light\\images\\pageindicatordelegate-indicator-delegate-current-hovered.png",
      "D:\\Dev\\antigravity\\single_QGalleryX-Standalone\\bin\\qml\\QtQuick\\Controls\\FluentWinUI3\\light\\images\\pageindicatordelegate-indicator-delegate-current-hovered@2x.png",
      "D:\\Dev\\antigravity\\single_QGalleryX-Standalone\\bin\\qml\\QtQuick\\Controls\\FluentWinUI3\\light\\images\\pageindicatordelegate-indicator-delegate-current-hovered@3x.png",
      "D:\\Dev\\antigravity\\single_QGalleryX-Standalone\\bin\\qml\\QtQuick\\Controls\\FluentWinUI3\\light\\images\\pageindicatordelegate-indicator-delegate-current-pressed.png",
      "D:\\Dev\\antigravity\\single_QGalleryX-Standalone\\bin\\qml\\QtQuick\\Controls\\FluentWinUI3\\light\\images\\pageindicatordelegate-indicator-delegate-current-pressed@2x.png",
      "D:\\Dev\\antigravity\\single_QGalleryX-Standalone\\bin\\qml\\QtQuick\\Controls\\FluentWinUI3\\light\\images\\pageindicatordelegate-indicator-delegate-current-pressed@3x.png",
      "D:\\Dev\\antigravity\\single_QGalleryX-Standalone\\bin\\qml\\QtQuick\\Controls\\FluentWinUI3\\light\\images\\pageindicatordelegate-indicator-delegate-current.png",
      "D:\\Dev\\antigravity\\single_QGalleryX-Standalone\\bin\\qml\\QtQuick\\Controls\\FluentWinUI3\\light\\images\\pageindicatordelegate-indicator-delegate-current@2x.png",
      "D:\\Dev\\antigravity\\single_QGalleryX-Standalone\\bin\\qml\\QtQuick\\Controls\\FluentWinUI3\\light\\images\\pageindicatordelegate-indicator-delegate-current@3x.png",
      "D:\\Dev\\antigravity\\single_QGalleryX-Standalone\\bin\\qml\\QtQuick\\Controls\\FluentWinUI3\\light\\images\\pageindicatordelegate-indicator-delegate-pressed.png",
      "D:\\Dev\\antigravity\\single_QGalleryX-Standalone\\bin\\qml\\QtQuick\\Controls\\FluentWinUI3\\light\\images\\pageindicatordelegate-indicator-delegate-pressed@2x.png",
      "D:\\Dev\\antigravity\\single_QGalleryX-Standalone\\bin\\qml\\QtQuick\\Controls\\FluentWinUI3\\light\\images\\pageindicatordelegate-indicator-delegate-pressed@3x.png",
      "D:\\Dev\\antigravity\\single_QGalleryX-Standalone\\bin\\qml\\QtQuick\\Controls\\FluentWinUI3\\light\\images\\pageindicatordelegate-indicator-disabled.png",
      "D:\\Dev\\antigravity\\single_QGalleryX-Standalone\\bin\\qml\\QtQuick\\Controls\\FluentWinUI3\\light\\images\\pageindicatordelegate-indicator-disabled@2x.png",
      "D:\\Dev\\antigravity\\single_QGalleryX-Standalone\\bin\\qml\\QtQuick\\Controls\\FluentWinUI3\\light\\images\\pageindicatordelegate-indicator-disabled@3x.png",
      "D:\\Dev\\antigravity\\single_QGalleryX-Standalone\\bin\\qml\\QtQuick\\Controls\\FluentWinUI3\\light\\images\\pageindicatordelegate-indicator-hovered.png",
      "D:\\Dev\\antigravity\\single_QGalleryX-Standalone\\bin\\qml\\QtQuick\\Controls\\FluentWinUI3\\light\\images\\pageindicatordelegate-indicator-hovered@2x.png",
      "D:\\Dev\\antigravity\\single_QGalleryX-Standalone\\bin\\qml\\QtQuick\\Controls\\FluentWinUI3\\light\\images\\pageindicatordelegate-indicator-hovered@3x.png",
      "D:\\Dev\\antigravity\\single_QGalleryX-Standalone\\bin\\qml\\QtQuick\\Controls\\FluentWinUI3\\light\\images\\pageindicatordelegate-indicator.png",
      "D:\\Dev\\antigravity\\single_QGalleryX-Standalone\\bin\\qml\\QtQuick\\Controls\\FluentWinUI3\\light\\images\\pageindicatordelegate-indicator@2x.png",
      "D:\\Dev\\antigravity\\single_QGalleryX-Standalone\\bin\\qml\\QtQuick\\Controls\\FluentWinUI3\\light\\images\\pageindicatordelegate-indicator@3x.png",
      "D:\\Dev\\antigravity\\single_QGalleryX-Standalone\\bin\\qml\\QtQuick\\Controls\\FluentWinUI3\\light\\images\\popup-background.png",
      "D:\\Dev\\antigravity\\single_QGalleryX-Standalone\\bin\\qml\\QtQuick\\Controls\\FluentWinUI3\\light\\images\\popup-background@2x.png",
      "D:\\Dev\\antigravity\\single_QGalleryX-Standalone\\bin\\qml\\QtQuick\\Controls\\FluentWinUI3\\light\\images\\popup-background@3x.png",
      "D:\\Dev\\antigravity\\single_QGalleryX-Standalone\\bin\\qml\\QtQuick\\Controls\\FluentWinUI3\\light\\images\\progressbar-groove-disabled.png",
      "D:\\Dev\\antigravity\\single_QGalleryX-Standalone\\bin\\qml\\QtQuick\\Controls\\FluentWinUI3\\light\\images\\progressbar-groove-disabled@2x.png",
      "D:\\Dev\\antigravity\\single_QGalleryX-Standalone\\bin\\qml\\QtQuick\\Controls\\FluentWinUI3\\light\\images\\progressbar-groove-disabled@3x.png",
      "D:\\Dev\\antigravity\\single_QGalleryX-Standalone\\bin\\qml\\QtQuick\\Controls\\FluentWinUI3\\light\\images\\progressbar-groove.png",
      "D:\\Dev\\antigravity\\single_QGalleryX-Standalone\\bin\\qml\\QtQuick\\Controls\\FluentWinUI3\\light\\images\\progressbar-groove@2x.png",
      "D:\\Dev\\antigravity\\single_QGalleryX-Standalone\\bin\\qml\\QtQuick\\Controls\\FluentWinUI3\\light\\images\\progressbar-groove@3x.png",
      "D:\\Dev\\antigravity\\single_QGalleryX-Standalone\\bin\\qml\\QtQuick\\Controls\\FluentWinUI3\\light\\images\\radiobutton-indicator-checked-disabled.png",
      "D:\\Dev\\antigravity\\single_QGalleryX-Standalone\\bin\\qml\\QtQuick\\Controls\\FluentWinUI3\\light\\images\\radiobutton-indicator-checked-disabled@2x.png",
      "D:\\Dev\\antigravity\\single_QGalleryX-Standalone\\bin\\qml\\QtQuick\\Controls\\FluentWinUI3\\light\\images\\radiobutton-indicator-checked-disabled@3x.png",
      "D:\\Dev\\antigravity\\single_QGalleryX-Standalone\\bin\\qml\\QtQuick\\Controls\\FluentWinUI3\\light\\images\\radiobutton-indicator-checked-hovered.png",
      "D:\\Dev\\antigravity\\single_QGalleryX-Standalone\\bin\\qml\\QtQuick\\Controls\\FluentWinUI3\\light\\images\\radiobutton-indicator-checked-hovered@2x.png",
      "D:\\Dev\\antigravity\\single_QGalleryX-Standalone\\bin\\qml\\QtQuick\\Controls\\FluentWinUI3\\light\\images\\radiobutton-indicator-checked-hovered@3x.png",
      "D:\\Dev\\antigravity\\single_QGalleryX-Standalone\\bin\\qml\\QtQuick\\Controls\\FluentWinUI3\\light\\images\\radiobutton-indicator-checked-pressed.png",
      "D:\\Dev\\antigravity\\single_QGalleryX-Standalone\\bin\\qml\\QtQuick\\Controls\\FluentWinUI3\\light\\images\\radiobutton-indicator-checked-pressed@2x.png",
      "D:\\Dev\\antigravity\\single_QGalleryX-Standalone\\bin\\qml\\QtQuick\\Controls\\FluentWinUI3\\light\\images\\radiobutton-indicator-checked-pressed@3x.png",
      "D:\\Dev\\antigravity\\single_QGalleryX-Standalone\\bin\\qml\\QtQuick\\Controls\\FluentWinUI3\\light\\images\\radiobutton-indicator-checked.png",
      "D:\\Dev\\antigravity\\single_QGalleryX-Standalone\\bin\\qml\\QtQuick\\Controls\\FluentWinUI3\\light\\images\\radiobutton-indicator-checked@2x.png",
      "D:\\Dev\\antigravity\\single_QGalleryX-Standalone\\bin\\qml\\QtQuick\\Controls\\FluentWinUI3\\light\\images\\radiobutton-indicator-checked@3x.png",
      "D:\\Dev\\antigravity\\single_QGalleryX-Standalone\\bin\\qml\\QtQuick\\Controls\\FluentWinUI3\\light\\images\\radiobutton-indicator-disabled.png",
      "D:\\Dev\\antigravity\\single_QGalleryX-Standalone\\bin\\qml\\QtQuick\\Controls\\FluentWinUI3\\light\\images\\radiobutton-indicator-disabled@2x.png",
      "D:\\Dev\\antigravity\\single_QGalleryX-Standalone\\bin\\qml\\QtQuick\\Controls\\FluentWinUI3\\light\\images\\radiobutton-indicator-disabled@3x.png",
      "D:\\Dev\\antigravity\\single_QGalleryX-Standalone\\bin\\qml\\QtQuick\\Controls\\FluentWinUI3\\light\\images\\radiobutton-indicator-hovered.png",
      "D:\\Dev\\antigravity\\single_QGalleryX-Standalone\\bin\\qml\\QtQuick\\Controls\\FluentWinUI3\\light\\images\\radiobutton-indicator-hovered@2x.png",
      "D:\\Dev\\antigravity\\single_QGalleryX-Standalone\\bin\\qml\\QtQuick\\Controls\\FluentWinUI3\\light\\images\\radiobutton-indicator-hovered@3x.png",
      "D:\\Dev\\antigravity\\single_QGalleryX-Standalone\\bin\\qml\\QtQuick\\Controls\\FluentWinUI3\\light\\images\\radiobutton-indicator-pressed.png",
      "D:\\Dev\\antigravity\\single_QGalleryX-Standalone\\bin\\qml\\QtQuick\\Controls\\FluentWinUI3\\light\\images\\radiobutton-indicator-pressed@2x.png",
      "D:\\Dev\\antigravity\\single_QGalleryX-Standalone\\bin\\qml\\QtQuick\\Controls\\FluentWinUI3\\light\\images\\radiobutton-indicator-pressed@3x.png",
      "D:\\Dev\\antigravity\\single_QGalleryX-Standalone\\bin\\qml\\QtQuick\\Controls\\FluentWinUI3\\light\\images\\radiobutton-indicator.png",
      "D:\\Dev\\antigravity\\single_QGalleryX-Standalone\\bin\\qml\\QtQuick\\Controls\\FluentWinUI3\\light\\images\\radiobutton-indicator@2x.png",
      "D:\\Dev\\antigravity\\single_QGalleryX-Standalone\\bin\\qml\\QtQuick\\Controls\\FluentWinUI3\\light\\images\\radiobutton-indicator@3x.png",
      "D:\\Dev\\antigravity\\single_QGalleryX-Standalone\\bin\\qml\\QtQuick\\Controls\\FluentWinUI3\\light\\images\\rangeslider-first-handle-disabled.png",
      "D:\\Dev\\antigravity\\single_QGalleryX-Standalone\\bin\\qml\\QtQuick\\Controls\\FluentWinUI3\\light\\images\\rangeslider-first-handle-disabled@2x.png",
      "D:\\Dev\\antigravity\\single_QGalleryX-Standalone\\bin\\qml\\QtQuick\\Controls\\FluentWinUI3\\light\\images\\rangeslider-first-handle-disabled@3x.png",
      "D:\\Dev\\antigravity\\single_QGalleryX-Standalone\\bin\\qml\\QtQuick\\Controls\\FluentWinUI3\\light\\images\\rangeslider-first-handle-handle-pressed.png",
      "D:\\Dev\\antigravity\\single_QGalleryX-Standalone\\bin\\qml\\QtQuick\\Controls\\FluentWinUI3\\light\\images\\rangeslider-first-handle-handle-pressed@2x.png",
      "D:\\Dev\\antigravity\\single_QGalleryX-Standalone\\bin\\qml\\QtQuick\\Controls\\FluentWinUI3\\light\\images\\rangeslider-first-handle-handle-pressed@3x.png",
      "D:\\Dev\\antigravity\\single_QGalleryX-Standalone\\bin\\qml\\QtQuick\\Controls\\FluentWinUI3\\light\\images\\rangeslider-first-handle-hovered.png",
      "D:\\Dev\\antigravity\\single_QGalleryX-Standalone\\bin\\qml\\QtQuick\\Controls\\FluentWinUI3\\light\\images\\rangeslider-first-handle-hovered@2x.png",
      "D:\\Dev\\antigravity\\single_QGalleryX-Standalone\\bin\\qml\\QtQuick\\Controls\\FluentWinUI3\\light\\images\\rangeslider-first-handle-hovered@3x.png",
      "D:\\Dev\\antigravity\\single_QGalleryX-Standalone\\bin\\qml\\QtQuick\\Controls\\FluentWinUI3\\light\\images\\rangeslider-first-handle.png",
      "D:\\Dev\\antigravity\\single_QGalleryX-Standalone\\bin\\qml\\QtQuick\\Controls\\FluentWinUI3\\light\\images\\rangeslider-first-handle@2x.png",
      "D:\\Dev\\antigravity\\single_QGalleryX-Standalone\\bin\\qml\\QtQuick\\Controls\\FluentWinUI3\\light\\images\\rangeslider-first-handle@3x.png",
      "D:\\Dev\\antigravity\\single_QGalleryX-Standalone\\bin\\qml\\QtQuick\\Controls\\FluentWinUI3\\light\\images\\rangeslider-groove-disabled.png",
      "D:\\Dev\\antigravity\\single_QGalleryX-Standalone\\bin\\qml\\QtQuick\\Controls\\FluentWinUI3\\light\\images\\rangeslider-groove-disabled@2x.png",
      "D:\\Dev\\antigravity\\single_QGalleryX-Standalone\\bin\\qml\\QtQuick\\Controls\\FluentWinUI3\\light\\images\\rangeslider-groove-disabled@3x.png",
      "D:\\Dev\\antigravity\\single_QGalleryX-Standalone\\bin\\qml\\QtQuick\\Controls\\FluentWinUI3\\light\\images\\rangeslider-groove-handle-pressed.png",
      "D:\\Dev\\antigravity\\single_QGalleryX-Standalone\\bin\\qml\\QtQuick\\Controls\\FluentWinUI3\\light\\images\\rangeslider-groove-handle-pressed@2x.png",
      "D:\\Dev\\antigravity\\single_QGalleryX-Standalone\\bin\\qml\\QtQuick\\Controls\\FluentWinUI3\\light\\images\\rangeslider-groove-handle-pressed@3x.png",
      "D:\\Dev\\antigravity\\single_QGalleryX-Standalone\\bin\\qml\\QtQuick\\Controls\\FluentWinUI3\\light\\images\\rangeslider-groove-hovered.png",
      "D:\\Dev\\antigravity\\single_QGalleryX-Standalone\\bin\\qml\\QtQuick\\Controls\\FluentWinUI3\\light\\images\\rangeslider-groove-hovered@2x.png",
      "D:\\Dev\\antigravity\\single_QGalleryX-Standalone\\bin\\qml\\QtQuick\\Controls\\FluentWinUI3\\light\\images\\rangeslider-groove-hovered@3x.png",
      "D:\\Dev\\antigravity\\single_QGalleryX-Standalone\\bin\\qml\\QtQuick\\Controls\\FluentWinUI3\\light\\images\\rangeslider-groove.png",
      "D:\\Dev\\antigravity\\single_QGalleryX-Standalone\\bin\\qml\\QtQuick\\Controls\\FluentWinUI3\\light\\images\\rangeslider-groove@2x.png",
      "D:\\Dev\\antigravity\\single_QGalleryX-Standalone\\bin\\qml\\QtQuick\\Controls\\FluentWinUI3\\light\\images\\rangeslider-groove@3x.png",
      "D:\\Dev\\antigravity\\single_QGalleryX-Standalone\\bin\\qml\\QtQuick\\Controls\\FluentWinUI3\\light\\images\\rangeslider-second-handle-disabled.png",
      "D:\\Dev\\antigravity\\single_QGalleryX-Standalone\\bin\\qml\\QtQuick\\Controls\\FluentWinUI3\\light\\images\\rangeslider-second-handle-disabled@2x.png",
      "D:\\Dev\\antigravity\\single_QGalleryX-Standalone\\bin\\qml\\QtQuick\\Controls\\FluentWinUI3\\light\\images\\rangeslider-second-handle-disabled@3x.png",
      "D:\\Dev\\antigravity\\single_QGalleryX-Standalone\\bin\\qml\\QtQuick\\Controls\\FluentWinUI3\\light\\images\\rangeslider-second-handle-handle-pressed.png",
      "D:\\Dev\\antigravity\\single_QGalleryX-Standalone\\bin\\qml\\QtQuick\\Controls\\FluentWinUI3\\light\\images\\rangeslider-second-handle-handle-pressed@2x.png",
      "D:\\Dev\\antigravity\\single_QGalleryX-Standalone\\bin\\qml\\QtQuick\\Controls\\FluentWinUI3\\light\\images\\rangeslider-second-handle-handle-pressed@3x.png",
      "D:\\Dev\\antigravity\\single_QGalleryX-Standalone\\bin\\qml\\QtQuick\\Controls\\FluentWinUI3\\light\\images\\rangeslider-second-handle-hovered.png",
      "D:\\Dev\\antigravity\\single_QGalleryX-Standalone\\bin\\qml\\QtQuick\\Controls\\FluentWinUI3\\light\\images\\rangeslider-second-handle-hovered@2x.png",
      "D:\\Dev\\antigravity\\single_QGalleryX-Standalone\\bin\\qml\\QtQuick\\Controls\\FluentWinUI3\\light\\images\\rangeslider-second-handle-hovered@3x.png",
      "D:\\Dev\\antigravity\\single_QGalleryX-Standalone\\bin\\qml\\QtQuick\\Controls\\FluentWinUI3\\light\\images\\rangeslider-second-handle.png",
      "D:\\Dev\\antigravity\\single_QGalleryX-Standalone\\bin\\qml\\QtQuick\\Controls\\FluentWinUI3\\light\\images\\rangeslider-second-handle@2x.png",
      "D:\\Dev\\antigravity\\single_QGalleryX-Standalone\\bin\\qml\\QtQuick\\Controls\\FluentWinUI3\\light\\images\\rangeslider-second-handle@3x.png",
      "D:\\Dev\\antigravity\\single_QGalleryX-Standalone\\bin\\qml\\QtQuick\\Controls\\FluentWinUI3\\light\\images\\slider-groove-disabled.png",
      "D:\\Dev\\antigravity\\single_QGalleryX-Standalone\\bin\\qml\\QtQuick\\Controls\\FluentWinUI3\\light\\images\\slider-groove-disabled@2x.png",
      "D:\\Dev\\antigravity\\single_QGalleryX-Standalone\\bin\\qml\\QtQuick\\Controls\\FluentWinUI3\\light\\images\\slider-groove-disabled@3x.png",
      "D:\\Dev\\antigravity\\single_QGalleryX-Standalone\\bin\\qml\\QtQuick\\Controls\\FluentWinUI3\\light\\images\\slider-groove-hovered.png",
      "D:\\Dev\\antigravity\\single_QGalleryX-Standalone\\bin\\qml\\QtQuick\\Controls\\FluentWinUI3\\light\\images\\slider-groove-hovered@2x.png",
      "D:\\Dev\\antigravity\\single_QGalleryX-Standalone\\bin\\qml\\QtQuick\\Controls\\FluentWinUI3\\light\\images\\slider-groove-hovered@3x.png",
      "D:\\Dev\\antigravity\\single_QGalleryX-Standalone\\bin\\qml\\QtQuick\\Controls\\FluentWinUI3\\light\\images\\slider-groove-pressed.png",
      "D:\\Dev\\antigravity\\single_QGalleryX-Standalone\\bin\\qml\\QtQuick\\Controls\\FluentWinUI3\\light\\images\\slider-groove-pressed@2x.png",
      "D:\\Dev\\antigravity\\single_QGalleryX-Standalone\\bin\\qml\\QtQuick\\Controls\\FluentWinUI3\\light\\images\\slider-groove-pressed@3x.png",
      "D:\\Dev\\antigravity\\single_QGalleryX-Standalone\\bin\\qml\\QtQuick\\Controls\\FluentWinUI3\\light\\images\\slider-groove.png",
      "D:\\Dev\\antigravity\\single_QGalleryX-Standalone\\bin\\qml\\QtQuick\\Controls\\FluentWinUI3\\light\\images\\slider-groove@2x.png",
      "D:\\Dev\\antigravity\\single_QGalleryX-Standalone\\bin\\qml\\QtQuick\\Controls\\FluentWinUI3\\light\\images\\slider-groove@3x.png",
      "D:\\Dev\\antigravity\\single_QGalleryX-Standalone\\bin\\qml\\QtQuick\\Controls\\FluentWinUI3\\light\\images\\slider-handle-disabled.png",
      "D:\\Dev\\antigravity\\single_QGalleryX-Standalone\\bin\\qml\\QtQuick\\Controls\\FluentWinUI3\\light\\images\\slider-handle-disabled@2x.png",
      "D:\\Dev\\antigravity\\single_QGalleryX-Standalone\\bin\\qml\\QtQuick\\Controls\\FluentWinUI3\\light\\images\\slider-handle-disabled@3x.png",
      "D:\\Dev\\antigravity\\single_QGalleryX-Standalone\\bin\\qml\\QtQuick\\Controls\\FluentWinUI3\\light\\images\\slider-handle-hovered.png",
      "D:\\Dev\\antigravity\\single_QGalleryX-Standalone\\bin\\qml\\QtQuick\\Controls\\FluentWinUI3\\light\\images\\slider-handle-hovered@2x.png",
      "D:\\Dev\\antigravity\\single_QGalleryX-Standalone\\bin\\qml\\QtQuick\\Controls\\FluentWinUI3\\light\\images\\slider-handle-hovered@3x.png",
      "D:\\Dev\\antigravity\\single_QGalleryX-Standalone\\bin\\qml\\QtQuick\\Controls\\FluentWinUI3\\light\\images\\slider-handle-pressed.png",
      "D:\\Dev\\antigravity\\single_QGalleryX-Standalone\\bin\\qml\\QtQuick\\Controls\\FluentWinUI3\\light\\images\\slider-handle-pressed@2x.png",
      "D:\\Dev\\antigravity\\single_QGalleryX-Standalone\\bin\\qml\\QtQuick\\Controls\\FluentWinUI3\\light\\images\\slider-handle-pressed@3x.png",
      "D:\\Dev\\antigravity\\single_QGalleryX-Standalone\\bin\\qml\\QtQuick\\Controls\\FluentWinUI3\\light\\images\\slider-handle.png",
      "D:\\Dev\\antigravity\\single_QGalleryX-Standalone\\bin\\qml\\QtQuick\\Controls\\FluentWinUI3\\light\\images\\slider-handle@2x.png",
      "D:\\Dev\\antigravity\\single_QGalleryX-Standalone\\bin\\qml\\QtQuick\\Controls\\FluentWinUI3\\light\\images\\slider-handle@3x.png",
      "D:\\Dev\\antigravity\\single_QGalleryX-Standalone\\bin\\qml\\QtQuick\\Controls\\FluentWinUI3\\light\\images\\spinbox-background-atlimit.png",
      "D:\\Dev\\antigravity\\single_QGalleryX-Standalone\\bin\\qml\\QtQuick\\Controls\\FluentWinUI3\\light\\images\\spinbox-background-atlimit@2x.png",
      "D:\\Dev\\antigravity\\single_QGalleryX-Standalone\\bin\\qml\\QtQuick\\Controls\\FluentWinUI3\\light\\images\\spinbox-background-atlimit@3x.png",
      "D:\\Dev\\antigravity\\single_QGalleryX-Standalone\\bin\\qml\\QtQuick\\Controls\\FluentWinUI3\\light\\images\\spinbox-background-disabled.png",
      "D:\\Dev\\antigravity\\single_QGalleryX-Standalone\\bin\\qml\\QtQuick\\Controls\\FluentWinUI3\\light\\images\\spinbox-background-disabled@2x.png",
      "D:\\Dev\\antigravity\\single_QGalleryX-Standalone\\bin\\qml\\QtQuick\\Controls\\FluentWinUI3\\light\\images\\spinbox-background-disabled@3x.png",
      "D:\\Dev\\antigravity\\single_QGalleryX-Standalone\\bin\\qml\\QtQuick\\Controls\\FluentWinUI3\\light\\images\\spinbox-background-down-hovered.png",
      "D:\\Dev\\antigravity\\single_QGalleryX-Standalone\\bin\\qml\\QtQuick\\Controls\\FluentWinUI3\\light\\images\\spinbox-background-down-hovered@2x.png",
      "D:\\Dev\\antigravity\\single_QGalleryX-Standalone\\bin\\qml\\QtQuick\\Controls\\FluentWinUI3\\light\\images\\spinbox-background-down-hovered@3x.png",
      "D:\\Dev\\antigravity\\single_QGalleryX-Standalone\\bin\\qml\\QtQuick\\Controls\\FluentWinUI3\\light\\images\\spinbox-background-down-pressed.png",
      "D:\\Dev\\antigravity\\single_QGalleryX-Standalone\\bin\\qml\\QtQuick\\Controls\\FluentWinUI3\\light\\images\\spinbox-background-down-pressed@2x.png",
      "D:\\Dev\\antigravity\\single_QGalleryX-Standalone\\bin\\qml\\QtQuick\\Controls\\FluentWinUI3\\light\\images\\spinbox-background-down-pressed@3x.png",
      "D:\\Dev\\antigravity\\single_QGalleryX-Standalone\\bin\\qml\\QtQuick\\Controls\\FluentWinUI3\\light\\images\\spinbox-background-hovered.png",
      "D:\\Dev\\antigravity\\single_QGalleryX-Standalone\\bin\\qml\\QtQuick\\Controls\\FluentWinUI3\\light\\images\\spinbox-background-hovered@2x.png",
      "D:\\Dev\\antigravity\\single_QGalleryX-Standalone\\bin\\qml\\QtQuick\\Controls\\FluentWinUI3\\light\\images\\spinbox-background-hovered@3x.png",
      "D:\\Dev\\antigravity\\single_QGalleryX-Standalone\\bin\\qml\\QtQuick\\Controls\\FluentWinUI3\\light\\images\\spinbox-background-up-hovered.png",
      "D:\\Dev\\antigravity\\single_QGalleryX-Standalone\\bin\\qml\\QtQuick\\Controls\\FluentWinUI3\\light\\images\\spinbox-background-up-hovered@2x.png",
      "D:\\Dev\\antigravity\\single_QGalleryX-Standalone\\bin\\qml\\QtQuick\\Controls\\FluentWinUI3\\light\\images\\spinbox-background-up-hovered@3x.png",
      "D:\\Dev\\antigravity\\single_QGalleryX-Standalone\\bin\\qml\\QtQuick\\Controls\\FluentWinUI3\\light\\images\\spinbox-background-up-pressed.png",
      "D:\\Dev\\antigravity\\single_QGalleryX-Standalone\\bin\\qml\\QtQuick\\Controls\\FluentWinUI3\\light\\images\\spinbox-background-up-pressed@2x.png",
      "D:\\Dev\\antigravity\\single_QGalleryX-Standalone\\bin\\qml\\QtQuick\\Controls\\FluentWinUI3\\light\\images\\spinbox-background-up-pressed@3x.png",
      "D:\\Dev\\antigravity\\single_QGalleryX-Standalone\\bin\\qml\\QtQuick\\Controls\\FluentWinUI3\\light\\images\\spinbox-background.png",
      "D:\\Dev\\antigravity\\single_QGalleryX-Standalone\\bin\\qml\\QtQuick\\Controls\\FluentWinUI3\\light\\images\\spinbox-background@2x.png",
      "D:\\Dev\\antigravity\\single_QGalleryX-Standalone\\bin\\qml\\QtQuick\\Controls\\FluentWinUI3\\light\\images\\spinbox-background@3x.png",
      "D:\\Dev\\antigravity\\single_QGalleryX-Standalone\\bin\\qml\\QtQuick\\Controls\\FluentWinUI3\\light\\images\\spinbox-indicator-down-background-atlimit.png",
      "D:\\Dev\\antigravity\\single_QGalleryX-Standalone\\bin\\qml\\QtQuick\\Controls\\FluentWinUI3\\light\\images\\spinbox-indicator-down-background-atlimit@2x.png",
      "D:\\Dev\\antigravity\\single_QGalleryX-Standalone\\bin\\qml\\QtQuick\\Controls\\FluentWinUI3\\light\\images\\spinbox-indicator-down-background-atlimit@3x.png",
      "D:\\Dev\\antigravity\\single_QGalleryX-Standalone\\bin\\qml\\QtQuick\\Controls\\FluentWinUI3\\light\\images\\spinbox-indicator-down-background-disabled.png",
      "D:\\Dev\\antigravity\\single_QGalleryX-Standalone\\bin\\qml\\QtQuick\\Controls\\FluentWinUI3\\light\\images\\spinbox-indicator-down-background-disabled@2x.png",
      "D:\\Dev\\antigravity\\single_QGalleryX-Standalone\\bin\\qml\\QtQuick\\Controls\\FluentWinUI3\\light\\images\\spinbox-indicator-down-background-disabled@3x.png",
      "D:\\Dev\\antigravity\\single_QGalleryX-Standalone\\bin\\qml\\QtQuick\\Controls\\FluentWinUI3\\light\\images\\spinbox-indicator-down-background-down-hovered.png",
      "D:\\Dev\\antigravity\\single_QGalleryX-Standalone\\bin\\qml\\QtQuick\\Controls\\FluentWinUI3\\light\\images\\spinbox-indicator-down-background-down-hovered@2x.png",
      "D:\\Dev\\antigravity\\single_QGalleryX-Standalone\\bin\\qml\\QtQuick\\Controls\\FluentWinUI3\\light\\images\\spinbox-indicator-down-background-down-hovered@3x.png",
      "D:\\Dev\\antigravity\\single_QGalleryX-Standalone\\bin\\qml\\QtQuick\\Controls\\FluentWinUI3\\light\\images\\spinbox-indicator-down-background-down-pressed.png",
      "D:\\Dev\\antigravity\\single_QGalleryX-Standalone\\bin\\qml\\QtQuick\\Controls\\FluentWinUI3\\light\\images\\spinbox-indicator-down-background-down-pressed@2x.png",
      "D:\\Dev\\antigravity\\single_QGalleryX-Standalone\\bin\\qml\\QtQuick\\Controls\\FluentWinUI3\\light\\images\\spinbox-indicator-down-background-down-pressed@3x.png",
      "D:\\Dev\\antigravity\\single_QGalleryX-Standalone\\bin\\qml\\QtQuick\\Controls\\FluentWinUI3\\light\\images\\spinbox-indicator-down-background-hovered.png",
      "D:\\Dev\\antigravity\\single_QGalleryX-Standalone\\bin\\qml\\QtQuick\\Controls\\FluentWinUI3\\light\\images\\spinbox-indicator-down-background-hovered@2x.png",
      "D:\\Dev\\antigravity\\single_QGalleryX-Standalone\\bin\\qml\\QtQuick\\Controls\\FluentWinUI3\\light\\images\\spinbox-indicator-down-background-hovered@3x.png",
      "D:\\Dev\\antigravity\\single_QGalleryX-Standalone\\bin\\qml\\QtQuick\\Controls\\FluentWinUI3\\light\\images\\spinbox-indicator-down-background-up-hovered.png",
      "D:\\Dev\\antigravity\\single_QGalleryX-Standalone\\bin\\qml\\QtQuick\\Controls\\FluentWinUI3\\light\\images\\spinbox-indicator-down-background-up-hovered@2x.png",
      "D:\\Dev\\antigravity\\single_QGalleryX-Standalone\\bin\\qml\\QtQuick\\Controls\\FluentWinUI3\\light\\images\\spinbox-indicator-down-background-up-hovered@3x.png",
      "D:\\Dev\\antigravity\\single_QGalleryX-Standalone\\bin\\qml\\QtQuick\\Controls\\FluentWinUI3\\light\\images\\spinbox-indicator-down-background-up-pressed.png",
      "D:\\Dev\\antigravity\\single_QGalleryX-Standalone\\bin\\qml\\QtQuick\\Controls\\FluentWinUI3\\light\\images\\spinbox-indicator-down-background-up-pressed@2x.png",
      "D:\\Dev\\antigravity\\single_QGalleryX-Standalone\\bin\\qml\\QtQuick\\Controls\\FluentWinUI3\\light\\images\\spinbox-indicator-down-background-up-pressed@3x.png",
      "D:\\Dev\\antigravity\\single_QGalleryX-Standalone\\bin\\qml\\QtQuick\\Controls\\FluentWinUI3\\light\\images\\spinbox-indicator-down-background.png",
      "D:\\Dev\\antigravity\\single_QGalleryX-Standalone\\bin\\qml\\QtQuick\\Controls\\FluentWinUI3\\light\\images\\spinbox-indicator-down-background@2x.png",
      "D:\\Dev\\antigravity\\single_QGalleryX-Standalone\\bin\\qml\\QtQuick\\Controls\\FluentWinUI3\\light\\images\\spinbox-indicator-down-background@3x.png",
      "D:\\Dev\\antigravity\\single_QGalleryX-Standalone\\bin\\qml\\QtQuick\\Controls\\FluentWinUI3\\light\\images\\spinbox-indicator-down-icon-atlimit.png",
      "D:\\Dev\\antigravity\\single_QGalleryX-Standalone\\bin\\qml\\QtQuick\\Controls\\FluentWinUI3\\light\\images\\spinbox-indicator-down-icon-atlimit@2x.png",
      "D:\\Dev\\antigravity\\single_QGalleryX-Standalone\\bin\\qml\\QtQuick\\Controls\\FluentWinUI3\\light\\images\\spinbox-indicator-down-icon-atlimit@3x.png",
      "D:\\Dev\\antigravity\\single_QGalleryX-Standalone\\bin\\qml\\QtQuick\\Controls\\FluentWinUI3\\light\\images\\spinbox-indicator-down-icon-disabled.png",
      "D:\\Dev\\antigravity\\single_QGalleryX-Standalone\\bin\\qml\\QtQuick\\Controls\\FluentWinUI3\\light\\images\\spinbox-indicator-down-icon-disabled@2x.png",
      "D:\\Dev\\antigravity\\single_QGalleryX-Standalone\\bin\\qml\\QtQuick\\Controls\\FluentWinUI3\\light\\images\\spinbox-indicator-down-icon-disabled@3x.png",
      "D:\\Dev\\antigravity\\single_QGalleryX-Standalone\\bin\\qml\\QtQuick\\Controls\\FluentWinUI3\\light\\images\\spinbox-indicator-down-icon-down-hovered.png",
      "D:\\Dev\\antigravity\\single_QGalleryX-Standalone\\bin\\qml\\QtQuick\\Controls\\FluentWinUI3\\light\\images\\spinbox-indicator-down-icon-down-hovered@2x.png",
      "D:\\Dev\\antigravity\\single_QGalleryX-Standalone\\bin\\qml\\QtQuick\\Controls\\FluentWinUI3\\light\\images\\spinbox-indicator-down-icon-down-hovered@3x.png",
      "D:\\Dev\\antigravity\\single_QGalleryX-Standalone\\bin\\qml\\QtQuick\\Controls\\FluentWinUI3\\light\\images\\spinbox-indicator-down-icon-down-pressed.png",
      "D:\\Dev\\antigravity\\single_QGalleryX-Standalone\\bin\\qml\\QtQuick\\Controls\\FluentWinUI3\\light\\images\\spinbox-indicator-down-icon-down-pressed@2x.png",
      "D:\\Dev\\antigravity\\single_QGalleryX-Standalone\\bin\\qml\\QtQuick\\Controls\\FluentWinUI3\\light\\images\\spinbox-indicator-down-icon-down-pressed@3x.png",
      "D:\\Dev\\antigravity\\single_QGalleryX-Standalone\\bin\\qml\\QtQuick\\Controls\\FluentWinUI3\\light\\images\\spinbox-indicator-down-icon-hovered.png",
      "D:\\Dev\\antigravity\\single_QGalleryX-Standalone\\bin\\qml\\QtQuick\\Controls\\FluentWinUI3\\light\\images\\spinbox-indicator-down-icon-hovered@2x.png",
      "D:\\Dev\\antigravity\\single_QGalleryX-Standalone\\bin\\qml\\QtQuick\\Controls\\FluentWinUI3\\light\\images\\spinbox-indicator-down-icon-hovered@3x.png",
      "D:\\Dev\\antigravity\\single_QGalleryX-Standalone\\bin\\qml\\QtQuick\\Controls\\FluentWinUI3\\light\\images\\spinbox-indicator-down-icon-up-hovered.png",
      "D:\\Dev\\antigravity\\single_QGalleryX-Standalone\\bin\\qml\\QtQuick\\Controls\\FluentWinUI3\\light\\images\\spinbox-indicator-down-icon-up-hovered@2x.png",
      "D:\\Dev\\antigravity\\single_QGalleryX-Standalone\\bin\\qml\\QtQuick\\Controls\\FluentWinUI3\\light\\images\\spinbox-indicator-down-icon-up-hovered@3x.png",
      "D:\\Dev\\antigravity\\single_QGalleryX-Standalone\\bin\\qml\\QtQuick\\Controls\\FluentWinUI3\\light\\images\\spinbox-indicator-down-icon-up-pressed.png",
      "D:\\Dev\\antigravity\\single_QGalleryX-Standalone\\bin\\qml\\QtQuick\\Controls\\FluentWinUI3\\light\\images\\spinbox-indicator-down-icon-up-pressed@2x.png",
      "D:\\Dev\\antigravity\\single_QGalleryX-Standalone\\bin\\qml\\QtQuick\\Controls\\FluentWinUI3\\light\\images\\spinbox-indicator-down-icon-up-pressed@3x.png",
      "D:\\Dev\\antigravity\\single_QGalleryX-Standalone\\bin\\qml\\QtQuick\\Controls\\FluentWinUI3\\light\\images\\spinbox-indicator-down-icon.png",
      "D:\\Dev\\antigravity\\single_QGalleryX-Standalone\\bin\\qml\\QtQuick\\Controls\\FluentWinUI3\\light\\images\\spinbox-indicator-down-icon@2x.png",
      "D:\\Dev\\antigravity\\single_QGalleryX-Standalone\\bin\\qml\\QtQuick\\Controls\\FluentWinUI3\\light\\images\\spinbox-indicator-down-icon@3x.png",
      "D:\\Dev\\antigravity\\single_QGalleryX-Standalone\\bin\\qml\\QtQuick\\Controls\\FluentWinUI3\\light\\images\\spinbox-indicator-up-background-atlimit.png",
      "D:\\Dev\\antigravity\\single_QGalleryX-Standalone\\bin\\qml\\QtQuick\\Controls\\FluentWinUI3\\light\\images\\spinbox-indicator-up-background-atlimit@2x.png",
      "D:\\Dev\\antigravity\\single_QGalleryX-Standalone\\bin\\qml\\QtQuick\\Controls\\FluentWinUI3\\light\\images\\spinbox-indicator-up-background-atlimit@3x.png",
      "D:\\Dev\\antigravity\\single_QGalleryX-Standalone\\bin\\qml\\QtQuick\\Controls\\FluentWinUI3\\light\\images\\spinbox-indicator-up-background-disabled.png",
      "D:\\Dev\\antigravity\\single_QGalleryX-Standalone\\bin\\qml\\QtQuick\\Controls\\FluentWinUI3\\light\\images\\spinbox-indicator-up-background-disabled@2x.png",
      "D:\\Dev\\antigravity\\single_QGalleryX-Standalone\\bin\\qml\\QtQuick\\Controls\\FluentWinUI3\\light\\images\\spinbox-indicator-up-background-disabled@3x.png",
      "D:\\Dev\\antigravity\\single_QGalleryX-Standalone\\bin\\qml\\QtQuick\\Controls\\FluentWinUI3\\light\\images\\spinbox-indicator-up-background-down-hovered.png",
      "D:\\Dev\\antigravity\\single_QGalleryX-Standalone\\bin\\qml\\QtQuick\\Controls\\FluentWinUI3\\light\\images\\spinbox-indicator-up-background-down-hovered@2x.png",
      "D:\\Dev\\antigravity\\single_QGalleryX-Standalone\\bin\\qml\\QtQuick\\Controls\\FluentWinUI3\\light\\images\\spinbox-indicator-up-background-down-hovered@3x.png",
      "D:\\Dev\\antigravity\\single_QGalleryX-Standalone\\bin\\qml\\QtQuick\\Controls\\FluentWinUI3\\light\\images\\spinbox-indicator-up-background-down-pressed.png",
      "D:\\Dev\\antigravity\\single_QGalleryX-Standalone\\bin\\qml\\QtQuick\\Controls\\FluentWinUI3\\light\\images\\spinbox-indicator-up-background-down-pressed@2x.png",
      "D:\\Dev\\antigravity\\single_QGalleryX-Standalone\\bin\\qml\\QtQuick\\Controls\\FluentWinUI3\\light\\images\\spinbox-indicator-up-background-down-pressed@3x.png",
      "D:\\Dev\\antigravity\\single_QGalleryX-Standalone\\bin\\qml\\QtQuick\\Controls\\FluentWinUI3\\light\\images\\spinbox-indicator-up-background-hovered.png",
      "D:\\Dev\\antigravity\\single_QGalleryX-Standalone\\bin\\qml\\QtQuick\\Controls\\FluentWinUI3\\light\\images\\spinbox-indicator-up-background-hovered@2x.png",
      "D:\\Dev\\antigravity\\single_QGalleryX-Standalone\\bin\\qml\\QtQuick\\Controls\\FluentWinUI3\\light\\images\\spinbox-indicator-up-background-hovered@3x.png",
      "D:\\Dev\\antigravity\\single_QGalleryX-Standalone\\bin\\qml\\QtQuick\\Controls\\FluentWinUI3\\light\\images\\spinbox-indicator-up-background-up-hovered.png",
      "D:\\Dev\\antigravity\\single_QGalleryX-Standalone\\bin\\qml\\QtQuick\\Controls\\FluentWinUI3\\light\\images\\spinbox-indicator-up-background-up-hovered@2x.png",
      "D:\\Dev\\antigravity\\single_QGalleryX-Standalone\\bin\\qml\\QtQuick\\Controls\\FluentWinUI3\\light\\images\\spinbox-indicator-up-background-up-hovered@3x.png",
      "D:\\Dev\\antigravity\\single_QGalleryX-Standalone\\bin\\qml\\QtQuick\\Controls\\FluentWinUI3\\light\\images\\spinbox-indicator-up-background-up-pressed.png",
      "D:\\Dev\\antigravity\\single_QGalleryX-Standalone\\bin\\qml\\QtQuick\\Controls\\FluentWinUI3\\light\\images\\spinbox-indicator-up-background-up-pressed@2x.png",
      "D:\\Dev\\antigravity\\single_QGalleryX-Standalone\\bin\\qml\\QtQuick\\Controls\\FluentWinUI3\\light\\images\\spinbox-indicator-up-background-up-pressed@3x.png",
      "D:\\Dev\\antigravity\\single_QGalleryX-Standalone\\bin\\qml\\QtQuick\\Controls\\FluentWinUI3\\light\\images\\spinbox-indicator-up-background.png",
      "D:\\Dev\\antigravity\\single_QGalleryX-Standalone\\bin\\qml\\QtQuick\\Controls\\FluentWinUI3\\light\\images\\spinbox-indicator-up-background@2x.png",
      "D:\\Dev\\antigravity\\single_QGalleryX-Standalone\\bin\\qml\\QtQuick\\Controls\\FluentWinUI3\\light\\images\\spinbox-indicator-up-background@3x.png",
      "D:\\Dev\\antigravity\\single_QGalleryX-Standalone\\bin\\qml\\QtQuick\\Controls\\FluentWinUI3\\light\\images\\spinbox-indicator-up-icon-atlimit.png",
      "D:\\Dev\\antigravity\\single_QGalleryX-Standalone\\bin\\qml\\QtQuick\\Controls\\FluentWinUI3\\light\\images\\spinbox-indicator-up-icon-atlimit@2x.png",
      "D:\\Dev\\antigravity\\single_QGalleryX-Standalone\\bin\\qml\\QtQuick\\Controls\\FluentWinUI3\\light\\images\\spinbox-indicator-up-icon-atlimit@3x.png",
      "D:\\Dev\\antigravity\\single_QGalleryX-Standalone\\bin\\qml\\QtQuick\\Controls\\FluentWinUI3\\light\\images\\spinbox-indicator-up-icon-disabled.png",
      "D:\\Dev\\antigravity\\single_QGalleryX-Standalone\\bin\\qml\\QtQuick\\Controls\\FluentWinUI3\\light\\images\\spinbox-indicator-up-icon-disabled@2x.png",
      "D:\\Dev\\antigravity\\single_QGalleryX-Standalone\\bin\\qml\\QtQuick\\Controls\\FluentWinUI3\\light\\images\\spinbox-indicator-up-icon-disabled@3x.png",
      "D:\\Dev\\antigravity\\single_QGalleryX-Standalone\\bin\\qml\\QtQuick\\Controls\\FluentWinUI3\\light\\images\\spinbox-indicator-up-icon-down-hovered.png",
      "D:\\Dev\\antigravity\\single_QGalleryX-Standalone\\bin\\qml\\QtQuick\\Controls\\FluentWinUI3\\light\\images\\spinbox-indicator-up-icon-down-hovered@2x.png",
      "D:\\Dev\\antigravity\\single_QGalleryX-Standalone\\bin\\qml\\QtQuick\\Controls\\FluentWinUI3\\light\\images\\spinbox-indicator-up-icon-down-hovered@3x.png",
      "D:\\Dev\\antigravity\\single_QGalleryX-Standalone\\bin\\qml\\QtQuick\\Controls\\FluentWinUI3\\light\\images\\spinbox-indicator-up-icon-down-pressed.png",
      "D:\\Dev\\antigravity\\single_QGalleryX-Standalone\\bin\\qml\\QtQuick\\Controls\\FluentWinUI3\\light\\images\\spinbox-indicator-up-icon-down-pressed@2x.png",
      "D:\\Dev\\antigravity\\single_QGalleryX-Standalone\\bin\\qml\\QtQuick\\Controls\\FluentWinUI3\\light\\images\\spinbox-indicator-up-icon-down-pressed@3x.png",
      "D:\\Dev\\antigravity\\single_QGalleryX-Standalone\\bin\\qml\\QtQuick\\Controls\\FluentWinUI3\\light\\images\\spinbox-indicator-up-icon-hovered.png",
      "D:\\Dev\\antigravity\\single_QGalleryX-Standalone\\bin\\qml\\QtQuick\\Controls\\FluentWinUI3\\light\\images\\spinbox-indicator-up-icon-hovered@2x.png",
      "D:\\Dev\\antigravity\\single_QGalleryX-Standalone\\bin\\qml\\QtQuick\\Controls\\FluentWinUI3\\light\\images\\spinbox-indicator-up-icon-hovered@3x.png",
      "D:\\Dev\\antigravity\\single_QGalleryX-Standalone\\bin\\qml\\QtQuick\\Controls\\FluentWinUI3\\light\\images\\spinbox-indicator-up-icon-up-hovered.png",
      "D:\\Dev\\antigravity\\single_QGalleryX-Standalone\\bin\\qml\\QtQuick\\Controls\\FluentWinUI3\\light\\images\\spinbox-indicator-up-icon-up-hovered@2x.png",
      "D:\\Dev\\antigravity\\single_QGalleryX-Standalone\\bin\\qml\\QtQuick\\Controls\\FluentWinUI3\\light\\images\\spinbox-indicator-up-icon-up-hovered@3x.png",
      "D:\\Dev\\antigravity\\single_QGalleryX-Standalone\\bin\\qml\\QtQuick\\Controls\\FluentWinUI3\\light\\images\\spinbox-indicator-up-icon-up-pressed.png",
      "D:\\Dev\\antigravity\\single_QGalleryX-Standalone\\bin\\qml\\QtQuick\\Controls\\FluentWinUI3\\light\\images\\spinbox-indicator-up-icon-up-pressed@2x.png",
      "D:\\Dev\\antigravity\\single_QGalleryX-Standalone\\bin\\qml\\QtQuick\\Controls\\FluentWinUI3\\light\\images\\spinbox-indicator-up-icon-up-pressed@3x.png",
      "D:\\Dev\\antigravity\\single_QGalleryX-Standalone\\bin\\qml\\QtQuick\\Controls\\FluentWinUI3\\light\\images\\spinbox-indicator-up-icon.png",
      "D:\\Dev\\antigravity\\single_QGalleryX-Standalone\\bin\\qml\\QtQuick\\Controls\\FluentWinUI3\\light\\images\\spinbox-indicator-up-icon@2x.png",
      "D:\\Dev\\antigravity\\single_QGalleryX-Standalone\\bin\\qml\\QtQuick\\Controls\\FluentWinUI3\\light\\images\\spinbox-indicator-up-icon@3x.png",
      "D:\\Dev\\antigravity\\single_QGalleryX-Standalone\\bin\\qml\\QtQuick\\Controls\\FluentWinUI3\\light\\images\\textarea-background-disabled.png",
      "D:\\Dev\\antigravity\\single_QGalleryX-Standalone\\bin\\qml\\QtQuick\\Controls\\FluentWinUI3\\light\\images\\textarea-background-disabled@2x.png",
      "D:\\Dev\\antigravity\\single_QGalleryX-Standalone\\bin\\qml\\QtQuick\\Controls\\FluentWinUI3\\light\\images\\textarea-background-disabled@3x.png",
      "D:\\Dev\\antigravity\\single_QGalleryX-Standalone\\bin\\qml\\QtQuick\\Controls\\FluentWinUI3\\light\\images\\textarea-background-focused.png",
      "D:\\Dev\\antigravity\\single_QGalleryX-Standalone\\bin\\qml\\QtQuick\\Controls\\FluentWinUI3\\light\\images\\textarea-background-focused@2x.png",
      "D:\\Dev\\antigravity\\single_QGalleryX-Standalone\\bin\\qml\\QtQuick\\Controls\\FluentWinUI3\\light\\images\\textarea-background-focused@3x.png",
      "D:\\Dev\\antigravity\\single_QGalleryX-Standalone\\bin\\qml\\QtQuick\\Controls\\FluentWinUI3\\light\\images\\textarea-background-hovered.png",
      "D:\\Dev\\antigravity\\single_QGalleryX-Standalone\\bin\\qml\\QtQuick\\Controls\\FluentWinUI3\\light\\images\\textarea-background-hovered@2x.png",
      "D:\\Dev\\antigravity\\single_QGalleryX-Standalone\\bin\\qml\\QtQuick\\Controls\\FluentWinUI3\\light\\images\\textarea-background-hovered@3x.png",
      "D:\\Dev\\antigravity\\single_QGalleryX-Standalone\\bin\\qml\\QtQuick\\Controls\\FluentWinUI3\\light\\images\\textarea-background.png",
      "D:\\Dev\\antigravity\\single_QGalleryX-Standalone\\bin\\qml\\QtQuick\\Controls\\FluentWinUI3\\light\\images\\textarea-background@2x.png",
      "D:\\Dev\\antigravity\\single_QGalleryX-Standalone\\bin\\qml\\QtQuick\\Controls\\FluentWinUI3\\light\\images\\textarea-background@3x.png",
      "D:\\Dev\\antigravity\\single_QGalleryX-Standalone\\bin\\qml\\QtQuick\\Controls\\FluentWinUI3\\light\\images\\textfield-background-disabled.png",
      "D:\\Dev\\antigravity\\single_QGalleryX-Standalone\\bin\\qml\\QtQuick\\Controls\\FluentWinUI3\\light\\images\\textfield-background-disabled@2x.png",
      "D:\\Dev\\antigravity\\single_QGalleryX-Standalone\\bin\\qml\\QtQuick\\Controls\\FluentWinUI3\\light\\images\\textfield-background-disabled@3x.png",
      "D:\\Dev\\antigravity\\single_QGalleryX-Standalone\\bin\\qml\\QtQuick\\Controls\\FluentWinUI3\\light\\images\\textfield-background-focused.png",
      "D:\\Dev\\antigravity\\single_QGalleryX-Standalone\\bin\\qml\\QtQuick\\Controls\\FluentWinUI3\\light\\images\\textfield-background-focused@2x.png",
      "D:\\Dev\\antigravity\\single_QGalleryX-Standalone\\bin\\qml\\QtQuick\\Controls\\FluentWinUI3\\light\\images\\textfield-background-focused@3x.png",
      "D:\\Dev\\antigravity\\single_QGalleryX-Standalone\\bin\\qml\\QtQuick\\Controls\\FluentWinUI3\\light\\images\\textfield-background-hovered.png",
      "D:\\Dev\\antigravity\\single_QGalleryX-Standalone\\bin\\qml\\QtQuick\\Controls\\FluentWinUI3\\light\\images\\textfield-background-hovered@2x.png",
      "D:\\Dev\\antigravity\\single_QGalleryX-Standalone\\bin\\qml\\QtQuick\\Controls\\FluentWinUI3\\light\\images\\textfield-background-hovered@3x.png",
      "D:\\Dev\\antigravity\\single_QGalleryX-Standalone\\bin\\qml\\QtQuick\\Controls\\FluentWinUI3\\light\\images\\textfield-background.png",
      "D:\\Dev\\antigravity\\single_QGalleryX-Standalone\\bin\\qml\\QtQuick\\Controls\\FluentWinUI3\\light\\images\\textfield-background@2x.png",
      "D:\\Dev\\antigravity\\single_QGalleryX-Standalone\\bin\\qml\\QtQuick\\Controls\\FluentWinUI3\\light\\images\\textfield-background@3x.png",
      "D:\\Dev\\antigravity\\single_QGalleryX-Standalone\\bin\\qml\\QtQuick\\Controls\\Windows\\images\\checkmark.png",
      "D:\\Dev\\antigravity\\single_QGalleryX-Standalone\\bin\\qml\\QtQuick\\Controls\\Windows\\images\\checkmark@2x.png",
      "D:\\Dev\\antigravity\\single_QGalleryX-Standalone\\bin\\qml\\QtQuick\\Controls\\Windows\\images\\checkmark@3x.png",
      "D:\\Dev\\antigravity\\single_QGalleryX-Standalone\\bin\\qml\\QtQuick\\Controls\\Windows\\images\\menuarrow.png",
      "D:\\Dev\\antigravity\\single_QGalleryX-Standalone\\bin\\qml\\QtQuick\\Controls\\Windows\\images\\menuarrow@2x.png",
      "D:\\Dev\\antigravity\\single_QGalleryX-Standalone\\bin\\qml\\QtQuick\\Controls\\Windows\\images\\menuarrow@3x.png"
    ],
    "video": []
  }
}
