warning: in the working copy of 'test_scrollbench/src/FastImageItem.cpp', LF will be replaced by CRLF the next time Git touches it
warning: in the working copy of 'deprecated/conductor/setup_state.json', LF will be replaced by CRLF the next time Git touches it
warning: in the working copy of 'deprecated/single_QGalleryX-Standalone/bin/qml/QML/plugins.qmltypes', LF will be replaced by CRLF the next time Git touches it
warning: in the working copy of 'deprecated/single_QGalleryX-Standalone/bin/qml/Qt/labs/folderlistmodel/plugins.qmltypes', LF will be replaced by CRLF the next time Git touches it
warning: in the working copy of 'deprecated/single_QGalleryX-Standalone/bin/qml/Qt/labs/qmlmodels/plugins.qmltypes', LF will be replaced by CRLF the next time Git touches it
warning: in the working copy of 'deprecated/single_QGalleryX-Standalone/bin/qml/QtMultimedia/plugins.qmltypes', LF will be replaced by CRLF the next time Git touches it
warning: in the working copy of 'deprecated/single_QGalleryX-Standalone/bin/qml/QtQml/Models/plugins.qmltypes', LF will be replaced by CRLF the next time Git touches it
warning: in the working copy of 'deprecated/single_QGalleryX-Standalone/bin/qml/QtQml/WorkerScript/plugins.qmltypes', LF will be replaced by CRLF the next time Git touches it
warning: in the working copy of 'deprecated/single_QGalleryX-Standalone/bin/qml/QtQml/plugins.qmltypes', LF will be replaced by CRLF the next time Git touches it
warning: in the working copy of 'deprecated/single_QGalleryX-Standalone/bin/qml/QtQuick/Controls/Basic/impl/plugins.qmltypes', LF will be replaced by CRLF the next time Git touches it
warning: in the working copy of 'deprecated/single_QGalleryX-Standalone/bin/qml/QtQuick/Controls/Basic/plugins.qmltypes', LF will be replaced by CRLF the next time Git touches it
warning: in the working copy of 'deprecated/single_QGalleryX-Standalone/bin/qml/QtQuick/Controls/FluentWinUI3/impl/plugins.qmltypes', LF will be replaced by CRLF the next time Git touches it
warning: in the working copy of 'deprecated/single_QGalleryX-Standalone/bin/qml/QtQuick/Controls/FluentWinUI3/plugins.qmltypes', LF will be replaced by CRLF the next time Git touches it
warning: in the working copy of 'deprecated/single_QGalleryX-Standalone/bin/qml/QtQuick/Controls/Fusion/impl/plugins.qmltypes', LF will be replaced by CRLF the next time Git touches it
warning: in the working copy of 'deprecated/single_QGalleryX-Standalone/bin/qml/QtQuick/Controls/Fusion/plugins.qmltypes', LF will be replaced by CRLF the next time Git touches it
warning: in the working copy of 'deprecated/single_QGalleryX-Standalone/bin/qml/QtQuick/Controls/Imagine/impl/QuickControls2ImagineStyleImpl.qmltypes', LF will be replaced by CRLF the next time Git touches it
warning: in the working copy of 'deprecated/single_QGalleryX-Standalone/bin/qml/QtQuick/Controls/Imagine/plugins.qmltypes', LF will be replaced by CRLF the next time Git touches it
warning: in the working copy of 'deprecated/single_QGalleryX-Standalone/bin/qml/QtQuick/Controls/Material/impl/plugins.qmltypes', LF will be replaced by CRLF the next time Git touches it
warning: in the working copy of 'deprecated/single_QGalleryX-Standalone/bin/qml/QtQuick/Controls/Material/plugins.qmltypes', LF will be replaced by CRLF the next time Git touches it
warning: in the working copy of 'deprecated/single_QGalleryX-Standalone/bin/qml/QtQuick/Controls/Universal/impl/plugins.qmltypes', LF will be replaced by CRLF the next time Git touches it
warning: in the working copy of 'deprecated/single_QGalleryX-Standalone/bin/qml/QtQuick/Controls/Universal/plugins.qmltypes', LF will be replaced by CRLF the next time Git touches it
warning: in the working copy of 'deprecated/single_QGalleryX-Standalone/bin/qml/QtQuick/Controls/Windows/impl/QuickControls2WindowsStyleImpl.qmltypes', LF will be replaced by CRLF the next time Git touches it
warning: in the working copy of 'deprecated/single_QGalleryX-Standalone/bin/qml/QtQuick/Controls/Windows/plugins.qmltypes', LF will be replaced by CRLF the next time Git touches it
warning: in the working copy of 'deprecated/single_QGalleryX-Standalone/bin/qml/QtQuick/Controls/impl/plugins.qmltypes', LF will be replaced by CRLF the next time Git touches it
warning: in the working copy of 'deprecated/single_QGalleryX-Standalone/bin/qml/QtQuick/Controls/plugins.qmltypes', LF will be replaced by CRLF the next time Git touches it
warning: in the working copy of 'deprecated/single_QGalleryX-Standalone/bin/qml/QtQuick/Dialogs/plugins.qmltypes', LF will be replaced by CRLF the next time Git touches it
warning: in the working copy of 'deprecated/single_QGalleryX-Standalone/bin/qml/QtQuick/Dialogs/quickimpl/plugins.qmltypes', LF will be replaced by CRLF the next time Git touches it
warning: in the working copy of 'deprecated/single_QGalleryX-Standalone/bin/qml/QtQuick/Effects/plugins.qmltypes', LF will be replaced by CRLF the next time Git touches it
warning: in the working copy of 'deprecated/single_QGalleryX-Standalone/bin/qml/QtQuick/Layouts/plugins.qmltypes', LF will be replaced by CRLF the next time Git touches it
warning: in the working copy of 'deprecated/single_QGalleryX-Standalone/bin/qml/QtQuick/NativeStyle/plugins.qmltypes', LF will be replaced by CRLF the next time Git touches it
warning: in the working copy of 'deprecated/single_QGalleryX-Standalone/bin/qml/QtQuick/Shapes/plugins.qmltypes', LF will be replaced by CRLF the next time Git touches it
warning: in the working copy of 'deprecated/single_QGalleryX-Standalone/bin/qml/QtQuick/Templates/plugins.qmltypes', LF will be replaced by CRLF the next time Git touches it
warning: in the working copy of 'deprecated/single_QGalleryX-Standalone/bin/qml/QtQuick/Window/quickwindow.qmltypes', LF will be replaced by CRLF the next time Git touches it
warning: in the working copy of 'deprecated/single_QGalleryX-Standalone/bin/qml/QtQuick/plugins.qmltypes', LF will be replaced by CRLF the next time Git touches it
warning: in the working copy of 'src/FileCacheManager.cpp', LF will be replaced by CRLF the next time Git touches it
warning: in the working copy of 'src/FileCacheManager.h', LF will be replaced by CRLF the next time Git touches it
[main 45f1ca6] Save session progress: Live-toggleable settings, network cache safety, UI style alignments, and search path fixes
 2162 files changed, 266742 insertions(+), 85986 deletions(-)
 rename {LMstudiotest => deprecated/LMstudiotest}/CMakeLists.txt (100%)
 rename {LMstudiotest => deprecated/LMstudiotest}/LMstudiotest.pro (100%)
 rename {LMstudiotest => deprecated/LMstudiotest}/build.ps1 (100%)
 rename {LMstudiotest => deprecated/LMstudiotest}/build_with_main_project.ps1 (100%)
 rename {LMstudiotest => deprecated/LMstudiotest}/simple_build.ps1 (100%)
 rename {LMstudiotest => deprecated/LMstudiotest}/simple_test.cpp (100%)
 rename {LMstudiotest => deprecated/LMstudiotest}/src/main.cpp (100%)
 rename {LMstudiotest => deprecated/LMstudiotest}/src/main.qml (100%)
 rename {LMstudiotest => deprecated/LMstudiotest}/tests/tst_helloworld.cpp (100%)
 rename {LMstudiotest => deprecated/LMstudiotest}/validate_build.ps1 (100%)
 rename analyze_perf.py => deprecated/analyze_perf.py (100%)
 rename application.log => deprecated/application.log (100%)
 rename build_error.log => deprecated/build_error.log (100%)
 rename build_output.txt => deprecated/build_output.txt (100%)
 rename {conductor => deprecated/conductor}/setup_state.json (100%)
 rename {conductor => deprecated/conductor}/tracks.md (100%)
 rename {conductor => deprecated/conductor}/tracks/debug_image_loading/plan.md (100%)
 rename {conductor => deprecated/conductor}/tracks/feature_completion/plan.md (100%)
 rename {conductor => deprecated/conductor}/tracks/tech_debt/plan.md (100%)
 rename crash.log => deprecated/crash.log (100%)
 rename debug_run.ps1 => deprecated/debug_run.ps1 (100%)
 rename docs+.JPG => deprecated/docs+.JPG (100%)
 rename {resources => deprecated}/qml/AlbumCard.qml (100%)
 rename {resources => deprecated}/qml/AlbumsView.qml (100%)
 rename {resources => deprecated}/qml/BottomBar.qml (100%)
 rename {resources => deprecated}/qml/BuildInfo.qml (62%)
 rename {resources => deprecated}/qml/DateScrubber.qml (100%)
 rename {resources => deprecated}/qml/GalleryView.qml (100%)
 rename {resources => deprecated}/qml/GalleryViewSemantic.qml (100%)
 rename {resources => deprecated}/qml/GalleryViewTiles.qml (100%)
 rename {resources => deprecated}/qml/Main.qml (100%)
 rename {resources => deprecated}/qml/MainSemantic.qml (100%)
 rename {resources => deprecated}/qml/PhotoViewer.qml (100%)
 rename {resources => deprecated}/qml/StatsOverlay.qml (100%)
 rename {resources => deprecated}/qml/UsageGraph.qml (100%)
 rename {resources => deprecated}/qml/WatermarkOverlay.qml (100%)
 rename run_log.txt => deprecated/run_log.txt (100%)
 rename run_log_v2.txt => deprecated/run_log_v2.txt (100%)
 rename run_test_2min.ps1 => deprecated/run_test_2min.ps1 (100%)
 rename {single_QGalleryX-Standalone => deprecated/single_QGalleryX-Standalone}/bin/Launcher.cs (100%)
 rename {single_QGalleryX-Standalone => deprecated/single_QGalleryX-Standalone}/bin/ScrollBenchPortable.exe (100%)
 rename {single_QGalleryX-Standalone => deprecated/single_QGalleryX-Standalone}/bin/ScrollBench_Single.exe (100%)
 rename {single_QGalleryX-Standalone => deprecated/single_QGalleryX-Standalone}/bin/payload.zip (100%)
 rename {single_QGalleryX-Standalone => deprecated/single_QGalleryX-Standalone}/bin/qml/QML/plugins.qmltypes (100%)
 rename {single_QGalleryX-Standalone => deprecated/single_QGalleryX-Standalone}/bin/qml/QML/qmldir (100%)
 rename {single_QGalleryX-Standalone => deprecated/single_QGalleryX-Standalone}/bin/qml/Qt/labs/folderlistmodel/plugins.qmltypes (100%)
 rename {single_QGalleryX-Standalone => deprecated/single_QGalleryX-Standalone}/bin/qml/Qt/labs/folderlistmodel/qmldir (100%)
 rename {single_QGalleryX-Standalone => deprecated/single_QGalleryX-Standalone}/bin/qml/Qt/labs/qmlmodels/plugins.qmltypes (100%)
 rename {single_QGalleryX-Standalone => deprecated/single_QGalleryX-Standalone}/bin/qml/Qt/labs/qmlmodels/qmldir (100%)
 rename {single_QGalleryX-Standalone => deprecated/single_QGalleryX-Standalone}/bin/qml/QtMultimedia/Video.qml (100%)
 rename {single_QGalleryX-Standalone => deprecated/single_QGalleryX-Standalone}/bin/qml/QtMultimedia/plugins.qmltypes (100%)
 rename {single_QGalleryX-Standalone => deprecated/single_QGalleryX-Standalone}/bin/qml/QtMultimedia/qmldir (100%)
 rename {single_QGalleryX-Standalone => deprecated/single_QGalleryX-Standalone}/bin/qml/QtQml/Models/plugins.qmltypes (100%)
 rename {single_QGalleryX-Standalone => deprecated/single_QGalleryX-Standalone}/bin/qml/QtQml/Models/qmldir (100%)
 rename {single_QGalleryX-Standalone => deprecated/single_QGalleryX-Standalone}/bin/qml/QtQml/WorkerScript/plugins.qmltypes (100%)
 rename {single_QGalleryX-Standalone => deprecated/single_QGalleryX-Standalone}/bin/qml/QtQml/WorkerScript/qmldir (100%)
 rename {single_QGalleryX-Standalone => deprecated/single_QGalleryX-Standalone}/bin/qml/QtQml/plugins.qmltypes (100%)
 rename {single_QGalleryX-Standalone => deprecated/single_QGalleryX-Standalone}/bin/qml/QtQml/qmldir (100%)
 rename {single_QGalleryX-Standalone => deprecated/single_QGalleryX-Standalone}/bin/qml/QtQuick/Controls/Basic/AbstractButton.qml (100%)
 rename {single_QGalleryX-Standalone => deprecated/single_QGalleryX-Standalone}/bin/qml/QtQuick/Controls/Basic/Action.qml (100%)
 rename {single_QGalleryX-Standalone => deprecated/single_QGalleryX-Standalone}/bin/qml/QtQuick/Controls/Basic/ActionGroup.qml (100%)
 rename {single_QGalleryX-Standalone => deprecated/single_QGalleryX-Standalone}/bin/qml/QtQuick/Controls/Basic/ApplicationWindow.qml (100%)
 rename {single_QGalleryX-Standalone => deprecated/single_QGalleryX-Standalone}/bin/qml/QtQuick/Controls/Basic/BusyIndicator.qml (100%)
 rename {single_QGalleryX-Standalone => deprecated/single_QGalleryX-Standalone}/bin/qml/QtQuick/Controls/Basic/Button.qml (100%)
 rename {single_QGalleryX-Standalone => deprecated/single_QGalleryX-Standalone}/bin/qml/QtQuick/Controls/Basic/ButtonGroup.qml (100%)
 rename {single_QGalleryX-Standalone => deprecated/single_QGalleryX-Standalone}/bin/qml/QtQuick/Controls/Basic/Calendar.qml (100%)
 rename {single_QGalleryX-Standalone => deprecated/single_QGalleryX-Standalone}/bin/qml/QtQuick/Controls/Basic/CalendarModel.qml (100%)
 rename {single_QGalleryX-Standalone => deprecated/single_QGalleryX-Standalone}/bin/qml/QtQuick/Controls/Basic/CheckBox.qml (100%)
 rename {single_QGalleryX-Standalone => deprecated/single_QGalleryX-Standalone}/bin/qml/QtQuick/Controls/Basic/CheckDelegate.qml (100%)
 rename {single_QGalleryX-Standalone => deprecated/single_QGalleryX-Standalone}/bin/qml/QtQuick/Controls/Basic/ComboBox.qml (100%)
 rename {single_QGalleryX-Standalone => deprecated/single_QGalleryX-Standalone}/bin/qml/QtQuick/Controls/Basic/Container.qml (100%)
 rename {single_QGalleryX-Standalone => deprecated/single_QGalleryX-Standalone}/bin/qml/QtQuick/Controls/Basic/Control.qml (100%)
 rename {single_QGalleryX-Standalone => deprecated/single_QGalleryX-Standalone}/bin/qml/QtQuick/Controls/Basic/DayOfWeekRow.qml (100%)
 rename {single_QGalleryX-Standalone => deprecated/single_QGalleryX-Standalone}/bin/qml/QtQuick/Controls/Basic/DelayButton.qml (100%)
 rename {single_QGalleryX-Standalone => deprecated/single_QGalleryX-Standalone}/bin/qml/QtQuick/Controls/Basic/Dial.qml (100%)
 rename {single_QGalleryX-Standalone => deprecated/single_QGalleryX-Standalone}/bin/qml/QtQuick/Controls/Basic/Dialog.qml (100%)
 rename {single_QGalleryX-Standalone => deprecated/single_QGalleryX-Standalone}/bin/qml/QtQuick/Controls/Basic/DialogButtonBox.qml (100%)
 rename {single_QGalleryX-Standalone => deprecated/single_QGalleryX-Standalone}/bin/qml/QtQuick/Controls/Basic/Drawer.qml (100%)
 rename {single_QGalleryX-Standalone => deprecated/single_QGalleryX-Standalone}/bin/qml/QtQuick/Controls/Basic/Frame.qml (100%)
 rename {single_QGalleryX-Standalone => deprecated/single_QGalleryX-Standalone}/bin/qml/QtQuick/Controls/Basic/GroupBox.qml (100%)
 rename {single_QGalleryX-Standalone => deprecated/single_QGalleryX-Standalone}/bin/qml/QtQuick/Controls/Basic/HorizontalHeaderView.qml (100%)
 rename {single_QGalleryX-Standalone => deprecated/single_QGalleryX-Standalone}/bin/qml/QtQuick/Controls/Basic/ItemDelegate.qml (100%)
 rename {single_QGalleryX-Standalone => deprecated/single_QGalleryX-Standalone}/bin/qml/QtQuick/Controls/Basic/Label.qml (100%)
 rename {single_QGalleryX-Standalone => deprecated/single_QGalleryX-Standalone}/bin/qml/QtQuick/Controls/Basic/Menu.qml (100%)
 rename {single_QGalleryX-Standalone => deprecated/single_QGalleryX-Standalone}/bin/qml/QtQuick/Controls/Basic/MenuBar.qml (100%)
 rename {single_QGalleryX-Standalone => deprecated/single_QGalleryX-Standalone}/bin/qml/QtQuick/Controls/Basic/MenuBarItem.qml (100%)
 rename {single_QGalleryX-Standalone => deprecated/single_QGalleryX-Standalone}/bin/qml/QtQuick/Controls/Basic/MenuItem.qml (100%)
 rename {single_QGalleryX-Standalone => deprecated/single_QGalleryX-Standalone}/bin/qml/QtQuick/Controls/Basic/MenuSeparator.qml (100%)
 rename {single_QGalleryX-Standalone => deprecated/single_QGalleryX-Standalone}/bin/qml/QtQuick/Controls/Basic/MonthGrid.qml (100%)
 rename {single_QGalleryX-Standalone => deprecated/single_QGalleryX-Standalone}/bin/qml/QtQuick/Controls/Basic/Page.qml (100%)
 rename {single_QGalleryX-Standalone => deprecated/single_QGalleryX-Standalone}/bin/qml/QtQuick/Controls/Basic/PageIndicator.qml (100%)
 rename {single_QGalleryX-Standalone => deprecated/single_QGalleryX-Standalone}/bin/qml/QtQuick/Controls/Basic/Pane.qml (100%)
 rename {single_QGalleryX-Standalone => deprecated/single_QGalleryX-Standalone}/bin/qml/QtQuick/Controls/Basic/Popup.qml (100%)
 rename {single_QGalleryX-Standalone => deprecated/single_QGalleryX-Standalone}/bin/qml/QtQuick/Controls/Basic/ProgressBar.qml (100%)
 rename {single_QGalleryX-Standalone => deprecated/single_QGalleryX-Standalone}/bin/qml/QtQuick/Controls/Basic/RadioButton.qml (100%)
 rename {single_QGalleryX-Standalone => deprecated/single_QGalleryX-Standalone}/bin/qml/QtQuick/Controls/Basic/RadioDelegate.qml (100%)
 rename {single_QGalleryX-Standalone => deprecated/single_QGalleryX-Standalone}/bin/qml/QtQuick/Controls/Basic/RangeSlider.qml (100%)
 rename {single_QGalleryX-Standalone => deprecated/single_QGalleryX-Standalone}/bin/qml/QtQuick/Controls/Basic/RoundButton.qml (100%)
 rename {single_QGalleryX-Standalone => deprecated/single_QGalleryX-Standalone}/bin/qml/QtQuick/Controls/Basic/ScrollBar.qml (100%)
 rename {single_QGalleryX-Standalone => deprecated/single_QGalleryX-Standalone}/bin/qml/QtQuick/Controls/Basic/ScrollIndicator.qml (100%)
 rename {single_QGalleryX-Standalone => deprecated/single_QGalleryX-Standalone}/bin/qml/QtQuick/Controls/Basic/ScrollView.qml (100%)
 rename {single_QGalleryX-Standalone => deprecated/single_QGalleryX-Standalone}/bin/qml/QtQuick/Controls/Basic/SelectionRectangle.qml (100%)
 rename {single_QGalleryX-Standalone => deprecated/single_QGalleryX-Standalone}/bin/qml/QtQuick/Controls/Basic/Slider.qml (100%)
 rename {single_QGalleryX-Standalone => deprecated/single_QGalleryX-Standalone}/bin/qml/QtQuick/Controls/Basic/SpinBox.qml (100%)
 rename {single_QGalleryX-Standalone => deprecated/single_QGalleryX-Standalone}/bin/qml/QtQuick/Controls/Basic/SplitView.qml (100%)
 rename {single_QGalleryX-Standalone => deprecated/single_QGalleryX-Standalone}/bin/qml/QtQuick/Controls/Basic/StackView.qml (100%)
 rename {single_QGalleryX-Standalone => deprecated/single_QGalleryX-Standalone}/bin/qml/QtQuick/Controls/Basic/SwipeDelegate.qml (100%)
 rename {single_QGalleryX-Standalone => deprecated/single_QGalleryX-Standalone}/bin/qml/QtQuick/Controls/Basic/SwipeView.qml (100%)
 rename {single_QGalleryX-Standalone => deprecated/single_QGalleryX-Standalone}/bin/qml/QtQuick/Controls/Basic/Switch.qml (100%)
 rename {single_QGalleryX-Standalone => deprecated/single_QGalleryX-Standalone}/bin/qml/QtQuick/Controls/Basic/SwitchDelegate.qml (100%)
 rename {single_QGalleryX-Standalone => deprecated/single_QGalleryX-Standalone}/bin/qml/QtQuick/Controls/Basic/TabBar.qml (100%)
 rename {single_QGalleryX-Standalone => deprecated/single_QGalleryX-Standalone}/bin/qml/QtQuick/Controls/Basic/TabButton.qml (100%)
 rename {single_QGalleryX-Standalone => deprecated/single_QGalleryX-Standalone}/bin/qml/QtQuick/Controls/Basic/TableViewDelegate.qml (100%)
 rename {single_QGalleryX-Standalone => deprecated/single_QGalleryX-Standalone}/bin/qml/QtQuick/Controls/Basic/TextArea.qml (100%)
 rename {single_QGalleryX-Standalone => deprecated/single_QGalleryX-Standalone}/bin/qml/QtQuick/Controls/Basic/TextField.qml (100%)
 rename {single_QGalleryX-Standalone => deprecated/single_QGalleryX-Standalone}/bin/qml/QtQuick/Controls/Basic/ToolBar.qml (100%)
 rename {single_QGalleryX-Standalone => deprecated/single_QGalleryX-Standalone}/bin/qml/QtQuick/Controls/Basic/ToolButton.qml (100%)
 rename {single_QGalleryX-Standalone => deprecated/single_QGalleryX-Standalone}/bin/qml/QtQuick/Controls/Basic/ToolSeparator.qml (100%)
 rename {single_QGalleryX-Standalone => deprecated/single_QGalleryX-Standalone}/bin/qml/QtQuick/Controls/Basic/ToolTip.qml (100%)
 rename {single_QGalleryX-Standalone => deprecated/single_QGalleryX-Standalone}/bin/qml/QtQuick/Controls/Basic/TreeViewDelegate.qml (100%)
 rename {single_QGalleryX-Standalone => deprecated/single_QGalleryX-Standalone}/bin/qml/QtQuick/Controls/Basic/Tumbler.qml (100%)
 rename {single_QGalleryX-Standalone => deprecated/single_QGalleryX-Standalone}/bin/qml/QtQuick/Controls/Basic/VerticalHeaderView.qml (100%)
 rename {single_QGalleryX-Standalone => deprecated/single_QGalleryX-Standalone}/bin/qml/QtQuick/Controls/Basic/WeekNumberColumn.qml (100%)
 rename {single_QGalleryX-Standalone => deprecated/single_QGalleryX-Standalone}/bin/qml/QtQuick/Controls/Basic/impl/plugins.qmltypes (100%)
 rename {single_QGalleryX-Standalone => deprecated/single_QGalleryX-Standalone}/bin/qml/QtQuick/Controls/Basic/impl/qmldir (100%)
 rename {single_QGalleryX-Standalone => deprecated/single_QGalleryX-Standalone}/bin/qml/QtQuick/Controls/Basic/plugins.qmltypes (100%)
 rename {single_QGalleryX-Standalone => deprecated/single_QGalleryX-Standalone}/bin/qml/QtQuick/Controls/Basic/qmldir (100%)
 rename {single_QGalleryX-Standalone => deprecated/single_QGalleryX-Standalone}/bin/qml/QtQuick/Controls/FluentWinUI3/ApplicationWindow.qml (100%)
 rename {single_QGalleryX-Standalone => deprecated/single_QGalleryX-Standalone}/bin/qml/QtQuick/Controls/FluentWinUI3/BusyIndicator.qml (100%)
 rename {single_QGalleryX-Standalone => deprecated/single_QGalleryX-Standalone}/bin/qml/QtQuick/Controls/FluentWinUI3/Button.qml (100%)
 rename {single_QGalleryX-Standalone => deprecated/single_QGalleryX-Standalone}/bin/qml/QtQuick/Controls/FluentWinUI3/CheckBox.qml (100%)
 rename {single_QGalleryX-Standalone => deprecated/single_QGalleryX-Standalone}/bin/qml/QtQuick/Controls/FluentWinUI3/CheckDelegate.qml (100%)
 rename {single_QGalleryX-Standalone => deprecated/single_QGalleryX-Standalone}/bin/qml/QtQuick/Controls/FluentWinUI3/ComboBox.qml (100%)
 rename {single_QGalleryX-Standalone => deprecated/single_QGalleryX-Standalone}/bin/qml/QtQuick/Controls/FluentWinUI3/Config.qml (100%)
 rename {single_QGalleryX-Standalone => deprecated/single_QGalleryX-Standalone}/bin/qml/QtQuick/Controls/FluentWinUI3/DelayButton.qml (100%)
 rename {single_QGalleryX-Standalone => deprecated/single_QGalleryX-Standalone}/bin/qml/QtQuick/Controls/FluentWinUI3/Dialog.qml (100%)
 rename {single_QGalleryX-Standalone => deprecated/single_QGalleryX-Standalone}/bin/qml/QtQuick/Controls/FluentWinUI3/DialogButtonBox.qml (100%)
 rename {single_QGalleryX-Standalone => deprecated/single_QGalleryX-Standalone}/bin/qml/QtQuick/Controls/FluentWinUI3/FocusFrame.qml (100%)
 rename {single_QGalleryX-Standalone => deprecated/single_QGalleryX-Standalone}/bin/qml/QtQuick/Controls/FluentWinUI3/Frame.qml (100%)
 rename {single_QGalleryX-Standalone => deprecated/single_QGalleryX-Standalone}/bin/qml/QtQuick/Controls/FluentWinUI3/GroupBox.qml (100%)
 rename {single_QGalleryX-Standalone => deprecated/single_QGalleryX-Standalone}/bin/qml/QtQuick/Controls/FluentWinUI3/ItemDelegate.qml (100%)
 rename {single_QGalleryX-Standalone => deprecated/single_QGalleryX-Standalone}/bin/qml/QtQuick/Controls/FluentWinUI3/Menu.qml (100%)
 rename {single_QGalleryX-Standalone => deprecated/single_QGalleryX-Standalone}/bin/qml/QtQuick/Controls/FluentWinUI3/MenuBar.qml (100%)
 rename {single_QGalleryX-Standalone => deprecated/single_QGalleryX-Standalone}/bin/qml/QtQuick/Controls/FluentWinUI3/MenuBarItem.qml (100%)
 rename {single_QGalleryX-Standalone => deprecated/single_QGalleryX-Standalone}/bin/qml/QtQuick/Controls/FluentWinUI3/MenuItem.qml (100%)
 rename {single_QGalleryX-Standalone => deprecated/single_QGalleryX-Standalone}/bin/qml/QtQuick/Controls/FluentWinUI3/MenuSeparator.qml (100%)
 rename {single_QGalleryX-Standalone => deprecated/single_QGalleryX-Standalone}/bin/qml/QtQuick/Controls/FluentWinUI3/PageIndicator.qml (100%)
 rename {single_QGalleryX-Standalone => deprecated/single_QGalleryX-Standalone}/bin/qml/QtQuick/Controls/FluentWinUI3/Popup.qml (100%)
 rename {single_QGalleryX-Standalone => deprecated/single_QGalleryX-Standalone}/bin/qml/QtQuick/Controls/FluentWinUI3/ProgressBar.qml (100%)
 rename {single_QGalleryX-Standalone => deprecated/single_QGalleryX-Standalone}/bin/qml/QtQuick/Controls/FluentWinUI3/RadioButton.qml (100%)
 rename {single_QGalleryX-Standalone => deprecated/single_QGalleryX-Standalone}/bin/qml/QtQuick/Controls/FluentWinUI3/RadioDelegate.qml (100%)
 rename {single_QGalleryX-Standalone => deprecated/single_QGalleryX-Standalone}/bin/qml/QtQuick/Controls/FluentWinUI3/RangeSlider.qml (100%)
 rename {single_QGalleryX-Standalone => deprecated/single_QGalleryX-Standalone}/bin/qml/QtQuick/Controls/FluentWinUI3/RoundButton.qml (100%)
 rename {single_QGalleryX-Standalone => deprecated/single_QGalleryX-Standalone}/bin/qml/QtQuick/Controls/FluentWinUI3/Slider.qml (100%)
 rename {single_QGalleryX-Standalone => deprecated/single_QGalleryX-Standalone}/bin/qml/QtQuick/Controls/FluentWinUI3/SpinBox.qml (100%)
 rename {single_QGalleryX-Standalone => deprecated/single_QGalleryX-Standalone}/bin/qml/QtQuick/Controls/FluentWinUI3/StyleImage.qml (100%)
 rename {single_QGalleryX-Standalone => deprecated/single_QGalleryX-Standalone}/bin/qml/QtQuick/Controls/FluentWinUI3/SwipeDelegate.qml (100%)
 rename {single_QGalleryX-Standalone => deprecated/single_QGalleryX-Standalone}/bin/qml/QtQuick/Controls/FluentWinUI3/Switch.qml (100%)
 rename {single_QGalleryX-Standalone => deprecated/single_QGalleryX-Standalone}/bin/qml/QtQuick/Controls/FluentWinUI3/SwitchDelegate.qml (100%)
 rename {single_QGalleryX-Standalone => deprecated/single_QGalleryX-Standalone}/bin/qml/QtQuick/Controls/FluentWinUI3/TabBar.qml (100%)
 rename {single_QGalleryX-Standalone => deprecated/single_QGalleryX-Standalone}/bin/qml/QtQuick/Controls/FluentWinUI3/TabButton.qml (100%)
 rename {single_QGalleryX-Standalone => deprecated/single_QGalleryX-Standalone}/bin/qml/QtQuick/Controls/FluentWinUI3/TextArea.qml (100%)
 rename {single_QGalleryX-Standalone => deprecated/single_QGalleryX-Standalone}/bin/qml/QtQuick/Controls/FluentWinUI3/TextField.qml (100%)
 rename {single_QGalleryX-Standalone => deprecated/single_QGalleryX-Standalone}/bin/qml/QtQuick/Controls/FluentWinUI3/ToolBar.qml (100%)
 rename {single_QGalleryX-Standalone => deprecated/single_QGalleryX-Standalone}/bin/qml/QtQuick/Controls/FluentWinUI3/ToolButton.qml (100%)
 rename {single_QGalleryX-Standalone => deprecated/single_QGalleryX-Standalone}/bin/qml/QtQuick/Controls/FluentWinUI3/ToolSeparator.qml (100%)
 rename {single_QGalleryX-Standalone => deprecated/single_QGalleryX-Standalone}/bin/qml/QtQuick/Controls/FluentWinUI3/ToolTip.qml (100%)
 rename {single_QGalleryX-Standalone => deprecated/single_QGalleryX-Standalone}/bin/qml/QtQuick/Controls/FluentWinUI3/dark/images/checkbox-indicator-checked-disabled.png (100%)
 rename {single_QGalleryX-Standalone => deprecated/single_QGalleryX-Standalone}/bin/qml/QtQuick/Controls/FluentWinUI3/dark/images/checkbox-indicator-checked-disabled@2x.png (100%)
 rename {single_QGalleryX-Standalone => deprecated/single_QGalleryX-Standalone}/bin/qml/QtQuick/Controls/FluentWinUI3/dark/images/checkbox-indicator-checked-disabled@3x.png (100%)
 rename {single_QGalleryX-Standalone => deprecated/single_QGalleryX-Standalone}/bin/qml/QtQuick/Controls/FluentWinUI3/dark/images/checkbox-indicator-checked-hovered.png (100%)
 rename {single_QGalleryX-Standalone => deprecated/single_QGalleryX-Standalone}/bin/qml/QtQuick/Controls/FluentWinUI3/dark/images/checkbox-indicator-checked-hovered@2x.png (100%)
 rename {single_QGalleryX-Standalone => deprecated/single_QGalleryX-Standalone}/bin/qml/QtQuick/Controls/FluentWinUI3/dark/images/checkbox-indicator-checked-hovered@3x.png (100%)
 rename {single_QGalleryX-Standalone => deprecated/single_QGalleryX-Standalone}/bin/qml/QtQuick/Controls/FluentWinUI3/dark/images/checkbox-indicator-checked-pressed.png (100%)
 rename {single_QGalleryX-Standalone => deprecated/single_QGalleryX-Standalone}/bin/qml/QtQuick/Controls/FluentWinUI3/dark/images/checkbox-indicator-checked-pressed@2x.png (100%)
 rename {single_QGalleryX-Standalone => deprecated/single_QGalleryX-Standalone}/bin/qml/QtQuick/Controls/FluentWinUI3/dark/images/checkbox-indicator-checked-pressed@3x.png (100%)
 rename {single_QGalleryX-Standalone => deprecated/single_QGalleryX-Standalone}/bin/qml/QtQuick/Controls/FluentWinUI3/dark/images/checkbox-indicator-checked.png (100%)
 rename {single_QGalleryX-Standalone => deprecated/single_QGalleryX-Standalone}/bin/qml/QtQuick/Controls/FluentWinUI3/dark/images/checkbox-indicator-checked@2x.png (100%)
 rename {single_QGalleryX-Standalone => deprecated/single_QGalleryX-Standalone}/bin/qml/QtQuick/Controls/FluentWinUI3/dark/images/checkbox-indicator-checked@3x.png (100%)
 rename {single_QGalleryX-Standalone => deprecated/single_QGalleryX-Standalone}/bin/qml/QtQuick/Controls/FluentWinUI3/dark/images/checkbox-indicator-disabled-partiallyChecked.png (100%)
 rename {single_QGalleryX-Standalone => deprecated/single_QGalleryX-Standalone}/bin/qml/QtQuick/Controls/FluentWinUI3/dark/images/checkbox-indicator-disabled-partiallyChecked@2x.png (100%)
 rename {single_QGalleryX-Standalone => deprecated/single_QGalleryX-Standalone}/bin/qml/QtQuick/Controls/FluentWinUI3/dark/images/checkbox-indicator-disabled-partiallyChecked@3x.png (100%)
 rename {single_QGalleryX-Standalone => deprecated/single_QGalleryX-Standalone}/bin/qml/QtQuick/Controls/FluentWinUI3/dark/images/checkbox-indicator-disabled.png (100%)
 rename {single_QGalleryX-Standalone => deprecated/single_QGalleryX-Standalone}/bin/qml/QtQuick/Controls/FluentWinUI3/dark/images/checkbox-indicator-disabled@2x.png (100%)
 rename {single_QGalleryX-Standalone => deprecated/single_QGalleryX-Standalone}/bin/qml/QtQuick/Controls/FluentWinUI3/dark/images/checkbox-indicator-disabled@3x.png (100%)
 rename {single_QGalleryX-Standalone => deprecated/single_QGalleryX-Standalone}/bin/qml/QtQuick/Controls/FluentWinUI3/dark/images/checkbox-indicator-hovered-partiallyChecked.png (100%)
 rename {single_QGalleryX-Standalone => deprecated/single_QGalleryX-Standalone}/bin/qml/QtQuick/Controls/FluentWinUI3/dark/images/checkbox-indicator-hovered-partiallyChecked@2x.png (100%)
 rename {single_QGalleryX-Standalone => deprecated/single_QGalleryX-Standalone}/bin/qml/QtQuick/Controls/FluentWinUI3/dark/images/checkbox-indicator-hovered-partiallyChecked@3x.png (100%)
 rename {single_QGalleryX-Standalone => deprecated/single_QGalleryX-Standalone}/bin/qml/QtQuick/Controls/FluentWinUI3/dark/images/checkbox-indicator-hovered.png (100%)
 rename {single_QGalleryX-Standalone => deprecated/single_QGalleryX-Standalone}/bin/qml/QtQuick/Controls/FluentWinUI3/dark/images/checkbox-indicator-hovered@2x.png (100%)
 rename {single_QGalleryX-Standalone => deprecated/single_QGalleryX-Standalone}/bin/qml/QtQuick/Controls/FluentWinUI3/dark/images/checkbox-indicator-hovered@3x.png (100%)
 rename {single_QGalleryX-Standalone => deprecated/single_QGalleryX-Standalone}/bin/qml/QtQuick/Controls/FluentWinUI3/dark/images/checkbox-indicator-partiallyChecked-pressed.png (100%)
 rename {single_QGalleryX-Standalone => deprecated/single_QGalleryX-Standalone}/bin/qml/QtQuick/Controls/FluentWinUI3/dark/images/checkbox-indicator-partiallyChecked-pressed@2x.png (100%)
 rename {single_QGalleryX-Standalone => deprecated/single_QGalleryX-Standalone}/bin/qml/QtQuick/Controls/FluentWinUI3/dark/images/checkbox-indicator-partiallyChecked-pressed@3x.png (100%)
 rename {single_QGalleryX-Standalone => deprecated/single_QGalleryX-Standalone}/bin/qml/QtQuick/Controls/FluentWinUI3/dark/images/checkbox-indicator-partiallyChecked.png (100%)
 rename {single_QGalleryX-Standalone => deprecated/single_QGalleryX-Standalone}/bin/qml/QtQuick/Controls/FluentWinUI3/dark/images/checkbox-indicator-partiallyChecked@2x.png (100%)
 rename {single_QGalleryX-Standalone => deprecated/single_QGalleryX-Standalone}/bin/qml/QtQuick/Controls/FluentWinUI3/dark/images/checkbox-indicator-partiallyChecked@3x.png (100%)
 rename {single_QGalleryX-Standalone => deprecated/single_QGalleryX-Standalone}/bin/qml/QtQuick/Controls/FluentWinUI3/dark/images/checkbox-indicator-pressed.png (100%)
 rename {single_QGalleryX-Standalone => deprecated/single_QGalleryX-Standalone}/bin/qml/QtQuick/Controls/FluentWinUI3/dark/images/checkbox-indicator-pressed@2x.png (100%)
 rename {single_QGalleryX-Standalone => deprecated/single_QGalleryX-Standalone}/bin/qml/QtQuick/Controls/FluentWinUI3/dark/images/checkbox-indicator-pressed@3x.png (100%)
 rename {single_QGalleryX-Standalone => deprecated/single_QGalleryX-Standalone}/bin/qml/QtQuick/Controls/FluentWinUI3/dark/images/checkbox-indicator.png (100%)
 rename {single_QGalleryX-Standalone => deprecated/single_QGalleryX-Standalone}/bin/qml/QtQuick/Controls/FluentWinUI3/dark/images/checkbox-indicator@2x.png (100%)
 rename {single_QGalleryX-Standalone => deprecated/single_QGalleryX-Standalone}/bin/qml/QtQuick/Controls/FluentWinUI3/dark/images/checkbox-indicator@3x.png (100%)
 rename {single_QGalleryX-Standalone => deprecated/single_QGalleryX-Standalone}/bin/qml/QtQuick/Controls/FluentWinUI3/dark/images/combobox-background-disabled.png (100%)
 rename {single_QGalleryX-Standalone => deprecated/single_QGalleryX-Standalone}/bin/qml/QtQuick/Controls/FluentWinUI3/dark/images/combobox-background-disabled@2x.png (100%)
 rename {single_QGalleryX-Standalone => deprecated/single_QGalleryX-Standalone}/bin/qml/QtQuick/Controls/FluentWinUI3/dark/images/combobox-background-disabled@3x.png (100%)
 rename {single_QGalleryX-Standalone => deprecated/single_QGalleryX-Standalone}/bin/qml/QtQuick/Controls/FluentWinUI3/dark/images/combobox-background-focused.png (100%)
 rename {single_QGalleryX-Standalone => deprecated/single_QGalleryX-Standalone}/bin/qml/QtQuick/Controls/FluentWinUI3/dark/images/combobox-background-focused@2x.png (100%)
 rename {single_QGalleryX-Standalone => deprecated/single_QGalleryX-Standalone}/bin/qml/QtQuick/Controls/FluentWinUI3/dark/images/combobox-background-focused@3x.png (100%)
 rename {single_QGalleryX-Standalone => deprecated/single_QGalleryX-Standalone}/bin/qml/QtQuick/Controls/FluentWinUI3/dark/images/combobox-background-hovered-open.png (100%)
 rename {single_QGalleryX-Standalone => deprecated/single_QGalleryX-Standalone}/bin/qml/QtQuick/Controls/FluentWinUI3/dark/images/combobox-background-hovered-open@2x.png (100%)
 rename {single_QGalleryX-Standalone => deprecated/single_QGalleryX-Standalone}/bin/qml/QtQuick/Controls/FluentWinUI3/dark/images/combobox-background-hovered-open@3x.png (100%)
 rename {single_QGalleryX-Standalone => deprecated/single_QGalleryX-Standalone}/bin/qml/QtQuick/Controls/FluentWinUI3/dark/images/combobox-background-hovered.png (100%)
 rename {single_QGalleryX-Standalone => deprecated/single_QGalleryX-Standalone}/bin/qml/QtQuick/Controls/FluentWinUI3/dark/images/combobox-background-hovered@2x.png (100%)
 rename {single_QGalleryX-Standalone => deprecated/single_QGalleryX-Standalone}/bin/qml/QtQuick/Controls/FluentWinUI3/dark/images/combobox-background-hovered@3x.png (100%)
 rename {single_QGalleryX-Standalone => deprecated/single_QGalleryX-Standalone}/bin/qml/QtQuick/Controls/FluentWinUI3/dark/images/combobox-background-open-pressed.png (100%)
 rename {single_QGalleryX-Standalone => deprecated/single_QGalleryX-Standalone}/bin/qml/QtQuick/Controls/FluentWinUI3/dark/images/combobox-background-open-pressed@2x.png (100%)
 rename {single_QGalleryX-Standalone => deprecated/single_QGalleryX-Standalone}/bin/qml/QtQuick/Controls/FluentWinUI3/dark/images/combobox-background-open-pressed@3x.png (100%)
 rename {single_QGalleryX-Standalone => deprecated/single_QGalleryX-Standalone}/bin/qml/QtQuick/Controls/FluentWinUI3/dark/images/combobox-background-open.png (100%)
 rename {single_QGalleryX-Standalone => deprecated/single_QGalleryX-Standalone}/bin/qml/QtQuick/Controls/FluentWinUI3/dark/images/combobox-background-open@2x.png (100%)
 rename {single_QGalleryX-Standalone => deprecated/single_QGalleryX-Standalone}/bin/qml/QtQuick/Controls/FluentWinUI3/dark/images/combobox-background-open@3x.png (100%)
 rename {single_QGalleryX-Standalone => deprecated/single_QGalleryX-Standalone}/bin/qml/QtQuick/Controls/FluentWinUI3/dark/images/combobox-background-pressed.png (100%)
 rename {single_QGalleryX-Standalone => deprecated/single_QGalleryX-Standalone}/bin/qml/QtQuick/Controls/FluentWinUI3/dark/images/combobox-background-pressed@2x.png (100%)
 rename {single_QGalleryX-Standalone => deprecated/single_QGalleryX-Standalone}/bin/qml/QtQuick/Controls/FluentWinUI3/dark/images/combobox-background-pressed@3x.png (100%)
 rename {single_QGalleryX-Standalone => deprecated/single_QGalleryX-Standalone}/bin/qml/QtQuick/Controls/FluentWinUI3/dark/images/combobox-background.png (100%)
 rename {single_QGalleryX-Standalone => deprecated/single_QGalleryX-Standalone}/bin/qml/QtQuick/Controls/FluentWinUI3/dark/images/combobox-background@2x.png (100%)
 rename {single_QGalleryX-Standalone => deprecated/single_QGalleryX-Standalone}/bin/qml/QtQuick/Controls/FluentWinUI3/dark/images/combobox-background@3x.png (100%)
 rename {single_QGalleryX-Standalone => deprecated/single_QGalleryX-Standalone}/bin/qml/QtQuick/Controls/FluentWinUI3/dark/images/combobox-indicator-disabled.png (100%)
 rename {single_QGalleryX-Standalone => deprecated/single_QGalleryX-Standalone}/bin/qml/QtQuick/Controls/FluentWinUI3/dark/images/combobox-indicator-disabled@2x.png (100%)
 rename {single_QGalleryX-Standalone => deprecated/single_QGalleryX-Standalone}/bin/qml/QtQuick/Controls/FluentWinUI3/dark/images/combobox-indicator-disabled@3x.png (100%)
 rename {single_QGalleryX-Standalone => deprecated/single_QGalleryX-Standalone}/bin/qml/QtQuick/Controls/FluentWinUI3/dark/images/combobox-indicator-focused.png (100%)
 rename {single_QGalleryX-Standalone => deprecated/single_QGalleryX-Standalone}/bin/qml/QtQuick/Controls/FluentWinUI3/dark/images/combobox-indicator-focused@2x.png (100%)
 rename {single_QGalleryX-Standalone => deprecated/single_QGalleryX-Standalone}/bin/qml/QtQuick/Controls/FluentWinUI3/dark/images/combobox-indicator-focused@3x.png (100%)
 rename {single_QGalleryX-Standalone => deprecated/single_QGalleryX-Standalone}/bin/qml/QtQuick/Controls/FluentWinUI3/dark/images/combobox-indicator-hovered-open.png (100%)
 rename {single_QGalleryX-Standalone => deprecated/single_QGalleryX-Standalone}/bin/qml/QtQuick/Controls/FluentWinUI3/dark/images/combobox-indicator-hovered-open@2x.png (100%)
 rename {single_QGalleryX-Standalone => deprecated/single_QGalleryX-Standalone}/bin/qml/QtQuick/Controls/FluentWinUI3/dark/images/combobox-indicator-hovered-open@3x.png (100%)
 rename {single_QGalleryX-Standalone => deprecated/single_QGalleryX-Standalone}/bin/qml/QtQuick/Controls/FluentWinUI3/dark/images/combobox-indicator-hovered.png (100%)
 rename {single_QGalleryX-Standalone => deprecated/single_QGalleryX-Standalone}/bin/qml/QtQuick/Controls/FluentWinUI3/dark/images/combobox-indicator-hovered@2x.png (100%)
 rename {single_QGalleryX-Standalone => deprecated/single_QGalleryX-Standalone}/bin/qml/QtQuick/Controls/FluentWinUI3/dark/images/combobox-indicator-hovered@3x.png (100%)
 rename {single_QGalleryX-Standalone => deprecated/single_QGalleryX-Standalone}/bin/qml/QtQuick/Controls/FluentWinUI3/dark/images/combobox-indicator-open-pressed.png (100%)
 rename {single_QGalleryX-Standalone => deprecated/single_QGalleryX-Standalone}/bin/qml/QtQuick/Controls/FluentWinUI3/dark/images/combobox-indicator-open-pressed@2x.png (100%)
 rename {single_QGalleryX-Standalone => deprecated/single_QGalleryX-Standalone}/bin/qml/QtQuick/Controls/FluentWinUI3/dark/images/combobox-indicator-open-pressed@3x.png (100%)
 rename {single_QGalleryX-Standalone => deprecated/single_QGalleryX-Standalone}/bin/qml/QtQuick/Controls/FluentWinUI3/dark/images/combobox-indicator-open.png (100%)
 rename {single_QGalleryX-Standalone => deprecated/single_QGalleryX-Standalone}/bin/qml/QtQuick/Controls/FluentWinUI3/dark/images/combobox-indicator-open@2x.png (100%)
 rename {single_QGalleryX-Standalone => deprecated/single_QGalleryX-Standalone}/bin/qml/QtQuick/Controls/FluentWinUI3/dark/images/combobox-indicator-open@3x.png (100%)
 rename {single_QGalleryX-Standalone => deprecated/single_QGalleryX-Standalone}/bin/qml/QtQuick/Controls/FluentWinUI3/dark/images/combobox-indicator-pressed.png (100%)
 rename {single_QGalleryX-Standalone => deprecated/single_QGalleryX-Standalone}/bin/qml/QtQuick/Controls/FluentWinUI3/dark/images/combobox-indicator-pressed@2x.png (100%)
 rename {single_QGalleryX-Standalone => deprecated/single_QGalleryX-Standalone}/bin/qml/QtQuick/Controls/FluentWinUI3/dark/images/combobox-indicator-pressed@3x.png (100%)
 rename {single_QGalleryX-Standalone => deprecated/single_QGalleryX-Standalone}/bin/qml/QtQuick/Controls/FluentWinUI3/dark/images/combobox-indicator.png (100%)
 rename {single_QGalleryX-Standalone => deprecated/single_QGalleryX-Standalone}/bin/qml/QtQuick/Controls/FluentWinUI3/dark/images/combobox-indicator@2x.png (100%)
 rename {single_QGalleryX-Standalone => deprecated/single_QGalleryX-Standalone}/bin/qml/QtQuick/Controls/FluentWinUI3/dark/images/combobox-indicator@3x.png (100%)
 rename {single_QGalleryX-Standalone => deprecated/single_QGalleryX-Standalone}/bin/qml/QtQuick/Controls/FluentWinUI3/dark/images/editablecombobox-background-hovered-open.png (100%)
 rename {single_QGalleryX-Standalone => deprecated/single_QGalleryX-Standalone}/bin/qml/QtQuick/Controls/FluentWinUI3/dark/images/editablecombobox-background-hovered-open@2x.png (100%)
 rename {single_QGalleryX-Standalone => deprecated/single_QGalleryX-Standalone}/bin/qml/QtQuick/Controls/FluentWinUI3/dark/images/editablecombobox-background-hovered-open@3x.png (100%)
 rename {single_QGalleryX-Standalone => deprecated/single_QGalleryX-Standalone}/bin/qml/QtQuick/Controls/FluentWinUI3/dark/images/editablecombobox-background-open-pressed.png (100%)
 rename {single_QGalleryX-Standalone => deprecated/single_QGalleryX-Standalone}/bin/qml/QtQuick/Controls/FluentWinUI3/dark/images/editablecombobox-background-open-pressed@2x.png (100%)
 rename {single_QGalleryX-Standalone => deprecated/single_QGalleryX-Standalone}/bin/qml/QtQuick/Controls/FluentWinUI3/dark/images/editablecombobox-background-open-pressed@3x.png (100%)
 rename {single_QGalleryX-Standalone => deprecated/single_QGalleryX-Standalone}/bin/qml/QtQuick/Controls/FluentWinUI3/dark/images/editablecombobox-background-open.png (100%)
 rename {single_QGalleryX-Standalone => deprecated/single_QGalleryX-Standalone}/bin/qml/QtQuick/Controls/FluentWinUI3/dark/images/editablecombobox-background-open@2x.png (100%)
 rename {single_QGalleryX-Standalone => deprecated/single_QGalleryX-Standalone}/bin/qml/QtQuick/Controls/FluentWinUI3/dark/images/editablecombobox-background-open@3x.png (100%)
 rename {single_QGalleryX-Standalone => deprecated/single_QGalleryX-Standalone}/bin/qml/QtQuick/Controls/FluentWinUI3/dark/images/editablecombobox-indicator-hovered-open.png (100%)
 rename {single_QGalleryX-Standalone => deprecated/single_QGalleryX-Standalone}/bin/qml/QtQuick/Controls/FluentWinUI3/dark/images/editablecombobox-indicator-hovered-open@2x.png (100%)
 rename {single_QGalleryX-Standalone => deprecated/single_QGalleryX-Standalone}/bin/qml/QtQuick/Controls/FluentWinUI3/dark/images/editablecombobox-indicator-hovered-open@3x.png (100%)
 rename {single_QGalleryX-Standalone => deprecated/single_QGalleryX-Standalone}/bin/qml/QtQuick/Controls/FluentWinUI3/dark/images/editablecombobox-indicator-open-pressed.png (100%)
 rename {single_QGalleryX-Standalone => deprecated/single_QGalleryX-Standalone}/bin/qml/QtQuick/Controls/FluentWinUI3/dark/images/editablecombobox-indicator-open-pressed@2x.png (100%)
 rename {single_QGalleryX-Standalone => deprecated/single_QGalleryX-Standalone}/bin/qml/QtQuick/Controls/FluentWinUI3/dark/images/editablecombobox-indicator-open-pressed@3x.png (100%)
 rename {single_QGalleryX-Standalone => deprecated/single_QGalleryX-Standalone}/bin/qml/QtQuick/Controls/FluentWinUI3/dark/images/editablecombobox-indicator-open.png (100%)
 rename {single_QGalleryX-Standalone => deprecated/single_QGalleryX-Standalone}/bin/qml/QtQuick/Controls/FluentWinUI3/dark/images/editablecombobox-indicator-open@2x.png (100%)
 rename {single_QGalleryX-Standalone => deprecated/single_QGalleryX-Standalone}/bin/qml/QtQuick/Controls/FluentWinUI3/dark/images/editablecombobox-indicator-open@3x.png (100%)
 rename {single_QGalleryX-Standalone => deprecated/single_QGalleryX-Standalone}/bin/qml/QtQuick/Controls/FluentWinUI3/dark/images/editablecombobox-popup-background-hovered-open.png (100%)
 rename {single_QGalleryX-Standalone => deprecated/single_QGalleryX-Standalone}/bin/qml/QtQuick/Controls/FluentWinUI3/dark/images/editablecombobox-popup-background-hovered-open@2x.png (100%)
 rename {single_QGalleryX-Standalone => deprecated/single_QGalleryX-Standalone}/bin/qml/QtQuick/Controls/FluentWinUI3/dark/images/editablecombobox-popup-background-hovered-open@3x.png (100%)
 rename {single_QGalleryX-Standalone => deprecated/single_QGalleryX-Standalone}/bin/qml/QtQuick/Controls/FluentWinUI3/dark/images/editablecombobox-popup-background-open-pressed.png (100%)
 rename {single_QGalleryX-Standalone => deprecated/single_QGalleryX-Standalone}/bin/qml/QtQuick/Controls/FluentWinUI3/dark/images/editablecombobox-popup-background-open-pressed@2x.png (100%)
 rename {single_QGalleryX-Standalone => deprecated/single_QGalleryX-Standalone}/bin/qml/QtQuick/Controls/FluentWinUI3/dark/images/editablecombobox-popup-background-open-pressed@3x.png (100%)
 rename {single_QGalleryX-Standalone => deprecated/single_QGalleryX-Standalone}/bin/qml/QtQuick/Controls/FluentWinUI3/dark/images/editablecombobox-popup-background-open.png (100%)
 rename {single_QGalleryX-Standalone => deprecated/single_QGalleryX-Standalone}/bin/qml/QtQuick/Controls/FluentWinUI3/dark/images/editablecombobox-popup-background-open@2x.png (100%)
 rename {single_QGalleryX-Standalone => deprecated/single_QGalleryX-Standalone}/bin/qml/QtQuick/Controls/FluentWinUI3/dark/images/editablecombobox-popup-background-open@3x.png (100%)
 rename {single_QGalleryX-Standalone => deprecated/single_QGalleryX-Standalone}/bin/qml/QtQuick/Controls/FluentWinUI3/dark/images/frame-background-disabled.png (100%)
 rename {single_QGalleryX-Standalone => deprecated/single_QGalleryX-Standalone}/bin/qml/QtQuick/Controls/FluentWinUI3/dark/images/frame-background-disabled@2x.png (100%)
 rename {single_QGalleryX-Standalone => deprecated/single_QGalleryX-Standalone}/bin/qml/QtQuick/Controls/FluentWinUI3/dark/images/frame-background-disabled@3x.png (100%)
 rename {single_QGalleryX-Standalone => deprecated/single_QGalleryX-Standalone}/bin/qml/QtQuick/Controls/FluentWinUI3/dark/images/frame-background.png (100%)
 rename {single_QGalleryX-Standalone => deprecated/single_QGalleryX-Standalone}/bin/qml/QtQuick/Controls/FluentWinUI3/dark/images/frame-background@2x.png (100%)
 rename {single_QGalleryX-Standalone => deprecated/single_QGalleryX-Standalone}/bin/qml/QtQuick/Controls/FluentWinUI3/dark/images/frame-background@3x.png (100%)
 rename {single_QGalleryX-Standalone => deprecated/single_QGalleryX-Standalone}/bin/qml/QtQuick/Controls/FluentWinUI3/dark/images/itemdelegate-background-highlighted-hovered.png (100%)
 rename {single_QGalleryX-Standalone => deprecated/single_QGalleryX-Standalone}/bin/qml/QtQuick/Controls/FluentWinUI3/dark/images/itemdelegate-background-highlighted-hovered@2x.png (100%)
 rename {single_QGalleryX-Standalone => deprecated/single_QGalleryX-Standalone}/bin/qml/QtQuick/Controls/FluentWinUI3/dark/images/itemdelegate-background-highlighted-hovered@3x.png (100%)
 rename {single_QGalleryX-Standalone => deprecated/single_QGalleryX-Standalone}/bin/qml/QtQuick/Controls/FluentWinUI3/dark/images/itemdelegate-background-highlighted-pressed.png (100%)
 rename {single_QGalleryX-Standalone => deprecated/single_QGalleryX-Standalone}/bin/qml/QtQuick/Controls/FluentWinUI3/dark/images/itemdelegate-background-highlighted-pressed@2x.png (100%)
 rename {single_QGalleryX-Standalone => deprecated/single_QGalleryX-Standalone}/bin/qml/QtQuick/Controls/FluentWinUI3/dark/images/itemdelegate-background-highlighted-pressed@3x.png (100%)
 rename {single_QGalleryX-Standalone => deprecated/single_QGalleryX-Standalone}/bin/qml/QtQuick/Controls/FluentWinUI3/dark/images/itemdelegate-background-highlighted.png (100%)
 rename {single_QGalleryX-Standalone => deprecated/single_QGalleryX-Standalone}/bin/qml/QtQuick/Controls/FluentWinUI3/dark/images/itemdelegate-background-highlighted@2x.png (100%)
 rename {single_QGalleryX-Standalone => deprecated/single_QGalleryX-Standalone}/bin/qml/QtQuick/Controls/FluentWinUI3/dark/images/itemdelegate-background-highlighted@3x.png (100%)
 rename {single_QGalleryX-Standalone => deprecated/single_QGalleryX-Standalone}/bin/qml/QtQuick/Controls/FluentWinUI3/dark/images/itemdelegate-background-hovered.png (100%)
 rename {single_QGalleryX-Standalone => deprecated/single_QGalleryX-Standalone}/bin/qml/QtQuick/Controls/FluentWinUI3/dark/images/itemdelegate-background-hovered@2x.png (100%)
 rename {single_QGalleryX-Standalone => deprecated/single_QGalleryX-Standalone}/bin/qml/QtQuick/Controls/FluentWinUI3/dark/images/itemdelegate-background-hovered@3x.png (100%)
 rename {single_QGalleryX-Standalone => deprecated/single_QGalleryX-Standalone}/bin/qml/QtQuick/Controls/FluentWinUI3/dark/images/itemdelegate-background-pressed.png (100%)
 rename {single_QGalleryX-Standalone => deprecated/single_QGalleryX-Standalone}/bin/qml/QtQuick/Controls/FluentWinUI3/dark/images/itemdelegate-background-pressed@2x.png (100%)
 rename {single_QGalleryX-Standalone => deprecated/single_QGalleryX-Standalone}/bin/qml/QtQuick/Controls/FluentWinUI3/dark/images/itemdelegate-background-pressed@3x.png (100%)
 rename {single_QGalleryX-Standalone => deprecated/single_QGalleryX-Standalone}/bin/qml/QtQuick/Controls/FluentWinUI3/dark/images/pageindicatordelegate-indicator-delegate-current-hovered.png (100%)
 rename {single_QGalleryX-Standalone => deprecated/single_QGalleryX-Standalone}/bin/qml/QtQuick/Controls/FluentWinUI3/dark/images/pageindicatordelegate-indicator-delegate-current-hovered@2x.png (100%)
 rename {single_QGalleryX-Standalone => deprecated/single_QGalleryX-Standalone}/bin/qml/QtQuick/Controls/FluentWinUI3/dark/images/pageindicatordelegate-indicator-delegate-current-hovered@3x.png (100%)
 rename {single_QGalleryX-Standalone => deprecated/single_QGalleryX-Standalone}/bin/qml/QtQuick/Controls/FluentWinUI3/dark/images/pageindicatordelegate-indicator-delegate-current-pressed.png (100%)
 rename {single_QGalleryX-Standalone => deprecated/single_QGalleryX-Standalone}/bin/qml/QtQuick/Controls/FluentWinUI3/dark/images/pageindicatordelegate-indicator-delegate-current-pressed@2x.png (100%)
 rename {single_QGalleryX-Standalone => deprecated/single_QGalleryX-Standalone}/bin/qml/QtQuick/Controls/FluentWinUI3/dark/images/pageindicatordelegate-indicator-delegate-current-pressed@3x.png (100%)
 rename {single_QGalleryX-Standalone => deprecated/single_QGalleryX-Standalone}/bin/qml/QtQuick/Controls/FluentWinUI3/dark/images/pageindicatordelegate-indicator-delegate-current.png (100%)
 rename {single_QGalleryX-Standalone => deprecated/single_QGalleryX-Standalone}/bin/qml/QtQuick/Controls/FluentWinUI3/dark/images/pageindicatordelegate-indicator-delegate-current@2x.png (100%)
 rename {single_QGalleryX-Standalone => deprecated/single_QGalleryX-Standalone}/bin/qml/QtQuick/Controls/FluentWinUI3/dark/images/pageindicatordelegate-indicator-delegate-current@3x.png (100%)
 rename {single_QGalleryX-Standalone => deprecated/single_QGalleryX-Standalone}/bin/qml/QtQuick/Controls/FluentWinUI3/dark/images/pageindicatordelegate-indicator-delegate-pressed.png (100%)
 rename {single_QGalleryX-Standalone => deprecated/single_QGalleryX-Standalone}/bin/qml/QtQuick/Controls/FluentWinUI3/dark/images/pageindicatordelegate-indicator-delegate-pressed@2x.png (100%)
 rename {single_QGalleryX-Standalone => deprecated/single_QGalleryX-Standalone}/bin/qml/QtQuick/Controls/FluentWinUI3/dark/images/pageindicatordelegate-indicator-delegate-pressed@3x.png (100%)
 rename {single_QGalleryX-Standalone => deprecated/single_QGalleryX-Standalone}/bin/qml/QtQuick/Controls/FluentWinUI3/dark/images/pageindicatordelegate-indicator-disabled.png (100%)
 rename {single_QGalleryX-Standalone => deprecated/single_QGalleryX-Standalone}/bin/qml/QtQuick/Controls/FluentWinUI3/dark/images/pageindicatordelegate-indicator-disabled@2x.png (100%)
 rename {single_QGalleryX-Standalone => deprecated/single_QGalleryX-Standalone}/bin/qml/QtQuick/Controls/FluentWinUI3/dark/images/pageindicatordelegate-indicator-disabled@3x.png (100%)
 rename {single_QGalleryX-Standalone => deprecated/single_QGalleryX-Standalone}/bin/qml/QtQuick/Controls/FluentWinUI3/dark/images/pageindicatordelegate-indicator-hovered.png (100%)
 rename {single_QGalleryX-Standalone => deprecated/single_QGalleryX-Standalone}/bin/qml/QtQuick/Controls/FluentWinUI3/dark/images/pageindicatordelegate-indicator-hovered@2x.png (100%)
 rename {single_QGalleryX-Standalone => deprecated/single_QGalleryX-Standalone}/bin/qml/QtQuick/Controls/FluentWinUI3/dark/images/pageindicatordelegate-indicator-hovered@3x.png (100%)
 rename {single_QGalleryX-Standalone => deprecated/single_QGalleryX-Standalone}/bin/qml/QtQuick/Controls/FluentWinUI3/dark/images/pageindicatordelegate-indicator.png (100%)
 rename {single_QGalleryX-Standalone => deprecated/single_QGalleryX-Standalone}/bin/qml/QtQuick/Controls/FluentWinUI3/dark/images/pageindicatordelegate-indicator@2x.png (100%)
 rename {single_QGalleryX-Standalone => deprecated/single_QGalleryX-Standalone}/bin/qml/QtQuick/Controls/FluentWinUI3/dark/images/pageindicatordelegate-indicator@3x.png (100%)
 rename {single_QGalleryX-Standalone => deprecated/single_QGalleryX-Standalone}/bin/qml/QtQuick/Controls/FluentWinUI3/dark/images/popup-background.png (100%)
 rename {single_QGalleryX-Standalone => deprecated/single_QGalleryX-Standalone}/bin/qml/QtQuick/Controls/FluentWinUI3/dark/images/popup-background@2x.png (100%)
 rename {single_QGalleryX-Standalone => deprecated/single_QGalleryX-Standalone}/bin/qml/QtQuick/Controls/FluentWinUI3/dark/images/popup-background@3x.png (100%)
 rename {single_QGalleryX-Standalone => deprecated/single_QGalleryX-Standalone}/bin/qml/QtQuick/Controls/FluentWinUI3/dark/images/progressbar-groove-disabled.png (100%)
 rename {single_QGalleryX-Standalone => deprecated/single_QGalleryX-Standalone}/bin/qml/QtQuick/Controls/FluentWinUI3/dark/images/progressbar-groove-disabled@2x.png (100%)
 rename {single_QGalleryX-Standalone => deprecated/single_QGalleryX-Standalone}/bin/qml/QtQuick/Controls/FluentWinUI3/dark/images/progressbar-groove-disabled@3x.png (100%)
 rename {single_QGalleryX-Standalone => deprecated/single_QGalleryX-Standalone}/bin/qml/QtQuick/Controls/FluentWinUI3/dark/images/progressbar-groove.png (100%)
 rename {single_QGalleryX-Standalone => deprecated/single_QGalleryX-Standalone}/bin/qml/QtQuick/Controls/FluentWinUI3/dark/images/progressbar-groove@2x.png (100%)
 rename {single_QGalleryX-Standalone => deprecated/single_QGalleryX-Standalone}/bin/qml/QtQuick/Controls/FluentWinUI3/dark/images/progressbar-groove@3x.png (100%)
 rename {single_QGalleryX-Standalone => deprecated/single_QGalleryX-Standalone}/bin/qml/QtQuick/Controls/FluentWinUI3/dark/images/radiobutton-indicator-checked-disabled.png (100%)
 rename {single_QGalleryX-Standalone => deprecated/single_QGalleryX-Standalone}/bin/qml/QtQuick/Controls/FluentWinUI3/dark/images/radiobutton-indicator-checked-disabled@2x.png (100%)
 rename {single_QGalleryX-Standalone => deprecated/single_QGalleryX-Standalone}/bin/qml/QtQuick/Controls/FluentWinUI3/dark/images/radiobutton-indicator-checked-disabled@3x.png (100%)
 rename {single_QGalleryX-Standalone => deprecated/single_QGalleryX-Standalone}/bin/qml/QtQuick/Controls/FluentWinUI3/dark/images/radiobutton-indicator-checked-hovered.png (100%)
 rename {single_QGalleryX-Standalone => deprecated/single_QGalleryX-Standalone}/bin/qml/QtQuick/Controls/FluentWinUI3/dark/images/radiobutton-indicator-checked-hovered@2x.png (100%)
 rename {single_QGalleryX-Standalone => deprecated/single_QGalleryX-Standalone}/bin/qml/QtQuick/Controls/FluentWinUI3/dark/images/radiobutton-indicator-checked-hovered@3x.png (100%)
 rename {single_QGalleryX-Standalone => deprecated/single_QGalleryX-Standalone}/bin/qml/QtQuick/Controls/FluentWinUI3/dark/images/radiobutton-indicator-checked-pressed.png (100%)
 rename {single_QGalleryX-Standalone => deprecated/single_QGalleryX-Standalone}/bin/qml/QtQuick/Controls/FluentWinUI3/dark/images/radiobutton-indicator-checked-pressed@2x.png (100%)
 rename {single_QGalleryX-Standalone => deprecated/single_QGalleryX-Standalone}/bin/qml/QtQuick/Controls/FluentWinUI3/dark/images/radiobutton-indicator-checked-pressed@3x.png (100%)
 rename {single_QGalleryX-Standalone => deprecated/single_QGalleryX-Standalone}/bin/qml/QtQuick/Controls/FluentWinUI3/dark/images/radiobutton-indicator-checked.png (100%)
 rename {single_QGalleryX-Standalone => deprecated/single_QGalleryX-Standalone}/bin/qml/QtQuick/Controls/FluentWinUI3/dark/images/radiobutton-indicator-checked@2x.png (100%)
 rename {single_QGalleryX-Standalone => deprecated/single_QGalleryX-Standalone}/bin/qml/QtQuick/Controls/FluentWinUI3/dark/images/radiobutton-indicator-checked@3x.png (100%)
 rename {single_QGalleryX-Standalone => deprecated/single_QGalleryX-Standalone}/bin/qml/QtQuick/Controls/FluentWinUI3/dark/images/radiobutton-indicator-disabled.png (100%)
 rename {single_QGalleryX-Standalone => deprecated/single_QGalleryX-Standalone}/bin/qml/QtQuick/Controls/FluentWinUI3/dark/images/radiobutton-indicator-disabled@2x.png (100%)
 rename {single_QGalleryX-Standalone => deprecated/single_QGalleryX-Standalone}/bin/qml/QtQuick/Controls/FluentWinUI3/dark/images/radiobutton-indicator-disabled@3x.png (100%)
 rename {single_QGalleryX-Standalone => deprecated/single_QGalleryX-Standalone}/bin/qml/QtQuick/Controls/FluentWinUI3/dark/images/radiobutton-indicator-hovered.png (100%)
 rename {single_QGalleryX-Standalone => deprecated/single_QGalleryX-Standalone}/bin/qml/QtQuick/Controls/FluentWinUI3/dark/images/radiobutton-indicator-hovered@2x.png (100%)
 rename {single_QGalleryX-Standalone => deprecated/single_QGalleryX-Standalone}/bin/qml/QtQuick/Controls/FluentWinUI3/dark/images/radiobutton-indicator-hovered@3x.png (100%)
 rename {single_QGalleryX-Standalone => deprecated/single_QGalleryX-Standalone}/bin/qml/QtQuick/Controls/FluentWinUI3/dark/images/radiobutton-indicator-pressed.png (100%)
 rename {single_QGalleryX-Standalone => deprecated/single_QGalleryX-Standalone}/bin/qml/QtQuick/Controls/FluentWinUI3/dark/images/radiobutton-indicator-pressed@2x.png (100%)
 rename {single_QGalleryX-Standalone => deprecated/single_QGalleryX-Standalone}/bin/qml/QtQuick/Controls/FluentWinUI3/dark/images/radiobutton-indicator-pressed@3x.png (100%)
 rename {single_QGalleryX-Standalone => deprecated/single_QGalleryX-Standalone}/bin/qml/QtQuick/Controls/FluentWinUI3/dark/images/radiobutton-indicator.png (100%)
 rename {single_QGalleryX-Standalone => deprecated/single_QGalleryX-Standalone}/bin/qml/QtQuick/Controls/FluentWinUI3/dark/images/radiobutton-indicator@2x.png (100%)
 rename {single_QGalleryX-Standalone => deprecated/single_QGalleryX-Standalone}/bin/qml/QtQuick/Controls/FluentWinUI3/dark/images/radiobutton-indicator@3x.png (100%)
 rename {single_QGalleryX-Standalone => deprecated/single_QGalleryX-Standalone}/bin/qml/QtQuick/Controls/FluentWinUI3/dark/images/rangeslider-first-handle-disabled.png (100%)
 rename {single_QGalleryX-Standalone => deprecated/single_QGalleryX-Standalone}/bin/qml/QtQuick/Controls/FluentWinUI3/dark/images/rangeslider-first-handle-disabled@2x.png (100%)
 rename {single_QGalleryX-Standalone => deprecated/single_QGalleryX-Standalone}/bin/qml/QtQuick/Controls/FluentWinUI3/dark/images/rangeslider-first-handle-disabled@3x.png (100%)
 rename {single_QGalleryX-Standalone => deprecated/single_QGalleryX-Standalone}/bin/qml/QtQuick/Controls/FluentWinUI3/dark/images/rangeslider-first-handle-handle-pressed.png (100%)
 rename {single_QGalleryX-Standalone => deprecated/single_QGalleryX-Standalone}/bin/qml/QtQuick/Controls/FluentWinUI3/dark/images/rangeslider-first-handle-handle-pressed@2x.png (100%)
 rename {single_QGalleryX-Standalone => deprecated/single_QGalleryX-Standalone}/bin/qml/QtQuick/Controls/FluentWinUI3/dark/images/rangeslider-first-handle-handle-pressed@3x.png (100%)
 rename {single_QGalleryX-Standalone => deprecated/single_QGalleryX-Standalone}/bin/qml/QtQuick/Controls/FluentWinUI3/dark/images/rangeslider-first-handle-hovered.png (100%)
 rename {single_QGalleryX-Standalone => deprecated/single_QGalleryX-Standalone}/bin/qml/QtQuick/Controls/FluentWinUI3/dark/images/rangeslider-first-handle-hovered@2x.png (100%)
 rename {single_QGalleryX-Standalone => deprecated/single_QGalleryX-Standalone}/bin/qml/QtQuick/Controls/FluentWinUI3/dark/images/rangeslider-first-handle-hovered@3x.png (100%)
 rename {single_QGalleryX-Standalone => deprecated/single_QGalleryX-Standalone}/bin/qml/QtQuick/Controls/FluentWinUI3/dark/images/rangeslider-first-handle.png (100%)
 rename {single_QGalleryX-Standalone => deprecated/single_QGalleryX-Standalone}/bin/qml/QtQuick/Controls/FluentWinUI3/dark/images/rangeslider-first-handle@2x.png (100%)
 rename {single_QGalleryX-Standalone => deprecated/single_QGalleryX-Standalone}/bin/qml/QtQuick/Controls/FluentWinUI3/dark/images/rangeslider-first-handle@3x.png (100%)
 rename {single_QGalleryX-Standalone => deprecated/single_QGalleryX-Standalone}/bin/qml/QtQuick/Controls/FluentWinUI3/dark/images/rangeslider-groove-disabled.png (100%)
 rename {single_QGalleryX-Standalone => deprecated/single_QGalleryX-Standalone}/bin/qml/QtQuick/Controls/FluentWinUI3/dark/images/rangeslider-groove-disabled@2x.png (100%)
 rename {single_QGalleryX-Standalone => deprecated/single_QGalleryX-Standalone}/bin/qml/QtQuick/Controls/FluentWinUI3/dark/images/rangeslider-groove-disabled@3x.png (100%)
 rename {single_QGalleryX-Standalone => deprecated/single_QGalleryX-Standalone}/bin/qml/QtQuick/Controls/FluentWinUI3/dark/images/rangeslider-groove-handle-pressed.png (100%)
 rename {single_QGalleryX-Standalone => deprecated/single_QGalleryX-Standalone}/bin/qml/QtQuick/Controls/FluentWinUI3/dark/images/rangeslider-groove-handle-pressed@2x.png (100%)
 rename {single_QGalleryX-Standalone => deprecated/single_QGalleryX-Standalone}/bin/qml/QtQuick/Controls/FluentWinUI3/dark/images/rangeslider-groove-handle-pressed@3x.png (100%)
 rename {single_QGalleryX-Standalone => deprecated/single_QGalleryX-Standalone}/bin/qml/QtQuick/Controls/FluentWinUI3/dark/images/rangeslider-groove-hovered.png (100%)
 rename {single_QGalleryX-Standalone => deprecated/single_QGalleryX-Standalone}/bin/qml/QtQuick/Controls/FluentWinUI3/dark/images/rangeslider-groove-hovered@2x.png (100%)
 rename {single_QGalleryX-Standalone => deprecated/single_QGalleryX-Standalone}/bin/qml/QtQuick/Controls/FluentWinUI3/dark/images/rangeslider-groove-hovered@3x.png (100%)
 rename {single_QGalleryX-Standalone => deprecated/single_QGalleryX-Standalone}/bin/qml/QtQuick/Controls/FluentWinUI3/dark/images/rangeslider-groove.png (100%)
 rename {single_QGalleryX-Standalone => deprecated/single_QGalleryX-Standalone}/bin/qml/QtQuick/Controls/FluentWinUI3/dark/images/rangeslider-groove@2x.png (100%)
 rename {single_QGalleryX-Standalone => deprecated/single_QGalleryX-Standalone}/bin/qml/QtQuick/Controls/FluentWinUI3/dark/images/rangeslider-groove@3x.png (100%)
 rename {single_QGalleryX-Standalone => deprecated/single_QGalleryX-Standalone}/bin/qml/QtQuick/Controls/FluentWinUI3/dark/images/rangeslider-second-handle-disabled.png (100%)
 rename {single_QGalleryX-Standalone => deprecated/single_QGalleryX-Standalone}/bin/qml/QtQuick/Controls/FluentWinUI3/dark/images/rangeslider-second-handle-disabled@2x.png (100%)
 rename {single_QGalleryX-Standalone => deprecated/single_QGalleryX-Standalone}/bin/qml/QtQuick/Controls/FluentWinUI3/dark/images/rangeslider-second-handle-disabled@3x.png (100%)
 rename {single_QGalleryX-Standalone => deprecated/single_QGalleryX-Standalone}/bin/qml/QtQuick/Controls/FluentWinUI3/dark/images/rangeslider-second-handle-handle-pressed.png (100%)
 rename {single_QGalleryX-Standalone => deprecated/single_QGalleryX-Standalone}/bin/qml/QtQuick/Controls/FluentWinUI3/dark/images/rangeslider-second-handle-handle-pressed@2x.png (100%)
 rename {single_QGalleryX-Standalone => deprecated/single_QGalleryX-Standalone}/bin/qml/QtQuick/Controls/FluentWinUI3/dark/images/rangeslider-second-handle-handle-pressed@3x.png (100%)
 rename {single_QGalleryX-Standalone => deprecated/single_QGalleryX-Standalone}/bin/qml/QtQuick/Controls/FluentWinUI3/dark/images/rangeslider-second-handle-hovered.png (100%)
 rename {single_QGalleryX-Standalone => deprecated/single_QGalleryX-Standalone}/bin/qml/QtQuick/Controls/FluentWinUI3/dark/images/rangeslider-second-handle-hovered@2x.png (100%)
 rename {single_QGalleryX-Standalone => deprecated/single_QGalleryX-Standalone}/bin/qml/QtQuick/Controls/FluentWinUI3/dark/images/rangeslider-second-handle-hovered@3x.png (100%)
 rename {single_QGalleryX-Standalone => deprecated/single_QGalleryX-Standalone}/bin/qml/QtQuick/Controls/FluentWinUI3/dark/images/rangeslider-second-handle.png (100%)
 rename {single_QGalleryX-Standalone => deprecated/single_QGalleryX-Standalone}/bin/qml/QtQuick/Controls/FluentWinUI3/dark/images/rangeslider-second-handle@2x.png (100%)
 rename {single_QGalleryX-Standalone => deprecated/single_QGalleryX-Standalone}/bin/qml/QtQuick/Controls/FluentWinUI3/dark/images/rangeslider-second-handle@3x.png (100%)
 rename {single_QGalleryX-Standalone => deprecated/single_QGalleryX-Standalone}/bin/qml/QtQuick/Controls/FluentWinUI3/dark/images/slider-groove-disabled.png (100%)
 rename {single_QGalleryX-Standalone => deprecated/single_QGalleryX-Standalone}/bin/qml/QtQuick/Controls/FluentWinUI3/dark/images/slider-groove-disabled@2x.png (100%)
 rename {single_QGalleryX-Standalone => deprecated/single_QGalleryX-Standalone}/bin/qml/QtQuick/Controls/FluentWinUI3/dark/images/slider-groove-disabled@3x.png (100%)
 rename {single_QGalleryX-Standalone => deprecated/single_QGalleryX-Standalone}/bin/qml/QtQuick/Controls/FluentWinUI3/dark/images/slider-groove-hovered.png (100%)
 rename {single_QGalleryX-Standalone => deprecated/single_QGalleryX-Standalone}/bin/qml/QtQuick/Controls/FluentWinUI3/dark/images/slider-groove-hovered@2x.png (100%)
 rename {single_QGalleryX-Standalone => deprecated/single_QGalleryX-Standalone}/bin/qml/QtQuick/Controls/FluentWinUI3/dark/images/slider-groove-hovered@3x.png (100%)
 rename {single_QGalleryX-Standalone => deprecated/single_QGalleryX-Standalone}/bin/qml/QtQuick/Controls/FluentWinUI3/dark/images/slider-groove-pressed.png (100%)
 rename {single_QGalleryX-Standalone => deprecated/single_QGalleryX-Standalone}/bin/qml/QtQuick/Controls/FluentWinUI3/dark/images/slider-groove-pressed@2x.png (100%)
 rename {single_QGalleryX-Standalone => deprecated/single_QGalleryX-Standalone}/bin/qml/QtQuick/Controls/FluentWinUI3/dark/images/slider-groove-pressed@3x.png (100%)
 rename {single_QGalleryX-Standalone => deprecated/single_QGalleryX-Standalone}/bin/qml/QtQuick/Controls/FluentWinUI3/dark/images/slider-groove.png (100%)
 rename {single_QGalleryX-Standalone => deprecated/single_QGalleryX-Standalone}/bin/qml/QtQuick/Controls/FluentWinUI3/dark/images/slider-groove@2x.png (100%)
 rename {single_QGalleryX-Standalone => deprecated/single_QGalleryX-Standalone}/bin/qml/QtQuick/Controls/FluentWinUI3/dark/images/slider-groove@3x.png (100%)
 rename {single_QGalleryX-Standalone => deprecated/single_QGalleryX-Standalone}/bin/qml/QtQuick/Controls/FluentWinUI3/dark/images/slider-handle-disabled.png (100%)
 rename {single_QGalleryX-Standalone => deprecated/single_QGalleryX-Standalone}/bin/qml/QtQuick/Controls/FluentWinUI3/dark/images/slider-handle-disabled@2x.png (100%)
 rename {single_QGalleryX-Standalone => deprecated/single_QGalleryX-Standalone}/bin/qml/QtQuick/Controls/FluentWinUI3/dark/images/slider-handle-disabled@3x.png (100%)
 rename {single_QGalleryX-Standalone => deprecated/single_QGalleryX-Standalone}/bin/qml/QtQuick/Controls/FluentWinUI3/dark/images/slider-handle-hovered.png (100%)
 rename {single_QGalleryX-Standalone => deprecated/single_QGalleryX-Standalone}/bin/qml/QtQuick/Controls/FluentWinUI3/dark/images/slider-handle-hovered@2x.png (100%)
 rename {single_QGalleryX-Standalone => deprecated/single_QGalleryX-Standalone}/bin/qml/QtQuick/Controls/FluentWinUI3/dark/images/slider-handle-hovered@3x.png (100%)
 rename {single_QGalleryX-Standalone => deprecated/single_QGalleryX-Standalone}/bin/qml/QtQuick/Controls/FluentWinUI3/dark/images/slider-handle-pressed.png (100%)
 rename {single_QGalleryX-Standalone => deprecated/single_QGalleryX-Standalone}/bin/qml/QtQuick/Controls/FluentWinUI3/dark/images/slider-handle-pressed@2x.png (100%)
 rename {single_QGalleryX-Standalone => deprecated/single_QGalleryX-Standalone}/bin/qml/QtQuick/Controls/FluentWinUI3/dark/images/slider-handle-pressed@3x.png (100%)
 rename {single_QGalleryX-Standalone => deprecated/single_QGalleryX-Standalone}/bin/qml/QtQuick/Controls/FluentWinUI3/dark/images/slider-handle.png (100%)
 rename {single_QGalleryX-Standalone => deprecated/single_QGalleryX-Standalone}/bin/qml/QtQuick/Controls/FluentWinUI3/dark/images/slider-handle@2x.png (100%)
 rename {single_QGalleryX-Standalone => deprecated/single_QGalleryX-Standalone}/bin/qml/QtQuick/Controls/FluentWinUI3/dark/images/slider-handle@3x.png (100%)
 rename {single_QGalleryX-Standalone => deprecated/single_QGalleryX-Standalone}/bin/qml/QtQuick/Controls/FluentWinUI3/dark/images/spinbox-background-atlimit.png (100%)
 rename {single_QGalleryX-Standalone => deprecated/single_QGalleryX-Standalone}/bin/qml/QtQuick/Controls/FluentWinUI3/dark/images/spinbox-background-atlimit@2x.png (100%)
 rename {single_QGalleryX-Standalone => deprecated/single_QGalleryX-Standalone}/bin/qml/QtQuick/Controls/FluentWinUI3/dark/images/spinbox-background-atlimit@3x.png (100%)
 rename {single_QGalleryX-Standalone => deprecated/single_QGalleryX-Standalone}/bin/qml/QtQuick/Controls/FluentWinUI3/dark/images/spinbox-background-disabled.png (100%)
 rename {single_QGalleryX-Standalone => deprecated/single_QGalleryX-Standalone}/bin/qml/QtQuick/Controls/FluentWinUI3/dark/images/spinbox-background-disabled@2x.png (100%)
 rename {single_QGalleryX-Standalone => deprecated/single_QGalleryX-Standalone}/bin/qml/QtQuick/Controls/FluentWinUI3/dark/images/spinbox-background-disabled@3x.png (100%)
 rename {single_QGalleryX-Standalone => deprecated/single_QGalleryX-Standalone}/bin/qml/QtQuick/Controls/FluentWinUI3/dark/images/spinbox-background-down-hovered.png (100%)
 rename {single_QGalleryX-Standalone => deprecated/single_QGalleryX-Standalone}/bin/qml/QtQuick/Controls/FluentWinUI3/dark/images/spinbox-background-down-hovered@2x.png (100%)
 rename {single_QGalleryX-Standalone => deprecated/single_QGalleryX-Standalone}/bin/qml/QtQuick/Controls/FluentWinUI3/dark/images/spinbox-background-down-hovered@3x.png (100%)
 rename {single_QGalleryX-Standalone => deprecated/single_QGalleryX-Standalone}/bin/qml/QtQuick/Controls/FluentWinUI3/dark/images/spinbox-background-down-pressed.png (100%)
 rename {single_QGalleryX-Standalone => deprecated/single_QGalleryX-Standalone}/bin/qml/QtQuick/Controls/FluentWinUI3/dark/images/spinbox-background-down-pressed@2x.png (100%)
 rename {single_QGalleryX-Standalone => deprecated/single_QGalleryX-Standalone}/bin/qml/QtQuick/Controls/FluentWinUI3/dark/images/spinbox-background-down-pressed@3x.png (100%)
 rename {single_QGalleryX-Standalone => deprecated/single_QGalleryX-Standalone}/bin/qml/QtQuick/Controls/FluentWinUI3/dark/images/spinbox-background-hovered.png (100%)
 rename {single_QGalleryX-Standalone => deprecated/single_QGalleryX-Standalone}/bin/qml/QtQuick/Controls/FluentWinUI3/dark/images/spinbox-background-hovered@2x.png (100%)
 rename {single_QGalleryX-Standalone => deprecated/single_QGalleryX-Standalone}/bin/qml/QtQuick/Controls/FluentWinUI3/dark/images/spinbox-background-hovered@3x.png (100%)
 rename {single_QGalleryX-Standalone => deprecated/single_QGalleryX-Standalone}/bin/qml/QtQuick/Controls/FluentWinUI3/dark/images/spinbox-background-up-hovered.png (100%)
 rename {single_QGalleryX-Standalone => deprecated/single_QGalleryX-Standalone}/bin/qml/QtQuick/Controls/FluentWinUI3/dark/images/spinbox-background-up-hovered@2x.png (100%)
 rename {single_QGalleryX-Standalone => deprecated/single_QGalleryX-Standalone}/bin/qml/QtQuick/Controls/FluentWinUI3/dark/images/spinbox-background-up-hovered@3x.png (100%)
 rename {single_QGalleryX-Standalone => deprecated/single_QGalleryX-Standalone}/bin/qml/QtQuick/Controls/FluentWinUI3/dark/images/spinbox-background-up-pressed.png (100%)
 rename {single_QGalleryX-Standalone => deprecated/single_QGalleryX-Standalone}/bin/qml/QtQuick/Controls/FluentWinUI3/dark/images/spinbox-background-up-pressed@2x.png (100%)
 rename {single_QGalleryX-Standalone => deprecated/single_QGalleryX-Standalone}/bin/qml/QtQuick/Controls/FluentWinUI3/dark/images/spinbox-background-up-pressed@3x.png (100%)
 rename {single_QGalleryX-Standalone => deprecated/single_QGalleryX-Standalone}/bin/qml/QtQuick/Controls/FluentWinUI3/dark/images/spinbox-background.png (100%)
 rename {single_QGalleryX-Standalone => deprecated/single_QGalleryX-Standalone}/bin/qml/QtQuick/Controls/FluentWinUI3/dark/images/spinbox-background@2x.png (100%)
 rename {single_QGalleryX-Standalone => deprecated/single_QGalleryX-Standalone}/bin/qml/QtQuick/Controls/FluentWinUI3/dark/images/spinbox-background@3x.png (100%)
 rename {single_QGalleryX-Standalone => deprecated/single_QGalleryX-Standalone}/bin/qml/QtQuick/Controls/FluentWinUI3/dark/images/spinbox-indicator-down-background-atlimit.png (100%)
 rename {single_QGalleryX-Standalone => deprecated/single_QGalleryX-Standalone}/bin/qml/QtQuick/Controls/FluentWinUI3/dark/images/spinbox-indicator-down-background-atlimit@2x.png (100%)
 rename {single_QGalleryX-Standalone => deprecated/single_QGalleryX-Standalone}/bin/qml/QtQuick/Controls/FluentWinUI3/dark/images/spinbox-indicator-down-background-atlimit@3x.png (100%)
 rename {single_QGalleryX-Standalone => deprecated/single_QGalleryX-Standalone}/bin/qml/QtQuick/Controls/FluentWinUI3/dark/images/spinbox-indicator-down-background-disabled.png (100%)
 rename {single_QGalleryX-Standalone => deprecated/single_QGalleryX-Standalone}/bin/qml/QtQuick/Controls/FluentWinUI3/dark/images/spinbox-indicator-down-background-disabled@2x.png (100%)
 rename {single_QGalleryX-Standalone => deprecated/single_QGalleryX-Standalone}/bin/qml/QtQuick/Controls/FluentWinUI3/dark/images/spinbox-indicator-down-background-disabled@3x.png (100%)
 rename {single_QGalleryX-Standalone => deprecated/single_QGalleryX-Standalone}/bin/qml/QtQuick/Controls/FluentWinUI3/dark/images/spinbox-indicator-down-background-down-hovered.png (100%)
 rename {single_QGalleryX-Standalone => deprecated/single_QGalleryX-Standalone}/bin/qml/QtQuick/Controls/FluentWinUI3/dark/images/spinbox-indicator-down-background-down-hovered@2x.png (100%)
 rename {single_QGalleryX-Standalone => deprecated/single_QGalleryX-Standalone}/bin/qml/QtQuick/Controls/FluentWinUI3/dark/images/spinbox-indicator-down-background-down-hovered@3x.png (100%)
 rename {single_QGalleryX-Standalone => deprecated/single_QGalleryX-Standalone}/bin/qml/QtQuick/Controls/FluentWinUI3/dark/images/spinbox-indicator-down-background-down-pressed.png (100%)
 rename {single_QGalleryX-Standalone => deprecated/single_QGalleryX-Standalone}/bin/qml/QtQuick/Controls/FluentWinUI3/dark/images/spinbox-indicator-down-background-down-pressed@2x.png (100%)
 rename {single_QGalleryX-Standalone => deprecated/single_QGalleryX-Standalone}/bin/qml/QtQuick/Controls/FluentWinUI3/dark/images/spinbox-indicator-down-background-down-pressed@3x.png (100%)
 rename {single_QGalleryX-Standalone => deprecated/single_QGalleryX-Standalone}/bin/qml/QtQuick/Controls/FluentWinUI3/dark/images/spinbox-indicator-down-background-hovered.png (100%)
 rename {single_QGalleryX-Standalone => deprecated/single_QGalleryX-Standalone}/bin/qml/QtQuick/Controls/FluentWinUI3/dark/images/spinbox-indicator-down-background-hovered@2x.png (100%)
 rename {single_QGalleryX-Standalone => deprecated/single_QGalleryX-Standalone}/bin/qml/QtQuick/Controls/FluentWinUI3/dark/images/spinbox-indicator-down-background-hovered@3x.png (100%)
 rename {single_QGalleryX-Standalone => deprecated/single_QGalleryX-Standalone}/bin/qml/QtQuick/Controls/FluentWinUI3/dark/images/spinbox-indicator-down-background-up-hovered.png (100%)
 rename {single_QGalleryX-Standalone => deprecated/single_QGalleryX-Standalone}/bin/qml/QtQuick/Controls/FluentWinUI3/dark/images/spinbox-indicator-down-background-up-hovered@2x.png (100%)
 rename {single_QGalleryX-Standalone => deprecated/single_QGalleryX-Standalone}/bin/qml/QtQuick/Controls/FluentWinUI3/dark/images/spinbox-indicator-down-background-up-hovered@3x.png (100%)
 rename {single_QGalleryX-Standalone => deprecated/single_QGalleryX-Standalone}/bin/qml/QtQuick/Controls/FluentWinUI3/dark/images/spinbox-indicator-down-background-up-pressed.png (100%)
 rename {single_QGalleryX-Standalone => deprecated/single_QGalleryX-Standalone}/bin/qml/QtQuick/Controls/FluentWinUI3/dark/images/spinbox-indicator-down-background-up-pressed@2x.png (100%)
 rename {single_QGalleryX-Standalone => deprecated/single_QGalleryX-Standalone}/bin/qml/QtQuick/Controls/FluentWinUI3/dark/images/spinbox-indicator-down-background-up-pressed@3x.png (100%)
 rename {single_QGalleryX-Standalone => deprecated/single_QGalleryX-Standalone}/bin/qml/QtQuick/Controls/FluentWinUI3/dark/images/spinbox-indicator-down-background.png (100%)
 rename {single_QGalleryX-Standalone => deprecated/single_QGalleryX-Standalone}/bin/qml/QtQuick/Controls/FluentWinUI3/dark/images/spinbox-indicator-down-background@2x.png (100%)
 rename {single_QGalleryX-Standalone => deprecated/single_QGalleryX-Standalone}/bin/qml/QtQuick/Controls/FluentWinUI3/dark/images/spinbox-indicator-down-background@3x.png (100%)
 rename {single_QGalleryX-Standalone => deprecated/single_QGalleryX-Standalone}/bin/qml/QtQuick/Controls/FluentWinUI3/dark/images/spinbox-indicator-down-icon-atlimit.png (100%)
 rename {single_QGalleryX-Standalone => deprecated/single_QGalleryX-Standalone}/bin/qml/QtQuick/Controls/FluentWinUI3/dark/images/spinbox-indicator-down-icon-atlimit@2x.png (100%)
 rename {single_QGalleryX-Standalone => deprecated/single_QGalleryX-Standalone}/bin/qml/QtQuick/Controls/FluentWinUI3/dark/images/spinbox-indicator-down-icon-atlimit@3x.png (100%)
 rename {single_QGalleryX-Standalone => deprecated/single_QGalleryX-Standalone}/bin/qml/QtQuick/Controls/FluentWinUI3/dark/images/spinbox-indicator-down-icon-disabled.png (100%)
 rename {single_QGalleryX-Standalone => deprecated/single_QGalleryX-Standalone}/bin/qml/QtQuick/Controls/FluentWinUI3/dark/images/spinbox-indicator-down-icon-disabled@2x.png (100%)
 rename {single_QGalleryX-Standalone => deprecated/single_QGalleryX-Standalone}/bin/qml/QtQuick/Controls/FluentWinUI3/dark/images/spinbox-indicator-down-icon-disabled@3x.png (100%)
 rename {single_QGalleryX-Standalone => deprecated/single_QGalleryX-Standalone}/bin/qml/QtQuick/Controls/FluentWinUI3/dark/images/spinbox-indicator-down-icon-down-hovered.png (100%)
 rename {single_QGalleryX-Standalone => deprecated/single_QGalleryX-Standalone}/bin/qml/QtQuick/Controls/FluentWinUI3/dark/images/spinbox-indicator-down-icon-down-hovered@2x.png (100%)
 rename {single_QGalleryX-Standalone => deprecated/single_QGalleryX-Standalone}/bin/qml/QtQuick/Controls/FluentWinUI3/dark/images/spinbox-indicator-down-icon-down-hovered@3x.png (100%)
 rename {single_QGalleryX-Standalone => deprecated/single_QGalleryX-Standalone}/bin/qml/QtQuick/Controls/FluentWinUI3/dark/images/spinbox-indicator-down-icon-down-pressed.png (100%)
 rename {single_QGalleryX-Standalone => deprecated/single_QGalleryX-Standalone}/bin/qml/QtQuick/Controls/FluentWinUI3/dark/images/spinbox-indicator-down-icon-down-pressed@2x.png (100%)
 rename {single_QGalleryX-Standalone => deprecated/single_QGalleryX-Standalone}/bin/qml/QtQuick/Controls/FluentWinUI3/dark/images/spinbox-indicator-down-icon-down-pressed@3x.png (100%)
 rename {single_QGalleryX-Standalone => deprecated/single_QGalleryX-Standalone}/bin/qml/QtQuick/Controls/FluentWinUI3/dark/images/spinbox-indicator-down-icon-hovered.png (100%)
 rename {single_QGalleryX-Standalone => deprecated/single_QGalleryX-Standalone}/bin/qml/QtQuick/Controls/FluentWinUI3/dark/images/spinbox-indicator-down-icon-hovered@2x.png (100%)
 rename {single_QGalleryX-Standalone => deprecated/single_QGalleryX-Standalone}/bin/qml/QtQuick/Controls/FluentWinUI3/dark/images/spinbox-indicator-down-icon-hovered@3x.png (100%)
 rename {single_QGalleryX-Standalone => deprecated/single_QGalleryX-Standalone}/bin/qml/QtQuick/Controls/FluentWinUI3/dark/images/spinbox-indicator-down-icon-up-hovered.png (100%)
 rename {single_QGalleryX-Standalone => deprecated/single_QGalleryX-Standalone}/bin/qml/QtQuick/Controls/FluentWinUI3/dark/images/spinbox-indicator-down-icon-up-hovered@2x.png (100%)
 rename {single_QGalleryX-Standalone => deprecated/single_QGalleryX-Standalone}/bin/qml/QtQuick/Controls/FluentWinUI3/dark/images/spinbox-indicator-down-icon-up-hovered@3x.png (100%)
 rename {single_QGalleryX-Standalone => deprecated/single_QGalleryX-Standalone}/bin/qml/QtQuick/Controls/FluentWinUI3/dark/images/spinbox-indicator-down-icon-up-pressed.png (100%)
 rename {single_QGalleryX-Standalone => deprecated/single_QGalleryX-Standalone}/bin/qml/QtQuick/Controls/FluentWinUI3/dark/images/spinbox-indicator-down-icon-up-pressed@2x.png (100%)
 rename {single_QGalleryX-Standalone => deprecated/single_QGalleryX-Standalone}/bin/qml/QtQuick/Controls/FluentWinUI3/dark/images/spinbox-indicator-down-icon-up-pressed@3x.png (100%)
 rename {single_QGalleryX-Standalone => deprecated/single_QGalleryX-Standalone}/bin/qml/QtQuick/Controls/FluentWinUI3/dark/images/spinbox-indicator-down-icon.png (100%)
 rename {single_QGalleryX-Standalone => deprecated/single_QGalleryX-Standalone}/bin/qml/QtQuick/Controls/FluentWinUI3/dark/images/spinbox-indicator-down-icon@2x.png (100%)
 rename {single_QGalleryX-Standalone => deprecated/single_QGalleryX-Standalone}/bin/qml/QtQuick/Controls/FluentWinUI3/dark/images/spinbox-indicator-down-icon@3x.png (100%)
 rename {single_QGalleryX-Standalone => deprecated/single_QGalleryX-Standalone}/bin/qml/QtQuick/Controls/FluentWinUI3/dark/images/spinbox-indicator-up-background-atlimit.png (100%)
 rename {single_QGalleryX-Standalone => deprecated/single_QGalleryX-Standalone}/bin/qml/QtQuick/Controls/FluentWinUI3/dark/images/spinbox-indicator-up-background-atlimit@2x.png (100%)
 rename {single_QGalleryX-Standalone => deprecated/single_QGalleryX-Standalone}/bin/qml/QtQuick/Controls/FluentWinUI3/dark/images/spinbox-indicator-up-background-atlimit@3x.png (100%)
 rename {single_QGalleryX-Standalone => deprecated/single_QGalleryX-Standalone}/bin/qml/QtQuick/Controls/FluentWinUI3/dark/images/spinbox-indicator-up-background-disabled.png (100%)
 rename {single_QGalleryX-Standalone => deprecated/single_QGalleryX-Standalone}/bin/qml/QtQuick/Controls/FluentWinUI3/dark/images/spinbox-indicator-up-background-disabled@2x.png (100%)
 rename {single_QGalleryX-Standalone => deprecated/single_QGalleryX-Standalone}/bin/qml/QtQuick/Controls/FluentWinUI3/dark/images/spinbox-indicator-up-background-disabled@3x.png (100%)
 rename {single_QGalleryX-Standalone => deprecated/single_QGalleryX-Standalone}/bin/qml/QtQuick/Controls/FluentWinUI3/dark/images/spinbox-indicator-up-background-down-hovered.png (100%)
 rename {single_QGalleryX-Standalone => deprecated/single_QGalleryX-Standalone}/bin/qml/QtQuick/Controls/FluentWinUI3/dark/images/spinbox-indicator-up-background-down-hovered@2x.png (100%)
 rename {single_QGalleryX-Standalone => deprecated/single_QGalleryX-Standalone}/bin/qml/QtQuick/Controls/FluentWinUI3/dark/images/spinbox-indicator-up-background-down-hovered@3x.png (100%)
 rename {single_QGalleryX-Standalone => deprecated/single_QGalleryX-Standalone}/bin/qml/QtQuick/Controls/FluentWinUI3/dark/images/spinbox-indicator-up-background-down-pressed.png (100%)
 rename {single_QGalleryX-Standalone => deprecated/single_QGalleryX-Standalone}/bin/qml/QtQuick/Controls/FluentWinUI3/dark/images/spinbox-indicator-up-background-down-pressed@2x.png (100%)
 rename {single_QGalleryX-Standalone => deprecated/single_QGalleryX-Standalone}/bin/qml/QtQuick/Controls/FluentWinUI3/dark/images/spinbox-indicator-up-background-down-pressed@3x.png (100%)
 rename {single_QGalleryX-Standalone => deprecated/single_QGalleryX-Standalone}/bin/qml/QtQuick/Controls/FluentWinUI3/dark/images/spinbox-indicator-up-background-hovered.png (100%)
 rename {single_QGalleryX-Standalone => deprecated/single_QGalleryX-Standalone}/bin/qml/QtQuick/Controls/FluentWinUI3/dark/images/spinbox-indicator-up-background-hovered@2x.png (100%)
 rename {single_QGalleryX-Standalone => deprecated/single_QGalleryX-Standalone}/bin/qml/QtQuick/Controls/FluentWinUI3/dark/images/spinbox-indicator-up-background-hovered@3x.png (100%)
 rename {single_QGalleryX-Standalone => deprecated/single_QGalleryX-Standalone}/bin/qml/QtQuick/Controls/FluentWinUI3/dark/images/spinbox-indicator-up-background-up-hovered.png (100%)
 rename {single_QGalleryX-Standalone => deprecated/single_QGalleryX-Standalone}/bin/qml/QtQuick/Controls/FluentWinUI3/dark/images/spinbox-indicator-up-background-up-hovered@2x.png (100%)
 rename {single_QGalleryX-Standalone => deprecated/single_QGalleryX-Standalone}/bin/qml/QtQuick/Controls/FluentWinUI3/dark/images/spinbox-indicator-up-background-up-hovered@3x.png (100%)
 rename {single_QGalleryX-Standalone => deprecated/single_QGalleryX-Standalone}/bin/qml/QtQuick/Controls/FluentWinUI3/dark/images/spinbox-indicator-up-background-up-pressed.png (100%)
 rename {single_QGalleryX-Standalone => deprecated/single_QGalleryX-Standalone}/bin/qml/QtQuick/Controls/FluentWinUI3/dark/images/spinbox-indicator-up-background-up-pressed@2x.png (100%)
 rename {single_QGalleryX-Standalone => deprecated/single_QGalleryX-Standalone}/bin/qml/QtQuick/Controls/FluentWinUI3/dark/images/spinbox-indicator-up-background-up-pressed@3x.png (100%)
 rename {single_QGalleryX-Standalone => deprecated/single_QGalleryX-Standalone}/bin/qml/QtQuick/Controls/FluentWinUI3/dark/images/spinbox-indicator-up-background.png (100%)
 rename {single_QGalleryX-Standalone => deprecated/single_QGalleryX-Standalone}/bin/qml/QtQuick/Controls/FluentWinUI3/dark/images/spinbox-indicator-up-background@2x.png (100%)
 rename {single_QGalleryX-Standalone => deprecated/single_QGalleryX-Standalone}/bin/qml/QtQuick/Controls/FluentWinUI3/dark/images/spinbox-indicator-up-background@3x.png (100%)
 rename {single_QGalleryX-Standalone => deprecated/single_QGalleryX-Standalone}/bin/qml/QtQuick/Controls/FluentWinUI3/dark/images/spinbox-indicator-up-icon-atlimit.png (100%)
 rename {single_QGalleryX-Standalone => deprecated/single_QGalleryX-Standalone}/bin/qml/QtQuick/Controls/FluentWinUI3/dark/images/spinbox-indicator-up-icon-atlimit@2x.png (100%)
 rename {single_QGalleryX-Standalone => deprecated/single_QGalleryX-Standalone}/bin/qml/QtQuick/Controls/FluentWinUI3/dark/images/spinbox-indicator-up-icon-atlimit@3x.png (100%)
 rename {single_QGalleryX-Standalone => deprecated/single_QGalleryX-Standalone}/bin/qml/QtQuick/Controls/FluentWinUI3/dark/images/spinbox-indicator-up-icon-disabled.png (100%)
 rename {single_QGalleryX-Standalone => deprecated/single_QGalleryX-Standalone}/bin/qml/QtQuick/Controls/FluentWinUI3/dark/images/spinbox-indicator-up-icon-disabled@2x.png (100%)
 rename {single_QGalleryX-Standalone => deprecated/single_QGalleryX-Standalone}/bin/qml/QtQuick/Controls/FluentWinUI3/dark/images/spinbox-indicator-up-icon-disabled@3x.png (100%)
 rename {single_QGalleryX-Standalone => deprecated/single_QGalleryX-Standalone}/bin/qml/QtQuick/Controls/FluentWinUI3/dark/images/spinbox-indicator-up-icon-down-hovered.png (100%)
 rename {single_QGalleryX-Standalone => deprecated/single_QGalleryX-Standalone}/bin/qml/QtQuick/Controls/FluentWinUI3/dark/images/spinbox-indicator-up-icon-down-hovered@2x.png (100%)
 rename {single_QGalleryX-Standalone => deprecated/single_QGalleryX-Standalone}/bin/qml/QtQuick/Controls/FluentWinUI3/dark/images/spinbox-indicator-up-icon-down-hovered@3x.png (100%)
 rename {single_QGalleryX-Standalone => deprecated/single_QGalleryX-Standalone}/bin/qml/QtQuick/Controls/FluentWinUI3/dark/images/spinbox-indicator-up-icon-down-pressed.png (100%)
 rename {single_QGalleryX-Standalone => deprecated/single_QGalleryX-Standalone}/bin/qml/QtQuick/Controls/FluentWinUI3/dark/images/spinbox-indicator-up-icon-down-pressed@2x.png (100%)
 rename {single_QGalleryX-Standalone => deprecated/single_QGalleryX-Standalone}/bin/qml/QtQuick/Controls/FluentWinUI3/dark/images/spinbox-indicator-up-icon-down-pressed@3x.png (100%)
 rename {single_QGalleryX-Standalone => deprecated/single_QGalleryX-Standalone}/bin/qml/QtQuick/Controls/FluentWinUI3/dark/images/spinbox-indicator-up-icon-hovered.png (100%)
 rename {single_QGalleryX-Standalone => deprecated/single_QGalleryX-Standalone}/bin/qml/QtQuick/Controls/FluentWinUI3/dark/images/spinbox-indicator-up-icon-hovered@2x.png (100%)
 rename {single_QGalleryX-Standalone => deprecated/single_QGalleryX-Standalone}/bin/qml/QtQuick/Controls/FluentWinUI3/dark/images/spinbox-indicator-up-icon-hovered@3x.png (100%)
 rename {single_QGalleryX-Standalone => deprecated/single_QGalleryX-Standalone}/bin/qml/QtQuick/Controls/FluentWinUI3/dark/images/spinbox-indicator-up-icon-up-hovered.png (100%)
 rename {single_QGalleryX-Standalone => deprecated/single_QGalleryX-Standalone}/bin/qml/QtQuick/Controls/FluentWinUI3/dark/images/spinbox-indicator-up-icon-up-hovered@2x.png (100%)
 rename {single_QGalleryX-Standalone => deprecated/single_QGalleryX-Standalone}/bin/qml/QtQuick/Controls/FluentWinUI3/dark/images/spinbox-indicator-up-icon-up-hovered@3x.png (100%)
 rename {single_QGalleryX-Standalone => deprecated/single_QGalleryX-Standalone}/bin/qml/QtQuick/Controls/FluentWinUI3/dark/images/spinbox-indicator-up-icon-up-pressed.png (100%)
 rename {single_QGalleryX-Standalone => deprecated/single_QGalleryX-Standalone}/bin/qml/QtQuick/Controls/FluentWinUI3/dark/images/spinbox-indicator-up-icon-up-pressed@2x.png (100%)
 rename {single_QGalleryX-Standalone => deprecated/single_QGalleryX-Standalone}/bin/qml/QtQuick/Controls/FluentWinUI3/dark/images/spinbox-indicator-up-icon-up-pressed@3x.png (100%)
 rename {single_QGalleryX-Standalone => deprecated/single_QGalleryX-Standalone}/bin/qml/QtQuick/Controls/FluentWinUI3/dark/images/spinbox-indicator-up-icon.png (100%)
 rename {single_QGalleryX-Standalone => deprecated/single_QGalleryX-Standalone}/bin/qml/QtQuick/Controls/FluentWinUI3/dark/images/spinbox-indicator-up-icon@2x.png (100%)
 rename {single_QGalleryX-Standalone => deprecated/single_QGalleryX-Standalone}/bin/qml/QtQuick/Controls/FluentWinUI3/dark/images/spinbox-indicator-up-icon@3x.png (100%)
 rename {single_QGalleryX-Standalone => deprecated/single_QGalleryX-Standalone}/bin/qml/QtQuick/Controls/FluentWinUI3/dark/images/textarea-background-disabled.png (100%)
 rename {single_QGalleryX-Standalone => deprecated/single_QGalleryX-Standalone}/bin/qml/QtQuick/Controls/FluentWinUI3/dark/images/textarea-background-disabled@2x.png (100%)
 rename {single_QGalleryX-Standalone => deprecated/single_QGalleryX-Standalone}/bin/qml/QtQuick/Controls/FluentWinUI3/dark/images/textarea-background-disabled@3x.png (100%)
 rename {single_QGalleryX-Standalone => deprecated/single_QGalleryX-Standalone}/bin/qml/QtQuick/Controls/FluentWinUI3/dark/images/textarea-background-focused.png (100%)
 rename {single_QGalleryX-Standalone => deprecated/single_QGalleryX-Standalone}/bin/qml/QtQuick/Controls/FluentWinUI3/dark/images/textarea-background-focused@2x.png (100%)
 rename {single_QGalleryX-Standalone => deprecated/single_QGalleryX-Standalone}/bin/qml/QtQuick/Controls/FluentWinUI3/dark/images/textarea-background-focused@3x.png (100%)
 rename {single_QGalleryX-Standalone => deprecated/single_QGalleryX-Standalone}/bin/qml/QtQuick/Controls/FluentWinUI3/dark/images/textarea-background-hovered.png (100%)
 rename {single_QGalleryX-Standalone => deprecated/single_QGalleryX-Standalone}/bin/qml/QtQuick/Controls/FluentWinUI3/dark/images/textarea-background-hovered@2x.png (100%)
 rename {single_QGalleryX-Standalone => deprecated/single_QGalleryX-Standalone}/bin/qml/QtQuick/Controls/FluentWinUI3/dark/images/textarea-background-hovered@3x.png (100%)
 rename {single_QGalleryX-Standalone => deprecated/single_QGalleryX-Standalone}/bin/qml/QtQuick/Controls/FluentWinUI3/dark/images/textarea-background.png (100%)
 rename {single_QGalleryX-Standalone => deprecated/single_QGalleryX-Standalone}/bin/qml/QtQuick/Controls/FluentWinUI3/dark/images/textarea-background@2x.png (100%)
 rename {single_QGalleryX-Standalone => deprecated/single_QGalleryX-Standalone}/bin/qml/QtQuick/Controls/FluentWinUI3/dark/images/textarea-background@3x.png (100%)
 rename {single_QGalleryX-Standalone => deprecated/single_QGalleryX-Standalone}/bin/qml/QtQuick/Controls/FluentWinUI3/dark/images/textfield-background-disabled.png (100%)
 rename {single_QGalleryX-Standalone => deprecated/single_QGalleryX-Standalone}/bin/qml/QtQuick/Controls/FluentWinUI3/dark/images/textfield-background-disabled@2x.png (100%)
 rename {single_QGalleryX-Standalone => deprecated/single_QGalleryX-Standalone}/bin/qml/QtQuick/Controls/FluentWinUI3/dark/images/textfield-background-disabled@3x.png (100%)
 rename {single_QGalleryX-Standalone => deprecated/single_QGalleryX-Standalone}/bin/qml/QtQuick/Controls/FluentWinUI3/dark/images/textfield-background-focused.png (100%)
 rename {single_QGalleryX-Standalone => deprecated/single_QGalleryX-Standalone}/bin/qml/QtQuick/Controls/FluentWinUI3/dark/images/textfield-background-focused@2x.png (100%)
 rename {single_QGalleryX-Standalone => deprecated/single_QGalleryX-Standalone}/bin/qml/QtQuick/Controls/FluentWinUI3/dark/images/textfield-background-focused@3x.png (100%)
 rename {single_QGalleryX-Standalone => deprecated/single_QGalleryX-Standalone}/bin/qml/QtQuick/Controls/FluentWinUI3/dark/images/textfield-background-hovered.png (100%)
 rename {single_QGalleryX-Standalone => deprecated/single_QGalleryX-Standalone}/bin/qml/QtQuick/Controls/FluentWinUI3/dark/images/textfield-background-hovered@2x.png (100%)
 rename {single_QGalleryX-Standalone => deprecated/single_QGalleryX-Standalone}/bin/qml/QtQuick/Controls/FluentWinUI3/dark/images/textfield-background-hovered@3x.png (100%)
 rename {single_QGalleryX-Standalone => deprecated/single_QGalleryX-Standalone}/bin/qml/QtQuick/Controls/FluentWinUI3/dark/images/textfield-background.png (100%)
 rename {single_QGalleryX-Standalone => deprecated/single_QGalleryX-Standalone}/bin/qml/QtQuick/Controls/FluentWinUI3/dark/images/textfield-background@2x.png (100%)
 rename {single_QGalleryX-Standalone => deprecated/single_QGalleryX-Standalone}/bin/qml/QtQuick/Controls/FluentWinUI3/dark/images/textfield-background@3x.png (100%)
 rename {single_QGalleryX-Standalone => deprecated/single_QGalleryX-Standalone}/bin/qml/QtQuick/Controls/FluentWinUI3/icons/checkmark.png (100%)
 rename {single_QGalleryX-Standalone => deprecated/single_QGalleryX-Standalone}/bin/qml/QtQuick/Controls/FluentWinUI3/icons/checkmark@2x.png (100%)
 rename {single_QGalleryX-Standalone => deprecated/single_QGalleryX-Standalone}/bin/qml/QtQuick/Controls/FluentWinUI3/icons/checkmark@3x.png (100%)
 rename {single_QGalleryX-Standalone => deprecated/single_QGalleryX-Standalone}/bin/qml/QtQuick/Controls/FluentWinUI3/icons/menuarrow.png (100%)
 rename {single_QGalleryX-Standalone => deprecated/single_QGalleryX-Standalone}/bin/qml/QtQuick/Controls/FluentWinUI3/icons/menuarrow@2x.png (100%)
 rename {single_QGalleryX-Standalone => deprecated/single_QGalleryX-Standalone}/bin/qml/QtQuick/Controls/FluentWinUI3/icons/menuarrow@3x.png (100%)
 rename {single_QGalleryX-Standalone => deprecated/single_QGalleryX-Standalone}/bin/qml/QtQuick/Controls/FluentWinUI3/impl/ButtonBackground.qml (100%)
 rename {single_QGalleryX-Standalone => deprecated/single_QGalleryX-Standalone}/bin/qml/QtQuick/Controls/FluentWinUI3/impl/CheckIndicator.qml (100%)
 rename {single_QGalleryX-Standalone => deprecated/single_QGalleryX-Standalone}/bin/qml/QtQuick/Controls/FluentWinUI3/impl/FocusFrame.qml (100%)
 rename {single_QGalleryX-Standalone => deprecated/single_QGalleryX-Standalone}/bin/qml/QtQuick/Controls/FluentWinUI3/impl/RadioIndicator.qml (100%)
 rename {single_QGalleryX-Standalone => deprecated/single_QGalleryX-Standalone}/bin/qml/QtQuick/Controls/FluentWinUI3/impl/StyleImage.qml (100%)
 rename {single_QGalleryX-Standalone => deprecated/single_QGalleryX-Standalone}/bin/qml/QtQuick/Controls/FluentWinUI3/impl/SwitchIndicator.qml (100%)
 rename {single_QGalleryX-Standalone => deprecated/single_QGalleryX-Standalone}/bin/qml/QtQuick/Controls/FluentWinUI3/impl/plugins.qmltypes (100%)
 rename {single_QGalleryX-Standalone => deprecated/single_QGalleryX-Standalone}/bin/qml/QtQuick/Controls/FluentWinUI3/impl/qmldir (100%)
 rename {single_QGalleryX-Standalone => deprecated/single_QGalleryX-Standalone}/bin/qml/QtQuick/Controls/FluentWinUI3/light/images/checkbox-indicator-checked-disabled.png (100%)
 rename {single_QGalleryX-Standalone => deprecated/single_QGalleryX-Standalone}/bin/qml/QtQuick/Controls/FluentWinUI3/light/images/checkbox-indicator-checked-disabled@2x.png (100%)
 rename {single_QGalleryX-Standalone => deprecated/single_QGalleryX-Standalone}/bin/qml/QtQuick/Controls/FluentWinUI3/light/images/checkbox-indicator-checked-disabled@3x.png (100%)
 rename {single_QGalleryX-Standalone => deprecated/single_QGalleryX-Standalone}/bin/qml/QtQuick/Controls/FluentWinUI3/light/images/checkbox-indicator-checked-hovered.png (100%)
 rename {single_QGalleryX-Standalone => deprecated/single_QGalleryX-Standalone}/bin/qml/QtQuick/Controls/FluentWinUI3/light/images/checkbox-indicator-checked-hovered@2x.png (100%)
 rename {single_QGalleryX-Standalone => deprecated/single_QGalleryX-Standalone}/bin/qml/QtQuick/Controls/FluentWinUI3/light/images/checkbox-indicator-checked-hovered@3x.png (100%)
 rename {single_QGalleryX-Standalone => deprecated/single_QGalleryX-Standalone}/bin/qml/QtQuick/Controls/FluentWinUI3/light/images/checkbox-indicator-checked-pressed.png (100%)
 rename {single_QGalleryX-Standalone => deprecated/single_QGalleryX-Standalone}/bin/qml/QtQuick/Controls/FluentWinUI3/light/images/checkbox-indicator-checked-pressed@2x.png (100%)
 rename {single_QGalleryX-Standalone => deprecated/single_QGalleryX-Standalone}/bin/qml/QtQuick/Controls/FluentWinUI3/light/images/checkbox-indicator-checked-pressed@3x.png (100%)
 rename {single_QGalleryX-Standalone => deprecated/single_QGalleryX-Standalone}/bin/qml/QtQuick/Controls/FluentWinUI3/light/images/checkbox-indicator-checked.png (100%)
 rename {single_QGalleryX-Standalone => deprecated/single_QGalleryX-Standalone}/bin/qml/QtQuick/Controls/FluentWinUI3/light/images/checkbox-indicator-checked@2x.png (100%)
 rename {single_QGalleryX-Standalone => deprecated/single_QGalleryX-Standalone}/bin/qml/QtQuick/Controls/FluentWinUI3/light/images/checkbox-indicator-checked@3x.png (100%)
 rename {single_QGalleryX-Standalone => deprecated/single_QGalleryX-Standalone}/bin/qml/QtQuick/Controls/FluentWinUI3/light/images/checkbox-indicator-disabled-partiallyChecked.png (100%)
 rename {single_QGalleryX-Standalone => deprecated/single_QGalleryX-Standalone}/bin/qml/QtQuick/Controls/FluentWinUI3/light/images/checkbox-indicator-disabled-partiallyChecked@2x.png (100%)
 rename {single_QGalleryX-Standalone => deprecated/single_QGalleryX-Standalone}/bin/qml/QtQuick/Controls/FluentWinUI3/light/images/checkbox-indicator-disabled-partiallyChecked@3x.png (100%)
 rename {single_QGalleryX-Standalone => deprecated/single_QGalleryX-Standalone}/bin/qml/QtQuick/Controls/FluentWinUI3/light/images/checkbox-indicator-disabled.png (100%)
 rename {single_QGalleryX-Standalone => deprecated/single_QGalleryX-Standalone}/bin/qml/QtQuick/Controls/FluentWinUI3/light/images/checkbox-indicator-disabled@2x.png (100%)
 rename {single_QGalleryX-Standalone => deprecated/single_QGalleryX-Standalone}/bin/qml/QtQuick/Controls/FluentWinUI3/light/images/checkbox-indicator-disabled@3x.png (100%)
 rename {single_QGalleryX-Standalone => deprecated/single_QGalleryX-Standalone}/bin/qml/QtQuick/Controls/FluentWinUI3/light/images/checkbox-indicator-hovered-partiallyChecked.png (100%)
 rename {single_QGalleryX-Standalone => deprecated/single_QGalleryX-Standalone}/bin/qml/QtQuick/Controls/FluentWinUI3/light/images/checkbox-indicator-hovered-partiallyChecked@2x.png (100%)
 rename {single_QGalleryX-Standalone => deprecated/single_QGalleryX-Standalone}/bin/qml/QtQuick/Controls/FluentWinUI3/light/images/checkbox-indicator-hovered-partiallyChecked@3x.png (100%)
 rename {single_QGalleryX-Standalone => deprecated/single_QGalleryX-Standalone}/bin/qml/QtQuick/Controls/FluentWinUI3/light/images/checkbox-indicator-hovered.png (100%)
 rename {single_QGalleryX-Standalone => deprecated/single_QGalleryX-Standalone}/bin/qml/QtQuick/Controls/FluentWinUI3/light/images/checkbox-indicator-hovered@2x.png (100%)
 rename {single_QGalleryX-Standalone => deprecated/single_QGalleryX-Standalone}/bin/qml/QtQuick/Controls/FluentWinUI3/light/images/checkbox-indicator-hovered@3x.png (100%)
 rename {single_QGalleryX-Standalone => deprecated/single_QGalleryX-Standalone}/bin/qml/QtQuick/Controls/FluentWinUI3/light/images/checkbox-indicator-partiallyChecked-pressed.png (100%)
 rename {single_QGalleryX-Standalone => deprecated/single_QGalleryX-Standalone}/bin/qml/QtQuick/Controls/FluentWinUI3/light/images/checkbox-indicator-partiallyChecked-pressed@2x.png (100%)
 rename {single_QGalleryX-Standalone => deprecated/single_QGalleryX-Standalone}/bin/qml/QtQuick/Controls/FluentWinUI3/light/images/checkbox-indicator-partiallyChecked-pressed@3x.png (100%)
 rename {single_QGalleryX-Standalone => deprecated/single_QGalleryX-Standalone}/bin/qml/QtQuick/Controls/FluentWinUI3/light/images/checkbox-indicator-partiallyChecked.png (100%)
 rename {single_QGalleryX-Standalone => deprecated/single_QGalleryX-Standalone}/bin/qml/QtQuick/Controls/FluentWinUI3/light/images/checkbox-indicator-partiallyChecked@2x.png (100%)
 rename {single_QGalleryX-Standalone => deprecated/single_QGalleryX-Standalone}/bin/qml/QtQuick/Controls/FluentWinUI3/light/images/checkbox-indicator-partiallyChecked@3x.png (100%)
 rename {single_QGalleryX-Standalone => deprecated/single_QGalleryX-Standalone}/bin/qml/QtQuick/Controls/FluentWinUI3/light/images/checkbox-indicator-pressed.png (100%)
 rename {single_QGalleryX-Standalone => deprecated/single_QGalleryX-Standalone}/bin/qml/QtQuick/Controls/FluentWinUI3/light/images/checkbox-indicator-pressed@2x.png (100%)
 rename {single_QGalleryX-Standalone => deprecated/single_QGalleryX-Standalone}/bin/qml/QtQuick/Controls/FluentWinUI3/light/images/checkbox-indicator-pressed@3x.png (100%)
 rename {single_QGalleryX-Standalone => deprecated/single_QGalleryX-Standalone}/bin/qml/QtQuick/Controls/FluentWinUI3/light/images/checkbox-indicator.png (100%)
 rename {single_QGalleryX-Standalone => deprecated/single_QGalleryX-Standalone}/bin/qml/QtQuick/Controls/FluentWinUI3/light/images/checkbox-indicator@2x.png (100%)
 rename {single_QGalleryX-Standalone => deprecated/single_QGalleryX-Standalone}/bin/qml/QtQuick/Controls/FluentWinUI3/light/images/checkbox-indicator@3x.png (100%)
 rename {single_QGalleryX-Standalone => deprecated/single_QGalleryX-Standalone}/bin/qml/QtQuick/Controls/FluentWinUI3/light/images/combobox-background-disabled.png (100%)
 rename {single_QGalleryX-Standalone => deprecated/single_QGalleryX-Standalone}/bin/qml/QtQuick/Controls/FluentWinUI3/light/images/combobox-background-disabled@2x.png (100%)
 rename {single_QGalleryX-Standalone => deprecated/single_QGalleryX-Standalone}/bin/qml/QtQuick/Controls/FluentWinUI3/light/images/combobox-background-disabled@3x.png (100%)
 rename {single_QGalleryX-Standalone => deprecated/single_QGalleryX-Standalone}/bin/qml/QtQuick/Controls/FluentWinUI3/light/images/combobox-background-focused.png (100%)
 rename {single_QGalleryX-Standalone => deprecated/single_QGalleryX-Standalone}/bin/qml/QtQuick/Controls/FluentWinUI3/light/images/combobox-background-focused@2x.png (100%)
 rename {single_QGalleryX-Standalone => deprecated/single_QGalleryX-Standalone}/bin/qml/QtQuick/Controls/FluentWinUI3/light/images/combobox-background-focused@3x.png (100%)
 rename {single_QGalleryX-Standalone => deprecated/single_QGalleryX-Standalone}/bin/qml/QtQuick/Controls/FluentWinUI3/light/images/combobox-background-hovered-open.png (100%)
 rename {single_QGalleryX-Standalone => deprecated/single_QGalleryX-Standalone}/bin/qml/QtQuick/Controls/FluentWinUI3/light/images/combobox-background-hovered-open@2x.png (100%)
 rename {single_QGalleryX-Standalone => deprecated/single_QGalleryX-Standalone}/bin/qml/QtQuick/Controls/FluentWinUI3/light/images/combobox-background-hovered-open@3x.png (100%)
 rename {single_QGalleryX-Standalone => deprecated/single_QGalleryX-Standalone}/bin/qml/QtQuick/Controls/FluentWinUI3/light/images/combobox-background-hovered.png (100%)
 rename {single_QGalleryX-Standalone => deprecated/single_QGalleryX-Standalone}/bin/qml/QtQuick/Controls/FluentWinUI3/light/images/combobox-background-hovered@2x.png (100%)
 rename {single_QGalleryX-Standalone => deprecated/single_QGalleryX-Standalone}/bin/qml/QtQuick/Controls/FluentWinUI3/light/images/combobox-background-hovered@3x.png (100%)
 rename {single_QGalleryX-Standalone => deprecated/single_QGalleryX-Standalone}/bin/qml/QtQuick/Controls/FluentWinUI3/light/images/combobox-background-open-pressed.png (100%)
 rename {single_QGalleryX-Standalone => deprecated/single_QGalleryX-Standalone}/bin/qml/QtQuick/Controls/FluentWinUI3/light/images/combobox-background-open-pressed@2x.png (100%)
 rename {single_QGalleryX-Standalone => deprecated/single_QGalleryX-Standalone}/bin/qml/QtQuick/Controls/FluentWinUI3/light/images/combobox-background-open-pressed@3x.png (100%)
 rename {single_QGalleryX-Standalone => deprecated/single_QGalleryX-Standalone}/bin/qml/QtQuick/Controls/FluentWinUI3/light/images/combobox-background-open.png (100%)
 rename {single_QGalleryX-Standalone => deprecated/single_QGalleryX-Standalone}/bin/qml/QtQuick/Controls/FluentWinUI3/light/images/combobox-background-open@2x.png (100%)
 rename {single_QGalleryX-Standalone => deprecated/single_QGalleryX-Standalone}/bin/qml/QtQuick/Controls/FluentWinUI3/light/images/combobox-background-open@3x.png (100%)
 rename {single_QGalleryX-Standalone => deprecated/single_QGalleryX-Standalone}/bin/qml/QtQuick/Controls/FluentWinUI3/light/images/combobox-background-pressed.png (100%)
 rename {single_QGalleryX-Standalone => deprecated/single_QGalleryX-Standalone}/bin/qml/QtQuick/Controls/FluentWinUI3/light/images/combobox-background-pressed@2x.png (100%)
 rename {single_QGalleryX-Standalone => deprecated/single_QGalleryX-Standalone}/bin/qml/QtQuick/Controls/FluentWinUI3/light/images/combobox-background-pressed@3x.png (100%)
 rename {single_QGalleryX-Standalone => deprecated/single_QGalleryX-Standalone}/bin/qml/QtQuick/Controls/FluentWinUI3/light/images/combobox-background.png (100%)
 rename {single_QGalleryX-Standalone => deprecated/single_QGalleryX-Standalone}/bin/qml/QtQuick/Controls/FluentWinUI3/light/images/combobox-background@2x.png (100%)
 rename {single_QGalleryX-Standalone => deprecated/single_QGalleryX-Standalone}/bin/qml/QtQuick/Controls/FluentWinUI3/light/images/combobox-background@3x.png (100%)
 rename {single_QGalleryX-Standalone => deprecated/single_QGalleryX-Standalone}/bin/qml/QtQuick/Controls/FluentWinUI3/light/images/combobox-indicator-disabled.png (100%)
 rename {single_QGalleryX-Standalone => deprecated/single_QGalleryX-Standalone}/bin/qml/QtQuick/Controls/FluentWinUI3/light/images/combobox-indicator-disabled@2x.png (100%)
 rename {single_QGalleryX-Standalone => deprecated/single_QGalleryX-Standalone}/bin/qml/QtQuick/Controls/FluentWinUI3/light/images/combobox-indicator-disabled@3x.png (100%)
 rename {single_QGalleryX-Standalone => deprecated/single_QGalleryX-Standalone}/bin/qml/QtQuick/Controls/FluentWinUI3/light/images/combobox-indicator-focused.png (100%)
 rename {single_QGalleryX-Standalone => deprecated/single_QGalleryX-Standalone}/bin/qml/QtQuick/Controls/FluentWinUI3/light/images/combobox-indicator-focused@2x.png (100%)
 rename {single_QGalleryX-Standalone => deprecated/single_QGalleryX-Standalone}/bin/qml/QtQuick/Controls/FluentWinUI3/light/images/combobox-indicator-focused@3x.png (100%)
 rename {single_QGalleryX-Standalone => deprecated/single_QGalleryX-Standalone}/bin/qml/QtQuick/Controls/FluentWinUI3/light/images/combobox-indicator-hovered-open.png (100%)
 rename {single_QGalleryX-Standalone => deprecated/single_QGalleryX-Standalone}/bin/qml/QtQuick/Controls/FluentWinUI3/light/images/combobox-indicator-hovered-open@2x.png (100%)
 rename {single_QGalleryX-Standalone => deprecated/single_QGalleryX-Standalone}/bin/qml/QtQuick/Controls/FluentWinUI3/light/images/combobox-indicator-hovered-open@3x.png (100%)
 rename {single_QGalleryX-Standalone => deprecated/single_QGalleryX-Standalone}/bin/qml/QtQuick/Controls/FluentWinUI3/light/images/combobox-indicator-hovered.png (100%)
 rename {single_QGalleryX-Standalone => deprecated/single_QGalleryX-Standalone}/bin/qml/QtQuick/Controls/FluentWinUI3/light/images/combobox-indicator-hovered@2x.png (100%)
 rename {single_QGalleryX-Standalone => deprecated/single_QGalleryX-Standalone}/bin/qml/QtQuick/Controls/FluentWinUI3/light/images/combobox-indicator-hovered@3x.png (100%)
 rename {single_QGalleryX-Standalone => deprecated/single_QGalleryX-Standalone}/bin/qml/QtQuick/Controls/FluentWinUI3/light/images/combobox-indicator-open-pressed.png (100%)
 rename {single_QGalleryX-Standalone => deprecated/single_QGalleryX-Standalone}/bin/qml/QtQuick/Controls/FluentWinUI3/light/images/combobox-indicator-open-pressed@2x.png (100%)
 rename {single_QGalleryX-Standalone => deprecated/single_QGalleryX-Standalone}/bin/qml/QtQuick/Controls/FluentWinUI3/light/images/combobox-indicator-open-pressed@3x.png (100%)
 rename {single_QGalleryX-Standalone => deprecated/single_QGalleryX-Standalone}/bin/qml/QtQuick/Controls/FluentWinUI3/light/images/combobox-indicator-open.png (100%)
 rename {single_QGalleryX-Standalone => deprecated/single_QGalleryX-Standalone}/bin/qml/QtQuick/Controls/FluentWinUI3/light/images/combobox-indicator-open@2x.png (100%)
 rename {single_QGalleryX-Standalone => deprecated/single_QGalleryX-Standalone}/bin/qml/QtQuick/Controls/FluentWinUI3/light/images/combobox-indicator-open@3x.png (100%)
 rename {single_QGalleryX-Standalone => deprecated/single_QGalleryX-Standalone}/bin/qml/QtQuick/Controls/FluentWinUI3/light/images/combobox-indicator-pressed.png (100%)
 rename {single_QGalleryX-Standalone => deprecated/single_QGalleryX-Standalone}/bin/qml/QtQuick/Controls/FluentWinUI3/light/images/combobox-indicator-pressed@2x.png (100%)
 rename {single_QGalleryX-Standalone => deprecated/single_QGalleryX-Standalone}/bin/qml/QtQuick/Controls/FluentWinUI3/light/images/combobox-indicator-pressed@3x.png (100%)
 rename {single_QGalleryX-Standalone => deprecated/single_QGalleryX-Standalone}/bin/qml/QtQuick/Controls/FluentWinUI3/light/images/combobox-indicator.png (100%)
 rename {single_QGalleryX-Standalone => deprecated/single_QGalleryX-Standalone}/bin/qml/QtQuick/Controls/FluentWinUI3/light/images/combobox-indicator@2x.png (100%)
 rename {single_QGalleryX-Standalone => deprecated/single_QGalleryX-Standalone}/bin/qml/QtQuick/Controls/FluentWinUI3/light/images/combobox-indicator@3x.png (100%)
 rename {single_QGalleryX-Standalone => deprecated/single_QGalleryX-Standalone}/bin/qml/QtQuick/Controls/FluentWinUI3/light/images/editablecombobox-background-hovered-open.png (100%)
 rename {single_QGalleryX-Standalone => deprecated/single_QGalleryX-Standalone}/bin/qml/QtQuick/Controls/FluentWinUI3/light/images/editablecombobox-background-hovered-open@2x.png (100%)
 rename {single_QGalleryX-Standalone => deprecated/single_QGalleryX-Standalone}/bin/qml/QtQuick/Controls/FluentWinUI3/light/images/editablecombobox-background-hovered-open@3x.png (100%)
 rename {single_QGalleryX-Standalone => deprecated/single_QGalleryX-Standalone}/bin/qml/QtQuick/Controls/FluentWinUI3/light/images/editablecombobox-background-open-pressed.png (100%)
 rename {single_QGalleryX-Standalone => deprecated/single_QGalleryX-Standalone}/bin/qml/QtQuick/Controls/FluentWinUI3/light/images/editablecombobox-background-open-pressed@2x.png (100%)
 rename {single_QGalleryX-Standalone => deprecated/single_QGalleryX-Standalone}/bin/qml/QtQuick/Controls/FluentWinUI3/light/images/editablecombobox-background-open-pressed@3x.png (100%)
 rename {single_QGalleryX-Standalone => deprecated/single_QGalleryX-Standalone}/bin/qml/QtQuick/Controls/FluentWinUI3/light/images/editablecombobox-background-open.png (100%)
 rename {single_QGalleryX-Standalone => deprecated/single_QGalleryX-Standalone}/bin/qml/QtQuick/Controls/FluentWinUI3/light/images/editablecombobox-background-open@2x.png (100%)
 rename {single_QGalleryX-Standalone => deprecated/single_QGalleryX-Standalone}/bin/qml/QtQuick/Controls/FluentWinUI3/light/images/editablecombobox-background-open@3x.png (100%)
 rename {single_QGalleryX-Standalone => deprecated/single_QGalleryX-Standalone}/bin/qml/QtQuick/Controls/FluentWinUI3/light/images/editablecombobox-indicator-hovered-open.png (100%)
 rename {single_QGalleryX-Standalone => deprecated/single_QGalleryX-Standalone}/bin/qml/QtQuick/Controls/FluentWinUI3/light/images/editablecombobox-indicator-hovered-open@2x.png (100%)
 rename {single_QGalleryX-Standalone => deprecated/single_QGalleryX-Standalone}/bin/qml/QtQuick/Controls/FluentWinUI3/light/images/editablecombobox-indicator-hovered-open@3x.png (100%)
 rename {single_QGalleryX-Standalone => deprecated/single_QGalleryX-Standalone}/bin/qml/QtQuick/Controls/FluentWinUI3/light/images/editablecombobox-indicator-open-pressed.png (100%)
 rename {single_QGalleryX-Standalone => deprecated/single_QGalleryX-Standalone}/bin/qml/QtQuick/Controls/FluentWinUI3/light/images/editablecombobox-indicator-open-pressed@2x.png (100%)
 rename {single_QGalleryX-Standalone => deprecated/single_QGalleryX-Standalone}/bin/qml/QtQuick/Controls/FluentWinUI3/light/images/editablecombobox-indicator-open-pressed@3x.png (100%)
 rename {single_QGalleryX-Standalone => deprecated/single_QGalleryX-Standalone}/bin/qml/QtQuick/Controls/FluentWinUI3/light/images/editablecombobox-indicator-open.png (100%)
 rename {single_QGalleryX-Standalone => deprecated/single_QGalleryX-Standalone}/bin/qml/QtQuick/Controls/FluentWinUI3/light/images/editablecombobox-indicator-open@2x.png (100%)
 rename {single_QGalleryX-Standalone => deprecated/single_QGalleryX-Standalone}/bin/qml/QtQuick/Controls/FluentWinUI3/light/images/editablecombobox-indicator-open@3x.png (100%)
 rename {single_QGalleryX-Standalone => deprecated/single_QGalleryX-Standalone}/bin/qml/QtQuick/Controls/FluentWinUI3/light/images/editablecombobox-popup-background-hovered-open.png (100%)
 rename {single_QGalleryX-Standalone => deprecated/single_QGalleryX-Standalone}/bin/qml/QtQuick/Controls/FluentWinUI3/light/images/editablecombobox-popup-background-hovered-open@2x.png (100%)
 rename {single_QGalleryX-Standalone => deprecated/single_QGalleryX-Standalone}/bin/qml/QtQuick/Controls/FluentWinUI3/light/images/editablecombobox-popup-background-hovered-open@3x.png (100%)
 rename {single_QGalleryX-Standalone => deprecated/single_QGalleryX-Standalone}/bin/qml/QtQuick/Controls/FluentWinUI3/light/images/editablecombobox-popup-background-open-pressed.png (100%)
 rename {single_QGalleryX-Standalone => deprecated/single_QGalleryX-Standalone}/bin/qml/QtQuick/Controls/FluentWinUI3/light/images/editablecombobox-popup-background-open-pressed@2x.png (100%)
 rename {single_QGalleryX-Standalone => deprecated/single_QGalleryX-Standalone}/bin/qml/QtQuick/Controls/FluentWinUI3/light/images/editablecombobox-popup-background-open-pressed@3x.png (100%)
 rename {single_QGalleryX-Standalone => deprecated/single_QGalleryX-Standalone}/bin/qml/QtQuick/Controls/FluentWinUI3/light/images/editablecombobox-popup-background-open.png (100%)
 rename {single_QGalleryX-Standalone => deprecated/single_QGalleryX-Standalone}/bin/qml/QtQuick/Controls/FluentWinUI3/light/images/editablecombobox-popup-background-open@2x.png (100%)
 rename {single_QGalleryX-Standalone => deprecated/single_QGalleryX-Standalone}/bin/qml/QtQuick/Controls/FluentWinUI3/light/images/editablecombobox-popup-background-open@3x.png (100%)
 rename {single_QGalleryX-Standalone => deprecated/single_QGalleryX-Standalone}/bin/qml/QtQuick/Controls/FluentWinUI3/light/images/frame-background-disabled.png (100%)
 rename {single_QGalleryX-Standalone => deprecated/single_QGalleryX-Standalone}/bin/qml/QtQuick/Controls/FluentWinUI3/light/images/frame-background-disabled@2x.png (100%)
 rename {single_QGalleryX-Standalone => deprecated/single_QGalleryX-Standalone}/bin/qml/QtQuick/Controls/FluentWinUI3/light/images/frame-background-disabled@3x.png (100%)
 rename {single_QGalleryX-Standalone => deprecated/single_QGalleryX-Standalone}/bin/qml/QtQuick/Controls/FluentWinUI3/light/images/frame-background.png (100%)
 rename {single_QGalleryX-Standalone => deprecated/single_QGalleryX-Standalone}/bin/qml/QtQuick/Controls/FluentWinUI3/light/images/frame-background@2x.png (100%)
 rename {single_QGalleryX-Standalone => deprecated/single_QGalleryX-Standalone}/bin/qml/QtQuick/Controls/FluentWinUI3/light/images/frame-background@3x.png (100%)
 rename {single_QGalleryX-Standalone => deprecated/single_QGalleryX-Standalone}/bin/qml/QtQuick/Controls/FluentWinUI3/light/images/itemdelegate-background-highlighted-hovered.png (100%)
 rename {single_QGalleryX-Standalone => deprecated/single_QGalleryX-Standalone}/bin/qml/QtQuick/Controls/FluentWinUI3/light/images/itemdelegate-background-highlighted-hovered@2x.png (100%)
 rename {single_QGalleryX-Standalone => deprecated/single_QGalleryX-Standalone}/bin/qml/QtQuick/Controls/FluentWinUI3/light/images/itemdelegate-background-highlighted-hovered@3x.png (100%)
 rename {single_QGalleryX-Standalone => deprecated/single_QGalleryX-Standalone}/bin/qml/QtQuick/Controls/FluentWinUI3/light/images/itemdelegate-background-highlighted-pressed.png (100%)
 rename {single_QGalleryX-Standalone => deprecated/single_QGalleryX-Standalone}/bin/qml/QtQuick/Controls/FluentWinUI3/light/images/itemdelegate-background-highlighted-pressed@2x.png (100%)
 rename {single_QGalleryX-Standalone => deprecated/single_QGalleryX-Standalone}/bin/qml/QtQuick/Controls/FluentWinUI3/light/images/itemdelegate-background-highlighted-pressed@3x.png (100%)
 rename {single_QGalleryX-Standalone => deprecated/single_QGalleryX-Standalone}/bin/qml/QtQuick/Controls/FluentWinUI3/light/images/itemdelegate-background-highlighted.png (100%)
 rename {single_QGalleryX-Standalone => deprecated/single_QGalleryX-Standalone}/bin/qml/QtQuick/Controls/FluentWinUI3/light/images/itemdelegate-background-highlighted@2x.png (100%)
 rename {single_QGalleryX-Standalone => deprecated/single_QGalleryX-Standalone}/bin/qml/QtQuick/Controls/FluentWinUI3/light/images/itemdelegate-background-highlighted@3x.png (100%)
 rename {single_QGalleryX-Standalone => deprecated/single_QGalleryX-Standalone}/bin/qml/QtQuick/Controls/FluentWinUI3/light/images/itemdelegate-background-hovered.png (100%)
 rename {single_QGalleryX-Standalone => deprecated/single_QGalleryX-Standalone}/bin/qml/QtQuick/Controls/FluentWinUI3/light/images/itemdelegate-background-hovered@2x.png (100%)
 rename {single_QGalleryX-Standalone => deprecated/single_QGalleryX-Standalone}/bin/qml/QtQuick/Controls/FluentWinUI3/light/images/itemdelegate-background-hovered@3x.png (100%)
 rename {single_QGalleryX-Standalone => deprecated/single_QGalleryX-Standalone}/bin/qml/QtQuick/Controls/FluentWinUI3/light/images/itemdelegate-background-pressed.png (100%)
 rename {single_QGalleryX-Standalone => deprecated/single_QGalleryX-Standalone}/bin/qml/QtQuick/Controls/FluentWinUI3/light/images/itemdelegate-background-pressed@2x.png (100%)
 rename {single_QGalleryX-Standalone => deprecated/single_QGalleryX-Standalone}/bin/qml/QtQuick/Controls/FluentWinUI3/light/images/itemdelegate-background-pressed@3x.png (100%)
 rename {single_QGalleryX-Standalone => deprecated/single_QGalleryX-Standalone}/bin/qml/QtQuick/Controls/FluentWinUI3/light/images/pageindicatordelegate-indicator-delegate-current-hovered.png (100%)
 rename {single_QGalleryX-Standalone => deprecated/single_QGalleryX-Standalone}/bin/qml/QtQuick/Controls/FluentWinUI3/light/images/pageindicatordelegate-indicator-delegate-current-hovered@2x.png (100%)
 rename {single_QGalleryX-Standalone => deprecated/single_QGalleryX-Standalone}/bin/qml/QtQuick/Controls/FluentWinUI3/light/images/pageindicatordelegate-indicator-delegate-current-hovered@3x.png (100%)
 rename {single_QGalleryX-Standalone => deprecated/single_QGalleryX-Standalone}/bin/qml/QtQuick/Controls/FluentWinUI3/light/images/pageindicatordelegate-indicator-delegate-current-pressed.png (100%)
 rename {single_QGalleryX-Standalone => deprecated/single_QGalleryX-Standalone}/bin/qml/QtQuick/Controls/FluentWinUI3/light/images/pageindicatordelegate-indicator-delegate-current-pressed@2x.png (100%)
 rename {single_QGalleryX-Standalone => deprecated/single_QGalleryX-Standalone}/bin/qml/QtQuick/Controls/FluentWinUI3/light/images/pageindicatordelegate-indicator-delegate-current-pressed@3x.png (100%)
 rename {single_QGalleryX-Standalone => deprecated/single_QGalleryX-Standalone}/bin/qml/QtQuick/Controls/FluentWinUI3/light/images/pageindicatordelegate-indicator-delegate-current.png (100%)
 rename {single_QGalleryX-Standalone => deprecated/single_QGalleryX-Standalone}/bin/qml/QtQuick/Controls/FluentWinUI3/light/images/pageindicatordelegate-indicator-delegate-current@2x.png (100%)
 rename {single_QGalleryX-Standalone => deprecated/single_QGalleryX-Standalone}/bin/qml/QtQuick/Controls/FluentWinUI3/light/images/pageindicatordelegate-indicator-delegate-current@3x.png (100%)
 rename {single_QGalleryX-Standalone => deprecated/single_QGalleryX-Standalone}/bin/qml/QtQuick/Controls/FluentWinUI3/light/images/pageindicatordelegate-indicator-delegate-pressed.png (100%)
 rename {single_QGalleryX-Standalone => deprecated/single_QGalleryX-Standalone}/bin/qml/QtQuick/Controls/FluentWinUI3/light/images/pageindicatordelegate-indicator-delegate-pressed@2x.png (100%)
 rename {single_QGalleryX-Standalone => deprecated/single_QGalleryX-Standalone}/bin/qml/QtQuick/Controls/FluentWinUI3/light/images/pageindicatordelegate-indicator-delegate-pressed@3x.png (100%)
 rename {single_QGalleryX-Standalone => deprecated/single_QGalleryX-Standalone}/bin/qml/QtQuick/Controls/FluentWinUI3/light/images/pageindicatordelegate-indicator-disabled.png (100%)
 rename {single_QGalleryX-Standalone => deprecated/single_QGalleryX-Standalone}/bin/qml/QtQuick/Controls/FluentWinUI3/light/images/pageindicatordelegate-indicator-disabled@2x.png (100%)
 rename {single_QGalleryX-Standalone => deprecated/single_QGalleryX-Standalone}/bin/qml/QtQuick/Controls/FluentWinUI3/light/images/pageindicatordelegate-indicator-disabled@3x.png (100%)
 rename {single_QGalleryX-Standalone => deprecated/single_QGalleryX-Standalone}/bin/qml/QtQuick/Controls/FluentWinUI3/light/images/pageindicatordelegate-indicator-hovered.png (100%)
 rename {single_QGalleryX-Standalone => deprecated/single_QGalleryX-Standalone}/bin/qml/QtQuick/Controls/FluentWinUI3/light/images/pageindicatordelegate-indicator-hovered@2x.png (100%)
 rename {single_QGalleryX-Standalone => deprecated/single_QGalleryX-Standalone}/bin/qml/QtQuick/Controls/FluentWinUI3/light/images/pageindicatordelegate-indicator-hovered@3x.png (100%)
 rename {single_QGalleryX-Standalone => deprecated/single_QGalleryX-Standalone}/bin/qml/QtQuick/Controls/FluentWinUI3/light/images/pageindicatordelegate-indicator.png (100%)
 rename {single_QGalleryX-Standalone => deprecated/single_QGalleryX-Standalone}/bin/qml/QtQuick/Controls/FluentWinUI3/light/images/pageindicatordelegate-indicator@2x.png (100%)
 rename {single_QGalleryX-Standalone => deprecated/single_QGalleryX-Standalone}/bin/qml/QtQuick/Controls/FluentWinUI3/light/images/pageindicatordelegate-indicator@3x.png (100%)
 rename {single_QGalleryX-Standalone => deprecated/single_QGalleryX-Standalone}/bin/qml/QtQuick/Controls/FluentWinUI3/light/images/popup-background.png (100%)
 rename {single_QGalleryX-Standalone => deprecated/single_QGalleryX-Standalone}/bin/qml/QtQuick/Controls/FluentWinUI3/light/images/popup-background@2x.png (100%)
 rename {single_QGalleryX-Standalone => deprecated/single_QGalleryX-Standalone}/bin/qml/QtQuick/Controls/FluentWinUI3/light/images/popup-background@3x.png (100%)
 rename {single_QGalleryX-Standalone => deprecated/single_QGalleryX-Standalone}/bin/qml/QtQuick/Controls/FluentWinUI3/light/images/progressbar-groove-disabled.png (100%)
 rename {single_QGalleryX-Standalone => deprecated/single_QGalleryX-Standalone}/bin/qml/QtQuick/Controls/FluentWinUI3/light/images/progressbar-groove-disabled@2x.png (100%)
 rename {single_QGalleryX-Standalone => deprecated/single_QGalleryX-Standalone}/bin/qml/QtQuick/Controls/FluentWinUI3/light/images/progressbar-groove-disabled@3x.png (100%)
 rename {single_QGalleryX-Standalone => deprecated/single_QGalleryX-Standalone}/bin/qml/QtQuick/Controls/FluentWinUI3/light/images/progressbar-groove.png (100%)
 rename {single_QGalleryX-Standalone => deprecated/single_QGalleryX-Standalone}/bin/qml/QtQuick/Controls/FluentWinUI3/light/images/progressbar-groove@2x.png (100%)
 rename {single_QGalleryX-Standalone => deprecated/single_QGalleryX-Standalone}/bin/qml/QtQuick/Controls/FluentWinUI3/light/images/progressbar-groove@3x.png (100%)
 rename {single_QGalleryX-Standalone => deprecated/single_QGalleryX-Standalone}/bin/qml/QtQuick/Controls/FluentWinUI3/light/images/radiobutton-indicator-checked-disabled.png (100%)
 rename {single_QGalleryX-Standalone => deprecated/single_QGalleryX-Standalone}/bin/qml/QtQuick/Controls/FluentWinUI3/light/images/radiobutton-indicator-checked-disabled@2x.png (100%)
 rename {single_QGalleryX-Standalone => deprecated/single_QGalleryX-Standalone}/bin/qml/QtQuick/Controls/FluentWinUI3/light/images/radiobutton-indicator-checked-disabled@3x.png (100%)
 rename {single_QGalleryX-Standalone => deprecated/single_QGalleryX-Standalone}/bin/qml/QtQuick/Controls/FluentWinUI3/light/images/radiobutton-indicator-checked-hovered.png (100%)
 rename {single_QGalleryX-Standalone => deprecated/single_QGalleryX-Standalone}/bin/qml/QtQuick/Controls/FluentWinUI3/light/images/radiobutton-indicator-checked-hovered@2x.png (100%)
 rename {single_QGalleryX-Standalone => deprecated/single_QGalleryX-Standalone}/bin/qml/QtQuick/Controls/FluentWinUI3/light/images/radiobutton-indicator-checked-hovered@3x.png (100%)
 rename {single_QGalleryX-Standalone => deprecated/single_QGalleryX-Standalone}/bin/qml/QtQuick/Controls/FluentWinUI3/light/images/radiobutton-indicator-checked-pressed.png (100%)
 rename {single_QGalleryX-Standalone => deprecated/single_QGalleryX-Standalone}/bin/qml/QtQuick/Controls/FluentWinUI3/light/images/radiobutton-indicator-checked-pressed@2x.png (100%)
 rename {single_QGalleryX-Standalone => deprecated/single_QGalleryX-Standalone}/bin/qml/QtQuick/Controls/FluentWinUI3/light/images/radiobutton-indicator-checked-pressed@3x.png (100%)
 rename {single_QGalleryX-Standalone => deprecated/single_QGalleryX-Standalone}/bin/qml/QtQuick/Controls/FluentWinUI3/light/images/radiobutton-indicator-checked.png (100%)
 rename {single_QGalleryX-Standalone => deprecated/single_QGalleryX-Standalone}/bin/qml/QtQuick/Controls/FluentWinUI3/light/images/radiobutton-indicator-checked@2x.png (100%)
 rename {single_QGalleryX-Standalone => deprecated/single_QGalleryX-Standalone}/bin/qml/QtQuick/Controls/FluentWinUI3/light/images/radiobutton-indicator-checked@3x.png (100%)
 rename {single_QGalleryX-Standalone => deprecated/single_QGalleryX-Standalone}/bin/qml/QtQuick/Controls/FluentWinUI3/light/images/radiobutton-indicator-disabled.png (100%)
 rename {single_QGalleryX-Standalone => deprecated/single_QGalleryX-Standalone}/bin/qml/QtQuick/Controls/FluentWinUI3/light/images/radiobutton-indicator-disabled@2x.png (100%)
 rename {single_QGalleryX-Standalone => deprecated/single_QGalleryX-Standalone}/bin/qml/QtQuick/Controls/FluentWinUI3/light/images/radiobutton-indicator-disabled@3x.png (100%)
 rename {single_QGalleryX-Standalone => deprecated/single_QGalleryX-Standalone}/bin/qml/QtQuick/Controls/FluentWinUI3/light/images/radiobutton-indicator-hovered.png (100%)
 rename {single_QGalleryX-Standalone => deprecated/single_QGalleryX-Standalone}/bin/qml/QtQuick/Controls/FluentWinUI3/light/images/radiobutton-indicator-hovered@2x.png (100%)
 rename {single_QGalleryX-Standalone => deprecated/single_QGalleryX-Standalone}/bin/qml/QtQuick/Controls/FluentWinUI3/light/images/radiobutton-indicator-hovered@3x.png (100%)
 rename {single_QGalleryX-Standalone => deprecated/single_QGalleryX-Standalone}/bin/qml/QtQuick/Controls/FluentWinUI3/light/images/radiobutton-indicator-pressed.png (100%)
 rename {single_QGalleryX-Standalone => deprecated/single_QGalleryX-Standalone}/bin/qml/QtQuick/Controls/FluentWinUI3/light/images/radiobutton-indicator-pressed@2x.png (100%)
 rename {single_QGalleryX-Standalone => deprecated/single_QGalleryX-Standalone}/bin/qml/QtQuick/Controls/FluentWinUI3/light/images/radiobutton-indicator-pressed@3x.png (100%)
 rename {single_QGalleryX-Standalone => deprecated/single_QGalleryX-Standalone}/bin/qml/QtQuick/Controls/FluentWinUI3/light/images/radiobutton-indicator.png (100%)
 rename {single_QGalleryX-Standalone => deprecated/single_QGalleryX-Standalone}/bin/qml/QtQuick/Controls/FluentWinUI3/light/images/radiobutton-indicator@2x.png (100%)
 rename {single_QGalleryX-Standalone => deprecated/single_QGalleryX-Standalone}/bin/qml/QtQuick/Controls/FluentWinUI3/light/images/radiobutton-indicator@3x.png (100%)
 rename {single_QGalleryX-Standalone => deprecated/single_QGalleryX-Standalone}/bin/qml/QtQuick/Controls/FluentWinUI3/light/images/rangeslider-first-handle-disabled.png (100%)
 rename {single_QGalleryX-Standalone => deprecated/single_QGalleryX-Standalone}/bin/qml/QtQuick/Controls/FluentWinUI3/light/images/rangeslider-first-handle-disabled@2x.png (100%)
 rename {single_QGalleryX-Standalone => deprecated/single_QGalleryX-Standalone}/bin/qml/QtQuick/Controls/FluentWinUI3/light/images/rangeslider-first-handle-disabled@3x.png (100%)
 rename {single_QGalleryX-Standalone => deprecated/single_QGalleryX-Standalone}/bin/qml/QtQuick/Controls/FluentWinUI3/light/images/rangeslider-first-handle-handle-pressed.png (100%)
 rename {single_QGalleryX-Standalone => deprecated/single_QGalleryX-Standalone}/bin/qml/QtQuick/Controls/FluentWinUI3/light/images/rangeslider-first-handle-handle-pressed@2x.png (100%)
 rename {single_QGalleryX-Standalone => deprecated/single_QGalleryX-Standalone}/bin/qml/QtQuick/Controls/FluentWinUI3/light/images/rangeslider-first-handle-handle-pressed@3x.png (100%)
 rename {single_QGalleryX-Standalone => deprecated/single_QGalleryX-Standalone}/bin/qml/QtQuick/Controls/FluentWinUI3/light/images/rangeslider-first-handle-hovered.png (100%)
 rename {single_QGalleryX-Standalone => deprecated/single_QGalleryX-Standalone}/bin/qml/QtQuick/Controls/FluentWinUI3/light/images/rangeslider-first-handle-hovered@2x.png (100%)
 rename {single_QGalleryX-Standalone => deprecated/single_QGalleryX-Standalone}/bin/qml/QtQuick/Controls/FluentWinUI3/light/images/rangeslider-first-handle-hovered@3x.png (100%)
 rename {single_QGalleryX-Standalone => deprecated/single_QGalleryX-Standalone}/bin/qml/QtQuick/Controls/FluentWinUI3/light/images/rangeslider-first-handle.png (100%)
 rename {single_QGalleryX-Standalone => deprecated/single_QGalleryX-Standalone}/bin/qml/QtQuick/Controls/FluentWinUI3/light/images/rangeslider-first-handle@2x.png (100%)
 rename {single_QGalleryX-Standalone => deprecated/single_QGalleryX-Standalone}/bin/qml/QtQuick/Controls/FluentWinUI3/light/images/rangeslider-first-handle@3x.png (100%)
 rename {single_QGalleryX-Standalone => deprecated/single_QGalleryX-Standalone}/bin/qml/QtQuick/Controls/FluentWinUI3/light/images/rangeslider-groove-disabled.png (100%)
 rename {single_QGalleryX-Standalone => deprecated/single_QGalleryX-Standalone}/bin/qml/QtQuick/Controls/FluentWinUI3/light/images/rangeslider-groove-disabled@2x.png (100%)
 rename {single_QGalleryX-Standalone => deprecated/single_QGalleryX-Standalone}/bin/qml/QtQuick/Controls/FluentWinUI3/light/images/rangeslider-groove-disabled@3x.png (100%)
 rename {single_QGalleryX-Standalone => deprecated/single_QGalleryX-Standalone}/bin/qml/QtQuick/Controls/FluentWinUI3/light/images/rangeslider-groove-handle-pressed.png (100%)
 rename {single_QGalleryX-Standalone => deprecated/single_QGalleryX-Standalone}/bin/qml/QtQuick/Controls/FluentWinUI3/light/images/rangeslider-groove-handle-pressed@2x.png (100%)
 rename {single_QGalleryX-Standalone => deprecated/single_QGalleryX-Standalone}/bin/qml/QtQuick/Controls/FluentWinUI3/light/images/rangeslider-groove-handle-pressed@3x.png (100%)
 rename {single_QGalleryX-Standalone => deprecated/single_QGalleryX-Standalone}/bin/qml/QtQuick/Controls/FluentWinUI3/light/images/rangeslider-groove-hovered.png (100%)
 rename {single_QGalleryX-Standalone => deprecated/single_QGalleryX-Standalone}/bin/qml/QtQuick/Controls/FluentWinUI3/light/images/rangeslider-groove-hovered@2x.png (100%)
 rename {single_QGalleryX-Standalone => deprecated/single_QGalleryX-Standalone}/bin/qml/QtQuick/Controls/FluentWinUI3/light/images/rangeslider-groove-hovered@3x.png (100%)
 rename {single_QGalleryX-Standalone => deprecated/single_QGalleryX-Standalone}/bin/qml/QtQuick/Controls/FluentWinUI3/light/images/rangeslider-groove.png (100%)
 rename {single_QGalleryX-Standalone => deprecated/single_QGalleryX-Standalone}/bin/qml/QtQuick/Controls/FluentWinUI3/light/images/rangeslider-groove@2x.png (100%)
 rename {single_QGalleryX-Standalone => deprecated/single_QGalleryX-Standalone}/bin/qml/QtQuick/Controls/FluentWinUI3/light/images/rangeslider-groove@3x.png (100%)
 rename {single_QGalleryX-Standalone => deprecated/single_QGalleryX-Standalone}/bin/qml/QtQuick/Controls/FluentWinUI3/light/images/rangeslider-second-handle-disabled.png (100%)
 rename {single_QGalleryX-Standalone => deprecated/single_QGalleryX-Standalone}/bin/qml/QtQuick/Controls/FluentWinUI3/light/images/rangeslider-second-handle-disabled@2x.png (100%)
 rename {single_QGalleryX-Standalone => deprecated/single_QGalleryX-Standalone}/bin/qml/QtQuick/Controls/FluentWinUI3/light/images/rangeslider-second-handle-disabled@3x.png (100%)
 rename {single_QGalleryX-Standalone => deprecated/single_QGalleryX-Standalone}/bin/qml/QtQuick/Controls/FluentWinUI3/light/images/rangeslider-second-handle-handle-pressed.png (100%)
 rename {single_QGalleryX-Standalone => deprecated/single_QGalleryX-Standalone}/bin/qml/QtQuick/Controls/FluentWinUI3/light/images/rangeslider-second-handle-handle-pressed@2x.png (100%)
 rename {single_QGalleryX-Standalone => deprecated/single_QGalleryX-Standalone}/bin/qml/QtQuick/Controls/FluentWinUI3/light/images/rangeslider-second-handle-handle-pressed@3x.png (100%)
 rename {single_QGalleryX-Standalone => deprecated/single_QGalleryX-Standalone}/bin/qml/QtQuick/Controls/FluentWinUI3/light/images/rangeslider-second-handle-hovered.png (100%)
 rename {single_QGalleryX-Standalone => deprecated/single_QGalleryX-Standalone}/bin/qml/QtQuick/Controls/FluentWinUI3/light/images/rangeslider-second-handle-hovered@2x.png (100%)
 rename {single_QGalleryX-Standalone => deprecated/single_QGalleryX-Standalone}/bin/qml/QtQuick/Controls/FluentWinUI3/light/images/rangeslider-second-handle-hovered@3x.png (100%)
 rename {single_QGalleryX-Standalone => deprecated/single_QGalleryX-Standalone}/bin/qml/QtQuick/Controls/FluentWinUI3/light/images/rangeslider-second-handle.png (100%)
 rename {single_QGalleryX-Standalone => deprecated/single_QGalleryX-Standalone}/bin/qml/QtQuick/Controls/FluentWinUI3/light/images/rangeslider-second-handle@2x.png (100%)
 rename {single_QGalleryX-Standalone => deprecated/single_QGalleryX-Standalone}/bin/qml/QtQuick/Controls/FluentWinUI3/light/images/rangeslider-second-handle@3x.png (100%)
 rename {single_QGalleryX-Standalone => deprecated/single_QGalleryX-Standalone}/bin/qml/QtQuick/Controls/FluentWinUI3/light/images/slider-groove-disabled.png (100%)
 rename {single_QGalleryX-Standalone => deprecated/single_QGalleryX-Standalone}/bin/qml/QtQuick/Controls/FluentWinUI3/light/images/slider-groove-disabled@2x.png (100%)
 rename {single_QGalleryX-Standalone => deprecated/single_QGalleryX-Standalone}/bin/qml/QtQuick/Controls/FluentWinUI3/light/images/slider-groove-disabled@3x.png (100%)
 rename {single_QGalleryX-Standalone => deprecated/single_QGalleryX-Standalone}/bin/qml/QtQuick/Controls/FluentWinUI3/light/images/slider-groove-hovered.png (100%)
 rename {single_QGalleryX-Standalone => deprecated/single_QGalleryX-Standalone}/bin/qml/QtQuick/Controls/FluentWinUI3/light/images/slider-groove-hovered@2x.png (100%)
 rename {single_QGalleryX-Standalone => deprecated/single_QGalleryX-Standalone}/bin/qml/QtQuick/Controls/FluentWinUI3/light/images/slider-groove-hovered@3x.png (100%)
 rename {single_QGalleryX-Standalone => deprecated/single_QGalleryX-Standalone}/bin/qml/QtQuick/Controls/FluentWinUI3/light/images/slider-groove-pressed.png (100%)
 rename {single_QGalleryX-Standalone => deprecated/single_QGalleryX-Standalone}/bin/qml/QtQuick/Controls/FluentWinUI3/light/images/slider-groove-pressed@2x.png (100%)
 rename {single_QGalleryX-Standalone => deprecated/single_QGalleryX-Standalone}/bin/qml/QtQuick/Controls/FluentWinUI3/light/images/slider-groove-pressed@3x.png (100%)
 rename {single_QGalleryX-Standalone => deprecated/single_QGalleryX-Standalone}/bin/qml/QtQuick/Controls/FluentWinUI3/light/images/slider-groove.png (100%)
 rename {single_QGalleryX-Standalone => deprecated/single_QGalleryX-Standalone}/bin/qml/QtQuick/Controls/FluentWinUI3/light/images/slider-groove@2x.png (100%)
 rename {single_QGalleryX-Standalone => deprecated/single_QGalleryX-Standalone}/bin/qml/QtQuick/Controls/FluentWinUI3/light/images/slider-groove@3x.png (100%)
 rename {single_QGalleryX-Standalone => deprecated/single_QGalleryX-Standalone}/bin/qml/QtQuick/Controls/FluentWinUI3/light/images/slider-handle-disabled.png (100%)
 rename {single_QGalleryX-Standalone => deprecated/single_QGalleryX-Standalone}/bin/qml/QtQuick/Controls/FluentWinUI3/light/images/slider-handle-disabled@2x.png (100%)
 rename {single_QGalleryX-Standalone => deprecated/single_QGalleryX-Standalone}/bin/qml/QtQuick/Controls/FluentWinUI3/light/images/slider-handle-disabled@3x.png (100%)
 rename {single_QGalleryX-Standalone => deprecated/single_QGalleryX-Standalone}/bin/qml/QtQuick/Controls/FluentWinUI3/light/images/slider-handle-hovered.png (100%)
 rename {single_QGalleryX-Standalone => deprecated/single_QGalleryX-Standalone}/bin/qml/QtQuick/Controls/FluentWinUI3/light/images/slider-handle-hovered@2x.png (100%)
 rename {single_QGalleryX-Standalone => deprecated/single_QGalleryX-Standalone}/bin/qml/QtQuick/Controls/FluentWinUI3/light/images/slider-handle-hovered@3x.png (100%)
 rename {single_QGalleryX-Standalone => deprecated/single_QGalleryX-Standalone}/bin/qml/QtQuick/Controls/FluentWinUI3/light/images/slider-handle-pressed.png (100%)
 rename {single_QGalleryX-Standalone => deprecated/single_QGalleryX-Standalone}/bin/qml/QtQuick/Controls/FluentWinUI3/light/images/slider-handle-pressed@2x.png (100%)
 rename {single_QGalleryX-Standalone => deprecated/single_QGalleryX-Standalone}/bin/qml/QtQuick/Controls/FluentWinUI3/light/images/slider-handle-pressed@3x.png (100%)
 rename {single_QGalleryX-Standalone => deprecated/single_QGalleryX-Standalone}/bin/qml/QtQuick/Controls/FluentWinUI3/light/images/slider-handle.png (100%)
 rename {single_QGalleryX-Standalone => deprecated/single_QGalleryX-Standalone}/bin/qml/QtQuick/Controls/FluentWinUI3/light/images/slider-handle@2x.png (100%)
 rename {single_QGalleryX-Standalone => deprecated/single_QGalleryX-Standalone}/bin/qml/QtQuick/Controls/FluentWinUI3/light/images/slider-handle@3x.png (100%)
 rename {single_QGalleryX-Standalone => deprecated/single_QGalleryX-Standalone}/bin/qml/QtQuick/Controls/FluentWinUI3/light/images/spinbox-background-atlimit.png (100%)
 rename {single_QGalleryX-Standalone => deprecated/single_QGalleryX-Standalone}/bin/qml/QtQuick/Controls/FluentWinUI3/light/images/spinbox-background-atlimit@2x.png (100%)
 rename {single_QGalleryX-Standalone => deprecated/single_QGalleryX-Standalone}/bin/qml/QtQuick/Controls/FluentWinUI3/light/images/spinbox-background-atlimit@3x.png (100%)
 rename {single_QGalleryX-Standalone => deprecated/single_QGalleryX-Standalone}/bin/qml/QtQuick/Controls/FluentWinUI3/light/images/spinbox-background-disabled.png (100%)
 rename {single_QGalleryX-Standalone => deprecated/single_QGalleryX-Standalone}/bin/qml/QtQuick/Controls/FluentWinUI3/light/images/spinbox-background-disabled@2x.png (100%)
 rename {single_QGalleryX-Standalone => deprecated/single_QGalleryX-Standalone}/bin/qml/QtQuick/Controls/FluentWinUI3/light/images/spinbox-background-disabled@3x.png (100%)
 rename {single_QGalleryX-Standalone => deprecated/single_QGalleryX-Standalone}/bin/qml/QtQuick/Controls/FluentWinUI3/light/images/spinbox-background-down-hovered.png (100%)
 rename {single_QGalleryX-Standalone => deprecated/single_QGalleryX-Standalone}/bin/qml/QtQuick/Controls/FluentWinUI3/light/images/spinbox-background-down-hovered@2x.png (100%)
 rename {single_QGalleryX-Standalone => deprecated/single_QGalleryX-Standalone}/bin/qml/QtQuick/Controls/FluentWinUI3/light/images/spinbox-background-down-hovered@3x.png (100%)
 rename {single_QGalleryX-Standalone => deprecated/single_QGalleryX-Standalone}/bin/qml/QtQuick/Controls/FluentWinUI3/light/images/spinbox-background-down-pressed.png (100%)
 rename {single_QGalleryX-Standalone => deprecated/single_QGalleryX-Standalone}/bin/qml/QtQuick/Controls/FluentWinUI3/light/images/spinbox-background-down-pressed@2x.png (100%)
 rename {single_QGalleryX-Standalone => deprecated/single_QGalleryX-Standalone}/bin/qml/QtQuick/Controls/FluentWinUI3/light/images/spinbox-background-down-pressed@3x.png (100%)
 rename {single_QGalleryX-Standalone => deprecated/single_QGalleryX-Standalone}/bin/qml/QtQuick/Controls/FluentWinUI3/light/images/spinbox-background-hovered.png (100%)
 rename {single_QGalleryX-Standalone => deprecated/single_QGalleryX-Standalone}/bin/qml/QtQuick/Controls/FluentWinUI3/light/images/spinbox-background-hovered@2x.png (100%)
 rename {single_QGalleryX-Standalone => deprecated/single_QGalleryX-Standalone}/bin/qml/QtQuick/Controls/FluentWinUI3/light/images/spinbox-background-hovered@3x.png (100%)
 rename {single_QGalleryX-Standalone => deprecated/single_QGalleryX-Standalone}/bin/qml/QtQuick/Controls/FluentWinUI3/light/images/spinbox-background-up-hovered.png (100%)
 rename {single_QGalleryX-Standalone => deprecated/single_QGalleryX-Standalone}/bin/qml/QtQuick/Controls/FluentWinUI3/light/images/spinbox-background-up-hovered@2x.png (100%)
 rename {single_QGalleryX-Standalone => deprecated/single_QGalleryX-Standalone}/bin/qml/QtQuick/Controls/FluentWinUI3/light/images/spinbox-background-up-hovered@3x.png (100%)
 rename {single_QGalleryX-Standalone => deprecated/single_QGalleryX-Standalone}/bin/qml/QtQuick/Controls/FluentWinUI3/light/images/spinbox-background-up-pressed.png (100%)
 rename {single_QGalleryX-Standalone => deprecated/single_QGalleryX-Standalone}/bin/qml/QtQuick/Controls/FluentWinUI3/light/images/spinbox-background-up-pressed@2x.png (100%)
 rename {single_QGalleryX-Standalone => deprecated/single_QGalleryX-Standalone}/bin/qml/QtQuick/Controls/FluentWinUI3/light/images/spinbox-background-up-pressed@3x.png (100%)
 rename {single_QGalleryX-Standalone => deprecated/single_QGalleryX-Standalone}/bin/qml/QtQuick/Controls/FluentWinUI3/light/images/spinbox-background.png (100%)
 rename {single_QGalleryX-Standalone => deprecated/single_QGalleryX-Standalone}/bin/qml/QtQuick/Controls/FluentWinUI3/light/images/spinbox-background@2x.png (100%)
 rename {single_QGalleryX-Standalone => deprecated/single_QGalleryX-Standalone}/bin/qml/QtQuick/Controls/FluentWinUI3/light/images/spinbox-background@3x.png (100%)
 rename {single_QGalleryX-Standalone => deprecated/single_QGalleryX-Standalone}/bin/qml/QtQuick/Controls/FluentWinUI3/light/images/spinbox-indicator-down-background-atlimit.png (100%)
 rename {single_QGalleryX-Standalone => deprecated/single_QGalleryX-Standalone}/bin/qml/QtQuick/Controls/FluentWinUI3/light/images/spinbox-indicator-down-background-atlimit@2x.png (100%)
 rename {single_QGalleryX-Standalone => deprecated/single_QGalleryX-Standalone}/bin/qml/QtQuick/Controls/FluentWinUI3/light/images/spinbox-indicator-down-background-atlimit@3x.png (100%)
 rename {single_QGalleryX-Standalone => deprecated/single_QGalleryX-Standalone}/bin/qml/QtQuick/Controls/FluentWinUI3/light/images/spinbox-indicator-down-background-disabled.png (100%)
 rename {single_QGalleryX-Standalone => deprecated/single_QGalleryX-Standalone}/bin/qml/QtQuick/Controls/FluentWinUI3/light/images/spinbox-indicator-down-background-disabled@2x.png (100%)
 rename {single_QGalleryX-Standalone => deprecated/single_QGalleryX-Standalone}/bin/qml/QtQuick/Controls/FluentWinUI3/light/images/spinbox-indicator-down-background-disabled@3x.png (100%)
 rename {single_QGalleryX-Standalone => deprecated/single_QGalleryX-Standalone}/bin/qml/QtQuick/Controls/FluentWinUI3/light/images/spinbox-indicator-down-background-down-hovered.png (100%)
 rename {single_QGalleryX-Standalone => deprecated/single_QGalleryX-Standalone}/bin/qml/QtQuick/Controls/FluentWinUI3/light/images/spinbox-indicator-down-background-down-hovered@2x.png (100%)
 rename {single_QGalleryX-Standalone => deprecated/single_QGalleryX-Standalone}/bin/qml/QtQuick/Controls/FluentWinUI3/light/images/spinbox-indicator-down-background-down-hovered@3x.png (100%)
 rename {single_QGalleryX-Standalone => deprecated/single_QGalleryX-Standalone}/bin/qml/QtQuick/Controls/FluentWinUI3/light/images/spinbox-indicator-down-background-down-pressed.png (100%)
 rename {single_QGalleryX-Standalone => deprecated/single_QGalleryX-Standalone}/bin/qml/QtQuick/Controls/FluentWinUI3/light/images/spinbox-indicator-down-background-down-pressed@2x.png (100%)
 rename {single_QGalleryX-Standalone => deprecated/single_QGalleryX-Standalone}/bin/qml/QtQuick/Controls/FluentWinUI3/light/images/spinbox-indicator-down-background-down-pressed@3x.png (100%)
 rename {single_QGalleryX-Standalone => deprecated/single_QGalleryX-Standalone}/bin/qml/QtQuick/Controls/FluentWinUI3/light/images/spinbox-indicator-down-background-hovered.png (100%)
 rename {single_QGalleryX-Standalone => deprecated/single_QGalleryX-Standalone}/bin/qml/QtQuick/Controls/FluentWinUI3/light/images/spinbox-indicator-down-background-hovered@2x.png (100%)
 rename {single_QGalleryX-Standalone => deprecated/single_QGalleryX-Standalone}/bin/qml/QtQuick/Controls/FluentWinUI3/light/images/spinbox-indicator-down-background-hovered@3x.png (100%)
 rename {single_QGalleryX-Standalone => deprecated/single_QGalleryX-Standalone}/bin/qml/QtQuick/Controls/FluentWinUI3/light/images/spinbox-indicator-down-background-up-hovered.png (100%)
 rename {single_QGalleryX-Standalone => deprecated/single_QGalleryX-Standalone}/bin/qml/QtQuick/Controls/FluentWinUI3/light/images/spinbox-indicator-down-background-up-hovered@2x.png (100%)
 rename {single_QGalleryX-Standalone => deprecated/single_QGalleryX-Standalone}/bin/qml/QtQuick/Controls/FluentWinUI3/light/images/spinbox-indicator-down-background-up-hovered@3x.png (100%)
 rename {single_QGalleryX-Standalone => deprecated/single_QGalleryX-Standalone}/bin/qml/QtQuick/Controls/FluentWinUI3/light/images/spinbox-indicator-down-background-up-pressed.png (100%)
 rename {single_QGalleryX-Standalone => deprecated/single_QGalleryX-Standalone}/bin/qml/QtQuick/Controls/FluentWinUI3/light/images/spinbox-indicator-down-background-up-pressed@2x.png (100%)
 rename {single_QGalleryX-Standalone => deprecated/single_QGalleryX-Standalone}/bin/qml/QtQuick/Controls/FluentWinUI3/light/images/spinbox-indicator-down-background-up-pressed@3x.png (100%)
 rename {single_QGalleryX-Standalone => deprecated/single_QGalleryX-Standalone}/bin/qml/QtQuick/Controls/FluentWinUI3/light/images/spinbox-indicator-down-background.png (100%)
 rename {single_QGalleryX-Standalone => deprecated/single_QGalleryX-Standalone}/bin/qml/QtQuick/Controls/FluentWinUI3/light/images/spinbox-indicator-down-background@2x.png (100%)
 rename {single_QGalleryX-Standalone => deprecated/single_QGalleryX-Standalone}/bin/qml/QtQuick/Controls/FluentWinUI3/light/images/spinbox-indicator-down-background@3x.png (100%)
 rename {single_QGalleryX-Standalone => deprecated/single_QGalleryX-Standalone}/bin/qml/QtQuick/Controls/FluentWinUI3/light/images/spinbox-indicator-down-icon-atlimit.png (100%)
 rename {single_QGalleryX-Standalone => deprecated/single_QGalleryX-Standalone}/bin/qml/QtQuick/Controls/FluentWinUI3/light/images/spinbox-indicator-down-icon-atlimit@2x.png (100%)
 rename {single_QGalleryX-Standalone => deprecated/single_QGalleryX-Standalone}/bin/qml/QtQuick/Controls/FluentWinUI3/light/images/spinbox-indicator-down-icon-atlimit@3x.png (100%)
 rename {single_QGalleryX-Standalone => deprecated/single_QGalleryX-Standalone}/bin/qml/QtQuick/Controls/FluentWinUI3/light/images/spinbox-indicator-down-icon-disabled.png (100%)
 rename {single_QGalleryX-Standalone => deprecated/single_QGalleryX-Standalone}/bin/qml/QtQuick/Controls/FluentWinUI3/light/images/spinbox-indicator-down-icon-disabled@2x.png (100%)
 rename {single_QGalleryX-Standalone => deprecated/single_QGalleryX-Standalone}/bin/qml/QtQuick/Controls/FluentWinUI3/light/images/spinbox-indicator-down-icon-disabled@3x.png (100%)
 rename {single_QGalleryX-Standalone => deprecated/single_QGalleryX-Standalone}/bin/qml/QtQuick/Controls/FluentWinUI3/light/images/spinbox-indicator-down-icon-down-hovered.png (100%)
 rename {single_QGalleryX-Standalone => deprecated/single_QGalleryX-Standalone}/bin/qml/QtQuick/Controls/FluentWinUI3/light/images/spinbox-indicator-down-icon-down-hovered@2x.png (100%)
 rename {single_QGalleryX-Standalone => deprecated/single_QGalleryX-Standalone}/bin/qml/QtQuick/Controls/FluentWinUI3/light/images/spinbox-indicator-down-icon-down-hovered@3x.png (100%)
 rename {single_QGalleryX-Standalone => deprecated/single_QGalleryX-Standalone}/bin/qml/QtQuick/Controls/FluentWinUI3/light/images/spinbox-indicator-down-icon-down-pressed.png (100%)
 rename {single_QGalleryX-Standalone => deprecated/single_QGalleryX-Standalone}/bin/qml/QtQuick/Controls/FluentWinUI3/light/images/spinbox-indicator-down-icon-down-pressed@2x.png (100%)
 rename {single_QGalleryX-Standalone => deprecated/single_QGalleryX-Standalone}/bin/qml/QtQuick/Controls/FluentWinUI3/light/images/spinbox-indicator-down-icon-down-pressed@3x.png (100%)
 rename {single_QGalleryX-Standalone => deprecated/single_QGalleryX-Standalone}/bin/qml/QtQuick/Controls/FluentWinUI3/light/images/spinbox-indicator-down-icon-hovered.png (100%)
 rename {single_QGalleryX-Standalone => deprecated/single_QGalleryX-Standalone}/bin/qml/QtQuick/Controls/FluentWinUI3/light/images/spinbox-indicator-down-icon-hovered@2x.png (100%)
 rename {single_QGalleryX-Standalone => deprecated/single_QGalleryX-Standalone}/bin/qml/QtQuick/Controls/FluentWinUI3/light/images/spinbox-indicator-down-icon-hovered@3x.png (100%)
 rename {single_QGalleryX-Standalone => deprecated/single_QGalleryX-Standalone}/bin/qml/QtQuick/Controls/FluentWinUI3/light/images/spinbox-indicator-down-icon-up-hovered.png (100%)
 rename {single_QGalleryX-Standalone => deprecated/single_QGalleryX-Standalone}/bin/qml/QtQuick/Controls/FluentWinUI3/light/images/spinbox-indicator-down-icon-up-hovered@2x.png (100%)
 rename {single_QGalleryX-Standalone => deprecated/single_QGalleryX-Standalone}/bin/qml/QtQuick/Controls/FluentWinUI3/light/images/spinbox-indicator-down-icon-up-hovered@3x.png (100%)
 rename {single_QGalleryX-Standalone => deprecated/single_QGalleryX-Standalone}/bin/qml/QtQuick/Controls/FluentWinUI3/light/images/spinbox-indicator-down-icon-up-pressed.png (100%)
 rename {single_QGalleryX-Standalone => deprecated/single_QGalleryX-Standalone}/bin/qml/QtQuick/Controls/FluentWinUI3/light/images/spinbox-indicator-down-icon-up-pressed@2x.png (100%)
 rename {single_QGalleryX-Standalone => deprecated/single_QGalleryX-Standalone}/bin/qml/QtQuick/Controls/FluentWinUI3/light/images/spinbox-indicator-down-icon-up-pressed@3x.png (100%)
 rename {single_QGalleryX-Standalone => deprecated/single_QGalleryX-Standalone}/bin/qml/QtQuick/Controls/FluentWinUI3/light/images/spinbox-indicator-down-icon.png (100%)
 rename {single_QGalleryX-Standalone => deprecated/single_QGalleryX-Standalone}/bin/qml/QtQuick/Controls/FluentWinUI3/light/images/spinbox-indicator-down-icon@2x.png (100%)
 rename {single_QGalleryX-Standalone => deprecated/single_QGalleryX-Standalone}/bin/qml/QtQuick/Controls/FluentWinUI3/light/images/spinbox-indicator-down-icon@3x.png (100%)
 rename {single_QGalleryX-Standalone => deprecated/single_QGalleryX-Standalone}/bin/qml/QtQuick/Controls/FluentWinUI3/light/images/spinbox-indicator-up-background-atlimit.png (100%)
 rename {single_QGalleryX-Standalone => deprecated/single_QGalleryX-Standalone}/bin/qml/QtQuick/Controls/FluentWinUI3/light/images/spinbox-indicator-up-background-atlimit@2x.png (100%)
 rename {single_QGalleryX-Standalone => deprecated/single_QGalleryX-Standalone}/bin/qml/QtQuick/Controls/FluentWinUI3/light/images/spinbox-indicator-up-background-atlimit@3x.png (100%)
 rename {single_QGalleryX-Standalone => deprecated/single_QGalleryX-Standalone}/bin/qml/QtQuick/Controls/FluentWinUI3/light/images/spinbox-indicator-up-background-disabled.png (100%)
 rename {single_QGalleryX-Standalone => deprecated/single_QGalleryX-Standalone}/bin/qml/QtQuick/Controls/FluentWinUI3/light/images/spinbox-indicator-up-background-disabled@2x.png (100%)
 rename {single_QGalleryX-Standalone => deprecated/single_QGalleryX-Standalone}/bin/qml/QtQuick/Controls/FluentWinUI3/light/images/spinbox-indicator-up-background-disabled@3x.png (100%)
 rename {single_QGalleryX-Standalone => deprecated/single_QGalleryX-Standalone}/bin/qml/QtQuick/Controls/FluentWinUI3/light/images/spinbox-indicator-up-background-down-hovered.png (100%)
 rename {single_QGalleryX-Standalone => deprecated/single_QGalleryX-Standalone}/bin/qml/QtQuick/Controls/FluentWinUI3/light/images/spinbox-indicator-up-background-down-hovered@2x.png (100%)
 rename {single_QGalleryX-Standalone => deprecated/single_QGalleryX-Standalone}/bin/qml/QtQuick/Controls/FluentWinUI3/light/images/spinbox-indicator-up-background-down-hovered@3x.png (100%)
 rename {single_QGalleryX-Standalone => deprecated/single_QGalleryX-Standalone}/bin/qml/QtQuick/Controls/FluentWinUI3/light/images/spinbox-indicator-up-background-down-pressed.png (100%)
 rename {single_QGalleryX-Standalone => deprecated/single_QGalleryX-Standalone}/bin/qml/QtQuick/Controls/FluentWinUI3/light/images/spinbox-indicator-up-background-down-pressed@2x.png (100%)
 rename {single_QGalleryX-Standalone => deprecated/single_QGalleryX-Standalone}/bin/qml/QtQuick/Controls/FluentWinUI3/light/images/spinbox-indicator-up-background-down-pressed@3x.png (100%)
 rename {single_QGalleryX-Standalone => deprecated/single_QGalleryX-Standalone}/bin/qml/QtQuick/Controls/FluentWinUI3/light/images/spinbox-indicator-up-background-hovered.png (100%)
 rename {single_QGalleryX-Standalone => deprecated/single_QGalleryX-Standalone}/bin/qml/QtQuick/Controls/FluentWinUI3/light/images/spinbox-indicator-up-background-hovered@2x.png (100%)
 rename {single_QGalleryX-Standalone => deprecated/single_QGalleryX-Standalone}/bin/qml/QtQuick/Controls/FluentWinUI3/light/images/spinbox-indicator-up-background-hovered@3x.png (100%)
 rename {single_QGalleryX-Standalone => deprecated/single_QGalleryX-Standalone}/bin/qml/QtQuick/Controls/FluentWinUI3/light/images/spinbox-indicator-up-background-up-hovered.png (100%)
 rename {single_QGalleryX-Standalone => deprecated/single_QGalleryX-Standalone}/bin/qml/QtQuick/Controls/FluentWinUI3/light/images/spinbox-indicator-up-background-up-hovered@2x.png (100%)
 rename {single_QGalleryX-Standalone => deprecated/single_QGalleryX-Standalone}/bin/qml/QtQuick/Controls/FluentWinUI3/light/images/spinbox-indicator-up-background-up-hovered@3x.png (100%)
 rename {single_QGalleryX-Standalone => deprecated/single_QGalleryX-Standalone}/bin/qml/QtQuick/Controls/FluentWinUI3/light/images/spinbox-indicator-up-background-up-pressed.png (100%)
 rename {single_QGalleryX-Standalone => deprecated/single_QGalleryX-Standalone}/bin/qml/QtQuick/Controls/FluentWinUI3/light/images/spinbox-indicator-up-background-up-pressed@2x.png (100%)
 rename {single_QGalleryX-Standalone => deprecated/single_QGalleryX-Standalone}/bin/qml/QtQuick/Controls/FluentWinUI3/light/images/spinbox-indicator-up-background-up-pressed@3x.png (100%)
 rename {single_QGalleryX-Standalone => deprecated/single_QGalleryX-Standalone}/bin/qml/QtQuick/Controls/FluentWinUI3/light/images/spinbox-indicator-up-background.png (100%)
 rename {single_QGalleryX-Standalone => deprecated/single_QGalleryX-Standalone}/bin/qml/QtQuick/Controls/FluentWinUI3/light/images/spinbox-indicator-up-background@2x.png (100%)
 rename {single_QGalleryX-Standalone => deprecated/single_QGalleryX-Standalone}/bin/qml/QtQuick/Controls/FluentWinUI3/light/images/spinbox-indicator-up-background@3x.png (100%)
 rename {single_QGalleryX-Standalone => deprecated/single_QGalleryX-Standalone}/bin/qml/QtQuick/Controls/FluentWinUI3/light/images/spinbox-indicator-up-icon-atlimit.png (100%)
 rename {single_QGalleryX-Standalone => deprecated/single_QGalleryX-Standalone}/bin/qml/QtQuick/Controls/FluentWinUI3/light/images/spinbox-indicator-up-icon-atlimit@2x.png (100%)
 rename {single_QGalleryX-Standalone => deprecated/single_QGalleryX-Standalone}/bin/qml/QtQuick/Controls/FluentWinUI3/light/images/spinbox-indicator-up-icon-atlimit@3x.png (100%)
 rename {single_QGalleryX-Standalone => deprecated/single_QGalleryX-Standalone}/bin/qml/QtQuick/Controls/FluentWinUI3/light/images/spinbox-indicator-up-icon-disabled.png (100%)
 rename {single_QGalleryX-Standalone => deprecated/single_QGalleryX-Standalone}/bin/qml/QtQuick/Controls/FluentWinUI3/light/images/spinbox-indicator-up-icon-disabled@2x.png (100%)
 rename {single_QGalleryX-Standalone => deprecated/single_QGalleryX-Standalone}/bin/qml/QtQuick/Controls/FluentWinUI3/light/images/spinbox-indicator-up-icon-disabled@3x.png (100%)
 rename {single_QGalleryX-Standalone => deprecated/single_QGalleryX-Standalone}/bin/qml/QtQuick/Controls/FluentWinUI3/light/images/spinbox-indicator-up-icon-down-hovered.png (100%)
 rename {single_QGalleryX-Standalone => deprecated/single_QGalleryX-Standalone}/bin/qml/QtQuick/Controls/FluentWinUI3/light/images/spinbox-indicator-up-icon-down-hovered@2x.png (100%)
 rename {single_QGalleryX-Standalone => deprecated/single_QGalleryX-Standalone}/bin/qml/QtQuick/Controls/FluentWinUI3/light/images/spinbox-indicator-up-icon-down-hovered@3x.png (100%)
 rename {single_QGalleryX-Standalone => deprecated/single_QGalleryX-Standalone}/bin/qml/QtQuick/Controls/FluentWinUI3/light/images/spinbox-indicator-up-icon-down-pressed.png (100%)
 rename {single_QGalleryX-Standalone => deprecated/single_QGalleryX-Standalone}/bin/qml/QtQuick/Controls/FluentWinUI3/light/images/spinbox-indicator-up-icon-down-pressed@2x.png (100%)
 rename {single_QGalleryX-Standalone => deprecated/single_QGalleryX-Standalone}/bin/qml/QtQuick/Controls/FluentWinUI3/light/images/spinbox-indicator-up-icon-down-pressed@3x.png (100%)
 rename {single_QGalleryX-Standalone => deprecated/single_QGalleryX-Standalone}/bin/qml/QtQuick/Controls/FluentWinUI3/light/images/spinbox-indicator-up-icon-hovered.png (100%)
 rename {single_QGalleryX-Standalone => deprecated/single_QGalleryX-Standalone}/bin/qml/QtQuick/Controls/FluentWinUI3/light/images/spinbox-indicator-up-icon-hovered@2x.png (100%)
 rename {single_QGalleryX-Standalone => deprecated/single_QGalleryX-Standalone}/bin/qml/QtQuick/Controls/FluentWinUI3/light/images/spinbox-indicator-up-icon-hovered@3x.png (100%)
 rename {single_QGalleryX-Standalone => deprecated/single_QGalleryX-Standalone}/bin/qml/QtQuick/Controls/FluentWinUI3/light/images/spinbox-indicator-up-icon-up-hovered.png (100%)
 rename {single_QGalleryX-Standalone => deprecated/single_QGalleryX-Standalone}/bin/qml/QtQuick/Controls/FluentWinUI3/light/images/spinbox-indicator-up-icon-up-hovered@2x.png (100%)
 rename {single_QGalleryX-Standalone => deprecated/single_QGalleryX-Standalone}/bin/qml/QtQuick/Controls/FluentWinUI3/light/images/spinbox-indicator-up-icon-up-hovered@3x.png (100%)
 rename {single_QGalleryX-Standalone => deprecated/single_QGalleryX-Standalone}/bin/qml/QtQuick/Controls/FluentWinUI3/light/images/spinbox-indicator-up-icon-up-pressed.png (100%)
 rename {single_QGalleryX-Standalone => deprecated/single_QGalleryX-Standalone}/bin/qml/QtQuick/Controls/FluentWinUI3/light/images/spinbox-indicator-up-icon-up-pressed@2x.png (100%)
 rename {single_QGalleryX-Standalone => deprecated/single_QGalleryX-Standalone}/bin/qml/QtQuick/Controls/FluentWinUI3/light/images/spinbox-indicator-up-icon-up-pressed@3x.png (100%)
 rename {single_QGalleryX-Standalone => deprecated/single_QGalleryX-Standalone}/bin/qml/QtQuick/Controls/FluentWinUI3/light/images/spinbox-indicator-up-icon.png (100%)
 rename {single_QGalleryX-Standalone => deprecated/single_QGalleryX-Standalone}/bin/qml/QtQuick/Controls/FluentWinUI3/light/images/spinbox-indicator-up-icon@2x.png (100%)
 rename {single_QGalleryX-Standalone => deprecated/single_QGalleryX-Standalone}/bin/qml/QtQuick/Controls/FluentWinUI3/light/images/spinbox-indicator-up-icon@3x.png (100%)
 rename {single_QGalleryX-Standalone => deprecated/single_QGalleryX-Standalone}/bin/qml/QtQuick/Controls/FluentWinUI3/light/images/textarea-background-disabled.png (100%)
 rename {single_QGalleryX-Standalone => deprecated/single_QGalleryX-Standalone}/bin/qml/QtQuick/Controls/FluentWinUI3/light/images/textarea-background-disabled@2x.png (100%)
 rename {single_QGalleryX-Standalone => deprecated/single_QGalleryX-Standalone}/bin/qml/QtQuick/Controls/FluentWinUI3/light/images/textarea-background-disabled@3x.png (100%)
 rename {single_QGalleryX-Standalone => deprecated/single_QGalleryX-Standalone}/bin/qml/QtQuick/Controls/FluentWinUI3/light/images/textarea-background-focused.png (100%)
 rename {single_QGalleryX-Standalone => deprecated/single_QGalleryX-Standalone}/bin/qml/QtQuick/Controls/FluentWinUI3/light/images/textarea-background-focused@2x.png (100%)
 rename {single_QGalleryX-Standalone => deprecated/single_QGalleryX-Standalone}/bin/qml/QtQuick/Controls/FluentWinUI3/light/images/textarea-background-focused@3x.png (100%)
 rename {single_QGalleryX-Standalone => deprecated/single_QGalleryX-Standalone}/bin/qml/QtQuick/Controls/FluentWinUI3/light/images/textarea-background-hovered.png (100%)
 rename {single_QGalleryX-Standalone => deprecated/single_QGalleryX-Standalone}/bin/qml/QtQuick/Controls/FluentWinUI3/light/images/textarea-background-hovered@2x.png (100%)
 rename {single_QGalleryX-Standalone => deprecated/single_QGalleryX-Standalone}/bin/qml/QtQuick/Controls/FluentWinUI3/light/images/textarea-background-hovered@3x.png (100%)
 rename {single_QGalleryX-Standalone => deprecated/single_QGalleryX-Standalone}/bin/qml/QtQuick/Controls/FluentWinUI3/light/images/textarea-background.png (100%)
 rename {single_QGalleryX-Standalone => deprecated/single_QGalleryX-Standalone}/bin/qml/QtQuick/Controls/FluentWinUI3/light/images/textarea-background@2x.png (100%)
 rename {single_QGalleryX-Standalone => deprecated/single_QGalleryX-Standalone}/bin/qml/QtQuick/Controls/FluentWinUI3/light/images/textarea-background@3x.png (100%)
 rename {single_QGalleryX-Standalone => deprecated/single_QGalleryX-Standalone}/bin/qml/QtQuick/Controls/FluentWinUI3/light/images/textfield-background-disabled.png (100%)
 rename {single_QGalleryX-Standalone => deprecated/single_QGalleryX-Standalone}/bin/qml/QtQuick/Controls/FluentWinUI3/light/images/textfield-background-disabled@2x.png (100%)
 rename {single_QGalleryX-Standalone => deprecated/single_QGalleryX-Standalone}/bin/qml/QtQuick/Controls/FluentWinUI3/light/images/textfield-background-disabled@3x.png (100%)
 rename {single_QGalleryX-Standalone => deprecated/single_QGalleryX-Standalone}/bin/qml/QtQuick/Controls/FluentWinUI3/light/images/textfield-background-focused.png (100%)
 rename {single_QGalleryX-Standalone => deprecated/single_QGalleryX-Standalone}/bin/qml/QtQuick/Controls/FluentWinUI3/light/images/textfield-background-focused@2x.png (100%)
 rename {single_QGalleryX-Standalone => deprecated/single_QGalleryX-Standalone}/bin/qml/QtQuick/Controls/FluentWinUI3/light/images/textfield-background-focused@3x.png (100%)
 rename {single_QGalleryX-Standalone => deprecated/single_QGalleryX-Standalone}/bin/qml/QtQuick/Controls/FluentWinUI3/light/images/textfield-background-hovered.png (100%)
 rename {single_QGalleryX-Standalone => deprecated/single_QGalleryX-Standalone}/bin/qml/QtQuick/Controls/FluentWinUI3/light/images/textfield-background-hovered@2x.png (100%)
 rename {single_QGalleryX-Standalone => deprecated/single_QGalleryX-Standalone}/bin/qml/QtQuick/Controls/FluentWinUI3/light/images/textfield-background-hovered@3x.png (100%)
 rename {single_QGalleryX-Standalone => deprecated/single_QGalleryX-Standalone}/bin/qml/QtQuick/Controls/FluentWinUI3/light/images/textfield-background.png (100%)
 rename {single_QGalleryX-Standalone => deprecated/single_QGalleryX-Standalone}/bin/qml/QtQuick/Controls/FluentWinUI3/light/images/textfield-background@2x.png (100%)
 rename {single_QGalleryX-Standalone => deprecated/single_QGalleryX-Standalone}/bin/qml/QtQuick/Controls/FluentWinUI3/light/images/textfield-background@3x.png (100%)
 rename {single_QGalleryX-Standalone => deprecated/single_QGalleryX-Standalone}/bin/qml/QtQuick/Controls/FluentWinUI3/plugins.qmltypes (100%)
 rename {single_QGalleryX-Standalone => deprecated/single_QGalleryX-Standalone}/bin/qml/QtQuick/Controls/FluentWinUI3/qmldir (100%)
 rename {single_QGalleryX-Standalone => deprecated/single_QGalleryX-Standalone}/bin/qml/QtQuick/Controls/Fusion/ApplicationWindow.qml (100%)
 rename {single_QGalleryX-Standalone => deprecated/single_QGalleryX-Standalone}/bin/qml/QtQuick/Controls/Fusion/BusyIndicator.qml (100%)
 rename {single_QGalleryX-Standalone => deprecated/single_QGalleryX-Standalone}/bin/qml/QtQuick/Controls/Fusion/Button.qml (100%)
 rename {single_QGalleryX-Standalone => deprecated/single_QGalleryX-Standalone}/bin/qml/QtQuick/Controls/Fusion/CheckBox.qml (100%)
 rename {single_QGalleryX-Standalone => deprecated/single_QGalleryX-Standalone}/bin/qml/QtQuick/Controls/Fusion/CheckDelegate.qml (100%)
 rename {single_QGalleryX-Standalone => deprecated/single_QGalleryX-Standalone}/bin/qml/QtQuick/Controls/Fusion/ComboBox.qml (100%)
 rename {single_QGalleryX-Standalone => deprecated/single_QGalleryX-Standalone}/bin/qml/QtQuick/Controls/Fusion/DelayButton.qml (100%)
 rename {single_QGalleryX-Standalone => deprecated/single_QGalleryX-Standalone}/bin/qml/QtQuick/Controls/Fusion/Dial.qml (100%)
 rename {single_QGalleryX-Standalone => deprecated/single_QGalleryX-Standalone}/bin/qml/QtQuick/Controls/Fusion/Dialog.qml (100%)
 rename {single_QGalleryX-Standalone => deprecated/single_QGalleryX-Standalone}/bin/qml/QtQuick/Controls/Fusion/DialogButtonBox.qml (100%)
 rename {single_QGalleryX-Standalone => deprecated/single_QGalleryX-Standalone}/bin/qml/QtQuick/Controls/Fusion/Drawer.qml (100%)
 rename {single_QGalleryX-Standalone => deprecated/single_QGalleryX-Standalone}/bin/qml/QtQuick/Controls/Fusion/Frame.qml (100%)
 rename {single_QGalleryX-Standalone => deprecated/single_QGalleryX-Standalone}/bin/qml/QtQuick/Controls/Fusion/GroupBox.qml (100%)
 rename {single_QGalleryX-Standalone => deprecated/single_QGalleryX-Standalone}/bin/qml/QtQuick/Controls/Fusion/HorizontalHeaderView.qml (100%)
 rename {single_QGalleryX-Standalone => deprecated/single_QGalleryX-Standalone}/bin/qml/QtQuick/Controls/Fusion/ItemDelegate.qml (100%)
 rename {single_QGalleryX-Standalone => deprecated/single_QGalleryX-Standalone}/bin/qml/QtQuick/Controls/Fusion/Label.qml (100%)
 rename {single_QGalleryX-Standalone => deprecated/single_QGalleryX-Standalone}/bin/qml/QtQuick/Controls/Fusion/Menu.qml (100%)
 rename {single_QGalleryX-Standalone => deprecated/single_QGalleryX-Standalone}/bin/qml/QtQuick/Controls/Fusion/MenuBar.qml (100%)
 rename {single_QGalleryX-Standalone => deprecated/single_QGalleryX-Standalone}/bin/qml/QtQuick/Controls/Fusion/MenuBarItem.qml (100%)
 rename {single_QGalleryX-Standalone => deprecated/single_QGalleryX-Standalone}/bin/qml/QtQuick/Controls/Fusion/MenuItem.qml (100%)
 rename {single_QGalleryX-Standalone => deprecated/single_QGalleryX-Standalone}/bin/qml/QtQuick/Controls/Fusion/MenuSeparator.qml (100%)
 rename {single_QGalleryX-Standalone => deprecated/single_QGalleryX-Standalone}/bin/qml/QtQuick/Controls/Fusion/Page.qml (100%)
 rename {single_QGalleryX-Standalone => deprecated/single_QGalleryX-Standalone}/bin/qml/QtQuick/Controls/Fusion/PageIndicator.qml (100%)
 rename {single_QGalleryX-Standalone => deprecated/single_QGalleryX-Standalone}/bin/qml/QtQuick/Controls/Fusion/Pane.qml (100%)
 rename {single_QGalleryX-Standalone => deprecated/single_QGalleryX-Standalone}/bin/qml/QtQuick/Controls/Fusion/Popup.qml (100%)
 rename {single_QGalleryX-Standalone => deprecated/single_QGalleryX-Standalone}/bin/qml/QtQuick/Controls/Fusion/ProgressBar.qml (100%)
 rename {single_QGalleryX-Standalone => deprecated/single_QGalleryX-Standalone}/bin/qml/QtQuick/Controls/Fusion/RadioButton.qml (100%)
 rename {single_QGalleryX-Standalone => deprecated/single_QGalleryX-Standalone}/bin/qml/QtQuick/Controls/Fusion/RadioDelegate.qml (100%)
 rename {single_QGalleryX-Standalone => deprecated/single_QGalleryX-Standalone}/bin/qml/QtQuick/Controls/Fusion/RangeSlider.qml (100%)
 rename {single_QGalleryX-Standalone => deprecated/single_QGalleryX-Standalone}/bin/qml/QtQuick/Controls/Fusion/RoundButton.qml (100%)
 rename {single_QGalleryX-Standalone => deprecated/single_QGalleryX-Standalone}/bin/qml/QtQuick/Controls/Fusion/ScrollBar.qml (100%)
 rename {single_QGalleryX-Standalone => deprecated/single_QGalleryX-Standalone}/bin/qml/QtQuick/Controls/Fusion/ScrollIndicator.qml (100%)
 rename {single_QGalleryX-Standalone => deprecated/single_QGalleryX-Standalone}/bin/qml/QtQuick/Controls/Fusion/ScrollView.qml (100%)
 rename {single_QGalleryX-Standalone => deprecated/single_QGalleryX-Standalone}/bin/qml/QtQuick/Controls/Fusion/SelectionRectangle.qml (100%)
 rename {single_QGalleryX-Standalone => deprecated/single_QGalleryX-Standalone}/bin/qml/QtQuick/Controls/Fusion/Slider.qml (100%)
 rename {single_QGalleryX-Standalone => deprecated/single_QGalleryX-Standalone}/bin/qml/QtQuick/Controls/Fusion/SpinBox.qml (100%)
 rename {single_QGalleryX-Standalone => deprecated/single_QGalleryX-Standalone}/bin/qml/QtQuick/Controls/Fusion/SplitView.qml (100%)
 rename {single_QGalleryX-Standalone => deprecated/single_QGalleryX-Standalone}/bin/qml/QtQuick/Controls/Fusion/SwipeDelegate.qml (100%)
 rename {single_QGalleryX-Standalone => deprecated/single_QGalleryX-Standalone}/bin/qml/QtQuick/Controls/Fusion/Switch.qml (100%)
 rename {single_QGalleryX-Standalone => deprecated/single_QGalleryX-Standalone}/bin/qml/QtQuick/Controls/Fusion/SwitchDelegate.qml (100%)
 rename {single_QGalleryX-Standalone => deprecated/single_QGalleryX-Standalone}/bin/qml/QtQuick/Controls/Fusion/TabBar.qml (100%)
 rename {single_QGalleryX-Standalone => deprecated/single_QGalleryX-Standalone}/bin/qml/QtQuick/Controls/Fusion/TabButton.qml (100%)
 rename {single_QGalleryX-Standalone => deprecated/single_QGalleryX-Standalone}/bin/qml/QtQuick/Controls/Fusion/TextArea.qml (100%)
 rename {single_QGalleryX-Standalone => deprecated/single_QGalleryX-Standalone}/bin/qml/QtQuick/Controls/Fusion/TextField.qml (100%)
 rename {single_QGalleryX-Standalone => deprecated/single_QGalleryX-Standalone}/bin/qml/QtQuick/Controls/Fusion/ToolBar.qml (100%)
 rename {single_QGalleryX-Standalone => deprecated/single_QGalleryX-Standalone}/bin/qml/QtQuick/Controls/Fusion/ToolButton.qml (100%)
 rename {single_QGalleryX-Standalone => deprecated/single_QGalleryX-Standalone}/bin/qml/QtQuick/Controls/Fusion/ToolSeparator.qml (100%)
 rename {single_QGalleryX-Standalone => deprecated/single_QGalleryX-Standalone}/bin/qml/QtQuick/Controls/Fusion/ToolTip.qml (100%)
 rename {single_QGalleryX-Standalone => deprecated/single_QGalleryX-Standalone}/bin/qml/QtQuick/Controls/Fusion/TreeViewDelegate.qml (100%)
 rename {single_QGalleryX-Standalone => deprecated/single_QGalleryX-Standalone}/bin/qml/QtQuick/Controls/Fusion/Tumbler.qml (100%)
 rename {single_QGalleryX-Standalone => deprecated/single_QGalleryX-Standalone}/bin/qml/QtQuick/Controls/Fusion/VerticalHeaderView.qml (100%)
 rename {single_QGalleryX-Standalone => deprecated/single_QGalleryX-Standalone}/bin/qml/QtQuick/Controls/Fusion/impl/ButtonPanel.qml (100%)
 rename {single_QGalleryX-Standalone => deprecated/single_QGalleryX-Standalone}/bin/qml/QtQuick/Controls/Fusion/impl/CheckIndicator.qml (100%)
 rename {single_QGalleryX-Standalone => deprecated/single_QGalleryX-Standalone}/bin/qml/QtQuick/Controls/Fusion/impl/RadioIndicator.qml (100%)
 rename {single_QGalleryX-Standalone => deprecated/single_QGalleryX-Standalone}/bin/qml/QtQuick/Controls/Fusion/impl/SliderGroove.qml (100%)
 rename {single_QGalleryX-Standalone => deprecated/single_QGalleryX-Standalone}/bin/qml/QtQuick/Controls/Fusion/impl/SliderHandle.qml (100%)
 rename {single_QGalleryX-Standalone => deprecated/single_QGalleryX-Standalone}/bin/qml/QtQuick/Controls/Fusion/impl/SwitchIndicator.qml (100%)
 rename {single_QGalleryX-Standalone => deprecated/single_QGalleryX-Standalone}/bin/qml/QtQuick/Controls/Fusion/impl/TextFieldBackground.qml (100%)
 rename {single_QGalleryX-Standalone => deprecated/single_QGalleryX-Standalone}/bin/qml/QtQuick/Controls/Fusion/impl/plugins.qmltypes (100%)
 rename {single_QGalleryX-Standalone => deprecated/single_QGalleryX-Standalone}/bin/qml/QtQuick/Controls/Fusion/impl/qmldir (100%)
 rename {single_QGalleryX-Standalone => deprecated/single_QGalleryX-Standalone}/bin/qml/QtQuick/Controls/Fusion/plugins.qmltypes (100%)
 rename {single_QGalleryX-Standalone => deprecated/single_QGalleryX-Standalone}/bin/qml/QtQuick/Controls/Fusion/qmldir (100%)
 rename {single_QGalleryX-Standalone => deprecated/single_QGalleryX-Standalone}/bin/qml/QtQuick/Controls/Imagine/ApplicationWindow.qml (100%)
 rename {single_QGalleryX-Standalone => deprecated/single_QGalleryX-Standalone}/bin/qml/QtQuick/Controls/Imagine/BusyIndicator.qml (100%)
 rename {single_QGalleryX-Standalone => deprecated/single_QGalleryX-Standalone}/bin/qml/QtQuick/Controls/Imagine/Button.qml (100%)
 rename {single_QGalleryX-Standalone => deprecated/single_QGalleryX-Standalone}/bin/qml/QtQuick/Controls/Imagine/CheckBox.qml (100%)
 rename {single_QGalleryX-Standalone => deprecated/single_QGalleryX-Standalone}/bin/qml/QtQuick/Controls/Imagine/CheckDelegate.qml (100%)
 rename {single_QGalleryX-Standalone => deprecated/single_QGalleryX-Standalone}/bin/qml/QtQuick/Controls/Imagine/ComboBox.qml (100%)
 rename {single_QGalleryX-Standalone => deprecated/single_QGalleryX-Standalone}/bin/qml/QtQuick/Controls/Imagine/DelayButton.qml (100%)
 rename {single_QGalleryX-Standalone => deprecated/single_QGalleryX-Standalone}/bin/qml/QtQuick/Controls/Imagine/Dial.qml (100%)
 rename {single_QGalleryX-Standalone => deprecated/single_QGalleryX-Standalone}/bin/qml/QtQuick/Controls/Imagine/Dialog.qml (100%)
 rename {single_QGalleryX-Standalone => deprecated/single_QGalleryX-Standalone}/bin/qml/QtQuick/Controls/Imagine/DialogButtonBox.qml (100%)
 rename {single_QGalleryX-Standalone => deprecated/single_QGalleryX-Standalone}/bin/qml/QtQuick/Controls/Imagine/Drawer.qml (100%)
 rename {single_QGalleryX-Standalone => deprecated/single_QGalleryX-Standalone}/bin/qml/QtQuick/Controls/Imagine/Frame.qml (100%)
 rename {single_QGalleryX-Standalone => deprecated/single_QGalleryX-Standalone}/bin/qml/QtQuick/Controls/Imagine/GroupBox.qml (100%)
 rename {single_QGalleryX-Standalone => deprecated/single_QGalleryX-Standalone}/bin/qml/QtQuick/Controls/Imagine/HorizontalHeaderView.qml (100%)
 rename {single_QGalleryX-Standalone => deprecated/single_QGalleryX-Standalone}/bin/qml/QtQuick/Controls/Imagine/ItemDelegate.qml (100%)
 rename {single_QGalleryX-Standalone => deprecated/single_QGalleryX-Standalone}/bin/qml/QtQuick/Controls/Imagine/Label.qml (100%)
 rename {single_QGalleryX-Standalone => deprecated/single_QGalleryX-Standalone}/bin/qml/QtQuick/Controls/Imagine/Menu.qml (100%)
 rename {single_QGalleryX-Standalone => deprecated/single_QGalleryX-Standalone}/bin/qml/QtQuick/Controls/Imagine/MenuItem.qml (100%)
 rename {single_QGalleryX-Standalone => deprecated/single_QGalleryX-Standalone}/bin/qml/QtQuick/Controls/Imagine/MenuSeparator.qml (100%)
 rename {single_QGalleryX-Standalone => deprecated/single_QGalleryX-Standalone}/bin/qml/QtQuick/Controls/Imagine/Page.qml (100%)
 rename {single_QGalleryX-Standalone => deprecated/single_QGalleryX-Standalone}/bin/qml/QtQuick/Controls/Imagine/PageIndicator.qml (100%)
 rename {single_QGalleryX-Standalone => deprecated/single_QGalleryX-Standalone}/bin/qml/QtQuick/Controls/Imagine/Pane.qml (100%)
 rename {single_QGalleryX-Standalone => deprecated/single_QGalleryX-Standalone}/bin/qml/QtQuick/Controls/Imagine/Popup.qml (100%)
 rename {single_QGalleryX-Standalone => deprecated/single_QGalleryX-Standalone}/bin/qml/QtQuick/Controls/Imagine/ProgressBar.qml (100%)
 rename {single_QGalleryX-Standalone => deprecated/single_QGalleryX-Standalone}/bin/qml/QtQuick/Controls/Imagine/RadioButton.qml (100%)
 rename {single_QGalleryX-Standalone => deprecated/single_QGalleryX-Standalone}/bin/qml/QtQuick/Controls/Imagine/RadioDelegate.qml (100%)
 rename {single_QGalleryX-Standalone => deprecated/single_QGalleryX-Standalone}/bin/qml/QtQuick/Controls/Imagine/RangeSlider.qml (100%)
 rename {single_QGalleryX-Standalone => deprecated/single_QGalleryX-Standalone}/bin/qml/QtQuick/Controls/Imagine/RoundButton.qml (100%)
 rename {single_QGalleryX-Standalone => deprecated/single_QGalleryX-Standalone}/bin/qml/QtQuick/Controls/Imagine/ScrollBar.qml (100%)
 rename {single_QGalleryX-Standalone => deprecated/single_QGalleryX-Standalone}/bin/qml/QtQuick/Controls/Imagine/ScrollIndicator.qml (100%)
 rename {single_QGalleryX-Standalone => deprecated/single_QGalleryX-Standalone}/bin/qml/QtQuick/Controls/Imagine/ScrollView.qml (100%)
 rename {single_QGalleryX-Standalone => deprecated/single_QGalleryX-Standalone}/bin/qml/QtQuick/Controls/Imagine/SelectionRectangle.qml (100%)
 rename {single_QGalleryX-Standalone => deprecated/single_QGalleryX-Standalone}/bin/qml/QtQuick/Controls/Imagine/Slider.qml (100%)
 rename {single_QGalleryX-Standalone => deprecated/single_QGalleryX-Standalone}/bin/qml/QtQuick/Controls/Imagine/SpinBox.qml (100%)
 rename {single_QGalleryX-Standalone => deprecated/single_QGalleryX-Standalone}/bin/qml/QtQuick/Controls/Imagine/SplitView.qml (100%)
 rename {single_QGalleryX-Standalone => deprecated/single_QGalleryX-Standalone}/bin/qml/QtQuick/Controls/Imagine/StackView.qml (100%)
 rename {single_QGalleryX-Standalone => deprecated/single_QGalleryX-Standalone}/bin/qml/QtQuick/Controls/Imagine/SwipeDelegate.qml (100%)
 rename {single_QGalleryX-Standalone => deprecated/single_QGalleryX-Standalone}/bin/qml/QtQuick/Controls/Imagine/SwipeView.qml (100%)
 rename {single_QGalleryX-Standalone => deprecated/single_QGalleryX-Standalone}/bin/qml/QtQuick/Controls/Imagine/Switch.qml (100%)
 rename {single_QGalleryX-Standalone => deprecated/single_QGalleryX-Standalone}/bin/qml/QtQuick/Controls/Imagine/SwitchDelegate.qml (100%)
 rename {single_QGalleryX-Standalone => deprecated/single_QGalleryX-Standalone}/bin/qml/QtQuick/Controls/Imagine/TabBar.qml (100%)
 rename {single_QGalleryX-Standalone => deprecated/single_QGalleryX-Standalone}/bin/qml/QtQuick/Controls/Imagine/TabButton.qml (100%)
 rename {single_QGalleryX-Standalone => deprecated/single_QGalleryX-Standalone}/bin/qml/QtQuick/Controls/Imagine/TextArea.qml (100%)
 rename {single_QGalleryX-Standalone => deprecated/single_QGalleryX-Standalone}/bin/qml/QtQuick/Controls/Imagine/TextField.qml (100%)
 rename {single_QGalleryX-Standalone => deprecated/single_QGalleryX-Standalone}/bin/qml/QtQuick/Controls/Imagine/ToolBar.qml (100%)
 rename {single_QGalleryX-Standalone => deprecated/single_QGalleryX-Standalone}/bin/qml/QtQuick/Controls/Imagine/ToolButton.qml (100%)
 rename {single_QGalleryX-Standalone => deprecated/single_QGalleryX-Standalone}/bin/qml/QtQuick/Controls/Imagine/ToolSeparator.qml (100%)
 rename {single_QGalleryX-Standalone => deprecated/single_QGalleryX-Standalone}/bin/qml/QtQuick/Controls/Imagine/ToolTip.qml (100%)
 rename {single_QGalleryX-Standalone => deprecated/single_QGalleryX-Standalone}/bin/qml/QtQuick/Controls/Imagine/Tumbler.qml (100%)
 rename {single_QGalleryX-Standalone => deprecated/single_QGalleryX-Standalone}/bin/qml/QtQuick/Controls/Imagine/VerticalHeaderView.qml (100%)
 rename {single_QGalleryX-Standalone => deprecated/single_QGalleryX-Standalone}/bin/qml/QtQuick/Controls/Imagine/impl/OpacityMask.qml (100%)
 rename {single_QGalleryX-Standalone => deprecated/single_QGalleryX-Standalone}/bin/qml/QtQuick/Controls/Imagine/impl/QuickControls2ImagineStyleImpl.qmltypes (100%)
 rename {single_QGalleryX-Standalone => deprecated/single_QGalleryX-Standalone}/bin/qml/QtQuick/Controls/Imagine/impl/qmldir (100%)
 rename {single_QGalleryX-Standalone => deprecated/single_QGalleryX-Standalone}/bin/qml/QtQuick/Controls/Imagine/plugins.qmltypes (100%)
 rename {single_QGalleryX-Standalone => deprecated/single_QGalleryX-Standalone}/bin/qml/QtQuick/Controls/Imagine/qmldir (100%)
 rename {single_QGalleryX-Standalone => deprecated/single_QGalleryX-Standalone}/bin/qml/QtQuick/Controls/Material/ApplicationWindow.qml (100%)
 rename {single_QGalleryX-Standalone => deprecated/single_QGalleryX-Standalone}/bin/qml/QtQuick/Controls/Material/BusyIndicator.qml (100%)
 rename {single_QGalleryX-Standalone => deprecated/single_QGalleryX-Standalone}/bin/qml/QtQuick/Controls/Material/Button.qml (100%)
 rename {single_QGalleryX-Standalone => deprecated/single_QGalleryX-Standalone}/bin/qml/QtQuick/Controls/Material/CheckBox.qml (100%)
 rename {single_QGalleryX-Standalone => deprecated/single_QGalleryX-Standalone}/bin/qml/QtQuick/Controls/Material/CheckDelegate.qml (100%)
 rename {single_QGalleryX-Standalone => deprecated/single_QGalleryX-Standalone}/bin/qml/QtQuick/Controls/Material/ComboBox.qml (100%)
 rename {single_QGalleryX-Standalone => deprecated/single_QGalleryX-Standalone}/bin/qml/QtQuick/Controls/Material/DelayButton.qml (100%)
 rename {single_QGalleryX-Standalone => deprecated/single_QGalleryX-Standalone}/bin/qml/QtQuick/Controls/Material/Dial.qml (100%)
 rename {single_QGalleryX-Standalone => deprecated/single_QGalleryX-Standalone}/bin/qml/QtQuick/Controls/Material/Dialog.qml (100%)
 rename {single_QGalleryX-Standalone => deprecated/single_QGalleryX-Standalone}/bin/qml/QtQuick/Controls/Material/DialogButtonBox.qml (100%)
 rename {single_QGalleryX-Standalone => deprecated/single_QGalleryX-Standalone}/bin/qml/QtQuick/Controls/Material/Drawer.qml (100%)
 rename {single_QGalleryX-Standalone => deprecated/single_QGalleryX-Standalone}/bin/qml/QtQuick/Controls/Material/Frame.qml (100%)
 rename {single_QGalleryX-Standalone => deprecated/single_QGalleryX-Standalone}/bin/qml/QtQuick/Controls/Material/GroupBox.qml (100%)
 rename {single_QGalleryX-Standalone => deprecated/single_QGalleryX-Standalone}/bin/qml/QtQuick/Controls/Material/HorizontalHeaderView.qml (100%)
 rename {single_QGalleryX-Standalone => deprecated/single_QGalleryX-Standalone}/bin/qml/QtQuick/Controls/Material/ItemDelegate.qml (100%)
 rename {single_QGalleryX-Standalone => deprecated/single_QGalleryX-Standalone}/bin/qml/QtQuick/Controls/Material/Label.qml (100%)
 rename {single_QGalleryX-Standalone => deprecated/single_QGalleryX-Standalone}/bin/qml/QtQuick/Controls/Material/Menu.qml (100%)
 rename {single_QGalleryX-Standalone => deprecated/single_QGalleryX-Standalone}/bin/qml/QtQuick/Controls/Material/MenuBar.qml (100%)
 rename {single_QGalleryX-Standalone => deprecated/single_QGalleryX-Standalone}/bin/qml/QtQuick/Controls/Material/MenuBarItem.qml (100%)
 rename {single_QGalleryX-Standalone => deprecated/single_QGalleryX-Standalone}/bin/qml/QtQuick/Controls/Material/MenuItem.qml (100%)
 rename {single_QGalleryX-Standalone => deprecated/single_QGalleryX-Standalone}/bin/qml/QtQuick/Controls/Material/MenuSeparator.qml (100%)
 rename {single_QGalleryX-Standalone => deprecated/single_QGalleryX-Standalone}/bin/qml/QtQuick/Controls/Material/Page.qml (100%)
 rename {single_QGalleryX-Standalone => deprecated/single_QGalleryX-Standalone}/bin/qml/QtQuick/Controls/Material/PageIndicator.qml (100%)
 rename {single_QGalleryX-Standalone => deprecated/single_QGalleryX-Standalone}/bin/qml/QtQuick/Controls/Material/Pane.qml (100%)
 rename {single_QGalleryX-Standalone => deprecated/single_QGalleryX-Standalone}/bin/qml/QtQuick/Controls/Material/Popup.qml (100%)
 rename {single_QGalleryX-Standalone => deprecated/single_QGalleryX-Standalone}/bin/qml/QtQuick/Controls/Material/ProgressBar.qml (100%)
 rename {single_QGalleryX-Standalone => deprecated/single_QGalleryX-Standalone}/bin/qml/QtQuick/Controls/Material/RadioButton.qml (100%)
 rename {single_QGalleryX-Standalone => deprecated/single_QGalleryX-Standalone}/bin/qml/QtQuick/Controls/Material/RadioDelegate.qml (100%)
 rename {single_QGalleryX-Standalone => deprecated/single_QGalleryX-Standalone}/bin/qml/QtQuick/Controls/Material/RangeSlider.qml (100%)
 rename {single_QGalleryX-Standalone => deprecated/single_QGalleryX-Standalone}/bin/qml/QtQuick/Controls/Material/RoundButton.qml (100%)
 rename {single_QGalleryX-Standalone => deprecated/single_QGalleryX-Standalone}/bin/qml/QtQuick/Controls/Material/ScrollBar.qml (100%)
 rename {single_QGalleryX-Standalone => deprecated/single_QGalleryX-Standalone}/bin/qml/QtQuick/Controls/Material/ScrollIndicator.qml (100%)
 rename {single_QGalleryX-Standalone => deprecated/single_QGalleryX-Standalone}/bin/qml/QtQuick/Controls/Material/ScrollView.qml (100%)
 rename {single_QGalleryX-Standalone => deprecated/single_QGalleryX-Standalone}/bin/qml/QtQuick/Controls/Material/SelectionRectangle.qml (100%)
 rename {single_QGalleryX-Standalone => deprecated/single_QGalleryX-Standalone}/bin/qml/QtQuick/Controls/Material/Slider.qml (100%)
 rename {single_QGalleryX-Standalone => deprecated/single_QGalleryX-Standalone}/bin/qml/QtQuick/Controls/Material/SpinBox.qml (100%)
 rename {single_QGalleryX-Standalone => deprecated/single_QGalleryX-Standalone}/bin/qml/QtQuick/Controls/Material/SplitView.qml (100%)
 rename {single_QGalleryX-Standalone => deprecated/single_QGalleryX-Standalone}/bin/qml/QtQuick/Controls/Material/StackView.qml (100%)
 rename {single_QGalleryX-Standalone => deprecated/single_QGalleryX-Standalone}/bin/qml/QtQuick/Controls/Material/SwipeDelegate.qml (100%)
 rename {single_QGalleryX-Standalone => deprecated/single_QGalleryX-Standalone}/bin/qml/QtQuick/Controls/Material/SwipeView.qml (100%)
 rename {single_QGalleryX-Standalone => deprecated/single_QGalleryX-Standalone}/bin/qml/QtQuick/Controls/Material/Switch.qml (100%)
 rename {single_QGalleryX-Standalone => deprecated/single_QGalleryX-Standalone}/bin/qml/QtQuick/Controls/Material/SwitchDelegate.qml (100%)
 rename {single_QGalleryX-Standalone => deprecated/single_QGalleryX-Standalone}/bin/qml/QtQuick/Controls/Material/TabBar.qml (100%)
 rename {single_QGalleryX-Standalone => deprecated/single_QGalleryX-Standalone}/bin/qml/QtQuick/Controls/Material/TabButton.qml (100%)
 rename {single_QGalleryX-Standalone => deprecated/single_QGalleryX-Standalone}/bin/qml/QtQuick/Controls/Material/TextArea.qml (100%)
 rename {single_QGalleryX-Standalone => deprecated/single_QGalleryX-Standalone}/bin/qml/QtQuick/Controls/Material/TextField.qml (100%)
 rename {single_QGalleryX-Standalone => deprecated/single_QGalleryX-Standalone}/bin/qml/QtQuick/Controls/Material/ToolBar.qml (100%)
 rename {single_QGalleryX-Standalone => deprecated/single_QGalleryX-Standalone}/bin/qml/QtQuick/Controls/Material/ToolButton.qml (100%)
 rename {single_QGalleryX-Standalone => deprecated/single_QGalleryX-Standalone}/bin/qml/QtQuick/Controls/Material/ToolSeparator.qml (100%)
 rename {single_QGalleryX-Standalone => deprecated/single_QGalleryX-Standalone}/bin/qml/QtQuick/Controls/Material/ToolTip.qml (100%)
 rename {single_QGalleryX-Standalone => deprecated/single_QGalleryX-Standalone}/bin/qml/QtQuick/Controls/Material/TreeViewDelegate.qml (100%)
 rename {single_QGalleryX-Standalone => deprecated/single_QGalleryX-Standalone}/bin/qml/QtQuick/Controls/Material/Tumbler.qml (100%)
 rename {single_QGalleryX-Standalone => deprecated/single_QGalleryX-Standalone}/bin/qml/QtQuick/Controls/Material/VerticalHeaderView.qml (100%)
 rename {single_QGalleryX-Standalone => deprecated/single_QGalleryX-Standalone}/bin/qml/QtQuick/Controls/Material/impl/BoxShadow.qml (100%)
 rename {single_QGalleryX-Standalone => deprecated/single_QGalleryX-Standalone}/bin/qml/QtQuick/Controls/Material/impl/CheckIndicator.qml (100%)
 rename {single_QGalleryX-Standalone => deprecated/single_QGalleryX-Standalone}/bin/qml/QtQuick/Controls/Material/impl/CursorDelegate.qml (100%)
 rename {single_QGalleryX-Standalone => deprecated/single_QGalleryX-Standalone}/bin/qml/QtQuick/Controls/Material/impl/ElevationEffect.qml (100%)
 rename {single_QGalleryX-Standalone => deprecated/single_QGalleryX-Standalone}/bin/qml/QtQuick/Controls/Material/impl/RadioIndicator.qml (100%)
 rename {single_QGalleryX-Standalone => deprecated/single_QGalleryX-Standalone}/bin/qml/QtQuick/Controls/Material/impl/RectangularGlow.qml (100%)
 rename {single_QGalleryX-Standalone => deprecated/single_QGalleryX-Standalone}/bin/qml/QtQuick/Controls/Material/impl/RoundedElevationEffect.qml (100%)
 rename {single_QGalleryX-Standalone => deprecated/single_QGalleryX-Standalone}/bin/qml/QtQuick/Controls/Material/impl/SliderHandle.qml (100%)
 rename {single_QGalleryX-Standalone => deprecated/single_QGalleryX-Standalone}/bin/qml/QtQuick/Controls/Material/impl/SwitchIndicator.qml (100%)
 rename {single_QGalleryX-Standalone => deprecated/single_QGalleryX-Standalone}/bin/qml/QtQuick/Controls/Material/impl/plugins.qmltypes (100%)
 rename {single_QGalleryX-Standalone => deprecated/single_QGalleryX-Standalone}/bin/qml/QtQuick/Controls/Material/impl/qmldir (100%)
 rename {single_QGalleryX-Standalone => deprecated/single_QGalleryX-Standalone}/bin/qml/QtQuick/Controls/Material/plugins.qmltypes (100%)
 rename {single_QGalleryX-Standalone => deprecated/single_QGalleryX-Standalone}/bin/qml/QtQuick/Controls/Material/qmldir (100%)
 rename {single_QGalleryX-Standalone => deprecated/single_QGalleryX-Standalone}/bin/qml/QtQuick/Controls/Universal/ApplicationWindow.qml (100%)
 rename {single_QGalleryX-Standalone => deprecated/single_QGalleryX-Standalone}/bin/qml/QtQuick/Controls/Universal/BusyIndicator.qml (100%)
 rename {single_QGalleryX-Standalone => deprecated/single_QGalleryX-Standalone}/bin/qml/QtQuick/Controls/Universal/Button.qml (100%)
 rename {single_QGalleryX-Standalone => deprecated/single_QGalleryX-Standalone}/bin/qml/QtQuick/Controls/Universal/CheckBox.qml (100%)
 rename {single_QGalleryX-Standalone => deprecated/single_QGalleryX-Standalone}/bin/qml/QtQuick/Controls/Universal/CheckDelegate.qml (100%)
 rename {single_QGalleryX-Standalone => deprecated/single_QGalleryX-Standalone}/bin/qml/QtQuick/Controls/Universal/ComboBox.qml (100%)
 rename {single_QGalleryX-Standalone => deprecated/single_QGalleryX-Standalone}/bin/qml/QtQuick/Controls/Universal/DelayButton.qml (100%)
 rename {single_QGalleryX-Standalone => deprecated/single_QGalleryX-Standalone}/bin/qml/QtQuick/Controls/Universal/Dial.qml (100%)
 rename {single_QGalleryX-Standalone => deprecated/single_QGalleryX-Standalone}/bin/qml/QtQuick/Controls/Universal/Dialog.qml (100%)
 rename {single_QGalleryX-Standalone => deprecated/single_QGalleryX-Standalone}/bin/qml/QtQuick/Controls/Universal/DialogButtonBox.qml (100%)
 rename {single_QGalleryX-Standalone => deprecated/single_QGalleryX-Standalone}/bin/qml/QtQuick/Controls/Universal/Drawer.qml (100%)
 rename {single_QGalleryX-Standalone => deprecated/single_QGalleryX-Standalone}/bin/qml/QtQuick/Controls/Universal/Frame.qml (100%)
 rename {single_QGalleryX-Standalone => deprecated/single_QGalleryX-Standalone}/bin/qml/QtQuick/Controls/Universal/GroupBox.qml (100%)
 rename {single_QGalleryX-Standalone => deprecated/single_QGalleryX-Standalone}/bin/qml/QtQuick/Controls/Universal/HorizontalHeaderView.qml (100%)
 rename {single_QGalleryX-Standalone => deprecated/single_QGalleryX-Standalone}/bin/qml/QtQuick/Controls/Universal/ItemDelegate.qml (100%)
 rename {single_QGalleryX-Standalone => deprecated/single_QGalleryX-Standalone}/bin/qml/QtQuick/Controls/Universal/Label.qml (100%)
 rename {single_QGalleryX-Standalone => deprecated/single_QGalleryX-Standalone}/bin/qml/QtQuick/Controls/Universal/Menu.qml (100%)
 rename {single_QGalleryX-Standalone => deprecated/single_QGalleryX-Standalone}/bin/qml/QtQuick/Controls/Universal/MenuBar.qml (100%)
 rename {single_QGalleryX-Standalone => deprecated/single_QGalleryX-Standalone}/bin/qml/QtQuick/Controls/Universal/MenuBarItem.qml (100%)
 rename {single_QGalleryX-Standalone => deprecated/single_QGalleryX-Standalone}/bin/qml/QtQuick/Controls/Universal/MenuItem.qml (100%)
 rename {single_QGalleryX-Standalone => deprecated/single_QGalleryX-Standalone}/bin/qml/QtQuick/Controls/Universal/MenuSeparator.qml (100%)
 rename {single_QGalleryX-Standalone => deprecated/single_QGalleryX-Standalone}/bin/qml/QtQuick/Controls/Universal/Page.qml (100%)
 rename {single_QGalleryX-Standalone => deprecated/single_QGalleryX-Standalone}/bin/qml/QtQuick/Controls/Universal/PageIndicator.qml (100%)
 rename {single_QGalleryX-Standalone => deprecated/single_QGalleryX-Standalone}/bin/qml/QtQuick/Controls/Universal/Pane.qml (100%)
 rename {single_QGalleryX-Standalone => deprecated/single_QGalleryX-Standalone}/bin/qml/QtQuick/Controls/Universal/Popup.qml (100%)
 rename {single_QGalleryX-Standalone => deprecated/single_QGalleryX-Standalone}/bin/qml/QtQuick/Controls/Universal/ProgressBar.qml (100%)
 rename {single_QGalleryX-Standalone => deprecated/single_QGalleryX-Standalone}/bin/qml/QtQuick/Controls/Universal/RadioButton.qml (100%)
 rename {single_QGalleryX-Standalone => deprecated/single_QGalleryX-Standalone}/bin/qml/QtQuick/Controls/Universal/RadioDelegate.qml (100%)
 rename {single_QGalleryX-Standalone => deprecated/single_QGalleryX-Standalone}/bin/qml/QtQuick/Controls/Universal/RangeSlider.qml (100%)
 rename {single_QGalleryX-Standalone => deprecated/single_QGalleryX-Standalone}/bin/qml/QtQuick/Controls/Universal/RoundButton.qml (100%)
 rename {single_QGalleryX-Standalone => deprecated/single_QGalleryX-Standalone}/bin/qml/QtQuick/Controls/Universal/ScrollBar.qml (100%)
 rename {single_QGalleryX-Standalone => deprecated/single_QGalleryX-Standalone}/bin/qml/QtQuick/Controls/Universal/ScrollIndicator.qml (100%)
 rename {single_QGalleryX-Standalone => deprecated/single_QGalleryX-Standalone}/bin/qml/QtQuick/Controls/Universal/ScrollView.qml (100%)
 rename {single_QGalleryX-Standalone => deprecated/single_QGalleryX-Standalone}/bin/qml/QtQuick/Controls/Universal/SelectionRectangle.qml (100%)
 rename {single_QGalleryX-Standalone => deprecated/single_QGalleryX-Standalone}/bin/qml/QtQuick/Controls/Universal/Slider.qml (100%)
 rename {single_QGalleryX-Standalone => deprecated/single_QGalleryX-Standalone}/bin/qml/QtQuick/Controls/Universal/SpinBox.qml (100%)
 rename {single_QGalleryX-Standalone => deprecated/single_QGalleryX-Standalone}/bin/qml/QtQuick/Controls/Universal/SplitView.qml (100%)
 rename {single_QGalleryX-Standalone => deprecated/single_QGalleryX-Standalone}/bin/qml/QtQuick/Controls/Universal/StackView.qml (100%)
 rename {single_QGalleryX-Standalone => deprecated/single_QGalleryX-Standalone}/bin/qml/QtQuick/Controls/Universal/SwipeDelegate.qml (100%)
 rename {single_QGalleryX-Standalone => deprecated/single_QGalleryX-Standalone}/bin/qml/QtQuick/Controls/Universal/Switch.qml (100%)
 rename {single_QGalleryX-Standalone => deprecated/single_QGalleryX-Standalone}/bin/qml/QtQuick/Controls/Universal/SwitchDelegate.qml (100%)
 rename {single_QGalleryX-Standalone => deprecated/single_QGalleryX-Standalone}/bin/qml/QtQuick/Controls/Universal/TabBar.qml (100%)
 rename {single_QGalleryX-Standalone => deprecated/single_QGalleryX-Standalone}/bin/qml/QtQuick/Controls/Universal/TabButton.qml (100%)
 rename {single_QGalleryX-Standalone => deprecated/single_QGalleryX-Standalone}/bin/qml/QtQuick/Controls/Universal/TextArea.qml (100%)
 rename {single_QGalleryX-Standalone => deprecated/single_QGalleryX-Standalone}/bin/qml/QtQuick/Controls/Universal/TextField.qml (100%)
 rename {single_QGalleryX-Standalone => deprecated/single_QGalleryX-Standalone}/bin/qml/QtQuick/Controls/Universal/ToolBar.qml (100%)
 rename {single_QGalleryX-Standalone => deprecated/single_QGalleryX-Standalone}/bin/qml/QtQuick/Controls/Universal/ToolButton.qml (100%)
 rename {single_QGalleryX-Standalone => deprecated/single_QGalleryX-Standalone}/bin/qml/QtQuick/Controls/Universal/ToolSeparator.qml (100%)
 rename {single_QGalleryX-Standalone => deprecated/single_QGalleryX-Standalone}/bin/qml/QtQuick/Controls/Universal/ToolTip.qml (100%)
 rename {single_QGalleryX-Standalone => deprecated/single_QGalleryX-Standalone}/bin/qml/QtQuick/Controls/Universal/Tumbler.qml (100%)
 rename {single_QGalleryX-Standalone => deprecated/single_QGalleryX-Standalone}/bin/qml/QtQuick/Controls/Universal/VerticalHeaderView.qml (100%)
 rename {single_QGalleryX-Standalone => deprecated/single_QGalleryX-Standalone}/bin/qml/QtQuick/Controls/Universal/impl/CheckIndicator.qml (100%)
 rename {single_QGalleryX-Standalone => deprecated/single_QGalleryX-Standalone}/bin/qml/QtQuick/Controls/Universal/impl/RadioIndicator.qml (100%)
 rename {single_QGalleryX-Standalone => deprecated/single_QGalleryX-Standalone}/bin/qml/QtQuick/Controls/Universal/impl/SwitchIndicator.qml (100%)
 rename {single_QGalleryX-Standalone => deprecated/single_QGalleryX-Standalone}/bin/qml/QtQuick/Controls/Universal/impl/plugins.qmltypes (100%)
 rename {single_QGalleryX-Standalone => deprecated/single_QGalleryX-Standalone}/bin/qml/QtQuick/Controls/Universal/impl/qmldir (100%)
 rename {single_QGalleryX-Standalone => deprecated/single_QGalleryX-Standalone}/bin/qml/QtQuick/Controls/Universal/plugins.qmltypes (100%)
 rename {single_QGalleryX-Standalone => deprecated/single_QGalleryX-Standalone}/bin/qml/QtQuick/Controls/Universal/qmldir (100%)
 rename {single_QGalleryX-Standalone => deprecated/single_QGalleryX-Standalone}/bin/qml/QtQuick/Controls/Windows/ApplicationWindow.qml (100%)
 rename {single_QGalleryX-Standalone => deprecated/single_QGalleryX-Standalone}/bin/qml/QtQuick/Controls/Windows/Button.qml (100%)
 rename {single_QGalleryX-Standalone => deprecated/single_QGalleryX-Standalone}/bin/qml/QtQuick/Controls/Windows/CheckBox.qml (100%)
 rename {single_QGalleryX-Standalone => deprecated/single_QGalleryX-Standalone}/bin/qml/QtQuick/Controls/Windows/CheckDelegate.qml (100%)
 rename {single_QGalleryX-Standalone => deprecated/single_QGalleryX-Standalone}/bin/qml/QtQuick/Controls/Windows/ComboBox.qml (100%)
 rename {single_QGalleryX-Standalone => deprecated/single_QGalleryX-Standalone}/bin/qml/QtQuick/Controls/Windows/DelayButton.qml (100%)
 rename {single_QGalleryX-Standalone => deprecated/single_QGalleryX-Standalone}/bin/qml/QtQuick/Controls/Windows/Frame.qml (100%)
 rename {single_QGalleryX-Standalone => deprecated/single_QGalleryX-Standalone}/bin/qml/QtQuick/Controls/Windows/GroupBox.qml (100%)
 rename {single_QGalleryX-Standalone => deprecated/single_QGalleryX-Standalone}/bin/qml/QtQuick/Controls/Windows/ItemDelegate.qml (100%)
 rename {single_QGalleryX-Standalone => deprecated/single_QGalleryX-Standalone}/bin/qml/QtQuick/Controls/Windows/Menu.qml (100%)
 rename {single_QGalleryX-Standalone => deprecated/single_QGalleryX-Standalone}/bin/qml/QtQuick/Controls/Windows/MenuBar.qml (100%)
 rename {single_QGalleryX-Standalone => deprecated/single_QGalleryX-Standalone}/bin/qml/QtQuick/Controls/Windows/MenuBarItem.qml (100%)
 rename {single_QGalleryX-Standalone => deprecated/single_QGalleryX-Standalone}/bin/qml/QtQuick/Controls/Windows/MenuItem.qml (100%)
 rename {single_QGalleryX-Standalone => deprecated/single_QGalleryX-Standalone}/bin/qml/QtQuick/Controls/Windows/MenuSeparator.qml (100%)
 rename {single_QGalleryX-Standalone => deprecated/single_QGalleryX-Standalone}/bin/qml/QtQuick/Controls/Windows/ProgressBar.qml (100%)
 rename {single_QGalleryX-Standalone => deprecated/single_QGalleryX-Standalone}/bin/qml/QtQuick/Controls/Windows/RadioButton.qml (100%)
 rename {single_QGalleryX-Standalone => deprecated/single_QGalleryX-Standalone}/bin/qml/QtQuick/Controls/Windows/RadioDelegate.qml (100%)
 rename {single_QGalleryX-Standalone => deprecated/single_QGalleryX-Standalone}/bin/qml/QtQuick/Controls/Windows/RangeSlider.qml (100%)
 rename {single_QGalleryX-Standalone => deprecated/single_QGalleryX-Standalone}/bin/qml/QtQuick/Controls/Windows/ScrollBar.qml (100%)
 rename {single_QGalleryX-Standalone => deprecated/single_QGalleryX-Standalone}/bin/qml/QtQuick/Controls/Windows/ScrollIndicator.qml (100%)
 rename {single_QGalleryX-Standalone => deprecated/single_QGalleryX-Standalone}/bin/qml/QtQuick/Controls/Windows/ScrollView.qml (100%)
 rename {single_QGalleryX-Standalone => deprecated/single_QGalleryX-Standalone}/bin/qml/QtQuick/Controls/Windows/SelectionRectangle.qml (100%)
 rename {single_QGalleryX-Standalone => deprecated/single_QGalleryX-Standalone}/bin/qml/QtQuick/Controls/Windows/Slider.qml (100%)
 rename {single_QGalleryX-Standalone => deprecated/single_QGalleryX-Standalone}/bin/qml/QtQuick/Controls/Windows/SpinBox.qml (100%)
 rename {single_QGalleryX-Standalone => deprecated/single_QGalleryX-Standalone}/bin/qml/QtQuick/Controls/Windows/Switch.qml (100%)
 rename {single_QGalleryX-Standalone => deprecated/single_QGalleryX-Standalone}/bin/qml/QtQuick/Controls/Windows/SwitchDelegate.qml (100%)
 rename {single_QGalleryX-Standalone => deprecated/single_QGalleryX-Standalone}/bin/qml/QtQuick/Controls/Windows/TextArea.qml (100%)
 rename {single_QGalleryX-Standalone => deprecated/single_QGalleryX-Standalone}/bin/qml/QtQuick/Controls/Windows/TextField.qml (100%)
 rename {single_QGalleryX-Standalone => deprecated/single_QGalleryX-Standalone}/bin/qml/QtQuick/Controls/Windows/images/checkmark.png (100%)
 rename {single_QGalleryX-Standalone => deprecated/single_QGalleryX-Standalone}/bin/qml/QtQuick/Controls/Windows/images/checkmark@2x.png (100%)
 rename {single_QGalleryX-Standalone => deprecated/single_QGalleryX-Standalone}/bin/qml/QtQuick/Controls/Windows/images/checkmark@3x.png (100%)
 rename {single_QGalleryX-Standalone => deprecated/single_QGalleryX-Standalone}/bin/qml/QtQuick/Controls/Windows/images/menuarrow.png (100%)
 rename {single_QGalleryX-Standalone => deprecated/single_QGalleryX-Standalone}/bin/qml/QtQuick/Controls/Windows/images/menuarrow@2x.png (100%)
 rename {single_QGalleryX-Standalone => deprecated/single_QGalleryX-Standalone}/bin/qml/QtQuick/Controls/Windows/images/menuarrow@3x.png (100%)
 rename {single_QGalleryX-Standalone => deprecated/single_QGalleryX-Standalone}/bin/qml/QtQuick/Controls/Windows/impl/CheckIndicator.qml (100%)
 rename {single_QGalleryX-Standalone => deprecated/single_QGalleryX-Standalone}/bin/qml/QtQuick/Controls/Windows/impl/QuickControls2WindowsStyleImpl.qmltypes (100%)
 rename {single_QGalleryX-Standalone => deprecated/single_QGalleryX-Standalone}/bin/qml/QtQuick/Controls/Windows/impl/SwitchIndicator.qml (100%)
 rename {single_QGalleryX-Standalone => deprecated/single_QGalleryX-Standalone}/bin/qml/QtQuick/Controls/Windows/impl/qmldir (100%)
 rename {single_QGalleryX-Standalone => deprecated/single_QGalleryX-Standalone}/bin/qml/QtQuick/Controls/Windows/plugins.qmltypes (100%)
 rename {single_QGalleryX-Standalone => deprecated/single_QGalleryX-Standalone}/bin/qml/QtQuick/Controls/Windows/qmldir (100%)
 rename {single_QGalleryX-Standalone => deprecated/single_QGalleryX-Standalone}/bin/qml/QtQuick/Controls/impl/plugins.qmltypes (100%)
 rename {single_QGalleryX-Standalone => deprecated/single_QGalleryX-Standalone}/bin/qml/QtQuick/Controls/impl/qmldir (100%)
 rename {single_QGalleryX-Standalone => deprecated/single_QGalleryX-Standalone}/bin/qml/QtQuick/Controls/plugins.qmltypes (100%)
 rename {single_QGalleryX-Standalone => deprecated/single_QGalleryX-Standalone}/bin/qml/QtQuick/Controls/qmldir (100%)
 rename {single_QGalleryX-Standalone => deprecated/single_QGalleryX-Standalone}/bin/qml/QtQuick/Dialogs/plugins.qmltypes (100%)
 rename {single_QGalleryX-Standalone => deprecated/single_QGalleryX-Standalone}/bin/qml/QtQuick/Dialogs/qmldir (100%)
 rename {single_QGalleryX-Standalone => deprecated/single_QGalleryX-Standalone}/bin/qml/QtQuick/Dialogs/quickimpl/plugins.qmltypes (100%)
 rename {single_QGalleryX-Standalone => deprecated/single_QGalleryX-Standalone}/bin/qml/QtQuick/Dialogs/quickimpl/qml/+Fusion/ColorDialog.qml (100%)
 rename {single_QGalleryX-Standalone => deprecated/single_QGalleryX-Standalone}/bin/qml/QtQuick/Dialogs/quickimpl/qml/+Fusion/ColorInputs.qml (100%)
 rename {single_QGalleryX-Standalone => deprecated/single_QGalleryX-Standalone}/bin/qml/QtQuick/Dialogs/quickimpl/qml/+Fusion/FileDialog.qml (100%)
 rename {single_QGalleryX-Standalone => deprecated/single_QGalleryX-Standalone}/bin/qml/QtQuick/Dialogs/quickimpl/qml/+Fusion/FileDialogDelegate.qml (100%)
 rename {single_QGalleryX-Standalone => deprecated/single_QGalleryX-Standalone}/bin/qml/QtQuick/Dialogs/quickimpl/qml/+Fusion/FolderBreadcrumbBar.qml (100%)
 rename {single_QGalleryX-Standalone => deprecated/single_QGalleryX-Standalone}/bin/qml/QtQuick/Dialogs/quickimpl/qml/+Fusion/FolderDialog.qml (100%)
 rename {single_QGalleryX-Standalone => deprecated/single_QGalleryX-Standalone}/bin/qml/QtQuick/Dialogs/quickimpl/qml/+Fusion/FolderDialogDelegate.qml (100%)
 rename {single_QGalleryX-Standalone => deprecated/single_QGalleryX-Standalone}/bin/qml/QtQuick/Dialogs/quickimpl/qml/+Fusion/FontDialog.qml (100%)
 rename {single_QGalleryX-Standalone => deprecated/single_QGalleryX-Standalone}/bin/qml/QtQuick/Dialogs/quickimpl/qml/+Fusion/MessageDialog.qml (100%)
 rename {single_QGalleryX-Standalone => deprecated/single_QGalleryX-Standalone}/bin/qml/QtQuick/Dialogs/quickimpl/qml/+Fusion/SideBar.qml (100%)
 rename {single_QGalleryX-Standalone => deprecated/single_QGalleryX-Standalone}/bin/qml/QtQuick/Dialogs/quickimpl/qml/+Imagine/ColorDialog.qml (100%)
 rename {single_QGalleryX-Standalone => deprecated/single_QGalleryX-Standalone}/bin/qml/QtQuick/Dialogs/quickimpl/qml/+Imagine/ColorInputs.qml (100%)
 rename {single_QGalleryX-Standalone => deprecated/single_QGalleryX-Standalone}/bin/qml/QtQuick/Dialogs/quickimpl/qml/+Imagine/FileDialog.qml (100%)
 rename {single_QGalleryX-Standalone => deprecated/single_QGalleryX-Standalone}/bin/qml/QtQuick/Dialogs/quickimpl/qml/+Imagine/FileDialogDelegate.qml (100%)
 rename {single_QGalleryX-Standalone => deprecated/single_QGalleryX-Standalone}/bin/qml/QtQuick/Dialogs/quickimpl/qml/+Imagine/FolderBreadcrumbBar.qml (100%)
 rename {single_QGalleryX-Standalone => deprecated/single_QGalleryX-Standalone}/bin/qml/QtQuick/Dialogs/quickimpl/qml/+Imagine/FolderDialog.qml (100%)
 rename {single_QGalleryX-Standalone => deprecated/single_QGalleryX-Standalone}/bin/qml/QtQuick/Dialogs/quickimpl/qml/+Imagine/FolderDialogDelegate.qml (100%)
 rename {single_QGalleryX-Standalone => deprecated/single_QGalleryX-Standalone}/bin/qml/QtQuick/Dialogs/quickimpl/qml/+Imagine/FontDialog.qml (100%)
 rename {single_QGalleryX-Standalone => deprecated/single_QGalleryX-Standalone}/bin/qml/QtQuick/Dialogs/quickimpl/qml/+Imagine/MessageDialog.qml (100%)
 rename {single_QGalleryX-Standalone => deprecated/single_QGalleryX-Standalone}/bin/qml/QtQuick/Dialogs/quickimpl/qml/+Imagine/SideBar.qml (100%)
 rename {single_QGalleryX-Standalone => deprecated/single_QGalleryX-Standalone}/bin/qml/QtQuick/Dialogs/quickimpl/qml/+Material/ColorDialog.qml (100%)
 rename {single_QGalleryX-Standalone => deprecated/single_QGalleryX-Standalone}/bin/qml/QtQuick/Dialogs/quickimpl/qml/+Material/ColorInputs.qml (100%)
 rename {single_QGalleryX-Standalone => deprecated/single_QGalleryX-Standalone}/bin/qml/QtQuick/Dialogs/quickimpl/qml/+Material/FileDialog.qml (100%)
 rename {single_QGalleryX-Standalone => deprecated/single_QGalleryX-Standalone}/bin/qml/QtQuick/Dialogs/quickimpl/qml/+Material/FileDialogDelegate.qml (100%)
 rename {single_QGalleryX-Standalone => deprecated/single_QGalleryX-Standalone}/bin/qml/QtQuick/Dialogs/quickimpl/qml/+Material/FolderBreadcrumbBar.qml (100%)
 rename {single_QGalleryX-Standalone => deprecated/single_QGalleryX-Standalone}/bin/qml/QtQuick/Dialogs/quickimpl/qml/+Material/FolderDialog.qml (100%)
 rename {single_QGalleryX-Standalone => deprecated/single_QGalleryX-Standalone}/bin/qml/QtQuick/Dialogs/quickimpl/qml/+Material/FolderDialogDelegate.qml (100%)
 rename {single_QGalleryX-Standalone => deprecated/single_QGalleryX-Standalone}/bin/qml/QtQuick/Dialogs/quickimpl/qml/+Material/FontDialog.qml (100%)
 rename {single_QGalleryX-Standalone => deprecated/single_QGalleryX-Standalone}/bin/qml/QtQuick/Dialogs/quickimpl/qml/+Material/MessageDialog.qml (100%)
 rename {single_QGalleryX-Standalone => deprecated/single_QGalleryX-Standalone}/bin/qml/QtQuick/Dialogs/quickimpl/qml/+Material/SideBar.qml (100%)
 rename {single_QGalleryX-Standalone => deprecated/single_QGalleryX-Standalone}/bin/qml/QtQuick/Dialogs/quickimpl/qml/+Universal/ColorDialog.qml (100%)
 rename {single_QGalleryX-Standalone => deprecated/single_QGalleryX-Standalone}/bin/qml/QtQuick/Dialogs/quickimpl/qml/+Universal/ColorInputs.qml (100%)
 rename {single_QGalleryX-Standalone => deprecated/single_QGalleryX-Standalone}/bin/qml/QtQuick/Dialogs/quickimpl/qml/+Universal/FileDialog.qml (100%)
 rename {single_QGalleryX-Standalone => deprecated/single_QGalleryX-Standalone}/bin/qml/QtQuick/Dialogs/quickimpl/qml/+Universal/FileDialogDelegate.qml (100%)
 rename {single_QGalleryX-Standalone => deprecated/single_QGalleryX-Standalone}/bin/qml/QtQuick/Dialogs/quickimpl/qml/+Universal/FolderBreadcrumbBar.qml (100%)
 rename {single_QGalleryX-Standalone => deprecated/single_QGalleryX-Standalone}/bin/qml/QtQuick/Dialogs/quickimpl/qml/+Universal/FolderDialog.qml (100%)
 rename {single_QGalleryX-Standalone => deprecated/single_QGalleryX-Standalone}/bin/qml/QtQuick/Dialogs/quickimpl/qml/+Universal/FolderDialogDelegate.qml (100%)
 rename {single_QGalleryX-Standalone => deprecated/single_QGalleryX-Standalone}/bin/qml/QtQuick/Dialogs/quickimpl/qml/+Universal/FontDialog.qml (100%)
 rename {single_QGalleryX-Standalone => deprecated/single_QGalleryX-Standalone}/bin/qml/QtQuick/Dialogs/quickimpl/qml/+Universal/MessageDialog.qml (100%)
 rename {single_QGalleryX-Standalone => deprecated/single_QGalleryX-Standalone}/bin/qml/QtQuick/Dialogs/quickimpl/qml/+Universal/SideBar.qml (100%)
 rename {single_QGalleryX-Standalone => deprecated/single_QGalleryX-Standalone}/bin/qml/QtQuick/Dialogs/quickimpl/qml/ColorDialog.qml (100%)
 rename {single_QGalleryX-Standalone => deprecated/single_QGalleryX-Standalone}/bin/qml/QtQuick/Dialogs/quickimpl/qml/ColorInputs.qml (100%)
 rename {single_QGalleryX-Standalone => deprecated/single_QGalleryX-Standalone}/bin/qml/QtQuick/Dialogs/quickimpl/qml/FileDialog.qml (100%)
 rename {single_QGalleryX-Standalone => deprecated/single_QGalleryX-Standalone}/bin/qml/QtQuick/Dialogs/quickimpl/qml/FileDialogDelegate.qml (100%)
 rename {single_QGalleryX-Standalone => deprecated/single_QGalleryX-Standalone}/bin/qml/QtQuick/Dialogs/quickimpl/qml/FileDialogDelegateLabel.qml (100%)
 rename {single_QGalleryX-Standalone => deprecated/single_QGalleryX-Standalone}/bin/qml/QtQuick/Dialogs/quickimpl/qml/FolderBreadcrumbBar.qml (100%)
 rename {single_QGalleryX-Standalone => deprecated/single_QGalleryX-Standalone}/bin/qml/QtQuick/Dialogs/quickimpl/qml/FolderDialog.qml (100%)
 rename {single_QGalleryX-Standalone => deprecated/single_QGalleryX-Standalone}/bin/qml/QtQuick/Dialogs/quickimpl/qml/FolderDialogDelegate.qml (100%)
 rename {single_QGalleryX-Standalone => deprecated/single_QGalleryX-Standalone}/bin/qml/QtQuick/Dialogs/quickimpl/qml/FolderDialogDelegateLabel.qml (100%)
 rename {single_QGalleryX-Standalone => deprecated/single_QGalleryX-Standalone}/bin/qml/QtQuick/Dialogs/quickimpl/qml/FontDialog.qml (100%)
 rename {single_QGalleryX-Standalone => deprecated/single_QGalleryX-Standalone}/bin/qml/QtQuick/Dialogs/quickimpl/qml/FontDialogContent.qml (100%)
 rename {single_QGalleryX-Standalone => deprecated/single_QGalleryX-Standalone}/bin/qml/QtQuick/Dialogs/quickimpl/qml/HueGradient.qml (100%)
 rename {single_QGalleryX-Standalone => deprecated/single_QGalleryX-Standalone}/bin/qml/QtQuick/Dialogs/quickimpl/qml/MessageDialog.qml (100%)
 rename {single_QGalleryX-Standalone => deprecated/single_QGalleryX-Standalone}/bin/qml/QtQuick/Dialogs/quickimpl/qml/PickerHandle.qml (100%)
 rename {single_QGalleryX-Standalone => deprecated/single_QGalleryX-Standalone}/bin/qml/QtQuick/Dialogs/quickimpl/qml/SaturationLightnessPicker.qml (100%)
 rename {single_QGalleryX-Standalone => deprecated/single_QGalleryX-Standalone}/bin/qml/QtQuick/Dialogs/quickimpl/qml/SideBar.qml (100%)
 rename {single_QGalleryX-Standalone => deprecated/single_QGalleryX-Standalone}/bin/qml/QtQuick/Dialogs/quickimpl/qmldir (100%)
 rename {single_QGalleryX-Standalone => deprecated/single_QGalleryX-Standalone}/bin/qml/QtQuick/Effects/plugins.qmltypes (100%)
 rename {single_QGalleryX-Standalone => deprecated/single_QGalleryX-Standalone}/bin/qml/QtQuick/Effects/qmldir (100%)
 rename {single_QGalleryX-Standalone => deprecated/single_QGalleryX-Standalone}/bin/qml/QtQuick/Layouts/plugins.qmltypes (100%)
 rename {single_QGalleryX-Standalone => deprecated/single_QGalleryX-Standalone}/bin/qml/QtQuick/Layouts/qmldir (100%)
 rename {single_QGalleryX-Standalone => deprecated/single_QGalleryX-Standalone}/bin/qml/QtQuick/NativeStyle/plugins.qmltypes (100%)
 rename {single_QGalleryX-Standalone => deprecated/single_QGalleryX-Standalone}/bin/qml/QtQuick/NativeStyle/qmldir (100%)
 rename {single_QGalleryX-Standalone => deprecated/single_QGalleryX-Standalone}/bin/qml/QtQuick/Shapes/plugins.qmltypes (100%)
 rename {single_QGalleryX-Standalone => deprecated/single_QGalleryX-Standalone}/bin/qml/QtQuick/Shapes/qmldir (100%)
 rename {single_QGalleryX-Standalone => deprecated/single_QGalleryX-Standalone}/bin/qml/QtQuick/Templates/plugins.qmltypes (100%)
 rename {single_QGalleryX-Standalone => deprecated/single_QGalleryX-Standalone}/bin/qml/QtQuick/Templates/qmldir (100%)
 rename {single_QGalleryX-Standalone => deprecated/single_QGalleryX-Standalone}/bin/qml/QtQuick/Window/qmldir (100%)
 rename {single_QGalleryX-Standalone => deprecated/single_QGalleryX-Standalone}/bin/qml/QtQuick/Window/quickwindow.qmltypes (100%)
 rename {single_QGalleryX-Standalone => deprecated/single_QGalleryX-Standalone}/bin/qml/QtQuick/plugins.qmltypes (100%)
 rename {single_QGalleryX-Standalone => deprecated/single_QGalleryX-Standalone}/bin/qml/QtQuick/qmldir (100%)
 rename {single_QGalleryX-Standalone => deprecated/single_QGalleryX-Standalone}/bin/translations/qt_ar.qm (100%)
 rename {single_QGalleryX-Standalone => deprecated/single_QGalleryX-Standalone}/bin/translations/qt_bg.qm (100%)
 rename {single_QGalleryX-Standalone => deprecated/single_QGalleryX-Standalone}/bin/translations/qt_ca.qm (100%)
 rename {single_QGalleryX-Standalone => deprecated/single_QGalleryX-Standalone}/bin/translations/qt_cs.qm (100%)
 rename {single_QGalleryX-Standalone => deprecated/single_QGalleryX-Standalone}/bin/translations/qt_da.qm (100%)
 rename {single_QGalleryX-Standalone => deprecated/single_QGalleryX-Standalone}/bin/translations/qt_de.qm (100%)
 rename {single_QGalleryX-Standalone => deprecated/single_QGalleryX-Standalone}/bin/translations/qt_en.qm (100%)
 rename {single_QGalleryX-Standalone => deprecated/single_QGalleryX-Standalone}/bin/translations/qt_es.qm (100%)
 rename {single_QGalleryX-Standalone => deprecated/single_QGalleryX-Standalone}/bin/translations/qt_fa.qm (100%)
 rename {single_QGalleryX-Standalone => deprecated/single_QGalleryX-Standalone}/bin/translations/qt_fi.qm (100%)
 rename {single_QGalleryX-Standalone => deprecated/single_QGalleryX-Standalone}/bin/translations/qt_fr.qm (100%)
 rename {single_QGalleryX-Standalone => deprecated/single_QGalleryX-Standalone}/bin/translations/qt_gd.qm (100%)
 rename {single_QGalleryX-Standalone => deprecated/single_QGalleryX-Standalone}/bin/translations/qt_he.qm (100%)
 rename {single_QGalleryX-Standalone => deprecated/single_QGalleryX-Standalone}/bin/translations/qt_hr.qm (100%)
 rename {single_QGalleryX-Standalone => deprecated/single_QGalleryX-Standalone}/bin/translations/qt_hu.qm (100%)
 rename {single_QGalleryX-Standalone => deprecated/single_QGalleryX-Standalone}/bin/translations/qt_it.qm (100%)
 rename {single_QGalleryX-Standalone => deprecated/single_QGalleryX-Standalone}/bin/translations/qt_ja.qm (100%)
 rename {single_QGalleryX-Standalone => deprecated/single_QGalleryX-Standalone}/bin/translations/qt_ka.qm (100%)
 rename {single_QGalleryX-Standalone => deprecated/single_QGalleryX-Standalone}/bin/translations/qt_ko.qm (100%)
 rename {single_QGalleryX-Standalone => deprecated/single_QGalleryX-Standalone}/bin/translations/qt_lg.qm (100%)
 rename {single_QGalleryX-Standalone => deprecated/single_QGalleryX-Standalone}/bin/translations/qt_lv.qm (100%)
 rename {single_QGalleryX-Standalone => deprecated/single_QGalleryX-Standalone}/bin/translations/qt_nl.qm (100%)
 rename {single_QGalleryX-Standalone => deprecated/single_QGalleryX-Standalone}/bin/translations/qt_nn.qm (100%)
 rename {single_QGalleryX-Standalone => deprecated/single_QGalleryX-Standalone}/bin/translations/qt_pl.qm (100%)
 rename {single_QGalleryX-Standalone => deprecated/single_QGalleryX-Standalone}/bin/translations/qt_pt_BR.qm (100%)
 rename {single_QGalleryX-Standalone => deprecated/single_QGalleryX-Standalone}/bin/translations/qt_ru.qm (100%)
 rename {single_QGalleryX-Standalone => deprecated/single_QGalleryX-Standalone}/bin/translations/qt_sk.qm (100%)
 rename {single_QGalleryX-Standalone => deprecated/single_QGalleryX-Standalone}/bin/translations/qt_sv.qm (100%)
 rename {single_QGalleryX-Standalone => deprecated/single_QGalleryX-Standalone}/bin/translations/qt_tr.qm (100%)
 rename {single_QGalleryX-Standalone => deprecated/single_QGalleryX-Standalone}/bin/translations/qt_uk.qm (100%)
 rename {single_QGalleryX-Standalone => deprecated/single_QGalleryX-Standalone}/bin/translations/qt_zh_CN.qm (100%)
 rename {single_QGalleryX-Standalone => deprecated/single_QGalleryX-Standalone}/bin/translations/qt_zh_TW.qm (100%)
 rename stderr.txt => deprecated/stderr.txt (100%)
 rename stdout.txt => deprecated/stdout.txt (100%)
 create mode 100644 graphify-out/.graphify_ast.json
 create mode 100644 graphify-out/.graphify_detect.json
 create mode 100644 graphify-out/.graphify_incremental.json
 create mode 100644 graphify-out/.graphify_old.json
 create mode 100644 graphify-out/.graphify_uncached.txt
 create mode 100644 graphify-out/2026-07-01/.graphify_analysis.json
 create mode 100644 graphify-out/2026-07-01/.graphify_labels.json
 create mode 100644 graphify-out/2026-07-01/.graphify_semantic_marker
 create mode 100644 graphify-out/2026-07-01/GRAPH_REPORT.md
 create mode 100644 graphify-out/2026-07-01/graph.json
 delete mode 100644 graphify-out/cache/ast/v0.8.42/01587bf70903341f74d4c00c4e4237b4d6109cdcee59337741dd21fd2de0d1a8.json
 delete mode 100644 graphify-out/cache/ast/v0.8.42/01f3b9696d561685db411945734a3c7dc06b641e214bcd02c4790d2d5a2467ec.json
 delete mode 100644 graphify-out/cache/ast/v0.8.42/02435b0bb73ad81ecae8ae68b5c77885a38168d1a1349ad99d359da0a0e94a2e.json
 delete mode 100644 graphify-out/cache/ast/v0.8.42/0266f919447dad7931763ac45d9c9734d7b8caf0bd7c97cb0929d0128ebd074d.json
 delete mode 100644 graphify-out/cache/ast/v0.8.42/0268e728126ffdc9f0dae6112e296d748b70996816c9a38df65dd80dd2f796a4.json
 delete mode 100644 graphify-out/cache/ast/v0.8.42/02a6a41e7e00a3941f11a5261431ed03025ad0a6f4ed82a2fd92dba34a047fba.json
 delete mode 100644 graphify-out/cache/ast/v0.8.42/02a71a0ab46491940535e7c0b77b7e39a78da646e5d567808147198ef12be684.json
 delete mode 100644 graphify-out/cache/ast/v0.8.42/03433e9b142b3a3f348c70f93fd4f623405276d034773c813565b61833366ec4.json
 delete mode 100644 graphify-out/cache/ast/v0.8.42/0419bece2f91aaa69ea69bed07b4a153730f1881ce572fa6419e02c4576dd714.json
 delete mode 100644 graphify-out/cache/ast/v0.8.42/0472fef62d109e4bca58cee537c324e584bc44b4eae90ab15ba78b1257c6c8d7.json
 delete mode 100644 graphify-out/cache/ast/v0.8.42/04b084003521c6ed4311b212f05285c75a13f30cb3a3331bcb139534ef17a1a8.json
 delete mode 100644 graphify-out/cache/ast/v0.8.42/06493d8e1fa64a6be710aa7a8f651c0db632e6c6e0911ddb610eaaa4ef1eccf8.json
 delete mode 100644 graphify-out/cache/ast/v0.8.42/06fb763245f68699df19f1aa3c095c80dac155a050b1ef906c05f8ef6876f51a.json
 delete mode 100644 graphify-out/cache/ast/v0.8.42/07d552c332b5f8557053075fe73a6145a82fa9997c5268122473d344ae6e286c.json
 delete mode 100644 graphify-out/cache/ast/v0.8.42/07de7428e1c192572d096ad66d84dee8862d9ed0dce9d381c78b4263cafdef68.json
 delete mode 100644 graphify-out/cache/ast/v0.8.42/082c41f9e6ca05cec3dd800e1407dab06a2676179c9b46a0960dd384a96fdda2.json
 delete mode 100644 graphify-out/cache/ast/v0.8.42/086cc52daa2d8a531271076543edd4ba1a36fa09265b288fb0fc94cd89bc663c.json
 delete mode 100644 graphify-out/cache/ast/v0.8.42/08ae182a634724a65525cb46a46c77047d2a679330ce92da0f3496dce9aeff20.json
 delete mode 100644 graphify-out/cache/ast/v0.8.42/0960071b7fdfdb951b93f6af302975dc507ece09ade3cb7c51d062d3f59e9f82.json
 delete mode 100644 graphify-out/cache/ast/v0.8.42/0963890da5384ba8c16d8baf093544f11808349b386a3f4895841f50580ee01b.json
 delete mode 100644 graphify-out/cache/ast/v0.8.42/099e04255c70d8079bf72ca2afc8e6c3837588a9bccc8dcd073c09fd981432b1.json
 delete mode 100644 graphify-out/cache/ast/v0.8.42/09db8bb6705bdd2d98222cf45db885e8051c4d4a4b64df7cc1b66e1301f0a343.json
 delete mode 100644 graphify-out/cache/ast/v0.8.42/0aa2163957d74cfaac56a5d0359da8e7d9dbdacf81417dbd9ef902cead9aa4d7.json
 delete mode 100644 graphify-out/cache/ast/v0.8.42/0aefa501d3e6a15d9830cfa6e4d019e2f8897d36e2b0bd21888f7d0cb5024a38.json
 delete mode 100644 graphify-out/cache/ast/v0.8.42/0bedcb00c4b4be8548316519a2cc445c07066f0f805dcf31c9d3b26acc5031b9.json
 delete mode 100644 graphify-out/cache/ast/v0.8.42/0cc5d52bcb5144c9298ae422ec3f6607d62ac41052f3c5c310a46ae14355272c.json
 delete mode 100644 graphify-out/cache/ast/v0.8.42/0d783a1f78b14e08a23c89074839561344689b92239da4fcb9379933d5c5fd61.json
 delete mode 100644 graphify-out/cache/ast/v0.8.42/0d91793507ac6539c52ae7a5c358611dadfae8685d6ae9cc3ab11e6a177d6de0.json
 delete mode 100644 graphify-out/cache/ast/v0.8.42/0f4e05c349ac86c8acf46e793fa8bc16476627d7a4479c1fcdd1ea6278ac2e36.json
 delete mode 100644 graphify-out/cache/ast/v0.8.42/0fc39052ffb46cf93c5bd9073416aec81a65ea558cb612ea3674366701734d21.json
 delete mode 100644 graphify-out/cache/ast/v0.8.42/103a59982c672a0608f4ff3ef45ec8e7d2b0e2c8e2d2dbaf84fe45811c5d0613.json
 delete mode 100644 graphify-out/cache/ast/v0.8.42/10c620c006ba4ed753a6ea45e6ed3fbfe783b0781a3f8ed24343f9416b6d5001.json
 delete mode 100644 graphify-out/cache/ast/v0.8.42/112905b91318db455b3894c32885514b0531112ef912e134967b08053d65c207.json
 delete mode 100644 graphify-out/cache/ast/v0.8.42/114d6cc9ec9294c7cf021caf3de0adcf3865e0d171fe5c7c101c20ab773ff82a.json
 delete mode 100644 graphify-out/cache/ast/v0.8.42/11e3d652d1bb85c6ff2b4b8d5962dfb520da665b3d8c012efa71b8f6a7106ffd.json
 delete mode 100644 graphify-out/cache/ast/v0.8.42/11ea2336b8d1a5d432259e0de21d32fe85db85c0c9af42a482ce9c29096c1437.json
 delete mode 100644 graphify-out/cache/ast/v0.8.42/134c0f30909d656cc3d90f08c2361972ab019ee6fdbb8af00a2beceb6ae2c754.json
 delete mode 100644 graphify-out/cache/ast/v0.8.42/138cd8da85354227d09eea2aca9cf1335f68f9ec31c99e8d4a07d441f39bd68d.json
 delete mode 100644 graphify-out/cache/ast/v0.8.42/142290a3bd3f0c8c2be42d5d738f99bd0efa9271aece9c83c44f6d64972b98c8.json
 delete mode 100644 graphify-out/cache/ast/v0.8.42/143655249ac78a692241c1fa4aedaecf8c46595b62400c91d83313c2f5c58d3c.json
 delete mode 100644 graphify-out/cache/ast/v0.8.42/154938d3fb6ae93b151635a4e905006fb5d40a16007052f321066434f86524f2.json
 delete mode 100644 graphify-out/cache/ast/v0.8.42/158accc0c4678627f815d1c2a133b87c67c27745eb82b55265f1a3993b9ee62a.json
 delete mode 100644 graphify-out/cache/ast/v0.8.42/16d167f24477b05d88fd057df6d36787471a0c7dad21cc8916996c45a9f1a418.json
 delete mode 100644 graphify-out/cache/ast/v0.8.42/1721e6629f6f52ec936d87a604ae25988c94e23f9fb650a965a499664e8913f0.json
 delete mode 100644 graphify-out/cache/ast/v0.8.42/175699c9334e1f17c4ea83a7e7abc358da6570990022daaf5bf6c84e20c7986f.json
 delete mode 100644 graphify-out/cache/ast/v0.8.42/17ba0ce2980ae0cf9102d9ccc81a6c266690141eeb9bd8458e9c26cf27ccee18.json
 delete mode 100644 graphify-out/cache/ast/v0.8.42/17ca4dcad48c283174a8ffcdb93fcb7b8d6f5f454101c39fa9bdf7b3153872ba.json
 delete mode 100644 graphify-out/cache/ast/v0.8.42/18be9aee7841fcd2488fc485cb90fc947ac2142b3595a74d344a12570fbb1706.json
 delete mode 100644 graphify-out/cache/ast/v0.8.42/1900cd9806e17388b0b02eb6d3b8c4b8936e9b79009612b212e179c5fd1e93c6.json
 delete mode 100644 graphify-out/cache/ast/v0.8.42/19181bd1df602a9480f381a5c3c61518ce4992280bace795be9f3069556ccb1d.json
 delete mode 100644 graphify-out/cache/ast/v0.8.42/1975ff61014dddb125323600a6f4c43b9a330d9be5963563b0d24f56c601570c.json
 delete mode 100644 graphify-out/cache/ast/v0.8.42/19a45c577fa68083902e30c17173151d708452ac5554ae3af685d0001506f367.json
 delete mode 100644 graphify-out/cache/ast/v0.8.42/19c97e725417f2cbf665051ce8d5c79640a236acb0166342a45cd2daf0ae9d1b.json
 delete mode 100644 graphify-out/cache/ast/v0.8.42/19de375cd32e8d0f99c5b4d626335245d591055c322910674b9d2d69ea0ebd9b.json
 delete mode 100644 graphify-out/cache/ast/v0.8.42/1a1ca1f2b97f76659e90fde8110d99958a2eb08fc73b97adbda79a7bfdd554e5.json
 delete mode 100644 graphify-out/cache/ast/v0.8.42/1a8b112d9645e1050c6393b19fa0e5ba6e4d857c212ec8e6ab8a2564e6497ce4.json
 delete mode 100644 graphify-out/cache/ast/v0.8.42/1ac4efb21de7385c368598740a1d411c65860c9503878cef93e8a2a5e6849c2b.json
 delete mode 100644 graphify-out/cache/ast/v0.8.42/1ae61d94aaf7caa1bed2d4a95083c3a58e78dfe42f5cd64dd2838f8c59ce2517.json
 delete mode 100644 graphify-out/cache/ast/v0.8.42/1be8b8f755c8de64cb47df297bc06b6556ab07cf0c08d48da8ef4a46988957fb.json
 delete mode 100644 graphify-out/cache/ast/v0.8.42/1c18f25d91ae6f5ebe5d68181d4028d02378ac059eb81b204f641db17147d7ba.json
 delete mode 100644 graphify-out/cache/ast/v0.8.42/1c82207121838881c9ee14ef7ab179994f23099eca3552fce7575b124d338f6c.json
 delete mode 100644 graphify-out/cache/ast/v0.8.42/1d1a9a7e815f85d1cf5a4867b243e40f8670c75a569afa5e35378d32255cc666.json
 delete mode 100644 graphify-out/cache/ast/v0.8.42/1d3238c9c5eb6edbb60a02a8baa536acf278d7ecf60312996b1ab00fd936b2d7.json
 delete mode 100644 graphify-out/cache/ast/v0.8.42/1da04123459023cec9a2e582b8a50910c358acfac638a0b8dee6934a8c08d196.json
 delete mode 100644 graphify-out/cache/ast/v0.8.42/1db75475310e3fb89ee6cc300d6f066c50e828f3dc04c8b977fd0a027b3b5315.json
 delete mode 100644 graphify-out/cache/ast/v0.8.42/1dd42f0d75dc0720fafad8ef6b26eb4d06bed398073f8f2a3662a41c585c169f.json
 delete mode 100644 graphify-out/cache/ast/v0.8.42/1f5fadc3b85128888f4a1ac3a0e30861f1942fb268771309354ed72e912f9f41.json
 delete mode 100644 graphify-out/cache/ast/v0.8.42/201d4fcb0fc8385531d9d0b7fa0d85c0598cac47e00ccca7ab562fade0426751.json
 delete mode 100644 graphify-out/cache/ast/v0.8.42/207c9dbcebbd3b3a8f182282d41d9f4c826514817a3c710d828fa50dbc666da6.json
 delete mode 100644 graphify-out/cache/ast/v0.8.42/22b691fee8324054eb9b19a605a144fba15d5dd7ba5668410e79904d2309e992.json
 delete mode 100644 graphify-out/cache/ast/v0.8.42/233c50694cc4fa5f2ffd0c3d28a1ecec1f551e13b1962d1d09af760707de7e34.json
 delete mode 100644 graphify-out/cache/ast/v0.8.42/23c530a26783beeabb1aaa82118988b1beef2bacc494577e475c05cb813c1b23.json
 delete mode 100644 graphify-out/cache/ast/v0.8.42/24f17bc52b1684dce682fc369da9d20fafe338a972a653447e243bfd5d04c3ba.json
 delete mode 100644 graphify-out/cache/ast/v0.8.42/256739c2b9c44f772b0809cbed5639f4be2aee505a778e72decdbbce4d6a7aaa.json
 delete mode 100644 graphify-out/cache/ast/v0.8.42/26d46d92c587eaf83e61f0ad449ecd5c18edc1eead9576f3aecc4d5811ade085.json
 delete mode 100644 graphify-out/cache/ast/v0.8.42/2797d167bb0b6f9cd9c450085af178d6463da5de6b756a7358a537650b9f070e.json
 delete mode 100644 graphify-out/cache/ast/v0.8.42/2859ded7d2e235d48485b0db3b8c4076b790aa7aa6d684cc2bffc53aaec3a54c.json
 delete mode 100644 graphify-out/cache/ast/v0.8.42/287db21c4d701daa7bb462ad6f4285b17e9ebb50a4880d8f57e54d983215a506.json
 delete mode 100644 graphify-out/cache/ast/v0.8.42/28ddaf5dab1070e0bb5e3aa923135cbbb3daf2b5e021ffa3e754783ab348cec8.json
 delete mode 100644 graphify-out/cache/ast/v0.8.42/28df40d0b87521fd41c459d090a53765c32d99373404c2a769fdfc5971a86c73.json
 delete mode 100644 graphify-out/cache/ast/v0.8.42/29346d6910dc246efa6151cd8c18a430d2cc68dab9af9ee4880f47b2b85bee85.json
 delete mode 100644 graphify-out/cache/ast/v0.8.42/29bbdc9e5aba06d2c400f20020aae61c7dafff4ea3bbaeae1082356c7dd8fef7.json
 delete mode 100644 graphify-out/cache/ast/v0.8.42/2a6d785d94fa76f54fd9b934b101673acae781c3c6584dc67db4f44ed4ce83d4.json
 delete mode 100644 graphify-out/cache/ast/v0.8.42/2ad85694111ea7ddb2d3aa6a117aa33efc8d2368ee731e235112ad1d4f1e635f.json
 delete mode 100644 graphify-out/cache/ast/v0.8.42/2c026558eb1bf675a4866f2b8b6bfbe2ed3a1c740a0e96075cbccbca1e472c4a.json
 delete mode 100644 graphify-out/cache/ast/v0.8.42/2c5184981c27368fa759a8fbbc90de458b0709f1e264b46204f79c1b33c021c6.json
 delete mode 100644 graphify-out/cache/ast/v0.8.42/2c674893f867ac75a1828d844207f05446acf8079e3ab2f82e2a44dbb1396079.json
 delete mode 100644 graphify-out/cache/ast/v0.8.42/2ddaafe6f6d78d25e3c2f009368872c502c57a174c7a5df079f65a13c6195ca9.json
 delete mode 100644 graphify-out/cache/ast/v0.8.42/2e181635c10dd0848c717839f6f388bef612ebfa1a9da85b35e56a4181a44c4e.json
 delete mode 100644 graphify-out/cache/ast/v0.8.42/30c4d5a451471f192c893fb1ee166159bc49c78799592008dd9818bce2c83248.json
 delete mode 100644 graphify-out/cache/ast/v0.8.42/30d0580c1244d7808a5007af8f752eb30afe7abe00980790b254b74ae958359e.json
 delete mode 100644 graphify-out/cache/ast/v0.8.42/31559627c7dfd4febd6b8ab14fccb1b7115bdc61bc785568f0aee4252370f2f7.json
 delete mode 100644 graphify-out/cache/ast/v0.8.42/33056dadcd975bbd0304bb47ad16c71cd33bc2a4f5d4262f484d581f8cf7ebc3.json
 delete mode 100644 graphify-out/cache/ast/v0.8.42/330ca8a280a4ed0b783a96cdaa3a23cd299ad6e1c67658de2d308a5cf8cdf933.json
 delete mode 100644 graphify-out/cache/ast/v0.8.42/33628439d11fa0f27311db678c1a1836da1a27a6622b14aee61d4a38383b2848.json
 delete mode 100644 graphify-out/cache/ast/v0.8.42/3380803399ba4b569de4e4bb68a27eae6c293e2b273387974a43b3c06dd90260.json
 delete mode 100644 graphify-out/cache/ast/v0.8.42/3404c04ae4637cb0f34a83e89a70049de4be343efd745fd3fffa4f814cb28a21.json
 delete mode 100644 graphify-out/cache/ast/v0.8.42/34eaf405dcfc030770c7576b74e2f3eb9e1e20ed50a701420778991cf0be2db4.json
 delete mode 100644 graphify-out/cache/ast/v0.8.42/35661ee85134de731f2881d692023839c4e8004632d75dbde0b754715f4b3234.json
 delete mode 100644 graphify-out/cache/ast/v0.8.42/357915bec8d3d98e7979f421460e56e273167cd106e2a0183097eda3a5b5be68.json
 delete mode 100644 graphify-out/cache/ast/v0.8.42/3579ceb9d2ca2b8f9d0f41f6ea37efd992dae1c38c4c976b1662e601a5c566a7.json
 delete mode 100644 graphify-out/cache/ast/v0.8.42/359769d75c190cb3eb961fe78bcfcc392e7c3b9b7f5dfd552a11dadca02dc82e.json
 delete mode 100644 graphify-out/cache/ast/v0.8.42/35a132adb5c772434443489ce59e71ed54098d4999b27baa8e7a802af6c221c7.json
 delete mode 100644 graphify-out/cache/ast/v0.8.42/368e48d5b8933508e1f13c1cc9defd0a04dcf4f118d3d089a3b8eeb73ec9b3bc.json
 delete mode 100644 graphify-out/cache/ast/v0.8.42/3699535d9d9017063f38b8ad1b822de91bb6b893bf92ea6b723f030a66d0838a.json
 delete mode 100644 graphify-out/cache/ast/v0.8.42/36d217fa81f43f9044ae1d7835bc75ba084f8c355433323cf74897e046fdff94.json
 delete mode 100644 graphify-out/cache/ast/v0.8.42/3753af3eb9b3bd450b598fb315abbc02a13e518881392f56f591744a0f3e83d9.json
 delete mode 100644 graphify-out/cache/ast/v0.8.42/3754b5bdd6305bb54ce344e33d86d1c7797435e7cb3dc813c73f106b92ad247b.json
 delete mode 100644 graphify-out/cache/ast/v0.8.42/382e3409dbf879f4e8f626ba88ea565bd467cecb0c3c5292f225cd271bdd0fe9.json
 delete mode 100644 graphify-out/cache/ast/v0.8.42/385660e94c2562d8f58045c1b46576d6d64f44549496a0ed90d8ad198d4f1d0b.json
 delete mode 100644 graphify-out/cache/ast/v0.8.42/38bb0229edf18657909c57c934b94f6848b7451b16e3b64eaf8de4fe4a6bbb69.json
 delete mode 100644 graphify-out/cache/ast/v0.8.42/3914ed6f54b09e4ce30f6784dbe6285f1d61828b494dbdccfa89d32c530644e2.json
 delete mode 100644 graphify-out/cache/ast/v0.8.42/39a58bd8e8b793c9e9f92228200015ce3191898b140bf9c9af40bad93c9f7e82.json
 delete mode 100644 graphify-out/cache/ast/v0.8.42/39ffd08dcfbaba85f12e725a43f91dbc8f06250bb1ca408fa9ee08121b47358d.json
 delete mode 100644 graphify-out/cache/ast/v0.8.42/3b666012ba41283ff47d5e3d23ef2d82bc817fc4ca744c9991e04ae5d0f90f19.json
 delete mode 100644 graphify-out/cache/ast/v0.8.42/3c038bf946a44b3e72b36545a096706698905d75d05f6647167b9320837a0db6.json
 delete mode 100644 graphify-out/cache/ast/v0.8.42/3c19d1bf247691f4e12e63a2f04189d49cafcfc0128519f9fb29c5b17a23ffcc.json
 delete mode 100644 graphify-out/cache/ast/v0.8.42/3c62dfdb8f0152e292717734ccae30d6622e11d19aaf99d9be64cf7d0e3489df.json
 delete mode 100644 graphify-out/cache/ast/v0.8.42/3d36f51b19db03a482183e850c770eaf7e65060d2db3322ae0f2246e6ab945a2.json
 delete mode 100644 graphify-out/cache/ast/v0.8.42/3ddbe02876b381204ed3249eaf878515fb71d5992c0e3d99057c63a58e4c7bed.json
 delete mode 100644 graphify-out/cache/ast/v0.8.42/3ebea84ba2f13fc354aa103dae0861a4ad67f542102d05edc89aa8ef07ca1186.json
 delete mode 100644 graphify-out/cache/ast/v0.8.42/3f2556ee9b7058979919eb32a76fdbb305d2a5f3ab6b5f104cac437714908e81.json
 delete mode 100644 graphify-out/cache/ast/v0.8.42/3f54e20b634d725c90e9da50af47e7f66519de8f6d7fdaf5cd22c03299518122.json
 delete mode 100644 graphify-out/cache/ast/v0.8.42/3f80147a149e3f9c6c96b52fe1bd4a6682a2b6c14dc42cbcf57a59f358c051a8.json
 delete mode 100644 graphify-out/cache/ast/v0.8.42/401035eeb27a2bcfa51e0204465eb5a0b5682bd752d65e7682b7e8ce7c402dd3.json
 delete mode 100644 graphify-out/cache/ast/v0.8.42/40105f06a25e786dc63bdc11c4a3c214e892dd3b36444bca0c91f0490b1a221c.json
 delete mode 100644 graphify-out/cache/ast/v0.8.42/406779ffe5e8056e1c931ab41955828dbcd560d14b78540b231dc91b9f73e430.json
 delete mode 100644 graphify-out/cache/ast/v0.8.42/40f21c8727d99428c00b7368dfd2f62e7d9031cc44fe641f5f90e760b3be1ba4.json
 delete mode 100644 graphify-out/cache/ast/v0.8.42/41be09374979edd4ee1d5eb2723c143814e4c35d281e2b61d90c283b2137aa11.json
 delete mode 100644 graphify-out/cache/ast/v0.8.42/4227b18d69bd4e0cf4c057c45092a1872a21fb06441e1dc151337e80fc23f6cb.json
 delete mode 100644 graphify-out/cache/ast/v0.8.42/42caa65bed59ca37e0c71626f1afc25e21b5057a5bd6171a2eef10aee9edcee1.json
 delete mode 100644 graphify-out/cache/ast/v0.8.42/471fe116e7194e8d0e14237a3be3da3123891e6afff15fd0976e6d451f19bc15.json
 delete mode 100644 graphify-out/cache/ast/v0.8.42/472cb8eec0064ba77f3213ae2c55d9c772a6f5bede34add1275c726dae844638.json
 delete mode 100644 graphify-out/cache/ast/v0.8.42/4971f65a9562aae8b19d5e82370a9bdfeae9ba6f13e9beb76f1926334c08dfee.json
 delete mode 100644 graphify-out/cache/ast/v0.8.42/497906f546adbe18b39edf503622d3a2ff601bfec9279eb6d7ab79d992f89778.json
 delete mode 100644 graphify-out/cache/ast/v0.8.42/498ee1ea6b8bb1dc7a1359bce6c5997e68edafdef49571a2b8acaf1a095b1bc2.json
 delete mode 100644 graphify-out/cache/ast/v0.8.42/49d94bb551938acc18a4a6e6a42fd33512971bc62f399dd3e45528cbf0c33019.json
 delete mode 100644 graphify-out/cache/ast/v0.8.42/49ee915ba343b222a5727988bd1b071dc5b4b64e86f47246f0869fcd57a46ca9.json
 delete mode 100644 graphify-out/cache/ast/v0.8.42/4a09ed2e93ad761310178db7e67065b98e770e11107ee5ccf05062cfd55ad639.json
 delete mode 100644 graphify-out/cache/ast/v0.8.42/4a54528099990eeb63a1fba25465d33cc2561b30518c3c8f0f033371a0c2e960.json
 delete mode 100644 graphify-out/cache/ast/v0.8.42/4a91ae84ae9b3ce512599b9af014562daaf4dca529c09c72ece937c2fb2f8c2b.json
 delete mode 100644 graphify-out/cache/ast/v0.8.42/4bd6e61a7df13ba6d46834a2fe7c1d1f03832163e4c4cb8241d9809e4acc1087.json
 delete mode 100644 graphify-out/cache/ast/v0.8.42/4c79d0bfaf76111dc0d5599fa0c1c2e2c634e95ebef37ef42e3a7c1a180015c3.json
 delete mode 100644 graphify-out/cache/ast/v0.8.42/4cd5ed3affbc8abb1ddfc3676c8c06b8361928ac1df09d16a0b36d837854d782.json
 delete mode 100644 graphify-out/cache/ast/v0.8.42/4d788d265e1328c614c258362f86b10dd0689a8dd900db9854c3cd7f1c158f43.json
 delete mode 100644 graphify-out/cache/ast/v0.8.42/4ed52114ebe784c7d4a79078c101edb4ab694993bd287bed77a5e07741fc9915.json
 delete mode 100644 graphify-out/cache/ast/v0.8.42/4fc1fcf86852a393c7c0cb4181093d712cbc627c90203405b7b2cb50da42123d.json
 delete mode 100644 graphify-out/cache/ast/v0.8.42/5064e4386a69f7bfd984ff3a70d3f3d4956ccb29987ab3479ede92e6308ac5b3.json
 delete mode 100644 graphify-out/cache/ast/v0.8.42/50abec242c3646307a71c801c8e8be0e45d4183f448c5eb82295a3349df9b90e.json
 delete mode 100644 graphify-out/cache/ast/v0.8.42/51381df25edaa1f513156a56e77863d40e4e5e536c41bd612f057ce9731da509.json
 delete mode 100644 graphify-out/cache/ast/v0.8.42/53362ee1751440a577982bb437c46cd6ea7d117182c6369498df71f64a0147ce.json
 delete mode 100644 graphify-out/cache/ast/v0.8.42/53852faec1e9a57f9e70806a389f8f19e165acbf12ee3d804e72948e33d2d106.json
 delete mode 100644 graphify-out/cache/ast/v0.8.42/541cffe4ff74b0c4cc1eae256c89837b112073a1c5f3a72876a2f481b62fda55.json
 delete mode 100644 graphify-out/cache/ast/v0.8.42/55141def8af355f1eaa391cc42761fe6fc975635225d33012660fd92941418b1.json
 delete mode 100644 graphify-out/cache/ast/v0.8.42/555f28877c40a7fe24bd81af1f0f88ec8c68fe4a3077ce5dc3e87a1077837725.json
 delete mode 100644 graphify-out/cache/ast/v0.8.42/55b38e297adb195c4eb1fca8b1e8ff03322963ce91fa023a95a4b92d04c64ccc.json
 delete mode 100644 graphify-out/cache/ast/v0.8.42/55e2fc9d6577d9def37b44bbf99eb73daf7fe081554b18c673311784bc86df17.json
 delete mode 100644 graphify-out/cache/ast/v0.8.42/56b5dc172f3534303dd50a6234774bffe74603fd7829919925c6cdb33cafb36b.json
 delete mode 100644 graphify-out/cache/ast/v0.8.42/56e2747d1a5663c16d38ffc6080c30ce198ec4c68ab7fff899e051322c653e95.json
 delete mode 100644 graphify-out/cache/ast/v0.8.42/57063aa90f0822a4d1d14668deba175b25d6bcd2d063bea9d2f825cc959cafa8.json
 delete mode 100644 graphify-out/cache/ast/v0.8.42/57fa7937cc17d246a6b38333531555b316424467a66448e67e6e739940db427d.json
 delete mode 100644 graphify-out/cache/ast/v0.8.42/587ab2d2c197f378444a831af5329095f6702fd2ce1adad166b6ee913e620876.json
 delete mode 100644 graphify-out/cache/ast/v0.8.42/59d9b52c8456337c7a4f0f7080255470756fc4b9644b081f0f519715f72ceade.json
 delete mode 100644 graphify-out/cache/ast/v0.8.42/59f27fad146a257fc65f59038c3401153d68010cfe24f9d550589a649837b898.json
 delete mode 100644 graphify-out/cache/ast/v0.8.42/5b31778c89d69ef60e7ec1640646d9057d94fd549a4c51bc77ef3b614575a9c2.json
 delete mode 100644 graphify-out/cache/ast/v0.8.42/5d73e7d5c04a2dbef0fb6af26a04afa2c80bb71b1d1cfa756506f064001e5576.json
 delete mode 100644 graphify-out/cache/ast/v0.8.42/5d82f063865b52057879c6ee56ff1e7b11251242d0841994b499c03579de995a.json
 delete mode 100644 graphify-out/cache/ast/v0.8.42/5dd17dac44be48414a49cc3000bd45c84b0b63154c411b6f5a242332eb98e611.json
 delete mode 100644 graphify-out/cache/ast/v0.8.42/5e751abc837d32ecb48e89488fadbc1fe69b1b44183dfa4185ffa19796d9c10d.json
 delete mode 100644 graphify-out/cache/ast/v0.8.42/5e7da3db11c4acedf235a9a149fd9e010c07c960b79e44753f65fce605153b8d.json
 delete mode 100644 graphify-out/cache/ast/v0.8.42/6036f381999a1892bc8548d32a27b280821389b9915ea69fa729621e741f15ee.json
 delete mode 100644 graphify-out/cache/ast/v0.8.42/608c60a6f87c6c87031a370238dabefee9e9cbad9e6ec7605046fd1e8866ddeb.json
 delete mode 100644 graphify-out/cache/ast/v0.8.42/620cee99c0282ebe18aeaa4f1c163bf21b89c24f45215cf7d82ae8372a31c3d8.json
 delete mode 100644 graphify-out/cache/ast/v0.8.42/6267883a4902017a7832446d416cc0cec0c175beb35210e1b2c1bf44b3364f35.json
 delete mode 100644 graphify-out/cache/ast/v0.8.42/62adecb9c9bc750d0e7a43582b76c03d8fd8453e448be4a0425df3129614ce57.json
 delete mode 100644 graphify-out/cache/ast/v0.8.42/62e6c2b84b11c5c4cd0f115bcbd05f84506dabeb97ac77f3239b28e6c76722c8.json
 delete mode 100644 graphify-out/cache/ast/v0.8.42/631086a008f213e71da252fb8141417e595a3d669206f2998f23791aa3b7ea73.json
 delete mode 100644 graphify-out/cache/ast/v0.8.42/63a02fc144883716164c250c506df067fbbb1e44c1280786642db7b51ebbdac9.json
 delete mode 100644 graphify-out/cache/ast/v0.8.42/63a181669c3e3737725d7783496923e8074bbd886592968f15d1f3e5a57f1848.json
 delete mode 100644 graphify-out/cache/ast/v0.8.42/640f09037225b2248036140aab71951d5ad1b50e531ee2d51b0908b8fe70ae3d.json
 delete mode 100644 graphify-out/cache/ast/v0.8.42/6414e7aa4379eb820ab273f2d836656738f18a4ee11a9618e119832579dd001c.json
 delete mode 100644 graphify-out/cache/ast/v0.8.42/65ebf13464c31fdb5c927b82f1a8e6979b47065f3a2ae6828bf339fda2420d6d.json
 delete mode 100644 graphify-out/cache/ast/v0.8.42/66a7c4a872a54927cc1dae9a417be34ab5df90379f10b6fb93be43b0598820e3.json
 delete mode 100644 graphify-out/cache/ast/v0.8.42/66d452a6242233584fd68bbf65cbdbf78adf48c08b06f17ffe0d6d2a68eb4227.json
 delete mode 100644 graphify-out/cache/ast/v0.8.42/6833371011bb63a911edf53609f67ac362036752d4985083d14877dfb79bb9af.json
 delete mode 100644 graphify-out/cache/ast/v0.8.42/69229aa05c6c8f1bb0cf29b755332ae3670bd4cebedabdd5fbf6edc8e21a0f7a.json
 delete mode 100644 graphify-out/cache/ast/v0.8.42/6967dbccbc9763c087d83d63b77b1ddc711d96ed618a6eb4a50bb39af91694d0.json
 delete mode 100644 graphify-out/cache/ast/v0.8.42/699ceb0fc3cf4d41620f4e14ec349df002e427bd5465c977fb7d55027813d84d.json
 delete mode 100644 graphify-out/cache/ast/v0.8.42/6a54d04774fa96d46e73d1e80e822c16d28eb479a066cbb47aa8a7e694fe9b49.json
 delete mode 100644 graphify-out/cache/ast/v0.8.42/6adcfa87f64576f45b1805f55d5a2a4cf6ac4fba3647772aefa9f83bcb444349.json
 delete mode 100644 graphify-out/cache/ast/v0.8.42/6b4fc002f07e3c67e9a66f570340f271d719fd0d5e089eace88c8a85e48ab8c6.json
 delete mode 100644 graphify-out/cache/ast/v0.8.42/6bbe33fbf210e77a25cf3ff277655040a8cb580cf3341c5bec82b36284df1807.json
 delete mode 100644 graphify-out/cache/ast/v0.8.42/6bf4ebd88b13476787611d6566cf2f240c3fcbf946c8b6c11dab40412a11ece4.json
 delete mode 100644 graphify-out/cache/ast/v0.8.42/6bfc3b15d5444342205613d00b74c540e91fb9ee0ce66274d39ccb50354477ed.json
 delete mode 100644 graphify-out/cache/ast/v0.8.42/6c3b9151145fdb586a52ca43eb715cf06bafae5860bcb4b8158899c0800f071f.json
 delete mode 100644 graphify-out/cache/ast/v0.8.42/6c572a0fb725503540fffde6f0c12194de0ed6629a3abe5f447863a1bbde909b.json
 delete mode 100644 graphify-out/cache/ast/v0.8.42/6c582c8d7a759d730365278e034076d35fcbf3bff22152f9129ba537123d7bd9.json
 delete mode 100644 graphify-out/cache/ast/v0.8.42/6d298d7aa454a819c34dca1dbbdd0b70884963803267db92d4f0f99afee7c80d.json
 delete mode 100644 graphify-out/cache/ast/v0.8.42/6d925b0207f0f63c63c94ebf1d92e78bc59d809d4a02a1ada649567b0254d50a.json
 delete mode 100644 graphify-out/cache/ast/v0.8.42/6e2f88fd3976bc738e90c7bab58a0da026e93e4b70db16f8b31e36dd505bb492.json
 delete mode 100644 graphify-out/cache/ast/v0.8.42/6ed156ede41f171423679a38d03399c37ec2d610753c8c427271dd2214e1571d.json
 delete mode 100644 graphify-out/cache/ast/v0.8.42/6ee8b9d639be441e951c96173d5ef039f57beb202ba7aabe13a760098b5e7a54.json
 delete mode 100644 graphify-out/cache/ast/v0.8.42/705e27cce800f9d7a5beec986e1adfc543d4eab857a726a6cf4cb0d894b01bb4.json
 delete mode 100644 graphify-out/cache/ast/v0.8.42/7077089cfb9a2e9db62754d6bac7c616458f3e1964dc983da6aefa3a371b17b9.json
 delete mode 100644 graphify-out/cache/ast/v0.8.42/70b076afe22d0a3726e5fac503891236adb89218ab6755c79f4d5d77a9d41b99.json
 delete mode 100644 graphify-out/cache/ast/v0.8.42/71897d395ebf4db9b732ff2f69c4b0d4a671d90e84f366282cb5c50a2f73de1d.json
 delete mode 100644 graphify-out/cache/ast/v0.8.42/726fd371038d366be40de4d903633281fb55f8fa3e02625d48e2c03ca9839325.json
 delete mode 100644 graphify-out/cache/ast/v0.8.42/7283114c95a942137314a48e7288c203ee4a15abba7d90f8adb8675faba01067.json
 delete mode 100644 graphify-out/cache/ast/v0.8.42/73ca5ca6738db867092f148e9525b7040d91cd5a4eb0521729d94bb65d147b14.json
 delete mode 100644 graphify-out/cache/ast/v0.8.42/74d9c8db075687a96493fd6b5cd48c00108a2ba782cf10f15ccbeec18c0ada9a.json
 delete mode 100644 graphify-out/cache/ast/v0.8.42/7620c96bbb51bdb3f67523b2aaa01d8f4abf03850866cd560230865d0177f839.json
 delete mode 100644 graphify-out/cache/ast/v0.8.42/767d3b14ed893dd775639fddbf8b5469e9ae05a1ab5587c4023dd5acf8fc6e5a.json
 delete mode 100644 graphify-out/cache/ast/v0.8.42/77847ad268e0bc6d1d8361f757fcd00d74aed23b65269a9ce2656aaf5377f11d.json
 delete mode 100644 graphify-out/cache/ast/v0.8.42/77950aa3b4b794dac28d1cb20f856846f5425ad20dc4ce206e38fdf95f005653.json
 delete mode 100644 graphify-out/cache/ast/v0.8.42/7799a86eb7ea296a40690284e60c863a684bf42ce0c4f14948d266649e0ab752.json
 delete mode 100644 graphify-out/cache/ast/v0.8.42/779b8ca071a2710dcdc23ad2210a1fc67c67c88d2c2407fe2d847e48b4865ee5.json
 delete mode 100644 graphify-out/cache/ast/v0.8.42/77d60b07b467d40ec1c2665d28974029a5be867e9d70c2480b4a44e35514bb22.json
 delete mode 100644 graphify-out/cache/ast/v0.8.42/781794caede436d3211b79a0c21c05073197e93469e558c97d049e87941f8652.json
 delete mode 100644 graphify-out/cache/ast/v0.8.42/7895cb00320b8d58f262e83fa7cc0d09fa738c6f67c33d6230a8534be2fbde24.json
 delete mode 100644 graphify-out/cache/ast/v0.8.42/789df21a7c606e424b8424b3cd8b1f7fa9cb2c76ca87dc7f1bbded395e37f19c.json
 delete mode 100644 graphify-out/cache/ast/v0.8.42/7948b9b01c465d1a7c585455f087b31f5925d42f485b16024a3bfaefdb6d49f3.json
 delete mode 100644 graphify-out/cache/ast/v0.8.42/794b9a13bef1b37210ab16e2a2aa30163e3667b792cd4e512a17da7dc6889e44.json
 delete mode 100644 graphify-out/cache/ast/v0.8.42/7997190c5f474de9d69414159ed94ab3a3ba3385c4a453d050005b7c6b0de1a2.json
 delete mode 100644 graphify-out/cache/ast/v0.8.42/7a35dede3b6ef6237e94261787ab29a379f9e475076e22d7a9f161e5df76ddf8.json
 delete mode 100644 graphify-out/cache/ast/v0.8.42/7a7050be64bf2d83aaa55e44a6cb919be37cdd1a522220357cbd3eb513376b49.json
 delete mode 100644 graphify-out/cache/ast/v0.8.42/7b40cb41422997dc17653680ca255bb656eb69e30400ea19d742d1649781507d.json
 delete mode 100644 graphify-out/cache/ast/v0.8.42/7b4b1655b5e264acc383eca3bc382d108174c2e391d35c6316c29f39ee58b4ca.json
 delete mode 100644 graphify-out/cache/ast/v0.8.42/7c996f1ac7e3e3470952a2de2d3337ce6f09e43d54a67159393223fc62b7c270.json
 delete mode 100644 graphify-out/cache/ast/v0.8.42/7d4af5e009112f14b6eb2fba626324ac15d1cc8dc0cd7e2c0e564a7e0adc2bdc.json
 delete mode 100644 graphify-out/cache/ast/v0.8.42/7d8e00fc33e4c419101389481da99be6a21d657a8629febcef0287f87c0f5e8c.json
 delete mode 100644 graphify-out/cache/ast/v0.8.42/7dd532f3f9c64ae2bb5d72025bb62ccd0b06c4558e9adc6c96357223c11c043b.json
 delete mode 100644 graphify-out/cache/ast/v0.8.42/7dde68e6943e958371611fe670185cf572fac97ce32e2fd4764bb4af2356f07e.json
 delete mode 100644 graphify-out/cache/ast/v0.8.42/7e73bad0d0aef0ecb11aa5f9683d9b59d10d64c76657ec3ade4c5e97af80e731.json
 delete mode 100644 graphify-out/cache/ast/v0.8.42/7f3059595052fe7e980f6368505a330870fbdd102e304541c832041ddba9622f.json
 delete mode 100644 graphify-out/cache/ast/v0.8.42/7f4913db95fca6a2f22522ebfc128669e6a0a75880c84c1c63955f7650662d4c.json
 delete mode 100644 graphify-out/cache/ast/v0.8.42/7f5b7e79c818792cbd73b0711449c8e082f9ab882d68c2527db44079c41ed89a.json
 delete mode 100644 graphify-out/cache/ast/v0.8.42/7ff73a9aba88e6184a2d0616efc3a6f5e69708add8f609c18bdbf35d66592a75.json
 delete mode 100644 graphify-out/cache/ast/v0.8.42/801c671612c94f61a54a011aac6e1a44652ceb573e6f336442cd927a86be3699.json
 delete mode 100644 graphify-out/cache/ast/v0.8.42/8054062fc6f3ec84165428b49a2f3df187a63fc268db66e3540f1e58a43e5af3.json
 delete mode 100644 graphify-out/cache/ast/v0.8.42/818d8dc8cd16b1c9287db2212a3a2c94fd31c74b30edad395d0e43470f4251ec.json
 delete mode 100644 graphify-out/cache/ast/v0.8.42/81d62049b4fcf3536e3e3c15ac56fac94537febfe604e1ee1461a550e9138791.json
 delete mode 100644 graphify-out/cache/ast/v0.8.42/82780b613b7e1d9761be80d80d798d568152e44235183e7202ff7a3476f5ac68.json
 delete mode 100644 graphify-out/cache/ast/v0.8.42/83fc8ff210b3f8d997790424038902f80c0866a9ef7c87e6bfe53b7c97c04f1c.json
 delete mode 100644 graphify-out/cache/ast/v0.8.42/842b34c690f4fc894509200aea728d240fa06f1c91407a73d297a4617da1b01c.json
 delete mode 100644 graphify-out/cache/ast/v0.8.42/84e65b76f18ebf3434d170f838aeef542f0fa295df5fc9584e3db106d3eb9481.json
 delete mode 100644 graphify-out/cache/ast/v0.8.42/85647e1b20cfa124fc2da89f15dbd984ed20a53bbb72a3fa37d640498deaa624.json
 delete mode 100644 graphify-out/cache/ast/v0.8.42/85fb6b16e75aa6e5969a9ed4c87ca8355734a95d853b365a8d73f43bfdf3879c.json
 delete mode 100644 graphify-out/cache/ast/v0.8.42/862823fc3469d3aa536b9c81c4f3bf796475a5dd734141624ecdb3fec91ecab6.json
 delete mode 100644 graphify-out/cache/ast/v0.8.42/8715eaeb60aa0fbac5eeafaf7917be3fc59e0a361de4f390edd4c16dc2be53f5.json
 delete mode 100644 graphify-out/cache/ast/v0.8.42/87714cbb116417c9103de5915ec237b5355dc13d2d5c6050b13dfd638d4e39e1.json
 delete mode 100644 graphify-out/cache/ast/v0.8.42/87a563f86ecdb580ea3046da5e6214f86295664f3c6756a993f9813a93d33714.json
 delete mode 100644 graphify-out/cache/ast/v0.8.42/87ca14576e8c4995c78d41ea6f0e899f7edd679470471b4104fadb123661b0da.json
 delete mode 100644 graphify-out/cache/ast/v0.8.42/8875c494e9580de85cdfaa7803aad2c78edd7ff82a92c950451913db9c62b281.json
 delete mode 100644 graphify-out/cache/ast/v0.8.42/89109af1dbda83c1e26c1f7fc42d68deb9d8f890aca6c81cf309c79e5685ee43.json
 delete mode 100644 graphify-out/cache/ast/v0.8.42/8940d671d7082fc4f372306be064b5f953f10d753cca630e9bbab9de4c777bc3.json
 delete mode 100644 graphify-out/cache/ast/v0.8.42/897e6b536f148e3263e7d149502643ad0cd9acbbbfb928b297bf52a537bc444f.json
 delete mode 100644 graphify-out/cache/ast/v0.8.42/8996b85ac63766eabc244f3907907cb37b92b9af7b0b4e76348f5fd4c7edef4a.json
 delete mode 100644 graphify-out/cache/ast/v0.8.42/899c0eb5b86c715bb6594e8398654d7c66459bafa47fd47bdc00642f9017b6c6.json
 delete mode 100644 graphify-out/cache/ast/v0.8.42/8a1a5df68995ddfa60a404f0ba5846f37314ac5b1e665bcd1d71bcf4e79a0ed0.json
 delete mode 100644 graphify-out/cache/ast/v0.8.42/8b809c51bf2ab0a40b77ed0c2cf81e89d56729ef398963b1337bc2c901d9a0d8.json
 delete mode 100644 graphify-out/cache/ast/v0.8.42/8d862d9bf07518573b8138653880b39771acbcd5da0b7818b82af20490fb9e1d.json
 delete mode 100644 graphify-out/cache/ast/v0.8.42/8d8698ff7135d840f31e012ea066747789969bca383043c95645cb8fd7cf7b95.json
 delete mode 100644 graphify-out/cache/ast/v0.8.42/8d9f18d67c16d00ba8acc907e22276cc3e212a5d0b32204bce582150fc535c57.json
 delete mode 100644 graphify-out/cache/ast/v0.8.42/8e49417b8fe7ac7db0fe4afba9c1002d0bdf34e13c605cc3c72c97d1308c2532.json
 delete mode 100644 graphify-out/cache/ast/v0.8.42/8f03688735434143c3e446e5c0071bb0adb1df00e016d0bc7808b24d96defc04.json
 delete mode 100644 graphify-out/cache/ast/v0.8.42/8f54a0d1584c08a90b40801332f58c45f1a207d7199382f4aee1db6f09d2f104.json
 delete mode 100644 graphify-out/cache/ast/v0.8.42/90cc89e3927064654dbc8c17dbb681c8598abb7b56f308b968bcb64005c24915.json
 delete mode 100644 graphify-out/cache/ast/v0.8.42/90ed01bef9406d7ef259e9ce245f520f3745f7abab54b338f02e2aae464fd9b4.json
 delete mode 100644 graphify-out/cache/ast/v0.8.42/90f076c5260b3b55883d252f6e75125058215f6c0cd5c1ced42268701246724c.json
 delete mode 100644 graphify-out/cache/ast/v0.8.42/926973646a5117315b24122e41a10fedfab3918d1ddb911fc6cebc87eba8d7cd.json
 delete mode 100644 graphify-out/cache/ast/v0.8.42/926c61e23bfb2305a2e54d86b6e46ba0fa410895d2772e72573f064d5c97f50f.json
 delete mode 100644 graphify-out/cache/ast/v0.8.42/92b27a6cf2e5583f41607aefbf541b67a65a7fd7bd84eaea19530172c345e0ea.json
 delete mode 100644 graphify-out/cache/ast/v0.8.42/92f7173d16f1957afad71a61047404f9a2816713be0932588489fc7f95e2e062.json
 delete mode 100644 graphify-out/cache/ast/v0.8.42/93b520e6775251f9223913b1b47cb13cec95d2231a7ad367ea24e292575384eb.json
 delete mode 100644 graphify-out/cache/ast/v0.8.42/944d8e8b875c12b21a0a4808bd5e564d594673f729d1384768225db64385650f.json
 delete mode 100644 graphify-out/cache/ast/v0.8.42/94841f88950f9b05999399ce17fd4461ea9146754f50d43281828bf2bef96d9e.json
 delete mode 100644 graphify-out/cache/ast/v0.8.42/94dc821455e1cdb1da45561b7c4cbc85a62c0222e211c5ff69ed30c41c630f89.json
 delete mode 100644 graphify-out/cache/ast/v0.8.42/96421323c7274beb868617ff205a77af35edaf614057329f3ff3c9e9817bd014.json
 delete mode 100644 graphify-out/cache/ast/v0.8.42/96e770cb91939e5855d9eb47929291362476f7d587520a40ed65e7e84e2109d4.json
 delete mode 100644 graphify-out/cache/ast/v0.8.42/974f27138ac657d5bb8a61734a7082772f7982c38a1d44f50f12be67e41319d2.json
 delete mode 100644 graphify-out/cache/ast/v0.8.42/978b58c98e783548819c7533c0fc05ff1bc4cad316609d906a2f11a8c71fc495.json
 delete mode 100644 graphify-out/cache/ast/v0.8.42/97d84cdec82beb89834a7b48eacefdf63e3b1e79bfaeed5fcd5f5ec446e53947.json
 delete mode 100644 graphify-out/cache/ast/v0.8.42/985800239d3de0c8864aa6ea6c4e1a76cbf0a365be658fb2d5da71ffaa7301f0.json
 delete mode 100644 graphify-out/cache/ast/v0.8.42/98b4d28c41a89c8546f789affee0f32694da9af3f33db09b35d1996a2bec799c.json
 delete mode 100644 graphify-out/cache/ast/v0.8.42/9a13d86a93ef843ce5129e37caf990261e4e58d988704688fdfa29fc21534338.json
 delete mode 100644 graphify-out/cache/ast/v0.8.42/9a14bc785787185dd59d423bc270f9f61e6a449c4340146e9d6167e98f9da514.json
 delete mode 100644 graphify-out/cache/ast/v0.8.42/9a1c83b39b5a2ccf6a24e8a65ffbed296502bc0b17e57dfa5ac870f55c4032b5.json
 delete mode 100644 graphify-out/cache/ast/v0.8.42/9c58cd627270e4ce3b83377abd84a3becae39924a6c048f3b15389c279a09d22.json
 delete mode 100644 graphify-out/cache/ast/v0.8.42/9c5dd842164d98e4fb4404d67c588f5468479ed40e0ef5f5f6c5e0f370ed9942.json
 delete mode 100644 graphify-out/cache/ast/v0.8.42/9ee7fcdba691870a89e96fccaa9acc01c4d9b478f6a271fd86f4cf8a2bbc3dd9.json
 delete mode 100644 graphify-out/cache/ast/v0.8.42/9f1defcc9bb3ed75eb9153108d1d77c751020c6e3538b904c272c912835ec07b.json
 delete mode 100644 graphify-out/cache/ast/v0.8.42/9f30480ed667577cc859c6c70e2b9f05c15e2f022195c5ea1a7c14d0f08de325.json
 delete mode 100644 graphify-out/cache/ast/v0.8.42/9faf07bbce3904fb1dc2ec58880b2e5852dd7f57f85d644ede1cab2eff8b88d1.json
 delete mode 100644 graphify-out/cache/ast/v0.8.42/a021902cfb0f40f09d0e10f27fb2d6e3db14b484614d9902f3010674eca006b6.json
 delete mode 100644 graphify-out/cache/ast/v0.8.42/a1466cd64b9bb4046b1db64c7990d79b5eb4ce1b2c2a5e5734bcc2443262a1d3.json
 delete mode 100644 graphify-out/cache/ast/v0.8.42/a23066a4454a71777f33d00e94c3d1ecbce8d178b88b66e2e7a5ab5d403c0289.json
 delete mode 100644 graphify-out/cache/ast/v0.8.42/a353a9bd67894ac3ab65aef60ad698890f58c83ed193dc3a63475289440f4456.json
 delete mode 100644 graphify-out/cache/ast/v0.8.42/a3579b7ba7224722e0cf94b23e531694909f57a2a15cb70e2efd2822cfa994ca.json
 delete mode 100644 graphify-out/cache/ast/v0.8.42/a4060a30f6d232fb6dedeac62ccafc918591fb7f47edef791726f39b0d7a05c4.json
 delete mode 100644 graphify-out/cache/ast/v0.8.42/a4699881e197e0fbf6927ae6d27e86cf1ef1ac5d2c985935443dc33cd2278cd6.json
 delete mode 100644 graphify-out/cache/ast/v0.8.42/a5ff3c3ead6a08cc37b9b9421babf2f15134a5a073cbe385a63b47f155f8d2e2.json
 delete mode 100644 graphify-out/cache/ast/v0.8.42/a6083cce9b9701297a71e9181af131ebe9c2090931e7af8c41ad5aaea9bc61e0.json
 delete mode 100644 graphify-out/cache/ast/v0.8.42/a72c5bc71c554284d41edc5dfc8e5bfeeebfaa1dc6cb74177dd9a5b6fccc0c87.json
 delete mode 100644 graphify-out/cache/ast/v0.8.42/a90e8b4c97ba44619c357efcf7fba73ad7a7c6cae4df5efc41084c7fcc0dc2ef.json
 delete mode 100644 graphify-out/cache/ast/v0.8.42/aa306072716b0922d874c79763838aef8f92bb5d63a5c57cf20df54e90cc5dec.json
 delete mode 100644 graphify-out/cache/ast/v0.8.42/aa76dc801e89af193628473539d6d26cdc4143c75e4555eeee453dffc8c4e742.json
 delete mode 100644 graphify-out/cache/ast/v0.8.42/aacc6bf61bce7c94af1065bbfa5c328b0ff08ffb680b19799a98221222e23a48.json
 delete mode 100644 graphify-out/cache/ast/v0.8.42/aba84145bef9a7a8bde86f3f9a3650cb399a29eb3e9db893c555b7c6b80658ac.json
 delete mode 100644 graphify-out/cache/ast/v0.8.42/ac7c11bc3e34ec01aa8388c016926d0ac0427b6dfba83b6ef0eb9766cd42ce69.json
 delete mode 100644 graphify-out/cache/ast/v0.8.42/af6752d6b8d6bf77ea323c29d2539b539c3c8d99aea786a4740366eb2d6e2b97.json
 delete mode 100644 graphify-out/cache/ast/v0.8.42/afe28925f619fedcc6835e3ced5fa0d0236428326e6b9385d8737c89bca34666.json
 delete mode 100644 graphify-out/cache/ast/v0.8.42/b0ca806b14b0cf9484730587566af86108aaf202a901be3852916443a97d438a.json
 delete mode 100644 graphify-out/cache/ast/v0.8.42/b0d11ef7272ae19645227ea8136a1cc0c3ef89740d07f3e9d5891848d633b0b9.json
 delete mode 100644 graphify-out/cache/ast/v0.8.42/b23449ca724388fdd4e843c151cf3aa17a2b82f9fbd78295e620dfe99dd5483e.json
 delete mode 100644 graphify-out/cache/ast/v0.8.42/b26873fcd08d6f81a6e2e50a8e94bdb179ec7a00bfcfa2a2cfd837e4867d08df.json
 delete mode 100644 graphify-out/cache/ast/v0.8.42/b370d9b687cc2946cfc533e4e99466f169149f8b8f2574f1f07b13edb2f4fb46.json
 delete mode 100644 graphify-out/cache/ast/v0.8.42/b4a2937e4c70df8e3a4489c647fd2555bacb6f065c7da5069d1a1b1435e72cdd.json
 delete mode 100644 graphify-out/cache/ast/v0.8.42/b63e868c176af2c2c23b1677f73cfedf5b598820f7d4059c9f987dada4831508.json
 delete mode 100644 graphify-out/cache/ast/v0.8.42/b6d53c2d0c8d9d5d0ee552bda826efa715aa24136b76dd27d4556940af73c8ed.json
 delete mode 100644 graphify-out/cache/ast/v0.8.42/b7eb8325f6284243407bbdf10726943cd23e0bb32dd6e6213fff846f1b620fc1.json
 delete mode 100644 graphify-out/cache/ast/v0.8.42/b935581b4b1e96b44abeb268f751a54db85fce834724b92cce9920682b17edc2.json
 delete mode 100644 graphify-out/cache/ast/v0.8.42/b937f814d551485ae40b7dc4ece6562c275ed998b6a08024e609ffef87e6ffed.json
 delete mode 100644 graphify-out/cache/ast/v0.8.42/b9498dbea0cffdd18ccf0eca7037d6b1dd15f4d572cd8660153dc935795392a5.json
 delete mode 100644 graphify-out/cache/ast/v0.8.42/b9b097332811346b645ea621364c7913b062ea17f6020d91fe13ceea0c87ef06.json
 delete mode 100644 graphify-out/cache/ast/v0.8.42/ba857e0679e890975dacd6f74e6417479e8d1da84ce7b5e1eab1c1b7c01dbfc5.json
 delete mode 100644 graphify-out/cache/ast/v0.8.42/bab068a5f6576ff5659ca38c5b83bcc8fdeccc099e7ac44f82b9a04357759f9a.json
 delete mode 100644 graphify-out/cache/ast/v0.8.42/baf58ae656567f6e6324e2142554b6899e4594435bd5f329eb847559133eeee7.json
 delete mode 100644 graphify-out/cache/ast/v0.8.42/bbaa66478c4707694a7939f0e6b4faf0e65a4ddde2b1c5c35f4ca77bb8e3e455.json
 delete mode 100644 graphify-out/cache/ast/v0.8.42/bbb686a51d06ddb4d427cf679c0fed3026416e06fd177f974384a2dd30eb56f2.json
 delete mode 100644 graphify-out/cache/ast/v0.8.42/bbc498723968a242a607b453e296e4e107d9ee3941d464cf685d8598abb842df.json
 delete mode 100644 graphify-out/cache/ast/v0.8.42/bc3ee60fe798cde4ea81625e8572eaaa3076d13f9860d1ad1b00e6df3e4a57a0.json
 delete mode 100644 graphify-out/cache/ast/v0.8.42/bc448e4545cee88b15d2a05acaf771d4c39535cf2d4dc6e42c23279eb76c9134.json
 delete mode 100644 graphify-out/cache/ast/v0.8.42/bcaec8c2277e7feacc71e17b954d94330489eef1c7f5806eb2785924a5cdd08d.json
 delete mode 100644 graphify-out/cache/ast/v0.8.42/bce16feb64f65da672faefbfc5e6b1c5191ee5d1694e59ddc82bdc84a7caa8dd.json
 delete mode 100644 graphify-out/cache/ast/v0.8.42/bd1d7dca463a9b1b7ac7f59b2b21e2a65f428c155593bb17edd448cecb25efe0.json
 delete mode 100644 graphify-out/cache/ast/v0.8.42/be1749159482d3e215ef3121a0f421c6751b003b8f90724cf33fd1f8acb27763.json
 delete mode 100644 graphify-out/cache/ast/v0.8.42/bee79804448244ba8f08dca44999d847ad236277896537520ad6cf31d21dcb5f.json
 delete mode 100644 graphify-out/cache/ast/v0.8.42/bf49778d5bd180c5b163d9913e535db458fa44820682bdda3643f88dc80a246a.json
 delete mode 100644 graphify-out/cache/ast/v0.8.42/c0defcc4f9b8d5baa697132bf1e0b4680ea997da96e93ee9afae5929eba4e9a2.json
 delete mode 100644 graphify-out/cache/ast/v0.8.42/c1188bfb6e72042a46ad01647f34890960a28907251123d8069f5b9d593c2054.json
 delete mode 100644 graphify-out/cache/ast/v0.8.42/c13a0230ab405366e11d9470418ed33728787fadf2c0b8f1de1fced97d94bd77.json
 delete mode 100644 graphify-out/cache/ast/v0.8.42/c1c1911605cd69884877ffc25904f379d3bbccb0bea9fed610c5d77e489c4cea.json
 delete mode 100644 graphify-out/cache/ast/v0.8.42/c461319fd44379c68fe0b2d525a76d395445553af15cc012312eb9499a1ce030.json
 delete mode 100644 graphify-out/cache/ast/v0.8.42/c58798df313839cd9d6e959c27e6aaa38b25cbea238220b97c50851335e3f1f2.json
 delete mode 100644 graphify-out/cache/ast/v0.8.42/c64f27e75fc900a80287d0fdf5d5e66a96288a0f24a3a24149f83c1610d12dd9.json
 delete mode 100644 graphify-out/cache/ast/v0.8.42/c68b2685d473f5421b280fec23857d9dfd0925a0bb3f38fc24157849dde69959.json
 delete mode 100644 graphify-out/cache/ast/v0.8.42/c6a3c3d723aa5a2a2fcafe497fa5234231e966f38787b591a2a60c5831a469e6.json
 delete mode 100644 graphify-out/cache/ast/v0.8.42/c7376d6a2e9eba5efa5292af050e352e4d6561d3a7c0bd7a668efb80f3629573.json
 delete mode 100644 graphify-out/cache/ast/v0.8.42/c779ed54a318da5610718147419d86c06b29c62891285ea233c488be7b12c74c.json
 delete mode 100644 graphify-out/cache/ast/v0.8.42/c8755dc159b9666376a3dda1cd0844fc5678db8ad377b53ec8a085dca01acac7.json
 delete mode 100644 graphify-out/cache/ast/v0.8.42/c94ba69e45d4c03f9447831382f97affc78e47bcd0a1097d58f2058fe417b461.json
 delete mode 100644 graphify-out/cache/ast/v0.8.42/ca98dd032d062304d01f9efe7c489ffa8c53872a4ab235402e1875b85b362bcc.json
 delete mode 100644 graphify-out/cache/ast/v0.8.42/cb4586da6826adbb40e45912426c0a37ddad04d43918c82a956793340dfa76f6.json
 delete mode 100644 graphify-out/cache/ast/v0.8.42/cb73ffc3214ff52c17fe56964a9e7ef33e56e51378e338fdd4628a58b40a0d35.json
 delete mode 100644 graphify-out/cache/ast/v0.8.42/cb8f366ef8a41374be36d3b1472a3e76b75fe09e92317ec619c6e9ae3f63a909.json
 delete mode 100644 graphify-out/cache/ast/v0.8.42/cc63a45590dae404c8289f01daa36ecdd5ffb207927bf1eec47b0f878b0b7cf7.json
 delete mode 100644 graphify-out/cache/ast/v0.8.42/cca56a5e2577cfa45c26ee94dd46ae56f5cfde1e017c177a61c029d14c4c1a78.json
 delete mode 100644 graphify-out/cache/ast/v0.8.42/ccd3173830c032517cc6534596b1a735ff76340b68d60fff50e6a6b7dbba3954.json
 delete mode 100644 graphify-out/cache/ast/v0.8.42/ccd4301dcec5dbce1bc265c960ffde1e70f5511d3681ec1965311bc0ac47c53d.json
 delete mode 100644 graphify-out/cache/ast/v0.8.42/cda4f1cdc2dff108b2c55a181bbfb0fca12bc151b6ce335bce93a78f634a8d44.json
 delete mode 100644 graphify-out/cache/ast/v0.8.42/ce66fb8a41dd4b8e5c98b048ee2b4881c8ddf2dfd54c9c7ce9afa53497c236e0.json
 delete mode 100644 graphify-out/cache/ast/v0.8.42/cee70c95820e162ad465cb1d74c936b3a827fa76253ef86b2e5707de61436f46.json
 delete mode 100644 graphify-out/cache/ast/v0.8.42/cf6c60f660ab76feda96cb0025d260bdaeedf54aa82d7aca1bcd929114c06067.json
 delete mode 100644 graphify-out/cache/ast/v0.8.42/cf8bde1ebf641ebabdce1802099acee66666fccbcf1b7c70ccd86507cc9fb102.json
 delete mode 100644 graphify-out/cache/ast/v0.8.42/d02e87aa8e850fa30b5cf8391d5f284172b2d977fdd279842a0f4cd4efb8fb6d.json
 delete mode 100644 graphify-out/cache/ast/v0.8.42/d034432aa98b1f6fcbcabad1a9b1eb8d30c6b4c3314f687230916e56f3c1a692.json
 delete mode 100644 graphify-out/cache/ast/v0.8.42/d0353ab9cc21e53a7844f3b5df51f795e2d01860651cb8df351f7ad9b79de007.json
 delete mode 100644 graphify-out/cache/ast/v0.8.42/d10ee529527e95cfc55699d21e68742777898551819924b37f214d5702b8d5cc.json
 delete mode 100644 graphify-out/cache/ast/v0.8.42/d11235f26fe79883591a304d82599e5498171f467dbb86fc049d5311cd9390d3.json
 delete mode 100644 graphify-out/cache/ast/v0.8.42/d333755de0e1f26a9a42d62648215caa4bfdd079015af57131fc98432f74a326.json
 delete mode 100644 graphify-out/cache/ast/v0.8.42/d33386b6de648436be05135567839f66f538abc6b10be135026fbe0ff9891b2d.json
 delete mode 100644 graphify-out/cache/ast/v0.8.42/d36216fa2daf1bbba0643083e0092c00201d662941774df898441eec8ba26385.json
 delete mode 100644 graphify-out/cache/ast/v0.8.42/d3f777db936ea389a2a04eb01323b3d81a8af7c79c596e426718a7ee5bed2766.json
 delete mode 100644 graphify-out/cache/ast/v0.8.42/d4080ed885fa493dbb16da554ce75ad88094d86de676c314bca87b396ea133ed.json
 delete mode 100644 graphify-out/cache/ast/v0.8.42/d41796309933cfd97e6afea139b4a0ed0c2db19e5bdd83b4a2880bf25573c490.json
 delete mode 100644 graphify-out/cache/ast/v0.8.42/d47f8718c7303cd9ef3b4d25456b748f4359cb2ee02e0da44a739635e7d02bd1.json
 delete mode 100644 graphify-out/cache/ast/v0.8.42/d49ad5009a5f5e57a3608104783192b38bc5f71fb16ac42a1a17919688879c28.json
 delete mode 100644 graphify-out/cache/ast/v0.8.42/d524c32c502fef3ce9548e8c5f6776c45ba2d67a7104c8b5c4f1ecefec69c54d.json
 delete mode 100644 graphify-out/cache/ast/v0.8.42/d5348ab2a1d0d4ba6756299403033c28061c80d5b7c2ae4f5a2bfebab22cd673.json
 delete mode 100644 graphify-out/cache/ast/v0.8.42/d54af91f3a0b34968d6b2f2779632230229264f25ea2229dd98f140d0631c0ef.json
 delete mode 100644 graphify-out/cache/ast/v0.8.42/d6595c00817015010ef751e2a4c888c55cb7184e49298ceb7856354a51a72f24.json
 delete mode 100644 graphify-out/cache/ast/v0.8.42/d730ae5008936f95fb6c689ccdc5cb73b49a962a9ee8554d3a8270e1cc800885.json
 delete mode 100644 graphify-out/cache/ast/v0.8.42/d77daa9c68d82b411565bc10d0dc978cc6c1a770116c4a931572b7f0128317e5.json
 delete mode 100644 graphify-out/cache/ast/v0.8.42/d850d18934d1425a46017ff907fe23c36ab482c291d5df830c16317b7691d662.json
 delete mode 100644 graphify-out/cache/ast/v0.8.42/d8d66e80aebbbf2fb0745ff7ff384c57e88399ea6cabd4f73571c141cb98c2e8.json
 delete mode 100644 graphify-out/cache/ast/v0.8.42/d95be66919c0831012333d98531a72430f8800ee46963dfc3e4f1336c5931766.json
 delete mode 100644 graphify-out/cache/ast/v0.8.42/da4343ab75c581f7738b3dc4c739ac7fd17486593ea675f20484f3d25f032189.json
 delete mode 100644 graphify-out/cache/ast/v0.8.42/daebc7673976fd9d3a3f1673e508d40ecf0174f5cb00fa663414c3721d5e0f68.json
 delete mode 100644 graphify-out/cache/ast/v0.8.42/daf176a37d5544e332dbe413002baf826c5604e26802af34b3cf1253cb408973.json
 delete mode 100644 graphify-out/cache/ast/v0.8.42/dbdc5465ad40f570f6517956eb03646a0d6ceb3083da73c237b1ebd7e542dbb8.json
 delete mode 100644 graphify-out/cache/ast/v0.8.42/dcc2bb7437a82dda5f422e71d8cc270842d9c8058bab824a0834f68b9f664d54.json
 delete mode 100644 graphify-out/cache/ast/v0.8.42/dda638dff40f6677c84b3b113e0f6807640f48c5450d64e4965ae2cc3f344ccd.json
 delete mode 100644 graphify-out/cache/ast/v0.8.42/de1ae93c9d6f37c84507035e32c0dc5361472fc9b167fddd49f2c6416d0adef1.json
 delete mode 100644 graphify-out/cache/ast/v0.8.42/de6e41b32c308f0dc57044a4c0c6f3b3d93883ad4c38afcacbee118e89fa68a1.json
 delete mode 100644 graphify-out/cache/ast/v0.8.42/deabb452615c8f6074cb31eadd335e481a9051ea7226ada143ffa2b04110a9bf.json
 delete mode 100644 graphify-out/cache/ast/v0.8.42/df1d99c74c1996de2c12e394050e3e4c0728ec43ec5e377247b9ab1a3bbd7746.json
 delete mode 100644 graphify-out/cache/ast/v0.8.42/e170b3ca29f882c4fe63496e997771e4e6e72b3f834829ee6bab7f178bc99195.json
 delete mode 100644 graphify-out/cache/ast/v0.8.42/e2cfb787ff220d832ee6a8c6214b9f7b69907edb84b09cdf1f9197f2a675395d.json
 delete mode 100644 graphify-out/cache/ast/v0.8.42/e33152a83bc2bd89ba24fef982a61d9af3c08c8bc8367600c4e2c6ad80dfa9ab.json
 delete mode 100644 graphify-out/cache/ast/v0.8.42/e339d8ae906f84c57ccb788068ca729bafac6bfe3bf8d2137cd6a3c737b43774.json
 delete mode 100644 graphify-out/cache/ast/v0.8.42/e3a31dec14003baf8d70ac61ee266308b608d2030211e1573a37967c3ae62c43.json
 delete mode 100644 graphify-out/cache/ast/v0.8.42/e3c7b199d8ee8446b1d00f675667bacd7927a54216c51924e44e68f5cb8de0de.json
 delete mode 100644 graphify-out/cache/ast/v0.8.42/e4e9c040c33df04597f89b52027deb3bb7d4b32edd89f508f310fc49b6931a2d.json
 delete mode 100644 graphify-out/cache/ast/v0.8.42/e55792958648fb69255e3ce3f71a8fcead36307c34b2d67feda9ac650ac61803.json
 delete mode 100644 graphify-out/cache/ast/v0.8.42/e585f5cb0376b9a4700d047eff8f33317925e2514ce3a57709ddd909c8a4c4a3.json
 delete mode 100644 graphify-out/cache/ast/v0.8.42/e5bfc9f5eda549f990cb9348db88e1b005c1df3f79960df622a5cad35092fb4b.json
 delete mode 100644 graphify-out/cache/ast/v0.8.42/e6093cb4ba1f5f54d57494060f4bbe4154ae5a63612b39030fc4e391a411716e.json
 delete mode 100644 graphify-out/cache/ast/v0.8.42/e6347b70ba6e74aa5a1b8e7cbff51b789f65b06274153510d317d40543067e6c.json
 delete mode 100644 graphify-out/cache/ast/v0.8.42/e66497a208f119e6865ccfc2ba347f36f1a7b774b395c54694ef40bcf4779629.json
 delete mode 100644 graphify-out/cache/ast/v0.8.42/e7c227a17ecc3254af70f93b73f926eebb0a66c292a84f37afb98273304b68f8.json
 delete mode 100644 graphify-out/cache/ast/v0.8.42/e823896bd605789dbb20e9fa16420116146d85b66c076adffabe11b1144f4561.json
 delete mode 100644 graphify-out/cache/ast/v0.8.42/e8cb32a3e31e94a4821f2d690dfc947c9ea0f79dbb4f7b71bbfa9a29e8184b24.json
 delete mode 100644 graphify-out/cache/ast/v0.8.42/e90a81af1dd19cd73e7a290e5fc41a86d068fd1d56b1bcd4339a4ee39e2d2cd4.json
 delete mode 100644 graphify-out/cache/ast/v0.8.42/ea43bacc7a82f063dc07c67119df903b28e450af7f8f3de77490b2ac165e4e82.json
 delete mode 100644 graphify-out/cache/ast/v0.8.42/eabaa6b39fb76077cf7981522e45aeb1b0e34017bc4d72a8f80b73b17d0a0876.json
 delete mode 100644 graphify-out/cache/ast/v0.8.42/eb0c931b4fdb4933994c58009c713a7f1623fe5bd6828a55018ac41d6930ded1.json
 delete mode 100644 graphify-out/cache/ast/v0.8.42/eb17ac4177994c3d9766dd4766fd9471c6b1a317461519e7d5103fdbe1ab977e.json
 delete mode 100644 graphify-out/cache/ast/v0.8.42/eb8128bc4c05dc19510884f22f40e443ab23e6dedc96acbb6977e995cccf2496.json
 delete mode 100644 graphify-out/cache/ast/v0.8.42/ec2d5ed4c198457f00daa6015f85e878b64decfd69ef8299d8a8c027c60e1495.json
 delete mode 100644 graphify-out/cache/ast/v0.8.42/ec6dc63f993ac269f28e0032bff38e17d7b7237c36cba12cd4b68c449646ebf3.json
 delete mode 100644 graphify-out/cache/ast/v0.8.42/ec759f12e1716ee2f7689a203bc6b430bb5ade4e3b5123315d90818851e44016.json
 delete mode 100644 graphify-out/cache/ast/v0.8.42/ed3f5bda09ae34102f1f3b77d8055ad33e8f63ddeef3ddb73d3f0dc3b9aa1829.json
 delete mode 100644 graphify-out/cache/ast/v0.8.42/ed8142b7150d93b969f0685f4b1436aeb9132f47e8c50e3da3a2ac2899d31987.json
 delete mode 100644 graphify-out/cache/ast/v0.8.42/edb74de6ef9918a9eb15bdb03f943528e8cbd209ae1759467335dc9b99b3447a.json
 delete mode 100644 graphify-out/cache/ast/v0.8.42/edffb368a76629d69088896b74f15f4b9b70fe0efdb151523c85090d96ee3b84.json
 delete mode 100644 graphify-out/cache/ast/v0.8.42/ee462a47ec89f99667de082bbf8f782dca08675540f413e22ea9848fa997bfb9.json
 delete mode 100644 graphify-out/cache/ast/v0.8.42/ee7cb63c067832a9c7909cfa44929c84f539c548d79de9b005324261c08cd23f.json
 delete mode 100644 graphify-out/cache/ast/v0.8.42/ee7e858b68b621730d5b737fe68f232ca335531f240352e814481da312d1447c.json
 delete mode 100644 graphify-out/cache/ast/v0.8.42/ee8817e3aae0c0a5149fbdca80c95c2ed92ba37d21eddf0df2512582fef9857b.json
 delete mode 100644 graphify-out/cache/ast/v0.8.42/ee89e8164efc4658d615c32d12b4a7be9d59937c05780927af9d3b1093a7a4c2.json
 delete mode 100644 graphify-out/cache/ast/v0.8.42/efa79633f97ab49550d352f5eb84eb75676a3249f2f8c094bc20247708767c07.json
 delete mode 100644 graphify-out/cache/ast/v0.8.42/eff4b2846bde587b0e12fa8c372c4240eb6fce27577de430c959203924692deb.json
 delete mode 100644 graphify-out/cache/ast/v0.8.42/f0783c352c8691b692eeb1e0e5c19d309f1f3f5c9d3b71cdc3aa39c60232bc2d.json
 delete mode 100644 graphify-out/cache/ast/v0.8.42/f1287f15beecd8a4be855c3ae7cff52b7411f9243fd6aa885d43145f8c4a0d57.json
 delete mode 100644 graphify-out/cache/ast/v0.8.42/f1bf5e151650e4b5e2a856fd9acf70768f529e8257dc5dce3af6cf2fa98b17f7.json
 delete mode 100644 graphify-out/cache/ast/v0.8.42/f22325ec4396ad2d04799d7e9bb400875a470a534f1ddebbf50b6c768f3c8bf9.json
 delete mode 100644 graphify-out/cache/ast/v0.8.42/f2d896c40fcb3358f545bf0a63d5dc4147f648daf3c3a6817d768ff872b4f02a.json
 delete mode 100644 graphify-out/cache/ast/v0.8.42/f3dc8edf1534d6d3af95c925c50f8e4bc5d90ec296a4d3b5f623705bd6d73e92.json
 delete mode 100644 graphify-out/cache/ast/v0.8.42/f42ac40e197703cbceea7993db0d6e044fb5b95df07bd2a3738f425a0ea57f93.json
 delete mode 100644 graphify-out/cache/ast/v0.8.42/f484c369f4fb52766c830fcfa3f16039dc9a636058bdf7d7f852ffe6037bf4be.json
 delete mode 100644 graphify-out/cache/ast/v0.8.42/f4f536e04295703182b62d5b3d74d3efab5ff8add58157cc03c20a07d303f6ec.json
 delete mode 100644 graphify-out/cache/ast/v0.8.42/f5545c750635a2ae0301b4c0f00aaaff415c2630cd1b9688a11791087e3fd00a.json
 delete mode 100644 graphify-out/cache/ast/v0.8.42/f5e406deaf1ed5718b2fbb874ee96df34e3de470058230b471251e66490d8cab.json
 delete mode 100644 graphify-out/cache/ast/v0.8.42/f69255cc9eacad040bbaa274478fbf3aae30c6e2b2d9ddc59708f23dc1c5dbed.json
 delete mode 100644 graphify-out/cache/ast/v0.8.42/f6b04140d385fcd847d249d73d9cbdd50879aa855fce6075f46fb467c60f7239.json
 delete mode 100644 graphify-out/cache/ast/v0.8.42/f6e7916dc1c07d506fd8e1b31748a4f1ad1d3f0a25b620c33ef89d1fa8c4f000.json
 delete mode 100644 graphify-out/cache/ast/v0.8.42/f7954bf23843540475895ba329c4344c6f031eedb4dc59c0241480c925394890.json
 delete mode 100644 graphify-out/cache/ast/v0.8.42/f8627169c638933a38f1eeb3208388986d96921cc817e97265012dfaf3db80d7.json
 delete mode 100644 graphify-out/cache/ast/v0.8.42/f881921a4b9a3117e3567cef221fbcdcf05ee762302e267f3241701d230905bf.json
 delete mode 100644 graphify-out/cache/ast/v0.8.42/f92d0193c588863dd9e276f87fc68cc2c6cfe201b8793e3db3c61b9a255f70d2.json
 delete mode 100644 graphify-out/cache/ast/v0.8.42/f9931d42cdf247f3e93d4397fbb5eddd69b66519272bdce2af818a85516d4ea5.json
 delete mode 100644 graphify-out/cache/ast/v0.8.42/f9ed90fad3608096cbcac0b16a5728f365a7e482435c5c063450f335988a06f5.json
 delete mode 100644 graphify-out/cache/ast/v0.8.42/fa9cff3540dce9c5f4bfabe80b095467763fe9cc56a75c7e7bbeee97654edc2b.json
 delete mode 100644 graphify-out/cache/ast/v0.8.42/fbf822d10338c5e2fbe0fb171cf25ef8a847c91af0eac8303f9e5b80275860af.json
 delete mode 100644 graphify-out/cache/ast/v0.8.42/fca01fedfa0b0e2275c7a78e0e18287206cfaf3cb751182d62923560756a5441.json
 delete mode 100644 graphify-out/cache/ast/v0.8.42/ffcd1e0143b74e80f983b4e7d2e7c8e1bac3b7a69701d40f521a09b5bbc56b04.json
 delete mode 100644 graphify-out/cache/ast/v0.8.42/ffe702b44151d85d2dcb025e222cf476393af18714ec28275121f2148e83a1e4.json
 rename graphify-out/cache/ast/{v0.8.42 => v0.9.3}/009c12a2b6e8011bdad0f1c370961ddc2ae107fcc294fc7934fc417403bb9631.json (100%)
 rename graphify-out/cache/ast/{v0.8.42 => v0.9.3}/025414c41fea216ea9507a1ac152b688617ed6e51fe1f04cb1a18cbe502c1e1c.json (100%)
 create mode 100644 graphify-out/cache/ast/v0.9.3/0266f919447dad7931763ac45d9c9734d7b8caf0bd7c97cb0929d0128ebd074d.json
 create mode 100644 graphify-out/cache/ast/v0.9.3/0268e728126ffdc9f0dae6112e296d748b70996816c9a38df65dd80dd2f796a4.json
 create mode 100644 graphify-out/cache/ast/v0.9.3/0419bece2f91aaa69ea69bed07b4a153730f1881ce572fa6419e02c4576dd714.json
 create mode 100644 graphify-out/cache/ast/v0.9.3/04b084003521c6ed4311b212f05285c75a13f30cb3a3331bcb139534ef17a1a8.json
 create mode 100644 graphify-out/cache/ast/v0.9.3/0724cac572046b72cf8161e8014758054d3cd930304a310c46bd632a8095f69d.json
 rename graphify-out/cache/ast/{v0.8.42 => v0.9.3}/093758bb4b109bef1687e416b2658bfa5b66b13bd4149090dd80f7f66082bfc9.json (100%)
 create mode 100644 graphify-out/cache/ast/v0.9.3/09db8bb6705bdd2d98222cf45db885e8051c4d4a4b64df7cc1b66e1301f0a343.json
 rename graphify-out/cache/ast/{v0.8.42 => v0.9.3}/0a8dbdda396530af56761f7838e789d40df819f4adec7fb0bad1af4ee40c4681.json (100%)
 create mode 100644 graphify-out/cache/ast/v0.9.3/0aa2163957d74cfaac56a5d0359da8e7d9dbdacf81417dbd9ef902cead9aa4d7.json
 create mode 100644 graphify-out/cache/ast/v0.9.3/0af2b5650c69dbe2541a8b1ef339e10df94568b4bab5393897f406ab8595fae5.json
 rename graphify-out/cache/ast/{v0.8.42 => v0.9.3}/0b2ac8528d23b1740f522a3488205874f38d0efec5143724a646e91b7ef1b350.json (100%)
 rename graphify-out/cache/ast/{v0.8.42/6450e06385bffc9f118c8b7cfcabacb3426d31acdb8f192b82420c57a65d664f.json => v0.9.3/0bfa1d4043a29e85b47ed6b1d75d74b275fb9a92a61ea6c16a7cf066c64ce276.json} (100%)
 rename graphify-out/cache/ast/{v0.8.42 => v0.9.3}/0d49f4f76f4e15a53478e0ceb78ff5f949614db74ca65197f34ba6835fa1d1fb.json (100%)
 create mode 100644 graphify-out/cache/ast/v0.9.3/0ea783ea9fc2f60ec0053dd178ba64b39e94aa41435e1b48233f10beeffc257c.json
 create mode 100644 graphify-out/cache/ast/v0.9.3/0f51b24ab41f68e4828cf9381438ac8cc5cab62448d8a1995a3dadd4715cf45a.json
 rename graphify-out/cache/ast/{v0.8.42 => v0.9.3}/0f73ed3f94647946d0210c542abb7c1b00c531b76e67641884ba9de302d97430.json (100%)
 create mode 100644 graphify-out/cache/ast/v0.9.3/0fc39052ffb46cf93c5bd9073416aec81a65ea558cb612ea3674366701734d21.json
 create mode 100644 graphify-out/cache/ast/v0.9.3/103a59982c672a0608f4ff3ef45ec8e7d2b0e2c8e2d2dbaf84fe45811c5d0613.json
 create mode 100644 graphify-out/cache/ast/v0.9.3/10d0fc26e52cf9f9c8b666a2bac2dd16dee90bd45d44e1204bde719ca9670a4b.json
 create mode 100644 graphify-out/cache/ast/v0.9.3/112905b91318db455b3894c32885514b0531112ef912e134967b08053d65c207.json
 rename graphify-out/cache/ast/{v0.8.42 => v0.9.3}/1212bf03c4088f1458e81a7346e7e15add8d7c873c53821721dec9814adc10a3.json (100%)
 rename graphify-out/cache/ast/{v0.8.42 => v0.9.3}/12dd1d4e04a3efff493b5e4a3ca95c661542d02a7c1fb2731e9471afae80f69b.json (100%)
 rename graphify-out/cache/ast/{v0.8.42 => v0.9.3}/13de1157ad2daa2824d150f3f4af9cc4cd437b55abf769a889b5c56bcdabb84f.json (100%)
 rename graphify-out/cache/ast/{v0.8.42 => v0.9.3}/15971eab00a2014adeee15548fdcbcb27392b7c9950847b684bfb0ea2f01a733.json (100%)
 create mode 100644 graphify-out/cache/ast/v0.9.3/1721e6629f6f52ec936d87a604ae25988c94e23f9fb650a965a499664e8913f0.json
 create mode 100644 graphify-out/cache/ast/v0.9.3/182f19bc135834011fc92825701e93c83ed6510f2fa5c8ce3f8d498f7c644bf3.json
 create mode 100644 graphify-out/cache/ast/v0.9.3/1975ff61014dddb125323600a6f4c43b9a330d9be5963563b0d24f56c601570c.json
 create mode 100644 graphify-out/cache/ast/v0.9.3/1a1ca1f2b97f76659e90fde8110d99958a2eb08fc73b97adbda79a7bfdd554e5.json
 rename graphify-out/cache/ast/{v0.8.42 => v0.9.3}/1d9b68fbd199f2803f4d3dfe2c5b33a4900c153b0a2c224902971bcad3af8f44.json (100%)
 rename graphify-out/cache/ast/{v0.8.42 => v0.9.3}/1f70b3c019f5f5db2884b15b94473849665b665669cc98927902137e0a47f731.json (100%)
 rename graphify-out/cache/ast/{v0.8.42 => v0.9.3}/206068eb51e2e98e2931ed391b805e00beca339ad845e1fcc71cca7add4d70a8.json (100%)
 rename graphify-out/cache/ast/{v0.8.42 => v0.9.3}/215350f8ee8950590591da432678d15de0f0a23d52e16618b21549ca81b5a882.json (100%)
 rename graphify-out/cache/ast/{v0.8.42 => v0.9.3}/23966aefa213a8afd2afd53f7cad26975f6280cf56cc9d687ea758af31aca330.json (100%)
 create mode 100644 graphify-out/cache/ast/v0.9.3/24f17bc52b1684dce682fc369da9d20fafe338a972a653447e243bfd5d04c3ba.json
 create mode 100644 graphify-out/cache/ast/v0.9.3/25fb4387dcb6c62fd10d1d8a21cf3a1ffd265ad9a762bc2d88093ca3bfcaf40d.json
 rename graphify-out/cache/ast/{v0.8.42 => v0.9.3}/275291aa3cf7330ddb7df8bc5cf702924a8977a717cc4e71454ed9d50fee6a54.json (100%)
 create mode 100644 graphify-out/cache/ast/v0.9.3/28ddaf5dab1070e0bb5e3aa923135cbbb3daf2b5e021ffa3e754783ab348cec8.json
 rename graphify-out/cache/ast/{v0.8.42 => v0.9.3}/29415cbb97e19987db252d8f2da49ddeb4e82b6e11d877065edb04bb183fa680.json (100%)
 create mode 100644 graphify-out/cache/ast/v0.9.3/2943efec2bef8806ad369d0352ee05c9a6d1a15c94494edf160364b680bdc8b0.json
 rename graphify-out/cache/ast/{v0.8.42 => v0.9.3}/296c5d5695b49ea7f345f445d12548c67e1035325e239ce8dd372cac3a00ce81.json (100%)
 create mode 100644 graphify-out/cache/ast/v0.9.3/29bbdc9e5aba06d2c400f20020aae61c7dafff4ea3bbaeae1082356c7dd8fef7.json
 rename graphify-out/cache/ast/{v0.8.42 => v0.9.3}/2a45c8d307ace7e7cf33d3f95d923d57dfef49d0bbaff5216a502ea87fcfff34.json (100%)
 rename graphify-out/cache/ast/{v0.8.42 => v0.9.3}/2b93c0a93738af5030f0d63b2ad667f65ef155aac1537771f0a2b5e1b4399280.json (100%)
 create mode 100644 graphify-out/cache/ast/v0.9.3/2c41c261eecddb5c0c8b2470aca18b1d1ee36aae59d9721f9852f1e11361812a.json
 rename graphify-out/cache/ast/{v0.8.42 => v0.9.3}/2d250dffe8f3ec556d2e78b661ad147eca48f61b0511df5acd2e0fe019c2002c.json (100%)
 create mode 100644 graphify-out/cache/ast/v0.9.3/2e181635c10dd0848c717839f6f388bef612ebfa1a9da85b35e56a4181a44c4e.json
 rename graphify-out/cache/ast/{v0.8.42 => v0.9.3}/2e1a410a8f17d8b9a520cbe4829656d2b3b5e69dcee971bfdb413c91584b4bfb.json (100%)
 rename graphify-out/cache/ast/{v0.8.42 => v0.9.3}/2eaa5f5906d26e35e0d5b6bc84523ebc6c58069a5c6e169f6805c0c2731c5ca4.json (100%)
 rename graphify-out/cache/ast/{v0.8.42 => v0.9.3}/2fbb777e82e12bbe38cfd1f3a9378cc5596db54bf83df06613825230778bcab6.json (100%)
 create mode 100644 graphify-out/cache/ast/v0.9.3/326a9b3f2adfafbf145afeec4b2b10bbb266808189816f2d890f634d5798c29e.json
 create mode 100644 graphify-out/cache/ast/v0.9.3/3404c04ae4637cb0f34a83e89a70049de4be343efd745fd3fffa4f814cb28a21.json
 rename graphify-out/cache/ast/{v0.8.42 => v0.9.3}/3560c77100667c729322bde4f02f4df2b1d41aed3bbdc90fd78b5e695955f923.json (100%)
 create mode 100644 graphify-out/cache/ast/v0.9.3/3579ceb9d2ca2b8f9d0f41f6ea37efd992dae1c38c4c976b1662e601a5c566a7.json
 create mode 100644 graphify-out/cache/ast/v0.9.3/359769d75c190cb3eb961fe78bcfcc392e7c3b9b7f5dfd552a11dadca02dc82e.json
 create mode 100644 graphify-out/cache/ast/v0.9.3/385660e94c2562d8f58045c1b46576d6d64f44549496a0ed90d8ad198d4f1d0b.json
 rename graphify-out/cache/ast/{v0.8.42 => v0.9.3}/39e0e5a4405a556f6563d5b0f1ba9983bdfb0fb953054cdf93e3fe8fc191fd8e.json (100%)
 rename graphify-out/cache/ast/{v0.8.42 => v0.9.3}/3a542de6f1639adb062fbf24ec30a64e8413b227b13d9a7d466c8cd67b733f77.json (100%)
 create mode 100644 graphify-out/cache/ast/v0.9.3/3cf3af37968278b189ae66866d7431ff42453786309906c5429dbee53515526a.json
 create mode 100644 graphify-out/cache/ast/v0.9.3/3d36f51b19db03a482183e850c770eaf7e65060d2db3322ae0f2246e6ab945a2.json
 rename graphify-out/cache/ast/{v0.8.42 => v0.9.3}/3dccc9fc68128527861a316e250703101e75528313ba52d03a0854f7360d69ff.json (100%)
 create mode 100644 graphify-out/cache/ast/v0.9.3/3f80147a149e3f9c6c96b52fe1bd4a6682a2b6c14dc42cbcf57a59f358c051a8.json
 create mode 100644 graphify-out/cache/ast/v0.9.3/40105f06a25e786dc63bdc11c4a3c214e892dd3b36444bca0c91f0490b1a221c.json
 create mode 100644 graphify-out/cache/ast/v0.9.3/406779ffe5e8056e1c931ab41955828dbcd560d14b78540b231dc91b9f73e430.json
 rename graphify-out/cache/ast/{v0.8.42 => v0.9.3}/40c009f2916cfa60515fbdf2481d928c959d8ec58e9446bfbf039f0748416a77.json (100%)
 rename graphify-out/cache/ast/{v0.8.42 => v0.9.3}/419c5db3fb6e5db85283693401c2374e873cfeb7d3dcc15531076ac17ecd38b3.json (100%)
 rename graphify-out/cache/ast/{v0.8.42 => v0.9.3}/41ab2c939979506304c873f341f98c2ece7b0a35643c60490bcb73914c6bb0af.json (100%)
 rename graphify-out/cache/ast/{v0.8.42 => v0.9.3}/41b3427df1f779c63fe95660ba519fdedd2e035d06c5f013088439bc3369edf2.json (100%)
 rename graphify-out/cache/ast/{v0.8.42 => v0.9.3}/41e446d271b28056ae128ad1c6a315e67921337fb83f366f423f13f3f96b6a8e.json (100%)
 rename graphify-out/cache/ast/{v0.8.42 => v0.9.3}/42459a49029ab8e1d9e7fda0c58bfde8727820be2d26f68911be046258586980.json (100%)
 rename graphify-out/cache/ast/{v0.8.42 => v0.9.3}/4384e936c081cc7f629e4698176931edd1dda7435f68a6b29cf4431b4c5c9285.json (100%)
 rename graphify-out/cache/ast/{v0.8.42 => v0.9.3}/4460185e6015479391727d7ae93932758971efc638b4daf672f0dea8802268f7.json (100%)
 rename graphify-out/cache/ast/{v0.8.42 => v0.9.3}/457c6b59abf624a09b75586cf56638f639e717ad5b7326a29b78ae9209f51178.json (100%)
 rename graphify-out/cache/ast/{v0.8.42 => v0.9.3}/46a3075b95574661b0532274d768b8fb7d74579796d0a17307d045a1b03f2365.json (100%)
 rename graphify-out/cache/ast/{v0.8.42 => v0.9.3}/47b83662961bcb4e262d13c0f545c4f3a88fa289457bcf67cd14d240bd9a194d.json (100%)
 rename graphify-out/cache/ast/{v0.8.42 => v0.9.3}/48ccc258439b9af2df3963148c63a26f900def9b608d811a3bf35ddf8fa166bd.json (100%)
 create mode 100644 graphify-out/cache/ast/v0.9.3/4975c24ac9658882af2511398db7f0aae5c746ffb7b9c3bae18b3e32b5b14711.json
 create mode 100644 graphify-out/cache/ast/v0.9.3/4a09ed2e93ad761310178db7e67065b98e770e11107ee5ccf05062cfd55ad639.json
 rename graphify-out/cache/ast/{v0.8.42 => v0.9.3}/4af396705257b648d1969c032d42b8a2247c4cb1c5652075334e6985656f363e.json (100%)
 create mode 100644 graphify-out/cache/ast/v0.9.3/4b11e579740634477a2bcc675ec7ea2aa8249c856d5c1091a3ef0f9ea1568048.json
 rename graphify-out/cache/ast/{v0.8.42 => v0.9.3}/4c5d41946c64ec82f3b9023206bb8c793187c355175135901756b89bae9f7e26.json (100%)
 rename graphify-out/cache/ast/{v0.8.42 => v0.9.3}/4cad22bbee0efb25db87f810327e03e76173f3672198040ac6a117ce6d8d547f.json (100%)
 create mode 100644 graphify-out/cache/ast/v0.9.3/4e621e69f9ea73138a8986295b14749e7c94c2184d5c3314203f072b48aa902c.json
 create mode 100644 graphify-out/cache/ast/v0.9.3/4ed52114ebe784c7d4a79078c101edb4ab694993bd287bed77a5e07741fc9915.json
 rename graphify-out/cache/ast/{v0.8.42 => v0.9.3}/4eeff117adff48ed5822d74cd6d067980563ce8e26fd7d8cf7a8627723c752ce.json (100%)
 rename graphify-out/cache/ast/{v0.8.42 => v0.9.3}/4f6e0fc4643813be50b4b9348aee409761d5fea19586cf01d762765fb142a7c2.json (100%)
 rename graphify-out/cache/ast/{v0.8.42 => v0.9.3}/5357389ea6633fe0cdcd1ed37af93a9e622e7fbee593825a00e6e2cc0c30e029.json (100%)
 rename graphify-out/cache/ast/{v0.8.42 => v0.9.3}/53a1d24b5e05691575260c9ff6804380d72ac2e82d5c8fa7ae5b52d2c57ed703.json (100%)
 create mode 100644 graphify-out/cache/ast/v0.9.3/5465af435bffb2662cbc88f2988d9744876f94691c9967afd98325d7941b1b1b.json
 rename graphify-out/cache/ast/{v0.8.42 => v0.9.3}/553537bef1ce7b10c25aa11bed3bb1b6351ec710dd8c325d94e7b2f2d9ae6ea3.json (100%)
 create mode 100644 graphify-out/cache/ast/v0.9.3/55e2fc9d6577d9def37b44bbf99eb73daf7fe081554b18c673311784bc86df17.json
 create mode 100644 graphify-out/cache/ast/v0.9.3/56e2747d1a5663c16d38ffc6080c30ce198ec4c68ab7fff899e051322c653e95.json
 rename graphify-out/cache/ast/{v0.8.42 => v0.9.3}/59861e4764fb0bf2e14e5233519fd9b62249a28a4b8e4beaf9ad0d0c4e92ad27.json (100%)
 rename graphify-out/cache/ast/{v0.8.42 => v0.9.3}/5adf10267a89e1ed474a55886c7d584c333e9f166c452783a7832a0d03c082a9.json (100%)
 create mode 100644 graphify-out/cache/ast/v0.9.3/5b30544ee3275f1bf09cf4ae8a6685964e8a6769b3753b4022234149afc6714f.json
 rename graphify-out/cache/ast/{v0.8.42 => v0.9.3}/5e4e971093e729f6d034332e2c78d561803fc6ff9904322484620e6c7b5bd898.json (100%)
 create mode 100644 graphify-out/cache/ast/v0.9.3/62adecb9c9bc750d0e7a43582b76c03d8fd8453e448be4a0425df3129614ce57.json
 create mode 100644 graphify-out/cache/ast/v0.9.3/640f09037225b2248036140aab71951d5ad1b50e531ee2d51b0908b8fe70ae3d.json
 rename graphify-out/cache/ast/{v0.8.42 => v0.9.3}/65816ad1d735ebbcec86cd2a8acc2ee1ebdb5b653344017e03887791a959752a.json (100%)
 create mode 100644 graphify-out/cache/ast/v0.9.3/6582cfbe9d276d5879ab515ebf38158d2c1eb368bd771ddb7b4135cd5548d2fb.json
 rename graphify-out/cache/ast/{v0.8.42 => v0.9.3}/65f0c6e3cefc41b1be1a313a7568109553b278de08826b42a62bd062af65f126.json (100%)
 create mode 100644 graphify-out/cache/ast/v0.9.3/663bdd3f4200e07a26a48901a96750ca92ed865c4ca41ee53ed47f7425e239b4.json
 create mode 100644 graphify-out/cache/ast/v0.9.3/66a7c4a872a54927cc1dae9a417be34ab5df90379f10b6fb93be43b0598820e3.json
 create mode 100644 graphify-out/cache/ast/v0.9.3/66d452a6242233584fd68bbf65cbdbf78adf48c08b06f17ffe0d6d2a68eb4227.json
 rename graphify-out/cache/ast/{v0.8.42 => v0.9.3}/67757372902b326691ea91950661e7fa035ffd6e382daa56ae14872d636aeec1.json (100%)
 rename graphify-out/cache/ast/{v0.8.42 => v0.9.3}/68d27f2a77485e355ac96333fefebb8a0cdf0c7030b70061a57025f1db5e73b5.json (100%)
 rename graphify-out/cache/ast/{v0.8.42 => v0.9.3}/6921a60cf77af46e3a794234cb0fb875b4b06de24e21214f1eabb60cccfea547.json (100%)
 create mode 100644 graphify-out/cache/ast/v0.9.3/6c3b9151145fdb586a52ca43eb715cf06bafae5860bcb4b8158899c0800f071f.json
 create mode 100644 graphify-out/cache/ast/v0.9.3/6c572a0fb725503540fffde6f0c12194de0ed6629a3abe5f447863a1bbde909b.json
 rename graphify-out/cache/ast/{v0.8.42 => v0.9.3}/6c5adfe5f2392602d6b9c9734c6e5472f75a9fd3ac17259c67cf757f4cb8e0fe.json (100%)
 create mode 100644 graphify-out/cache/ast/v0.9.3/6c6e2ad072e06a605bc08df0fa32a285bb0843f67ff608bf4bcf7e0823a5b814.json
 create mode 100644 graphify-out/cache/ast/v0.9.3/6d925b0207f0f63c63c94ebf1d92e78bc59d809d4a02a1ada649567b0254d50a.json
 rename graphify-out/cache/ast/{v0.8.42 => v0.9.3}/6e2c1d8c9de52fe37d00ba7e5b91c685509cb3f7272fb15449696f25570349c2.json (100%)
 create mode 100644 graphify-out/cache/ast/v0.9.3/705afdab47dbb733d159772b5ce1b2e69022a06f8e41dea2a5a4f4d640c4a51b.json
 rename graphify-out/cache/ast/{v0.8.42 => v0.9.3}/731b3ca30543aa63eb60edd863a06c1b52a13c5e8533cb0c00e47ffa9cf08f34.json (100%)
 rename graphify-out/cache/ast/{v0.8.42 => v0.9.3}/73337d7307598088d2fa505468e22c3dd4a30acb6ad9fbfcf2fb2de2c2db2156.json (100%)
 create mode 100644 graphify-out/cache/ast/v0.9.3/76bcc5c48f46902b9b2d6d860964a101b5cc46957ee69ba5cc18b1fb72fdab84.json
 create mode 100644 graphify-out/cache/ast/v0.9.3/781794caede436d3211b79a0c21c05073197e93469e558c97d049e87941f8652.json
 create mode 100644 graphify-out/cache/ast/v0.9.3/789df21a7c606e424b8424b3cd8b1f7fa9cb2c76ca87dc7f1bbded395e37f19c.json
 rename graphify-out/cache/ast/{v0.8.42 => v0.9.3}/79133c3488e5d661005d8cc6eac3bc3d997f7194899314f975dc991f8dcb74e1.json (100%)
 create mode 100644 graphify-out/cache/ast/v0.9.3/7a52a2dbddc0c59eacc503ff3a94e99bfc1004ec28cd25169302f1562772ff8c.json
 rename graphify-out/cache/ast/{v0.8.42 => v0.9.3}/7c74ac7d9eaebc20054383cff3b9483786e1c9f5e65fd72287d68db7a33ecff3.json (100%)
 rename graphify-out/cache/ast/{v0.8.42 => v0.9.3}/7c74da9b2a3ffe0ca81bba8b0b247fb2988423b3dbf0185eec6945108575f31a.json (100%)
 create mode 100644 graphify-out/cache/ast/v0.9.3/7cc4e7c04be7f6e0bf478f80718c76d3c2b8a82aef02fce24b725c9390545446.json
 create mode 100644 graphify-out/cache/ast/v0.9.3/7d811cc92daf67afd45b6e3ba77cbeb95427cbcedfecd364182e837b5ffc1d76.json
 create mode 100644 graphify-out/cache/ast/v0.9.3/7f45c6627e8ed6e9f7aa4efa53fdb29a419677542840d7d6c7664ab6dd1912d7.json
 rename graphify-out/cache/ast/{v0.8.42 => v0.9.3}/7f57dbc30580bc32596fbfe0b22ea7dd25b2a61c329b2b6706448ac0152bdf40.json (100%)
 rename graphify-out/cache/ast/{v0.8.42 => v0.9.3}/7f91dcc806b2ae13012de47a8508e72026f2622b47e2dff797c66a8eecf763b0.json (100%)
 rename graphify-out/cache/ast/{v0.8.42 => v0.9.3}/80a315fe6842108e062b69d9e03e5336aff8fd601019a4c2d02df8258ab834f2.json (100%)
 rename graphify-out/cache/ast/{v0.8.42 => v0.9.3}/818da476974d6716eda7a272f55a04abbcb4b0d0aee1ef36206acf2bc909f40e.json (100%)
 create mode 100644 graphify-out/cache/ast/v0.9.3/842b34c690f4fc894509200aea728d240fa06f1c91407a73d297a4617da1b01c.json
 rename graphify-out/cache/ast/{v0.8.42/4bd4ddec687b8ee9d428c116e49ca78e77318e7b0efe00094e5b37d7e73dc448.json => v0.9.3/85bd02c492e0f4514aa78d5fbb9a2d9d3902c7e6b786c09d22bc524fa1778910.json} (100%)
 create mode 100644 graphify-out/cache/ast/v0.9.3/863977a17f4432d80c8ce6311ed2a230a7b1de5258bb3ca9233f5f8b4bc03b15.json
 rename graphify-out/cache/ast/{v0.8.42 => v0.9.3}/8674153f518a904864f0bebd2fa11ae9ceb341dd3039b19d83e56ee6cead7e15.json (100%)
 create mode 100644 graphify-out/cache/ast/v0.9.3/87a563f86ecdb580ea3046da5e6214f86295664f3c6756a993f9813a93d33714.json
 rename graphify-out/cache/ast/{v0.8.42 => v0.9.3}/89585ec2826b20e2642e95662a25fea98f6941845f0b5ad7861e336922d55cda.json (100%)
 create mode 100644 graphify-out/cache/ast/v0.9.3/8d0d509c333a0b676318c50e6d5bda672364847155de0e1023e10b94a8aed1c2.json
 rename graphify-out/cache/ast/{v0.8.42 => v0.9.3}/8e209bbb356b05bdaf59bac144c89c25a0a14bb08ccd55f0d7965ebd76b1ca66.json (100%)
 rename graphify-out/cache/ast/{v0.8.42/0548e6c6c08ce8ae420236c8918bbe5d5f243b383f308e4b1cad21e0686146c9.json => v0.9.3/8e9d88e36408be1b8cc4aa46be9198cb70823942f703ce6d8970b6f9f325a966.json} (100%)
 create mode 100644 graphify-out/cache/ast/v0.9.3/8f54a0d1584c08a90b40801332f58c45f1a207d7199382f4aee1db6f09d2f104.json
 rename graphify-out/cache/ast/{v0.8.42 => v0.9.3}/9180b0c9b105a15477157176bf7c7263760f323206a30e67f349be5d4e3af898.json (100%)
 rename graphify-out/cache/ast/{v0.8.42 => v0.9.3}/91f1c9e0bef55c44d2ab15cddb15e97fcb282be1667b569573a62747253148b9.json (100%)
 create mode 100644 graphify-out/cache/ast/v0.9.3/92b27a6cf2e5583f41607aefbf541b67a65a7fd7bd84eaea19530172c345e0ea.json
 rename graphify-out/cache/ast/{v0.8.42 => v0.9.3}/93ca47a8beaddb3a400f26507386e3ef1ff8ab828c5f614b0c93027e4f58bf24.json (100%)
 rename graphify-out/cache/ast/{v0.8.42 => v0.9.3}/94130022506964268d931a699b1932905582ff66427c2748a718409d6b565a45.json (100%)
 create mode 100644 graphify-out/cache/ast/v0.9.3/944d8e8b875c12b21a0a4808bd5e564d594673f729d1384768225db64385650f.json
 rename graphify-out/cache/ast/{v0.8.42 => v0.9.3}/94504fc7c0d6633bea2fb6c7db569d899b8f11fb2a7d2e9385d742caa900982b.json (100%)
 create mode 100644 graphify-out/cache/ast/v0.9.3/974f27138ac657d5bb8a61734a7082772f7982c38a1d44f50f12be67e41319d2.json
 rename graphify-out/cache/ast/{v0.8.42 => v0.9.3}/98a66411df45ad9462bbb41d9948d9972e9095d6f828b236ac4e10f54f4d919a.json (100%)
 create mode 100644 graphify-out/cache/ast/v0.9.3/99b23f3dea26fb0d9bb72a67e35e42fb61e4a45168418d81dde62495e49adf90.json
 rename graphify-out/cache/ast/{v0.8.42 => v0.9.3}/9becc565a174d78cdd60aa58ed873a7fe4098509a37837f2fdcf06c71c35f8e6.json (100%)
 create mode 100644 graphify-out/cache/ast/v0.9.3/9ccec1904d9bf10ead3db68cf51bdf7fed861541e4faf73d1be2b8d919d90ce6.json
 rename graphify-out/cache/ast/{v0.8.42 => v0.9.3}/9dd1cb24d36b21a669b94b1f6a62db050583b8cd1ef85ae4d04e2626d7e8fb3d.json (100%)
 create mode 100644 graphify-out/cache/ast/v0.9.3/a021902cfb0f40f09d0e10f27fb2d6e3db14b484614d9902f3010674eca006b6.json
 rename graphify-out/cache/ast/{v0.8.42 => v0.9.3}/a0da72d2f0cf2c875d4361b9c0494eb75d5ee8681e9a65f7cc3607daacfdbc5d.json (100%)
 rename graphify-out/cache/ast/{v0.8.42 => v0.9.3}/a12f22cf2f2be3f769b0228d279373d27761d99e19208ca60f2c6b4336d3883a.json (100%)
 rename graphify-out/cache/ast/{v0.8.42 => v0.9.3}/a19764060334ee4601c03009b43dfea0f96b5d9df47817bbb02bef6608c7656e.json (100%)
 create mode 100644 graphify-out/cache/ast/v0.9.3/a3215ee81c737975c23df51c88e8e9a3a5ae0ff4b481d965bac63eb49d9c0f38.json
 rename graphify-out/cache/ast/{v0.8.42 => v0.9.3}/a3b36c4e0590919c8860e7d7c455b5f375d577a6732aa53bb51efa22d47d807f.json (100%)
 create mode 100644 graphify-out/cache/ast/v0.9.3/a4060a30f6d232fb6dedeac62ccafc918591fb7f47edef791726f39b0d7a05c4.json
 rename graphify-out/cache/ast/{v0.8.42 => v0.9.3}/a7a0159ef7358b23e4d8c4d5669b2f5978373cc766820a1454f85586d69c171e.json (100%)
 rename graphify-out/cache/ast/{v0.8.42 => v0.9.3}/aac0753e0af85bf5c0d68375a57b99627f9036c8a8e67719ea3578fe23a77ab0.json (100%)
 rename graphify-out/cache/ast/{v0.8.42 => v0.9.3}/b07b68bb173b1281a14d468211d4b4c2df0fb697fbd347ab7d425e7cfc654886.json (100%)
 rename graphify-out/cache/ast/{v0.8.42 => v0.9.3}/b0877a560f0f887dcde85075414907197279b812a5962f01e96b4184ebe67060.json (100%)
 rename graphify-out/cache/ast/{v0.8.42 => v0.9.3}/b31d5e6d6c77db60177abbccf64cfde99472512d8646019dd5af46c270c31898.json (100%)
 rename graphify-out/cache/ast/{v0.8.42 => v0.9.3}/b54d437b0d557a23297308ff46649a4a36cda3519a655481d8ff1dd46ddc2ca3.json (100%)
 rename graphify-out/cache/ast/{v0.8.42 => v0.9.3}/b5a54da061aef0a10da8d72c85002f3c55a44aa215488f2980e638185ebe5c2c.json (100%)
 rename graphify-out/cache/ast/{v0.8.42 => v0.9.3}/b74ca25167c85739d6f71b5dcb78e3127a115cc811d8e48b76a5adb2535d8189.json (100%)
 rename graphify-out/cache/ast/{v0.8.42/a78829f2f98119c6f84acc291da2fcc6971c5afb161706bb54f425b0199892f7.json => v0.9.3/b7c5d6ab0e88abf86ecee0147efd87b555337134d6306e848cde671a5543b070.json} (100%)
 create mode 100644 graphify-out/cache/ast/v0.9.3/b935581b4b1e96b44abeb268f751a54db85fce834724b92cce9920682b17edc2.json
 create mode 100644 graphify-out/cache/ast/v0.9.3/ba047b881ebe8731da20f075accd917869f0054524c4c548016a1f062b24cb03.json
 create mode 100644 graphify-out/cache/ast/v0.9.3/ba9f09cce378d9ce3b0bb45f0f25fd1e4972bfa2b0f428804f3c953129156596.json
 create mode 100644 graphify-out/cache/ast/v0.9.3/bb7e38d0f0c29c502f0478614774ed56083b56a58f13a7e6ead251d10e49ebbc.json
 create mode 100644 graphify-out/cache/ast/v0.9.3/bc3ee60fe798cde4ea81625e8572eaaa3076d13f9860d1ad1b00e6df3e4a57a0.json
 create mode 100644 graphify-out/cache/ast/v0.9.3/bce16feb64f65da672faefbfc5e6b1c5191ee5d1694e59ddc82bdc84a7caa8dd.json
 create mode 100644 graphify-out/cache/ast/v0.9.3/be1749159482d3e215ef3121a0f421c6751b003b8f90724cf33fd1f8acb27763.json
 rename graphify-out/cache/ast/{v0.8.42 => v0.9.3}/c00a863359be8e2680a4eabeab6067946f23da58189003c0f44f56316fa0e6e0.json (100%)
 create mode 100644 graphify-out/cache/ast/v0.9.3/c13a0230ab405366e11d9470418ed33728787fadf2c0b8f1de1fced97d94bd77.json
 rename graphify-out/cache/ast/{v0.8.42 => v0.9.3}/c185bbbf5584aef1e76b58dc49dd49a0fe78a2533e7356c02ab534fd95cccab8.json (100%)
 create mode 100644 graphify-out/cache/ast/v0.9.3/c21c3570147edfdfa395e2d8c9224f6c478dc1a4fe88646aa5e13f5ed8cb4bd9.json
 rename graphify-out/cache/ast/{v0.8.42 => v0.9.3}/c287f077a70d5e01cc521aeb44eecc3790411e4b4b3f996ade26d2b1694535c5.json (100%)
 create mode 100644 graphify-out/cache/ast/v0.9.3/c3d5d9cd3ef96f1b983f2b1574f80fae77398a2288a8df097002ed136cbe468b.json
 rename graphify-out/cache/ast/{v0.8.42 => v0.9.3}/c41eb2ae48534261abddd77d445892cff0472da996dcbe0dff02d9a05aa630b4.json (100%)
 create mode 100644 graphify-out/cache/ast/v0.9.3/c64f27e75fc900a80287d0fdf5d5e66a96288a0f24a3a24149f83c1610d12dd9.json
 create mode 100644 graphify-out/cache/ast/v0.9.3/c77071d4f27059f69c65a831e242cc21dedec8215ec88b8ef4d4a0b7648f3953.json
 rename graphify-out/cache/ast/{v0.8.42 => v0.9.3}/caac9175e78831fc3d829535d66d3e22704003f0f660484f82075f0fce23f2ca.json (100%)
 create mode 100644 graphify-out/cache/ast/v0.9.3/cb4586da6826adbb40e45912426c0a37ddad04d43918c82a956793340dfa76f6.json
 rename graphify-out/cache/ast/{v0.8.42 => v0.9.3}/cbf6062b190cf264f6707f2f055ed6c33b3a6345af0ed7abc6f48382196fe2de.json (100%)
 rename graphify-out/cache/ast/{v0.8.42 => v0.9.3}/cc341b77469c9e3c9e600e5d76858e7214d1df9d86e890d6c9be15b7b0684b34.json (100%)
 rename graphify-out/cache/ast/{v0.8.42 => v0.9.3}/cc43c2cab490f0c8b17635aa94ec317f37de862000d93c771265252392cd036e.json (100%)
 create mode 100644 graphify-out/cache/ast/v0.9.3/ccd3173830c032517cc6534596b1a735ff76340b68d60fff50e6a6b7dbba3954.json
 rename graphify-out/cache/ast/{v0.8.42 => v0.9.3}/ce1d00972a35c5ed95ff7a480f77f73dee61793a549690f506ecbbd2f82161a3.json (100%)
 rename graphify-out/cache/ast/{v0.8.42 => v0.9.3}/ce8e1fe455c1de50e5e0cd2788ed801733724c9846f9479879a7b1a2ab415a3a.json (100%)
 create mode 100644 graphify-out/cache/ast/v0.9.3/cee70c95820e162ad465cb1d74c936b3a827fa76253ef86b2e5707de61436f46.json
 create mode 100644 graphify-out/cache/ast/v0.9.3/d034432aa98b1f6fcbcabad1a9b1eb8d30c6b4c3314f687230916e56f3c1a692.json
 create mode 100644 graphify-out/cache/ast/v0.9.3/d0ce114a0b03399cf00eebae03ee70e1e5ac899926e5033fdac630aa7cfb2dc1.json
 rename graphify-out/cache/ast/{v0.8.42 => v0.9.3}/d286ab8e08e9270e20222fe8e8ea6e2265b524320e7ad45df230415c78399bec.json (100%)
 create mode 100644 graphify-out/cache/ast/v0.9.3/d6482e06dff679eaead8b1ab013a5781afbac8f3ce8d998d4064639cef5e8f8c.json
 create mode 100644 graphify-out/cache/ast/v0.9.3/d6595c00817015010ef751e2a4c888c55cb7184e49298ceb7856354a51a72f24.json
 create mode 100644 graphify-out/cache/ast/v0.9.3/d730ae5008936f95fb6c689ccdc5cb73b49a962a9ee8554d3a8270e1cc800885.json
 rename graphify-out/cache/ast/{v0.8.42 => v0.9.3}/d8314544cab33d4ef7d4db9dfdb54e4d4158f3dc53a0dea5e53fe257f2db24eb.json (100%)
 create mode 100644 graphify-out/cache/ast/v0.9.3/d857932a0efe46481d0114f95076f6da3cf618fdfd14f4589a5930df651adf02.json
 rename graphify-out/cache/ast/{v0.8.42 => v0.9.3}/d9e46349db629694b7a04e9799a1d95b7d8ef6f495656384ef5e495a571e6299.json (100%)
 create mode 100644 graphify-out/cache/ast/v0.9.3/daf176a37d5544e332dbe413002baf826c5604e26802af34b3cf1253cb408973.json
 create mode 100644 graphify-out/cache/ast/v0.9.3/dc00d1ec474abcedd1c0daf1743a24f3bcb6522bc0492fbd518661e81831cda9.json
 create mode 100644 graphify-out/cache/ast/v0.9.3/dd088620f0192c84f62dc0713495de013984803ed431cc5227cf42f8f4c2c173.json
 create mode 100644 graphify-out/cache/ast/v0.9.3/de5f2bf895f854c7e429ba0d626948ccfbbd412abc9d7cc1d206f3455e6aa373.json
 create mode 100644 graphify-out/cache/ast/v0.9.3/deab8cb52a2a49aae8070bfde64c82d754e9b235d619e9154a482fad57ba0084.json
 create mode 100644 graphify-out/cache/ast/v0.9.3/e2cfb787ff220d832ee6a8c6214b9f7b69907edb84b09cdf1f9197f2a675395d.json
 rename graphify-out/cache/ast/{v0.8.42 => v0.9.3}/e318d94e6d96c37594d4b18df8da28663fe3df355c3f28089e52af21eb51a95d.json (100%)
 create mode 100644 graphify-out/cache/ast/v0.9.3/e36a5969af230bb77f5bf183c50095cd8e83ed50c7c7f4555d9bb56d819d5fa7.json
 rename graphify-out/cache/ast/{v0.8.42 => v0.9.3}/e5e2a15010d331aa435b1144888af92c54957d5837d3b63b31e17858a5e15117.json (100%)
 rename graphify-out/cache/ast/{v0.8.42 => v0.9.3}/e6855a0cde505c46d7f0a842463eacd5f50a441447857fe113ca6722ddfa2b74.json (100%)
 create mode 100644 graphify-out/cache/ast/v0.9.3/e70684418abbd3712275e5f50adef2d0b2ffad790336d7fa9ee6698b2a13e5ed.json
 rename graphify-out/cache/ast/{v0.8.42 => v0.9.3}/e7f7fe90091a63f467586fb6eb3fffb3d19d137619cf09157cacbd863330f3ba.json (100%)
 rename graphify-out/cache/ast/{v0.8.42 => v0.9.3}/e852e922434186cecb791ab44a7eb4fb8aa62ee4dde20cd0fc371e3fb86161bc.json (100%)
 create mode 100644 graphify-out/cache/ast/v0.9.3/e8cb32a3e31e94a4821f2d690dfc947c9ea0f79dbb4f7b71bbfa9a29e8184b24.json
 create mode 100644 graphify-out/cache/ast/v0.9.3/ea43bacc7a82f063dc07c67119df903b28e450af7f8f3de77490b2ac165e4e82.json
 create mode 100644 graphify-out/cache/ast/v0.9.3/eabaa6b39fb76077cf7981522e45aeb1b0e34017bc4d72a8f80b73b17d0a0876.json
 create mode 100644 graphify-out/cache/ast/v0.9.3/eb0c931b4fdb4933994c58009c713a7f1623fe5bd6828a55018ac41d6930ded1.json
 rename graphify-out/cache/ast/{v0.8.42 => v0.9.3}/eba076e27ed66f9b0d9a680a2c934fd418b03e5647c3fc3e04bd4e74cdaac68e.json (100%)
 rename graphify-out/cache/ast/{v0.8.42 => v0.9.3}/ebe9d689205c8d33cead0a2b51644f1419bffac93a3b4da730c9d07bdd9944f1.json (100%)
 create mode 100644 graphify-out/cache/ast/v0.9.3/ebf5b4d4149d47d25e4279283600af5a0eebda69075e9c4771aeb81759d9cd33.json
 create mode 100644 graphify-out/cache/ast/v0.9.3/ee462a47ec89f99667de082bbf8f782dca08675540f413e22ea9848fa997bfb9.json
 create mode 100644 graphify-out/cache/ast/v0.9.3/efa79633f97ab49550d352f5eb84eb75676a3249f2f8c094bc20247708767c07.json
 rename graphify-out/cache/ast/{v0.8.42 => v0.9.3}/eff54f5e3958a61d9480a4ab5df5f277c6c6ac0cac5dcde64c9f746e4f63b968.json (100%)
 rename graphify-out/cache/ast/{v0.8.42 => v0.9.3}/f0c0f5a6c7f9af00d727efa122e72075877f474d3ab924a910d60c9c2722ed3c.json (100%)
 create mode 100644 graphify-out/cache/ast/v0.9.3/f1287f15beecd8a4be855c3ae7cff52b7411f9243fd6aa885d43145f8c4a0d57.json
 create mode 100644 graphify-out/cache/ast/v0.9.3/f1c78325e881f5a8d195368fdf80bda1e0e2b73b02269f92511a47b49e6725f6.json
 create mode 100644 graphify-out/cache/ast/v0.9.3/f2103a43e9cef7f55f4c650a2cf3190f4cc75560c7cb902f6dd07ed5c668c5b2.json
 create mode 100644 graphify-out/cache/ast/v0.9.3/f217f8305821e0fdd4fb5d76cd67af4467503ad071e94ea6b3bb0c049b90d3b7.json
 create mode 100644 graphify-out/cache/ast/v0.9.3/f5545c750635a2ae0301b4c0f00aaaff415c2630cd1b9688a11791087e3fd00a.json
 create mode 100644 graphify-out/cache/ast/v0.9.3/f5e406deaf1ed5718b2fbb874ee96df34e3de470058230b471251e66490d8cab.json
 rename graphify-out/cache/ast/{v0.8.42 => v0.9.3}/f6660638dc98740cb2e6989b8a5f752fba57e3abceeb6a60a6125eacf532fdf2.json (100%)
 rename graphify-out/cache/ast/{v0.8.42 => v0.9.3}/f6b2c0f12cef402a1db7f53a433abe4aabd900b7c6150097bbeddeb1c9650dad.json (100%)
 create mode 100644 graphify-out/cache/ast/v0.9.3/f7954bf23843540475895ba329c4344c6f031eedb4dc59c0241480c925394890.json
 rename graphify-out/cache/ast/{v0.8.42 => v0.9.3}/f84573ab705bf1b96d0c0bdd1c3434469398109f0f2d6ee05c0ad9f58d829966.json (100%)
 rename graphify-out/cache/ast/{v0.8.42 => v0.9.3}/fa9d69805bfa2744ea06e4fb1767af25edb073cc13986b214f72e920b110187e.json (100%)
 rename graphify-out/cache/ast/{v0.8.42/bd6d4169085a51321c4fe64b42e011c51b0086ab84b8d245614c1da3e65ac3ca.json => v0.9.3/fba48a88eafd253e6c9b5934640f30e86754790124f10383d399914c6537a510.json} (100%)
 create mode 100644 graphify-out/cache/ast/v0.9.3/fbc9ec22f2783c70b190e1758874716fdfa613d3ee908f5ba31b5c0c4e6abe87.json
 rename graphify-out/cache/ast/{v0.8.42 => v0.9.3}/fc3f1e43a6aabd2d1b75d64b1ff57dc5451ce94d215db5748f2df1f241a75d82.json (100%)
 rename graphify-out/cache/ast/{v0.8.42 => v0.9.3}/fd13149bd7867e0c2f8f4a866c48c4ff95fed6632224bb4ec1ebf715fc0554c7.json (100%)
 create mode 100644 graphify-out/cache/ast/v0.9.3/fde9b31a1cd9d9eec29bf5887bc0dc3e6ab26bb0d0ae8489248b4a561c2ed54a.json
 rename graphify-out/cache/ast/{v0.8.42 => v0.9.3}/fe4675688315f206c7bac17b57e296a8f2622202ba3ed1f04025efe6aac9a0bd.json (100%)
 delete mode 100644 graphify-out/cache/semantic/08ac61c0027de7517b1fa22fd73f8332a008f1e50ea46801d2d1b55099bc4d97.json
 delete mode 100644 graphify-out/cache/semantic/0e9de1ad9605ffdc0b3006895ae566ec221991001e4afa2b5540809b25b89027.json
 delete mode 100644 graphify-out/cache/semantic/1535e8629eb055aaa59a16061acc141ec5850debe870ffdebad72c20f37bbafe.json
 delete mode 100644 graphify-out/cache/semantic/1967ae49c809b3e1b1bddc12f86c5b689a1c677ddb749e6f0624e6d42cb2220d.json
 delete mode 100644 graphify-out/cache/semantic/26173085e23eb26bb3bb2faadc6664a7047f5181f488b759bf46515e3fa058dd.json
 delete mode 100644 graphify-out/cache/semantic/2c51023934892ce882546063abddf31020fa6f51b3f6c5f96ea30f712683ff8e.json
 delete mode 100644 graphify-out/cache/semantic/503ec621a30904982dd72742eb0f8d2b2e7f607b32c1c573fb2654248c6360a5.json
 delete mode 100644 graphify-out/cache/semantic/695979b37107d910ede4c123b32e0160a1c5eefc82116d97779377e57a89b88b.json
 delete mode 100644 graphify-out/cache/semantic/77aa7140eadc20944a56906ce9ff4a87e1d2fe951593b084d657217e3f2e3579.json
 delete mode 100644 graphify-out/cache/semantic/786cf07078f17fcf3d25af52405fe8c9b565adaab4584b9306760be51a083da6.json
 delete mode 100644 graphify-out/cache/semantic/7caa2cdddfc4398031d6ac7bfbcbe59f5cb2e7e6ff7dde9c048681798f9ac77a.json
 delete mode 100644 graphify-out/cache/semantic/88c8737d115a415f0a6a1fee1c9077927075bc9ae736ba5118a9b23887056c02.json
 delete mode 100644 graphify-out/cache/semantic/97a37d9a679ae2525fbc6335825e7c7fc8b122633fc6c34efec7465e3c9a82a6.json
 delete mode 100644 graphify-out/cache/semantic/b2a5aa20fd884f7fc4b3975072f411c5e5814dd1c1874054cda756ee4183d93a.json
 delete mode 100644 graphify-out/cache/semantic/d2ece60254997541db68ab797458a7dcc9b18abb00578a4da4ebfb6bf2bb4d30.json
 delete mode 100644 graphify-out/cache/semantic/d32b30cb99660502c2a7cb0dc12a0b127b72feae7bdf337fd650c9763f373553.json
 delete mode 100644 graphify-out/cache/semantic/f24dcf47f199d64e7c321c685555fb864caac3a0b92799d5b2ed46eaaceb69ff.json
 delete mode 100644 graphify-out/cache/semantic/f251aa420223b16a818f1be91fbf1bb6c4ee816f5c112257f8abb5f0380faf98.json
 delete mode 100644 graphify-out/cache/semantic/fb461434aedd34cc0635adf051c470e27d585afed6a657cfe9caf3316af9fd21.json
 delete mode 100644 graphify-out/cache/semantic/fc312fc223176a9b639371cc651789b3b88c66933a20d799628b268e830a7b83.json
 create mode 100644 resources/qml_legacy/AlbumsView.qml
 create mode 100644 resources/qml_legacy/BottomBar.qml
 create mode 100644 resources/qml_legacy/BuildInfo.qml
 create mode 100644 resources/qml_legacy/DateScrubber.qml
 create mode 100644 resources/qml_legacy/GalleryView.qml
 create mode 100644 resources/qml_legacy/GalleryViewSemantic.qml
 create mode 100644 resources/qml_legacy/GalleryViewTiles.qml
 create mode 100644 resources/qml_legacy/Main.qml
 create mode 100644 resources/qml_legacy/MainSemantic.qml
 create mode 100644 resources/qml_legacy/PhotoViewer.qml
 create mode 100644 resources/qml_legacy/StatsOverlay.qml
 create mode 100644 resources/qml_legacy/UsageGraph.qml
 create mode 100644 src/FileCacheManager.cpp
 create mode 100644 src/FileCacheManager.h
 create mode 100644 src_legacy/AlbumModel.cpp
 create mode 100644 src_legacy/AlbumModel.h
 create mode 100644 src_legacy/AsyncImageProvider.cpp
 create mode 100644 src_legacy/AsyncImageProvider.h
 create mode 100644 src_legacy/BuildInfo.h
 create mode 100644 src_legacy/DesktopHelper.cpp
 create mode 100644 src_legacy/DesktopHelper.h
 create mode 100644 src_legacy/GroupedProxyModel.cpp
 create mode 100644 src_legacy/GroupedProxyModel.h
 create mode 100644 src_legacy/ImageModel.cpp
 create mode 100644 src_legacy/ImageModel.h
 create mode 100644 src_legacy/LogManager.cpp
 create mode 100644 src_legacy/LogManager.h
 create mode 100644 src_legacy/SettingsHelper.cpp
 create mode 100644 src_legacy/SettingsHelper.h
 create mode 100644 src_legacy/SystemMonitor.cpp
 create mode 100644 src_legacy/SystemMonitor.h
 create mode 100644 src_legacy/TaskScheduler.cpp
 create mode 100644 src_legacy/TaskScheduler.h
 create mode 100644 src_legacy/VideoThumbnailer.cpp
 create mode 100644 src_legacy/VideoThumbnailer.h
 create mode 100644 src_legacy/main.cpp
 create mode 100644 src_legacy/main_test.cpp
 create mode 100644 test_scrollbench/qml/BuildInfo.qml
To https://github.com/cdrivex4/antigravity.git
   8ed381f..45f1ca6  main -> main
