=== MODE: STANDARD DYNAMIC BUILD ===
  -> Qt Kit: D:\Qt\6.9.3\mingw_64
==========================================
   SamsungGallery Build System
==========================================
Build Version: 1.0.107
Timestamp: 2026-07-11 20:00:48
[0/4] Verifying Dependencies...
  FFmpeg binaries found.
[1/4] Checking for running instances...
[1.5/4] Verifying File Locks & Recording Hashes...
  Current Hash (appScrollBench.exe): C25F2094D4BF684CAEF76E8A9A2A537E92021C2427624C6096BAB3A2BA57B51E
[2/4] Cleaned autogen folders & removed old binary.
[3/4] Building (Release)...
  -> Configuring...
CMake Warning (dev) at D:/Qt/6.9.3/mingw_64/lib/cmake/Qt6Core/Qt6CoreMacros.cmake:3458 (message):
  Qt policy QTP0001 is not set: ':/qt/qml/' is the default resource prefix
  for QML modules.  Check https://doc.qt.io/qt-6/qt-cmake-policy-qtp0001.html
  for policy details.  Use the qt_policy command to set the policy and
  suppress this warning.

Call Stack (most recent call first):
  D:/Qt/6.9.3/mingw_64/lib/cmake/Qt6Qml/Qt6QmlMacros.cmake:740 (__qt_internal_setup_policy)
  D:/Qt/6.9.3/mingw_64/lib/cmake/Qt6Qml/Qt6QmlMacros.cmake:1296 (qt6_add_qml_module)
  CMakeLists.txt:29 (qt_add_qml_module)
This warning is for project developers.  Use -Wno-dev to suppress it.

CMake Warning (dev) at D:/Qt/6.9.3/mingw_64/lib/cmake/Qt6Core/Qt6CoreMacros.cmake:3458 (message):
  Qt policy QTP0004 is not set: You need qmldir files for each extra
  directory that contains .qml files for your module.  Check
  https://doc.qt.io/qt-6/qt-cmake-policy-qtp0004.html for policy details.
  Use the qt_policy command to set the policy and suppress this warning.

Call Stack (most recent call first):
  D:/Qt/6.9.3/mingw_64/lib/cmake/Qt6Qml/Qt6QmlMacros.cmake:3645 (__qt_internal_setup_policy)
  D:/Qt/6.9.3/mingw_64/lib/cmake/Qt6Qml/Qt6QmlMacros.cmake:951 (qt6_target_qml_sources)
  D:/Qt/6.9.3/mingw_64/lib/cmake/Qt6Qml/Qt6QmlMacros.cmake:1296 (qt6_add_qml_module)
  CMakeLists.txt:29 (qt_add_qml_module)
This warning is for project developers.  Use -Wno-dev to suppress it.

CMake Warning (dev) at D:/Qt/6.9.3/mingw_64/lib/cmake/Qt6Core/Qt6CoreMacros.cmake:3458 (message):
  Qt policy QTP0001 is not set: ':/qt/qml/' is the default resource prefix
  for QML modules.  Check https://doc.qt.io/qt-6/qt-cmake-policy-qtp0001.html
  for policy details.  Use the qt_policy command to set the policy and
  suppress this warning.

Call Stack (most recent call first):
  D:/Qt/6.9.3/mingw_64/lib/cmake/Qt6Qml/Qt6QmlMacros.cmake:740 (__qt_internal_setup_policy)
  D:/Qt/6.9.3/mingw_64/lib/cmake/Qt6Qml/Qt6QmlMacros.cmake:1296 (qt6_add_qml_module)
  test_scrollbench/CMakeLists.txt:44 (qt_add_qml_module)
This warning is for project developers.  Use -Wno-dev to suppress it.

CMake Warning (dev) at D:/Qt/6.9.3/mingw_64/lib/cmake/Qt6Core/Qt6CoreMacros.cmake:3458 (message):
  Qt policy QTP0004 is not set: You need qmldir files for each extra
  directory that contains .qml files for your module.  Check
  https://doc.qt.io/qt-6/qt-cmake-policy-qtp0004.html for policy details.
  Use the qt_policy command to set the policy and suppress this warning.

Call Stack (most recent call first):
  D:/Qt/6.9.3/mingw_64/lib/cmake/Qt6Qml/Qt6QmlMacros.cmake:3645 (__qt_internal_setup_policy)
  D:/Qt/6.9.3/mingw_64/lib/cmake/Qt6Qml/Qt6QmlMacros.cmake:951 (qt6_target_qml_sources)
  D:/Qt/6.9.3/mingw_64/lib/cmake/Qt6Qml/Qt6QmlMacros.cmake:1296 (qt6_add_qml_module)
  test_scrollbench/CMakeLists.txt:44 (qt_add_qml_module)
This warning is for project developers.  Use -Wno-dev to suppress it.

-- Configuring done (5.2s)
-- Generating done (0.4s)
-- Build files have been written to: D:/Dev/antigravity/build
  -> Compiling...
[1/92] Automatic MOC and UIC for target appScrollBenchNet
[2/90] Automatic MOC and UIC for target tst_automation
[3/88] Automatic MOC and UIC for target tst_scheduler
[4/86] Automatic MOC and UIC for target tst_mft
[5/84] Automatic MOC and UIC for target appScrollBench
[6/83] Automatic MOC and UIC for target tst_imagemodel
[7/81] Automatic MOC and UIC for target tst_linkage
[8/79] Running AUTOMOC file extraction for target appScrollBench
[9/79] Running moc --collect-json for target appScrollBench
[10/44] Automatic MOC and UIC for target appSamsungGallery
[11/44] Running AUTOMOC file extraction for target appSamsungGallery
[12/44] Running moc --collect-json for target appSamsungGallery
[13/44] Automatic QML type registration for target appSamsungGallery
[14/44] Generating .rcc/qmlcache/appSamsungGallery_resources/qml/AlbumsView_qml.cpp, .rcc/qmlcache/appSamsungGallery_resources/qml/AlbumsView_qml.cpp.aotstats
[15/44] Generating .rcc/qmlcache/appSamsungGallery_resources/qml/GalleryView_qml.cpp, .rcc/qmlcache/appSamsungGallery_resources/qml/GalleryView_qml.cpp.aotstats
[16/44] Generating .rcc/qmlcache/appSamsungGallery_resources/qml/GalleryViewSemantic_qml.cpp, .rcc/qmlcache/appSamsungGallery_resources/qml/GalleryViewSemantic_qml.cpp.aotstats
[17/44] Generating .rcc/qmlcache/appSamsungGallery_resources/qml/PhotoViewer_qml.cpp, .rcc/qmlcache/appSamsungGallery_resources/qml/PhotoViewer_qml.cpp.aotstats
[18/44] Generating .rcc/qmlcache/appSamsungGallery_resources/qml/GalleryViewTiles_qml.cpp, .rcc/qmlcache/appSamsungGallery_resources/qml/GalleryViewTiles_qml.cpp.aotstats
[19/44] Generating .rcc/qmlcache/appSamsungGallery_resources/qml/AlbumCard_qml.cpp, .rcc/qmlcache/appSamsungGallery_resources/qml/AlbumCard_qml.cpp.aotstats
[20/44] Generating .rcc/qmlcache/appSamsungGallery_resources/qml/DateScrubber_qml.cpp, .rcc/qmlcache/appSamsungGallery_resources/qml/DateScrubber_qml.cpp.aotstats
[21/44] Generating .rcc/qmlcache/appSamsungGallery_resources/qml/Main_qml.cpp, .rcc/qmlcache/appSamsungGallery_resources/qml/Main_qml.cpp.aotstats
[22/44] Generating .rcc/qmlcache/appSamsungGallery_resources/qml/BuildInfo_qml.cpp, .rcc/qmlcache/appSamsungGallery_resources/qml/BuildInfo_qml.cpp.aotstats
[23/44] Generating .rcc/qmlcache/appSamsungGallery_resources/qml/BottomBar_qml.cpp, .rcc/qmlcache/appSamsungGallery_resources/qml/BottomBar_qml.cpp.aotstats
[24/44] Generating .rcc/qmlcache/appSamsungGallery_resources/qml/UsageGraph_qml.cpp, .rcc/qmlcache/appSamsungGallery_resources/qml/UsageGraph_qml.cpp.aotstats
[25/44] Generating .rcc/qmlcache/appSamsungGallery_resources/qml/WatermarkOverlay_qml.cpp, .rcc/qmlcache/appSamsungGallery_resources/qml/WatermarkOverlay_qml.cpp.aotstats
[26/44] Generating .rcc/qmlcache/appSamsungGallery_resources/qml/StatsOverlay_qml.cpp, .rcc/qmlcache/appSamsungGallery_resources/qml/StatsOverlay_qml.cpp.aotstats
[27/44] Building CXX object CMakeFiles/appSamsungGallery.dir/appsamsunggallery_qmltyperegistrations.cpp.obj
[28/44] Building CXX object CMakeFiles/appSamsungGallery.dir/src/ImageProcessor.cpp.obj
[29/44] Building CXX object CMakeFiles/appSamsungGallery.dir/build/.rcc/qmlcache/appSamsungGallery_resources/qml/GalleryViewTiles_qml.cpp.obj
[30/44] Building CXX object CMakeFiles/appSamsungGallery.dir/build/.rcc/qmlcache/appSamsungGallery_resources/qml/GalleryViewSemantic_qml.cpp.obj
[31/44] Building CXX object CMakeFiles/appSamsungGallery.dir/build/.rcc/qmlcache/appSamsungGallery_resources/qml/GalleryView_qml.cpp.obj
[32/44] Building CXX object CMakeFiles/appSamsungGallery.dir/build/.rcc/qmlcache/appSamsungGallery_resources/qml/Main_qml.cpp.obj
[33/44] Building CXX object CMakeFiles/appSamsungGallery.dir/src/FileCacheManager.cpp.obj
[34/44] Building CXX object CMakeFiles/appSamsungGallery.dir/build/.rcc/qmlcache/appSamsungGallery_resources/qml/DateScrubber_qml.cpp.obj
[35/44] Building CXX object CMakeFiles/appSamsungGallery.dir/build/.rcc/qmlcache/appSamsungGallery_resources/qml/AlbumsView_qml.cpp.obj
[36/44] Building CXX object CMakeFiles/appSamsungGallery.dir/build/.rcc/qmlcache/appSamsungGallery_resources/qml/AlbumCard_qml.cpp.obj
[37/44] Building CXX object CMakeFiles/appSamsungGallery.dir/build/.rcc/qmlcache/appSamsungGallery_resources/qml/BottomBar_qml.cpp.obj
[38/44] Building CXX object CMakeFiles/appSamsungGallery.dir/appSamsungGallery_autogen/mocs_compilation.cpp.obj
[39/44] Building CXX object CMakeFiles/appSamsungGallery.dir/build/.rcc/qmlcache/appSamsungGallery_resources/qml/PhotoViewer_qml.cpp.obj
[40/44] Building CXX object CMakeFiles/appSamsungGallery.dir/build/.rcc/qmlcache/appSamsungGallery_resources/qml/BuildInfo_qml.cpp.obj
[41/44] Building CXX object CMakeFiles/appSamsungGallery.dir/build/.rcc/qmlcache/appSamsungGallery_resources/qml/UsageGraph_qml.cpp.obj
[42/44] Building CXX object CMakeFiles/appSamsungGallery.dir/build/.rcc/qmlcache/appSamsungGallery_resources/qml/StatsOverlay_qml.cpp.obj
[43/44] Building CXX object CMakeFiles/appSamsungGallery.dir/build/.rcc/qmlcache/appSamsungGallery_resources/qml/WatermarkOverlay_qml.cpp.obj
[44/44] Linking CXX executable appSamsungGallery.exe
  -> Deploying Qt Dependencies...
Adding local dependencyD:/Dev/antigravity/build/avcodec-62.dll
Adding local dependencyD:/Dev/antigravity/build/avformat-62.dll
Adding local dependencyD:/Dev/antigravity/build/avutil-60.dll
Adding local dependencyD:/Dev/antigravity/build/swscale-9.dll
Adding local dependencyD:/Dev/antigravity/build/swresample-6.dll
D:\Dev\antigravity\build\appSamsungGallery.exe 64 bit, release executable [QML]
Scanning D:\Dev\antigravity\resources\qml:
QML imports:
  'QtQuick' D:\Qt\6.9.3\mingw_64\qml\QtQuick
  'QtQml' D:\Qt\6.9.3\mingw_64\qml\QtQml
  'QML' D:\Qt\6.9.3\mingw_64\qml\QML
  'QtQml.Models' D:\Qt\6.9.3\mingw_64\qml\QtQml\Models
  'QtQml.WorkerScript' D:\Qt\6.9.3\mingw_64\qml\QtQml\WorkerScript
  'QtQuick.Controls' D:\Qt\6.9.3\mingw_64\qml\QtQuick\Controls
  'QtQuick.Controls.Fusion' D:\Qt\6.9.3\mingw_64\qml\QtQuick\Controls\Fusion
  'QtQuick.Controls.Material' D:\Qt\6.9.3\mingw_64\qml\QtQuick\Controls\Material
  'QtQuick.Controls.Imagine' D:\Qt\6.9.3\mingw_64\qml\QtQuick\Controls\Imagine
  'QtQuick.Controls.Universal' D:\Qt\6.9.3\mingw_64\qml\QtQuick\Controls\Universal
  'QtQuick.Controls.FluentWinUI3' D:\Qt\6.9.3\mingw_64\qml\QtQuick\Controls\FluentWinUI3
  'QtQuick.Controls.Windows' D:\Qt\6.9.3\mingw_64\qml\QtQuick\Controls\Windows
  'QtQuick.Controls.Basic' D:\Qt\6.9.3\mingw_64\qml\QtQuick\Controls\Basic
  'QtQuick.Templates' D:\Qt\6.9.3\mingw_64\qml\QtQuick\Templates
  'QtQuick.Controls.impl' D:\Qt\6.9.3\mingw_64\qml\QtQuick\Controls\impl
  'QtQuick.Controls.Fusion.impl' D:\Qt\6.9.3\mingw_64\qml\QtQuick\Controls\Fusion\impl
  'QtQuick.Window' D:\Qt\6.9.3\mingw_64\qml\QtQuick\Window
  'QtQuick.Controls.Material.impl' D:\Qt\6.9.3\mingw_64\qml\QtQuick\Controls\Material\impl
  'QtQuick.Controls.Imagine.impl' D:\Qt\6.9.3\mingw_64\qml\QtQuick\Controls\Imagine\impl
  'QtQuick.Controls.Universal.impl' D:\Qt\6.9.3\mingw_64\qml\QtQuick\Controls\Universal\impl
  'QtQuick.Controls.FluentWinUI3.impl' D:\Qt\6.9.3\mingw_64\qml\QtQuick\Controls\FluentWinUI3\impl
  'QtQuick.Effects' D:\Qt\6.9.3\mingw_64\qml\QtQuick\Effects
  'QtQuick.Layouts' D:\Qt\6.9.3\mingw_64\qml\QtQuick\Layouts
  'QtQuick.Shapes' D:\Qt\6.9.3\mingw_64\qml\QtQuick\Shapes
  'QtQuick.NativeStyle' D:\Qt\6.9.3\mingw_64\qml\QtQuick\NativeStyle
  'QtQuick.Controls.Windows.impl' D:\Qt\6.9.3\mingw_64\qml\QtQuick\Controls\Windows\impl
  'QtQuick.Controls.Basic.impl' D:\Qt\6.9.3\mingw_64\qml\QtQuick\Controls\Basic\impl
  'Qt.labs.qmlmodels' D:\Qt\6.9.3\mingw_64\qml\Qt\labs\qmlmodels
  'QtQuick.Dialogs' D:\Qt\6.9.3\mingw_64\qml\QtQuick\Dialogs
  'QtQuick.Dialogs.quickimpl' D:\Qt\6.9.3\mingw_64\qml\QtQuick\Dialogs\quickimpl
  'Qt.labs.folderlistmodel' D:\Qt\6.9.3\mingw_64\qml\Qt\labs\folderlistmodel
  'Qt.labs.settings' D:\Qt\6.9.3\mingw_64\qml\Qt\labs\settings
  'Qt.labs.platform' D:\Qt\6.9.3\mingw_64\qml\Qt\labs\platform
  'QtMultimedia' D:\Qt\6.9.3\mingw_64\qml\QtMultimedia
Adding in plugin type generic for module: Qt6Gui
Adding in plugin type iconengines for module: Qt6Gui
Adding Qt6Svg for qsvgicon.dll from plugin type: iconengines
Adding in plugin type imageformats for module: Qt6Gui
Adding in plugin type multimedia for module: Qt6Multimedia
Adding in plugin type networkinformation for module: Qt6Network
Adding in plugin type platforms for module: Qt6Gui
Adding in plugin type qmltooling for module: Qt6Qml
Adding Qt6Quick3DUtils for qmldbg_quick3dprofiler.dll from plugin type: qmltooling
Adding in plugin type styles for module: Qt6Widgets
Adding in plugin type tls for module: Qt6Network
Skipping plugin qopensslbackend.dll. Use -force-openssl or specify -openssl-root if you want to use it.
Direct dependencies: Qt6Core Qt6Gui Qt6Network Qt6OpenGL Qt6Qml Qt6QmlMeta Qt6QmlModels Qt6QmlWorkerScript Qt6Quick Qt6QuickControls2 Qt6QuickTemplates2 Qt6Widgets
All dependencies   : Qt6Core Qt6Gui Qt6LabsFolderListModel Qt6LabsPlatform Qt6LabsQmlModels Qt6LabsSettings Qt6Multimedia Qt6MultimediaQuick Qt6Network Qt6OpenGL Qt6Qml Qt6QmlMeta Qt6QmlModels Qt6QmlWorkerScript Qt6Quick Qt6QuickControls2 Qt6QuickControls2Basic Qt6QuickControls2BasicStyleImpl Qt6QuickControls2FluentWinUI3StyleImpl Qt6QuickControls2Fusion Qt6QuickControls2FusionStyleImpl Qt6QuickControls2Imagine Qt6QuickControls2ImagineStyleImpl Qt6QuickControls2Impl Qt6QuickControls2Material Qt6QuickControls2MaterialStyleImpl Qt6QuickControls2Universal Qt6QuickControls2UniversalStyleImpl Qt6QuickControls2WindowsStyleImpl Qt6QuickDialogs2 Qt6QuickDialogs2QuickImpl Qt6QuickDialogs2Utils Qt6QuickEffects Qt6QuickLayouts Qt6QuickShapes Qt6QuickTemplates2 Qt6Widgets
To be deployed     : Qt6Core Qt6Gui Qt6LabsFolderListModel Qt6LabsPlatform Qt6LabsQmlModels Qt6LabsSettings Qt6Multimedia Qt6MultimediaQuick Qt6Network Qt6OpenGL Qt6Qml Qt6QmlMeta Qt6QmlModels Qt6QmlWorkerScript Qt6Quick Qt6Quick3DUtils Qt6QuickControls2 Qt6QuickControls2Basic Qt6QuickControls2BasicStyleImpl Qt6QuickControls2FluentWinUI3StyleImpl Qt6QuickControls2Fusion Qt6QuickControls2FusionStyleImpl Qt6QuickControls2Imagine Qt6QuickControls2ImagineStyleImpl Qt6QuickControls2Impl Qt6QuickControls2Material Qt6QuickControls2MaterialStyleImpl Qt6QuickControls2Universal Qt6QuickControls2UniversalStyleImpl Qt6QuickControls2WindowsStyleImpl Qt6QuickDialogs2 Qt6QuickDialogs2QuickImpl Qt6QuickDialogs2Utils Qt6QuickEffects Qt6QuickLayouts Qt6QuickShapes Qt6QuickTemplates2 Qt6Svg Qt6Widgets
Updating Qt6Core.dll.
Updating Qt6Gui.dll.
Updating Qt6LabsFolderListModel.dll.
Updating Qt6LabsPlatform.dll.
Updating Qt6LabsQmlModels.dll.
Updating Qt6LabsSettings.dll.
Updating Qt6Multimedia.dll.
Updating Qt6MultimediaQuick.dll.
Updating Qt6Network.dll.
Updating Qt6OpenGL.dll.
Updating Qt6Qml.dll.
Updating Qt6QmlMeta.dll.
Updating Qt6QmlModels.dll.
Updating Qt6QmlWorkerScript.dll.
Updating Qt6Quick.dll.
Updating Qt6Quick3DUtils.dll.
Updating Qt6QuickControls2.dll.
Updating Qt6QuickControls2Basic.dll.
Updating Qt6QuickControls2BasicStyleImpl.dll.
Updating Qt6QuickControls2FluentWinUI3StyleImpl.dll.
Updating Qt6QuickControls2Fusion.dll.
Updating Qt6QuickControls2FusionStyleImpl.dll.
Updating Qt6QuickControls2Imagine.dll.
Updating Qt6QuickControls2ImagineStyleImpl.dll.
Updating Qt6QuickControls2Impl.dll.
Updating Qt6QuickControls2Material.dll.
Updating Qt6QuickControls2MaterialStyleImpl.dll.
Updating Qt6QuickControls2Universal.dll.
Updating Qt6QuickControls2UniversalStyleImpl.dll.
Updating Qt6QuickControls2WindowsStyleImpl.dll.
Updating Qt6QuickDialogs2.dll.
Updating Qt6QuickDialogs2QuickImpl.dll.
Updating Qt6QuickDialogs2Utils.dll.
Updating Qt6QuickEffects.dll.
Updating Qt6QuickLayouts.dll.
Updating Qt6QuickShapes.dll.
Updating Qt6QuickTemplates2.dll.
Updating Qt6Svg.dll.
Updating Qt6Widgets.dll.
Updating D3Dcompiler_47.dll.
Updating dxcompiler.dll.
Updating avcodec-61.dll.
Updating avformat-61.dll.
Updating avutil-59.dll.
Updating swresample-5.dll.
Updating swscale-8.dll.
Updating libgcc_s_seh-1.dll.
Updating libstdc++-6.dll.
Updating libwinpthread-1.dll.
Creating directory D:/Dev/antigravity/build/generic.
Updating qtuiotouchplugin.dll.
Creating directory D:/Dev/antigravity/build/iconengines.
Updating qsvgicon.dll.
Creating directory D:/Dev/antigravity/build/imageformats.
Updating qgif.dll.
Updating qicns.dll.
Updating qico.dll.
Updating qjpeg.dll.
Updating qsvg.dll.
Updating qtga.dll.
Updating qtiff.dll.
Updating qwbmp.dll.
Updating qwebp.dll.
Creating directory D:/Dev/antigravity/build/multimedia.
Updating ffmpegmediaplugin.dll.
Updating windowsmediaplugin.dll.
Creating directory D:/Dev/antigravity/build/networkinformation.
Updating qnetworklistmanager.dll.
Creating directory D:/Dev/antigravity/build/platforms.
Updating qwindows.dll.
Creating directory D:/Dev/antigravity/build/qmltooling.
Updating qmldbg_debugger.dll.
Updating qmldbg_inspector.dll.
Updating qmldbg_local.dll.
Updating qmldbg_messages.dll.
Updating qmldbg_native.dll.
Updating qmldbg_nativedebugger.dll.
Updating qmldbg_preview.dll.
Updating qmldbg_profiler.dll.
Updating qmldbg_quick3dprofiler.dll.
Updating qmldbg_quickprofiler.dll.
Updating qmldbg_server.dll.
Updating qmldbg_tcp.dll.
Creating directory D:/Dev/antigravity/build/styles.
Updating qmodernwindowsstyle.dll.
Creating directory D:/Dev/antigravity/build/tls.
Updating qcertonlybackend.dll.
Updating qschannelbackend.dll.
Creating build\qml...
Creating build/qml/QtQuick.
Updating qtquick2plugin.dll.
Updating plugins.qmltypes.
Updating qmldir.
Creating build/qml/QtQuick/Controls.
Creating build/qml/QtQuick/Controls/Basic.
Creating build/qml/QtQuick/Controls/Basic/impl.
Skipping D:\Qt\6.9.3\mingw_64\qml\QtQuick\Controls\designer.
Creating build/qml/QtQuick/Controls/FluentWinUI3.
Creating build/qml/QtQuick/Controls/FluentWinUI3/dark.
Creating build/qml/QtQuick/Controls/FluentWinUI3/dark/images.
Creating build/qml/QtQuick/Controls/FluentWinUI3/icons.
Creating build/qml/QtQuick/Controls/FluentWinUI3/impl.
Creating build/qml/QtQuick/Controls/FluentWinUI3/light.
Creating build/qml/QtQuick/Controls/FluentWinUI3/light/images.
Creating build/qml/QtQuick/Controls/Fusion.
Creating build/qml/QtQuick/Controls/Fusion/impl.
Creating build/qml/QtQuick/Controls/Imagine.
Creating build/qml/QtQuick/Controls/Imagine/impl.
Creating build/qml/QtQuick/Controls/impl.
Creating build/qml/QtQuick/Controls/Material.
Creating build/qml/QtQuick/Controls/Material/impl.
Creating build/qml/QtQuick/Controls/Universal.
Creating build/qml/QtQuick/Controls/Universal/impl.
Creating build/qml/QtQuick/Controls/Windows.
Creating build/qml/QtQuick/Controls/Windows/images.
Creating build/qml/QtQuick/Controls/Windows/impl.
Creating build/qml/QtQuick/Dialogs.
Creating build/qml/QtQuick/Dialogs/quickimpl.
Creating build/qml/QtQuick/Dialogs/quickimpl/qml.
Creating build/qml/QtQuick/Dialogs/quickimpl/qml/+Fusion.
Creating build/qml/QtQuick/Dialogs/quickimpl/qml/+Imagine.
Creating build/qml/QtQuick/Dialogs/quickimpl/qml/+Material.
Creating build/qml/QtQuick/Dialogs/quickimpl/qml/+Universal.
Creating build/qml/QtQuick/Effects.
Creating build/qml/QtQuick/Layouts.
Creating build/qml/QtQuick/LocalStorage.
Creating build/qml/QtQuick/NativeStyle.
Creating build/qml/QtQuick/NativeStyle/controls.
Creating build/qml/QtQuick/NativeStyle/util.
Creating build/qml/QtQuick/Particles.
Creating build/qml/QtQuick/Shapes.
Creating build/qml/QtQuick/Templates.
Creating build/qml/QtQuick/Timeline.
Creating build/qml/QtQuick/Timeline/BlendTrees.
Creating build/qml/QtQuick/tooling.
Creating build/qml/QtQuick/VectorImage.
Creating build/qml/QtQuick/Window.
Creating build/qml/QtQml.
Updating qmlplugin.dll.
Updating plugins.qmltypes.
Updating qmldir.
Creating build/qml/QtQml/Models.
Creating build/qml/QtQml/WorkerScript.
Creating build/qml/QtQml/XmlListModel.
Creating build/qml/QML.
Updating plugins.qmltypes.
Updating qmldir.
Updating modelsplugin.dll.
Updating plugins.qmltypes.
Updating qmldir.
Updating workerscriptplugin.dll.
Updating plugins.qmltypes.
Updating qmldir.
Updating qtquickcontrols2plugin.dll.
Updating plugins.qmltypes.
Updating qmldir.
Skipping D:\Qt\6.9.3\mingw_64\qml\QtQuick\Controls\designer.
Updating qtquickcontrols2fusionstyleplugin.dll.
Updating ApplicationWindow.qml.
Updating BusyIndicator.qml.
Updating Button.qml.
Updating CheckBox.qml.
Updating CheckDelegate.qml.
Updating ComboBox.qml.
Updating DelayButton.qml.
Updating Dial.qml.
Updating Dialog.qml.
Updating DialogButtonBox.qml.
Updating Drawer.qml.
Updating Frame.qml.
Updating GroupBox.qml.
Updating HorizontalHeaderView.qml.
Updating ItemDelegate.qml.
Updating Label.qml.
Updating Menu.qml.
Updating MenuBar.qml.
Updating MenuBarItem.qml.
Updating MenuItem.qml.
Updating MenuSeparator.qml.
Updating Page.qml.
Updating PageIndicator.qml.
Updating Pane.qml.
Updating plugins.qmltypes.
Updating Popup.qml.
Updating ProgressBar.qml.
Updating qmldir.
Updating RadioButton.qml.
Updating RadioDelegate.qml.
Updating RangeSlider.qml.
Updating RoundButton.qml.
Updating ScrollBar.qml.
Updating ScrollIndicator.qml.
Updating ScrollView.qml.
Updating SelectionRectangle.qml.
Updating Slider.qml.
Updating SpinBox.qml.
Updating SplitView.qml.
Updating SwipeDelegate.qml.
Updating Switch.qml.
Updating SwitchDelegate.qml.
Updating TabBar.qml.
Updating TabButton.qml.
Updating TextArea.qml.
Updating TextField.qml.
Updating ToolBar.qml.
Updating ToolButton.qml.
Updating ToolSeparator.qml.
Updating ToolTip.qml.
Updating TreeViewDelegate.qml.
Updating Tumbler.qml.
Updating VerticalHeaderView.qml.
Updating qtquickcontrols2materialstyleplugin.dll.
Updating ApplicationWindow.qml.
Updating BusyIndicator.qml.
Updating Button.qml.
Updating CheckBox.qml.
Updating CheckDelegate.qml.
Updating ComboBox.qml.
Updating DelayButton.qml.
Updating Dial.qml.
Updating Dialog.qml.
Updating DialogButtonBox.qml.
Updating Drawer.qml.
Updating Frame.qml.
Updating GroupBox.qml.
Updating HorizontalHeaderView.qml.
Updating ItemDelegate.qml.
Updating Label.qml.
Updating Menu.qml.
Updating MenuBar.qml.
Updating MenuBarItem.qml.
Updating MenuItem.qml.
Updating MenuSeparator.qml.
Updating Page.qml.
Updating PageIndicator.qml.
Updating Pane.qml.
Updating plugins.qmltypes.
Updating Popup.qml.
Updating ProgressBar.qml.
Updating qmldir.
Updating RadioButton.qml.
Updating RadioDelegate.qml.
Updating RangeSlider.qml.
Updating RoundButton.qml.
Updating ScrollBar.qml.
Updating ScrollIndicator.qml.
Updating ScrollView.qml.
Updating SelectionRectangle.qml.
Updating Slider.qml.
Updating SpinBox.qml.
Updating SplitView.qml.
Updating StackView.qml.
Updating SwipeDelegate.qml.
Updating SwipeView.qml.
Updating Switch.qml.
Updating SwitchDelegate.qml.
Updating TabBar.qml.
Updating TabButton.qml.
Updating TextArea.qml.
Updating TextField.qml.
Updating ToolBar.qml.
Updating ToolButton.qml.
Updating ToolSeparator.qml.
Updating ToolTip.qml.
Updating TreeViewDelegate.qml.
Updating Tumbler.qml.
Updating VerticalHeaderView.qml.
Updating qtquickcontrols2imaginestyleplugin.dll.
Updating ApplicationWindow.qml.
Updating BusyIndicator.qml.
Updating Button.qml.
Updating CheckBox.qml.
Updating CheckDelegate.qml.
Updating ComboBox.qml.
Updating DelayButton.qml.
Updating Dial.qml.
Updating Dialog.qml.
Updating DialogButtonBox.qml.
Updating Drawer.qml.
Updating Frame.qml.
Updating GroupBox.qml.
Updating HorizontalHeaderView.qml.
Updating ItemDelegate.qml.
Updating Label.qml.
Updating Menu.qml.
Updating MenuItem.qml.
Updating MenuSeparator.qml.
Updating Page.qml.
Updating PageIndicator.qml.
Updating Pane.qml.
Updating plugins.qmltypes.
Updating Popup.qml.
Updating ProgressBar.qml.
Updating qmldir.
Updating RadioButton.qml.
Updating RadioDelegate.qml.
Updating RangeSlider.qml.
Updating RoundButton.qml.
Updating ScrollBar.qml.
Updating ScrollIndicator.qml.
Updating ScrollView.qml.
Updating SelectionRectangle.qml.
Updating Slider.qml.
Updating SpinBox.qml.
Updating SplitView.qml.
Updating StackView.qml.
Updating SwipeDelegate.qml.
Updating SwipeView.qml.
Updating Switch.qml.
Updating SwitchDelegate.qml.
Updating TabBar.qml.
Updating TabButton.qml.
Updating TextArea.qml.
Updating TextField.qml.
Updating ToolBar.qml.
Updating ToolButton.qml.
Updating ToolSeparator.qml.
Updating ToolTip.qml.
Updating Tumbler.qml.
Updating VerticalHeaderView.qml.
Updating qtquickcontrols2universalstyleplugin.dll.
Updating ApplicationWindow.qml.
Updating BusyIndicator.qml.
Updating Button.qml.
Updating CheckBox.qml.
Updating CheckDelegate.qml.
Updating ComboBox.qml.
Updating DelayButton.qml.
Updating Dial.qml.
Updating Dialog.qml.
Updating DialogButtonBox.qml.
Updating Drawer.qml.
Updating Frame.qml.
Updating GroupBox.qml.
Updating HorizontalHeaderView.qml.
Updating ItemDelegate.qml.
Updating Label.qml.
Updating Menu.qml.
Updating MenuBar.qml.
Updating MenuBarItem.qml.
Updating MenuItem.qml.
Updating MenuSeparator.qml.
Updating Page.qml.
Updating PageIndicator.qml.
Updating Pane.qml.
Updating plugins.qmltypes.
Updating Popup.qml.
Updating ProgressBar.qml.
Updating qmldir.
Updating RadioButton.qml.
Updating RadioDelegate.qml.
Updating RangeSlider.qml.
Updating RoundButton.qml.
Updating ScrollBar.qml.
Updating ScrollIndicator.qml.
Updating ScrollView.qml.
Updating SelectionRectangle.qml.
Updating Slider.qml.
Updating SpinBox.qml.
Updating SplitView.qml.
Updating StackView.qml.
Updating SwipeDelegate.qml.
Updating Switch.qml.
Updating SwitchDelegate.qml.
Updating TabBar.qml.
Updating TabButton.qml.
Updating TextArea.qml.
Updating TextField.qml.
Updating ToolBar.qml.
Updating ToolButton.qml.
Updating ToolSeparator.qml.
Updating ToolTip.qml.
Updating Tumbler.qml.
Updating VerticalHeaderView.qml.
Updating qtquickcontrols2fluentwinui3styleplugin.dll.
Updating ApplicationWindow.qml.
Updating BusyIndicator.qml.
Updating Button.qml.
Updating CheckBox.qml.
Updating CheckDelegate.qml.
Updating ComboBox.qml.
Updating Config.qml.
Updating DelayButton.qml.
Updating Dialog.qml.
Updating DialogButtonBox.qml.
Updating FocusFrame.qml.
Updating Frame.qml.
Updating GroupBox.qml.
Updating ItemDelegate.qml.
Updating Menu.qml.
Updating MenuBar.qml.
Updating MenuBarItem.qml.
Updating MenuItem.qml.
Updating MenuSeparator.qml.
Updating PageIndicator.qml.
Updating plugins.qmltypes.
Updating Popup.qml.
Updating ProgressBar.qml.
Updating qmldir.
Updating RadioButton.qml.
Updating RadioDelegate.qml.
Updating RangeSlider.qml.
Updating RoundButton.qml.
Updating Slider.qml.
Updating SpinBox.qml.
Updating StyleImage.qml.
Updating SwipeDelegate.qml.
Updating Switch.qml.
Updating SwitchDelegate.qml.
Updating TabBar.qml.
Updating TabButton.qml.
Updating TextArea.qml.
Updating TextField.qml.
Updating ToolBar.qml.
Updating ToolButton.qml.
Updating ToolSeparator.qml.
Updating ToolTip.qml.
Updating checkbox-indicator-checked-disabled.png.
Updating checkbox-indicator-checked-disabled@2x.png.
Updating checkbox-indicator-checked-disabled@3x.png.
Updating checkbox-indicator-checked-hovered.png.
Updating checkbox-indicator-checked-hovered@2x.png.
Updating checkbox-indicator-checked-hovered@3x.png.
Updating checkbox-indicator-checked-pressed.png.
Updating checkbox-indicator-checked-pressed@2x.png.
Updating checkbox-indicator-checked-pressed@3x.png.
Updating checkbox-indicator-checked.png.
Updating checkbox-indicator-checked@2x.png.
Updating checkbox-indicator-checked@3x.png.
Updating checkbox-indicator-disabled-partiallyChecked.png.
Updating checkbox-indicator-disabled-partiallyChecked@2x.png.
Updating checkbox-indicator-disabled-partiallyChecked@3x.png.
Updating checkbox-indicator-disabled.png.
Updating checkbox-indicator-disabled@2x.png.
Updating checkbox-indicator-disabled@3x.png.
Updating checkbox-indicator-hovered-partiallyChecked.png.
Updating checkbox-indicator-hovered-partiallyChecked@2x.png.
Updating checkbox-indicator-hovered-partiallyChecked@3x.png.
Updating checkbox-indicator-hovered.png.
Updating checkbox-indicator-hovered@2x.png.
Updating checkbox-indicator-hovered@3x.png.
Updating checkbox-indicator-partiallyChecked-pressed.png.
Updating checkbox-indicator-partiallyChecked-pressed@2x.png.
Updating checkbox-indicator-partiallyChecked-pressed@3x.png.
Updating checkbox-indicator-partiallyChecked.png.
Updating checkbox-indicator-partiallyChecked@2x.png.
Updating checkbox-indicator-partiallyChecked@3x.png.
Updating checkbox-indicator-pressed.png.
Updating checkbox-indicator-pressed@2x.png.
Updating checkbox-indicator-pressed@3x.png.
Updating checkbox-indicator.png.
Updating checkbox-indicator@2x.png.
Updating checkbox-indicator@3x.png.
Updating combobox-background-disabled.png.
Updating combobox-background-disabled@2x.png.
Updating combobox-background-disabled@3x.png.
Updating combobox-background-focused.png.
Updating combobox-background-focused@2x.png.
Updating combobox-background-focused@3x.png.
Updating combobox-background-hovered-open.png.
Updating combobox-background-hovered-open@2x.png.
Updating combobox-background-hovered-open@3x.png.
Updating combobox-background-hovered.png.
Updating combobox-background-hovered@2x.png.
Updating combobox-background-hovered@3x.png.
Updating combobox-background-open-pressed.png.
Updating combobox-background-open-pressed@2x.png.
Updating combobox-background-open-pressed@3x.png.
Updating combobox-background-open.png.
Updating combobox-background-open@2x.png.
Updating combobox-background-open@3x.png.
Updating combobox-background-pressed.png.
Updating combobox-background-pressed@2x.png.
Updating combobox-background-pressed@3x.png.
Updating combobox-background.png.
Updating combobox-background@2x.png.
Updating combobox-background@3x.png.
Updating combobox-indicator-disabled.png.
Updating combobox-indicator-disabled@2x.png.
Updating combobox-indicator-disabled@3x.png.
Updating combobox-indicator-focused.png.
Updating combobox-indicator-focused@2x.png.
Updating combobox-indicator-focused@3x.png.
Updating combobox-indicator-hovered-open.png.
Updating combobox-indicator-hovered-open@2x.png.
Updating combobox-indicator-hovered-open@3x.png.
Updating combobox-indicator-hovered.png.
Updating combobox-indicator-hovered@2x.png.
Updating combobox-indicator-hovered@3x.png.
Updating combobox-indicator-open-pressed.png.
Updating combobox-indicator-open-pressed@2x.png.
Updating combobox-indicator-open-pressed@3x.png.
Updating combobox-indicator-open.png.
Updating combobox-indicator-open@2x.png.
Updating combobox-indicator-open@3x.png.
Updating combobox-indicator-pressed.png.
Updating combobox-indicator-pressed@2x.png.
Updating combobox-indicator-pressed@3x.png.
Updating combobox-indicator.png.
Updating combobox-indicator@2x.png.
Updating combobox-indicator@3x.png.
Updating editablecombobox-background-hovered-open.png.
Updating editablecombobox-background-hovered-open@2x.png.
Updating editablecombobox-background-hovered-open@3x.png.
Updating editablecombobox-background-open-pressed.png.
Updating editablecombobox-background-open-pressed@2x.png.
Updating editablecombobox-background-open-pressed@3x.png.
Updating editablecombobox-background-open.png.
Updating editablecombobox-background-open@2x.png.
Updating editablecombobox-background-open@3x.png.
Updating editablecombobox-indicator-hovered-open.png.
Updating editablecombobox-indicator-hovered-open@2x.png.
Updating editablecombobox-indicator-hovered-open@3x.png.
Updating editablecombobox-indicator-open-pressed.png.
Updating editablecombobox-indicator-open-pressed@2x.png.
Updating editablecombobox-indicator-open-pressed@3x.png.
Updating editablecombobox-indicator-open.png.
Updating editablecombobox-indicator-open@2x.png.
Updating editablecombobox-indicator-open@3x.png.
Updating editablecombobox-popup-background-hovered-open.png.
Updating editablecombobox-popup-background-hovered-open@2x.png.
Updating editablecombobox-popup-background-hovered-open@3x.png.
Updating editablecombobox-popup-background-open-pressed.png.
Updating editablecombobox-popup-background-open-pressed@2x.png.
Updating editablecombobox-popup-background-open-pressed@3x.png.
Updating editablecombobox-popup-background-open.png.
Updating editablecombobox-popup-background-open@2x.png.
Updating editablecombobox-popup-background-open@3x.png.
Updating frame-background-disabled.png.
Updating frame-background-disabled@2x.png.
Updating frame-background-disabled@3x.png.
Updating frame-background.png.
Updating frame-background@2x.png.
Updating frame-background@3x.png.
Updating itemdelegate-background-highlighted-hovered.png.
Updating itemdelegate-background-highlighted-hovered@2x.png.
Updating itemdelegate-background-highlighted-hovered@3x.png.
Updating itemdelegate-background-highlighted-pressed.png.
Updating itemdelegate-background-highlighted-pressed@2x.png.
Updating itemdelegate-background-highlighted-pressed@3x.png.
Updating itemdelegate-background-highlighted.png.
Updating itemdelegate-background-highlighted@2x.png.
Updating itemdelegate-background-highlighted@3x.png.
Updating itemdelegate-background-hovered.png.
Updating itemdelegate-background-hovered@2x.png.
Updating itemdelegate-background-hovered@3x.png.
Updating itemdelegate-background-pressed.png.
Updating itemdelegate-background-pressed@2x.png.
Updating itemdelegate-background-pressed@3x.png.
Updating pageindicatordelegate-indicator-delegate-current-hovered.png.
Updating pageindicatordelegate-indicator-delegate-current-hovered@2x.png.
Updating pageindicatordelegate-indicator-delegate-current-hovered@3x.png.
Updating pageindicatordelegate-indicator-delegate-current-pressed.png.
Updating pageindicatordelegate-indicator-delegate-current-pressed@2x.png.
Updating pageindicatordelegate-indicator-delegate-current-pressed@3x.png.
Updating pageindicatordelegate-indicator-delegate-current.png.
Updating pageindicatordelegate-indicator-delegate-current@2x.png.
Updating pageindicatordelegate-indicator-delegate-current@3x.png.
Updating pageindicatordelegate-indicator-delegate-pressed.png.
Updating pageindicatordelegate-indicator-delegate-pressed@2x.png.
Updating pageindicatordelegate-indicator-delegate-pressed@3x.png.
Updating pageindicatordelegate-indicator-disabled.png.
Updating pageindicatordelegate-indicator-disabled@2x.png.
Updating pageindicatordelegate-indicator-disabled@3x.png.
Updating pageindicatordelegate-indicator-hovered.png.
Updating pageindicatordelegate-indicator-hovered@2x.png.
Updating pageindicatordelegate-indicator-hovered@3x.png.
Updating pageindicatordelegate-indicator.png.
Updating pageindicatordelegate-indicator@2x.png.
Updating pageindicatordelegate-indicator@3x.png.
Updating popup-background.png.
Updating popup-background@2x.png.
Updating popup-background@3x.png.
Updating progressbar-groove-disabled.png.
Updating progressbar-groove-disabled@2x.png.
Updating progressbar-groove-disabled@3x.png.
Updating progressbar-groove.png.
Updating progressbar-groove@2x.png.
Updating progressbar-groove@3x.png.
Updating radiobutton-indicator-checked-disabled.png.
Updating radiobutton-indicator-checked-disabled@2x.png.
Updating radiobutton-indicator-checked-disabled@3x.png.
Updating radiobutton-indicator-checked-hovered.png.
Updating radiobutton-indicator-checked-hovered@2x.png.
Updating radiobutton-indicator-checked-hovered@3x.png.
Updating radiobutton-indicator-checked-pressed.png.
Updating radiobutton-indicator-checked-pressed@2x.png.
Updating radiobutton-indicator-checked-pressed@3x.png.
Updating radiobutton-indicator-checked.png.
Updating radiobutton-indicator-checked@2x.png.
Updating radiobutton-indicator-checked@3x.png.
Updating radiobutton-indicator-disabled.png.
Updating radiobutton-indicator-disabled@2x.png.
Updating radiobutton-indicator-disabled@3x.png.
Updating radiobutton-indicator-hovered.png.
Updating radiobutton-indicator-hovered@2x.png.
Updating radiobutton-indicator-hovered@3x.png.
Updating radiobutton-indicator-pressed.png.
Updating radiobutton-indicator-pressed@2x.png.
Updating radiobutton-indicator-pressed@3x.png.
Updating radiobutton-indicator.png.
Updating radiobutton-indicator@2x.png.
Updating radiobutton-indicator@3x.png.
Updating rangeslider-first-handle-disabled.png.
Updating rangeslider-first-handle-disabled@2x.png.
Updating rangeslider-first-handle-disabled@3x.png.
Updating rangeslider-first-handle-handle-pressed.png.
Updating rangeslider-first-handle-handle-pressed@2x.png.
Updating rangeslider-first-handle-handle-pressed@3x.png.
Updating rangeslider-first-handle-hovered.png.
Updating rangeslider-first-handle-hovered@2x.png.
Updating rangeslider-first-handle-hovered@3x.png.
Updating rangeslider-first-handle.png.
Updating rangeslider-first-handle@2x.png.
Updating rangeslider-first-handle@3x.png.
Updating rangeslider-groove-disabled.png.
Updating rangeslider-groove-disabled@2x.png.
Updating rangeslider-groove-disabled@3x.png.
Updating rangeslider-groove-handle-pressed.png.
Updating rangeslider-groove-handle-pressed@2x.png.
Updating rangeslider-groove-handle-pressed@3x.png.
Updating rangeslider-groove-hovered.png.
Updating rangeslider-groove-hovered@2x.png.
Updating rangeslider-groove-hovered@3x.png.
Updating rangeslider-groove.png.
Updating rangeslider-groove@2x.png.
Updating rangeslider-groove@3x.png.
Updating rangeslider-second-handle-disabled.png.
Updating rangeslider-second-handle-disabled@2x.png.
Updating rangeslider-second-handle-disabled@3x.png.
Updating rangeslider-second-handle-handle-pressed.png.
Updating rangeslider-second-handle-handle-pressed@2x.png.
Updating rangeslider-second-handle-handle-pressed@3x.png.
Updating rangeslider-second-handle-hovered.png.
Updating rangeslider-second-handle-hovered@2x.png.
Updating rangeslider-second-handle-hovered@3x.png.
Updating rangeslider-second-handle.png.
Updating rangeslider-second-handle@2x.png.
Updating rangeslider-second-handle@3x.png.
Updating slider-groove-disabled.png.
Updating slider-groove-disabled@2x.png.
Updating slider-groove-disabled@3x.png.
Updating slider-groove-hovered.png.
Updating slider-groove-hovered@2x.png.
Updating slider-groove-hovered@3x.png.
Updating slider-groove-pressed.png.
Updating slider-groove-pressed@2x.png.
Updating slider-groove-pressed@3x.png.
Updating slider-groove.png.
Updating slider-groove@2x.png.
Updating slider-groove@3x.png.
Updating slider-handle-disabled.png.
Updating slider-handle-disabled@2x.png.
Updating slider-handle-disabled@3x.png.
Updating slider-handle-hovered.png.
Updating slider-handle-hovered@2x.png.
Updating slider-handle-hovered@3x.png.
Updating slider-handle-pressed.png.
Updating slider-handle-pressed@2x.png.
Updating slider-handle-pressed@3x.png.
Updating slider-handle.png.
Updating slider-handle@2x.png.
Updating slider-handle@3x.png.
Updating spinbox-background-atlimit.png.
Updating spinbox-background-atlimit@2x.png.
Updating spinbox-background-atlimit@3x.png.
Updating spinbox-background-disabled.png.
Updating spinbox-background-disabled@2x.png.
Updating spinbox-background-disabled@3x.png.
Updating spinbox-background-down-hovered.png.
Updating spinbox-background-down-hovered@2x.png.
Updating spinbox-background-down-hovered@3x.png.
Updating spinbox-background-down-pressed.png.
Updating spinbox-background-down-pressed@2x.png.
Updating spinbox-background-down-pressed@3x.png.
Updating spinbox-background-hovered.png.
Updating spinbox-background-hovered@2x.png.
Updating spinbox-background-hovered@3x.png.
Updating spinbox-background-up-hovered.png.
Updating spinbox-background-up-hovered@2x.png.
Updating spinbox-background-up-hovered@3x.png.
Updating spinbox-background-up-pressed.png.
Updating spinbox-background-up-pressed@2x.png.
Updating spinbox-background-up-pressed@3x.png.
Updating spinbox-background.png.
Updating spinbox-background@2x.png.
Updating spinbox-background@3x.png.
Updating spinbox-indicator-down-background-atlimit.png.
Updating spinbox-indicator-down-background-atlimit@2x.png.
Updating spinbox-indicator-down-background-atlimit@3x.png.
Updating spinbox-indicator-down-background-disabled.png.
Updating spinbox-indicator-down-background-disabled@2x.png.
Updating spinbox-indicator-down-background-disabled@3x.png.
Updating spinbox-indicator-down-background-down-hovered.png.
Updating spinbox-indicator-down-background-down-hovered@2x.png.
Updating spinbox-indicator-down-background-down-hovered@3x.png.
Updating spinbox-indicator-down-background-down-pressed.png.
Updating spinbox-indicator-down-background-down-pressed@2x.png.
Updating spinbox-indicator-down-background-down-pressed@3x.png.
Updating spinbox-indicator-down-background-hovered.png.
Updating spinbox-indicator-down-background-hovered@2x.png.
Updating spinbox-indicator-down-background-hovered@3x.png.
Updating spinbox-indicator-down-background-up-hovered.png.
Updating spinbox-indicator-down-background-up-hovered@2x.png.
Updating spinbox-indicator-down-background-up-hovered@3x.png.
Updating spinbox-indicator-down-background-up-pressed.png.
Updating spinbox-indicator-down-background-up-pressed@2x.png.
Updating spinbox-indicator-down-background-up-pressed@3x.png.
Updating spinbox-indicator-down-background.png.
Updating spinbox-indicator-down-background@2x.png.
Updating spinbox-indicator-down-background@3x.png.
Updating spinbox-indicator-down-icon-atlimit.png.
Updating spinbox-indicator-down-icon-atlimit@2x.png.
Updating spinbox-indicator-down-icon-atlimit@3x.png.
Updating spinbox-indicator-down-icon-disabled.png.
Updating spinbox-indicator-down-icon-disabled@2x.png.
Updating spinbox-indicator-down-icon-disabled@3x.png.
Updating spinbox-indicator-down-icon-down-hovered.png.
Updating spinbox-indicator-down-icon-down-hovered@2x.png.
Updating spinbox-indicator-down-icon-down-hovered@3x.png.
Updating spinbox-indicator-down-icon-down-pressed.png.
Updating spinbox-indicator-down-icon-down-pressed@2x.png.
Updating spinbox-indicator-down-icon-down-pressed@3x.png.
Updating spinbox-indicator-down-icon-hovered.png.
Updating spinbox-indicator-down-icon-hovered@2x.png.
Updating spinbox-indicator-down-icon-hovered@3x.png.
Updating spinbox-indicator-down-icon-up-hovered.png.
Updating spinbox-indicator-down-icon-up-hovered@2x.png.
Updating spinbox-indicator-down-icon-up-hovered@3x.png.
Updating spinbox-indicator-down-icon-up-pressed.png.
Updating spinbox-indicator-down-icon-up-pressed@2x.png.
Updating spinbox-indicator-down-icon-up-pressed@3x.png.
Updating spinbox-indicator-down-icon.png.
Updating spinbox-indicator-down-icon@2x.png.
Updating spinbox-indicator-down-icon@3x.png.
Updating spinbox-indicator-up-background-atlimit.png.
Updating spinbox-indicator-up-background-atlimit@2x.png.
Updating spinbox-indicator-up-background-atlimit@3x.png.
Updating spinbox-indicator-up-background-disabled.png.
Updating spinbox-indicator-up-background-disabled@2x.png.
Updating spinbox-indicator-up-background-disabled@3x.png.
Updating spinbox-indicator-up-background-down-hovered.png.
Updating spinbox-indicator-up-background-down-hovered@2x.png.
Updating spinbox-indicator-up-background-down-hovered@3x.png.
Updating spinbox-indicator-up-background-down-pressed.png.
Updating spinbox-indicator-up-background-down-pressed@2x.png.
Updating spinbox-indicator-up-background-down-pressed@3x.png.
Updating spinbox-indicator-up-background-hovered.png.
Updating spinbox-indicator-up-background-hovered@2x.png.
Updating spinbox-indicator-up-background-hovered@3x.png.
Updating spinbox-indicator-up-background-up-hovered.png.
Updating spinbox-indicator-up-background-up-hovered@2x.png.
Updating spinbox-indicator-up-background-up-hovered@3x.png.
Updating spinbox-indicator-up-background-up-pressed.png.
Updating spinbox-indicator-up-background-up-pressed@2x.png.
Updating spinbox-indicator-up-background-up-pressed@3x.png.
Updating spinbox-indicator-up-background.png.
Updating spinbox-indicator-up-background@2x.png.
Updating spinbox-indicator-up-background@3x.png.
Updating spinbox-indicator-up-icon-atlimit.png.
Updating spinbox-indicator-up-icon-atlimit@2x.png.
Updating spinbox-indicator-up-icon-atlimit@3x.png.
Updating spinbox-indicator-up-icon-disabled.png.
Updating spinbox-indicator-up-icon-disabled@2x.png.
Updating spinbox-indicator-up-icon-disabled@3x.png.
Updating spinbox-indicator-up-icon-down-hovered.png.
Updating spinbox-indicator-up-icon-down-hovered@2x.png.
Updating spinbox-indicator-up-icon-down-hovered@3x.png.
Updating spinbox-indicator-up-icon-down-pressed.png.
Updating spinbox-indicator-up-icon-down-pressed@2x.png.
Updating spinbox-indicator-up-icon-down-pressed@3x.png.
Updating spinbox-indicator-up-icon-hovered.png.
Updating spinbox-indicator-up-icon-hovered@2x.png.
Updating spinbox-indicator-up-icon-hovered@3x.png.
Updating spinbox-indicator-up-icon-up-hovered.png.
Updating spinbox-indicator-up-icon-up-hovered@2x.png.
Updating spinbox-indicator-up-icon-up-hovered@3x.png.
Updating spinbox-indicator-up-icon-up-pressed.png.
Updating spinbox-indicator-up-icon-up-pressed@2x.png.
Updating spinbox-indicator-up-icon-up-pressed@3x.png.
Updating spinbox-indicator-up-icon.png.
Updating spinbox-indicator-up-icon@2x.png.
Updating spinbox-indicator-up-icon@3x.png.
Updating textarea-background-disabled.png.
Updating textarea-background-disabled@2x.png.
Updating textarea-background-disabled@3x.png.
Updating textarea-background-focused.png.
Updating textarea-background-focused@2x.png.
Updating textarea-background-focused@3x.png.
Updating textarea-background-hovered.png.
Updating textarea-background-hovered@2x.png.
Updating textarea-background-hovered@3x.png.
Updating textarea-background.png.
Updating textarea-background@2x.png.
Updating textarea-background@3x.png.
Updating textfield-background-disabled.png.
Updating textfield-background-disabled@2x.png.
Updating textfield-background-disabled@3x.png.
Updating textfield-background-focused.png.
Updating textfield-background-focused@2x.png.
Updating textfield-background-focused@3x.png.
Updating textfield-background-hovered.png.
Updating textfield-background-hovered@2x.png.
Updating textfield-background-hovered@3x.png.
Updating textfield-background.png.
Updating textfield-background@2x.png.
Updating textfield-background@3x.png.
Updating checkmark.png.
Updating checkmark@2x.png.
Updating checkmark@3x.png.
Updating menuarrow.png.
Updating menuarrow@2x.png.
Updating menuarrow@3x.png.
Updating checkbox-indicator-checked-disabled.png.
Updating checkbox-indicator-checked-disabled@2x.png.
Updating checkbox-indicator-checked-disabled@3x.png.
Updating checkbox-indicator-checked-hovered.png.
Updating checkbox-indicator-checked-hovered@2x.png.
Updating checkbox-indicator-checked-hovered@3x.png.
Updating checkbox-indicator-checked-pressed.png.
Updating checkbox-indicator-checked-pressed@2x.png.
Updating checkbox-indicator-checked-pressed@3x.png.
Updating checkbox-indicator-checked.png.
Updating checkbox-indicator-checked@2x.png.
Updating checkbox-indicator-checked@3x.png.
Updating checkbox-indicator-disabled-partiallyChecked.png.
Updating checkbox-indicator-disabled-partiallyChecked@2x.png.
Updating checkbox-indicator-disabled-partiallyChecked@3x.png.
Updating checkbox-indicator-disabled.png.
Updating checkbox-indicator-disabled@2x.png.
Updating checkbox-indicator-disabled@3x.png.
Updating checkbox-indicator-hovered-partiallyChecked.png.
Updating checkbox-indicator-hovered-partiallyChecked@2x.png.
Updating checkbox-indicator-hovered-partiallyChecked@3x.png.
Updating checkbox-indicator-hovered.png.
Updating checkbox-indicator-hovered@2x.png.
Updating checkbox-indicator-hovered@3x.png.
Updating checkbox-indicator-partiallyChecked-pressed.png.
Updating checkbox-indicator-partiallyChecked-pressed@2x.png.
Updating checkbox-indicator-partiallyChecked-pressed@3x.png.
Updating checkbox-indicator-partiallyChecked.png.
Updating checkbox-indicator-partiallyChecked@2x.png.
Updating checkbox-indicator-partiallyChecked@3x.png.
Updating checkbox-indicator-pressed.png.
Updating checkbox-indicator-pressed@2x.png.
Updating checkbox-indicator-pressed@3x.png.
Updating checkbox-indicator.png.
Updating checkbox-indicator@2x.png.
Updating checkbox-indicator@3x.png.
Updating combobox-background-disabled.png.
Updating combobox-background-disabled@2x.png.
Updating combobox-background-disabled@3x.png.
Updating combobox-background-focused.png.
Updating combobox-background-focused@2x.png.
Updating combobox-background-focused@3x.png.
Updating combobox-background-hovered-open.png.
Updating combobox-background-hovered-open@2x.png.
Updating combobox-background-hovered-open@3x.png.
Updating combobox-background-hovered.png.
Updating combobox-background-hovered@2x.png.
Updating combobox-background-hovered@3x.png.
Updating combobox-background-open-pressed.png.
Updating combobox-background-open-pressed@2x.png.
Updating combobox-background-open-pressed@3x.png.
Updating combobox-background-open.png.
Updating combobox-background-open@2x.png.
Updating combobox-background-open@3x.png.
Updating combobox-background-pressed.png.
Updating combobox-background-pressed@2x.png.
Updating combobox-background-pressed@3x.png.
Updating combobox-background.png.
Updating combobox-background@2x.png.
Updating combobox-background@3x.png.
Updating combobox-indicator-disabled.png.
Updating combobox-indicator-disabled@2x.png.
Updating combobox-indicator-disabled@3x.png.
Updating combobox-indicator-focused.png.
Updating combobox-indicator-focused@2x.png.
Updating combobox-indicator-focused@3x.png.
Updating combobox-indicator-hovered-open.png.
Updating combobox-indicator-hovered-open@2x.png.
Updating combobox-indicator-hovered-open@3x.png.
Updating combobox-indicator-hovered.png.
Updating combobox-indicator-hovered@2x.png.
Updating combobox-indicator-hovered@3x.png.
Updating combobox-indicator-open-pressed.png.
Updating combobox-indicator-open-pressed@2x.png.
Updating combobox-indicator-open-pressed@3x.png.
Updating combobox-indicator-open.png.
Updating combobox-indicator-open@2x.png.
Updating combobox-indicator-open@3x.png.
Updating combobox-indicator-pressed.png.
Updating combobox-indicator-pressed@2x.png.
Updating combobox-indicator-pressed@3x.png.
Updating combobox-indicator.png.
Updating combobox-indicator@2x.png.
Updating combobox-indicator@3x.png.
Updating editablecombobox-background-hovered-open.png.
Updating editablecombobox-background-hovered-open@2x.png.
Updating editablecombobox-background-hovered-open@3x.png.
Updating editablecombobox-background-open-pressed.png.
Updating editablecombobox-background-open-pressed@2x.png.
Updating editablecombobox-background-open-pressed@3x.png.
Updating editablecombobox-background-open.png.
Updating editablecombobox-background-open@2x.png.
Updating editablecombobox-background-open@3x.png.
Updating editablecombobox-indicator-hovered-open.png.
Updating editablecombobox-indicator-hovered-open@2x.png.
Updating editablecombobox-indicator-hovered-open@3x.png.
Updating editablecombobox-indicator-open-pressed.png.
Updating editablecombobox-indicator-open-pressed@2x.png.
Updating editablecombobox-indicator-open-pressed@3x.png.
Updating editablecombobox-indicator-open.png.
Updating editablecombobox-indicator-open@2x.png.
Updating editablecombobox-indicator-open@3x.png.
Updating editablecombobox-popup-background-hovered-open.png.
Updating editablecombobox-popup-background-hovered-open@2x.png.
Updating editablecombobox-popup-background-hovered-open@3x.png.
Updating editablecombobox-popup-background-open-pressed.png.
Updating editablecombobox-popup-background-open-pressed@2x.png.
Updating editablecombobox-popup-background-open-pressed@3x.png.
Updating editablecombobox-popup-background-open.png.
Updating editablecombobox-popup-background-open@2x.png.
Updating editablecombobox-popup-background-open@3x.png.
Updating frame-background-disabled.png.
Updating frame-background-disabled@2x.png.
Updating frame-background-disabled@3x.png.
Updating frame-background.png.
Updating frame-background@2x.png.
Updating frame-background@3x.png.
Updating itemdelegate-background-highlighted-hovered.png.
Updating itemdelegate-background-highlighted-hovered@2x.png.
Updating itemdelegate-background-highlighted-hovered@3x.png.
Updating itemdelegate-background-highlighted-pressed.png.
Updating itemdelegate-background-highlighted-pressed@2x.png.
Updating itemdelegate-background-highlighted-pressed@3x.png.
Updating itemdelegate-background-highlighted.png.
Updating itemdelegate-background-highlighted@2x.png.
Updating itemdelegate-background-highlighted@3x.png.
Updating itemdelegate-background-hovered.png.
Updating itemdelegate-background-hovered@2x.png.
Updating itemdelegate-background-hovered@3x.png.
Updating itemdelegate-background-pressed.png.
Updating itemdelegate-background-pressed@2x.png.
Updating itemdelegate-background-pressed@3x.png.
Updating pageindicatordelegate-indicator-delegate-current-hovered.png.
Updating pageindicatordelegate-indicator-delegate-current-hovered@2x.png.
Updating pageindicatordelegate-indicator-delegate-current-hovered@3x.png.
Updating pageindicatordelegate-indicator-delegate-current-pressed.png.
Updating pageindicatordelegate-indicator-delegate-current-pressed@2x.png.
Updating pageindicatordelegate-indicator-delegate-current-pressed@3x.png.
Updating pageindicatordelegate-indicator-delegate-current.png.
Updating pageindicatordelegate-indicator-delegate-current@2x.png.
Updating pageindicatordelegate-indicator-delegate-current@3x.png.
Updating pageindicatordelegate-indicator-delegate-pressed.png.
Updating pageindicatordelegate-indicator-delegate-pressed@2x.png.
Updating pageindicatordelegate-indicator-delegate-pressed@3x.png.
Updating pageindicatordelegate-indicator-disabled.png.
Updating pageindicatordelegate-indicator-disabled@2x.png.
Updating pageindicatordelegate-indicator-disabled@3x.png.
Updating pageindicatordelegate-indicator-hovered.png.
Updating pageindicatordelegate-indicator-hovered@2x.png.
Updating pageindicatordelegate-indicator-hovered@3x.png.
Updating pageindicatordelegate-indicator.png.
Updating pageindicatordelegate-indicator@2x.png.
Updating pageindicatordelegate-indicator@3x.png.
Updating popup-background.png.
Updating popup-background@2x.png.
Updating popup-background@3x.png.
Updating progressbar-groove-disabled.png.
Updating progressbar-groove-disabled@2x.png.
Updating progressbar-groove-disabled@3x.png.
Updating progressbar-groove.png.
Updating progressbar-groove@2x.png.
Updating progressbar-groove@3x.png.
Updating radiobutton-indicator-checked-disabled.png.
Updating radiobutton-indicator-checked-disabled@2x.png.
Updating radiobutton-indicator-checked-disabled@3x.png.
Updating radiobutton-indicator-checked-hovered.png.
Updating radiobutton-indicator-checked-hovered@2x.png.
Updating radiobutton-indicator-checked-hovered@3x.png.
Updating radiobutton-indicator-checked-pressed.png.
Updating radiobutton-indicator-checked-pressed@2x.png.
Updating radiobutton-indicator-checked-pressed@3x.png.
Updating radiobutton-indicator-checked.png.
Updating radiobutton-indicator-checked@2x.png.
Updating radiobutton-indicator-checked@3x.png.
Updating radiobutton-indicator-disabled.png.
Updating radiobutton-indicator-disabled@2x.png.
Updating radiobutton-indicator-disabled@3x.png.
Updating radiobutton-indicator-hovered.png.
Updating radiobutton-indicator-hovered@2x.png.
Updating radiobutton-indicator-hovered@3x.png.
Updating radiobutton-indicator-pressed.png.
Updating radiobutton-indicator-pressed@2x.png.
Updating radiobutton-indicator-pressed@3x.png.
Updating radiobutton-indicator.png.
Updating radiobutton-indicator@2x.png.
Updating radiobutton-indicator@3x.png.
Updating rangeslider-first-handle-disabled.png.
Updating rangeslider-first-handle-disabled@2x.png.
Updating rangeslider-first-handle-disabled@3x.png.
Updating rangeslider-first-handle-handle-pressed.png.
Updating rangeslider-first-handle-handle-pressed@2x.png.
Updating rangeslider-first-handle-handle-pressed@3x.png.
Updating rangeslider-first-handle-hovered.png.
Updating rangeslider-first-handle-hovered@2x.png.
Updating rangeslider-first-handle-hovered@3x.png.
Updating rangeslider-first-handle.png.
Updating rangeslider-first-handle@2x.png.
Updating rangeslider-first-handle@3x.png.
Updating rangeslider-groove-disabled.png.
Updating rangeslider-groove-disabled@2x.png.
Updating rangeslider-groove-disabled@3x.png.
Updating rangeslider-groove-handle-pressed.png.
Updating rangeslider-groove-handle-pressed@2x.png.
Updating rangeslider-groove-handle-pressed@3x.png.
Updating rangeslider-groove-hovered.png.
Updating rangeslider-groove-hovered@2x.png.
Updating rangeslider-groove-hovered@3x.png.
Updating rangeslider-groove.png.
Updating rangeslider-groove@2x.png.
Updating rangeslider-groove@3x.png.
Updating rangeslider-second-handle-disabled.png.
Updating rangeslider-second-handle-disabled@2x.png.
Updating rangeslider-second-handle-disabled@3x.png.
Updating rangeslider-second-handle-handle-pressed.png.
Updating rangeslider-second-handle-handle-pressed@2x.png.
Updating rangeslider-second-handle-handle-pressed@3x.png.
Updating rangeslider-second-handle-hovered.png.
Updating rangeslider-second-handle-hovered@2x.png.
Updating rangeslider-second-handle-hovered@3x.png.
Updating rangeslider-second-handle.png.
Updating rangeslider-second-handle@2x.png.
Updating rangeslider-second-handle@3x.png.
Updating slider-groove-disabled.png.
Updating slider-groove-disabled@2x.png.
Updating slider-groove-disabled@3x.png.
Updating slider-groove-hovered.png.
Updating slider-groove-hovered@2x.png.
Updating slider-groove-hovered@3x.png.
Updating slider-groove-pressed.png.
Updating slider-groove-pressed@2x.png.
Updating slider-groove-pressed@3x.png.
Updating slider-groove.png.
Updating slider-groove@2x.png.
Updating slider-groove@3x.png.
Updating slider-handle-disabled.png.
Updating slider-handle-disabled@2x.png.
Updating slider-handle-disabled@3x.png.
Updating slider-handle-hovered.png.
Updating slider-handle-hovered@2x.png.
Updating slider-handle-hovered@3x.png.
Updating slider-handle-pressed.png.
Updating slider-handle-pressed@2x.png.
Updating slider-handle-pressed@3x.png.
Updating slider-handle.png.
Updating slider-handle@2x.png.
Updating slider-handle@3x.png.
Updating spinbox-background-atlimit.png.
Updating spinbox-background-atlimit@2x.png.
Updating spinbox-background-atlimit@3x.png.
Updating spinbox-background-disabled.png.
Updating spinbox-background-disabled@2x.png.
Updating spinbox-background-disabled@3x.png.
Updating spinbox-background-down-hovered.png.
Updating spinbox-background-down-hovered@2x.png.
Updating spinbox-background-down-hovered@3x.png.
Updating spinbox-background-down-pressed.png.
Updating spinbox-background-down-pressed@2x.png.
Updating spinbox-background-down-pressed@3x.png.
Updating spinbox-background-hovered.png.
Updating spinbox-background-hovered@2x.png.
Updating spinbox-background-hovered@3x.png.
Updating spinbox-background-up-hovered.png.
Updating spinbox-background-up-hovered@2x.png.
Updating spinbox-background-up-hovered@3x.png.
Updating spinbox-background-up-pressed.png.
Updating spinbox-background-up-pressed@2x.png.
Updating spinbox-background-up-pressed@3x.png.
Updating spinbox-background.png.
Updating spinbox-background@2x.png.
Updating spinbox-background@3x.png.
Updating spinbox-indicator-down-background-atlimit.png.
Updating spinbox-indicator-down-background-atlimit@2x.png.
Updating spinbox-indicator-down-background-atlimit@3x.png.
Updating spinbox-indicator-down-background-disabled.png.
Updating spinbox-indicator-down-background-disabled@2x.png.
Updating spinbox-indicator-down-background-disabled@3x.png.
Updating spinbox-indicator-down-background-down-hovered.png.
Updating spinbox-indicator-down-background-down-hovered@2x.png.
Updating spinbox-indicator-down-background-down-hovered@3x.png.
Updating spinbox-indicator-down-background-down-pressed.png.
Updating spinbox-indicator-down-background-down-pressed@2x.png.
Updating spinbox-indicator-down-background-down-pressed@3x.png.
Updating spinbox-indicator-down-background-hovered.png.
Updating spinbox-indicator-down-background-hovered@2x.png.
Updating spinbox-indicator-down-background-hovered@3x.png.
Updating spinbox-indicator-down-background-up-hovered.png.
Updating spinbox-indicator-down-background-up-hovered@2x.png.
Updating spinbox-indicator-down-background-up-hovered@3x.png.
Updating spinbox-indicator-down-background-up-pressed.png.
Updating spinbox-indicator-down-background-up-pressed@2x.png.
Updating spinbox-indicator-down-background-up-pressed@3x.png.
Updating spinbox-indicator-down-background.png.
Updating spinbox-indicator-down-background@2x.png.
Updating spinbox-indicator-down-background@3x.png.
Updating spinbox-indicator-down-icon-atlimit.png.
Updating spinbox-indicator-down-icon-atlimit@2x.png.
Updating spinbox-indicator-down-icon-atlimit@3x.png.
Updating spinbox-indicator-down-icon-disabled.png.
Updating spinbox-indicator-down-icon-disabled@2x.png.
Updating spinbox-indicator-down-icon-disabled@3x.png.
Updating spinbox-indicator-down-icon-down-hovered.png.
Updating spinbox-indicator-down-icon-down-hovered@2x.png.
Updating spinbox-indicator-down-icon-down-hovered@3x.png.
Updating spinbox-indicator-down-icon-down-pressed.png.
Updating spinbox-indicator-down-icon-down-pressed@2x.png.
Updating spinbox-indicator-down-icon-down-pressed@3x.png.
Updating spinbox-indicator-down-icon-hovered.png.
Updating spinbox-indicator-down-icon-hovered@2x.png.
Updating spinbox-indicator-down-icon-hovered@3x.png.
Updating spinbox-indicator-down-icon-up-hovered.png.
Updating spinbox-indicator-down-icon-up-hovered@2x.png.
Updating spinbox-indicator-down-icon-up-hovered@3x.png.
Updating spinbox-indicator-down-icon-up-pressed.png.
Updating spinbox-indicator-down-icon-up-pressed@2x.png.
Updating spinbox-indicator-down-icon-up-pressed@3x.png.
Updating spinbox-indicator-down-icon.png.
Updating spinbox-indicator-down-icon@2x.png.
Updating spinbox-indicator-down-icon@3x.png.
Updating spinbox-indicator-up-background-atlimit.png.
Updating spinbox-indicator-up-background-atlimit@2x.png.
Updating spinbox-indicator-up-background-atlimit@3x.png.
Updating spinbox-indicator-up-background-disabled.png.
Updating spinbox-indicator-up-background-disabled@2x.png.
Updating spinbox-indicator-up-background-disabled@3x.png.
Updating spinbox-indicator-up-background-down-hovered.png.
Updating spinbox-indicator-up-background-down-hovered@2x.png.
Updating spinbox-indicator-up-background-down-hovered@3x.png.
Updating spinbox-indicator-up-background-down-pressed.png.
Updating spinbox-indicator-up-background-down-pressed@2x.png.
Updating spinbox-indicator-up-background-down-pressed@3x.png.
Updating spinbox-indicator-up-background-hovered.png.
Updating spinbox-indicator-up-background-hovered@2x.png.
Updating spinbox-indicator-up-background-hovered@3x.png.
Updating spinbox-indicator-up-background-up-hovered.png.
Updating spinbox-indicator-up-background-up-hovered@2x.png.
Updating spinbox-indicator-up-background-up-hovered@3x.png.
Updating spinbox-indicator-up-background-up-pressed.png.
Updating spinbox-indicator-up-background-up-pressed@2x.png.
Updating spinbox-indicator-up-background-up-pressed@3x.png.
Updating spinbox-indicator-up-background.png.
Updating spinbox-indicator-up-background@2x.png.
Updating spinbox-indicator-up-background@3x.png.
Updating spinbox-indicator-up-icon-atlimit.png.
Updating spinbox-indicator-up-icon-atlimit@2x.png.
Updating spinbox-indicator-up-icon-atlimit@3x.png.
Updating spinbox-indicator-up-icon-disabled.png.
Updating spinbox-indicator-up-icon-disabled@2x.png.
Updating spinbox-indicator-up-icon-disabled@3x.png.
Updating spinbox-indicator-up-icon-down-hovered.png.
Updating spinbox-indicator-up-icon-down-hovered@2x.png.
Updating spinbox-indicator-up-icon-down-hovered@3x.png.
Updating spinbox-indicator-up-icon-down-pressed.png.
Updating spinbox-indicator-up-icon-down-pressed@2x.png.
Updating spinbox-indicator-up-icon-down-pressed@3x.png.
Updating spinbox-indicator-up-icon-hovered.png.
Updating spinbox-indicator-up-icon-hovered@2x.png.
Updating spinbox-indicator-up-icon-hovered@3x.png.
Updating spinbox-indicator-up-icon-up-hovered.png.
Updating spinbox-indicator-up-icon-up-hovered@2x.png.
Updating spinbox-indicator-up-icon-up-hovered@3x.png.
Updating spinbox-indicator-up-icon-up-pressed.png.
Updating spinbox-indicator-up-icon-up-pressed@2x.png.
Updating spinbox-indicator-up-icon-up-pressed@3x.png.
Updating spinbox-indicator-up-icon.png.
Updating spinbox-indicator-up-icon@2x.png.
Updating spinbox-indicator-up-icon@3x.png.
Updating textarea-background-disabled.png.
Updating textarea-background-disabled@2x.png.
Updating textarea-background-disabled@3x.png.
Updating textarea-background-focused.png.
Updating textarea-background-focused@2x.png.
Updating textarea-background-focused@3x.png.
Updating textarea-background-hovered.png.
Updating textarea-background-hovered@2x.png.
Updating textarea-background-hovered@3x.png.
Updating textarea-background.png.
Updating textarea-background@2x.png.
Updating textarea-background@3x.png.
Updating textfield-background-disabled.png.
Updating textfield-background-disabled@2x.png.
Updating textfield-background-disabled@3x.png.
Updating textfield-background-focused.png.
Updating textfield-background-focused@2x.png.
Updating textfield-background-focused@3x.png.
Updating textfield-background-hovered.png.
Updating textfield-background-hovered@2x.png.
Updating textfield-background-hovered@3x.png.
Updating textfield-background.png.
Updating textfield-background@2x.png.
Updating textfield-background@3x.png.
Updating qtquickcontrols2windowsstyleplugin.dll.
Updating ApplicationWindow.qml.
Updating Button.qml.
Updating CheckBox.qml.
Updating CheckDelegate.qml.
Updating ComboBox.qml.
Updating DelayButton.qml.
Updating Frame.qml.
Updating GroupBox.qml.
Updating ItemDelegate.qml.
Updating Menu.qml.
Updating MenuBar.qml.
Updating MenuBarItem.qml.
Updating MenuItem.qml.
Updating MenuSeparator.qml.
Updating plugins.qmltypes.
Updating ProgressBar.qml.
Updating qmldir.
Updating RadioButton.qml.
Updating RadioDelegate.qml.
Updating RangeSlider.qml.
Updating ScrollBar.qml.
Updating ScrollIndicator.qml.
Updating ScrollView.qml.
Updating SelectionRectangle.qml.
Updating Slider.qml.
Updating SpinBox.qml.
Updating Switch.qml.
Updating SwitchDelegate.qml.
Updating TextArea.qml.
Updating TextField.qml.
Updating checkmark.png.
Updating checkmark@2x.png.
Updating checkmark@3x.png.
Updating menuarrow.png.
Updating menuarrow@2x.png.
Updating menuarrow@3x.png.
Updating qtquickcontrols2basicstyleplugin.dll.
Updating AbstractButton.qml.
Updating Action.qml.
Updating ActionGroup.qml.
Updating ApplicationWindow.qml.
Updating BusyIndicator.qml.
Updating Button.qml.
Updating ButtonGroup.qml.
Updating Calendar.qml.
Updating CalendarModel.qml.
Updating CheckBox.qml.
Updating CheckDelegate.qml.
Updating ComboBox.qml.
Updating Container.qml.
Updating Control.qml.
Updating DayOfWeekRow.qml.
Updating DelayButton.qml.
Updating Dial.qml.
Updating Dialog.qml.
Updating DialogButtonBox.qml.
Updating Drawer.qml.
Updating Frame.qml.
Updating GroupBox.qml.
Updating HorizontalHeaderView.qml.
Updating ItemDelegate.qml.
Updating Label.qml.
Updating Menu.qml.
Updating MenuBar.qml.
Updating MenuBarItem.qml.
Updating MenuItem.qml.
Updating MenuSeparator.qml.
Updating MonthGrid.qml.
Updating Page.qml.
Updating PageIndicator.qml.
Updating Pane.qml.
Updating plugins.qmltypes.
Updating Popup.qml.
Updating ProgressBar.qml.
Updating qmldir.
Updating RadioButton.qml.
Updating RadioDelegate.qml.
Updating RangeSlider.qml.
Updating RoundButton.qml.
Updating ScrollBar.qml.
Updating ScrollIndicator.qml.
Updating ScrollView.qml.
Updating SelectionRectangle.qml.
Updating Slider.qml.
Updating SpinBox.qml.
Updating SplitView.qml.
Updating StackView.qml.
Updating SwipeDelegate.qml.
Updating SwipeView.qml.
Updating Switch.qml.
Updating SwitchDelegate.qml.
Updating TabBar.qml.
Updating TabButton.qml.
Updating TableViewDelegate.qml.
Updating TextArea.qml.
Updating TextField.qml.
Updating ToolBar.qml.
Updating ToolButton.qml.
Updating ToolSeparator.qml.
Updating ToolTip.qml.
Updating TreeViewDelegate.qml.
Updating Tumbler.qml.
Updating VerticalHeaderView.qml.
Updating WeekNumberColumn.qml.
Updating qtquicktemplates2plugin.dll.
Updating plugins.qmltypes.
Updating qmldir.
Updating qtquickcontrols2implplugin.dll.
Updating plugins.qmltypes.
Updating qmldir.
Updating qtquickcontrols2fusionstyleimplplugin.dll.
Updating ButtonPanel.qml.
Updating CheckIndicator.qml.
Updating plugins.qmltypes.
Updating qmldir.
Updating RadioIndicator.qml.
Updating SliderGroove.qml.
Updating SliderHandle.qml.
Updating SwitchIndicator.qml.
Updating TextFieldBackground.qml.
Updating quickwindowplugin.dll.
Updating qmldir.
Updating quickwindow.qmltypes.
Updating qtquickcontrols2materialstyleimplplugin.dll.
Updating BoxShadow.qml.
Updating CheckIndicator.qml.
Updating CursorDelegate.qml.
Updating ElevationEffect.qml.
Updating plugins.qmltypes.
Updating qmldir.
Updating RadioIndicator.qml.
Updating RectangularGlow.qml.
Updating RoundedElevationEffect.qml.
Updating SliderHandle.qml.
Updating SwitchIndicator.qml.
Updating qtquickcontrols2imaginestyleimplplugin.dll.
Updating OpacityMask.qml.
Updating qmldir.
Updating QuickControls2ImagineStyleImpl.qmltypes.
Updating qtquickcontrols2universalstyleimplplugin.dll.
Updating CheckIndicator.qml.
Updating plugins.qmltypes.
Updating qmldir.
Updating RadioIndicator.qml.
Updating SwitchIndicator.qml.
Updating qtquickcontrols2fluentwinui3styleimplplugin.dll.
Updating ButtonBackground.qml.
Updating CheckIndicator.qml.
Updating FocusFrame.qml.
Updating plugins.qmltypes.
Updating qmldir.
Updating RadioIndicator.qml.
Updating StyleImage.qml.
Updating SwitchIndicator.qml.
Updating effectsplugin.dll.
Updating plugins.qmltypes.
Updating qmldir.
Updating qquicklayoutsplugin.dll.
Updating plugins.qmltypes.
Updating qmldir.
Updating qmlshapesplugin.dll.
Updating plugins.qmltypes.
Updating qmldir.
Updating qtquickcontrols2nativestyleplugin.dll.
Updating plugins.qmltypes.
Updating qmldir.
Updating qtquickcontrols2windowsstyleimplplugin.dll.
Updating CheckIndicator.qml.
Updating qmldir.
Updating QuickControls2WindowsStyleImpl.qmltypes.
Updating SwitchIndicator.qml.
Updating qtquickcontrols2basicstyleimplplugin.dll.
Updating plugins.qmltypes.
Updating qmldir.
Creating build\qml\Qt\labs...
Creating build/qml/Qt/labs/qmlmodels.
Updating labsmodelsplugin.dll.
Updating plugins.qmltypes.
Updating qmldir.
Updating qtquickdialogsplugin.dll.
Updating plugins.qmltypes.
Updating qmldir.
Updating qtquickdialogs2quickimplplugin.dll.
Updating plugins.qmltypes.
Updating qmldir.
Updating ColorDialog.qml.
Updating ColorInputs.qml.
Updating FileDialog.qml.
Updating FileDialogDelegate.qml.
Updating FileDialogDelegateLabel.qml.
Updating FolderBreadcrumbBar.qml.
Updating FolderDialog.qml.
Updating FolderDialogDelegate.qml.
Updating FolderDialogDelegateLabel.qml.
Updating FontDialog.qml.
Updating FontDialogContent.qml.
Updating HueGradient.qml.
Updating MessageDialog.qml.
Updating PickerHandle.qml.
Updating SaturationLightnessPicker.qml.
Updating SideBar.qml.
Updating ColorDialog.qml.
Updating ColorInputs.qml.
Updating FileDialog.qml.
Updating FileDialogDelegate.qml.
Updating FolderBreadcrumbBar.qml.
Updating FolderDialog.qml.
Updating FolderDialogDelegate.qml.
Updating FontDialog.qml.
Updating MessageDialog.qml.
Updating SideBar.qml.
Updating ColorDialog.qml.
Updating ColorInputs.qml.
Updating FileDialog.qml.
Updating FileDialogDelegate.qml.
Updating FolderBreadcrumbBar.qml.
Updating FolderDialog.qml.
Updating FolderDialogDelegate.qml.
Updating FontDialog.qml.
Updating MessageDialog.qml.
Updating SideBar.qml.
Updating ColorDialog.qml.
Updating ColorInputs.qml.
Updating FileDialog.qml.
Updating FileDialogDelegate.qml.
Updating FolderBreadcrumbBar.qml.
Updating FolderDialog.qml.
Updating FolderDialogDelegate.qml.
Updating FontDialog.qml.
Updating MessageDialog.qml.
Updating SideBar.qml.
Updating ColorDialog.qml.
Updating ColorInputs.qml.
Updating FileDialog.qml.
Updating FileDialogDelegate.qml.
Updating FolderBreadcrumbBar.qml.
Updating FolderDialog.qml.
Updating FolderDialogDelegate.qml.
Updating FontDialog.qml.
Updating MessageDialog.qml.
Updating SideBar.qml.
Creating build/qml/Qt/labs/folderlistmodel.
Updating qmlfolderlistmodelplugin.dll.
Updating plugins.qmltypes.
Updating qmldir.
Creating build/qml/Qt/labs/settings.
Updating qmlsettingsplugin.dll.
Updating plugins.qmltypes.
Updating qmldir.
Creating build/qml/Qt/labs/platform.
Updating labsplatformplugin.dll.
Updating plugins.qmltypes.
Updating qmldir.
Creating build/qml/QtMultimedia.
Updating quickmultimediaplugin.dll.
Updating plugins.qmltypes.
Updating qmldir.
Updating Video.qml.
Creating build\translations...
Creating qt_ar.qm...
Creating qt_bg.qm...
Creating qt_ca.qm...
Creating qt_cs.qm...
Creating qt_da.qm...
Creating qt_de.qm...
Creating qt_en.qm...
Creating qt_es.qm...
Creating qt_fa.qm...
Creating qt_fi.qm...
Creating qt_fr.qm...
Creating qt_gd.qm...
Creating qt_he.qm...
Creating qt_hr.qm...
Creating qt_hu.qm...
Creating qt_it.qm...
Creating qt_ja.qm...
Creating qt_ka.qm...
Creating qt_ko.qm...
Creating qt_lg.qm...
Creating qt_lv.qm...
Creating qt_nl.qm...
Creating qt_nn.qm...
Creating qt_pl.qm...
Creating qt_pt_BR.qm...
Creating qt_ru.qm...
Creating qt_sk.qm...
Creating qt_sv.qm...
Creating qt_tr.qm...
Creating qt_uk.qm...
Creating qt_zh_CN.qm...
Creating qt_zh_TW.qm...
  -> Deploying ScrollBench to test_scrollbench/deploy...
Adding local dependencyD:/Dev/antigravity/test_scrollbench/deploy/avcodec-62.dll
Adding local dependencyD:/Dev/antigravity/test_scrollbench/deploy/avformat-62.dll
Adding local dependencyD:/Dev/antigravity/test_scrollbench/deploy/avutil-60.dll
Adding local dependencyD:/Dev/antigravity/test_scrollbench/deploy/swscale-9.dll
Adding local dependencyD:/Dev/antigravity/test_scrollbench/deploy/libgcc_s_seh-1.dll
Adding local dependencyD:/Dev/antigravity/test_scrollbench/deploy/libwinpthread-1.dll
Adding local dependencyD:/Dev/antigravity/test_scrollbench/deploy/libstdc++-6.dll
Adding local dependencyD:/Dev/antigravity/test_scrollbench/deploy/swresample-6.dll
D:\Dev\antigravity\test_scrollbench\deploy\appScrollBench.exe 64 bit, release executable [QML]
Scanning D:\Dev\antigravity\test_scrollbench\qml:
QML imports:
  'QtQuick' D:\Qt\6.9.3\mingw_64\qml\QtQuick
  'QtQml' D:\Qt\6.9.3\mingw_64\qml\QtQml
  'QML' D:\Qt\6.9.3\mingw_64\qml\QML
  'QtQml.Models' D:\Qt\6.9.3\mingw_64\qml\QtQml\Models
  'QtQml.WorkerScript' D:\Qt\6.9.3\mingw_64\qml\QtQml\WorkerScript
  'QtQuick.Controls' D:\Qt\6.9.3\mingw_64\qml\QtQuick\Controls
  'QtQuick.Controls.Fusion' D:\Qt\6.9.3\mingw_64\qml\QtQuick\Controls\Fusion
  'QtQuick.Controls.Material' D:\Qt\6.9.3\mingw_64\qml\QtQuick\Controls\Material
  'QtQuick.Controls.Imagine' D:\Qt\6.9.3\mingw_64\qml\QtQuick\Controls\Imagine
  'QtQuick.Controls.Universal' D:\Qt\6.9.3\mingw_64\qml\QtQuick\Controls\Universal
  'QtQuick.Controls.FluentWinUI3' D:\Qt\6.9.3\mingw_64\qml\QtQuick\Controls\FluentWinUI3
  'QtQuick.Controls.Windows' D:\Qt\6.9.3\mingw_64\qml\QtQuick\Controls\Windows
  'QtQuick.Controls.Basic' D:\Qt\6.9.3\mingw_64\qml\QtQuick\Controls\Basic
  'QtQuick.Templates' D:\Qt\6.9.3\mingw_64\qml\QtQuick\Templates
  'QtQuick.Controls.impl' D:\Qt\6.9.3\mingw_64\qml\QtQuick\Controls\impl
  'QtQuick.Controls.Fusion.impl' D:\Qt\6.9.3\mingw_64\qml\QtQuick\Controls\Fusion\impl
  'QtQuick.Window' D:\Qt\6.9.3\mingw_64\qml\QtQuick\Window
  'QtQuick.Controls.Material.impl' D:\Qt\6.9.3\mingw_64\qml\QtQuick\Controls\Material\impl
  'QtQuick.Controls.Imagine.impl' D:\Qt\6.9.3\mingw_64\qml\QtQuick\Controls\Imagine\impl
  'QtQuick.Controls.Universal.impl' D:\Qt\6.9.3\mingw_64\qml\QtQuick\Controls\Universal\impl
  'QtQuick.Controls.FluentWinUI3.impl' D:\Qt\6.9.3\mingw_64\qml\QtQuick\Controls\FluentWinUI3\impl
  'QtQuick.Effects' D:\Qt\6.9.3\mingw_64\qml\QtQuick\Effects
  'QtQuick.Layouts' D:\Qt\6.9.3\mingw_64\qml\QtQuick\Layouts
  'QtQuick.Shapes' D:\Qt\6.9.3\mingw_64\qml\QtQuick\Shapes
  'QtQuick.NativeStyle' D:\Qt\6.9.3\mingw_64\qml\QtQuick\NativeStyle
  'QtQuick.Controls.Windows.impl' D:\Qt\6.9.3\mingw_64\qml\QtQuick\Controls\Windows\impl
  'QtQuick.Controls.Basic.impl' D:\Qt\6.9.3\mingw_64\qml\QtQuick\Controls\Basic\impl
  'Qt.labs.qmlmodels' D:\Qt\6.9.3\mingw_64\qml\Qt\labs\qmlmodels
  'QtQuick.Dialogs' D:\Qt\6.9.3\mingw_64\qml\QtQuick\Dialogs
  'QtQuick.Dialogs.quickimpl' D:\Qt\6.9.3\mingw_64\qml\QtQuick\Dialogs\quickimpl
  'Qt.labs.folderlistmodel' D:\Qt\6.9.3\mingw_64\qml\Qt\labs\folderlistmodel
  'Qt.labs.settings' D:\Qt\6.9.3\mingw_64\qml\Qt\labs\settings
  'QtMultimedia' D:\Qt\6.9.3\mingw_64\qml\QtMultimedia
Adding in plugin type generic for module: Qt6Gui
Adding in plugin type iconengines for module: Qt6Gui
Adding Qt6Svg for qsvgicon.dll from plugin type: iconengines
Adding in plugin type imageformats for module: Qt6Gui
Adding in plugin type multimedia for module: Qt6Multimedia
Adding in plugin type networkinformation for module: Qt6Network
Adding in plugin type platforms for module: Qt6Gui
Adding in plugin type qmltooling for module: Qt6Qml
Adding Qt6Quick3DUtils for qmldbg_quick3dprofiler.dll from plugin type: qmltooling
Adding in plugin type tls for module: Qt6Network
Skipping plugin qopensslbackend.dll. Use -force-openssl or specify -openssl-root if you want to use it.
Direct dependencies: Qt6Core Qt6Gui Qt6Network Qt6OpenGL Qt6Qml Qt6QmlMeta Qt6QmlModels Qt6QmlWorkerScript Qt6Quick Qt6QuickControls2 Qt6QuickTemplates2
All dependencies   : Qt6Core Qt6Gui Qt6LabsFolderListModel Qt6LabsQmlModels Qt6LabsSettings Qt6Multimedia Qt6MultimediaQuick Qt6Network Qt6OpenGL Qt6Qml Qt6QmlMeta Qt6QmlModels Qt6QmlWorkerScript Qt6Quick Qt6QuickControls2 Qt6QuickControls2Basic Qt6QuickControls2BasicStyleImpl Qt6QuickControls2FluentWinUI3StyleImpl Qt6QuickControls2Fusion Qt6QuickControls2FusionStyleImpl Qt6QuickControls2Imagine Qt6QuickControls2ImagineStyleImpl Qt6QuickControls2Impl Qt6QuickControls2Material Qt6QuickControls2MaterialStyleImpl Qt6QuickControls2Universal Qt6QuickControls2UniversalStyleImpl Qt6QuickControls2WindowsStyleImpl Qt6QuickDialogs2 Qt6QuickDialogs2QuickImpl Qt6QuickDialogs2Utils Qt6QuickEffects Qt6QuickLayouts Qt6QuickShapes Qt6QuickTemplates2
To be deployed     : Qt6Core Qt6Gui Qt6LabsFolderListModel Qt6LabsQmlModels Qt6LabsSettings Qt6Multimedia Qt6MultimediaQuick Qt6Network Qt6OpenGL Qt6Qml Qt6QmlMeta Qt6QmlModels Qt6QmlWorkerScript Qt6Quick Qt6Quick3DUtils Qt6QuickControls2 Qt6QuickControls2Basic Qt6QuickControls2BasicStyleImpl Qt6QuickControls2FluentWinUI3StyleImpl Qt6QuickControls2Fusion Qt6QuickControls2FusionStyleImpl Qt6QuickControls2Imagine Qt6QuickControls2ImagineStyleImpl Qt6QuickControls2Impl Qt6QuickControls2Material Qt6QuickControls2MaterialStyleImpl Qt6QuickControls2Universal Qt6QuickControls2UniversalStyleImpl Qt6QuickControls2WindowsStyleImpl Qt6QuickDialogs2 Qt6QuickDialogs2QuickImpl Qt6QuickDialogs2Utils Qt6QuickEffects Qt6QuickLayouts Qt6QuickShapes Qt6QuickTemplates2 Qt6Svg
Qt6Core.dll is up to date.
Qt6Gui.dll is up to date.
Qt6LabsFolderListModel.dll is up to date.
Qt6LabsQmlModels.dll is up to date.
Qt6LabsSettings.dll is up to date.
Qt6Multimedia.dll is up to date.
Qt6MultimediaQuick.dll is up to date.
Qt6Network.dll is up to date.
Qt6OpenGL.dll is up to date.
Qt6Qml.dll is up to date.
Qt6QmlMeta.dll is up to date.
Qt6QmlModels.dll is up to date.
Qt6QmlWorkerScript.dll is up to date.
Qt6Quick.dll is up to date.
Qt6Quick3DUtils.dll is up to date.
Qt6QuickControls2.dll is up to date.
Qt6QuickControls2Basic.dll is up to date.
Qt6QuickControls2BasicStyleImpl.dll is up to date.
Qt6QuickControls2FluentWinUI3StyleImpl.dll is up to date.
Qt6QuickControls2Fusion.dll is up to date.
Qt6QuickControls2FusionStyleImpl.dll is up to date.
Qt6QuickControls2Imagine.dll is up to date.
Qt6QuickControls2ImagineStyleImpl.dll is up to date.
Qt6QuickControls2Impl.dll is up to date.
Qt6QuickControls2Material.dll is up to date.
Qt6QuickControls2MaterialStyleImpl.dll is up to date.
Qt6QuickControls2Universal.dll is up to date.
Qt6QuickControls2UniversalStyleImpl.dll is up to date.
Qt6QuickControls2WindowsStyleImpl.dll is up to date.
Qt6QuickDialogs2.dll is up to date.
Qt6QuickDialogs2QuickImpl.dll is up to date.
Qt6QuickDialogs2Utils.dll is up to date.
Qt6QuickEffects.dll is up to date.
Qt6QuickLayouts.dll is up to date.
Qt6QuickShapes.dll is up to date.
Qt6QuickTemplates2.dll is up to date.
Qt6Svg.dll is up to date.
D3Dcompiler_47.dll is up to date.
dxcompiler.dll is up to date.
avcodec-61.dll is up to date.
avformat-61.dll is up to date.
avutil-59.dll is up to date.
swresample-5.dll is up to date.
swscale-8.dll is up to date.
libgcc_s_seh-1.dll is up to date.
libstdc++-6.dll is up to date.
libwinpthread-1.dll is up to date.
qtuiotouchplugin.dll is up to date.
qsvgicon.dll is up to date.
qgif.dll is up to date.
qicns.dll is up to date.
qico.dll is up to date.
qjpeg.dll is up to date.
qsvg.dll is up to date.
qtga.dll is up to date.
qtiff.dll is up to date.
qwbmp.dll is up to date.
qwebp.dll is up to date.
ffmpegmediaplugin.dll is up to date.
windowsmediaplugin.dll is up to date.
qnetworklistmanager.dll is up to date.
qwindows.dll is up to date.
qmldbg_debugger.dll is up to date.
qmldbg_inspector.dll is up to date.
qmldbg_local.dll is up to date.
qmldbg_messages.dll is up to date.
qmldbg_native.dll is up to date.
qmldbg_nativedebugger.dll is up to date.
qmldbg_preview.dll is up to date.
qmldbg_profiler.dll is up to date.
qmldbg_quick3dprofiler.dll is up to date.
qmldbg_quickprofiler.dll is up to date.
qmldbg_server.dll is up to date.
qmldbg_tcp.dll is up to date.
qcertonlybackend.dll is up to date.
qschannelbackend.dll is up to date.
qtquick2plugin.dll is up to date.
plugins.qmltypes is up to date.
qmldir is up to date.
Skipping D:\Qt\6.9.3\mingw_64\qml\QtQuick\Controls\designer.
qmlplugin.dll is up to date.
plugins.qmltypes is up to date.
qmldir is up to date.
plugins.qmltypes is up to date.
qmldir is up to date.
modelsplugin.dll is up to date.
plugins.qmltypes is up to date.
qmldir is up to date.
workerscriptplugin.dll is up to date.
plugins.qmltypes is up to date.
qmldir is up to date.
qtquickcontrols2plugin.dll is up to date.
plugins.qmltypes is up to date.
qmldir is up to date.
Skipping D:\Qt\6.9.3\mingw_64\qml\QtQuick\Controls\designer.
qtquickcontrols2fusionstyleplugin.dll is up to date.
ApplicationWindow.qml is up to date.
BusyIndicator.qml is up to date.
Button.qml is up to date.
CheckBox.qml is up to date.
CheckDelegate.qml is up to date.
ComboBox.qml is up to date.
DelayButton.qml is up to date.
Dial.qml is up to date.
Dialog.qml is up to date.
DialogButtonBox.qml is up to date.
Drawer.qml is up to date.
Frame.qml is up to date.
GroupBox.qml is up to date.
HorizontalHeaderView.qml is up to date.
ItemDelegate.qml is up to date.
Label.qml is up to date.
Menu.qml is up to date.
MenuBar.qml is up to date.
MenuBarItem.qml is up to date.
MenuItem.qml is up to date.
MenuSeparator.qml is up to date.
Page.qml is up to date.
PageIndicator.qml is up to date.
Pane.qml is up to date.
plugins.qmltypes is up to date.
Popup.qml is up to date.
ProgressBar.qml is up to date.
qmldir is up to date.
RadioButton.qml is up to date.
RadioDelegate.qml is up to date.
RangeSlider.qml is up to date.
RoundButton.qml is up to date.
ScrollBar.qml is up to date.
ScrollIndicator.qml is up to date.
ScrollView.qml is up to date.
SelectionRectangle.qml is up to date.
Slider.qml is up to date.
SpinBox.qml is up to date.
SplitView.qml is up to date.
SwipeDelegate.qml is up to date.
Switch.qml is up to date.
SwitchDelegate.qml is up to date.
TabBar.qml is up to date.
TabButton.qml is up to date.
TextArea.qml is up to date.
TextField.qml is up to date.
ToolBar.qml is up to date.
ToolButton.qml is up to date.
ToolSeparator.qml is up to date.
ToolTip.qml is up to date.
TreeViewDelegate.qml is up to date.
Tumbler.qml is up to date.
VerticalHeaderView.qml is up to date.
qtquickcontrols2materialstyleplugin.dll is up to date.
ApplicationWindow.qml is up to date.
BusyIndicator.qml is up to date.
Button.qml is up to date.
CheckBox.qml is up to date.
CheckDelegate.qml is up to date.
ComboBox.qml is up to date.
DelayButton.qml is up to date.
Dial.qml is up to date.
Dialog.qml is up to date.
DialogButtonBox.qml is up to date.
Drawer.qml is up to date.
Frame.qml is up to date.
GroupBox.qml is up to date.
HorizontalHeaderView.qml is up to date.
ItemDelegate.qml is up to date.
Label.qml is up to date.
Menu.qml is up to date.
MenuBar.qml is up to date.
MenuBarItem.qml is up to date.
MenuItem.qml is up to date.
MenuSeparator.qml is up to date.
Page.qml is up to date.
PageIndicator.qml is up to date.
Pane.qml is up to date.
plugins.qmltypes is up to date.
Popup.qml is up to date.
ProgressBar.qml is up to date.
qmldir is up to date.
RadioButton.qml is up to date.
RadioDelegate.qml is up to date.
RangeSlider.qml is up to date.
RoundButton.qml is up to date.
ScrollBar.qml is up to date.
ScrollIndicator.qml is up to date.
ScrollView.qml is up to date.
SelectionRectangle.qml is up to date.
Slider.qml is up to date.
SpinBox.qml is up to date.
SplitView.qml is up to date.
StackView.qml is up to date.
SwipeDelegate.qml is up to date.
SwipeView.qml is up to date.
Switch.qml is up to date.
SwitchDelegate.qml is up to date.
TabBar.qml is up to date.
TabButton.qml is up to date.
TextArea.qml is up to date.
TextField.qml is up to date.
ToolBar.qml is up to date.
ToolButton.qml is up to date.
ToolSeparator.qml is up to date.
ToolTip.qml is up to date.
TreeViewDelegate.qml is up to date.
Tumbler.qml is up to date.
VerticalHeaderView.qml is up to date.
qtquickcontrols2imaginestyleplugin.dll is up to date.
ApplicationWindow.qml is up to date.
BusyIndicator.qml is up to date.
Button.qml is up to date.
CheckBox.qml is up to date.
CheckDelegate.qml is up to date.
ComboBox.qml is up to date.
DelayButton.qml is up to date.
Dial.qml is up to date.
Dialog.qml is up to date.
DialogButtonBox.qml is up to date.
Drawer.qml is up to date.
Frame.qml is up to date.
GroupBox.qml is up to date.
HorizontalHeaderView.qml is up to date.
ItemDelegate.qml is up to date.
Label.qml is up to date.
Menu.qml is up to date.
MenuItem.qml is up to date.
MenuSeparator.qml is up to date.
Page.qml is up to date.
PageIndicator.qml is up to date.
Pane.qml is up to date.
plugins.qmltypes is up to date.
Popup.qml is up to date.
ProgressBar.qml is up to date.
qmldir is up to date.
RadioButton.qml is up to date.
RadioDelegate.qml is up to date.
RangeSlider.qml is up to date.
RoundButton.qml is up to date.
ScrollBar.qml is up to date.
ScrollIndicator.qml is up to date.
ScrollView.qml is up to date.
SelectionRectangle.qml is up to date.
Slider.qml is up to date.
SpinBox.qml is up to date.
SplitView.qml is up to date.
StackView.qml is up to date.
SwipeDelegate.qml is up to date.
SwipeView.qml is up to date.
Switch.qml is up to date.
SwitchDelegate.qml is up to date.
TabBar.qml is up to date.
TabButton.qml is up to date.
TextArea.qml is up to date.
TextField.qml is up to date.
ToolBar.qml is up to date.
ToolButton.qml is up to date.
ToolSeparator.qml is up to date.
ToolTip.qml is up to date.
Tumbler.qml is up to date.
VerticalHeaderView.qml is up to date.
qtquickcontrols2universalstyleplugin.dll is up to date.
ApplicationWindow.qml is up to date.
BusyIndicator.qml is up to date.
Button.qml is up to date.
CheckBox.qml is up to date.
CheckDelegate.qml is up to date.
ComboBox.qml is up to date.
DelayButton.qml is up to date.
Dial.qml is up to date.
Dialog.qml is up to date.
DialogButtonBox.qml is up to date.
Drawer.qml is up to date.
Frame.qml is up to date.
GroupBox.qml is up to date.
HorizontalHeaderView.qml is up to date.
ItemDelegate.qml is up to date.
Label.qml is up to date.
Menu.qml is up to date.
MenuBar.qml is up to date.
MenuBarItem.qml is up to date.
MenuItem.qml is up to date.
MenuSeparator.qml is up to date.
Page.qml is up to date.
PageIndicator.qml is up to date.
Pane.qml is up to date.
plugins.qmltypes is up to date.
Popup.qml is up to date.
ProgressBar.qml is up to date.
qmldir is up to date.
RadioButton.qml is up to date.
RadioDelegate.qml is up to date.
RangeSlider.qml is up to date.
RoundButton.qml is up to date.
ScrollBar.qml is up to date.
ScrollIndicator.qml is up to date.
ScrollView.qml is up to date.
SelectionRectangle.qml is up to date.
Slider.qml is up to date.
SpinBox.qml is up to date.
SplitView.qml is up to date.
StackView.qml is up to date.
SwipeDelegate.qml is up to date.
Switch.qml is up to date.
SwitchDelegate.qml is up to date.
TabBar.qml is up to date.
TabButton.qml is up to date.
TextArea.qml is up to date.
TextField.qml is up to date.
ToolBar.qml is up to date.
ToolButton.qml is up to date.
ToolSeparator.qml is up to date.
ToolTip.qml is up to date.
Tumbler.qml is up to date.
VerticalHeaderView.qml is up to date.
qtquickcontrols2fluentwinui3styleplugin.dll is up to date.
ApplicationWindow.qml is up to date.
BusyIndicator.qml is up to date.
Button.qml is up to date.
CheckBox.qml is up to date.
CheckDelegate.qml is up to date.
ComboBox.qml is up to date.
Config.qml is up to date.
DelayButton.qml is up to date.
Dialog.qml is up to date.
DialogButtonBox.qml is up to date.
FocusFrame.qml is up to date.
Frame.qml is up to date.
GroupBox.qml is up to date.
ItemDelegate.qml is up to date.
Menu.qml is up to date.
MenuBar.qml is up to date.
MenuBarItem.qml is up to date.
MenuItem.qml is up to date.
MenuSeparator.qml is up to date.
PageIndicator.qml is up to date.
plugins.qmltypes is up to date.
Popup.qml is up to date.
ProgressBar.qml is up to date.
qmldir is up to date.
RadioButton.qml is up to date.
RadioDelegate.qml is up to date.
RangeSlider.qml is up to date.
RoundButton.qml is up to date.
Slider.qml is up to date.
SpinBox.qml is up to date.
StyleImage.qml is up to date.
SwipeDelegate.qml is up to date.
Switch.qml is up to date.
SwitchDelegate.qml is up to date.
TabBar.qml is up to date.
TabButton.qml is up to date.
TextArea.qml is up to date.
TextField.qml is up to date.
ToolBar.qml is up to date.
ToolButton.qml is up to date.
ToolSeparator.qml is up to date.
ToolTip.qml is up to date.
checkbox-indicator-checked-disabled.png is up to date.
checkbox-indicator-checked-disabled@2x.png is up to date.
checkbox-indicator-checked-disabled@3x.png is up to date.
checkbox-indicator-checked-hovered.png is up to date.
checkbox-indicator-checked-hovered@2x.png is up to date.
checkbox-indicator-checked-hovered@3x.png is up to date.
checkbox-indicator-checked-pressed.png is up to date.
checkbox-indicator-checked-pressed@2x.png is up to date.
checkbox-indicator-checked-pressed@3x.png is up to date.
checkbox-indicator-checked.png is up to date.
checkbox-indicator-checked@2x.png is up to date.
checkbox-indicator-checked@3x.png is up to date.
checkbox-indicator-disabled-partiallyChecked.png is up to date.
checkbox-indicator-disabled-partiallyChecked@2x.png is up to date.
checkbox-indicator-disabled-partiallyChecked@3x.png is up to date.
checkbox-indicator-disabled.png is up to date.
checkbox-indicator-disabled@2x.png is up to date.
checkbox-indicator-disabled@3x.png is up to date.
checkbox-indicator-hovered-partiallyChecked.png is up to date.
checkbox-indicator-hovered-partiallyChecked@2x.png is up to date.
checkbox-indicator-hovered-partiallyChecked@3x.png is up to date.
checkbox-indicator-hovered.png is up to date.
checkbox-indicator-hovered@2x.png is up to date.
checkbox-indicator-hovered@3x.png is up to date.
checkbox-indicator-partiallyChecked-pressed.png is up to date.
checkbox-indicator-partiallyChecked-pressed@2x.png is up to date.
checkbox-indicator-partiallyChecked-pressed@3x.png is up to date.
checkbox-indicator-partiallyChecked.png is up to date.
checkbox-indicator-partiallyChecked@2x.png is up to date.
checkbox-indicator-partiallyChecked@3x.png is up to date.
checkbox-indicator-pressed.png is up to date.
checkbox-indicator-pressed@2x.png is up to date.
checkbox-indicator-pressed@3x.png is up to date.
checkbox-indicator.png is up to date.
checkbox-indicator@2x.png is up to date.
checkbox-indicator@3x.png is up to date.
combobox-background-disabled.png is up to date.
combobox-background-disabled@2x.png is up to date.
combobox-background-disabled@3x.png is up to date.
combobox-background-focused.png is up to date.
combobox-background-focused@2x.png is up to date.
combobox-background-focused@3x.png is up to date.
combobox-background-hovered-open.png is up to date.
combobox-background-hovered-open@2x.png is up to date.
combobox-background-hovered-open@3x.png is up to date.
combobox-background-hovered.png is up to date.
combobox-background-hovered@2x.png is up to date.
combobox-background-hovered@3x.png is up to date.
combobox-background-open-pressed.png is up to date.
combobox-background-open-pressed@2x.png is up to date.
combobox-background-open-pressed@3x.png is up to date.
combobox-background-open.png is up to date.
combobox-background-open@2x.png is up to date.
combobox-background-open@3x.png is up to date.
combobox-background-pressed.png is up to date.
combobox-background-pressed@2x.png is up to date.
combobox-background-pressed@3x.png is up to date.
combobox-background.png is up to date.
combobox-background@2x.png is up to date.
combobox-background@3x.png is up to date.
combobox-indicator-disabled.png is up to date.
combobox-indicator-disabled@2x.png is up to date.
combobox-indicator-disabled@3x.png is up to date.
combobox-indicator-focused.png is up to date.
combobox-indicator-focused@2x.png is up to date.
combobox-indicator-focused@3x.png is up to date.
combobox-indicator-hovered-open.png is up to date.
combobox-indicator-hovered-open@2x.png is up to date.
combobox-indicator-hovered-open@3x.png is up to date.
combobox-indicator-hovered.png is up to date.
combobox-indicator-hovered@2x.png is up to date.
combobox-indicator-hovered@3x.png is up to date.
combobox-indicator-open-pressed.png is up to date.
combobox-indicator-open-pressed@2x.png is up to date.
combobox-indicator-open-pressed@3x.png is up to date.
combobox-indicator-open.png is up to date.
combobox-indicator-open@2x.png is up to date.
combobox-indicator-open@3x.png is up to date.
combobox-indicator-pressed.png is up to date.
combobox-indicator-pressed@2x.png is up to date.
combobox-indicator-pressed@3x.png is up to date.
combobox-indicator.png is up to date.
combobox-indicator@2x.png is up to date.
combobox-indicator@3x.png is up to date.
editablecombobox-background-hovered-open.png is up to date.
editablecombobox-background-hovered-open@2x.png is up to date.
editablecombobox-background-hovered-open@3x.png is up to date.
editablecombobox-background-open-pressed.png is up to date.
editablecombobox-background-open-pressed@2x.png is up to date.
editablecombobox-background-open-pressed@3x.png is up to date.
editablecombobox-background-open.png is up to date.
editablecombobox-background-open@2x.png is up to date.
editablecombobox-background-open@3x.png is up to date.
editablecombobox-indicator-hovered-open.png is up to date.
editablecombobox-indicator-hovered-open@2x.png is up to date.
editablecombobox-indicator-hovered-open@3x.png is up to date.
editablecombobox-indicator-open-pressed.png is up to date.
editablecombobox-indicator-open-pressed@2x.png is up to date.
editablecombobox-indicator-open-pressed@3x.png is up to date.
editablecombobox-indicator-open.png is up to date.
editablecombobox-indicator-open@2x.png is up to date.
editablecombobox-indicator-open@3x.png is up to date.
editablecombobox-popup-background-hovered-open.png is up to date.
editablecombobox-popup-background-hovered-open@2x.png is up to date.
editablecombobox-popup-background-hovered-open@3x.png is up to date.
editablecombobox-popup-background-open-pressed.png is up to date.
editablecombobox-popup-background-open-pressed@2x.png is up to date.
editablecombobox-popup-background-open-pressed@3x.png is up to date.
editablecombobox-popup-background-open.png is up to date.
editablecombobox-popup-background-open@2x.png is up to date.
editablecombobox-popup-background-open@3x.png is up to date.
frame-background-disabled.png is up to date.
frame-background-disabled@2x.png is up to date.
frame-background-disabled@3x.png is up to date.
frame-background.png is up to date.
frame-background@2x.png is up to date.
frame-background@3x.png is up to date.
itemdelegate-background-highlighted-hovered.png is up to date.
itemdelegate-background-highlighted-hovered@2x.png is up to date.
itemdelegate-background-highlighted-hovered@3x.png is up to date.
itemdelegate-background-highlighted-pressed.png is up to date.
itemdelegate-background-highlighted-pressed@2x.png is up to date.
itemdelegate-background-highlighted-pressed@3x.png is up to date.
itemdelegate-background-highlighted.png is up to date.
itemdelegate-background-highlighted@2x.png is up to date.
itemdelegate-background-highlighted@3x.png is up to date.
itemdelegate-background-hovered.png is up to date.
itemdelegate-background-hovered@2x.png is up to date.
itemdelegate-background-hovered@3x.png is up to date.
itemdelegate-background-pressed.png is up to date.
itemdelegate-background-pressed@2x.png is up to date.
itemdelegate-background-pressed@3x.png is up to date.
pageindicatordelegate-indicator-delegate-current-hovered.png is up to date.
pageindicatordelegate-indicator-delegate-current-hovered@2x.png is up to date.
pageindicatordelegate-indicator-delegate-current-hovered@3x.png is up to date.
pageindicatordelegate-indicator-delegate-current-pressed.png is up to date.
pageindicatordelegate-indicator-delegate-current-pressed@2x.png is up to date.
pageindicatordelegate-indicator-delegate-current-pressed@3x.png is up to date.
pageindicatordelegate-indicator-delegate-current.png is up to date.
pageindicatordelegate-indicator-delegate-current@2x.png is up to date.
pageindicatordelegate-indicator-delegate-current@3x.png is up to date.
pageindicatordelegate-indicator-delegate-pressed.png is up to date.
pageindicatordelegate-indicator-delegate-pressed@2x.png is up to date.
pageindicatordelegate-indicator-delegate-pressed@3x.png is up to date.
pageindicatordelegate-indicator-disabled.png is up to date.
pageindicatordelegate-indicator-disabled@2x.png is up to date.
pageindicatordelegate-indicator-disabled@3x.png is up to date.
pageindicatordelegate-indicator-hovered.png is up to date.
pageindicatordelegate-indicator-hovered@2x.png is up to date.
pageindicatordelegate-indicator-hovered@3x.png is up to date.
pageindicatordelegate-indicator.png is up to date.
pageindicatordelegate-indicator@2x.png is up to date.
pageindicatordelegate-indicator@3x.png is up to date.
popup-background.png is up to date.
popup-background@2x.png is up to date.
popup-background@3x.png is up to date.
progressbar-groove-disabled.png is up to date.
progressbar-groove-disabled@2x.png is up to date.
progressbar-groove-disabled@3x.png is up to date.
progressbar-groove.png is up to date.
progressbar-groove@2x.png is up to date.
progressbar-groove@3x.png is up to date.
radiobutton-indicator-checked-disabled.png is up to date.
radiobutton-indicator-checked-disabled@2x.png is up to date.
radiobutton-indicator-checked-disabled@3x.png is up to date.
radiobutton-indicator-checked-hovered.png is up to date.
radiobutton-indicator-checked-hovered@2x.png is up to date.
radiobutton-indicator-checked-hovered@3x.png is up to date.
radiobutton-indicator-checked-pressed.png is up to date.
radiobutton-indicator-checked-pressed@2x.png is up to date.
radiobutton-indicator-checked-pressed@3x.png is up to date.
radiobutton-indicator-checked.png is up to date.
radiobutton-indicator-checked@2x.png is up to date.
radiobutton-indicator-checked@3x.png is up to date.
radiobutton-indicator-disabled.png is up to date.
radiobutton-indicator-disabled@2x.png is up to date.
radiobutton-indicator-disabled@3x.png is up to date.
radiobutton-indicator-hovered.png is up to date.
radiobutton-indicator-hovered@2x.png is up to date.
radiobutton-indicator-hovered@3x.png is up to date.
radiobutton-indicator-pressed.png is up to date.
radiobutton-indicator-pressed@2x.png is up to date.
radiobutton-indicator-pressed@3x.png is up to date.
radiobutton-indicator.png is up to date.
radiobutton-indicator@2x.png is up to date.
radiobutton-indicator@3x.png is up to date.
rangeslider-first-handle-disabled.png is up to date.
rangeslider-first-handle-disabled@2x.png is up to date.
rangeslider-first-handle-disabled@3x.png is up to date.
rangeslider-first-handle-handle-pressed.png is up to date.
rangeslider-first-handle-handle-pressed@2x.png is up to date.
rangeslider-first-handle-handle-pressed@3x.png is up to date.
rangeslider-first-handle-hovered.png is up to date.
rangeslider-first-handle-hovered@2x.png is up to date.
rangeslider-first-handle-hovered@3x.png is up to date.
rangeslider-first-handle.png is up to date.
rangeslider-first-handle@2x.png is up to date.
rangeslider-first-handle@3x.png is up to date.
rangeslider-groove-disabled.png is up to date.
rangeslider-groove-disabled@2x.png is up to date.
rangeslider-groove-disabled@3x.png is up to date.
rangeslider-groove-handle-pressed.png is up to date.
rangeslider-groove-handle-pressed@2x.png is up to date.
rangeslider-groove-handle-pressed@3x.png is up to date.
rangeslider-groove-hovered.png is up to date.
rangeslider-groove-hovered@2x.png is up to date.
rangeslider-groove-hovered@3x.png is up to date.
rangeslider-groove.png is up to date.
rangeslider-groove@2x.png is up to date.
rangeslider-groove@3x.png is up to date.
rangeslider-second-handle-disabled.png is up to date.
rangeslider-second-handle-disabled@2x.png is up to date.
rangeslider-second-handle-disabled@3x.png is up to date.
rangeslider-second-handle-handle-pressed.png is up to date.
rangeslider-second-handle-handle-pressed@2x.png is up to date.
rangeslider-second-handle-handle-pressed@3x.png is up to date.
rangeslider-second-handle-hovered.png is up to date.
rangeslider-second-handle-hovered@2x.png is up to date.
rangeslider-second-handle-hovered@3x.png is up to date.
rangeslider-second-handle.png is up to date.
rangeslider-second-handle@2x.png is up to date.
rangeslider-second-handle@3x.png is up to date.
slider-groove-disabled.png is up to date.
slider-groove-disabled@2x.png is up to date.
slider-groove-disabled@3x.png is up to date.
slider-groove-hovered.png is up to date.
slider-groove-hovered@2x.png is up to date.
slider-groove-hovered@3x.png is up to date.
slider-groove-pressed.png is up to date.
slider-groove-pressed@2x.png is up to date.
slider-groove-pressed@3x.png is up to date.
slider-groove.png is up to date.
slider-groove@2x.png is up to date.
slider-groove@3x.png is up to date.
slider-handle-disabled.png is up to date.
slider-handle-disabled@2x.png is up to date.
slider-handle-disabled@3x.png is up to date.
slider-handle-hovered.png is up to date.
slider-handle-hovered@2x.png is up to date.
slider-handle-hovered@3x.png is up to date.
slider-handle-pressed.png is up to date.
slider-handle-pressed@2x.png is up to date.
slider-handle-pressed@3x.png is up to date.
slider-handle.png is up to date.
slider-handle@2x.png is up to date.
slider-handle@3x.png is up to date.
spinbox-background-atlimit.png is up to date.
spinbox-background-atlimit@2x.png is up to date.
spinbox-background-atlimit@3x.png is up to date.
spinbox-background-disabled.png is up to date.
spinbox-background-disabled@2x.png is up to date.
spinbox-background-disabled@3x.png is up to date.
spinbox-background-down-hovered.png is up to date.
spinbox-background-down-hovered@2x.png is up to date.
spinbox-background-down-hovered@3x.png is up to date.
spinbox-background-down-pressed.png is up to date.
spinbox-background-down-pressed@2x.png is up to date.
spinbox-background-down-pressed@3x.png is up to date.
spinbox-background-hovered.png is up to date.
spinbox-background-hovered@2x.png is up to date.
spinbox-background-hovered@3x.png is up to date.
spinbox-background-up-hovered.png is up to date.
spinbox-background-up-hovered@2x.png is up to date.
spinbox-background-up-hovered@3x.png is up to date.
spinbox-background-up-pressed.png is up to date.
spinbox-background-up-pressed@2x.png is up to date.
spinbox-background-up-pressed@3x.png is up to date.
spinbox-background.png is up to date.
spinbox-background@2x.png is up to date.
spinbox-background@3x.png is up to date.
spinbox-indicator-down-background-atlimit.png is up to date.
spinbox-indicator-down-background-atlimit@2x.png is up to date.
spinbox-indicator-down-background-atlimit@3x.png is up to date.
spinbox-indicator-down-background-disabled.png is up to date.
spinbox-indicator-down-background-disabled@2x.png is up to date.
spinbox-indicator-down-background-disabled@3x.png is up to date.
spinbox-indicator-down-background-down-hovered.png is up to date.
spinbox-indicator-down-background-down-hovered@2x.png is up to date.
spinbox-indicator-down-background-down-hovered@3x.png is up to date.
spinbox-indicator-down-background-down-pressed.png is up to date.
spinbox-indicator-down-background-down-pressed@2x.png is up to date.
spinbox-indicator-down-background-down-pressed@3x.png is up to date.
spinbox-indicator-down-background-hovered.png is up to date.
spinbox-indicator-down-background-hovered@2x.png is up to date.
spinbox-indicator-down-background-hovered@3x.png is up to date.
spinbox-indicator-down-background-up-hovered.png is up to date.
spinbox-indicator-down-background-up-hovered@2x.png is up to date.
spinbox-indicator-down-background-up-hovered@3x.png is up to date.
spinbox-indicator-down-background-up-pressed.png is up to date.
spinbox-indicator-down-background-up-pressed@2x.png is up to date.
spinbox-indicator-down-background-up-pressed@3x.png is up to date.
spinbox-indicator-down-background.png is up to date.
spinbox-indicator-down-background@2x.png is up to date.
spinbox-indicator-down-background@3x.png is up to date.
spinbox-indicator-down-icon-atlimit.png is up to date.
spinbox-indicator-down-icon-atlimit@2x.png is up to date.
spinbox-indicator-down-icon-atlimit@3x.png is up to date.
spinbox-indicator-down-icon-disabled.png is up to date.
spinbox-indicator-down-icon-disabled@2x.png is up to date.
spinbox-indicator-down-icon-disabled@3x.png is up to date.
spinbox-indicator-down-icon-down-hovered.png is up to date.
spinbox-indicator-down-icon-down-hovered@2x.png is up to date.
spinbox-indicator-down-icon-down-hovered@3x.png is up to date.
spinbox-indicator-down-icon-down-pressed.png is up to date.
spinbox-indicator-down-icon-down-pressed@2x.png is up to date.
spinbox-indicator-down-icon-down-pressed@3x.png is up to date.
spinbox-indicator-down-icon-hovered.png is up to date.
spinbox-indicator-down-icon-hovered@2x.png is up to date.
spinbox-indicator-down-icon-hovered@3x.png is up to date.
spinbox-indicator-down-icon-up-hovered.png is up to date.
spinbox-indicator-down-icon-up-hovered@2x.png is up to date.
spinbox-indicator-down-icon-up-hovered@3x.png is up to date.
spinbox-indicator-down-icon-up-pressed.png is up to date.
spinbox-indicator-down-icon-up-pressed@2x.png is up to date.
spinbox-indicator-down-icon-up-pressed@3x.png is up to date.
spinbox-indicator-down-icon.png is up to date.
spinbox-indicator-down-icon@2x.png is up to date.
spinbox-indicator-down-icon@3x.png is up to date.
spinbox-indicator-up-background-atlimit.png is up to date.
spinbox-indicator-up-background-atlimit@2x.png is up to date.
spinbox-indicator-up-background-atlimit@3x.png is up to date.
spinbox-indicator-up-background-disabled.png is up to date.
spinbox-indicator-up-background-disabled@2x.png is up to date.
spinbox-indicator-up-background-disabled@3x.png is up to date.
spinbox-indicator-up-background-down-hovered.png is up to date.
spinbox-indicator-up-background-down-hovered@2x.png is up to date.
spinbox-indicator-up-background-down-hovered@3x.png is up to date.
spinbox-indicator-up-background-down-pressed.png is up to date.
spinbox-indicator-up-background-down-pressed@2x.png is up to date.
spinbox-indicator-up-background-down-pressed@3x.png is up to date.
spinbox-indicator-up-background-hovered.png is up to date.
spinbox-indicator-up-background-hovered@2x.png is up to date.
spinbox-indicator-up-background-hovered@3x.png is up to date.
spinbox-indicator-up-background-up-hovered.png is up to date.
spinbox-indicator-up-background-up-hovered@2x.png is up to date.
spinbox-indicator-up-background-up-hovered@3x.png is up to date.
spinbox-indicator-up-background-up-pressed.png is up to date.
spinbox-indicator-up-background-up-pressed@2x.png is up to date.
spinbox-indicator-up-background-up-pressed@3x.png is up to date.
spinbox-indicator-up-background.png is up to date.
spinbox-indicator-up-background@2x.png is up to date.
spinbox-indicator-up-background@3x.png is up to date.
spinbox-indicator-up-icon-atlimit.png is up to date.
spinbox-indicator-up-icon-atlimit@2x.png is up to date.
spinbox-indicator-up-icon-atlimit@3x.png is up to date.
spinbox-indicator-up-icon-disabled.png is up to date.
spinbox-indicator-up-icon-disabled@2x.png is up to date.
spinbox-indicator-up-icon-disabled@3x.png is up to date.
spinbox-indicator-up-icon-down-hovered.png is up to date.
spinbox-indicator-up-icon-down-hovered@2x.png is up to date.
spinbox-indicator-up-icon-down-hovered@3x.png is up to date.
spinbox-indicator-up-icon-down-pressed.png is up to date.
spinbox-indicator-up-icon-down-pressed@2x.png is up to date.
spinbox-indicator-up-icon-down-pressed@3x.png is up to date.
spinbox-indicator-up-icon-hovered.png is up to date.
spinbox-indicator-up-icon-hovered@2x.png is up to date.
spinbox-indicator-up-icon-hovered@3x.png is up to date.
spinbox-indicator-up-icon-up-hovered.png is up to date.
spinbox-indicator-up-icon-up-hovered@2x.png is up to date.
spinbox-indicator-up-icon-up-hovered@3x.png is up to date.
spinbox-indicator-up-icon-up-pressed.png is up to date.
spinbox-indicator-up-icon-up-pressed@2x.png is up to date.
spinbox-indicator-up-icon-up-pressed@3x.png is up to date.
spinbox-indicator-up-icon.png is up to date.
spinbox-indicator-up-icon@2x.png is up to date.
spinbox-indicator-up-icon@3x.png is up to date.
textarea-background-disabled.png is up to date.
textarea-background-disabled@2x.png is up to date.
textarea-background-disabled@3x.png is up to date.
textarea-background-focused.png is up to date.
textarea-background-focused@2x.png is up to date.
textarea-background-focused@3x.png is up to date.
textarea-background-hovered.png is up to date.
textarea-background-hovered@2x.png is up to date.
textarea-background-hovered@3x.png is up to date.
textarea-background.png is up to date.
textarea-background@2x.png is up to date.
textarea-background@3x.png is up to date.
textfield-background-disabled.png is up to date.
textfield-background-disabled@2x.png is up to date.
textfield-background-disabled@3x.png is up to date.
textfield-background-focused.png is up to date.
textfield-background-focused@2x.png is up to date.
textfield-background-focused@3x.png is up to date.
textfield-background-hovered.png is up to date.
textfield-background-hovered@2x.png is up to date.
textfield-background-hovered@3x.png is up to date.
textfield-background.png is up to date.
textfield-background@2x.png is up to date.
textfield-background@3x.png is up to date.
checkmark.png is up to date.
checkmark@2x.png is up to date.
checkmark@3x.png is up to date.
menuarrow.png is up to date.
menuarrow@2x.png is up to date.
menuarrow@3x.png is up to date.
checkbox-indicator-checked-disabled.png is up to date.
checkbox-indicator-checked-disabled@2x.png is up to date.
checkbox-indicator-checked-disabled@3x.png is up to date.
checkbox-indicator-checked-hovered.png is up to date.
checkbox-indicator-checked-hovered@2x.png is up to date.
checkbox-indicator-checked-hovered@3x.png is up to date.
checkbox-indicator-checked-pressed.png is up to date.
checkbox-indicator-checked-pressed@2x.png is up to date.
checkbox-indicator-checked-pressed@3x.png is up to date.
checkbox-indicator-checked.png is up to date.
checkbox-indicator-checked@2x.png is up to date.
checkbox-indicator-checked@3x.png is up to date.
checkbox-indicator-disabled-partiallyChecked.png is up to date.
checkbox-indicator-disabled-partiallyChecked@2x.png is up to date.
checkbox-indicator-disabled-partiallyChecked@3x.png is up to date.
checkbox-indicator-disabled.png is up to date.
checkbox-indicator-disabled@2x.png is up to date.
checkbox-indicator-disabled@3x.png is up to date.
checkbox-indicator-hovered-partiallyChecked.png is up to date.
checkbox-indicator-hovered-partiallyChecked@2x.png is up to date.
checkbox-indicator-hovered-partiallyChecked@3x.png is up to date.
checkbox-indicator-hovered.png is up to date.
checkbox-indicator-hovered@2x.png is up to date.
checkbox-indicator-hovered@3x.png is up to date.
checkbox-indicator-partiallyChecked-pressed.png is up to date.
checkbox-indicator-partiallyChecked-pressed@2x.png is up to date.
checkbox-indicator-partiallyChecked-pressed@3x.png is up to date.
checkbox-indicator-partiallyChecked.png is up to date.
checkbox-indicator-partiallyChecked@2x.png is up to date.
checkbox-indicator-partiallyChecked@3x.png is up to date.
checkbox-indicator-pressed.png is up to date.
checkbox-indicator-pressed@2x.png is up to date.
checkbox-indicator-pressed@3x.png is up to date.
checkbox-indicator.png is up to date.
checkbox-indicator@2x.png is up to date.
checkbox-indicator@3x.png is up to date.
combobox-background-disabled.png is up to date.
combobox-background-disabled@2x.png is up to date.
combobox-background-disabled@3x.png is up to date.
combobox-background-focused.png is up to date.
combobox-background-focused@2x.png is up to date.
combobox-background-focused@3x.png is up to date.
combobox-background-hovered-open.png is up to date.
combobox-background-hovered-open@2x.png is up to date.
combobox-background-hovered-open@3x.png is up to date.
combobox-background-hovered.png is up to date.
combobox-background-hovered@2x.png is up to date.
combobox-background-hovered@3x.png is up to date.
combobox-background-open-pressed.png is up to date.
combobox-background-open-pressed@2x.png is up to date.
combobox-background-open-pressed@3x.png is up to date.
combobox-background-open.png is up to date.
combobox-background-open@2x.png is up to date.
combobox-background-open@3x.png is up to date.
combobox-background-pressed.png is up to date.
combobox-background-pressed@2x.png is up to date.
combobox-background-pressed@3x.png is up to date.
combobox-background.png is up to date.
combobox-background@2x.png is up to date.
combobox-background@3x.png is up to date.
combobox-indicator-disabled.png is up to date.
combobox-indicator-disabled@2x.png is up to date.
combobox-indicator-disabled@3x.png is up to date.
combobox-indicator-focused.png is up to date.
combobox-indicator-focused@2x.png is up to date.
combobox-indicator-focused@3x.png is up to date.
combobox-indicator-hovered-open.png is up to date.
combobox-indicator-hovered-open@2x.png is up to date.
combobox-indicator-hovered-open@3x.png is up to date.
combobox-indicator-hovered.png is up to date.
combobox-indicator-hovered@2x.png is up to date.
combobox-indicator-hovered@3x.png is up to date.
combobox-indicator-open-pressed.png is up to date.
combobox-indicator-open-pressed@2x.png is up to date.
combobox-indicator-open-pressed@3x.png is up to date.
combobox-indicator-open.png is up to date.
combobox-indicator-open@2x.png is up to date.
combobox-indicator-open@3x.png is up to date.
combobox-indicator-pressed.png is up to date.
combobox-indicator-pressed@2x.png is up to date.
combobox-indicator-pressed@3x.png is up to date.
combobox-indicator.png is up to date.
combobox-indicator@2x.png is up to date.
combobox-indicator@3x.png is up to date.
editablecombobox-background-hovered-open.png is up to date.
editablecombobox-background-hovered-open@2x.png is up to date.
editablecombobox-background-hovered-open@3x.png is up to date.
editablecombobox-background-open-pressed.png is up to date.
editablecombobox-background-open-pressed@2x.png is up to date.
editablecombobox-background-open-pressed@3x.png is up to date.
editablecombobox-background-open.png is up to date.
editablecombobox-background-open@2x.png is up to date.
editablecombobox-background-open@3x.png is up to date.
editablecombobox-indicator-hovered-open.png is up to date.
editablecombobox-indicator-hovered-open@2x.png is up to date.
editablecombobox-indicator-hovered-open@3x.png is up to date.
editablecombobox-indicator-open-pressed.png is up to date.
editablecombobox-indicator-open-pressed@2x.png is up to date.
editablecombobox-indicator-open-pressed@3x.png is up to date.
editablecombobox-indicator-open.png is up to date.
editablecombobox-indicator-open@2x.png is up to date.
editablecombobox-indicator-open@3x.png is up to date.
editablecombobox-popup-background-hovered-open.png is up to date.
editablecombobox-popup-background-hovered-open@2x.png is up to date.
editablecombobox-popup-background-hovered-open@3x.png is up to date.
editablecombobox-popup-background-open-pressed.png is up to date.
editablecombobox-popup-background-open-pressed@2x.png is up to date.
editablecombobox-popup-background-open-pressed@3x.png is up to date.
editablecombobox-popup-background-open.png is up to date.
editablecombobox-popup-background-open@2x.png is up to date.
editablecombobox-popup-background-open@3x.png is up to date.
frame-background-disabled.png is up to date.
frame-background-disabled@2x.png is up to date.
frame-background-disabled@3x.png is up to date.
frame-background.png is up to date.
frame-background@2x.png is up to date.
frame-background@3x.png is up to date.
itemdelegate-background-highlighted-hovered.png is up to date.
itemdelegate-background-highlighted-hovered@2x.png is up to date.
itemdelegate-background-highlighted-hovered@3x.png is up to date.
itemdelegate-background-highlighted-pressed.png is up to date.
itemdelegate-background-highlighted-pressed@2x.png is up to date.
itemdelegate-background-highlighted-pressed@3x.png is up to date.
itemdelegate-background-highlighted.png is up to date.
itemdelegate-background-highlighted@2x.png is up to date.
itemdelegate-background-highlighted@3x.png is up to date.
itemdelegate-background-hovered.png is up to date.
itemdelegate-background-hovered@2x.png is up to date.
itemdelegate-background-hovered@3x.png is up to date.
itemdelegate-background-pressed.png is up to date.
itemdelegate-background-pressed@2x.png is up to date.
itemdelegate-background-pressed@3x.png is up to date.
pageindicatordelegate-indicator-delegate-current-hovered.png is up to date.
pageindicatordelegate-indicator-delegate-current-hovered@2x.png is up to date.
pageindicatordelegate-indicator-delegate-current-hovered@3x.png is up to date.
pageindicatordelegate-indicator-delegate-current-pressed.png is up to date.
pageindicatordelegate-indicator-delegate-current-pressed@2x.png is up to date.
pageindicatordelegate-indicator-delegate-current-pressed@3x.png is up to date.
pageindicatordelegate-indicator-delegate-current.png is up to date.
pageindicatordelegate-indicator-delegate-current@2x.png is up to date.
pageindicatordelegate-indicator-delegate-current@3x.png is up to date.
pageindicatordelegate-indicator-delegate-pressed.png is up to date.
pageindicatordelegate-indicator-delegate-pressed@2x.png is up to date.
pageindicatordelegate-indicator-delegate-pressed@3x.png is up to date.
pageindicatordelegate-indicator-disabled.png is up to date.
pageindicatordelegate-indicator-disabled@2x.png is up to date.
pageindicatordelegate-indicator-disabled@3x.png is up to date.
pageindicatordelegate-indicator-hovered.png is up to date.
pageindicatordelegate-indicator-hovered@2x.png is up to date.
pageindicatordelegate-indicator-hovered@3x.png is up to date.
pageindicatordelegate-indicator.png is up to date.
pageindicatordelegate-indicator@2x.png is up to date.
pageindicatordelegate-indicator@3x.png is up to date.
popup-background.png is up to date.
popup-background@2x.png is up to date.
popup-background@3x.png is up to date.
progressbar-groove-disabled.png is up to date.
progressbar-groove-disabled@2x.png is up to date.
progressbar-groove-disabled@3x.png is up to date.
progressbar-groove.png is up to date.
progressbar-groove@2x.png is up to date.
progressbar-groove@3x.png is up to date.
radiobutton-indicator-checked-disabled.png is up to date.
radiobutton-indicator-checked-disabled@2x.png is up to date.
radiobutton-indicator-checked-disabled@3x.png is up to date.
radiobutton-indicator-checked-hovered.png is up to date.
radiobutton-indicator-checked-hovered@2x.png is up to date.
radiobutton-indicator-checked-hovered@3x.png is up to date.
radiobutton-indicator-checked-pressed.png is up to date.
radiobutton-indicator-checked-pressed@2x.png is up to date.
radiobutton-indicator-checked-pressed@3x.png is up to date.
radiobutton-indicator-checked.png is up to date.
radiobutton-indicator-checked@2x.png is up to date.
radiobutton-indicator-checked@3x.png is up to date.
radiobutton-indicator-disabled.png is up to date.
radiobutton-indicator-disabled@2x.png is up to date.
radiobutton-indicator-disabled@3x.png is up to date.
radiobutton-indicator-hovered.png is up to date.
radiobutton-indicator-hovered@2x.png is up to date.
radiobutton-indicator-hovered@3x.png is up to date.
radiobutton-indicator-pressed.png is up to date.
radiobutton-indicator-pressed@2x.png is up to date.
radiobutton-indicator-pressed@3x.png is up to date.
radiobutton-indicator.png is up to date.
radiobutton-indicator@2x.png is up to date.
radiobutton-indicator@3x.png is up to date.
rangeslider-first-handle-disabled.png is up to date.
rangeslider-first-handle-disabled@2x.png is up to date.
rangeslider-first-handle-disabled@3x.png is up to date.
rangeslider-first-handle-handle-pressed.png is up to date.
rangeslider-first-handle-handle-pressed@2x.png is up to date.
rangeslider-first-handle-handle-pressed@3x.png is up to date.
rangeslider-first-handle-hovered.png is up to date.
rangeslider-first-handle-hovered@2x.png is up to date.
rangeslider-first-handle-hovered@3x.png is up to date.
rangeslider-first-handle.png is up to date.
rangeslider-first-handle@2x.png is up to date.
rangeslider-first-handle@3x.png is up to date.
rangeslider-groove-disabled.png is up to date.
rangeslider-groove-disabled@2x.png is up to date.
rangeslider-groove-disabled@3x.png is up to date.
rangeslider-groove-handle-pressed.png is up to date.
rangeslider-groove-handle-pressed@2x.png is up to date.
rangeslider-groove-handle-pressed@3x.png is up to date.
rangeslider-groove-hovered.png is up to date.
rangeslider-groove-hovered@2x.png is up to date.
rangeslider-groove-hovered@3x.png is up to date.
rangeslider-groove.png is up to date.
rangeslider-groove@2x.png is up to date.
rangeslider-groove@3x.png is up to date.
rangeslider-second-handle-disabled.png is up to date.
rangeslider-second-handle-disabled@2x.png is up to date.
rangeslider-second-handle-disabled@3x.png is up to date.
rangeslider-second-handle-handle-pressed.png is up to date.
rangeslider-second-handle-handle-pressed@2x.png is up to date.
rangeslider-second-handle-handle-pressed@3x.png is up to date.
rangeslider-second-handle-hovered.png is up to date.
rangeslider-second-handle-hovered@2x.png is up to date.
rangeslider-second-handle-hovered@3x.png is up to date.
rangeslider-second-handle.png is up to date.
rangeslider-second-handle@2x.png is up to date.
rangeslider-second-handle@3x.png is up to date.
slider-groove-disabled.png is up to date.
slider-groove-disabled@2x.png is up to date.
slider-groove-disabled@3x.png is up to date.
slider-groove-hovered.png is up to date.
slider-groove-hovered@2x.png is up to date.
slider-groove-hovered@3x.png is up to date.
slider-groove-pressed.png is up to date.
slider-groove-pressed@2x.png is up to date.
slider-groove-pressed@3x.png is up to date.
slider-groove.png is up to date.
slider-groove@2x.png is up to date.
slider-groove@3x.png is up to date.
slider-handle-disabled.png is up to date.
slider-handle-disabled@2x.png is up to date.
slider-handle-disabled@3x.png is up to date.
slider-handle-hovered.png is up to date.
slider-handle-hovered@2x.png is up to date.
slider-handle-hovered@3x.png is up to date.
slider-handle-pressed.png is up to date.
slider-handle-pressed@2x.png is up to date.
slider-handle-pressed@3x.png is up to date.
slider-handle.png is up to date.
slider-handle@2x.png is up to date.
slider-handle@3x.png is up to date.
spinbox-background-atlimit.png is up to date.
spinbox-background-atlimit@2x.png is up to date.
spinbox-background-atlimit@3x.png is up to date.
spinbox-background-disabled.png is up to date.
spinbox-background-disabled@2x.png is up to date.
spinbox-background-disabled@3x.png is up to date.
spinbox-background-down-hovered.png is up to date.
spinbox-background-down-hovered@2x.png is up to date.
spinbox-background-down-hovered@3x.png is up to date.
spinbox-background-down-pressed.png is up to date.
spinbox-background-down-pressed@2x.png is up to date.
spinbox-background-down-pressed@3x.png is up to date.
spinbox-background-hovered.png is up to date.
spinbox-background-hovered@2x.png is up to date.
spinbox-background-hovered@3x.png is up to date.
spinbox-background-up-hovered.png is up to date.
spinbox-background-up-hovered@2x.png is up to date.
spinbox-background-up-hovered@3x.png is up to date.
spinbox-background-up-pressed.png is up to date.
spinbox-background-up-pressed@2x.png is up to date.
spinbox-background-up-pressed@3x.png is up to date.
spinbox-background.png is up to date.
spinbox-background@2x.png is up to date.
spinbox-background@3x.png is up to date.
spinbox-indicator-down-background-atlimit.png is up to date.
spinbox-indicator-down-background-atlimit@2x.png is up to date.
spinbox-indicator-down-background-atlimit@3x.png is up to date.
spinbox-indicator-down-background-disabled.png is up to date.
spinbox-indicator-down-background-disabled@2x.png is up to date.
spinbox-indicator-down-background-disabled@3x.png is up to date.
spinbox-indicator-down-background-down-hovered.png is up to date.
spinbox-indicator-down-background-down-hovered@2x.png is up to date.
spinbox-indicator-down-background-down-hovered@3x.png is up to date.
spinbox-indicator-down-background-down-pressed.png is up to date.
spinbox-indicator-down-background-down-pressed@2x.png is up to date.
spinbox-indicator-down-background-down-pressed@3x.png is up to date.
spinbox-indicator-down-background-hovered.png is up to date.
spinbox-indicator-down-background-hovered@2x.png is up to date.
spinbox-indicator-down-background-hovered@3x.png is up to date.
spinbox-indicator-down-background-up-hovered.png is up to date.
spinbox-indicator-down-background-up-hovered@2x.png is up to date.
spinbox-indicator-down-background-up-hovered@3x.png is up to date.
spinbox-indicator-down-background-up-pressed.png is up to date.
spinbox-indicator-down-background-up-pressed@2x.png is up to date.
spinbox-indicator-down-background-up-pressed@3x.png is up to date.
spinbox-indicator-down-background.png is up to date.
spinbox-indicator-down-background@2x.png is up to date.
spinbox-indicator-down-background@3x.png is up to date.
spinbox-indicator-down-icon-atlimit.png is up to date.
spinbox-indicator-down-icon-atlimit@2x.png is up to date.
spinbox-indicator-down-icon-atlimit@3x.png is up to date.
spinbox-indicator-down-icon-disabled.png is up to date.
spinbox-indicator-down-icon-disabled@2x.png is up to date.
spinbox-indicator-down-icon-disabled@3x.png is up to date.
spinbox-indicator-down-icon-down-hovered.png is up to date.
spinbox-indicator-down-icon-down-hovered@2x.png is up to date.
spinbox-indicator-down-icon-down-hovered@3x.png is up to date.
spinbox-indicator-down-icon-down-pressed.png is up to date.
spinbox-indicator-down-icon-down-pressed@2x.png is up to date.
spinbox-indicator-down-icon-down-pressed@3x.png is up to date.
spinbox-indicator-down-icon-hovered.png is up to date.
spinbox-indicator-down-icon-hovered@2x.png is up to date.
spinbox-indicator-down-icon-hovered@3x.png is up to date.
spinbox-indicator-down-icon-up-hovered.png is up to date.
spinbox-indicator-down-icon-up-hovered@2x.png is up to date.
spinbox-indicator-down-icon-up-hovered@3x.png is up to date.
spinbox-indicator-down-icon-up-pressed.png is up to date.
spinbox-indicator-down-icon-up-pressed@2x.png is up to date.
spinbox-indicator-down-icon-up-pressed@3x.png is up to date.
spinbox-indicator-down-icon.png is up to date.
spinbox-indicator-down-icon@2x.png is up to date.
spinbox-indicator-down-icon@3x.png is up to date.
spinbox-indicator-up-background-atlimit.png is up to date.
spinbox-indicator-up-background-atlimit@2x.png is up to date.
spinbox-indicator-up-background-atlimit@3x.png is up to date.
spinbox-indicator-up-background-disabled.png is up to date.
spinbox-indicator-up-background-disabled@2x.png is up to date.
spinbox-indicator-up-background-disabled@3x.png is up to date.
spinbox-indicator-up-background-down-hovered.png is up to date.
spinbox-indicator-up-background-down-hovered@2x.png is up to date.
spinbox-indicator-up-background-down-hovered@3x.png is up to date.
spinbox-indicator-up-background-down-pressed.png is up to date.
spinbox-indicator-up-background-down-pressed@2x.png is up to date.
spinbox-indicator-up-background-down-pressed@3x.png is up to date.
spinbox-indicator-up-background-hovered.png is up to date.
spinbox-indicator-up-background-hovered@2x.png is up to date.
spinbox-indicator-up-background-hovered@3x.png is up to date.
spinbox-indicator-up-background-up-hovered.png is up to date.
spinbox-indicator-up-background-up-hovered@2x.png is up to date.
spinbox-indicator-up-background-up-hovered@3x.png is up to date.
spinbox-indicator-up-background-up-pressed.png is up to date.
spinbox-indicator-up-background-up-pressed@2x.png is up to date.
spinbox-indicator-up-background-up-pressed@3x.png is up to date.
spinbox-indicator-up-background.png is up to date.
spinbox-indicator-up-background@2x.png is up to date.
spinbox-indicator-up-background@3x.png is up to date.
spinbox-indicator-up-icon-atlimit.png is up to date.
spinbox-indicator-up-icon-atlimit@2x.png is up to date.
spinbox-indicator-up-icon-atlimit@3x.png is up to date.
spinbox-indicator-up-icon-disabled.png is up to date.
spinbox-indicator-up-icon-disabled@2x.png is up to date.
spinbox-indicator-up-icon-disabled@3x.png is up to date.
spinbox-indicator-up-icon-down-hovered.png is up to date.
spinbox-indicator-up-icon-down-hovered@2x.png is up to date.
spinbox-indicator-up-icon-down-hovered@3x.png is up to date.
spinbox-indicator-up-icon-down-pressed.png is up to date.
spinbox-indicator-up-icon-down-pressed@2x.png is up to date.
spinbox-indicator-up-icon-down-pressed@3x.png is up to date.
spinbox-indicator-up-icon-hovered.png is up to date.
spinbox-indicator-up-icon-hovered@2x.png is up to date.
spinbox-indicator-up-icon-hovered@3x.png is up to date.
spinbox-indicator-up-icon-up-hovered.png is up to date.
spinbox-indicator-up-icon-up-hovered@2x.png is up to date.
spinbox-indicator-up-icon-up-hovered@3x.png is up to date.
spinbox-indicator-up-icon-up-pressed.png is up to date.
spinbox-indicator-up-icon-up-pressed@2x.png is up to date.
spinbox-indicator-up-icon-up-pressed@3x.png is up to date.
spinbox-indicator-up-icon.png is up to date.
spinbox-indicator-up-icon@2x.png is up to date.
spinbox-indicator-up-icon@3x.png is up to date.
textarea-background-disabled.png is up to date.
textarea-background-disabled@2x.png is up to date.
textarea-background-disabled@3x.png is up to date.
textarea-background-focused.png is up to date.
textarea-background-focused@2x.png is up to date.
textarea-background-focused@3x.png is up to date.
textarea-background-hovered.png is up to date.
textarea-background-hovered@2x.png is up to date.
textarea-background-hovered@3x.png is up to date.
textarea-background.png is up to date.
textarea-background@2x.png is up to date.
textarea-background@3x.png is up to date.
textfield-background-disabled.png is up to date.
textfield-background-disabled@2x.png is up to date.
textfield-background-disabled@3x.png is up to date.
textfield-background-focused.png is up to date.
textfield-background-focused@2x.png is up to date.
textfield-background-focused@3x.png is up to date.
textfield-background-hovered.png is up to date.
textfield-background-hovered@2x.png is up to date.
textfield-background-hovered@3x.png is up to date.
textfield-background.png is up to date.
textfield-background@2x.png is up to date.
textfield-background@3x.png is up to date.
qtquickcontrols2windowsstyleplugin.dll is up to date.
ApplicationWindow.qml is up to date.
Button.qml is up to date.
CheckBox.qml is up to date.
CheckDelegate.qml is up to date.
ComboBox.qml is up to date.
DelayButton.qml is up to date.
Frame.qml is up to date.
GroupBox.qml is up to date.
ItemDelegate.qml is up to date.
Menu.qml is up to date.
MenuBar.qml is up to date.
MenuBarItem.qml is up to date.
MenuItem.qml is up to date.
MenuSeparator.qml is up to date.
plugins.qmltypes is up to date.
ProgressBar.qml is up to date.
qmldir is up to date.
RadioButton.qml is up to date.
RadioDelegate.qml is up to date.
RangeSlider.qml is up to date.
ScrollBar.qml is up to date.
ScrollIndicator.qml is up to date.
ScrollView.qml is up to date.
SelectionRectangle.qml is up to date.
Slider.qml is up to date.
SpinBox.qml is up to date.
Switch.qml is up to date.
SwitchDelegate.qml is up to date.
TextArea.qml is up to date.
TextField.qml is up to date.
checkmark.png is up to date.
checkmark@2x.png is up to date.
checkmark@3x.png is up to date.
menuarrow.png is up to date.
menuarrow@2x.png is up to date.
menuarrow@3x.png is up to date.
qtquickcontrols2basicstyleplugin.dll is up to date.
AbstractButton.qml is up to date.
Action.qml is up to date.
ActionGroup.qml is up to date.
ApplicationWindow.qml is up to date.
BusyIndicator.qml is up to date.
Button.qml is up to date.
ButtonGroup.qml is up to date.
Calendar.qml is up to date.
CalendarModel.qml is up to date.
CheckBox.qml is up to date.
CheckDelegate.qml is up to date.
ComboBox.qml is up to date.
Container.qml is up to date.
Control.qml is up to date.
DayOfWeekRow.qml is up to date.
DelayButton.qml is up to date.
Dial.qml is up to date.
Dialog.qml is up to date.
DialogButtonBox.qml is up to date.
Drawer.qml is up to date.
Frame.qml is up to date.
GroupBox.qml is up to date.
HorizontalHeaderView.qml is up to date.
ItemDelegate.qml is up to date.
Label.qml is up to date.
Menu.qml is up to date.
MenuBar.qml is up to date.
MenuBarItem.qml is up to date.
MenuItem.qml is up to date.
MenuSeparator.qml is up to date.
MonthGrid.qml is up to date.
Page.qml is up to date.
PageIndicator.qml is up to date.
Pane.qml is up to date.
plugins.qmltypes is up to date.
Popup.qml is up to date.
ProgressBar.qml is up to date.
qmldir is up to date.
RadioButton.qml is up to date.
RadioDelegate.qml is up to date.
RangeSlider.qml is up to date.
RoundButton.qml is up to date.
ScrollBar.qml is up to date.
ScrollIndicator.qml is up to date.
ScrollView.qml is up to date.
SelectionRectangle.qml is up to date.
Slider.qml is up to date.
SpinBox.qml is up to date.
SplitView.qml is up to date.
StackView.qml is up to date.
SwipeDelegate.qml is up to date.
SwipeView.qml is up to date.
Switch.qml is up to date.
SwitchDelegate.qml is up to date.
TabBar.qml is up to date.
TabButton.qml is up to date.
TableViewDelegate.qml is up to date.
TextArea.qml is up to date.
TextField.qml is up to date.
ToolBar.qml is up to date.
ToolButton.qml is up to date.
ToolSeparator.qml is up to date.
ToolTip.qml is up to date.
TreeViewDelegate.qml is up to date.
Tumbler.qml is up to date.
VerticalHeaderView.qml is up to date.
WeekNumberColumn.qml is up to date.
qtquicktemplates2plugin.dll is up to date.
plugins.qmltypes is up to date.
qmldir is up to date.
qtquickcontrols2implplugin.dll is up to date.
plugins.qmltypes is up to date.
qmldir is up to date.
qtquickcontrols2fusionstyleimplplugin.dll is up to date.
ButtonPanel.qml is up to date.
CheckIndicator.qml is up to date.
plugins.qmltypes is up to date.
qmldir is up to date.
RadioIndicator.qml is up to date.
SliderGroove.qml is up to date.
SliderHandle.qml is up to date.
SwitchIndicator.qml is up to date.
TextFieldBackground.qml is up to date.
quickwindowplugin.dll is up to date.
qmldir is up to date.
quickwindow.qmltypes is up to date.
qtquickcontrols2materialstyleimplplugin.dll is up to date.
BoxShadow.qml is up to date.
CheckIndicator.qml is up to date.
CursorDelegate.qml is up to date.
ElevationEffect.qml is up to date.
plugins.qmltypes is up to date.
qmldir is up to date.
RadioIndicator.qml is up to date.
RectangularGlow.qml is up to date.
RoundedElevationEffect.qml is up to date.
SliderHandle.qml is up to date.
SwitchIndicator.qml is up to date.
qtquickcontrols2imaginestyleimplplugin.dll is up to date.
OpacityMask.qml is up to date.
qmldir is up to date.
QuickControls2ImagineStyleImpl.qmltypes is up to date.
qtquickcontrols2universalstyleimplplugin.dll is up to date.
CheckIndicator.qml is up to date.
plugins.qmltypes is up to date.
qmldir is up to date.
RadioIndicator.qml is up to date.
SwitchIndicator.qml is up to date.
qtquickcontrols2fluentwinui3styleimplplugin.dll is up to date.
ButtonBackground.qml is up to date.
CheckIndicator.qml is up to date.
FocusFrame.qml is up to date.
plugins.qmltypes is up to date.
qmldir is up to date.
RadioIndicator.qml is up to date.
StyleImage.qml is up to date.
SwitchIndicator.qml is up to date.
effectsplugin.dll is up to date.
plugins.qmltypes is up to date.
qmldir is up to date.
qquicklayoutsplugin.dll is up to date.
plugins.qmltypes is up to date.
qmldir is up to date.
qmlshapesplugin.dll is up to date.
plugins.qmltypes is up to date.
qmldir is up to date.
qtquickcontrols2nativestyleplugin.dll is up to date.
plugins.qmltypes is up to date.
qmldir is up to date.
qtquickcontrols2windowsstyleimplplugin.dll is up to date.
CheckIndicator.qml is up to date.
qmldir is up to date.
QuickControls2WindowsStyleImpl.qmltypes is up to date.
SwitchIndicator.qml is up to date.
qtquickcontrols2basicstyleimplplugin.dll is up to date.
plugins.qmltypes is up to date.
qmldir is up to date.
labsmodelsplugin.dll is up to date.
plugins.qmltypes is up to date.
qmldir is up to date.
qtquickdialogsplugin.dll is up to date.
plugins.qmltypes is up to date.
qmldir is up to date.
qtquickdialogs2quickimplplugin.dll is up to date.
plugins.qmltypes is up to date.
qmldir is up to date.
ColorDialog.qml is up to date.
ColorInputs.qml is up to date.
FileDialog.qml is up to date.
FileDialogDelegate.qml is up to date.
FileDialogDelegateLabel.qml is up to date.
FolderBreadcrumbBar.qml is up to date.
FolderDialog.qml is up to date.
FolderDialogDelegate.qml is up to date.
FolderDialogDelegateLabel.qml is up to date.
FontDialog.qml is up to date.
FontDialogContent.qml is up to date.
HueGradient.qml is up to date.
MessageDialog.qml is up to date.
PickerHandle.qml is up to date.
SaturationLightnessPicker.qml is up to date.
SideBar.qml is up to date.
ColorDialog.qml is up to date.
ColorInputs.qml is up to date.
FileDialog.qml is up to date.
FileDialogDelegate.qml is up to date.
FolderBreadcrumbBar.qml is up to date.
FolderDialog.qml is up to date.
FolderDialogDelegate.qml is up to date.
FontDialog.qml is up to date.
MessageDialog.qml is up to date.
SideBar.qml is up to date.
ColorDialog.qml is up to date.
ColorInputs.qml is up to date.
FileDialog.qml is up to date.
FileDialogDelegate.qml is up to date.
FolderBreadcrumbBar.qml is up to date.
FolderDialog.qml is up to date.
FolderDialogDelegate.qml is up to date.
FontDialog.qml is up to date.
MessageDialog.qml is up to date.
SideBar.qml is up to date.
ColorDialog.qml is up to date.
ColorInputs.qml is up to date.
FileDialog.qml is up to date.
FileDialogDelegate.qml is up to date.
FolderBreadcrumbBar.qml is up to date.
FolderDialog.qml is up to date.
FolderDialogDelegate.qml is up to date.
FontDialog.qml is up to date.
MessageDialog.qml is up to date.
SideBar.qml is up to date.
ColorDialog.qml is up to date.
ColorInputs.qml is up to date.
FileDialog.qml is up to date.
FileDialogDelegate.qml is up to date.
FolderBreadcrumbBar.qml is up to date.
FolderDialog.qml is up to date.
FolderDialogDelegate.qml is up to date.
FontDialog.qml is up to date.
MessageDialog.qml is up to date.
SideBar.qml is up to date.
qmlfolderlistmodelplugin.dll is up to date.
plugins.qmltypes is up to date.
qmldir is up to date.
qmlsettingsplugin.dll is up to date.
plugins.qmltypes is up to date.
qmldir is up to date.
quickmultimediaplugin.dll is up to date.
plugins.qmltypes is up to date.
qmldir is up to date.
Video.qml is up to date.
Creating qt_ar.qm...
Creating qt_bg.qm...
Creating qt_ca.qm...
Creating qt_cs.qm...
Creating qt_da.qm...
Creating qt_de.qm...
Creating qt_en.qm...
Creating qt_es.qm...
Creating qt_fa.qm...
Creating qt_fi.qm...
Creating qt_fr.qm...
Creating qt_gd.qm...
Creating qt_he.qm...
Creating qt_hr.qm...
Creating qt_hu.qm...
Creating qt_it.qm...
Creating qt_ja.qm...
Creating qt_ka.qm...
Creating qt_ko.qm...
Creating qt_lg.qm...
Creating qt_lv.qm...
Creating qt_nl.qm...
Creating qt_nn.qm...
Creating qt_pl.qm...
Creating qt_pt_BR.qm...
Creating qt_ru.qm...
Creating qt_sk.qm...
Creating qt_sv.qm...
Creating qt_tr.qm...
Creating qt_uk.qm...
Creating qt_zh_CN.qm...
Creating qt_zh_TW.qm...
[4/4] Finalizing and Verifying Freshness...
  Binary is NEW: appSamsungGallery.exe
  WARNING: Binary is STALE (Hash unchanged): appScrollBench.exe
==========================================
 BUILD SUCCESS
 Status:      Binary is STALE
 Stable:      D:\Dev\antigravity\build\appSamsungGallery.exe
 ScrollBench: D:\Dev\antigravity\test_scrollbench\deploy\appScrollBench.exe
 Verifying Module Linkage...
=== SCROLLBENCH MODULE VERIFICATION ===
[1/4] ImageModel Instance: READY
[2/4] Headless Scan: SKIPPED (Use --scan <path>)
[3/4] DesktopHelper: READY
[4/4] TaskScheduler: READY (Active Pool)
=======================================
VERIFICATION SUCCESSFUL: Performance backend is healthy.
