=== MODE: STANDARD DYNAMIC BUILD ===
  -> Qt Kit: D:\Qt\6.9.3\mingw_64
==========================================
   SamsungGallery Build System
==========================================
Build Version: 1.0.68
Timestamp: 2026-06-30 15:46:49
[0/4] Verifying Dependencies...
  FFmpeg binaries found.
[1/4] Checking for running instances...
[1.5/4] Verifying File Locks & Recording Hashes...
  Current Hash (appSamsungGallery.exe): C6B32E9750F877EDC884B95697E1897818809850F5EFBCB3C866EC2B74E4EBA8
  Current Hash (appScrollBench.exe): BBA45F5DF5BC86499A9784DB06732BC9800A6CBC8BC55606C25679AC9B924556
[2/4] Full Clean requested. Removing build directory...
[3/4] Building (Release)...
  -> Configuring...
-- The CXX compiler identification is GNU 13.1.0
-- Detecting CXX compiler ABI info
-- Detecting CXX compiler ABI info - done
-- Check for working CXX compiler: D:/Qt/Tools/mingw1310_64/bin/c++.exe - skipped
-- Detecting CXX compile features
-- Detecting CXX compile features - done
-- Performing Test CMAKE_HAVE_LIBC_PTHREAD
-- Performing Test CMAKE_HAVE_LIBC_PTHREAD - Success
-- Found Threads: TRUE
-- Performing Test HAVE_STDATOMIC
-- Performing Test HAVE_STDATOMIC - Success
-- Found WrapAtomic: TRUE
-- Found WrapVulkanHeaders: C:/VulkanSDK/1.3.268.0/Include
CMake Warning (dev) at D:/Qt/6.9.3/mingw_64/lib/cmake/Qt6Core/Qt6CoreMacros.cmake:3458 (message):
  Qt policy QTP0001 is not set: ':/qt/qml/' is the default resource prefix
  for QML modules.  Check https://doc.qt.io/qt-6/qt-cmake-policy-qtp0001.html
  for policy details.  Use the qt_policy command to set the policy and
  suppress this warning.

Call Stack (most recent call first):
  D:/Qt/6.9.3/mingw_64/lib/cmake/Qt6Qml/Qt6QmlMacros.cmake:740 (__qt_internal_setup_policy)
  D:/Qt/6.9.3/mingw_64/lib/cmake/Qt6Qml/Qt6QmlMacros.cmake:1296 (qt6_add_qml_module)
  CMakeLists.txt:24 (qt_add_qml_module)
This warning is for project developers.  Use -Wno-dev to suppress it.

CMake Warning (dev) at D:/Qt/6.9.3/mingw_64/lib/cmake/Qt6Core/Qt6CoreMacros.cmake:3458 (message):
  Qt policy QTP0004 is not set: You need qmldir files for each extra
  directory that contains .qml files for your module.  Check
  https://doc.qt.io/qt-6/qt-cmake-policy-qtp0004.html for policy details.
  Use the qt_policy command to set the policy and suppress this warning.

Call Stack (most recent call first):
  D:/Qt/6.9.3/mingw_64/lib/cmake/Qt6Qml/Qt6QmlMacros.cmake:3645 (__qt_internal_setup_policy)
  D:/Qt/6.9.3/mingw_64/lib/cmake/Qt6Qml/Qt6QmlMacros.cmake:951 (qt6_target_qml_sources)
  D:/Qt/6.9.3/mingw_64/lib/cmake/Qt6Qml/Qt6QmlMacros.cmake:1296 (qt6_add_qml_module)
  CMakeLists.txt:24 (qt_add_qml_module)
This warning is for project developers.  Use -Wno-dev to suppress it.

-- The C compiler identification is GNU 13.1.0
-- Detecting C compiler ABI info
-- Detecting C compiler ABI info - done
-- Check for working C compiler: D:/Qt/Tools/mingw1310_64/bin/gcc.exe - skipped
-- Detecting C compile features
-- Detecting C compile features - done
CMake Warning (dev) at D:/Qt/6.9.3/mingw_64/lib/cmake/Qt6Core/Qt6CoreMacros.cmake:3458 (message):
  Qt policy QTP0001 is not set: ':/qt/qml/' is the default resource prefix
  for QML modules.  Check https://doc.qt.io/qt-6/qt-cmake-policy-qtp0001.html
  for policy details.  Use the qt_policy command to set the policy and
  suppress this warning.

Call Stack (most recent call first):
  D:/Qt/6.9.3/mingw_64/lib/cmake/Qt6Qml/Qt6QmlMacros.cmake:740 (__qt_internal_setup_policy)
  D:/Qt/6.9.3/mingw_64/lib/cmake/Qt6Qml/Qt6QmlMacros.cmake:1296 (qt6_add_qml_module)
  test_scrollbench/CMakeLists.txt:43 (qt_add_qml_module)
This warning is for project developers.  Use -Wno-dev to suppress it.

CMake Warning (dev) at D:/Qt/6.9.3/mingw_64/lib/cmake/Qt6Core/Qt6CoreMacros.cmake:3458 (message):
  Qt policy QTP0004 is not set: You need qmldir files for each extra
  directory that contains .qml files for your module.  Check
  https://doc.qt.io/qt-6/qt-cmake-policy-qtp0004.html for policy details.
  Use the qt_policy command to set the policy and suppress this warning.

Call Stack (most recent call first):
  D:/Qt/6.9.3/mingw_64/lib/cmake/Qt6Qml/Qt6QmlMacros.cmake:3645 (__qt_internal_setup_policy)
  D:/Qt/6.9.3/mingw_64/lib/cmake/Qt6Qml/Qt6QmlMacros.cmake:951 (qt6_target_qml_sources)
  D:/Qt/6.9.3/mingw_64/lib/cmake/Qt6Qml/Qt6QmlMacros.cmake:1296 (qt6_add_qml_module)
  test_scrollbench/CMakeLists.txt:43 (qt_add_qml_module)
This warning is for project developers.  Use -Wno-dev to suppress it.

-- Configuring done (9.3s)
-- Generating done (0.6s)
-- Build files have been written to: D:/Dev/antigravity/build
  -> Compiling...
[1/266] Copying appSamsungGallery qml resources into build dir
[2/266] Copying appScrollBench qml sources into build dir
[3/266] Copying appScrollBench qml resources into build dir
[4/266] Copying appSamsungGallery qml sources into build dir
[5/266] Running qmlimportscanner for appScrollBench
[6/266] Running qmlimportscanner for tst_linkage
[7/266] Automatic MOC and UIC for target libraw_static
[8/266] Running qmlimportscanner for tst_automation
[9/266] Building CXX object 3rdparty/LibRaw/CMakeFiles/libraw_static.dir/libraw_static_autogen/mocs_compilation.cpp.obj
[10/266] Automatic MOC and UIC for target appScrollBenchNet
[11/266] Building CXX object 3rdparty/LibRaw/CMakeFiles/libraw_static.dir/src/decoders/canon_600.cpp.obj
[12/266] Automatic MOC and UIC for target tst_mft
[13/266] Automatic MOC and UIC for target tst_scheduler
[14/266] Building CXX object 3rdparty/LibRaw/CMakeFiles/libraw_static.dir/src/decoders/decoders_libraw.cpp.obj
[15/266] Running qmlimportscanner for appSamsungGallery
[16/266] Building CXX object 3rdparty/LibRaw/CMakeFiles/libraw_static.dir/src/decoders/decoders_dcraw.cpp.obj
[17/266] Building CXX object 3rdparty/LibRaw/CMakeFiles/libraw_static.dir/src/decoders/decoders_libraw_dcrdefs.cpp.obj
[18/266] Building CXX object 3rdparty/LibRaw/CMakeFiles/libraw_static.dir/src/decoders/dng.cpp.obj
[19/266] Building CXX object 3rdparty/LibRaw/CMakeFiles/libraw_static.dir/src/decoders/crx.cpp.obj
[20/266] Building CXX object 3rdparty/LibRaw/CMakeFiles/libraw_static.dir/src/decoders/fp_dng.cpp.obj
[21/266] Building CXX object 3rdparty/LibRaw/CMakeFiles/libraw_static.dir/src/decoders/generic.cpp.obj
[22/266] Building CXX object 3rdparty/LibRaw/CMakeFiles/libraw_static.dir/src/decoders/kodak_decoders.cpp.obj
[23/266] Building CXX object 3rdparty/LibRaw/CMakeFiles/libraw_static.dir/src/decoders/fuji_compressed.cpp.obj
[24/266] Building CXX object 3rdparty/LibRaw/CMakeFiles/libraw_static.dir/src/decoders/pana8.cpp.obj
[25/266] Building CXX object 3rdparty/LibRaw/CMakeFiles/libraw_static.dir/src/decoders/olympus14.cpp.obj
[26/266] Building CXX object 3rdparty/LibRaw/CMakeFiles/libraw_static.dir/src/decoders/load_mfbacks.cpp.obj
[27/266] Building CXX object 3rdparty/LibRaw/CMakeFiles/libraw_static.dir/src/decoders/smal.cpp.obj
[28/266] Building CXX object 3rdparty/LibRaw/CMakeFiles/libraw_static.dir/src/decompressors/losslessjpeg.cpp.obj
[29/266] Building CXX object 3rdparty/LibRaw/CMakeFiles/libraw_static.dir/src/decoders/unpack_thumb.cpp.obj
[30/266] Building CXX object 3rdparty/LibRaw/CMakeFiles/libraw_static.dir/src/decoders/unpack.cpp.obj
[31/266] Building CXX object 3rdparty/LibRaw/CMakeFiles/libraw_static.dir/src/decoders/sonycc.cpp.obj
[32/266] Building CXX object 3rdparty/LibRaw/CMakeFiles/libraw_static.dir/src/demosaic/aahd_demosaic.cpp.obj
[33/266] Building CXX object 3rdparty/LibRaw/CMakeFiles/libraw_static.dir/src/demosaic/ahd_demosaic.cpp.obj
[34/266] Building CXX object 3rdparty/LibRaw/CMakeFiles/libraw_static.dir/src/demosaic/dht_demosaic.cpp.obj
[35/266] Building CXX object 3rdparty/LibRaw/CMakeFiles/libraw_static.dir/src/demosaic/dcb_demosaic.cpp.obj
[36/266] Building CXX object 3rdparty/LibRaw/CMakeFiles/libraw_static.dir/src/demosaic/misc_demosaic.cpp.obj
[37/266] Building CXX object 3rdparty/LibRaw/CMakeFiles/libraw_static.dir/src/integration/dngsdk_glue.cpp.obj
[38/266] Building CXX object 3rdparty/LibRaw/CMakeFiles/libraw_static.dir/src/integration/rawspeed_glue.cpp.obj
[39/266] Building CXX object 3rdparty/LibRaw/CMakeFiles/libraw_static.dir/src/libraw_c_api.cpp.obj
[40/266] Building CXX object 3rdparty/LibRaw/CMakeFiles/libraw_static.dir/src/demosaic/xtrans_demosaic.cpp.obj
[41/266] Building CXX object 3rdparty/LibRaw/CMakeFiles/libraw_static.dir/src/metadata/adobepano.cpp.obj
[42/266] Building CXX object 3rdparty/LibRaw/CMakeFiles/libraw_static.dir/src/libraw_datastream.cpp.obj
[43/266] Building CXX object 3rdparty/LibRaw/CMakeFiles/libraw_static.dir/src/metadata/canon.cpp.obj
[44/266] Building CXX object 3rdparty/LibRaw/CMakeFiles/libraw_static.dir/src/metadata/ciff.cpp.obj
[45/266] Building CXX object 3rdparty/LibRaw/CMakeFiles/libraw_static.dir/src/metadata/epson.cpp.obj
[46/266] Building CXX object 3rdparty/LibRaw/CMakeFiles/libraw_static.dir/src/metadata/exif_gps.cpp.obj
[47/266] Building CXX object 3rdparty/LibRaw/CMakeFiles/libraw_static.dir/src/metadata/fuji.cpp.obj
[48/266] Building CXX object 3rdparty/LibRaw/CMakeFiles/libraw_static.dir/src/metadata/hasselblad_model.cpp.obj
[49/266] Building CXX object 3rdparty/LibRaw/CMakeFiles/libraw_static.dir/src/metadata/identify_tools.cpp.obj
[50/266] Building CXX object 3rdparty/LibRaw/CMakeFiles/libraw_static.dir/src/metadata/kodak.cpp.obj
[51/266] Building CXX object 3rdparty/LibRaw/CMakeFiles/libraw_static.dir/src/metadata/leica.cpp.obj
[52/266] Building CXX object 3rdparty/LibRaw/CMakeFiles/libraw_static.dir/src/metadata/identify.cpp.obj
[53/266] Building CXX object 3rdparty/LibRaw/CMakeFiles/libraw_static.dir/src/metadata/cr3_parser.cpp.obj
[54/266] Building CXX object 3rdparty/LibRaw/CMakeFiles/libraw_static.dir/src/metadata/makernotes.cpp.obj
[55/266] Building CXX object 3rdparty/LibRaw/CMakeFiles/libraw_static.dir/src/metadata/mediumformat.cpp.obj
[56/266] Building CXX object 3rdparty/LibRaw/CMakeFiles/libraw_static.dir/src/metadata/minolta.cpp.obj
[57/266] Building CXX object 3rdparty/LibRaw/CMakeFiles/libraw_static.dir/src/metadata/misc_parsers.cpp.obj
[58/266] Building CXX object 3rdparty/LibRaw/CMakeFiles/libraw_static.dir/src/metadata/olympus.cpp.obj
[59/266] Building CXX object 3rdparty/LibRaw/CMakeFiles/libraw_static.dir/src/metadata/normalize_model.cpp.obj
[60/266] Building CXX object 3rdparty/LibRaw/CMakeFiles/libraw_static.dir/src/metadata/nikon.cpp.obj
[61/266] Building CXX object 3rdparty/LibRaw/CMakeFiles/libraw_static.dir/src/metadata/p1.cpp.obj
[62/266] Building CXX object 3rdparty/LibRaw/CMakeFiles/libraw_static.dir/src/metadata/pentax.cpp.obj
[63/266] Building CXX object 3rdparty/LibRaw/CMakeFiles/libraw_static.dir/src/metadata/samsung.cpp.obj
[64/266] Building CXX object 3rdparty/LibRaw/CMakeFiles/libraw_static.dir/src/postprocessing/aspect_ratio.cpp.obj
[65/266] Building CXX object 3rdparty/LibRaw/CMakeFiles/libraw_static.dir/src/metadata/sony.cpp.obj
[66/266] Building CXX object 3rdparty/LibRaw/CMakeFiles/libraw_static.dir/src/postprocessing/mem_image.cpp.obj
[67/266] Building CXX object 3rdparty/LibRaw/CMakeFiles/libraw_static.dir/src/postprocessing/dcraw_process.cpp.obj
[68/266] Building CXX object 3rdparty/LibRaw/CMakeFiles/libraw_static.dir/src/metadata/tiff.cpp.obj
[69/266] Building CXX object 3rdparty/LibRaw/CMakeFiles/libraw_static.dir/src/postprocessing/postprocessing_aux.cpp.obj
[70/266] Building CXX object 3rdparty/LibRaw/CMakeFiles/libraw_static.dir/src/postprocessing/postprocessing_utils.cpp.obj
[71/266] Building CXX object 3rdparty/LibRaw/CMakeFiles/libraw_static.dir/src/postprocessing/postprocessing_utils_dcrdefs.cpp.obj
[72/266] Building CXX object 3rdparty/LibRaw/CMakeFiles/libraw_static.dir/src/preprocessing/preprocessing_ph.cpp.obj
[73/266] Building CXX object 3rdparty/LibRaw/CMakeFiles/libraw_static.dir/src/preprocessing/ext_preprocess.cpp.obj
[74/266] Building CXX object 3rdparty/LibRaw/CMakeFiles/libraw_static.dir/src/preprocessing/raw2image.cpp.obj
[75/266] Building CXX object 3rdparty/LibRaw/CMakeFiles/libraw_static.dir/src/preprocessing/subtract_black.cpp.obj
[76/266] Building CXX object 3rdparty/LibRaw/CMakeFiles/libraw_static.dir/src/tables/cameralist.cpp.obj
[77/266] Building CXX object 3rdparty/LibRaw/CMakeFiles/libraw_static.dir/src/tables/colorconst.cpp.obj
[78/266] Building CXX object 3rdparty/LibRaw/CMakeFiles/libraw_static.dir/src/tables/wblists.cpp.obj
[79/266] Building CXX object 3rdparty/LibRaw/CMakeFiles/libraw_static.dir/src/tables/colordata.cpp.obj
[80/266] Building CXX object 3rdparty/LibRaw/CMakeFiles/libraw_static.dir/src/utils/decoder_info.cpp.obj
[81/266] Building CXX object 3rdparty/LibRaw/CMakeFiles/libraw_static.dir/src/utils/curves.cpp.obj
[82/266] Building CXX object 3rdparty/LibRaw/CMakeFiles/libraw_static.dir/src/utils/init_close_utils.cpp.obj
[83/266] Building CXX object 3rdparty/LibRaw/CMakeFiles/libraw_static.dir/src/utils/open.cpp.obj
[84/266] Building CXX object 3rdparty/LibRaw/CMakeFiles/libraw_static.dir/src/utils/phaseone_processing.cpp.obj
[85/266] Building CXX object 3rdparty/LibRaw/CMakeFiles/libraw_static.dir/src/utils/read_utils.cpp.obj
[86/266] Building CXX object 3rdparty/LibRaw/CMakeFiles/libraw_static.dir/src/utils/thumb_utils.cpp.obj
[87/266] Building CXX object 3rdparty/LibRaw/CMakeFiles/libraw_static.dir/src/utils/utils_dcraw.cpp.obj
[88/266] Building CXX object 3rdparty/LibRaw/CMakeFiles/libraw_static.dir/src/x3f/x3f_parse_process.cpp.obj
[89/266] Building CXX object 3rdparty/LibRaw/CMakeFiles/libraw_static.dir/src/x3f/x3f_utils_patched.cpp.obj
[90/266] Building CXX object 3rdparty/LibRaw/CMakeFiles/libraw_static.dir/src/utils/utils_libraw.cpp.obj
[91/266] Building CXX object 3rdparty/LibRaw/CMakeFiles/libraw_static.dir/src/write/apply_profile.cpp.obj
[92/266] Building CXX object 3rdparty/LibRaw/CMakeFiles/libraw_static.dir/src/write/tiff_writer.cpp.obj
[93/266] Building CXX object 3rdparty/LibRaw/CMakeFiles/libraw_static.dir/src/write/file_write.cpp.obj
[94/266] Building CXX object 3rdparty/LibRaw/CMakeFiles/libraw_static.dir/src/write/write_ph.cpp.obj
[95/266] Building CXX object CMakeFiles/tst_scheduler.dir/tst_scheduler_autogen/mocs_compilation.cpp.obj
[96/266] Building CXX object test_scrollbench/CMakeFiles/appScrollBenchNet.dir/appScrollBenchNet_autogen/mocs_compilation.cpp.obj
[97/266] Building CXX object CMakeFiles/tst_scheduler.dir/src/LogManager.cpp.obj
[98/266] Building CXX object CMakeFiles/tst_scheduler.dir/tests/tst_scheduler.cpp.obj
[99/266] Building CXX object CMakeFiles/tst_mft.dir/tst_mft_autogen/mocs_compilation.cpp.obj
[100/266] Building CXX object CMakeFiles/tst_scheduler.dir/src/TaskScheduler.cpp.obj
[101/266] Linking CXX static library 3rdparty\LibRaw\liblibraw_static.a
[102/266] Building CXX object CMakeFiles/tst_mft.dir/tests/tst_mft.cpp.obj
[103/266] Building CXX object test_scrollbench/CMakeFiles/appScrollBenchNet.dir/src/main_net_watchdog.cpp.obj
[104/266] Building CXX object CMakeFiles/tst_mft.dir/src/FastVolumeScanner.cpp.obj
[105/266] Linking CXX executable tst_scheduler.exe
[106/266] Linking CXX executable D:\Dev\antigravity\test_scrollbench\deploy\appScrollBenchNet.exe
[107/266] Automatic MOC and UIC for target appSamsungGallery
[108/266] Linking CXX executable tst_mft.exe
[109/266] Automatic MOC and UIC for target appScrollBench
[110/266] Automatic MOC and UIC for target tst_imagemodel
[111/266] Automatic MOC and UIC for target tst_linkage
[112/266] Running rcc for resource qmake_SamsungGallery
[113/266] Running rcc for resource appSamsungGallery_raw_qml_0
[114/266] Generating .rcc/qmlcache/appSamsungGallery_qmlcache_loader.cpp
[115/266] Running AUTOMOC file extraction for target appScrollBench
[116/266] Running rcc for resource qmake_ScrollBench
[117/266] Running AUTOMOC file extraction for target appSamsungGallery
[118/266] Running rcc for resource appScrollBench_raw_qml_0
[119/266] Generating .rcc/qmlcache/appScrollBench_qmlcache_loader.cpp
[120/266] Running moc --collect-json for target appScrollBench
[121/266] Automatic MOC and UIC for target tst_automation
[122/266] Running moc --collect-json for target appSamsungGallery
[123/266] Building CXX object CMakeFiles/tst_imagemodel.dir/src/DesktopHelper.cpp.obj
[124/266] Building CXX object CMakeFiles/tst_imagemodel.dir/tests/tst_imagemodel.cpp.obj
[125/266] Building CXX object CMakeFiles/tst_imagemodel.dir/tst_imagemodel_autogen/mocs_compilation.cpp.obj
[126/266] Building CXX object CMakeFiles/tst_imagemodel.dir/src/SystemMonitor.cpp.obj
[127/266] Automatic QML type registration for target appScrollBench
[128/266] Building CXX object CMakeFiles/tst_imagemodel.dir/src/ImageModel.cpp.obj
In file included from D:/Dev/antigravity/3rdparty/LibRaw/libraw/libraw_datastream.h:38,
                 from D:/Dev/antigravity/3rdparty/LibRaw/libraw/libraw.h:77,
                 from D:/Dev/antigravity/src/ImageModel.cpp:15:
D:/Qt/Tools/mingw1310_64/x86_64-w64-mingw32/include/winsock2.h:15:2: warning: #warning Please include winsock2.h before windows.h [-Wcpp]
   15 | #warning Please include winsock2.h before windows.h
      |  ^~~~~~~
[129/266] Building CXX object CMakeFiles/tst_imagemodel.dir/src/SettingsHelper.cpp.obj
[130/266] Automatic QML type registration for target appSamsungGallery
[131/266] Generating .rcc/qmlcache/appScrollBench_qml/GalleryViewSemanticScrollBench_qml.cpp, .rcc/qmlcache/appScrollBench_qml/GalleryViewSemanticScrollBench_qml.cpp.aotstats
[132/266] Generating .rcc/qmlcache/appScrollBench_qml/GalleryViewScrollBench_qml.cpp, .rcc/qmlcache/appScrollBench_qml/GalleryViewScrollBench_qml.cpp.aotstats
[133/266] Generating .rcc/qmlcache/appSamsungGallery_resources/qml_legacy/Main_qml.cpp, .rcc/qmlcache/appSamsungGallery_resources/qml_legacy/Main_qml.cpp.aotstats
[134/266] Building CXX object CMakeFiles/tst_imagemodel.dir/src/LogManager.cpp.obj
[135/266] Building CXX object CMakeFiles/tst_imagemodel.dir/src/VideoThumbnailer.cpp.obj
[136/266] Generating .rcc/qmlcache/appScrollBench_qml/MainScrollBench_qml.cpp, .rcc/qmlcache/appScrollBench_qml/MainScrollBench_qml.cpp.aotstats
[137/266] Generating .rcc/qmlcache/appSamsungGallery_resources/qml_legacy/GalleryViewSemantic_qml.cpp, .rcc/qmlcache/appSamsungGallery_resources/qml_legacy/GalleryViewSemantic_qml.cpp.aotstats
[138/266] Generating .rcc/qmlcache/appSamsungGallery_resources/qml_legacy/GalleryView_qml.cpp, .rcc/qmlcache/appSamsungGallery_resources/qml_legacy/GalleryView_qml.cpp.aotstats
[139/266] Generating .rcc/qmlcache/appSamsungGallery_resources/qml_legacy/PhotoViewer_qml.cpp, .rcc/qmlcache/appSamsungGallery_resources/qml_legacy/PhotoViewer_qml.cpp.aotstats
[140/266] Generating .rcc/qmlcache/appSamsungGallery_resources/qml_legacy/GalleryViewTiles_qml.cpp, .rcc/qmlcache/appSamsungGallery_resources/qml_legacy/GalleryViewTiles_qml.cpp.aotstats
[141/266] Generating .rcc/qmlcache/appSamsungGallery_resources/qml_legacy/AlbumsView_qml.cpp, .rcc/qmlcache/appSamsungGallery_resources/qml_legacy/AlbumsView_qml.cpp.aotstats
[142/266] Building CXX object CMakeFiles/tst_imagemodel.dir/src/AsyncImageProvider.cpp.obj
[143/266] Generating .rcc/qmlcache/appSamsungGallery_resources/qml_legacy/BottomBar_qml.cpp, .rcc/qmlcache/appSamsungGallery_resources/qml_legacy/BottomBar_qml.cpp.aotstats
[144/266] Generating .rcc/qmlcache/appSamsungGallery_resources/qml_legacy/DateScrubber_qml.cpp, .rcc/qmlcache/appSamsungGallery_resources/qml_legacy/DateScrubber_qml.cpp.aotstats
[145/266] Generating .rcc/qmlcache/appScrollBench_qml/AlbumsViewScrollBench_qml.cpp, .rcc/qmlcache/appScrollBench_qml/AlbumsViewScrollBench_qml.cpp.aotstats
[146/266] Generating .rcc/qmlcache/appSamsungGallery_resources/qml_legacy/UsageGraph_qml.cpp, .rcc/qmlcache/appSamsungGallery_resources/qml_legacy/UsageGraph_qml.cpp.aotstats
[147/266] Generating .rcc/qmlcache/appSamsungGallery_resources/qml_legacy/StatsOverlay_qml.cpp, .rcc/qmlcache/appSamsungGallery_resources/qml_legacy/StatsOverlay_qml.cpp.aotstats
[148/266] Generating .rcc/qmlcache/appScrollBench_qml/UsageGraph_qml.cpp, .rcc/qmlcache/appScrollBench_qml/UsageGraph_qml.cpp.aotstats
[149/266] Generating .rcc/qmlcache/appScrollBench_qml/PhotoViewerScrollBench_qml.cpp, .rcc/qmlcache/appScrollBench_qml/PhotoViewerScrollBench_qml.cpp.aotstats
[150/266] Generating .rcc/qmlcache/appScrollBench_qml/DateScrubber_qml.cpp, .rcc/qmlcache/appScrollBench_qml/DateScrubber_qml.cpp.aotstats
[151/266] Generating .rcc/qmlcache/appScrollBench_qml/PerformanceOverlay_qml.cpp, .rcc/qmlcache/appScrollBench_qml/PerformanceOverlay_qml.cpp.aotstats
[152/266] Generating .rcc/qmlcache/appScrollBench_qml/ResizeEditor_qml.cpp, .rcc/qmlcache/appScrollBench_qml/ResizeEditor_qml.cpp.aotstats
[153/266] Generating .rcc/qmlcache/appScrollBench_qml/SelectionActionBar_qml.cpp, .rcc/qmlcache/appScrollBench_qml/SelectionActionBar_qml.cpp.aotstats
[154/266] Generating .rcc/qmlcache/appScrollBench_qml/BenchmarkRunner_qml.cpp, .rcc/qmlcache/appScrollBench_qml/BenchmarkRunner_qml.cpp.aotstats
[155/266] Generating .rcc/qmlcache/appScrollBench_qml/VideoFeedbackOverlay_qml.cpp, .rcc/qmlcache/appScrollBench_qml/VideoFeedbackOverlay_qml.cpp.aotstats
[156/266] Generating .rcc/qmlcache/appScrollBench_qml/ShareDialog_qml.cpp, .rcc/qmlcache/appScrollBench_qml/ShareDialog_qml.cpp.aotstats
[157/266] Generating .rcc/qmlcache/appScrollBench_qml/DebugTuner_qml.cpp, .rcc/qmlcache/appScrollBench_qml/DebugTuner_qml.cpp.aotstats
[158/266] Generating .rcc/qmlcache/appScrollBench_qml/DiagnosticRow_qml.cpp, .rcc/qmlcache/appScrollBench_qml/DiagnosticRow_qml.cpp.aotstats
[159/266] Generating .rcc/qmlcache/appScrollBench_qml/DiagnosticsOverlay_qml.cpp, .rcc/qmlcache/appScrollBench_qml/DiagnosticsOverlay_qml.cpp.aotstats
[160/266] Building CXX object CMakeFiles/tst_imagemodel.dir/src/TaskScheduler.cpp.obj
[161/266] Building CXX object CMakeFiles/appSamsungGallery.dir/src_legacy/GroupedProxyModel.cpp.obj
[162/266] Building CXX object CMakeFiles/appSamsungGallery.dir/src_legacy/main.cpp.obj
[163/266] Building CXX object CMakeFiles/appSamsungGallery.dir/src_legacy/SettingsHelper.cpp.obj
[164/266] Building CXX object CMakeFiles/appSamsungGallery.dir/appSamsungGallery_autogen/mocs_compilation.cpp.obj
[165/266] Building CXX object CMakeFiles/appSamsungGallery.dir/src_legacy/SystemMonitor.cpp.obj
[166/266] Building CXX object CMakeFiles/appSamsungGallery.dir/src_legacy/AlbumModel.cpp.obj
D:/Dev/antigravity/src_legacy/AlbumModel.cpp: In member function 'void AlbumModel::scanAlbums(const QString&)':
D:/Dev/antigravity/src_legacy/AlbumModel.cpp:120:5: warning: ignoring return value of 'auto QtConcurrent::run(Function&&, Args&& ...) [with Function = AlbumModel::scanAlbums(const QString&)::<lambda()>; Args = {}]', declared with attribute 'nodiscard': 'Use QThreadPool::start(Callable&&) if you don't need the returned QFuture' [-Wunused-result]
  120 |   });
      |     ^
In file included from D:/Qt/6.9.3/mingw_64/include/QtConcurrent/QtConcurrent:14,
                 from D:/Dev/antigravity/src_legacy/AlbumModel.cpp:6:
D:/Qt/6.9.3/mingw_64/include/QtConcurrent/qtconcurrentrun.h:63:6: note: declared here
   63 | auto run(Function &&f, Args &&...args)
      |      ^~~
[167/266] Building CXX object CMakeFiles/appSamsungGallery.dir/src_legacy/DesktopHelper.cpp.obj
[168/266] Building CXX object CMakeFiles/appSamsungGallery.dir/src_legacy/ImageModel.cpp.obj
[169/266] Building CXX object CMakeFiles/appSamsungGallery.dir/build/.qt/rcc/qrc_qmake_SamsungGallery.cpp.obj
[170/266] Building CXX object CMakeFiles/appSamsungGallery.dir/src_legacy/VideoThumbnailer.cpp.obj
[171/266] Building CXX object CMakeFiles/appSamsungGallery.dir/src_legacy/AsyncImageProvider.cpp.obj
[172/266] Building CXX object CMakeFiles/appSamsungGallery.dir/src_legacy/LogManager.cpp.obj
[173/266] Building CXX object CMakeFiles/appSamsungGallery.dir/appsamsunggallery_qmltyperegistrations.cpp.obj
[174/266] Building CXX object CMakeFiles/appSamsungGallery.dir/build/.rcc/qmlcache/appSamsungGallery_qmlcache_loader.cpp.obj
[175/266] Building CXX object CMakeFiles/appSamsungGallery.dir/src_legacy/TaskScheduler.cpp.obj
[176/266] Building CXX object CMakeFiles/appSamsungGallery.dir/build/.rcc/qmlcache/appSamsungGallery_resources/qml_legacy/GalleryView_qml.cpp.obj
[177/266] Building CXX object CMakeFiles/appSamsungGallery.dir/build/.rcc/qmlcache/appSamsungGallery_resources/qml_legacy/GalleryViewSemantic_qml.cpp.obj
[178/266] Building CXX object CMakeFiles/appSamsungGallery.dir/build/.rcc/qmlcache/appSamsungGallery_resources/qml_legacy/GalleryViewTiles_qml.cpp.obj
[179/266] Building CXX object CMakeFiles/appSamsungGallery.dir/build/.rcc/qmlcache/appSamsungGallery_resources/qml_legacy/Main_qml.cpp.obj
[180/266] Building CXX object CMakeFiles/appSamsungGallery.dir/build/.rcc/qmlcache/appSamsungGallery_resources/qml_legacy/DateScrubber_qml.cpp.obj
[181/266] Building CXX object CMakeFiles/appSamsungGallery.dir/build/.qt/rcc/qrc_appSamsungGallery_raw_qml_0.cpp.obj
[182/266] Building CXX object CMakeFiles/appSamsungGallery.dir/build/.rcc/qmlcache/appSamsungGallery_resources/qml_legacy/BottomBar_qml.cpp.obj
[183/266] Building CXX object CMakeFiles/appSamsungGallery.dir/build/.rcc/qmlcache/appSamsungGallery_resources/qml_legacy/AlbumsView_qml.cpp.obj
[184/266] Building CXX object CMakeFiles/tst_imagemodel.dir/src/HardwareAccelerationManager.cpp.obj
[185/266] Building CXX object CMakeFiles/appSamsungGallery.dir/build/.rcc/qmlcache/appSamsungGallery_resources/qml_legacy/UsageGraph_qml.cpp.obj
[186/266] Building CXX object CMakeFiles/appSamsungGallery.dir/build/.rcc/qmlcache/appSamsungGallery_resources/qml_legacy/PhotoViewer_qml.cpp.obj
[187/266] Building CXX object CMakeFiles/appSamsungGallery.dir/build/.rcc/qmlcache/appSamsungGallery_resources/qml_legacy/StatsOverlay_qml.cpp.obj
[188/266] Building CXX object CMakeFiles/tst_imagemodel.dir/src/FrameBudgetScheduler.cpp.obj
[189/266] Building CXX object CMakeFiles/tst_imagemodel.dir/src/FastVolumeScanner.cpp.obj
[190/266] Building CXX object test_scrollbench/CMakeFiles/appScrollBench.dir/src/FrameBudgetScheduler.cpp.obj
[191/266] Building CXX object test_scrollbench/CMakeFiles/appScrollBench.dir/src/FileTypeRouter.cpp.obj
[192/266] Building CXX object test_scrollbench/CMakeFiles/appScrollBench.dir/src/TelemetryMonitor.cpp.obj
[193/266] Building CXX object test_scrollbench/CMakeFiles/appScrollBench.dir/src/FastImageItem.cpp.obj
[194/266] Building CXX object test_scrollbench/CMakeFiles/appScrollBench.dir/src/main_scrollbench.cpp.obj
[195/266] Building CXX object test_scrollbench/CMakeFiles/appScrollBench.dir/__/src/VideoThumbnailer.cpp.obj
[196/266] Building CXX object test_scrollbench/CMakeFiles/appScrollBench.dir/src/ScrollBenchImageModel.cpp.obj
In file included from D:/Dev/antigravity/3rdparty/LibRaw/libraw/libraw_datastream.h:38,
                 from D:/Dev/antigravity/3rdparty/LibRaw/libraw/libraw.h:77,
                 from D:/Dev/antigravity/test_scrollbench/src/ScrollBenchImageModel.cpp:19:
D:/Qt/Tools/mingw1310_64/x86_64-w64-mingw32/include/winsock2.h:15:2: warning: #warning Please include winsock2.h before windows.h [-Wcpp]
   15 | #warning Please include winsock2.h before windows.h
      |  ^~~~~~~
[197/266] Building CXX object test_scrollbench/CMakeFiles/appScrollBench.dir/appScrollBench_autogen/mocs_compilation.cpp.obj
[198/266] Building CXX object test_scrollbench/CMakeFiles/appScrollBench.dir/__/src/TaskScheduler.cpp.obj
[199/266] Building CXX object test_scrollbench/CMakeFiles/appScrollBench.dir/__/src/DesktopHelper.cpp.obj
[200/266] Building CXX object test_scrollbench/CMakeFiles/appScrollBench.dir/__/src/LogManager.cpp.obj
[201/266] Building CXX object test_scrollbench/CMakeFiles/appScrollBench.dir/__/src/SystemMonitor.cpp.obj
[202/266] Building CXX object test_scrollbench/CMakeFiles/appScrollBench.dir/__/src/AsyncImageProvider.cpp.obj
[203/266] Building CXX object test_scrollbench/CMakeFiles/appScrollBench.dir/__/src/GroupedProxyModel.cpp.obj
[204/266] Building CXX object test_scrollbench/CMakeFiles/appScrollBench.dir/__/src/ImageProcessor.cpp.obj
[205/266] Building CXX object test_scrollbench/CMakeFiles/appScrollBench.dir/__/src/SettingsHelper.cpp.obj
[206/266] Building CXX object test_scrollbench/CMakeFiles/appScrollBench.dir/__/src/HardwareAccelerationManager.cpp.obj
[207/266] Building CXX object test_scrollbench/CMakeFiles/appScrollBench.dir/.qt/rcc/qrc_qmake_ScrollBench.cpp.obj
[208/266] Building CXX object test_scrollbench/CMakeFiles/appScrollBench.dir/appscrollbench_qmltyperegistrations.cpp.obj
[209/266] Building CXX object test_scrollbench/CMakeFiles/appScrollBench.dir/src/DiagnosticsMonitor.cpp.obj
[210/266] Building CXX object test_scrollbench/CMakeFiles/appScrollBench.dir/__/src/FastVolumeScanner.cpp.obj
[211/266] Building CXX object test_scrollbench/CMakeFiles/appScrollBench.dir/.rcc/qmlcache/appScrollBench_qmlcache_loader.cpp.obj
[212/266] Building CXX object test_scrollbench/CMakeFiles/appScrollBench.dir/__/src/AlbumModel.cpp.obj
D:/Dev/antigravity/src/AlbumModel.cpp: In member function 'void AlbumModel::scanAlbums(const QString&)':
D:/Dev/antigravity/src/AlbumModel.cpp:259:5: warning: ignoring return value of 'auto QtConcurrent::run(Function&&, Args&& ...) [with Function = AlbumModel::scanAlbums(const QString&)::<lambda()>; Args = {}]', declared with attribute 'nodiscard': 'Use QThreadPool::start(Callable&&) if you don't need the returned QFuture' [-Wunused-result]
  259 |   });
      |     ^
In file included from D:/Qt/6.9.3/mingw_64/include/QtConcurrent/QtConcurrent:14,
                 from D:/Dev/antigravity/src/AlbumModel.cpp:11:
D:/Qt/6.9.3/mingw_64/include/QtConcurrent/qtconcurrentrun.h:63:6: note: declared here
   63 | auto run(Function &&f, Args &&...args)
      |      ^~~
[213/266] Building CXX object test_scrollbench/CMakeFiles/appScrollBench.dir/.rcc/qmlcache/appScrollBench_qml/MainScrollBench_qml.cpp.obj
[214/266] Building CXX object test_scrollbench/CMakeFiles/appScrollBench.dir/.rcc/qmlcache/appScrollBench_qml/GalleryViewScrollBench_qml.cpp.obj
[215/266] Building CXX object test_scrollbench/CMakeFiles/appScrollBench.dir/.rcc/qmlcache/appScrollBench_qml/GalleryViewSemanticScrollBench_qml.cpp.obj
[216/266] Building CXX object test_scrollbench/CMakeFiles/appScrollBench.dir/.rcc/qmlcache/appScrollBench_qml/PerformanceOverlay_qml.cpp.obj
[217/266] Building CXX object test_scrollbench/CMakeFiles/appScrollBench.dir/.rcc/qmlcache/appScrollBench_qml/AlbumsViewScrollBench_qml.cpp.obj
[218/266] Building CXX object test_scrollbench/CMakeFiles/appScrollBench.dir/.rcc/qmlcache/appScrollBench_qml/ShareDialog_qml.cpp.obj
[219/266] Building CXX object test_scrollbench/CMakeFiles/appScrollBench.dir/.rcc/qmlcache/appScrollBench_qml/UsageGraph_qml.cpp.obj
[220/266] Building CXX object test_scrollbench/CMakeFiles/appScrollBench.dir/.rcc/qmlcache/appScrollBench_qml/DateScrubber_qml.cpp.obj
[221/266] Building CXX object test_scrollbench/CMakeFiles/appScrollBench.dir/.rcc/qmlcache/appScrollBench_qml/ResizeEditor_qml.cpp.obj
[222/266] Building CXX object test_scrollbench/CMakeFiles/appScrollBench.dir/.rcc/qmlcache/appScrollBench_qml/SelectionActionBar_qml.cpp.obj
[223/266] Building CXX object test_scrollbench/CMakeFiles/appScrollBench.dir/.rcc/qmlcache/appScrollBench_qml/VideoFeedbackOverlay_qml.cpp.obj
[224/266] Building CXX object test_scrollbench/CMakeFiles/appScrollBench.dir/.qt/rcc/qrc_appScrollBench_raw_qml_0.cpp.obj
[225/266] Building CXX object test_scrollbench/CMakeFiles/appScrollBench.dir/.rcc/qmlcache/appScrollBench_qml/PhotoViewerScrollBench_qml.cpp.obj
[226/266] Building CXX object test_scrollbench/CMakeFiles/appScrollBench.dir/.rcc/qmlcache/appScrollBench_qml/DiagnosticsOverlay_qml.cpp.obj
[227/266] Building CXX object test_scrollbench/CMakeFiles/appScrollBench.dir/.rcc/qmlcache/appScrollBench_qml/BenchmarkRunner_qml.cpp.obj
[228/266] Building CXX object test_scrollbench/CMakeFiles/appScrollBench.dir/.rcc/qmlcache/appScrollBench_qml/DiagnosticRow_qml.cpp.obj
[229/266] Building CXX object test_scrollbench/CMakeFiles/appScrollBench.dir/.rcc/qmlcache/appScrollBench_qml/DebugTuner_qml.cpp.obj
[230/266] Building CXX object test_scrollbench/CMakeFiles/tst_linkage.dir/src/tst_linkage.cpp.obj
[231/266] Building CXX object test_scrollbench/CMakeFiles/tst_linkage.dir/src/FrameBudgetScheduler.cpp.obj
[232/266] Building CXX object test_scrollbench/CMakeFiles/tst_linkage.dir/src/FileTypeRouter.cpp.obj
[233/266] Building CXX object test_scrollbench/CMakeFiles/tst_linkage.dir/__/src/DesktopHelper.cpp.obj
[234/266] Building CXX object test_scrollbench/CMakeFiles/tst_linkage.dir/__/src/GroupedProxyModel.cpp.obj
[235/266] Building CXX object test_scrollbench/CMakeFiles/tst_linkage.dir/__/src/TaskScheduler.cpp.obj
[236/266] Building CXX object test_scrollbench/CMakeFiles/tst_linkage.dir/__/src/VideoThumbnailer.cpp.obj
[237/266] Building CXX object test_scrollbench/CMakeFiles/tst_linkage.dir/tst_linkage_autogen/mocs_compilation.cpp.obj
[238/266] Building CXX object test_scrollbench/CMakeFiles/tst_linkage.dir/__/src/SettingsHelper.cpp.obj
[239/266] Building CXX object test_scrollbench/CMakeFiles/tst_linkage.dir/src/ScrollBenchImageModel.cpp.obj
In file included from D:/Dev/antigravity/3rdparty/LibRaw/libraw/libraw_datastream.h:38,
                 from D:/Dev/antigravity/3rdparty/LibRaw/libraw/libraw.h:77,
                 from D:/Dev/antigravity/test_scrollbench/src/ScrollBenchImageModel.cpp:19:
D:/Qt/Tools/mingw1310_64/x86_64-w64-mingw32/include/winsock2.h:15:2: warning: #warning Please include winsock2.h before windows.h [-Wcpp]
   15 | #warning Please include winsock2.h before windows.h
      |  ^~~~~~~
[240/266] Building CXX object test_scrollbench/CMakeFiles/tst_linkage.dir/__/src/SystemMonitor.cpp.obj
[241/266] Building CXX object test_scrollbench/CMakeFiles/tst_linkage.dir/__/src/HardwareAccelerationManager.cpp.obj
[242/266] Building CXX object test_scrollbench/CMakeFiles/tst_linkage.dir/__/src/ImageProcessor.cpp.obj
[243/266] Building CXX object test_scrollbench/CMakeFiles/tst_linkage.dir/__/src/LogManager.cpp.obj
[244/266] Building CXX object test_scrollbench/CMakeFiles/tst_linkage.dir/__/src/FastVolumeScanner.cpp.obj
[245/266] Building CXX object test_scrollbench/CMakeFiles/tst_automation.dir/src/FileTypeRouter.cpp.obj
[246/266] Building CXX object test_scrollbench/CMakeFiles/tst_linkage.dir/__/src/AsyncImageProvider.cpp.obj
[247/266] Building CXX object test_scrollbench/CMakeFiles/tst_automation.dir/src/tst_automation.cpp.obj
[248/266] Building CXX object test_scrollbench/CMakeFiles/tst_automation.dir/src/FrameBudgetScheduler.cpp.obj
[249/266] Building CXX object test_scrollbench/CMakeFiles/tst_automation.dir/__/src/TaskScheduler.cpp.obj
[250/266] Building CXX object test_scrollbench/CMakeFiles/tst_automation.dir/__/src/DesktopHelper.cpp.obj
[251/266] Building CXX object test_scrollbench/CMakeFiles/tst_automation.dir/__/src/VideoThumbnailer.cpp.obj
[252/266] Building CXX object test_scrollbench/CMakeFiles/tst_automation.dir/tst_automation_autogen/mocs_compilation.cpp.obj
[253/266] Building CXX object test_scrollbench/CMakeFiles/tst_automation.dir/__/src/GroupedProxyModel.cpp.obj
[254/266] Building CXX object test_scrollbench/CMakeFiles/tst_automation.dir/src/ScrollBenchImageModel.cpp.obj
In file included from D:/Dev/antigravity/3rdparty/LibRaw/libraw/libraw_datastream.h:38,
                 from D:/Dev/antigravity/3rdparty/LibRaw/libraw/libraw.h:77,
                 from D:/Dev/antigravity/test_scrollbench/src/ScrollBenchImageModel.cpp:19:
D:/Qt/Tools/mingw1310_64/x86_64-w64-mingw32/include/winsock2.h:15:2: warning: #warning Please include winsock2.h before windows.h [-Wcpp]
   15 | #warning Please include winsock2.h before windows.h
      |  ^~~~~~~
[255/266] Building CXX object test_scrollbench/CMakeFiles/tst_automation.dir/__/src/ImageProcessor.cpp.obj
[256/266] Building CXX object test_scrollbench/CMakeFiles/tst_automation.dir/__/src/HardwareAccelerationManager.cpp.obj
[257/266] Building CXX object test_scrollbench/CMakeFiles/tst_automation.dir/__/src/LogManager.cpp.obj
[258/266] Building CXX object test_scrollbench/CMakeFiles/tst_automation.dir/__/src/SystemMonitor.cpp.obj
[259/266] Building CXX object test_scrollbench/CMakeFiles/tst_automation.dir/__/src/SettingsHelper.cpp.obj
[260/266] Linking CXX executable tst_imagemodel.exe
[261/266] Linking CXX executable D:\Dev\antigravity\test_scrollbench\deploy\tst_linkage.exe
[262/266] Building CXX object test_scrollbench/CMakeFiles/tst_automation.dir/__/src/AsyncImageProvider.cpp.obj
[263/266] Building CXX object test_scrollbench/CMakeFiles/tst_automation.dir/__/src/FastVolumeScanner.cpp.obj
[264/266] Linking CXX executable D:\Dev\antigravity\test_scrollbench\deploy\tst_automation.exe
[265/266] Linking CXX executable appSamsungGallery.exe
[266/266] Linking CXX executable D:\Dev\antigravity\test_scrollbench\deploy\appScrollBench.exe
  -> Deploying Qt Dependencies...
Adding local dependencyD:/Dev/antigravity/build/avcodec-62.dll
Adding local dependencyD:/Dev/antigravity/build/avformat-62.dll
Adding local dependencyD:/Dev/antigravity/build/avutil-60.dll
Adding local dependencyD:/Dev/antigravity/build/swscale-9.dll
Adding local dependencyD:/Dev/antigravity/build/swresample-6.dll
D:\Dev\antigravity\build\appSamsungGallery.exe 64 bit, release executable [QML]
Scanning D:\Dev\antigravity\resources\qml:
qmlimportscanner returned invalid JSON output: illegal value :""
  -> Deploying ScrollBench to test_scrollbench/deploy...
Adding local dependencyD:/Dev/antigravity/test_scrollbench/deploy/avcodec-62.dll
Adding local dependencyD:/Dev/antigravity/test_scrollbench/deploy/avformat-62.dll
Adding local dependencyD:/Dev/antigravity/test_scrollbench/deploy/avutil-60.dll
Adding local dependencyD:/Dev/antigravity/test_scrollbench/deploy/swscale-9.dll
Adding local dependencyD:/Dev/antigravity/test_scrollbench/deploy/libgcc_s_seh-1.dll
Adding local dependencyD:/Dev/antigravity/test_scrollbench/deploy/libwinpthread-1.dll
Adding local dependencyD:/Dev/antigravity/test_scrollbench/deploy/libstdc++-6.dll
Adding local dependencyD:/Dev/antigravity/test_scrollbench/deploy/swresample-6.dll
D:\Dev\antigravity\test_scrollbench\deploy\appScrollBench.exe 64 bit, release executable [QML]
Scanning D:\Dev\antigravity\test_scrollbench\qml:
QML imports:
  'QtQuick' D:\Qt\6.9.3\mingw_64\qml\QtQuick
  'QtQml' D:\Qt\6.9.3\mingw_64\qml\QtQml
  'QML' D:\Qt\6.9.3\mingw_64\qml\QML
  'QtQml.Models' D:\Qt\6.9.3\mingw_64\qml\QtQml\Models
  'QtQml.WorkerScript' D:\Qt\6.9.3\mingw_64\qml\QtQml\WorkerScript
  'QtQuick.Controls' D:\Qt\6.9.3\mingw_64\qml\QtQuick\Controls
  'QtQuick.Controls.Fusion' D:\Qt\6.9.3\mingw_64\qml\QtQuick\Controls\Fusion
  'QtQuick.Controls.Material' D:\Qt\6.9.3\mingw_64\qml\QtQuick\Controls\Material
  'QtQuick.Controls.Imagine' D:\Qt\6.9.3\mingw_64\qml\QtQuick\Controls\Imagine
  'QtQuick.Controls.Universal' D:\Qt\6.9.3\mingw_64\qml\QtQuick\Controls\Universal
  'QtQuick.Controls.FluentWinUI3' D:\Qt\6.9.3\mingw_64\qml\QtQuick\Controls\FluentWinUI3
  'QtQuick.Controls.Windows' D:\Qt\6.9.3\mingw_64\qml\QtQuick\Controls\Windows
  'QtQuick.Controls.Basic' D:\Qt\6.9.3\mingw_64\qml\QtQuick\Controls\Basic
  'QtQuick.Templates' D:\Qt\6.9.3\mingw_64\qml\QtQuick\Templates
  'QtQuick.Controls.impl' D:\Qt\6.9.3\mingw_64\qml\QtQuick\Controls\impl
  'QtQuick.Controls.Fusion.impl' D:\Qt\6.9.3\mingw_64\qml\QtQuick\Controls\Fusion\impl
  'QtQuick.Window' D:\Qt\6.9.3\mingw_64\qml\QtQuick\Window
  'QtQuick.Controls.Material.impl' D:\Qt\6.9.3\mingw_64\qml\QtQuick\Controls\Material\impl
  'QtQuick.Controls.Imagine.impl' D:\Qt\6.9.3\mingw_64\qml\QtQuick\Controls\Imagine\impl
  'QtQuick.Controls.Universal.impl' D:\Qt\6.9.3\mingw_64\qml\QtQuick\Controls\Universal\impl
  'QtQuick.Controls.FluentWinUI3.impl' D:\Qt\6.9.3\mingw_64\qml\QtQuick\Controls\FluentWinUI3\impl
  'QtQuick.Effects' D:\Qt\6.9.3\mingw_64\qml\QtQuick\Effects
  'QtQuick.Layouts' D:\Qt\6.9.3\mingw_64\qml\QtQuick\Layouts
  'QtQuick.Shapes' D:\Qt\6.9.3\mingw_64\qml\QtQuick\Shapes
  'QtQuick.NativeStyle' D:\Qt\6.9.3\mingw_64\qml\QtQuick\NativeStyle
  'QtQuick.Controls.Windows.impl' D:\Qt\6.9.3\mingw_64\qml\QtQuick\Controls\Windows\impl
  'QtQuick.Controls.Basic.impl' D:\Qt\6.9.3\mingw_64\qml\QtQuick\Controls\Basic\impl
  'Qt.labs.qmlmodels' D:\Qt\6.9.3\mingw_64\qml\Qt\labs\qmlmodels
  'QtQuick.Dialogs' D:\Qt\6.9.3\mingw_64\qml\QtQuick\Dialogs
  'QtQuick.Dialogs.quickimpl' D:\Qt\6.9.3\mingw_64\qml\QtQuick\Dialogs\quickimpl
  'Qt.labs.folderlistmodel' D:\Qt\6.9.3\mingw_64\qml\Qt\labs\folderlistmodel
  'QtMultimedia' D:\Qt\6.9.3\mingw_64\qml\QtMultimedia
Adding in plugin type generic for module: Qt6Gui
Adding in plugin type iconengines for module: Qt6Gui
Adding Qt6Svg for qsvgicon.dll from plugin type: iconengines
Adding in plugin type imageformats for module: Qt6Gui
Adding in plugin type multimedia for module: Qt6Multimedia
Adding in plugin type networkinformation for module: Qt6Network
Adding in plugin type platforms for module: Qt6Gui
Adding in plugin type qmltooling for module: Qt6Qml
Adding Qt6Quick3DUtils for qmldbg_quick3dprofiler.dll from plugin type: qmltooling
Adding in plugin type tls for module: Qt6Network
Skipping plugin qopensslbackend.dll. Use -force-openssl or specify -openssl-root if you want to use it.
Direct dependencies: Qt6Core Qt6Gui Qt6Network Qt6OpenGL Qt6Qml Qt6QmlMeta Qt6QmlModels Qt6QmlWorkerScript Qt6Quick Qt6QuickControls2 Qt6QuickTemplates2
All dependencies   : Qt6Core Qt6Gui Qt6LabsFolderListModel Qt6LabsQmlModels Qt6Multimedia Qt6MultimediaQuick Qt6Network Qt6OpenGL Qt6Qml Qt6QmlMeta Qt6QmlModels Qt6QmlWorkerScript Qt6Quick Qt6QuickControls2 Qt6QuickControls2Basic Qt6QuickControls2BasicStyleImpl Qt6QuickControls2FluentWinUI3StyleImpl Qt6QuickControls2Fusion Qt6QuickControls2FusionStyleImpl Qt6QuickControls2Imagine Qt6QuickControls2ImagineStyleImpl Qt6QuickControls2Impl Qt6QuickControls2Material Qt6QuickControls2MaterialStyleImpl Qt6QuickControls2Universal Qt6QuickControls2UniversalStyleImpl Qt6QuickControls2WindowsStyleImpl Qt6QuickDialogs2 Qt6QuickDialogs2QuickImpl Qt6QuickDialogs2Utils Qt6QuickEffects Qt6QuickLayouts Qt6QuickShapes Qt6QuickTemplates2
To be deployed     : Qt6Core Qt6Gui Qt6LabsFolderListModel Qt6LabsQmlModels Qt6Multimedia Qt6MultimediaQuick Qt6Network Qt6OpenGL Qt6Qml Qt6QmlMeta Qt6QmlModels Qt6QmlWorkerScript Qt6Quick Qt6Quick3DUtils Qt6QuickControls2 Qt6QuickControls2Basic Qt6QuickControls2BasicStyleImpl Qt6QuickControls2FluentWinUI3StyleImpl Qt6QuickControls2Fusion Qt6QuickControls2FusionStyleImpl Qt6QuickControls2Imagine Qt6QuickControls2ImagineStyleImpl Qt6QuickControls2Impl Qt6QuickControls2Material Qt6QuickControls2MaterialStyleImpl Qt6QuickControls2Universal Qt6QuickControls2UniversalStyleImpl Qt6QuickControls2WindowsStyleImpl Qt6QuickDialogs2 Qt6QuickDialogs2QuickImpl Qt6QuickDialogs2Utils Qt6QuickEffects Qt6QuickLayouts Qt6QuickShapes Qt6QuickTemplates2 Qt6Svg
Qt6Core.dll is up to date.
Qt6Gui.dll is up to date.
Qt6LabsFolderListModel.dll is up to date.
Qt6LabsQmlModels.dll is up to date.
Qt6Multimedia.dll is up to date.
Qt6MultimediaQuick.dll is up to date.
Qt6Network.dll is up to date.
Qt6OpenGL.dll is up to date.
Qt6Qml.dll is up to date.
Qt6QmlMeta.dll is up to date.
Qt6QmlModels.dll is up to date.
Qt6QmlWorkerScript.dll is up to date.
Qt6Quick.dll is up to date.
Qt6Quick3DUtils.dll is up to date.
Qt6QuickControls2.dll is up to date.
Qt6QuickControls2Basic.dll is up to date.
Qt6QuickControls2BasicStyleImpl.dll is up to date.
Qt6QuickControls2FluentWinUI3StyleImpl.dll is up to date.
Qt6QuickControls2Fusion.dll is up to date.
Qt6QuickControls2FusionStyleImpl.dll is up to date.
Qt6QuickControls2Imagine.dll is up to date.
Qt6QuickControls2ImagineStyleImpl.dll is up to date.
Qt6QuickControls2Impl.dll is up to date.
Qt6QuickControls2Material.dll is up to date.
Qt6QuickControls2MaterialStyleImpl.dll is up to date.
Qt6QuickControls2Universal.dll is up to date.
Qt6QuickControls2UniversalStyleImpl.dll is up to date.
Qt6QuickControls2WindowsStyleImpl.dll is up to date.
Qt6QuickDialogs2.dll is up to date.
Qt6QuickDialogs2QuickImpl.dll is up to date.
Qt6QuickDialogs2Utils.dll is up to date.
Qt6QuickEffects.dll is up to date.
Qt6QuickLayouts.dll is up to date.
Qt6QuickShapes.dll is up to date.
Qt6QuickTemplates2.dll is up to date.
Qt6Svg.dll is up to date.
D3Dcompiler_47.dll is up to date.
dxcompiler.dll is up to date.
avcodec-61.dll is up to date.
avformat-61.dll is up to date.
avutil-59.dll is up to date.
swresample-5.dll is up to date.
swscale-8.dll is up to date.
libgcc_s_seh-1.dll is up to date.
libstdc++-6.dll is up to date.
libwinpthread-1.dll is up to date.
qtuiotouchplugin.dll is up to date.
qsvgicon.dll is up to date.
qgif.dll is up to date.
qicns.dll is up to date.
qico.dll is up to date.
qjpeg.dll is up to date.
qsvg.dll is up to date.
qtga.dll is up to date.
qtiff.dll is up to date.
qwbmp.dll is up to date.
qwebp.dll is up to date.
ffmpegmediaplugin.dll is up to date.
windowsmediaplugin.dll is up to date.
qnetworklistmanager.dll is up to date.
qwindows.dll is up to date.
qmldbg_debugger.dll is up to date.
qmldbg_inspector.dll is up to date.
qmldbg_local.dll is up to date.
qmldbg_messages.dll is up to date.
qmldbg_native.dll is up to date.
qmldbg_nativedebugger.dll is up to date.
qmldbg_preview.dll is up to date.
qmldbg_profiler.dll is up to date.
qmldbg_quick3dprofiler.dll is up to date.
qmldbg_quickprofiler.dll is up to date.
qmldbg_server.dll is up to date.
qmldbg_tcp.dll is up to date.
qcertonlybackend.dll is up to date.
qschannelbackend.dll is up to date.
qtquick2plugin.dll is up to date.
plugins.qmltypes is up to date.
qmldir is up to date.
Skipping D:\Qt\6.9.3\mingw_64\qml\QtQuick\Controls\designer.
qmlplugin.dll is up to date.
plugins.qmltypes is up to date.
qmldir is up to date.
plugins.qmltypes is up to date.
qmldir is up to date.
modelsplugin.dll is up to date.
plugins.qmltypes is up to date.
qmldir is up to date.
workerscriptplugin.dll is up to date.
plugins.qmltypes is up to date.
qmldir is up to date.
qtquickcontrols2plugin.dll is up to date.
plugins.qmltypes is up to date.
qmldir is up to date.
Skipping D:\Qt\6.9.3\mingw_64\qml\QtQuick\Controls\designer.
qtquickcontrols2fusionstyleplugin.dll is up to date.
ApplicationWindow.qml is up to date.
BusyIndicator.qml is up to date.
Button.qml is up to date.
CheckBox.qml is up to date.
CheckDelegate.qml is up to date.
ComboBox.qml is up to date.
DelayButton.qml is up to date.
Dial.qml is up to date.
Dialog.qml is up to date.
DialogButtonBox.qml is up to date.
Drawer.qml is up to date.
Frame.qml is up to date.
GroupBox.qml is up to date.
HorizontalHeaderView.qml is up to date.
ItemDelegate.qml is up to date.
Label.qml is up to date.
Menu.qml is up to date.
MenuBar.qml is up to date.
MenuBarItem.qml is up to date.
MenuItem.qml is up to date.
MenuSeparator.qml is up to date.
Page.qml is up to date.
PageIndicator.qml is up to date.
Pane.qml is up to date.
plugins.qmltypes is up to date.
Popup.qml is up to date.
ProgressBar.qml is up to date.
qmldir is up to date.
RadioButton.qml is up to date.
RadioDelegate.qml is up to date.
RangeSlider.qml is up to date.
RoundButton.qml is up to date.
ScrollBar.qml is up to date.
ScrollIndicator.qml is up to date.
ScrollView.qml is up to date.
SelectionRectangle.qml is up to date.
Slider.qml is up to date.
SpinBox.qml is up to date.
SplitView.qml is up to date.
SwipeDelegate.qml is up to date.
Switch.qml is up to date.
SwitchDelegate.qml is up to date.
TabBar.qml is up to date.
TabButton.qml is up to date.
TextArea.qml is up to date.
TextField.qml is up to date.
ToolBar.qml is up to date.
ToolButton.qml is up to date.
ToolSeparator.qml is up to date.
ToolTip.qml is up to date.
TreeViewDelegate.qml is up to date.
Tumbler.qml is up to date.
VerticalHeaderView.qml is up to date.
qtquickcontrols2materialstyleplugin.dll is up to date.
ApplicationWindow.qml is up to date.
BusyIndicator.qml is up to date.
Button.qml is up to date.
CheckBox.qml is up to date.
CheckDelegate.qml is up to date.
ComboBox.qml is up to date.
DelayButton.qml is up to date.
Dial.qml is up to date.
Dialog.qml is up to date.
DialogButtonBox.qml is up to date.
Drawer.qml is up to date.
Frame.qml is up to date.
GroupBox.qml is up to date.
HorizontalHeaderView.qml is up to date.
ItemDelegate.qml is up to date.
Label.qml is up to date.
Menu.qml is up to date.
MenuBar.qml is up to date.
MenuBarItem.qml is up to date.
MenuItem.qml is up to date.
MenuSeparator.qml is up to date.
Page.qml is up to date.
PageIndicator.qml is up to date.
Pane.qml is up to date.
plugins.qmltypes is up to date.
Popup.qml is up to date.
ProgressBar.qml is up to date.
qmldir is up to date.
RadioButton.qml is up to date.
RadioDelegate.qml is up to date.
RangeSlider.qml is up to date.
RoundButton.qml is up to date.
ScrollBar.qml is up to date.
ScrollIndicator.qml is up to date.
ScrollView.qml is up to date.
SelectionRectangle.qml is up to date.
Slider.qml is up to date.
SpinBox.qml is up to date.
SplitView.qml is up to date.
StackView.qml is up to date.
SwipeDelegate.qml is up to date.
SwipeView.qml is up to date.
Switch.qml is up to date.
SwitchDelegate.qml is up to date.
TabBar.qml is up to date.
TabButton.qml is up to date.
TextArea.qml is up to date.
TextField.qml is up to date.
ToolBar.qml is up to date.
ToolButton.qml is up to date.
ToolSeparator.qml is up to date.
ToolTip.qml is up to date.
TreeViewDelegate.qml is up to date.
Tumbler.qml is up to date.
VerticalHeaderView.qml is up to date.
qtquickcontrols2imaginestyleplugin.dll is up to date.
ApplicationWindow.qml is up to date.
BusyIndicator.qml is up to date.
Button.qml is up to date.
CheckBox.qml is up to date.
CheckDelegate.qml is up to date.
ComboBox.qml is up to date.
DelayButton.qml is up to date.
Dial.qml is up to date.
Dialog.qml is up to date.
DialogButtonBox.qml is up to date.
Drawer.qml is up to date.
Frame.qml is up to date.
GroupBox.qml is up to date.
HorizontalHeaderView.qml is up to date.
ItemDelegate.qml is up to date.
Label.qml is up to date.
Menu.qml is up to date.
MenuItem.qml is up to date.
MenuSeparator.qml is up to date.
Page.qml is up to date.
PageIndicator.qml is up to date.
Pane.qml is up to date.
plugins.qmltypes is up to date.
Popup.qml is up to date.
ProgressBar.qml is up to date.
qmldir is up to date.
RadioButton.qml is up to date.
RadioDelegate.qml is up to date.
RangeSlider.qml is up to date.
RoundButton.qml is up to date.
ScrollBar.qml is up to date.
ScrollIndicator.qml is up to date.
ScrollView.qml is up to date.
SelectionRectangle.qml is up to date.
Slider.qml is up to date.
SpinBox.qml is up to date.
SplitView.qml is up to date.
StackView.qml is up to date.
SwipeDelegate.qml is up to date.
SwipeView.qml is up to date.
Switch.qml is up to date.
SwitchDelegate.qml is up to date.
TabBar.qml is up to date.
TabButton.qml is up to date.
TextArea.qml is up to date.
TextField.qml is up to date.
ToolBar.qml is up to date.
ToolButton.qml is up to date.
ToolSeparator.qml is up to date.
ToolTip.qml is up to date.
Tumbler.qml is up to date.
VerticalHeaderView.qml is up to date.
qtquickcontrols2universalstyleplugin.dll is up to date.
ApplicationWindow.qml is up to date.
BusyIndicator.qml is up to date.
Button.qml is up to date.
CheckBox.qml is up to date.
CheckDelegate.qml is up to date.
ComboBox.qml is up to date.
DelayButton.qml is up to date.
Dial.qml is up to date.
Dialog.qml is up to date.
DialogButtonBox.qml is up to date.
Drawer.qml is up to date.
Frame.qml is up to date.
GroupBox.qml is up to date.
HorizontalHeaderView.qml is up to date.
ItemDelegate.qml is up to date.
Label.qml is up to date.
Menu.qml is up to date.
MenuBar.qml is up to date.
MenuBarItem.qml is up to date.
MenuItem.qml is up to date.
MenuSeparator.qml is up to date.
Page.qml is up to date.
PageIndicator.qml is up to date.
Pane.qml is up to date.
plugins.qmltypes is up to date.
Popup.qml is up to date.
ProgressBar.qml is up to date.
qmldir is up to date.
RadioButton.qml is up to date.
RadioDelegate.qml is up to date.
RangeSlider.qml is up to date.
RoundButton.qml is up to date.
ScrollBar.qml is up to date.
ScrollIndicator.qml is up to date.
ScrollView.qml is up to date.
SelectionRectangle.qml is up to date.
Slider.qml is up to date.
SpinBox.qml is up to date.
SplitView.qml is up to date.
StackView.qml is up to date.
SwipeDelegate.qml is up to date.
Switch.qml is up to date.
SwitchDelegate.qml is up to date.
TabBar.qml is up to date.
TabButton.qml is up to date.
TextArea.qml is up to date.
TextField.qml is up to date.
ToolBar.qml is up to date.
ToolButton.qml is up to date.
ToolSeparator.qml is up to date.
ToolTip.qml is up to date.
Tumbler.qml is up to date.
VerticalHeaderView.qml is up to date.
qtquickcontrols2fluentwinui3styleplugin.dll is up to date.
ApplicationWindow.qml is up to date.
BusyIndicator.qml is up to date.
Button.qml is up to date.
CheckBox.qml is up to date.
CheckDelegate.qml is up to date.
ComboBox.qml is up to date.
Config.qml is up to date.
DelayButton.qml is up to date.
Dialog.qml is up to date.
DialogButtonBox.qml is up to date.
FocusFrame.qml is up to date.
Frame.qml is up to date.
GroupBox.qml is up to date.
ItemDelegate.qml is up to date.
Menu.qml is up to date.
MenuBar.qml is up to date.
MenuBarItem.qml is up to date.
MenuItem.qml is up to date.
MenuSeparator.qml is up to date.
PageIndicator.qml is up to date.
plugins.qmltypes is up to date.
Popup.qml is up to date.
ProgressBar.qml is up to date.
qmldir is up to date.
RadioButton.qml is up to date.
RadioDelegate.qml is up to date.
RangeSlider.qml is up to date.
RoundButton.qml is up to date.
Slider.qml is up to date.
SpinBox.qml is up to date.
StyleImage.qml is up to date.
SwipeDelegate.qml is up to date.
Switch.qml is up to date.
SwitchDelegate.qml is up to date.
TabBar.qml is up to date.
TabButton.qml is up to date.
TextArea.qml is up to date.
TextField.qml is up to date.
ToolBar.qml is up to date.
ToolButton.qml is up to date.
ToolSeparator.qml is up to date.
ToolTip.qml is up to date.
checkbox-indicator-checked-disabled.png is up to date.
checkbox-indicator-checked-disabled@2x.png is up to date.
checkbox-indicator-checked-disabled@3x.png is up to date.
checkbox-indicator-checked-hovered.png is up to date.
checkbox-indicator-checked-hovered@2x.png is up to date.
checkbox-indicator-checked-hovered@3x.png is up to date.
checkbox-indicator-checked-pressed.png is up to date.
checkbox-indicator-checked-pressed@2x.png is up to date.
checkbox-indicator-checked-pressed@3x.png is up to date.
checkbox-indicator-checked.png is up to date.
checkbox-indicator-checked@2x.png is up to date.
checkbox-indicator-checked@3x.png is up to date.
checkbox-indicator-disabled-partiallyChecked.png is up to date.
checkbox-indicator-disabled-partiallyChecked@2x.png is up to date.
checkbox-indicator-disabled-partiallyChecked@3x.png is up to date.
checkbox-indicator-disabled.png is up to date.
checkbox-indicator-disabled@2x.png is up to date.
checkbox-indicator-disabled@3x.png is up to date.
checkbox-indicator-hovered-partiallyChecked.png is up to date.
checkbox-indicator-hovered-partiallyChecked@2x.png is up to date.
checkbox-indicator-hovered-partiallyChecked@3x.png is up to date.
checkbox-indicator-hovered.png is up to date.
checkbox-indicator-hovered@2x.png is up to date.
checkbox-indicator-hovered@3x.png is up to date.
checkbox-indicator-partiallyChecked-pressed.png is up to date.
checkbox-indicator-partiallyChecked-pressed@2x.png is up to date.
checkbox-indicator-partiallyChecked-pressed@3x.png is up to date.
checkbox-indicator-partiallyChecked.png is up to date.
checkbox-indicator-partiallyChecked@2x.png is up to date.
checkbox-indicator-partiallyChecked@3x.png is up to date.
checkbox-indicator-pressed.png is up to date.
checkbox-indicator-pressed@2x.png is up to date.
checkbox-indicator-pressed@3x.png is up to date.
checkbox-indicator.png is up to date.
checkbox-indicator@2x.png is up to date.
checkbox-indicator@3x.png is up to date.
combobox-background-disabled.png is up to date.
combobox-background-disabled@2x.png is up to date.
combobox-background-disabled@3x.png is up to date.
combobox-background-focused.png is up to date.
combobox-background-focused@2x.png is up to date.
combobox-background-focused@3x.png is up to date.
combobox-background-hovered-open.png is up to date.
combobox-background-hovered-open@2x.png is up to date.
combobox-background-hovered-open@3x.png is up to date.
combobox-background-hovered.png is up to date.
combobox-background-hovered@2x.png is up to date.
combobox-background-hovered@3x.png is up to date.
combobox-background-open-pressed.png is up to date.
combobox-background-open-pressed@2x.png is up to date.
combobox-background-open-pressed@3x.png is up to date.
combobox-background-open.png is up to date.
combobox-background-open@2x.png is up to date.
combobox-background-open@3x.png is up to date.
combobox-background-pressed.png is up to date.
combobox-background-pressed@2x.png is up to date.
combobox-background-pressed@3x.png is up to date.
combobox-background.png is up to date.
combobox-background@2x.png is up to date.
combobox-background@3x.png is up to date.
combobox-indicator-disabled.png is up to date.
combobox-indicator-disabled@2x.png is up to date.
combobox-indicator-disabled@3x.png is up to date.
combobox-indicator-focused.png is up to date.
combobox-indicator-focused@2x.png is up to date.
combobox-indicator-focused@3x.png is up to date.
combobox-indicator-hovered-open.png is up to date.
combobox-indicator-hovered-open@2x.png is up to date.
combobox-indicator-hovered-open@3x.png is up to date.
combobox-indicator-hovered.png is up to date.
combobox-indicator-hovered@2x.png is up to date.
combobox-indicator-hovered@3x.png is up to date.
combobox-indicator-open-pressed.png is up to date.
combobox-indicator-open-pressed@2x.png is up to date.
combobox-indicator-open-pressed@3x.png is up to date.
combobox-indicator-open.png is up to date.
combobox-indicator-open@2x.png is up to date.
combobox-indicator-open@3x.png is up to date.
combobox-indicator-pressed.png is up to date.
combobox-indicator-pressed@2x.png is up to date.
combobox-indicator-pressed@3x.png is up to date.
combobox-indicator.png is up to date.
combobox-indicator@2x.png is up to date.
combobox-indicator@3x.png is up to date.
editablecombobox-background-hovered-open.png is up to date.
editablecombobox-background-hovered-open@2x.png is up to date.
editablecombobox-background-hovered-open@3x.png is up to date.
editablecombobox-background-open-pressed.png is up to date.
editablecombobox-background-open-pressed@2x.png is up to date.
editablecombobox-background-open-pressed@3x.png is up to date.
editablecombobox-background-open.png is up to date.
editablecombobox-background-open@2x.png is up to date.
editablecombobox-background-open@3x.png is up to date.
editablecombobox-indicator-hovered-open.png is up to date.
editablecombobox-indicator-hovered-open@2x.png is up to date.
editablecombobox-indicator-hovered-open@3x.png is up to date.
editablecombobox-indicator-open-pressed.png is up to date.
editablecombobox-indicator-open-pressed@2x.png is up to date.
editablecombobox-indicator-open-pressed@3x.png is up to date.
editablecombobox-indicator-open.png is up to date.
editablecombobox-indicator-open@2x.png is up to date.
editablecombobox-indicator-open@3x.png is up to date.
editablecombobox-popup-background-hovered-open.png is up to date.
editablecombobox-popup-background-hovered-open@2x.png is up to date.
editablecombobox-popup-background-hovered-open@3x.png is up to date.
editablecombobox-popup-background-open-pressed.png is up to date.
editablecombobox-popup-background-open-pressed@2x.png is up to date.
editablecombobox-popup-background-open-pressed@3x.png is up to date.
editablecombobox-popup-background-open.png is up to date.
editablecombobox-popup-background-open@2x.png is up to date.
editablecombobox-popup-background-open@3x.png is up to date.
frame-background-disabled.png is up to date.
frame-background-disabled@2x.png is up to date.
frame-background-disabled@3x.png is up to date.
frame-background.png is up to date.
frame-background@2x.png is up to date.
frame-background@3x.png is up to date.
itemdelegate-background-highlighted-hovered.png is up to date.
itemdelegate-background-highlighted-hovered@2x.png is up to date.
itemdelegate-background-highlighted-hovered@3x.png is up to date.
itemdelegate-background-highlighted-pressed.png is up to date.
itemdelegate-background-highlighted-pressed@2x.png is up to date.
itemdelegate-background-highlighted-pressed@3x.png is up to date.
itemdelegate-background-highlighted.png is up to date.
itemdelegate-background-highlighted@2x.png is up to date.
itemdelegate-background-highlighted@3x.png is up to date.
itemdelegate-background-hovered.png is up to date.
itemdelegate-background-hovered@2x.png is up to date.
itemdelegate-background-hovered@3x.png is up to date.
itemdelegate-background-pressed.png is up to date.
itemdelegate-background-pressed@2x.png is up to date.
itemdelegate-background-pressed@3x.png is up to date.
pageindicatordelegate-indicator-delegate-current-hovered.png is up to date.
pageindicatordelegate-indicator-delegate-current-hovered@2x.png is up to date.
pageindicatordelegate-indicator-delegate-current-hovered@3x.png is up to date.
pageindicatordelegate-indicator-delegate-current-pressed.png is up to date.
pageindicatordelegate-indicator-delegate-current-pressed@2x.png is up to date.
pageindicatordelegate-indicator-delegate-current-pressed@3x.png is up to date.
pageindicatordelegate-indicator-delegate-current.png is up to date.
pageindicatordelegate-indicator-delegate-current@2x.png is up to date.
pageindicatordelegate-indicator-delegate-current@3x.png is up to date.
pageindicatordelegate-indicator-delegate-pressed.png is up to date.
pageindicatordelegate-indicator-delegate-pressed@2x.png is up to date.
pageindicatordelegate-indicator-delegate-pressed@3x.png is up to date.
pageindicatordelegate-indicator-disabled.png is up to date.
pageindicatordelegate-indicator-disabled@2x.png is up to date.
pageindicatordelegate-indicator-disabled@3x.png is up to date.
pageindicatordelegate-indicator-hovered.png is up to date.
pageindicatordelegate-indicator-hovered@2x.png is up to date.
pageindicatordelegate-indicator-hovered@3x.png is up to date.
pageindicatordelegate-indicator.png is up to date.
pageindicatordelegate-indicator@2x.png is up to date.
pageindicatordelegate-indicator@3x.png is up to date.
popup-background.png is up to date.
popup-background@2x.png is up to date.
popup-background@3x.png is up to date.
progressbar-groove-disabled.png is up to date.
progressbar-groove-disabled@2x.png is up to date.
progressbar-groove-disabled@3x.png is up to date.
progressbar-groove.png is up to date.
progressbar-groove@2x.png is up to date.
progressbar-groove@3x.png is up to date.
radiobutton-indicator-checked-disabled.png is up to date.
radiobutton-indicator-checked-disabled@2x.png is up to date.
radiobutton-indicator-checked-disabled@3x.png is up to date.
radiobutton-indicator-checked-hovered.png is up to date.
radiobutton-indicator-checked-hovered@2x.png is up to date.
radiobutton-indicator-checked-hovered@3x.png is up to date.
radiobutton-indicator-checked-pressed.png is up to date.
radiobutton-indicator-checked-pressed@2x.png is up to date.
radiobutton-indicator-checked-pressed@3x.png is up to date.
radiobutton-indicator-checked.png is up to date.
radiobutton-indicator-checked@2x.png is up to date.
radiobutton-indicator-checked@3x.png is up to date.
radiobutton-indicator-disabled.png is up to date.
radiobutton-indicator-disabled@2x.png is up to date.
radiobutton-indicator-disabled@3x.png is up to date.
radiobutton-indicator-hovered.png is up to date.
radiobutton-indicator-hovered@2x.png is up to date.
radiobutton-indicator-hovered@3x.png is up to date.
radiobutton-indicator-pressed.png is up to date.
radiobutton-indicator-pressed@2x.png is up to date.
radiobutton-indicator-pressed@3x.png is up to date.
radiobutton-indicator.png is up to date.
radiobutton-indicator@2x.png is up to date.
radiobutton-indicator@3x.png is up to date.
rangeslider-first-handle-disabled.png is up to date.
rangeslider-first-handle-disabled@2x.png is up to date.
rangeslider-first-handle-disabled@3x.png is up to date.
rangeslider-first-handle-handle-pressed.png is up to date.
rangeslider-first-handle-handle-pressed@2x.png is up to date.
rangeslider-first-handle-handle-pressed@3x.png is up to date.
rangeslider-first-handle-hovered.png is up to date.
rangeslider-first-handle-hovered@2x.png is up to date.
rangeslider-first-handle-hovered@3x.png is up to date.
rangeslider-first-handle.png is up to date.
rangeslider-first-handle@2x.png is up to date.
rangeslider-first-handle@3x.png is up to date.
rangeslider-groove-disabled.png is up to date.
rangeslider-groove-disabled@2x.png is up to date.
rangeslider-groove-disabled@3x.png is up to date.
rangeslider-groove-handle-pressed.png is up to date.
rangeslider-groove-handle-pressed@2x.png is up to date.
rangeslider-groove-handle-pressed@3x.png is up to date.
rangeslider-groove-hovered.png is up to date.
rangeslider-groove-hovered@2x.png is up to date.
rangeslider-groove-hovered@3x.png is up to date.
rangeslider-groove.png is up to date.
rangeslider-groove@2x.png is up to date.
rangeslider-groove@3x.png is up to date.
rangeslider-second-handle-disabled.png is up to date.
rangeslider-second-handle-disabled@2x.png is up to date.
rangeslider-second-handle-disabled@3x.png is up to date.
rangeslider-second-handle-handle-pressed.png is up to date.
rangeslider-second-handle-handle-pressed@2x.png is up to date.
rangeslider-second-handle-handle-pressed@3x.png is up to date.
rangeslider-second-handle-hovered.png is up to date.
rangeslider-second-handle-hovered@2x.png is up to date.
rangeslider-second-handle-hovered@3x.png is up to date.
rangeslider-second-handle.png is up to date.
rangeslider-second-handle@2x.png is up to date.
rangeslider-second-handle@3x.png is up to date.
slider-groove-disabled.png is up to date.
slider-groove-disabled@2x.png is up to date.
slider-groove-disabled@3x.png is up to date.
slider-groove-hovered.png is up to date.
slider-groove-hovered@2x.png is up to date.
slider-groove-hovered@3x.png is up to date.
slider-groove-pressed.png is up to date.
slider-groove-pressed@2x.png is up to date.
slider-groove-pressed@3x.png is up to date.
slider-groove.png is up to date.
slider-groove@2x.png is up to date.
slider-groove@3x.png is up to date.
slider-handle-disabled.png is up to date.
slider-handle-disabled@2x.png is up to date.
slider-handle-disabled@3x.png is up to date.
slider-handle-hovered.png is up to date.
slider-handle-hovered@2x.png is up to date.
slider-handle-hovered@3x.png is up to date.
slider-handle-pressed.png is up to date.
slider-handle-pressed@2x.png is up to date.
slider-handle-pressed@3x.png is up to date.
slider-handle.png is up to date.
slider-handle@2x.png is up to date.
slider-handle@3x.png is up to date.
spinbox-background-atlimit.png is up to date.
spinbox-background-atlimit@2x.png is up to date.
spinbox-background-atlimit@3x.png is up to date.
spinbox-background-disabled.png is up to date.
spinbox-background-disabled@2x.png is up to date.
spinbox-background-disabled@3x.png is up to date.
spinbox-background-down-hovered.png is up to date.
spinbox-background-down-hovered@2x.png is up to date.
spinbox-background-down-hovered@3x.png is up to date.
spinbox-background-down-pressed.png is up to date.
spinbox-background-down-pressed@2x.png is up to date.
spinbox-background-down-pressed@3x.png is up to date.
spinbox-background-hovered.png is up to date.
spinbox-background-hovered@2x.png is up to date.
spinbox-background-hovered@3x.png is up to date.
spinbox-background-up-hovered.png is up to date.
spinbox-background-up-hovered@2x.png is up to date.
spinbox-background-up-hovered@3x.png is up to date.
spinbox-background-up-pressed.png is up to date.
spinbox-background-up-pressed@2x.png is up to date.
spinbox-background-up-pressed@3x.png is up to date.
spinbox-background.png is up to date.
spinbox-background@2x.png is up to date.
spinbox-background@3x.png is up to date.
spinbox-indicator-down-background-atlimit.png is up to date.
spinbox-indicator-down-background-atlimit@2x.png is up to date.
spinbox-indicator-down-background-atlimit@3x.png is up to date.
spinbox-indicator-down-background-disabled.png is up to date.
spinbox-indicator-down-background-disabled@2x.png is up to date.
spinbox-indicator-down-background-disabled@3x.png is up to date.
spinbox-indicator-down-background-down-hovered.png is up to date.
spinbox-indicator-down-background-down-hovered@2x.png is up to date.
spinbox-indicator-down-background-down-hovered@3x.png is up to date.
spinbox-indicator-down-background-down-pressed.png is up to date.
spinbox-indicator-down-background-down-pressed@2x.png is up to date.
spinbox-indicator-down-background-down-pressed@3x.png is up to date.
spinbox-indicator-down-background-hovered.png is up to date.
spinbox-indicator-down-background-hovered@2x.png is up to date.
spinbox-indicator-down-background-hovered@3x.png is up to date.
spinbox-indicator-down-background-up-hovered.png is up to date.
spinbox-indicator-down-background-up-hovered@2x.png is up to date.
spinbox-indicator-down-background-up-hovered@3x.png is up to date.
spinbox-indicator-down-background-up-pressed.png is up to date.
spinbox-indicator-down-background-up-pressed@2x.png is up to date.
spinbox-indicator-down-background-up-pressed@3x.png is up to date.
spinbox-indicator-down-background.png is up to date.
spinbox-indicator-down-background@2x.png is up to date.
spinbox-indicator-down-background@3x.png is up to date.
spinbox-indicator-down-icon-atlimit.png is up to date.
spinbox-indicator-down-icon-atlimit@2x.png is up to date.
spinbox-indicator-down-icon-atlimit@3x.png is up to date.
spinbox-indicator-down-icon-disabled.png is up to date.
spinbox-indicator-down-icon-disabled@2x.png is up to date.
spinbox-indicator-down-icon-disabled@3x.png is up to date.
spinbox-indicator-down-icon-down-hovered.png is up to date.
spinbox-indicator-down-icon-down-hovered@2x.png is up to date.
spinbox-indicator-down-icon-down-hovered@3x.png is up to date.
spinbox-indicator-down-icon-down-pressed.png is up to date.
spinbox-indicator-down-icon-down-pressed@2x.png is up to date.
spinbox-indicator-down-icon-down-pressed@3x.png is up to date.
spinbox-indicator-down-icon-hovered.png is up to date.
spinbox-indicator-down-icon-hovered@2x.png is up to date.
spinbox-indicator-down-icon-hovered@3x.png is up to date.
spinbox-indicator-down-icon-up-hovered.png is up to date.
spinbox-indicator-down-icon-up-hovered@2x.png is up to date.
spinbox-indicator-down-icon-up-hovered@3x.png is up to date.
spinbox-indicator-down-icon-up-pressed.png is up to date.
spinbox-indicator-down-icon-up-pressed@2x.png is up to date.
spinbox-indicator-down-icon-up-pressed@3x.png is up to date.
spinbox-indicator-down-icon.png is up to date.
spinbox-indicator-down-icon@2x.png is up to date.
spinbox-indicator-down-icon@3x.png is up to date.
spinbox-indicator-up-background-atlimit.png is up to date.
spinbox-indicator-up-background-atlimit@2x.png is up to date.
spinbox-indicator-up-background-atlimit@3x.png is up to date.
spinbox-indicator-up-background-disabled.png is up to date.
spinbox-indicator-up-background-disabled@2x.png is up to date.
spinbox-indicator-up-background-disabled@3x.png is up to date.
spinbox-indicator-up-background-down-hovered.png is up to date.
spinbox-indicator-up-background-down-hovered@2x.png is up to date.
spinbox-indicator-up-background-down-hovered@3x.png is up to date.
spinbox-indicator-up-background-down-pressed.png is up to date.
spinbox-indicator-up-background-down-pressed@2x.png is up to date.
spinbox-indicator-up-background-down-pressed@3x.png is up to date.
spinbox-indicator-up-background-hovered.png is up to date.
spinbox-indicator-up-background-hovered@2x.png is up to date.
spinbox-indicator-up-background-hovered@3x.png is up to date.
spinbox-indicator-up-background-up-hovered.png is up to date.
spinbox-indicator-up-background-up-hovered@2x.png is up to date.
spinbox-indicator-up-background-up-hovered@3x.png is up to date.
spinbox-indicator-up-background-up-pressed.png is up to date.
spinbox-indicator-up-background-up-pressed@2x.png is up to date.
spinbox-indicator-up-background-up-pressed@3x.png is up to date.
spinbox-indicator-up-background.png is up to date.
spinbox-indicator-up-background@2x.png is up to date.
spinbox-indicator-up-background@3x.png is up to date.
spinbox-indicator-up-icon-atlimit.png is up to date.
spinbox-indicator-up-icon-atlimit@2x.png is up to date.
spinbox-indicator-up-icon-atlimit@3x.png is up to date.
spinbox-indicator-up-icon-disabled.png is up to date.
spinbox-indicator-up-icon-disabled@2x.png is up to date.
spinbox-indicator-up-icon-disabled@3x.png is up to date.
spinbox-indicator-up-icon-down-hovered.png is up to date.
spinbox-indicator-up-icon-down-hovered@2x.png is up to date.
spinbox-indicator-up-icon-down-hovered@3x.png is up to date.
spinbox-indicator-up-icon-down-pressed.png is up to date.
spinbox-indicator-up-icon-down-pressed@2x.png is up to date.
spinbox-indicator-up-icon-down-pressed@3x.png is up to date.
spinbox-indicator-up-icon-hovered.png is up to date.
spinbox-indicator-up-icon-hovered@2x.png is up to date.
spinbox-indicator-up-icon-hovered@3x.png is up to date.
spinbox-indicator-up-icon-up-hovered.png is up to date.
spinbox-indicator-up-icon-up-hovered@2x.png is up to date.
spinbox-indicator-up-icon-up-hovered@3x.png is up to date.
spinbox-indicator-up-icon-up-pressed.png is up to date.
spinbox-indicator-up-icon-up-pressed@2x.png is up to date.
spinbox-indicator-up-icon-up-pressed@3x.png is up to date.
spinbox-indicator-up-icon.png is up to date.
spinbox-indicator-up-icon@2x.png is up to date.
spinbox-indicator-up-icon@3x.png is up to date.
textarea-background-disabled.png is up to date.
textarea-background-disabled@2x.png is up to date.
textarea-background-disabled@3x.png is up to date.
textarea-background-focused.png is up to date.
textarea-background-focused@2x.png is up to date.
textarea-background-focused@3x.png is up to date.
textarea-background-hovered.png is up to date.
textarea-background-hovered@2x.png is up to date.
textarea-background-hovered@3x.png is up to date.
textarea-background.png is up to date.
textarea-background@2x.png is up to date.
textarea-background@3x.png is up to date.
textfield-background-disabled.png is up to date.
textfield-background-disabled@2x.png is up to date.
textfield-background-disabled@3x.png is up to date.
textfield-background-focused.png is up to date.
textfield-background-focused@2x.png is up to date.
textfield-background-focused@3x.png is up to date.
textfield-background-hovered.png is up to date.
textfield-background-hovered@2x.png is up to date.
textfield-background-hovered@3x.png is up to date.
textfield-background.png is up to date.
textfield-background@2x.png is up to date.
textfield-background@3x.png is up to date.
checkmark.png is up to date.
checkmark@2x.png is up to date.
checkmark@3x.png is up to date.
menuarrow.png is up to date.
menuarrow@2x.png is up to date.
menuarrow@3x.png is up to date.
checkbox-indicator-checked-disabled.png is up to date.
checkbox-indicator-checked-disabled@2x.png is up to date.
checkbox-indicator-checked-disabled@3x.png is up to date.
checkbox-indicator-checked-hovered.png is up to date.
checkbox-indicator-checked-hovered@2x.png is up to date.
checkbox-indicator-checked-hovered@3x.png is up to date.
checkbox-indicator-checked-pressed.png is up to date.
checkbox-indicator-checked-pressed@2x.png is up to date.
checkbox-indicator-checked-pressed@3x.png is up to date.
checkbox-indicator-checked.png is up to date.
checkbox-indicator-checked@2x.png is up to date.
checkbox-indicator-checked@3x.png is up to date.
checkbox-indicator-disabled-partiallyChecked.png is up to date.
checkbox-indicator-disabled-partiallyChecked@2x.png is up to date.
checkbox-indicator-disabled-partiallyChecked@3x.png is up to date.
checkbox-indicator-disabled.png is up to date.
checkbox-indicator-disabled@2x.png is up to date.
checkbox-indicator-disabled@3x.png is up to date.
checkbox-indicator-hovered-partiallyChecked.png is up to date.
checkbox-indicator-hovered-partiallyChecked@2x.png is up to date.
checkbox-indicator-hovered-partiallyChecked@3x.png is up to date.
checkbox-indicator-hovered.png is up to date.
checkbox-indicator-hovered@2x.png is up to date.
checkbox-indicator-hovered@3x.png is up to date.
checkbox-indicator-partiallyChecked-pressed.png is up to date.
checkbox-indicator-partiallyChecked-pressed@2x.png is up to date.
checkbox-indicator-partiallyChecked-pressed@3x.png is up to date.
checkbox-indicator-partiallyChecked.png is up to date.
checkbox-indicator-partiallyChecked@2x.png is up to date.
checkbox-indicator-partiallyChecked@3x.png is up to date.
checkbox-indicator-pressed.png is up to date.
checkbox-indicator-pressed@2x.png is up to date.
checkbox-indicator-pressed@3x.png is up to date.
checkbox-indicator.png is up to date.
checkbox-indicator@2x.png is up to date.
checkbox-indicator@3x.png is up to date.
combobox-background-disabled.png is up to date.
combobox-background-disabled@2x.png is up to date.
combobox-background-disabled@3x.png is up to date.
combobox-background-focused.png is up to date.
combobox-background-focused@2x.png is up to date.
combobox-background-focused@3x.png is up to date.
combobox-background-hovered-open.png is up to date.
combobox-background-hovered-open@2x.png is up to date.
combobox-background-hovered-open@3x.png is up to date.
combobox-background-hovered.png is up to date.
combobox-background-hovered@2x.png is up to date.
combobox-background-hovered@3x.png is up to date.
combobox-background-open-pressed.png is up to date.
combobox-background-open-pressed@2x.png is up to date.
combobox-background-open-pressed@3x.png is up to date.
combobox-background-open.png is up to date.
combobox-background-open@2x.png is up to date.
combobox-background-open@3x.png is up to date.
combobox-background-pressed.png is up to date.
combobox-background-pressed@2x.png is up to date.
combobox-background-pressed@3x.png is up to date.
combobox-background.png is up to date.
combobox-background@2x.png is up to date.
combobox-background@3x.png is up to date.
combobox-indicator-disabled.png is up to date.
combobox-indicator-disabled@2x.png is up to date.
combobox-indicator-disabled@3x.png is up to date.
combobox-indicator-focused.png is up to date.
combobox-indicator-focused@2x.png is up to date.
combobox-indicator-focused@3x.png is up to date.
combobox-indicator-hovered-open.png is up to date.
combobox-indicator-hovered-open@2x.png is up to date.
combobox-indicator-hovered-open@3x.png is up to date.
combobox-indicator-hovered.png is up to date.
combobox-indicator-hovered@2x.png is up to date.
combobox-indicator-hovered@3x.png is up to date.
combobox-indicator-open-pressed.png is up to date.
combobox-indicator-open-pressed@2x.png is up to date.
combobox-indicator-open-pressed@3x.png is up to date.
combobox-indicator-open.png is up to date.
combobox-indicator-open@2x.png is up to date.
combobox-indicator-open@3x.png is up to date.
combobox-indicator-pressed.png is up to date.
combobox-indicator-pressed@2x.png is up to date.
combobox-indicator-pressed@3x.png is up to date.
combobox-indicator.png is up to date.
combobox-indicator@2x.png is up to date.
combobox-indicator@3x.png is up to date.
editablecombobox-background-hovered-open.png is up to date.
editablecombobox-background-hovered-open@2x.png is up to date.
editablecombobox-background-hovered-open@3x.png is up to date.
editablecombobox-background-open-pressed.png is up to date.
editablecombobox-background-open-pressed@2x.png is up to date.
editablecombobox-background-open-pressed@3x.png is up to date.
editablecombobox-background-open.png is up to date.
editablecombobox-background-open@2x.png is up to date.
editablecombobox-background-open@3x.png is up to date.
editablecombobox-indicator-hovered-open.png is up to date.
editablecombobox-indicator-hovered-open@2x.png is up to date.
editablecombobox-indicator-hovered-open@3x.png is up to date.
editablecombobox-indicator-open-pressed.png is up to date.
editablecombobox-indicator-open-pressed@2x.png is up to date.
editablecombobox-indicator-open-pressed@3x.png is up to date.
editablecombobox-indicator-open.png is up to date.
editablecombobox-indicator-open@2x.png is up to date.
editablecombobox-indicator-open@3x.png is up to date.
editablecombobox-popup-background-hovered-open.png is up to date.
editablecombobox-popup-background-hovered-open@2x.png is up to date.
editablecombobox-popup-background-hovered-open@3x.png is up to date.
editablecombobox-popup-background-open-pressed.png is up to date.
editablecombobox-popup-background-open-pressed@2x.png is up to date.
editablecombobox-popup-background-open-pressed@3x.png is up to date.
editablecombobox-popup-background-open.png is up to date.
editablecombobox-popup-background-open@2x.png is up to date.
editablecombobox-popup-background-open@3x.png is up to date.
frame-background-disabled.png is up to date.
frame-background-disabled@2x.png is up to date.
frame-background-disabled@3x.png is up to date.
frame-background.png is up to date.
frame-background@2x.png is up to date.
frame-background@3x.png is up to date.
itemdelegate-background-highlighted-hovered.png is up to date.
itemdelegate-background-highlighted-hovered@2x.png is up to date.
itemdelegate-background-highlighted-hovered@3x.png is up to date.
itemdelegate-background-highlighted-pressed.png is up to date.
itemdelegate-background-highlighted-pressed@2x.png is up to date.
itemdelegate-background-highlighted-pressed@3x.png is up to date.
itemdelegate-background-highlighted.png is up to date.
itemdelegate-background-highlighted@2x.png is up to date.
itemdelegate-background-highlighted@3x.png is up to date.
itemdelegate-background-hovered.png is up to date.
itemdelegate-background-hovered@2x.png is up to date.
itemdelegate-background-hovered@3x.png is up to date.
itemdelegate-background-pressed.png is up to date.
itemdelegate-background-pressed@2x.png is up to date.
itemdelegate-background-pressed@3x.png is up to date.
pageindicatordelegate-indicator-delegate-current-hovered.png is up to date.
pageindicatordelegate-indicator-delegate-current-hovered@2x.png is up to date.
pageindicatordelegate-indicator-delegate-current-hovered@3x.png is up to date.
pageindicatordelegate-indicator-delegate-current-pressed.png is up to date.
pageindicatordelegate-indicator-delegate-current-pressed@2x.png is up to date.
pageindicatordelegate-indicator-delegate-current-pressed@3x.png is up to date.
pageindicatordelegate-indicator-delegate-current.png is up to date.
pageindicatordelegate-indicator-delegate-current@2x.png is up to date.
pageindicatordelegate-indicator-delegate-current@3x.png is up to date.
pageindicatordelegate-indicator-delegate-pressed.png is up to date.
pageindicatordelegate-indicator-delegate-pressed@2x.png is up to date.
pageindicatordelegate-indicator-delegate-pressed@3x.png is up to date.
pageindicatordelegate-indicator-disabled.png is up to date.
pageindicatordelegate-indicator-disabled@2x.png is up to date.
pageindicatordelegate-indicator-disabled@3x.png is up to date.
pageindicatordelegate-indicator-hovered.png is up to date.
pageindicatordelegate-indicator-hovered@2x.png is up to date.
pageindicatordelegate-indicator-hovered@3x.png is up to date.
pageindicatordelegate-indicator.png is up to date.
pageindicatordelegate-indicator@2x.png is up to date.
pageindicatordelegate-indicator@3x.png is up to date.
popup-background.png is up to date.
popup-background@2x.png is up to date.
popup-background@3x.png is up to date.
progressbar-groove-disabled.png is up to date.
progressbar-groove-disabled@2x.png is up to date.
progressbar-groove-disabled@3x.png is up to date.
progressbar-groove.png is up to date.
progressbar-groove@2x.png is up to date.
progressbar-groove@3x.png is up to date.
radiobutton-indicator-checked-disabled.png is up to date.
radiobutton-indicator-checked-disabled@2x.png is up to date.
radiobutton-indicator-checked-disabled@3x.png is up to date.
radiobutton-indicator-checked-hovered.png is up to date.
radiobutton-indicator-checked-hovered@2x.png is up to date.
radiobutton-indicator-checked-hovered@3x.png is up to date.
radiobutton-indicator-checked-pressed.png is up to date.
radiobutton-indicator-checked-pressed@2x.png is up to date.
radiobutton-indicator-checked-pressed@3x.png is up to date.
radiobutton-indicator-checked.png is up to date.
radiobutton-indicator-checked@2x.png is up to date.
radiobutton-indicator-checked@3x.png is up to date.
radiobutton-indicator-disabled.png is up to date.
radiobutton-indicator-disabled@2x.png is up to date.
radiobutton-indicator-disabled@3x.png is up to date.
radiobutton-indicator-hovered.png is up to date.
radiobutton-indicator-hovered@2x.png is up to date.
radiobutton-indicator-hovered@3x.png is up to date.
radiobutton-indicator-pressed.png is up to date.
radiobutton-indicator-pressed@2x.png is up to date.
radiobutton-indicator-pressed@3x.png is up to date.
radiobutton-indicator.png is up to date.
radiobutton-indicator@2x.png is up to date.
radiobutton-indicator@3x.png is up to date.
rangeslider-first-handle-disabled.png is up to date.
rangeslider-first-handle-disabled@2x.png is up to date.
rangeslider-first-handle-disabled@3x.png is up to date.
rangeslider-first-handle-handle-pressed.png is up to date.
rangeslider-first-handle-handle-pressed@2x.png is up to date.
rangeslider-first-handle-handle-pressed@3x.png is up to date.
rangeslider-first-handle-hovered.png is up to date.
rangeslider-first-handle-hovered@2x.png is up to date.
rangeslider-first-handle-hovered@3x.png is up to date.
rangeslider-first-handle.png is up to date.
rangeslider-first-handle@2x.png is up to date.
rangeslider-first-handle@3x.png is up to date.
rangeslider-groove-disabled.png is up to date.
rangeslider-groove-disabled@2x.png is up to date.
rangeslider-groove-disabled@3x.png is up to date.
rangeslider-groove-handle-pressed.png is up to date.
rangeslider-groove-handle-pressed@2x.png is up to date.
rangeslider-groove-handle-pressed@3x.png is up to date.
rangeslider-groove-hovered.png is up to date.
rangeslider-groove-hovered@2x.png is up to date.
rangeslider-groove-hovered@3x.png is up to date.
rangeslider-groove.png is up to date.
rangeslider-groove@2x.png is up to date.
rangeslider-groove@3x.png is up to date.
rangeslider-second-handle-disabled.png is up to date.
rangeslider-second-handle-disabled@2x.png is up to date.
rangeslider-second-handle-disabled@3x.png is up to date.
rangeslider-second-handle-handle-pressed.png is up to date.
rangeslider-second-handle-handle-pressed@2x.png is up to date.
rangeslider-second-handle-handle-pressed@3x.png is up to date.
rangeslider-second-handle-hovered.png is up to date.
rangeslider-second-handle-hovered@2x.png is up to date.
rangeslider-second-handle-hovered@3x.png is up to date.
rangeslider-second-handle.png is up to date.
rangeslider-second-handle@2x.png is up to date.
rangeslider-second-handle@3x.png is up to date.
slider-groove-disabled.png is up to date.
slider-groove-disabled@2x.png is up to date.
slider-groove-disabled@3x.png is up to date.
slider-groove-hovered.png is up to date.
slider-groove-hovered@2x.png is up to date.
slider-groove-hovered@3x.png is up to date.
slider-groove-pressed.png is up to date.
slider-groove-pressed@2x.png is up to date.
slider-groove-pressed@3x.png is up to date.
slider-groove.png is up to date.
slider-groove@2x.png is up to date.
slider-groove@3x.png is up to date.
slider-handle-disabled.png is up to date.
slider-handle-disabled@2x.png is up to date.
slider-handle-disabled@3x.png is up to date.
slider-handle-hovered.png is up to date.
slider-handle-hovered@2x.png is up to date.
slider-handle-hovered@3x.png is up to date.
slider-handle-pressed.png is up to date.
slider-handle-pressed@2x.png is up to date.
slider-handle-pressed@3x.png is up to date.
slider-handle.png is up to date.
slider-handle@2x.png is up to date.
slider-handle@3x.png is up to date.
spinbox-background-atlimit.png is up to date.
spinbox-background-atlimit@2x.png is up to date.
spinbox-background-atlimit@3x.png is up to date.
spinbox-background-disabled.png is up to date.
spinbox-background-disabled@2x.png is up to date.
spinbox-background-disabled@3x.png is up to date.
spinbox-background-down-hovered.png is up to date.
spinbox-background-down-hovered@2x.png is up to date.
spinbox-background-down-hovered@3x.png is up to date.
spinbox-background-down-pressed.png is up to date.
spinbox-background-down-pressed@2x.png is up to date.
spinbox-background-down-pressed@3x.png is up to date.
spinbox-background-hovered.png is up to date.
spinbox-background-hovered@2x.png is up to date.
spinbox-background-hovered@3x.png is up to date.
spinbox-background-up-hovered.png is up to date.
spinbox-background-up-hovered@2x.png is up to date.
spinbox-background-up-hovered@3x.png is up to date.
spinbox-background-up-pressed.png is up to date.
spinbox-background-up-pressed@2x.png is up to date.
spinbox-background-up-pressed@3x.png is up to date.
spinbox-background.png is up to date.
spinbox-background@2x.png is up to date.
spinbox-background@3x.png is up to date.
spinbox-indicator-down-background-atlimit.png is up to date.
spinbox-indicator-down-background-atlimit@2x.png is up to date.
spinbox-indicator-down-background-atlimit@3x.png is up to date.
spinbox-indicator-down-background-disabled.png is up to date.
spinbox-indicator-down-background-disabled@2x.png is up to date.
spinbox-indicator-down-background-disabled@3x.png is up to date.
spinbox-indicator-down-background-down-hovered.png is up to date.
spinbox-indicator-down-background-down-hovered@2x.png is up to date.
spinbox-indicator-down-background-down-hovered@3x.png is up to date.
spinbox-indicator-down-background-down-pressed.png is up to date.
spinbox-indicator-down-background-down-pressed@2x.png is up to date.
spinbox-indicator-down-background-down-pressed@3x.png is up to date.
spinbox-indicator-down-background-hovered.png is up to date.
spinbox-indicator-down-background-hovered@2x.png is up to date.
spinbox-indicator-down-background-hovered@3x.png is up to date.
spinbox-indicator-down-background-up-hovered.png is up to date.
spinbox-indicator-down-background-up-hovered@2x.png is up to date.
spinbox-indicator-down-background-up-hovered@3x.png is up to date.
spinbox-indicator-down-background-up-pressed.png is up to date.
spinbox-indicator-down-background-up-pressed@2x.png is up to date.
spinbox-indicator-down-background-up-pressed@3x.png is up to date.
spinbox-indicator-down-background.png is up to date.
spinbox-indicator-down-background@2x.png is up to date.
spinbox-indicator-down-background@3x.png is up to date.
spinbox-indicator-down-icon-atlimit.png is up to date.
spinbox-indicator-down-icon-atlimit@2x.png is up to date.
spinbox-indicator-down-icon-atlimit@3x.png is up to date.
spinbox-indicator-down-icon-disabled.png is up to date.
spinbox-indicator-down-icon-disabled@2x.png is up to date.
spinbox-indicator-down-icon-disabled@3x.png is up to date.
spinbox-indicator-down-icon-down-hovered.png is up to date.
spinbox-indicator-down-icon-down-hovered@2x.png is up to date.
spinbox-indicator-down-icon-down-hovered@3x.png is up to date.
spinbox-indicator-down-icon-down-pressed.png is up to date.
spinbox-indicator-down-icon-down-pressed@2x.png is up to date.
spinbox-indicator-down-icon-down-pressed@3x.png is up to date.
spinbox-indicator-down-icon-hovered.png is up to date.
spinbox-indicator-down-icon-hovered@2x.png is up to date.
spinbox-indicator-down-icon-hovered@3x.png is up to date.
spinbox-indicator-down-icon-up-hovered.png is up to date.
spinbox-indicator-down-icon-up-hovered@2x.png is up to date.
spinbox-indicator-down-icon-up-hovered@3x.png is up to date.
spinbox-indicator-down-icon-up-pressed.png is up to date.
spinbox-indicator-down-icon-up-pressed@2x.png is up to date.
spinbox-indicator-down-icon-up-pressed@3x.png is up to date.
spinbox-indicator-down-icon.png is up to date.
spinbox-indicator-down-icon@2x.png is up to date.
spinbox-indicator-down-icon@3x.png is up to date.
spinbox-indicator-up-background-atlimit.png is up to date.
spinbox-indicator-up-background-atlimit@2x.png is up to date.
spinbox-indicator-up-background-atlimit@3x.png is up to date.
spinbox-indicator-up-background-disabled.png is up to date.
spinbox-indicator-up-background-disabled@2x.png is up to date.
spinbox-indicator-up-background-disabled@3x.png is up to date.
spinbox-indicator-up-background-down-hovered.png is up to date.
spinbox-indicator-up-background-down-hovered@2x.png is up to date.
spinbox-indicator-up-background-down-hovered@3x.png is up to date.
spinbox-indicator-up-background-down-pressed.png is up to date.
spinbox-indicator-up-background-down-pressed@2x.png is up to date.
spinbox-indicator-up-background-down-pressed@3x.png is up to date.
spinbox-indicator-up-background-hovered.png is up to date.
spinbox-indicator-up-background-hovered@2x.png is up to date.
spinbox-indicator-up-background-hovered@3x.png is up to date.
spinbox-indicator-up-background-up-hovered.png is up to date.
spinbox-indicator-up-background-up-hovered@2x.png is up to date.
spinbox-indicator-up-background-up-hovered@3x.png is up to date.
spinbox-indicator-up-background-up-pressed.png is up to date.
spinbox-indicator-up-background-up-pressed@2x.png is up to date.
spinbox-indicator-up-background-up-pressed@3x.png is up to date.
spinbox-indicator-up-background.png is up to date.
spinbox-indicator-up-background@2x.png is up to date.
spinbox-indicator-up-background@3x.png is up to date.
spinbox-indicator-up-icon-atlimit.png is up to date.
spinbox-indicator-up-icon-atlimit@2x.png is up to date.
spinbox-indicator-up-icon-atlimit@3x.png is up to date.
spinbox-indicator-up-icon-disabled.png is up to date.
spinbox-indicator-up-icon-disabled@2x.png is up to date.
spinbox-indicator-up-icon-disabled@3x.png is up to date.
spinbox-indicator-up-icon-down-hovered.png is up to date.
spinbox-indicator-up-icon-down-hovered@2x.png is up to date.
spinbox-indicator-up-icon-down-hovered@3x.png is up to date.
spinbox-indicator-up-icon-down-pressed.png is up to date.
spinbox-indicator-up-icon-down-pressed@2x.png is up to date.
spinbox-indicator-up-icon-down-pressed@3x.png is up to date.
spinbox-indicator-up-icon-hovered.png is up to date.
spinbox-indicator-up-icon-hovered@2x.png is up to date.
spinbox-indicator-up-icon-hovered@3x.png is up to date.
spinbox-indicator-up-icon-up-hovered.png is up to date.
spinbox-indicator-up-icon-up-hovered@2x.png is up to date.
spinbox-indicator-up-icon-up-hovered@3x.png is up to date.
spinbox-indicator-up-icon-up-pressed.png is up to date.
spinbox-indicator-up-icon-up-pressed@2x.png is up to date.
spinbox-indicator-up-icon-up-pressed@3x.png is up to date.
spinbox-indicator-up-icon.png is up to date.
spinbox-indicator-up-icon@2x.png is up to date.
spinbox-indicator-up-icon@3x.png is up to date.
textarea-background-disabled.png is up to date.
textarea-background-disabled@2x.png is up to date.
textarea-background-disabled@3x.png is up to date.
textarea-background-focused.png is up to date.
textarea-background-focused@2x.png is up to date.
textarea-background-focused@3x.png is up to date.
textarea-background-hovered.png is up to date.
textarea-background-hovered@2x.png is up to date.
textarea-background-hovered@3x.png is up to date.
textarea-background.png is up to date.
textarea-background@2x.png is up to date.
textarea-background@3x.png is up to date.
textfield-background-disabled.png is up to date.
textfield-background-disabled@2x.png is up to date.
textfield-background-disabled@3x.png is up to date.
textfield-background-focused.png is up to date.
textfield-background-focused@2x.png is up to date.
textfield-background-focused@3x.png is up to date.
textfield-background-hovered.png is up to date.
textfield-background-hovered@2x.png is up to date.
textfield-background-hovered@3x.png is up to date.
textfield-background.png is up to date.
textfield-background@2x.png is up to date.
textfield-background@3x.png is up to date.
qtquickcontrols2windowsstyleplugin.dll is up to date.
ApplicationWindow.qml is up to date.
Button.qml is up to date.
CheckBox.qml is up to date.
CheckDelegate.qml is up to date.
ComboBox.qml is up to date.
DelayButton.qml is up to date.
Frame.qml is up to date.
GroupBox.qml is up to date.
ItemDelegate.qml is up to date.
Menu.qml is up to date.
MenuBar.qml is up to date.
MenuBarItem.qml is up to date.
MenuItem.qml is up to date.
MenuSeparator.qml is up to date.
plugins.qmltypes is up to date.
ProgressBar.qml is up to date.
qmldir is up to date.
RadioButton.qml is up to date.
RadioDelegate.qml is up to date.
RangeSlider.qml is up to date.
ScrollBar.qml is up to date.
ScrollIndicator.qml is up to date.
ScrollView.qml is up to date.
SelectionRectangle.qml is up to date.
Slider.qml is up to date.
SpinBox.qml is up to date.
Switch.qml is up to date.
SwitchDelegate.qml is up to date.
TextArea.qml is up to date.
TextField.qml is up to date.
checkmark.png is up to date.
checkmark@2x.png is up to date.
checkmark@3x.png is up to date.
menuarrow.png is up to date.
menuarrow@2x.png is up to date.
menuarrow@3x.png is up to date.
qtquickcontrols2basicstyleplugin.dll is up to date.
AbstractButton.qml is up to date.
Action.qml is up to date.
ActionGroup.qml is up to date.
ApplicationWindow.qml is up to date.
BusyIndicator.qml is up to date.
Button.qml is up to date.
ButtonGroup.qml is up to date.
Calendar.qml is up to date.
CalendarModel.qml is up to date.
CheckBox.qml is up to date.
CheckDelegate.qml is up to date.
ComboBox.qml is up to date.
Container.qml is up to date.
Control.qml is up to date.
DayOfWeekRow.qml is up to date.
DelayButton.qml is up to date.
Dial.qml is up to date.
Dialog.qml is up to date.
DialogButtonBox.qml is up to date.
Drawer.qml is up to date.
Frame.qml is up to date.
GroupBox.qml is up to date.
HorizontalHeaderView.qml is up to date.
ItemDelegate.qml is up to date.
Label.qml is up to date.
Menu.qml is up to date.
MenuBar.qml is up to date.
MenuBarItem.qml is up to date.
MenuItem.qml is up to date.
MenuSeparator.qml is up to date.
MonthGrid.qml is up to date.
Page.qml is up to date.
PageIndicator.qml is up to date.
Pane.qml is up to date.
plugins.qmltypes is up to date.
Popup.qml is up to date.
ProgressBar.qml is up to date.
qmldir is up to date.
RadioButton.qml is up to date.
RadioDelegate.qml is up to date.
RangeSlider.qml is up to date.
RoundButton.qml is up to date.
ScrollBar.qml is up to date.
ScrollIndicator.qml is up to date.
ScrollView.qml is up to date.
SelectionRectangle.qml is up to date.
Slider.qml is up to date.
SpinBox.qml is up to date.
SplitView.qml is up to date.
StackView.qml is up to date.
SwipeDelegate.qml is up to date.
SwipeView.qml is up to date.
Switch.qml is up to date.
SwitchDelegate.qml is up to date.
TabBar.qml is up to date.
TabButton.qml is up to date.
TableViewDelegate.qml is up to date.
TextArea.qml is up to date.
TextField.qml is up to date.
ToolBar.qml is up to date.
ToolButton.qml is up to date.
ToolSeparator.qml is up to date.
ToolTip.qml is up to date.
TreeViewDelegate.qml is up to date.
Tumbler.qml is up to date.
VerticalHeaderView.qml is up to date.
WeekNumberColumn.qml is up to date.
qtquicktemplates2plugin.dll is up to date.
plugins.qmltypes is up to date.
qmldir is up to date.
qtquickcontrols2implplugin.dll is up to date.
plugins.qmltypes is up to date.
qmldir is up to date.
qtquickcontrols2fusionstyleimplplugin.dll is up to date.
ButtonPanel.qml is up to date.
CheckIndicator.qml is up to date.
plugins.qmltypes is up to date.
qmldir is up to date.
RadioIndicator.qml is up to date.
SliderGroove.qml is up to date.
SliderHandle.qml is up to date.
SwitchIndicator.qml is up to date.
TextFieldBackground.qml is up to date.
quickwindowplugin.dll is up to date.
qmldir is up to date.
quickwindow.qmltypes is up to date.
qtquickcontrols2materialstyleimplplugin.dll is up to date.
BoxShadow.qml is up to date.
CheckIndicator.qml is up to date.
CursorDelegate.qml is up to date.
ElevationEffect.qml is up to date.
plugins.qmltypes is up to date.
qmldir is up to date.
RadioIndicator.qml is up to date.
RectangularGlow.qml is up to date.
RoundedElevationEffect.qml is up to date.
SliderHandle.qml is up to date.
SwitchIndicator.qml is up to date.
qtquickcontrols2imaginestyleimplplugin.dll is up to date.
OpacityMask.qml is up to date.
qmldir is up to date.
QuickControls2ImagineStyleImpl.qmltypes is up to date.
qtquickcontrols2universalstyleimplplugin.dll is up to date.
CheckIndicator.qml is up to date.
plugins.qmltypes is up to date.
qmldir is up to date.
RadioIndicator.qml is up to date.
SwitchIndicator.qml is up to date.
qtquickcontrols2fluentwinui3styleimplplugin.dll is up to date.
ButtonBackground.qml is up to date.
CheckIndicator.qml is up to date.
FocusFrame.qml is up to date.
plugins.qmltypes is up to date.
qmldir is up to date.
RadioIndicator.qml is up to date.
StyleImage.qml is up to date.
SwitchIndicator.qml is up to date.
effectsplugin.dll is up to date.
plugins.qmltypes is up to date.
qmldir is up to date.
qquicklayoutsplugin.dll is up to date.
plugins.qmltypes is up to date.
qmldir is up to date.
qmlshapesplugin.dll is up to date.
plugins.qmltypes is up to date.
qmldir is up to date.
qtquickcontrols2nativestyleplugin.dll is up to date.
plugins.qmltypes is up to date.
qmldir is up to date.
qtquickcontrols2windowsstyleimplplugin.dll is up to date.
CheckIndicator.qml is up to date.
qmldir is up to date.
QuickControls2WindowsStyleImpl.qmltypes is up to date.
SwitchIndicator.qml is up to date.
qtquickcontrols2basicstyleimplplugin.dll is up to date.
plugins.qmltypes is up to date.
qmldir is up to date.
labsmodelsplugin.dll is up to date.
plugins.qmltypes is up to date.
qmldir is up to date.
qtquickdialogsplugin.dll is up to date.
plugins.qmltypes is up to date.
qmldir is up to date.
qtquickdialogs2quickimplplugin.dll is up to date.
plugins.qmltypes is up to date.
qmldir is up to date.
ColorDialog.qml is up to date.
ColorInputs.qml is up to date.
FileDialog.qml is up to date.
FileDialogDelegate.qml is up to date.
FileDialogDelegateLabel.qml is up to date.
FolderBreadcrumbBar.qml is up to date.
FolderDialog.qml is up to date.
FolderDialogDelegate.qml is up to date.
FolderDialogDelegateLabel.qml is up to date.
FontDialog.qml is up to date.
FontDialogContent.qml is up to date.
HueGradient.qml is up to date.
MessageDialog.qml is up to date.
PickerHandle.qml is up to date.
SaturationLightnessPicker.qml is up to date.
SideBar.qml is up to date.
ColorDialog.qml is up to date.
ColorInputs.qml is up to date.
FileDialog.qml is up to date.
FileDialogDelegate.qml is up to date.
FolderBreadcrumbBar.qml is up to date.
FolderDialog.qml is up to date.
FolderDialogDelegate.qml is up to date.
FontDialog.qml is up to date.
MessageDialog.qml is up to date.
SideBar.qml is up to date.
ColorDialog.qml is up to date.
ColorInputs.qml is up to date.
FileDialog.qml is up to date.
FileDialogDelegate.qml is up to date.
FolderBreadcrumbBar.qml is up to date.
FolderDialog.qml is up to date.
FolderDialogDelegate.qml is up to date.
FontDialog.qml is up to date.
MessageDialog.qml is up to date.
SideBar.qml is up to date.
ColorDialog.qml is up to date.
ColorInputs.qml is up to date.
FileDialog.qml is up to date.
FileDialogDelegate.qml is up to date.
FolderBreadcrumbBar.qml is up to date.
FolderDialog.qml is up to date.
FolderDialogDelegate.qml is up to date.
FontDialog.qml is up to date.
MessageDialog.qml is up to date.
SideBar.qml is up to date.
ColorDialog.qml is up to date.
ColorInputs.qml is up to date.
FileDialog.qml is up to date.
FileDialogDelegate.qml is up to date.
FolderBreadcrumbBar.qml is up to date.
FolderDialog.qml is up to date.
FolderDialogDelegate.qml is up to date.
FontDialog.qml is up to date.
MessageDialog.qml is up to date.
SideBar.qml is up to date.
qmlfolderlistmodelplugin.dll is up to date.
plugins.qmltypes is up to date.
qmldir is up to date.
quickmultimediaplugin.dll is up to date.
plugins.qmltypes is up to date.
qmldir is up to date.
Video.qml is up to date.
Creating qt_ar.qm...
Creating qt_bg.qm...
Creating qt_ca.qm...
Creating qt_cs.qm...
Creating qt_da.qm...
Creating qt_de.qm...
Creating qt_en.qm...
Creating qt_es.qm...
Creating qt_fa.qm...
Creating qt_fi.qm...
Creating qt_fr.qm...
Creating qt_gd.qm...
Creating qt_he.qm...
Creating qt_hr.qm...
Creating qt_hu.qm...
Creating qt_it.qm...
Creating qt_ja.qm...
Creating qt_ka.qm...
Creating qt_ko.qm...
Creating qt_lg.qm...
Creating qt_lv.qm...
Creating qt_nl.qm...
Creating qt_nn.qm...
Creating qt_pl.qm...
Creating qt_pt_BR.qm...
Creating qt_ru.qm...
Creating qt_sk.qm...
Creating qt_sv.qm...
Creating qt_tr.qm...
Creating qt_uk.qm...
Creating qt_zh_CN.qm...
Creating qt_zh_TW.qm...
[4/4] Finalizing and Verifying Freshness...
  Binary is FRESH: appSamsungGallery.exe
  Binary is FRESH: appScrollBench.exe
==========================================
 BUILD SUCCESS
 Status:      Binary is FRESH
 Stable:      D:\Dev\antigravity\build\appSamsungGallery.exe
 ScrollBench: D:\Dev\antigravity\test_scrollbench\deploy\appScrollBench.exe
 Verifying Module Linkage...
=== SCROLLBENCH MODULE VERIFICATION ===
[1/4] ImageModel Instance: READY
[2/4] Headless Scan: SKIPPED (Use --scan <path>)
[3/4] DesktopHelper: READY
[4/4] TaskScheduler: READY (Active Pool)
=======================================
VERIFICATION SUCCESSFUL: Performance backend is healthy.
